====================================================================================================
CRYPTO RADAR - NEWS RADAR V1 -- COLETOR DE NOTÍCIAS
====================================================================================================
Banco:   /home/alex/projetos/crypto-radar/data/news_radar.db
Feeds:   8
Escopo:  somente coleta + sentimento léxico. Nenhuma ação de trading.
----------------------------------------------------------------------------------------------------
CoinDesk         itens_no_feed=25   novos_gravados=0
Cointelegraph    itens_no_feed=30   novos_gravados=0
Decrypt          itens_no_feed=37   novos_gravados=0
CryptoSlate      itens_no_feed=10   novos_gravados=0
BitcoinMagazine  itens_no_feed=10   novos_gravados=0
NewsBTC          itens_no_feed=10   novos_gravados=0
CryptoPotato     itens_no_feed=36   novos_gravados=0
TheBlock         itens_no_feed=19   novos_gravados=0
----------------------------------------------------------------------------------------------------
Total no ciclo: 177 itens vistos, 0 novos gravados.
====================================================================================================
[2026-08-29T05:00:13.308135+00:00] CICLO concluído: vistos=177 novos=0
====================================================================================================
CRYPTO RADAR - NEWS RADAR V1 -- COLETOR DE NOTÍCIAS
====================================================================================================
Banco:   /home/alex/projetos/crypto-radar/data/news_radar.db
Feeds:   8
Escopo:  somente coleta + sentimento léxico. Nenhuma ação de trading.
----------------------------------------------------------------------------------------------------
CoinDesk         itens_no_feed=25   novos_gravados=0
Cointelegraph    itens_no_feed=30   novos_gravados=0
Decrypt          itens_no_feed=37   novos_gravados=0
CryptoSlate      itens_no_feed=10   novos_gravados=0
BitcoinMagazine  itens_no_feed=10   novos_gravados=0
NewsBTC          itens_no_feed=10   novos_gravados=0
CryptoPotato     itens_no_feed=36   novos_gravados=0
TheBlock         itens_no_feed=19   novos_gravados=0
----------------------------------------------------------------------------------------------------
Total no ciclo: 177 itens vistos, 0 novos gravados.
====================================================================================================
[2026-08-29T05:30:13.206012+00:00] CICLO concluído: vistos=177 novos=0
====================================================================================================
CRYPTO RADAR - NEWS RADAR V1 -- COLETOR DE NOTÍCIAS
====================================================================================================
Banco:   /home/alex/projetos/crypto-radar/data/news_radar.db
Feeds:   8
Escopo:  somente coleta + sentimento léxico. Nenhuma ação de trading.
----------------------------------------------------------------------------------------------------
CoinDesk         itens_no_feed=25   novos_gravados=0
Cointelegraph    itens_no_feed=30   novos_gravados=0
Decrypt          itens_no_feed=37   novos_gravados=0
CryptoSlate      itens_no_feed=10   novos_gravados=0
BitcoinMagazine  itens_no_feed=10   novos_gravados=0
NewsBTC          itens_no_feed=10   novos_gravados=0
CryptoPotato     itens_no_feed=36   novos_gravados=1
TheBlock         itens_no_feed=19   novos_gravados=0
----------------------------------------------------------------------------------------------------
Total no ciclo: 177 itens vistos, 1 novos gravados.
====================================================================================================
[2026-08-29T06:00:14.046794+00:00] CICLO concluído: vistos=177 novos=1
====================================================================================================
CRYPTO RADAR - NEWS RADAR V1 -- COLETOR DE NOTÍCIAS
====================================================================================================
Banco:   /home/alex/projetos/crypto-radar/data/news_radar.db
Feeds:   8
Escopo:  somente coleta + sentimento léxico. Nenhuma ação de trading.
----------------------------------------------------------------------------------------------------
CoinDesk         itens_no_feed=25   novos_gravados=0
Cointelegraph    itens_no_feed=30   novos_gravados=0
Decrypt          itens_no_feed=37   novos_gravados=0
CryptoSlate      itens_no_feed=10   novos_gravados=0
BitcoinMagazine  itens_no_feed=10   novos_gravados=0
NewsBTC          itens_no_feed=10   novos_gravados=0
CryptoPotato     itens_no_feed=36   novos_gravados=1
TheBlock         itens_no_feed=19   novos_gravados=0
----------------------------------------------------------------------------------------------------
Total no ciclo: 177 itens vistos, 1 novos gravados.
====================================================================================================
[2026-08-29T06:30:14.671592+00:00] CICLO concluído: vistos=177 novos=1
====================================================================================================
CRYPTO RADAR - NEWS RADAR V1 -- COLETOR DE NOTÍCIAS
====================================================================================================
Banco:   /home/alex/projetos/crypto-radar/data/news_radar.db
Feeds:   8
Escopo:  somente coleta + sentimento léxico. Nenhuma ação de trading.
----------------------------------------------------------------------------------------------------
CoinDesk         itens_no_feed=25   novos_gravados=0
Cointelegraph    itens_no_feed=30   novos_gravados=1
Decrypt          itens_no_feed=37   novos_gravados=0
CryptoSlate      itens_no_feed=10   novos_gravados=0
BitcoinMagazine  itens_no_feed=10   novos_gravados=0
NewsBTC          itens_no_feed=10   novos_gravados=0
CryptoPotato     itens_no_feed=36   novos_gravados=1
TheBlock         itens_no_feed=19   novos_gravados=0
----------------------------------------------------------------------------------------------------
Total no ciclo: 177 itens vistos, 2 novos gravados.
====================================================================================================
[2026-08-29T07:00:14.085424+00:00] CICLO concluído: vistos=177 novos=2
====================================================================================================
CRYPTO RADAR - NEWS RADAR V1 -- COLETOR DE NOTÍCIAS
====================================================================================================
Banco:   /home/alex/projetos/crypto-radar/data/news_radar.db
Feeds:   8
Escopo:  somente coleta + sentimento léxico. Nenhuma ação de trading.
----------------------------------------------------------------------------------------------------
CoinDesk         itens_no_feed=25   novos_gravados=0
Cointelegraph    itens_no_feed=30   novos_gravados=0
Decrypt          itens_no_feed=37   novos_gravados=0
CryptoSlate      itens_no_feed=10   novos_gravados=1
BitcoinMagazine  itens_no_feed=10   novos_gravados=0
NewsBTC          itens_no_feed=10   novos_gravados=0
CryptoPotato     itens_no_feed=36   novos_gravados=0
TheBlock         itens_no_feed=19   novos_gravados=0
----------------------------------------------------------------------------------------------------
Total no ciclo: 177 itens vistos, 1 novos gravados.
====================================================================================================
[2026-08-29T07:30:14.496009+00:00] CICLO concluído: vistos=177 novos=1
====================================================================================================
CRYPTO RADAR - NEWS RADAR V1 -- COLETOR DE NOTÍCIAS
====================================================================================================
Banco:   /home/alex/projetos/crypto-radar/data/news_radar.db
Feeds:   8
Escopo:  somente coleta + sentimento léxico. Nenhuma ação de trading.
----------------------------------------------------------------------------------------------------
CoinDesk         itens_no_feed=25   novos_gravados=0
Cointelegraph    itens_no_feed=30   novos_gravados=0
Decrypt          itens_no_feed=37   novos_gravados=0
CryptoSlate      itens_no_feed=10   novos_gravados=0
BitcoinMagazine  itens_no_feed=10   novos_gravados=0
NewsBTC          itens_no_feed=10   novos_gravados=0
CryptoPotato     itens_no_feed=36   novos_gravados=0
TheBlock         itens_no_feed=19   novos_gravados=0
----------------------------------------------------------------------------------------------------
Total no ciclo: 177 itens vistos, 0 novos gravados.
====================================================================================================
[2026-08-29T08:00:14.305366+00:00] CICLO concluído: vistos=177 novos=0
====================================================================================================
CRYPTO RADAR - NEWS RADAR V1 -- COLETOR DE NOTÍCIAS
====================================================================================================
Banco:   /home/alex/projetos/crypto-radar/data/news_radar.db
Feeds:   8
Escopo:  somente coleta + sentimento léxico. Nenhuma ação de trading.
----------------------------------------------------------------------------------------------------
CoinDesk         itens_no_feed=25   novos_gravados=0
Cointelegraph    itens_no_feed=30   novos_gravados=1
Decrypt          itens_no_feed=37   novos_gravados=0
CryptoSlate      itens_no_feed=10   novos_gravados=0
BitcoinMagazine  itens_no_feed=10   novos_gravados=0
NewsBTC          itens_no_feed=10   novos_gravados=0
CryptoPotato     itens_no_feed=36   novos_gravados=0
TheBlock         itens_no_feed=19   novos_gravados=0
----------------------------------------------------------------------------------------------------
Total no ciclo: 177 itens vistos, 1 novos gravados.
====================================================================================================
[2026-08-29T08:30:13.225921+00:00] CICLO concluído: vistos=177 novos=1
====================================================================================================
CRYPTO RADAR - NEWS RADAR V1 -- COLETOR DE NOTÍCIAS
====================================================================================================
Banco:   /home/alex/projetos/crypto-radar/data/news_radar.db
Feeds:   8
Escopo:  somente coleta + sentimento léxico. Nenhuma ação de trading.
----------------------------------------------------------------------------------------------------
CoinDesk         itens_no_feed=25   novos_gravados=0
Cointelegraph    itens_no_feed=30   novos_gravados=0
Decrypt          itens_no_feed=37   novos_gravados=0
CryptoSlate      itens_no_feed=10   novos_gravados=0
BitcoinMagazine  itens_no_feed=10   novos_gravados=0
NewsBTC          itens_no_feed=10   novos_gravados=0
CryptoPotato     itens_no_feed=36   novos_gravados=1
TheBlock         itens_no_feed=19   novos_gravados=0
----------------------------------------------------------------------------------------------------
Total no ciclo: 177 itens vistos, 1 novos gravados.
====================================================================================================
[2026-08-29T09:00:13.268296+00:00] CICLO concluído: vistos=177 novos=1
====================================================================================================
CRYPTO RADAR - NEWS RADAR V1 -- COLETOR DE NOTÍCIAS
====================================================================================================
Banco:   /home/alex/projetos/crypto-radar/data/news_radar.db
Feeds:   8
Escopo:  somente coleta + sentimento léxico. Nenhuma ação de trading.
----------------------------------------------------------------------------------------------------
CoinDesk         itens_no_feed=25   novos_gravados=0
Cointelegraph    itens_no_feed=30   novos_gravados=0
Decrypt          itens_no_feed=57   novos_gravados=20
CryptoSlate      itens_no_feed=10   novos_gravados=1
BitcoinMagazine  itens_no_feed=10   novos_gravados=0
NewsBTC          itens_no_feed=10   novos_gravados=0
CryptoPotato     itens_no_feed=36   novos_gravados=0
TheBlock         itens_no_feed=19   novos_gravados=0
----------------------------------------------------------------------------------------------------
Total no ciclo: 197 itens vistos, 21 novos gravados.
====================================================================================================
[2026-08-29T09:30:18.820408+00:00] CICLO concluído: vistos=197 novos=21
====================================================================================================
CRYPTO RADAR - NEWS RADAR V1 -- COLETOR DE NOTÍCIAS
====================================================================================================
Banco:   /home/alex/projetos/crypto-radar/data/news_radar.db
Feeds:   8
Escopo:  somente coleta + sentimento léxico. Nenhuma ação de trading.
----------------------------------------------------------------------------------------------------
CoinDesk         itens_no_feed=25   novos_gravados=0
Cointelegraph    itens_no_feed=30   novos_gravados=0
Decrypt          itens_no_feed=37   novos_gravados=0
CryptoSlate      itens_no_feed=10   novos_gravados=0
BitcoinMagazine  itens_no_feed=10   novos_gravados=0
NewsBTC          itens_no_feed=10   novos_gravados=0
CryptoPotato     itens_no_feed=36   novos_gravados=0
TheBlock         itens_no_feed=19   novos_gravados=0
----------------------------------------------------------------------------------------------------
Total no ciclo: 177 itens vistos, 0 novos gravados.
====================================================================================================
[2026-08-29T10:00:14.084074+00:00] CICLO concluído: vistos=177 novos=0
====================================================================================================
CRYPTO RADAR - NEWS RADAR V1 -- COLETOR DE NOTÍCIAS
====================================================================================================
Banco:   /home/alex/projetos/crypto-radar/data/news_radar.db
Feeds:   8
Escopo:  somente coleta + sentimento léxico. Nenhuma ação de trading.
----------------------------------------------------------------------------------------------------
CoinDesk         itens_no_feed=25   novos_gravados=0
Cointelegraph    itens_no_feed=30   novos_gravados=0
Decrypt          itens_no_feed=57   novos_gravados=0
CryptoSlate      itens_no_feed=10   novos_gravados=0
BitcoinMagazine  itens_no_feed=10   novos_gravados=0
NewsBTC          itens_no_feed=10   novos_gravados=0
CryptoPotato     itens_no_feed=36   novos_gravados=0
TheBlock         itens_no_feed=19   novos_gravados=0
----------------------------------------------------------------------------------------------------
Total no ciclo: 197 itens vistos, 0 novos gravados.
====================================================================================================
[2026-08-29T10:30:14.271733+00:00] CICLO concluído: vistos=197 novos=0
====================================================================================================
CRYPTO RADAR - NEWS RADAR V1 -- COLETOR DE NOTÍCIAS
====================================================================================================
Banco:   /home/alex/projetos/crypto-radar/data/news_radar.db
Feeds:   8
Escopo:  somente coleta + sentimento léxico. Nenhuma ação de trading.
----------------------------------------------------------------------------------------------------
CoinDesk         itens_no_feed=25   novos_gravados=0
Cointelegraph    itens_no_feed=30   novos_gravados=0
Decrypt          itens_no_feed=37   novos_gravados=0
CryptoSlate      itens_no_feed=10   novos_gravados=0
BitcoinMagazine  itens_no_feed=10   novos_gravados=0
NewsBTC          itens_no_feed=10   novos_gravados=0
CryptoPotato     itens_no_feed=36   novos_gravados=0
TheBlock         itens_no_feed=19   novos_gravados=0
----------------------------------------------------------------------------------------------------
Total no ciclo: 177 itens vistos, 0 novos gravados.
====================================================================================================
[2026-08-29T11:00:19.106070+00:00] CICLO concluído: vistos=177 novos=0
====================================================================================================
CRYPTO RADAR - NEWS RADAR V1 -- COLETOR DE NOTÍCIAS
====================================================================================================
Banco:   /home/alex/projetos/crypto-radar/data/news_radar.db
Feeds:   8
Escopo:  somente coleta + sentimento léxico. Nenhuma ação de trading.
----------------------------------------------------------------------------------------------------
CoinDesk         itens_no_feed=25   novos_gravados=0
Cointelegraph    itens_no_feed=30   novos_gravados=1
Decrypt          itens_no_feed=37   novos_gravados=0
CryptoSlate      itens_no_feed=10   novos_gravados=0
BitcoinMagazine  itens_no_feed=10   novos_gravados=0
NewsBTC          itens_no_feed=10   novos_gravados=0
CryptoPotato     itens_no_feed=36   novos_gravados=1
TheBlock         itens_no_feed=19   novos_gravados=0
----------------------------------------------------------------------------------------------------
Total no ciclo: 177 itens vistos, 2 novos gravados.
====================================================================================================
[2026-08-29T11:30:14.216952+00:00] CICLO concluído: vistos=177 novos=2
====================================================================================================
CRYPTO RADAR - NEWS RADAR V1 -- COLETOR DE NOTÍCIAS
====================================================================================================
Banco:   /home/alex/projetos/crypto-radar/data/news_radar.db
Feeds:   8
Escopo:  somente coleta + sentimento léxico. Nenhuma ação de trading.
----------------------------------------------------------------------------------------------------
CoinDesk         itens_no_feed=25   novos_gravados=0
Cointelegraph    itens_no_feed=30   novos_gravados=0
Decrypt          itens_no_feed=37   novos_gravados=0
CryptoSlate      itens_no_feed=10   novos_gravados=0
BitcoinMagazine  itens_no_feed=10   novos_gravados=0
NewsBTC          itens_no_feed=10   novos_gravados=0
CryptoPotato     itens_no_feed=36   novos_gravados=0
TheBlock         itens_no_feed=19   novos_gravados=0
----------------------------------------------------------------------------------------------------
Total no ciclo: 177 itens vistos, 0 novos gravados.
====================================================================================================
[2026-08-29T12:00:14.117699+00:00] CICLO concluído: vistos=177 novos=0
====================================================================================================
CRYPTO RADAR - NEWS RADAR V1 -- COLETOR DE NOTÍCIAS
====================================================================================================
Banco:   /home/alex/projetos/crypto-radar/data/news_radar.db
Feeds:   8
Escopo:  somente coleta + sentimento léxico. Nenhuma ação de trading.
----------------------------------------------------------------------------------------------------
CoinDesk         itens_no_feed=25   novos_gravados=0
Cointelegraph    itens_no_feed=30   novos_gravados=0
Decrypt          itens_no_feed=37   novos_gravados=0
CryptoSlate      itens_no_feed=10   novos_gravados=0
BitcoinMagazine  itens_no_feed=10   novos_gravados=0
NewsBTC          itens_no_feed=10   novos_gravados=0
CryptoPotato     itens_no_feed=36   novos_gravados=0
TheBlock         itens_no_feed=19   novos_gravados=0
----------------------------------------------------------------------------------------------------
Total no ciclo: 177 itens vistos, 0 novos gravados.
====================================================================================================
[2026-08-29T12:30:13.243918+00:00] CICLO concluído: vistos=177 novos=0
====================================================================================================
CRYPTO RADAR - NEWS RADAR V1 -- COLETOR DE NOTÍCIAS
====================================================================================================
Banco:   /home/alex/projetos/crypto-radar/data/news_radar.db
Feeds:   8
Escopo:  somente coleta + sentimento léxico. Nenhuma ação de trading.
----------------------------------------------------------------------------------------------------
CoinDesk         itens_no_feed=25   novos_gravados=0
Cointelegraph    itens_no_feed=30   novos_gravados=0
Decrypt          itens_no_feed=37   novos_gravados=0
CryptoSlate      itens_no_feed=10   novos_gravados=1
BitcoinMagazine  itens_no_feed=10   novos_gravados=0
NewsBTC          itens_no_feed=10   novos_gravados=0
CryptoPotato     itens_no_feed=36   novos_gravados=0
TheBlock         itens_no_feed=19   novos_gravados=0
----------------------------------------------------------------------------------------------------
Total no ciclo: 177 itens vistos, 1 novos gravados.
====================================================================================================
[2026-08-29T13:00:13.736370+00:00] CICLO concluído: vistos=177 novos=1
====================================================================================================
CRYPTO RADAR - NEWS RADAR V1 -- COLETOR DE NOTÍCIAS
====================================================================================================
Banco:   /home/alex/projetos/crypto-radar/data/news_radar.db
Feeds:   8
Escopo:  somente coleta + sentimento léxico. Nenhuma ação de trading.
----------------------------------------------------------------------------------------------------
CoinDesk         itens_no_feed=25   novos_gravados=1
Cointelegraph    itens_no_feed=30   novos_gravados=0
Decrypt          itens_no_feed=37   novos_gravados=0
CryptoSlate      itens_no_feed=10   novos_gravados=0
BitcoinMagazine  itens_no_feed=10   novos_gravados=0
NewsBTC          itens_no_feed=10   novos_gravados=0
CryptoPotato     itens_no_feed=36   novos_gravados=1
TheBlock         itens_no_feed=19   novos_gravados=0
----------------------------------------------------------------------------------------------------
Total no ciclo: 177 itens vistos, 2 novos gravados.
====================================================================================================
[2026-08-29T13:30:19.845952+00:00] CICLO concluído: vistos=177 novos=2
====================================================================================================
CRYPTO RADAR - NEWS RADAR V1 -- COLETOR DE NOTÍCIAS
====================================================================================================
Banco:   /home/alex/projetos/crypto-radar/data/news_radar.db
Feeds:   8
Escopo:  somente coleta + sentimento léxico. Nenhuma ação de trading.
----------------------------------------------------------------------------------------------------
CoinDesk         itens_no_feed=25   novos_gravados=0
Cointelegraph    itens_no_feed=30   novos_gravados=0
Decrypt          itens_no_feed=37   novos_gravados=1
CryptoSlate      itens_no_feed=10   novos_gravados=1
BitcoinMagazine  itens_no_feed=10   novos_gravados=0
NewsBTC          itens_no_feed=10   novos_gravados=0
CryptoPotato     itens_no_feed=36   novos_gravados=0
TheBlock         itens_no_feed=19   novos_gravados=1
----------------------------------------------------------------------------------------------------
Total no ciclo: 177 itens vistos, 3 novos gravados.
====================================================================================================
[2026-08-29T14:00:19.444460+00:00] CICLO concluído: vistos=177 novos=3
====================================================================================================
CRYPTO RADAR - NEWS RADAR V1 -- COLETOR DE NOTÍCIAS
====================================================================================================
Banco:   /home/alex/projetos/crypto-radar/data/news_radar.db
Feeds:   8
Escopo:  somente coleta + sentimento léxico. Nenhuma ação de trading.
----------------------------------------------------------------------------------------------------
CoinDesk         itens_no_feed=25   novos_gravados=0
Cointelegraph    itens_no_feed=30   novos_gravados=0
Decrypt          itens_no_feed=37   novos_gravados=0
CryptoSlate      itens_no_feed=10   novos_gravados=0
BitcoinMagazine  itens_no_feed=10   novos_gravados=0
NewsBTC          itens_no_feed=10   novos_gravados=0
CryptoPotato     itens_no_feed=36   novos_gravados=1
TheBlock         itens_no_feed=19   novos_gravados=0
----------------------------------------------------------------------------------------------------
Total no ciclo: 177 itens vistos, 1 novos gravados.
====================================================================================================
[2026-08-29T14:30:15.268738+00:00] CICLO concluído: vistos=177 novos=1
====================================================================================================
CRYPTO RADAR - NEWS RADAR V1 -- COLETOR DE NOTÍCIAS
====================================================================================================
Banco:   /home/alex/projetos/crypto-radar/data/news_radar.db
Feeds:   8
Escopo:  somente coleta + sentimento léxico. Nenhuma ação de trading.
----------------------------------------------------------------------------------------------------
CoinDesk         itens_no_feed=25   novos_gravados=0
Cointelegraph    itens_no_feed=30   novos_gravados=0
Decrypt          itens_no_feed=37   novos_gravados=0
CryptoSlate      itens_no_feed=10   novos_gravados=1
BitcoinMagazine  itens_no_feed=10   novos_gravados=0
NewsBTC          itens_no_feed=10   novos_gravados=0
CryptoPotato     itens_no_feed=36   novos_gravados=1
TheBlock         itens_no_feed=19   novos_gravados=0
----------------------------------------------------------------------------------------------------
Total no ciclo: 177 itens vistos, 2 novos gravados.
====================================================================================================
[2026-08-29T15:00:18.973821+00:00] CICLO concluído: vistos=177 novos=2
====================================================================================================
CRYPTO RADAR - NEWS RADAR V1 -- COLETOR DE NOTÍCIAS
====================================================================================================
Banco:   /home/alex/projetos/crypto-radar/data/news_radar.db
Feeds:   8
Escopo:  somente coleta + sentimento léxico. Nenhuma ação de trading.
----------------------------------------------------------------------------------------------------
CoinDesk         itens_no_feed=25   novos_gravados=3
Cointelegraph    itens_no_feed=30   novos_gravados=0
Decrypt          itens_no_feed=37   novos_gravados=0
CryptoSlate      itens_no_feed=10   novos_gravados=0
BitcoinMagazine  itens_no_feed=10   novos_gravados=0
NewsBTC          itens_no_feed=10   novos_gravados=0
CryptoPotato     itens_no_feed=36   novos_gravados=0
TheBlock         itens_no_feed=19   novos_gravados=0
----------------------------------------------------------------------------------------------------
Total no ciclo: 177 itens vistos, 3 novos gravados.
====================================================================================================
[2026-08-29T15:30:13.982051+00:00] CICLO concluído: vistos=177 novos=3
====================================================================================================
CRYPTO RADAR - NEWS RADAR V1 -- COLETOR DE NOTÍCIAS
====================================================================================================
Banco:   /home/alex/projetos/crypto-radar/data/news_radar.db
Feeds:   8
Escopo:  somente coleta + sentimento léxico. Nenhuma ação de trading.
----------------------------------------------------------------------------------------------------
CoinDesk         itens_no_feed=25   novos_gravados=0
Cointelegraph    itens_no_feed=30   novos_gravados=0
Decrypt          itens_no_feed=37   novos_gravados=1
CryptoSlate      itens_no_feed=10   novos_gravados=1
BitcoinMagazine  itens_no_feed=10   novos_gravados=0
NewsBTC          itens_no_feed=10   novos_gravados=0
CryptoPotato     itens_no_feed=36   novos_gravados=0
TheBlock         itens_no_feed=19   novos_gravados=0
----------------------------------------------------------------------------------------------------
Total no ciclo: 177 itens vistos, 2 novos gravados.
====================================================================================================
[2026-08-29T16:00:15.288151+00:00] CICLO concluído: vistos=177 novos=2
====================================================================================================
CRYPTO RADAR - NEWS RADAR V1 -- COLETOR DE NOTÍCIAS
====================================================================================================
Banco:   /home/alex/projetos/crypto-radar/data/news_radar.db
Feeds:   8
Escopo:  somente coleta + sentimento léxico. Nenhuma ação de trading.
----------------------------------------------------------------------------------------------------
CoinDesk         itens_no_feed=25   novos_gravados=0
Cointelegraph    itens_no_feed=30   novos_gravados=0
Decrypt          itens_no_feed=37   novos_gravados=0
CryptoSlate      itens_no_feed=10   novos_gravados=0
BitcoinMagazine  itens_no_feed=10   novos_gravados=0
NewsBTC          itens_no_feed=10   novos_gravados=0
CryptoPotato     itens_no_feed=36   novos_gravados=0
TheBlock         itens_no_feed=19   novos_gravados=0
----------------------------------------------------------------------------------------------------
Total no ciclo: 177 itens vistos, 0 novos gravados.
====================================================================================================
[2026-08-29T16:30:14.367008+00:00] CICLO concluído: vistos=177 novos=0
====================================================================================================
CRYPTO RADAR - NEWS RADAR V1 -- COLETOR DE NOTÍCIAS
====================================================================================================
Banco:   /home/alex/projetos/crypto-radar/data/news_radar.db
Feeds:   8
Escopo:  somente coleta + sentimento léxico. Nenhuma ação de trading.
----------------------------------------------------------------------------------------------------
CoinDesk         itens_no_feed=25   novos_gravados=0
Cointelegraph    itens_no_feed=30   novos_gravados=1
Decrypt          itens_no_feed=57   novos_gravados=0
CryptoSlate      itens_no_feed=10   novos_gravados=1
BitcoinMagazine  itens_no_feed=10   novos_gravados=0
NewsBTC          itens_no_feed=10   novos_gravados=0
CryptoPotato     itens_no_feed=36   novos_gravados=0
TheBlock         itens_no_feed=19   novos_gravados=0
----------------------------------------------------------------------------------------------------
Total no ciclo: 197 itens vistos, 2 novos gravados.
====================================================================================================
[2026-08-29T17:00:13.973676+00:00] CICLO concluído: vistos=197 novos=2
====================================================================================================
CRYPTO RADAR - NEWS RADAR V1 -- COLETOR DE NOTÍCIAS
====================================================================================================
Banco:   /home/alex/projetos/crypto-radar/data/news_radar.db
Feeds:   8
Escopo:  somente coleta + sentimento léxico. Nenhuma ação de trading.
----------------------------------------------------------------------------------------------------
CoinDesk         itens_no_feed=25   novos_gravados=0
Cointelegraph    itens_no_feed=30   novos_gravados=0
Decrypt          itens_no_feed=37   novos_gravados=0
CryptoSlate      itens_no_feed=10   novos_gravados=0
BitcoinMagazine  itens_no_feed=10   novos_gravados=0
NewsBTC          itens_no_feed=10   novos_gravados=0
CryptoPotato     itens_no_feed=36   novos_gravados=1
TheBlock         itens_no_feed=19   novos_gravados=0
----------------------------------------------------------------------------------------------------
Total no ciclo: 177 itens vistos, 1 novos gravados.
====================================================================================================
[2026-08-29T17:30:15.203890+00:00] CICLO concluído: vistos=177 novos=1
====================================================================================================
CRYPTO RADAR - NEWS RADAR V1 -- COLETOR DE NOTÍCIAS
====================================================================================================
Banco:   /home/alex/projetos/crypto-radar/data/news_radar.db
Feeds:   8
Escopo:  somente coleta + sentimento léxico. Nenhuma ação de trading.
----------------------------------------------------------------------------------------------------
CoinDesk         itens_no_feed=25   novos_gravados=0
Cointelegraph    itens_no_feed=30   novos_gravados=0
Decrypt          itens_no_feed=57   novos_gravados=1
CryptoSlate      itens_no_feed=10   novos_gravados=1
BitcoinMagazine  itens_no_feed=10   novos_gravados=0
NewsBTC          itens_no_feed=10   novos_gravados=0
CryptoPotato     itens_no_feed=36   novos_gravados=0
TheBlock         itens_no_feed=19   novos_gravados=0
----------------------------------------------------------------------------------------------------
Total no ciclo: 197 itens vistos, 2 novos gravados.
====================================================================================================
[2026-08-29T18:00:13.338085+00:00] CICLO concluído: vistos=197 novos=2
====================================================================================================
CRYPTO RADAR - NEWS RADAR V1 -- COLETOR DE NOTÍCIAS
====================================================================================================
Banco:   /home/alex/projetos/crypto-radar/data/news_radar.db
Feeds:   8
Escopo:  somente coleta + sentimento léxico. Nenhuma ação de trading.
----------------------------------------------------------------------------------------------------
CoinDesk         itens_no_feed=25   novos_gravados=0
Cointelegraph    itens_no_feed=30   novos_gravados=0
Decrypt          itens_no_feed=37   novos_gravados=0
CryptoSlate      itens_no_feed=10   novos_gravados=0
BitcoinMagazine  itens_no_feed=10   novos_gravados=0
NewsBTC          itens_no_feed=10   novos_gravados=0
CryptoPotato     itens_no_feed=36   novos_gravados=0
TheBlock         itens_no_feed=19   novos_gravados=0
----------------------------------------------------------------------------------------------------
Total no ciclo: 177 itens vistos, 0 novos gravados.
====================================================================================================
[2026-08-29T18:30:14.016624+00:00] CICLO concluído: vistos=177 novos=0
====================================================================================================
CRYPTO RADAR - NEWS RADAR V1 -- COLETOR DE NOTÍCIAS
====================================================================================================
Banco:   /home/alex/projetos/crypto-radar/data/news_radar.db
Feeds:   8
Escopo:  somente coleta + sentimento léxico. Nenhuma ação de trading.
----------------------------------------------------------------------------------------------------
CoinDesk         itens_no_feed=25   novos_gravados=0
Cointelegraph    itens_no_feed=30   novos_gravados=0
Decrypt          itens_no_feed=37   novos_gravados=0
CryptoSlate      itens_no_feed=10   novos_gravados=1
BitcoinMagazine  itens_no_feed=10   novos_gravados=0
NewsBTC          itens_no_feed=10   novos_gravados=0
CryptoPotato     itens_no_feed=36   novos_gravados=0
TheBlock         itens_no_feed=19   novos_gravados=0
----------------------------------------------------------------------------------------------------
Total no ciclo: 177 itens vistos, 1 novos gravados.
====================================================================================================
[2026-08-29T19:00:16.057730+00:00] CICLO concluído: vistos=177 novos=1
====================================================================================================
CRYPTO RADAR - NEWS RADAR V1 -- COLETOR DE NOTÍCIAS
====================================================================================================
Banco:   /home/alex/projetos/crypto-radar/data/news_radar.db
Feeds:   8
Escopo:  somente coleta + sentimento léxico. Nenhuma ação de trading.
----------------------------------------------------------------------------------------------------
CoinDesk         itens_no_feed=25   novos_gravados=0
Cointelegraph    itens_no_feed=30   novos_gravados=1
Decrypt          itens_no_feed=57   novos_gravados=0
CryptoSlate      itens_no_feed=10   novos_gravados=0
BitcoinMagazine  itens_no_feed=10   novos_gravados=0
NewsBTC          itens_no_feed=10   novos_gravados=0
CryptoPotato     itens_no_feed=36   novos_gravados=0
TheBlock         itens_no_feed=19   novos_gravados=0
----------------------------------------------------------------------------------------------------
Total no ciclo: 197 itens vistos, 1 novos gravados.
====================================================================================================
[2026-08-29T19:30:19.251146+00:00] CICLO concluído: vistos=197 novos=1
====================================================================================================
CRYPTO RADAR - NEWS RADAR V1 -- COLETOR DE NOTÍCIAS
====================================================================================================
Banco:   /home/alex/projetos/crypto-radar/data/news_radar.db
Feeds:   8
Escopo:  somente coleta + sentimento léxico. Nenhuma ação de trading.
----------------------------------------------------------------------------------------------------
CoinDesk         itens_no_feed=25   novos_gravados=0
Cointelegraph    itens_no_feed=30   novos_gravados=0
Decrypt          itens_no_feed=37   novos_gravados=0
CryptoSlate      itens_no_feed=10   novos_gravados=0
BitcoinMagazine  itens_no_feed=10   novos_gravados=0
NewsBTC          itens_no_feed=10   novos_gravados=0
CryptoPotato     itens_no_feed=36   novos_gravados=1
TheBlock         itens_no_feed=19   novos_gravados=0
----------------------------------------------------------------------------------------------------
Total no ciclo: 177 itens vistos, 1 novos gravados.
====================================================================================================
[2026-08-29T20:00:14.804332+00:00] CICLO concluído: vistos=177 novos=1
====================================================================================================
CRYPTO RADAR - NEWS RADAR V1 -- COLETOR DE NOTÍCIAS
====================================================================================================
Banco:   /home/alex/projetos/crypto-radar/data/news_radar.db
Feeds:   8
Escopo:  somente coleta + sentimento léxico. Nenhuma ação de trading.
----------------------------------------------------------------------------------------------------
CoinDesk         itens_no_feed=25   novos_gravados=0
Cointelegraph    itens_no_feed=30   novos_gravados=0
Decrypt          itens_no_feed=37   novos_gravados=0
CryptoSlate      itens_no_feed=10   novos_gravados=1
BitcoinMagazine  itens_no_feed=10   novos_gravados=0
NewsBTC          itens_no_feed=10   novos_gravados=0
CryptoPotato     itens_no_feed=36   novos_gravados=0
TheBlock         itens_no_feed=19   novos_gravados=1
----------------------------------------------------------------------------------------------------
Total no ciclo: 177 itens vistos, 2 novos gravados.
====================================================================================================
[2026-08-29T20:30:18.350986+00:00] CICLO concluído: vistos=177 novos=2
====================================================================================================
CRYPTO RADAR - NEWS RADAR V1 -- COLETOR DE NOTÍCIAS
====================================================================================================
Banco:   /home/alex/projetos/crypto-radar/data/news_radar.db
Feeds:   8
Escopo:  somente coleta + sentimento léxico. Nenhuma ação de trading.
----------------------------------------------------------------------------------------------------
CoinDesk         itens_no_feed=25   novos_gravados=0
Cointelegraph    itens_no_feed=30   novos_gravados=1
Decrypt          itens_no_feed=37   novos_gravados=0
CryptoSlate      itens_no_feed=10   novos_gravados=0
BitcoinMagazine  itens_no_feed=10   novos_gravados=0
NewsBTC          itens_no_feed=10   novos_gravados=0
CryptoPotato     itens_no_feed=36   novos_gravados=0
TheBlock         itens_no_feed=19   novos_gravados=0
----------------------------------------------------------------------------------------------------
Total no ciclo: 177 itens vistos, 1 novos gravados.
====================================================================================================
[2026-08-29T21:00:14.900836+00:00] CICLO concluído: vistos=177 novos=1
====================================================================================================
CRYPTO RADAR - NEWS RADAR V1 -- COLETOR DE NOTÍCIAS
====================================================================================================
Banco:   /home/alex/projetos/crypto-radar/data/news_radar.db
Feeds:   8
Escopo:  somente coleta + sentimento léxico. Nenhuma ação de trading.
----------------------------------------------------------------------------------------------------
CoinDesk         itens_no_feed=25   novos_gravados=0
Cointelegraph    itens_no_feed=30   novos_gravados=0
Decrypt          itens_no_feed=37   novos_gravados=0
CryptoSlate      itens_no_feed=10   novos_gravados=1
BitcoinMagazine  itens_no_feed=10   novos_gravados=0
NewsBTC          itens_no_feed=10   novos_gravados=0
CryptoPotato     itens_no_feed=36   novos_gravados=0
TheBlock         itens_no_feed=19   novos_gravados=1
----------------------------------------------------------------------------------------------------
Total no ciclo: 177 itens vistos, 2 novos gravados.
====================================================================================================
[2026-08-29T21:30:20.723140+00:00] CICLO concluído: vistos=177 novos=2
====================================================================================================
CRYPTO RADAR - NEWS RADAR V1 -- COLETOR DE NOTÍCIAS
====================================================================================================
Banco:   /home/alex/projetos/crypto-radar/data/news_radar.db
Feeds:   8
Escopo:  somente coleta + sentimento léxico. Nenhuma ação de trading.
----------------------------------------------------------------------------------------------------
CoinDesk         itens_no_feed=25   novos_gravados=0
Cointelegraph    itens_no_feed=30   novos_gravados=0
Decrypt          itens_no_feed=37   novos_gravados=0
CryptoSlate      itens_no_feed=10   novos_gravados=0
BitcoinMagazine  itens_no_feed=10   novos_gravados=0
NewsBTC          itens_no_feed=10   novos_gravados=0
CryptoPotato     itens_no_feed=36   novos_gravados=1
TheBlock         itens_no_feed=19   novos_gravados=0
----------------------------------------------------------------------------------------------------
Total no ciclo: 177 itens vistos, 1 novos gravados.
====================================================================================================
[2026-08-29T22:00:15.896225+00:00] CICLO concluído: vistos=177 novos=1
====================================================================================================
CRYPTO RADAR - NEWS RADAR V1 -- COLETOR DE NOTÍCIAS
====================================================================================================
Banco:   /home/alex/projetos/crypto-radar/data/news_radar.db
Feeds:   8
Escopo:  somente coleta + sentimento léxico. Nenhuma ação de trading.
----------------------------------------------------------------------------------------------------
CoinDesk         itens_no_feed=25   novos_gravados=0
Cointelegraph    itens_no_feed=30   novos_gravados=0
Decrypt          itens_no_feed=37   novos_gravados=0
CryptoSlate      itens_no_feed=10   novos_gravados=1
BitcoinMagazine  itens_no_feed=10   novos_gravados=0
NewsBTC          itens_no_feed=10   novos_gravados=0
CryptoPotato     itens_no_feed=36   novos_gravados=0
TheBlock         itens_no_feed=19   novos_gravados=0
----------------------------------------------------------------------------------------------------
Total no ciclo: 177 itens vistos, 1 novos gravados.
====================================================================================================
[2026-08-29T22:30:13.378703+00:00] CICLO concluído: vistos=177 novos=1
====================================================================================================
CRYPTO RADAR - NEWS RADAR V1 -- COLETOR DE NOTÍCIAS
====================================================================================================
Banco:   /home/alex/projetos/crypto-radar/data/news_radar.db
Feeds:   8
Escopo:  somente coleta + sentimento léxico. Nenhuma ação de trading.
----------------------------------------------------------------------------------------------------
CoinDesk         itens_no_feed=25   novos_gravados=0
Cointelegraph    itens_no_feed=30   novos_gravados=0
Decrypt          itens_no_feed=37   novos_gravados=0
CryptoSlate      itens_no_feed=10   novos_gravados=0
BitcoinMagazine  itens_no_feed=10   novos_gravados=0
NewsBTC          itens_no_feed=10   novos_gravados=0
CryptoPotato     itens_no_feed=36   novos_gravados=0
[2026-08-29T23:00:50.632916+00:00] AVISO: falha ao buscar TheBlock (https://www.theblock.co/rss.xml): HTTPSConnectionPool(host='www.theblock.co', port=443): Max retries exceeded with url: /rss.xml (Caused by SSLError(SSLEOFError(8, '[SSL: UNEXPECTED_EOF_WHILE_READING] EOF occurred in violation of protocol (_ssl.c:1081)')))
TheBlock         itens_no_feed=0    novos_gravados=0
----------------------------------------------------------------------------------------------------
Total no ciclo: 158 itens vistos, 0 novos gravados.
====================================================================================================
[2026-08-29T23:00:51.693829+00:00] CICLO concluído: vistos=158 novos=0
====================================================================================================
CRYPTO RADAR - NEWS RADAR V1 -- COLETOR DE NOTÍCIAS
====================================================================================================
Banco:   /home/alex/projetos/crypto-radar/data/news_radar.db
Feeds:   8
Escopo:  somente coleta + sentimento léxico. Nenhuma ação de trading.
----------------------------------------------------------------------------------------------------
CoinDesk         itens_no_feed=25   novos_gravados=0
Cointelegraph    itens_no_feed=30   novos_gravados=0
Decrypt          itens_no_feed=37   novos_gravados=0
CryptoSlate      itens_no_feed=10   novos_gravados=1
BitcoinMagazine  itens_no_feed=10   novos_gravados=0
NewsBTC          itens_no_feed=10   novos_gravados=0
CryptoPotato     itens_no_feed=36   novos_gravados=0
TheBlock         itens_no_feed=19   novos_gravados=0
----------------------------------------------------------------------------------------------------
Total no ciclo: 177 itens vistos, 1 novos gravados.
====================================================================================================
[2026-08-29T23:30:14.922735+00:00] CICLO concluído: vistos=177 novos=1
====================================================================================================
CRYPTO RADAR - NEWS RADAR V1 -- COLETOR DE NOTÍCIAS
====================================================================================================
Banco:   /home/alex/projetos/crypto-radar/data/news_radar.db
Feeds:   8
Escopo:  somente coleta + sentimento léxico. Nenhuma ação de trading.
----------------------------------------------------------------------------------------------------
CoinDesk         itens_no_feed=25   novos_gravados=1
Cointelegraph    itens_no_feed=30   novos_gravados=0
Decrypt          itens_no_feed=37   novos_gravados=0
CryptoSlate      itens_no_feed=10   novos_gravados=0
BitcoinMagazine  itens_no_feed=10   novos_gravados=0
NewsBTC          itens_no_feed=10   novos_gravados=0
CryptoPotato     itens_no_feed=36   novos_gravados=0
TheBlock         itens_no_feed=19   novos_gravados=0
----------------------------------------------------------------------------------------------------
Total no ciclo: 177 itens vistos, 1 novos gravados.
====================================================================================================
[2026-08-30T00:00:13.833772+00:00] CICLO concluído: vistos=177 novos=1
====================================================================================================
CRYPTO RADAR - NEWS RADAR V1 -- COLETOR DE NOTÍCIAS
====================================================================================================
Banco:   /home/alex/projetos/crypto-radar/data/news_radar.db
Feeds:   8
Escopo:  somente coleta + sentimento léxico. Nenhuma ação de trading.
----------------------------------------------------------------------------------------------------
CoinDesk         itens_no_feed=25   novos_gravados=0
Cointelegraph    itens_no_feed=30   novos_gravados=0
Decrypt          itens_no_feed=57   novos_gravados=0
CryptoSlate      itens_no_feed=10   novos_gravados=0
BitcoinMagazine  itens_no_feed=10   novos_gravados=0
NewsBTC          itens_no_feed=10   novos_gravados=0
CryptoPotato     itens_no_feed=36   novos_gravados=0
TheBlock         itens_no_feed=19   novos_gravados=0
----------------------------------------------------------------------------------------------------
Total no ciclo: 197 itens vistos, 0 novos gravados.
====================================================================================================
[2026-08-30T00:30:14.100557+00:00] CICLO concluído: vistos=197 novos=0
====================================================================================================
CRYPTO RADAR - NEWS RADAR V1 -- COLETOR DE NOTÍCIAS
====================================================================================================
Banco:   /home/alex/projetos/crypto-radar/data/news_radar.db
Feeds:   8
Escopo:  somente coleta + sentimento léxico. Nenhuma ação de trading.
----------------------------------------------------------------------------------------------------
CoinDesk         itens_no_feed=25   novos_gravados=0
Cointelegraph    itens_no_feed=30   novos_gravados=0
Decrypt          itens_no_feed=57   novos_gravados=0
CryptoSlate      itens_no_feed=10   novos_gravados=0
BitcoinMagazine  itens_no_feed=10   novos_gravados=0
NewsBTC          itens_no_feed=10   novos_gravados=0
CryptoPotato     itens_no_feed=36   novos_gravados=0
TheBlock         itens_no_feed=19   novos_gravados=0
----------------------------------------------------------------------------------------------------
Total no ciclo: 197 itens vistos, 0 novos gravados.
====================================================================================================
[2026-08-30T01:00:19.735435+00:00] CICLO concluído: vistos=197 novos=0
====================================================================================================
CRYPTO RADAR - NEWS RADAR V1 -- COLETOR DE NOTÍCIAS
====================================================================================================
Banco:   /home/alex/projetos/crypto-radar/data/news_radar.db
Feeds:   8
Escopo:  somente coleta + sentimento léxico. Nenhuma ação de trading.
----------------------------------------------------------------------------------------------------
CoinDesk         itens_no_feed=25   novos_gravados=0
Cointelegraph    itens_no_feed=30   novos_gravados=0
Decrypt          itens_no_feed=57   novos_gravados=0
CryptoSlate      itens_no_feed=10   novos_gravados=0
BitcoinMagazine  itens_no_feed=10   novos_gravados=0
NewsBTC          itens_no_feed=10   novos_gravados=0
CryptoPotato     itens_no_feed=36   novos_gravados=0
TheBlock         itens_no_feed=19   novos_gravados=0
----------------------------------------------------------------------------------------------------
Total no ciclo: 197 itens vistos, 0 novos gravados.
====================================================================================================
[2026-08-30T01:30:14.142553+00:00] CICLO concluído: vistos=197 novos=0
====================================================================================================
CRYPTO RADAR - NEWS RADAR V1 -- COLETOR DE NOTÍCIAS
====================================================================================================
Banco:   /home/alex/projetos/crypto-radar/data/news_radar.db
Feeds:   8
Escopo:  somente coleta + sentimento léxico. Nenhuma ação de trading.
----------------------------------------------------------------------------------------------------
CoinDesk         itens_no_feed=25   novos_gravados=0
Cointelegraph    itens_no_feed=30   novos_gravados=0
Decrypt          itens_no_feed=37   novos_gravados=0
CryptoSlate      itens_no_feed=10   novos_gravados=0
BitcoinMagazine  itens_no_feed=10   novos_gravados=0
NewsBTC          itens_no_feed=10   novos_gravados=0
CryptoPotato     itens_no_feed=36   novos_gravados=0
TheBlock         itens_no_feed=19   novos_gravados=0
----------------------------------------------------------------------------------------------------
Total no ciclo: 177 itens vistos, 0 novos gravados.
====================================================================================================
[2026-08-30T02:00:25.920430+00:00] CICLO concluído: vistos=177 novos=0
====================================================================================================
CRYPTO RADAR - NEWS RADAR V1 -- COLETOR DE NOTÍCIAS
====================================================================================================
Banco:   /home/alex/projetos/crypto-radar/data/news_radar.db
Feeds:   8
Escopo:  somente coleta + sentimento léxico. Nenhuma ação de trading.
----------------------------------------------------------------------------------------------------
CoinDesk         itens_no_feed=25   novos_gravados=0
Cointelegraph    itens_no_feed=30   novos_gravados=0
Decrypt          itens_no_feed=37   novos_gravados=0
CryptoSlate      itens_no_feed=10   novos_gravados=0
BitcoinMagazine  itens_no_feed=10   novos_gravados=0
NewsBTC          itens_no_feed=10   novos_gravados=0
CryptoPotato     itens_no_feed=36   novos_gravados=0
TheBlock         itens_no_feed=19   novos_gravados=0
----------------------------------------------------------------------------------------------------
Total no ciclo: 177 itens vistos, 0 novos gravados.
====================================================================================================
[2026-08-30T02:30:19.938468+00:00] CICLO concluído: vistos=177 novos=0
====================================================================================================
CRYPTO RADAR - NEWS RADAR V1 -- COLETOR DE NOTÍCIAS
====================================================================================================
Banco:   /home/alex/projetos/crypto-radar/data/news_radar.db
Feeds:   8
Escopo:  somente coleta + sentimento léxico. Nenhuma ação de trading.
----------------------------------------------------------------------------------------------------
CoinDesk         itens_no_feed=25   novos_gravados=0
Cointelegraph    itens_no_feed=30   novos_gravados=0
Decrypt          itens_no_feed=37   novos_gravados=0
CryptoSlate      itens_no_feed=10   novos_gravados=0
BitcoinMagazine  itens_no_feed=10   novos_gravados=0
NewsBTC          itens_no_feed=10   novos_gravados=0
CryptoPotato     itens_no_feed=36   novos_gravados=0
TheBlock         itens_no_feed=19   novos_gravados=0
----------------------------------------------------------------------------------------------------
Total no ciclo: 177 itens vistos, 0 novos gravados.
====================================================================================================
[2026-08-30T03:00:19.237648+00:00] CICLO concluído: vistos=177 novos=0
====================================================================================================
CRYPTO RADAR - NEWS RADAR V1 -- COLETOR DE NOTÍCIAS
====================================================================================================
Banco:   /home/alex/projetos/crypto-radar/data/news_radar.db
Feeds:   8
Escopo:  somente coleta + sentimento léxico. Nenhuma ação de trading.
----------------------------------------------------------------------------------------------------
CoinDesk         itens_no_feed=25   novos_gravados=0
Cointelegraph    itens_no_feed=30   novos_gravados=0
Decrypt          itens_no_feed=37   novos_gravados=0
CryptoSlate      itens_no_feed=10   novos_gravados=0
BitcoinMagazine  itens_no_feed=10   novos_gravados=0
NewsBTC          itens_no_feed=10   novos_gravados=0
CryptoPotato     itens_no_feed=36   novos_gravados=0
TheBlock         itens_no_feed=19   novos_gravados=0
----------------------------------------------------------------------------------------------------
Total no ciclo: 177 itens vistos, 0 novos gravados.
====================================================================================================
[2026-08-30T03:30:18.540161+00:00] CICLO concluído: vistos=177 novos=0
====================================================================================================
CRYPTO RADAR - NEWS RADAR V1 -- COLETOR DE NOTÍCIAS
====================================================================================================
Banco:   /home/alex/projetos/crypto-radar/data/news_radar.db
Feeds:   8
Escopo:  somente coleta + sentimento léxico. Nenhuma ação de trading.
----------------------------------------------------------------------------------------------------
CoinDesk         itens_no_feed=25   novos_gravados=0
Cointelegraph    itens_no_feed=30   novos_gravados=0
Decrypt          itens_no_feed=37   novos_gravados=0
CryptoSlate      itens_no_feed=10   novos_gravados=0
BitcoinMagazine  itens_no_feed=10   novos_gravados=0
NewsBTC          itens_no_feed=10   novos_gravados=0
CryptoPotato     itens_no_feed=36   novos_gravados=1
TheBlock         itens_no_feed=19   novos_gravados=0
----------------------------------------------------------------------------------------------------
Total no ciclo: 177 itens vistos, 1 novos gravados.
====================================================================================================
[2026-08-30T04:00:19.835390+00:00] CICLO concluído: vistos=177 novos=1
====================================================================================================
CRYPTO RADAR - NEWS RADAR V1 -- COLETOR DE NOTÍCIAS
====================================================================================================
Banco:   /home/alex/projetos/crypto-radar/data/news_radar.db
Feeds:   8
Escopo:  somente coleta + sentimento léxico. Nenhuma ação de trading.
----------------------------------------------------------------------------------------------------
CoinDesk         itens_no_feed=25   novos_gravados=0
Cointelegraph    itens_no_feed=30   novos_gravados=0
Decrypt          itens_no_feed=37   novos_gravados=0
CryptoSlate      itens_no_feed=10   novos_gravados=0
BitcoinMagazine  itens_no_feed=10   novos_gravados=0
NewsBTC          itens_no_feed=10   novos_gravados=0
CryptoPotato     itens_no_feed=36   novos_gravados=0
TheBlock         itens_no_feed=19   novos_gravados=0
----------------------------------------------------------------------------------------------------
Total no ciclo: 177 itens vistos, 0 novos gravados.
====================================================================================================
[2026-08-30T04:30:13.996285+00:00] CICLO concluído: vistos=177 novos=0
====================================================================================================
CRYPTO RADAR - NEWS RADAR V1 -- COLETOR DE NOTÍCIAS
====================================================================================================
Banco:   /home/alex/projetos/crypto-radar/data/news_radar.db
Feeds:   8
Escopo:  somente coleta + sentimento léxico. Nenhuma ação de trading.
----------------------------------------------------------------------------------------------------
CoinDesk         itens_no_feed=25   novos_gravados=0
Cointelegraph    itens_no_feed=30   novos_gravados=0
Decrypt          itens_no_feed=37   novos_gravados=0
CryptoSlate      itens_no_feed=10   novos_gravados=0
BitcoinMagazine  itens_no_feed=10   novos_gravados=0
NewsBTC          itens_no_feed=10   novos_gravados=0
CryptoPotato     itens_no_feed=36   novos_gravados=0
TheBlock         itens_no_feed=19   novos_gravados=0
----------------------------------------------------------------------------------------------------
Total no ciclo: 177 itens vistos, 0 novos gravados.
====================================================================================================
[2026-08-30T05:00:19.107635+00:00] CICLO concluído: vistos=177 novos=0
====================================================================================================
CRYPTO RADAR - NEWS RADAR V1 -- COLETOR DE NOTÍCIAS
====================================================================================================
Banco:   /home/alex/projetos/crypto-radar/data/news_radar.db
Feeds:   8
Escopo:  somente coleta + sentimento léxico. Nenhuma ação de trading.
----------------------------------------------------------------------------------------------------
CoinDesk         itens_no_feed=25   novos_gravados=0
Cointelegraph    itens_no_feed=30   novos_gravados=0
Decrypt          itens_no_feed=37   novos_gravados=0
CryptoSlate      itens_no_feed=10   novos_gravados=0
BitcoinMagazine  itens_no_feed=10   novos_gravados=0
NewsBTC          itens_no_feed=10   novos_gravados=0
CryptoPotato     itens_no_feed=36   novos_gravados=1
TheBlock         itens_no_feed=19   novos_gravados=0
----------------------------------------------------------------------------------------------------
Total no ciclo: 177 itens vistos, 1 novos gravados.
====================================================================================================
[2026-08-30T05:30:19.371782+00:00] CICLO concluído: vistos=177 novos=1
====================================================================================================
CRYPTO RADAR - NEWS RADAR V1 -- COLETOR DE NOTÍCIAS
====================================================================================================
Banco:   /home/alex/projetos/crypto-radar/data/news_radar.db
Feeds:   8
Escopo:  somente coleta + sentimento léxico. Nenhuma ação de trading.
----------------------------------------------------------------------------------------------------
CoinDesk         itens_no_feed=25   novos_gravados=0
Cointelegraph    itens_no_feed=30   novos_gravados=0
Decrypt          itens_no_feed=37   novos_gravados=0
CryptoSlate      itens_no_feed=10   novos_gravados=0
BitcoinMagazine  itens_no_feed=10   novos_gravados=0
NewsBTC          itens_no_feed=10   novos_gravados=0
CryptoPotato     itens_no_feed=36   novos_gravados=0
TheBlock         itens_no_feed=19   novos_gravados=0
----------------------------------------------------------------------------------------------------
Total no ciclo: 177 itens vistos, 0 novos gravados.
====================================================================================================
[2026-08-30T06:00:13.724934+00:00] CICLO concluído: vistos=177 novos=0
====================================================================================================
CRYPTO RADAR - NEWS RADAR V1 -- COLETOR DE NOTÍCIAS
====================================================================================================
Banco:   /home/alex/projetos/crypto-radar/data/news_radar.db
Feeds:   8
Escopo:  somente coleta + sentimento léxico. Nenhuma ação de trading.
----------------------------------------------------------------------------------------------------
CoinDesk         itens_no_feed=25   novos_gravados=0
Cointelegraph    itens_no_feed=30   novos_gravados=0
Decrypt          itens_no_feed=57   novos_gravados=0
CryptoSlate      itens_no_feed=10   novos_gravados=1
BitcoinMagazine  itens_no_feed=10   novos_gravados=0
NewsBTC          itens_no_feed=10   novos_gravados=0
CryptoPotato     itens_no_feed=36   novos_gravados=0
TheBlock         itens_no_feed=19   novos_gravados=0
----------------------------------------------------------------------------------------------------
Total no ciclo: 197 itens vistos, 1 novos gravados.
====================================================================================================
[2026-08-30T06:30:14.402463+00:00] CICLO concluído: vistos=197 novos=1
====================================================================================================
CRYPTO RADAR - NEWS RADAR V1 -- COLETOR DE NOTÍCIAS
====================================================================================================
Banco:   /home/alex/projetos/crypto-radar/data/news_radar.db
Feeds:   8
Escopo:  somente coleta + sentimento léxico. Nenhuma ação de trading.
----------------------------------------------------------------------------------------------------
CoinDesk         itens_no_feed=25   novos_gravados=0
Cointelegraph    itens_no_feed=30   novos_gravados=0
Decrypt          itens_no_feed=57   novos_gravados=0
CryptoSlate      itens_no_feed=10   novos_gravados=0
BitcoinMagazine  itens_no_feed=10   novos_gravados=0
NewsBTC          itens_no_feed=10   novos_gravados=0
CryptoPotato     itens_no_feed=36   novos_gravados=0
TheBlock         itens_no_feed=19   novos_gravados=0
----------------------------------------------------------------------------------------------------
Total no ciclo: 197 itens vistos, 0 novos gravados.
====================================================================================================
[2026-08-30T07:00:18.121001+00:00] CICLO concluído: vistos=197 novos=0
====================================================================================================
CRYPTO RADAR - NEWS RADAR V1 -- COLETOR DE NOTÍCIAS
====================================================================================================
Banco:   /home/alex/projetos/crypto-radar/data/news_radar.db
Feeds:   8
Escopo:  somente coleta + sentimento léxico. Nenhuma ação de trading.
----------------------------------------------------------------------------------------------------
CoinDesk         itens_no_feed=25   novos_gravados=0
Cointelegraph    itens_no_feed=30   novos_gravados=0
Decrypt          itens_no_feed=37   novos_gravados=0
CryptoSlate      itens_no_feed=10   novos_gravados=0
BitcoinMagazine  itens_no_feed=10   novos_gravados=0
NewsBTC          itens_no_feed=10   novos_gravados=0
CryptoPotato     itens_no_feed=36   novos_gravados=0
TheBlock         itens_no_feed=19   novos_gravados=0
----------------------------------------------------------------------------------------------------
Total no ciclo: 177 itens vistos, 0 novos gravados.
====================================================================================================
[2026-08-30T07:30:13.027322+00:00] CICLO concluído: vistos=177 novos=0
====================================================================================================
CRYPTO RADAR - NEWS RADAR V1 -- COLETOR DE NOTÍCIAS
====================================================================================================
Banco:   /home/alex/projetos/crypto-radar/data/news_radar.db
Feeds:   8
Escopo:  somente coleta + sentimento léxico. Nenhuma ação de trading.
----------------------------------------------------------------------------------------------------
CoinDesk         itens_no_feed=25   novos_gravados=0
Cointelegraph    itens_no_feed=30   novos_gravados=0
Decrypt          itens_no_feed=57   novos_gravados=0
CryptoSlate      itens_no_feed=10   novos_gravados=0
BitcoinMagazine  itens_no_feed=10   novos_gravados=0
NewsBTC          itens_no_feed=10   novos_gravados=0
CryptoPotato     itens_no_feed=36   novos_gravados=1
TheBlock         itens_no_feed=19   novos_gravados=0
----------------------------------------------------------------------------------------------------
Total no ciclo: 197 itens vistos, 1 novos gravados.
====================================================================================================
[2026-08-30T08:00:20.222629+00:00] CICLO concluído: vistos=197 novos=1
====================================================================================================
CRYPTO RADAR - NEWS RADAR V1 -- COLETOR DE NOTÍCIAS
====================================================================================================
Banco:   /home/alex/projetos/crypto-radar/data/news_radar.db
Feeds:   8
Escopo:  somente coleta + sentimento léxico. Nenhuma ação de trading.
----------------------------------------------------------------------------------------------------
CoinDesk         itens_no_feed=25   novos_gravados=0
Cointelegraph    itens_no_feed=30   novos_gravados=1
Decrypt          itens_no_feed=37   novos_gravados=0
CryptoSlate      itens_no_feed=10   novos_gravados=0
BitcoinMagazine  itens_no_feed=10   novos_gravados=0
NewsBTC          itens_no_feed=10   novos_gravados=0
CryptoPotato     itens_no_feed=36   novos_gravados=0
TheBlock         itens_no_feed=19   novos_gravados=0
----------------------------------------------------------------------------------------------------
Total no ciclo: 177 itens vistos, 1 novos gravados.
====================================================================================================
[2026-08-30T08:30:12.139213+00:00] CICLO concluído: vistos=177 novos=1
====================================================================================================
CRYPTO RADAR - NEWS RADAR V1 -- COLETOR DE NOTÍCIAS
====================================================================================================
Banco:   /home/alex/projetos/crypto-radar/data/news_radar.db
Feeds:   8
Escopo:  somente coleta + sentimento léxico. Nenhuma ação de trading.
----------------------------------------------------------------------------------------------------
CoinDesk         itens_no_feed=25   novos_gravados=0
Cointelegraph    itens_no_feed=30   novos_gravados=0
Decrypt          itens_no_feed=37   novos_gravados=0
CryptoSlate      itens_no_feed=10   novos_gravados=1
BitcoinMagazine  itens_no_feed=10   novos_gravados=0
NewsBTC          itens_no_feed=10   novos_gravados=0
CryptoPotato     itens_no_feed=36   novos_gravados=0
TheBlock         itens_no_feed=19   novos_gravados=0
----------------------------------------------------------------------------------------------------
Total no ciclo: 177 itens vistos, 1 novos gravados.
====================================================================================================
[2026-08-30T09:00:19.169535+00:00] CICLO concluído: vistos=177 novos=1
====================================================================================================
CRYPTO RADAR - NEWS RADAR V1 -- COLETOR DE NOTÍCIAS
====================================================================================================
Banco:   /home/alex/projetos/crypto-radar/data/news_radar.db
Feeds:   8
Escopo:  somente coleta + sentimento léxico. Nenhuma ação de trading.
----------------------------------------------------------------------------------------------------
CoinDesk         itens_no_feed=25   novos_gravados=0
Cointelegraph    itens_no_feed=30   novos_gravados=0
Decrypt          itens_no_feed=37   novos_gravados=0
CryptoSlate      itens_no_feed=10   novos_gravados=0
BitcoinMagazine  itens_no_feed=10   novos_gravados=0
NewsBTC          itens_no_feed=10   novos_gravados=0
CryptoPotato     itens_no_feed=36   novos_gravados=0
TheBlock         itens_no_feed=19   novos_gravados=0
----------------------------------------------------------------------------------------------------
Total no ciclo: 177 itens vistos, 0 novos gravados.
====================================================================================================
[2026-08-30T09:30:18.392439+00:00] CICLO concluído: vistos=177 novos=0
====================================================================================================
CRYPTO RADAR - NEWS RADAR V1 -- COLETOR DE NOTÍCIAS
====================================================================================================
Banco:   /home/alex/projetos/crypto-radar/data/news_radar.db
Feeds:   8
Escopo:  somente coleta + sentimento léxico. Nenhuma ação de trading.
----------------------------------------------------------------------------------------------------
CoinDesk         itens_no_feed=25   novos_gravados=0
Cointelegraph    itens_no_feed=30   novos_gravados=1
Decrypt          itens_no_feed=37   novos_gravados=0
CryptoSlate      itens_no_feed=10   novos_gravados=1
BitcoinMagazine  itens_no_feed=10   novos_gravados=0
NewsBTC          itens_no_feed=10   novos_gravados=0
CryptoPotato     itens_no_feed=36   novos_gravados=0
TheBlock         itens_no_feed=19   novos_gravados=0
----------------------------------------------------------------------------------------------------
Total no ciclo: 177 itens vistos, 2 novos gravados.
====================================================================================================
[2026-08-30T10:00:20.123929+00:00] CICLO concluído: vistos=177 novos=2
====================================================================================================
CRYPTO RADAR - NEWS RADAR V1 -- COLETOR DE NOTÍCIAS
====================================================================================================
Banco:   /home/alex/projetos/crypto-radar/data/news_radar.db
Feeds:   8
Escopo:  somente coleta + sentimento léxico. Nenhuma ação de trading.
----------------------------------------------------------------------------------------------------
CoinDesk         itens_no_feed=25   novos_gravados=0
Cointelegraph    itens_no_feed=30   novos_gravados=0
Decrypt          itens_no_feed=37   novos_gravados=0
CryptoSlate      itens_no_feed=10   novos_gravados=0
BitcoinMagazine  itens_no_feed=10   novos_gravados=0
NewsBTC          itens_no_feed=10   novos_gravados=0
CryptoPotato     itens_no_feed=36   novos_gravados=0
TheBlock         itens_no_feed=19   novos_gravados=0
----------------------------------------------------------------------------------------------------
Total no ciclo: 177 itens vistos, 0 novos gravados.
====================================================================================================
[2026-08-30T10:30:13.491411+00:00] CICLO concluído: vistos=177 novos=0
====================================================================================================
CRYPTO RADAR - NEWS RADAR V1 -- COLETOR DE NOTÍCIAS
====================================================================================================
Banco:   /home/alex/projetos/crypto-radar/data/news_radar.db
Feeds:   8
Escopo:  somente coleta + sentimento léxico. Nenhuma ação de trading.
----------------------------------------------------------------------------------------------------
CoinDesk         itens_no_feed=25   novos_gravados=0
Cointelegraph    itens_no_feed=30   novos_gravados=0
Decrypt          itens_no_feed=37   novos_gravados=0
CryptoSlate      itens_no_feed=10   novos_gravados=1
BitcoinMagazine  itens_no_feed=10   novos_gravados=0
NewsBTC          itens_no_feed=10   novos_gravados=0
CryptoPotato     itens_no_feed=36   novos_gravados=0
TheBlock         itens_no_feed=19   novos_gravados=0
----------------------------------------------------------------------------------------------------
Total no ciclo: 177 itens vistos, 1 novos gravados.
====================================================================================================
[2026-08-30T11:00:13.921104+00:00] CICLO concluído: vistos=177 novos=1
====================================================================================================
CRYPTO RADAR - NEWS RADAR V1 -- COLETOR DE NOTÍCIAS
====================================================================================================
Banco:   /home/alex/projetos/crypto-radar/data/news_radar.db
Feeds:   8
Escopo:  somente coleta + sentimento léxico. Nenhuma ação de trading.
----------------------------------------------------------------------------------------------------
CoinDesk         itens_no_feed=25   novos_gravados=0
Cointelegraph    itens_no_feed=30   novos_gravados=0
Decrypt          itens_no_feed=37   novos_gravados=0
CryptoSlate      itens_no_feed=10   novos_gravados=0
BitcoinMagazine  itens_no_feed=10   novos_gravados=0
NewsBTC          itens_no_feed=10   novos_gravados=0
CryptoPotato     itens_no_feed=36   novos_gravados=1
TheBlock         itens_no_feed=19   novos_gravados=0
----------------------------------------------------------------------------------------------------
Total no ciclo: 177 itens vistos, 1 novos gravados.
====================================================================================================
[2026-08-30T11:30:13.914715+00:00] CICLO concluído: vistos=177 novos=1
====================================================================================================
CRYPTO RADAR - NEWS RADAR V1 -- COLETOR DE NOTÍCIAS
====================================================================================================
Banco:   /home/alex/projetos/crypto-radar/data/news_radar.db
Feeds:   8
Escopo:  somente coleta + sentimento léxico. Nenhuma ação de trading.
----------------------------------------------------------------------------------------------------
CoinDesk         itens_no_feed=25   novos_gravados=0
Cointelegraph    itens_no_feed=30   novos_gravados=0
Decrypt          itens_no_feed=37   novos_gravados=0
CryptoSlate      itens_no_feed=10   novos_gravados=1
BitcoinMagazine  itens_no_feed=10   novos_gravados=0
NewsBTC          itens_no_feed=10   novos_gravados=0
CryptoPotato     itens_no_feed=36   novos_gravados=0
TheBlock         itens_no_feed=19   novos_gravados=0
----------------------------------------------------------------------------------------------------
Total no ciclo: 177 itens vistos, 1 novos gravados.
====================================================================================================
[2026-08-30T12:00:24.132506+00:00] CICLO concluído: vistos=177 novos=1
====================================================================================================
CRYPTO RADAR - NEWS RADAR V1 -- COLETOR DE NOTÍCIAS
====================================================================================================
Banco:   /home/alex/projetos/crypto-radar/data/news_radar.db
Feeds:   8
Escopo:  somente coleta + sentimento léxico. Nenhuma ação de trading.
----------------------------------------------------------------------------------------------------
CoinDesk         itens_no_feed=25   novos_gravados=1
Cointelegraph    itens_no_feed=30   novos_gravados=0
Decrypt          itens_no_feed=37   novos_gravados=0
CryptoSlate      itens_no_feed=10   novos_gravados=0
BitcoinMagazine  itens_no_feed=10   novos_gravados=0
NewsBTC          itens_no_feed=10   novos_gravados=0
CryptoPotato     itens_no_feed=36   novos_gravados=1
TheBlock         itens_no_feed=19   novos_gravados=0
----------------------------------------------------------------------------------------------------
Total no ciclo: 177 itens vistos, 2 novos gravados.
====================================================================================================
[2026-08-30T12:30:18.871056+00:00] CICLO concluído: vistos=177 novos=2
====================================================================================================
CRYPTO RADAR - NEWS RADAR V1 -- COLETOR DE NOTÍCIAS
====================================================================================================
Banco:   /home/alex/projetos/crypto-radar/data/news_radar.db
Feeds:   8
Escopo:  somente coleta + sentimento léxico. Nenhuma ação de trading.
----------------------------------------------------------------------------------------------------
CoinDesk         itens_no_feed=25   novos_gravados=0
Cointelegraph    itens_no_feed=30   novos_gravados=0
Decrypt          itens_no_feed=57   novos_gravados=0
CryptoSlate      itens_no_feed=10   novos_gravados=1
BitcoinMagazine  itens_no_feed=10   novos_gravados=0
NewsBTC          itens_no_feed=10   novos_gravados=0
CryptoPotato     itens_no_feed=36   novos_gravados=0
TheBlock         itens_no_feed=19   novos_gravados=0
----------------------------------------------------------------------------------------------------
Total no ciclo: 197 itens vistos, 1 novos gravados.
====================================================================================================
[2026-08-30T13:00:14.685628+00:00] CICLO concluído: vistos=197 novos=1
====================================================================================================
CRYPTO RADAR - NEWS RADAR V1 -- COLETOR DE NOTÍCIAS
====================================================================================================
Banco:   /home/alex/projetos/crypto-radar/data/news_radar.db
Feeds:   8
Escopo:  somente coleta + sentimento léxico. Nenhuma ação de trading.
----------------------------------------------------------------------------------------------------
CoinDesk         itens_no_feed=25   novos_gravados=0
Cointelegraph    itens_no_feed=30   novos_gravados=0
Decrypt          itens_no_feed=37   novos_gravados=0
CryptoSlate      itens_no_feed=10   novos_gravados=0
BitcoinMagazine  itens_no_feed=10   novos_gravados=0
NewsBTC          itens_no_feed=10   novos_gravados=0
CryptoPotato     itens_no_feed=36   novos_gravados=0
TheBlock         itens_no_feed=19   novos_gravados=0
----------------------------------------------------------------------------------------------------
Total no ciclo: 177 itens vistos, 0 novos gravados.
====================================================================================================
[2026-08-30T13:30:14.270806+00:00] CICLO concluído: vistos=177 novos=0
====================================================================================================
CRYPTO RADAR - NEWS RADAR V1 -- COLETOR DE NOTÍCIAS
====================================================================================================
Banco:   /home/alex/projetos/crypto-radar/data/news_radar.db
Feeds:   8
Escopo:  somente coleta + sentimento léxico. Nenhuma ação de trading.
----------------------------------------------------------------------------------------------------
CoinDesk         itens_no_feed=25   novos_gravados=0
Cointelegraph    itens_no_feed=30   novos_gravados=0
Decrypt          itens_no_feed=57   novos_gravados=1
CryptoSlate      itens_no_feed=10   novos_gravados=1
BitcoinMagazine  itens_no_feed=10   novos_gravados=0
NewsBTC          itens_no_feed=10   novos_gravados=0
CryptoPotato     itens_no_feed=36   novos_gravados=1
TheBlock         itens_no_feed=19   novos_gravados=0
----------------------------------------------------------------------------------------------------
Total no ciclo: 197 itens vistos, 3 novos gravados.
====================================================================================================
[2026-08-30T14:00:13.975862+00:00] CICLO concluído: vistos=197 novos=3
====================================================================================================
CRYPTO RADAR - NEWS RADAR V1 -- COLETOR DE NOTÍCIAS
====================================================================================================
Banco:   /home/alex/projetos/crypto-radar/data/news_radar.db
Feeds:   8
Escopo:  somente coleta + sentimento léxico. Nenhuma ação de trading.
----------------------------------------------------------------------------------------------------
CoinDesk         itens_no_feed=25   novos_gravados=0
Cointelegraph    itens_no_feed=30   novos_gravados=0
Decrypt          itens_no_feed=37   novos_gravados=0
CryptoSlate      itens_no_feed=10   novos_gravados=1
BitcoinMagazine  itens_no_feed=10   novos_gravados=0
NewsBTC          itens_no_feed=10   novos_gravados=0
CryptoPotato     itens_no_feed=36   novos_gravados=0
TheBlock         itens_no_feed=19   novos_gravados=0
----------------------------------------------------------------------------------------------------
Total no ciclo: 177 itens vistos, 1 novos gravados.
====================================================================================================
[2026-08-30T14:30:14.300369+00:00] CICLO concluído: vistos=177 novos=1
====================================================================================================
CRYPTO RADAR - NEWS RADAR V1 -- COLETOR DE NOTÍCIAS
====================================================================================================
Banco:   /home/alex/projetos/crypto-radar/data/news_radar.db
Feeds:   8
Escopo:  somente coleta + sentimento léxico. Nenhuma ação de trading.
----------------------------------------------------------------------------------------------------
CoinDesk         itens_no_feed=25   novos_gravados=0
Cointelegraph    itens_no_feed=30   novos_gravados=0
Decrypt          itens_no_feed=37   novos_gravados=0
CryptoSlate      itens_no_feed=10   novos_gravados=0
BitcoinMagazine  itens_no_feed=10   novos_gravados=0
NewsBTC          itens_no_feed=10   novos_gravados=0
CryptoPotato     itens_no_feed=36   novos_gravados=0
TheBlock         itens_no_feed=19   novos_gravados=0
----------------------------------------------------------------------------------------------------
Total no ciclo: 177 itens vistos, 0 novos gravados.
====================================================================================================
[2026-08-30T15:00:13.304601+00:00] CICLO concluído: vistos=177 novos=0
====================================================================================================
CRYPTO RADAR - NEWS RADAR V1 -- COLETOR DE NOTÍCIAS
====================================================================================================
Banco:   /home/alex/projetos/crypto-radar/data/news_radar.db
Feeds:   8
Escopo:  somente coleta + sentimento léxico. Nenhuma ação de trading.
----------------------------------------------------------------------------------------------------
CoinDesk         itens_no_feed=25   novos_gravados=1
Cointelegraph    itens_no_feed=30   novos_gravados=0
Decrypt          itens_no_feed=37   novos_gravados=0
CryptoSlate      itens_no_feed=10   novos_gravados=1
BitcoinMagazine  itens_no_feed=10   novos_gravados=0
NewsBTC          itens_no_feed=10   novos_gravados=0
CryptoPotato     itens_no_feed=36   novos_gravados=1
TheBlock         itens_no_feed=19   novos_gravados=0
----------------------------------------------------------------------------------------------------
Total no ciclo: 177 itens vistos, 3 novos gravados.
====================================================================================================
[2026-08-30T15:30:14.372227+00:00] CICLO concluído: vistos=177 novos=3
====================================================================================================
CRYPTO RADAR - NEWS RADAR V1 -- COLETOR DE NOTÍCIAS
====================================================================================================
Banco:   /home/alex/projetos/crypto-radar/data/news_radar.db
Feeds:   8
Escopo:  somente coleta + sentimento léxico. Nenhuma ação de trading.
----------------------------------------------------------------------------------------------------
CoinDesk         itens_no_feed=25   novos_gravados=1
Cointelegraph    itens_no_feed=30   novos_gravados=0
Decrypt          itens_no_feed=37   novos_gravados=0
CryptoSlate      itens_no_feed=10   novos_gravados=0
BitcoinMagazine  itens_no_feed=10   novos_gravados=0
NewsBTC          itens_no_feed=10   novos_gravados=0
CryptoPotato     itens_no_feed=36   novos_gravados=0
TheBlock         itens_no_feed=19   novos_gravados=0
----------------------------------------------------------------------------------------------------
Total no ciclo: 177 itens vistos, 1 novos gravados.
====================================================================================================
[2026-08-30T16:00:13.016947+00:00] CICLO concluído: vistos=177 novos=1
====================================================================================================
CRYPTO RADAR - NEWS RADAR V1 -- COLETOR DE NOTÍCIAS
====================================================================================================
Banco:   /home/alex/projetos/crypto-radar/data/news_radar.db
Feeds:   8
Escopo:  somente coleta + sentimento léxico. Nenhuma ação de trading.
----------------------------------------------------------------------------------------------------
CoinDesk         itens_no_feed=25   novos_gravados=0
Cointelegraph    itens_no_feed=30   novos_gravados=0
Decrypt          itens_no_feed=37   novos_gravados=0
CryptoSlate      itens_no_feed=10   novos_gravados=0
BitcoinMagazine  itens_no_feed=10   novos_gravados=0
NewsBTC          itens_no_feed=10   novos_gravados=0
CryptoPotato     itens_no_feed=36   novos_gravados=0
TheBlock         itens_no_feed=19   novos_gravados=0
----------------------------------------------------------------------------------------------------
Total no ciclo: 177 itens vistos, 0 novos gravados.
====================================================================================================
[2026-08-30T16:30:12.197331+00:00] CICLO concluído: vistos=177 novos=0
====================================================================================================
CRYPTO RADAR - NEWS RADAR V1 -- COLETOR DE NOTÍCIAS
====================================================================================================
Banco:   /home/alex/projetos/crypto-radar/data/news_radar.db
Feeds:   8
Escopo:  somente coleta + sentimento léxico. Nenhuma ação de trading.
----------------------------------------------------------------------------------------------------
CoinDesk         itens_no_feed=25   novos_gravados=0
Cointelegraph    itens_no_feed=30   novos_gravados=0
Decrypt          itens_no_feed=37   novos_gravados=0
CryptoSlate      itens_no_feed=10   novos_gravados=0
BitcoinMagazine  itens_no_feed=10   novos_gravados=0
NewsBTC          itens_no_feed=10   novos_gravados=0
CryptoPotato     itens_no_feed=36   novos_gravados=1
TheBlock         itens_no_feed=19   novos_gravados=0
----------------------------------------------------------------------------------------------------
Total no ciclo: 177 itens vistos, 1 novos gravados.
====================================================================================================
[2026-08-30T17:00:12.392500+00:00] CICLO concluído: vistos=177 novos=1
====================================================================================================
CRYPTO RADAR - NEWS RADAR V1 -- COLETOR DE NOTÍCIAS
====================================================================================================
Banco:   /home/alex/projetos/crypto-radar/data/news_radar.db
Feeds:   8
Escopo:  somente coleta + sentimento léxico. Nenhuma ação de trading.
----------------------------------------------------------------------------------------------------
CoinDesk         itens_no_feed=25   novos_gravados=0
Cointelegraph    itens_no_feed=30   novos_gravados=0
Decrypt          itens_no_feed=37   novos_gravados=0
CryptoSlate      itens_no_feed=10   novos_gravados=1
BitcoinMagazine  itens_no_feed=10   novos_gravados=0
NewsBTC          itens_no_feed=10   novos_gravados=0
CryptoPotato     itens_no_feed=36   novos_gravados=0
TheBlock         itens_no_feed=19   novos_gravados=0
----------------------------------------------------------------------------------------------------
Total no ciclo: 177 itens vistos, 1 novos gravados.
====================================================================================================
[2026-08-30T17:30:15.094021+00:00] CICLO concluído: vistos=177 novos=1
====================================================================================================
CRYPTO RADAR - NEWS RADAR V1 -- COLETOR DE NOTÍCIAS
====================================================================================================
Banco:   /home/alex/projetos/crypto-radar/data/news_radar.db
Feeds:   8
Escopo:  somente coleta + sentimento léxico. Nenhuma ação de trading.
----------------------------------------------------------------------------------------------------
CoinDesk         itens_no_feed=25   novos_gravados=0
Cointelegraph    itens_no_feed=30   novos_gravados=0
Decrypt          itens_no_feed=37   novos_gravados=0
CryptoSlate      itens_no_feed=10   novos_gravados=0
BitcoinMagazine  itens_no_feed=10   novos_gravados=0
NewsBTC          itens_no_feed=10   novos_gravados=0
CryptoPotato     itens_no_feed=36   novos_gravados=1
TheBlock         itens_no_feed=19   novos_gravados=1
----------------------------------------------------------------------------------------------------
Total no ciclo: 177 itens vistos, 2 novos gravados.
====================================================================================================
[2026-08-30T18:00:13.641618+00:00] CICLO concluído: vistos=177 novos=2
====================================================================================================
CRYPTO RADAR - NEWS RADAR V1 -- COLETOR DE NOTÍCIAS
====================================================================================================
Banco:   /home/alex/projetos/crypto-radar/data/news_radar.db
Feeds:   8
Escopo:  somente coleta + sentimento léxico. Nenhuma ação de trading.
----------------------------------------------------------------------------------------------------
CoinDesk         itens_no_feed=25   novos_gravados=0
Cointelegraph    itens_no_feed=30   novos_gravados=1
Decrypt          itens_no_feed=37   novos_gravados=0
CryptoSlate      itens_no_feed=10   novos_gravados=1
BitcoinMagazine  itens_no_feed=10   novos_gravados=0
NewsBTC          itens_no_feed=10   novos_gravados=0
CryptoPotato     itens_no_feed=36   novos_gravados=0
TheBlock         itens_no_feed=19   novos_gravados=0
----------------------------------------------------------------------------------------------------
Total no ciclo: 177 itens vistos, 2 novos gravados.
====================================================================================================
[2026-08-30T18:30:12.613385+00:00] CICLO concluído: vistos=177 novos=2
====================================================================================================
CRYPTO RADAR - NEWS RADAR V1 -- COLETOR DE NOTÍCIAS
====================================================================================================
Banco:   /home/alex/projetos/crypto-radar/data/news_radar.db
Feeds:   8
Escopo:  somente coleta + sentimento léxico. Nenhuma ação de trading.
----------------------------------------------------------------------------------------------------
CoinDesk         itens_no_feed=25   novos_gravados=0
Cointelegraph    itens_no_feed=30   novos_gravados=0
Decrypt          itens_no_feed=37   novos_gravados=0
CryptoSlate      itens_no_feed=10   novos_gravados=0
BitcoinMagazine  itens_no_feed=10   novos_gravados=0
NewsBTC          itens_no_feed=10   novos_gravados=0
CryptoPotato     itens_no_feed=36   novos_gravados=0
TheBlock         itens_no_feed=19   novos_gravados=1
----------------------------------------------------------------------------------------------------
Total no ciclo: 177 itens vistos, 1 novos gravados.
====================================================================================================
[2026-08-30T19:00:13.588961+00:00] CICLO concluído: vistos=177 novos=1
====================================================================================================
CRYPTO RADAR - NEWS RADAR V1 -- COLETOR DE NOTÍCIAS
====================================================================================================
Banco:   /home/alex/projetos/crypto-radar/data/news_radar.db
Feeds:   8
Escopo:  somente coleta + sentimento léxico. Nenhuma ação de trading.
----------------------------------------------------------------------------------------------------
CoinDesk         itens_no_feed=25   novos_gravados=0
Cointelegraph    itens_no_feed=30   novos_gravados=0
Decrypt          itens_no_feed=57   novos_gravados=0
CryptoSlate      itens_no_feed=10   novos_gravados=0
BitcoinMagazine  itens_no_feed=10   novos_gravados=0
NewsBTC          itens_no_feed=10   novos_gravados=0
CryptoPotato     itens_no_feed=36   novos_gravados=1
TheBlock         itens_no_feed=19   novos_gravados=0
----------------------------------------------------------------------------------------------------
Total no ciclo: 197 itens vistos, 1 novos gravados.
====================================================================================================
[2026-08-30T19:30:18.508765+00:00] CICLO concluído: vistos=197 novos=1
====================================================================================================
CRYPTO RADAR - NEWS RADAR V1 -- COLETOR DE NOTÍCIAS
====================================================================================================
Banco:   /home/alex/projetos/crypto-radar/data/news_radar.db
Feeds:   8
Escopo:  somente coleta + sentimento léxico. Nenhuma ação de trading.
----------------------------------------------------------------------------------------------------
CoinDesk         itens_no_feed=25   novos_gravados=0
Cointelegraph    itens_no_feed=30   novos_gravados=0
Decrypt          itens_no_feed=57   novos_gravados=1
CryptoSlate      itens_no_feed=10   novos_gravados=0
BitcoinMagazine  itens_no_feed=10   novos_gravados=0
NewsBTC          itens_no_feed=10   novos_gravados=0
CryptoPotato     itens_no_feed=36   novos_gravados=0
TheBlock         itens_no_feed=19   novos_gravados=0
----------------------------------------------------------------------------------------------------
Total no ciclo: 197 itens vistos, 1 novos gravados.
====================================================================================================
[2026-08-30T20:00:15.020842+00:00] CICLO concluído: vistos=197 novos=1
====================================================================================================
CRYPTO RADAR - NEWS RADAR V1 -- COLETOR DE NOTÍCIAS
====================================================================================================
Banco:   /home/alex/projetos/crypto-radar/data/news_radar.db
Feeds:   8
Escopo:  somente coleta + sentimento léxico. Nenhuma ação de trading.
----------------------------------------------------------------------------------------------------
CoinDesk         itens_no_feed=25   novos_gravados=0
Cointelegraph    itens_no_feed=30   novos_gravados=0
Decrypt          itens_no_feed=37   novos_gravados=0
CryptoSlate      itens_no_feed=10   novos_gravados=1
BitcoinMagazine  itens_no_feed=10   novos_gravados=0
NewsBTC          itens_no_feed=10   novos_gravados=0
CryptoPotato     itens_no_feed=36   novos_gravados=0
TheBlock         itens_no_feed=19   novos_gravados=1
----------------------------------------------------------------------------------------------------
Total no ciclo: 177 itens vistos, 2 novos gravados.
====================================================================================================
[2026-08-30T20:30:17.150423+00:00] CICLO concluído: vistos=177 novos=2
====================================================================================================
CRYPTO RADAR - NEWS RADAR V1 -- COLETOR DE NOTÍCIAS
====================================================================================================
Banco:   /home/alex/projetos/crypto-radar/data/news_radar.db
Feeds:   8
Escopo:  somente coleta + sentimento léxico. Nenhuma ação de trading.
----------------------------------------------------------------------------------------------------
CoinDesk         itens_no_feed=25   novos_gravados=0
Cointelegraph    itens_no_feed=30   novos_gravados=0
Decrypt          itens_no_feed=37   novos_gravados=0
CryptoSlate      itens_no_feed=10   novos_gravados=0
BitcoinMagazine  itens_no_feed=10   novos_gravados=0
NewsBTC          itens_no_feed=10   novos_gravados=0
CryptoPotato     itens_no_feed=36   novos_gravados=0
TheBlock         itens_no_feed=19   novos_gravados=0
----------------------------------------------------------------------------------------------------
Total no ciclo: 177 itens vistos, 0 novos gravados.
====================================================================================================
[2026-08-30T21:00:12.733815+00:00] CICLO concluído: vistos=177 novos=0
====================================================================================================
CRYPTO RADAR - NEWS RADAR V1 -- COLETOR DE NOTÍCIAS
====================================================================================================
Banco:   /home/alex/projetos/crypto-radar/data/news_radar.db
Feeds:   8
Escopo:  somente coleta + sentimento léxico. Nenhuma ação de trading.
----------------------------------------------------------------------------------------------------
CoinDesk         itens_no_feed=25   novos_gravados=0
Cointelegraph    itens_no_feed=30   novos_gravados=0
Decrypt          itens_no_feed=37   novos_gravados=0
CryptoSlate      itens_no_feed=10   novos_gravados=0
BitcoinMagazine  itens_no_feed=10   novos_gravados=0
NewsBTC          itens_no_feed=10   novos_gravados=0
CryptoPotato     itens_no_feed=36   novos_gravados=0
TheBlock         itens_no_feed=19   novos_gravados=0
----------------------------------------------------------------------------------------------------
Total no ciclo: 177 itens vistos, 0 novos gravados.
====================================================================================================
[2026-08-30T21:30:13.014099+00:00] CICLO concluído: vistos=177 novos=0
====================================================================================================
CRYPTO RADAR - NEWS RADAR V1 -- COLETOR DE NOTÍCIAS
====================================================================================================
Banco:   /home/alex/projetos/crypto-radar/data/news_radar.db
Feeds:   8
Escopo:  somente coleta + sentimento léxico. Nenhuma ação de trading.
----------------------------------------------------------------------------------------------------
CoinDesk         itens_no_feed=25   novos_gravados=0
Cointelegraph    itens_no_feed=30   novos_gravados=0
Decrypt          itens_no_feed=37   novos_gravados=1
CryptoSlate      itens_no_feed=10   novos_gravados=0
BitcoinMagazine  itens_no_feed=10   novos_gravados=0
NewsBTC          itens_no_feed=10   novos_gravados=0
CryptoPotato     itens_no_feed=36   novos_gravados=1
TheBlock         itens_no_feed=19   novos_gravados=0
----------------------------------------------------------------------------------------------------
Total no ciclo: 177 itens vistos, 2 novos gravados.
====================================================================================================
[2026-08-30T22:00:12.436519+00:00] CICLO concluído: vistos=177 novos=2
====================================================================================================
CRYPTO RADAR - NEWS RADAR V1 -- COLETOR DE NOTÍCIAS
====================================================================================================
Banco:   /home/alex/projetos/crypto-radar/data/news_radar.db
Feeds:   8
Escopo:  somente coleta + sentimento léxico. Nenhuma ação de trading.
----------------------------------------------------------------------------------------------------
CoinDesk         itens_no_feed=25   novos_gravados=0
Cointelegraph    itens_no_feed=30   novos_gravados=0
Decrypt          itens_no_feed=37   novos_gravados=0
CryptoSlate      itens_no_feed=10   novos_gravados=0
BitcoinMagazine  itens_no_feed=10   novos_gravados=0
NewsBTC          itens_no_feed=10   novos_gravados=0
CryptoPotato     itens_no_feed=36   novos_gravados=0
TheBlock         itens_no_feed=19   novos_gravados=0
----------------------------------------------------------------------------------------------------
Total no ciclo: 177 itens vistos, 0 novos gravados.
====================================================================================================
[2026-08-30T22:30:13.983590+00:00] CICLO concluído: vistos=177 novos=0
====================================================================================================
CRYPTO RADAR - NEWS RADAR V1 -- COLETOR DE NOTÍCIAS
====================================================================================================
Banco:   /home/alex/projetos/crypto-radar/data/news_radar.db
Feeds:   8
Escopo:  somente coleta + sentimento léxico. Nenhuma ação de trading.
----------------------------------------------------------------------------------------------------
CoinDesk         itens_no_feed=25   novos_gravados=0
Cointelegraph    itens_no_feed=30   novos_gravados=0
Decrypt          itens_no_feed=38   novos_gravados=1
CryptoSlate      itens_no_feed=10   novos_gravados=0
BitcoinMagazine  itens_no_feed=10   novos_gravados=0
NewsBTC          itens_no_feed=10   novos_gravados=0
CryptoPotato     itens_no_feed=36   novos_gravados=0
TheBlock         itens_no_feed=19   novos_gravados=0
----------------------------------------------------------------------------------------------------
Total no ciclo: 178 itens vistos, 1 novos gravados.
====================================================================================================
[2026-08-30T23:00:17.695739+00:00] CICLO concluído: vistos=178 novos=1
====================================================================================================
CRYPTO RADAR - NEWS RADAR V1 -- COLETOR DE NOTÍCIAS
====================================================================================================
Banco:   /home/alex/projetos/crypto-radar/data/news_radar.db
Feeds:   8
Escopo:  somente coleta + sentimento léxico. Nenhuma ação de trading.
----------------------------------------------------------------------------------------------------
CoinDesk         itens_no_feed=25   novos_gravados=0
Cointelegraph    itens_no_feed=30   novos_gravados=0
Decrypt          itens_no_feed=38   novos_gravados=0
CryptoSlate      itens_no_feed=10   novos_gravados=0
BitcoinMagazine  itens_no_feed=10   novos_gravados=0
NewsBTC          itens_no_feed=10   novos_gravados=0
CryptoPotato     itens_no_feed=36   novos_gravados=0
TheBlock         itens_no_feed=19   novos_gravados=0
----------------------------------------------------------------------------------------------------
Total no ciclo: 178 itens vistos, 0 novos gravados.
====================================================================================================
[2026-08-30T23:30:17.693444+00:00] CICLO concluído: vistos=178 novos=0
====================================================================================================
CRYPTO RADAR - NEWS RADAR V1 -- COLETOR DE NOTÍCIAS
====================================================================================================
Banco:   /home/alex/projetos/crypto-radar/data/news_radar.db
Feeds:   8
Escopo:  somente coleta + sentimento léxico. Nenhuma ação de trading.
----------------------------------------------------------------------------------------------------
CoinDesk         itens_no_feed=25   novos_gravados=0
Cointelegraph    itens_no_feed=30   novos_gravados=1
Decrypt          itens_no_feed=38   novos_gravados=1
CryptoSlate      itens_no_feed=10   novos_gravados=0
BitcoinMagazine  itens_no_feed=10   novos_gravados=0
NewsBTC          itens_no_feed=10   novos_gravados=0
CryptoPotato     itens_no_feed=36   novos_gravados=0
TheBlock         itens_no_feed=19   novos_gravados=0
----------------------------------------------------------------------------------------------------
Total no ciclo: 178 itens vistos, 2 novos gravados.
====================================================================================================
[2026-08-31T00:00:12.977807+00:00] CICLO concluído: vistos=178 novos=2
====================================================================================================
CRYPTO RADAR - NEWS RADAR V1 -- COLETOR DE NOTÍCIAS
====================================================================================================
Banco:   /home/alex/projetos/crypto-radar/data/news_radar.db
Feeds:   8
Escopo:  somente coleta + sentimento léxico. Nenhuma ação de trading.
----------------------------------------------------------------------------------------------------
CoinDesk         itens_no_feed=25   novos_gravados=0
Cointelegraph    itens_no_feed=30   novos_gravados=0
Decrypt          itens_no_feed=38   novos_gravados=0
CryptoSlate      itens_no_feed=10   novos_gravados=0
BitcoinMagazine  itens_no_feed=10   novos_gravados=0
NewsBTC          itens_no_feed=10   novos_gravados=0
CryptoPotato     itens_no_feed=36   novos_gravados=0
TheBlock         itens_no_feed=19   novos_gravados=0
----------------------------------------------------------------------------------------------------
Total no ciclo: 178 itens vistos, 0 novos gravados.
====================================================================================================
[2026-08-31T00:30:12.253476+00:00] CICLO concluído: vistos=178 novos=0
====================================================================================================
CRYPTO RADAR - NEWS RADAR V1 -- COLETOR DE NOTÍCIAS
====================================================================================================
Banco:   /home/alex/projetos/crypto-radar/data/news_radar.db
Feeds:   8
Escopo:  somente coleta + sentimento léxico. Nenhuma ação de trading.
----------------------------------------------------------------------------------------------------
CoinDesk         itens_no_feed=25   novos_gravados=0
Cointelegraph    itens_no_feed=30   novos_gravados=0
Decrypt          itens_no_feed=38   novos_gravados=0
CryptoSlate      itens_no_feed=10   novos_gravados=0
BitcoinMagazine  itens_no_feed=10   novos_gravados=0
NewsBTC          itens_no_feed=10   novos_gravados=0
CryptoPotato     itens_no_feed=36   novos_gravados=0
TheBlock         itens_no_feed=19   novos_gravados=0
----------------------------------------------------------------------------------------------------
Total no ciclo: 178 itens vistos, 0 novos gravados.
====================================================================================================
[2026-08-31T01:00:13.982894+00:00] CICLO concluído: vistos=178 novos=0
====================================================================================================
CRYPTO RADAR - NEWS RADAR V1 -- COLETOR DE NOTÍCIAS
====================================================================================================
Banco:   /home/alex/projetos/crypto-radar/data/news_radar.db
Feeds:   8
Escopo:  somente coleta + sentimento léxico. Nenhuma ação de trading.
----------------------------------------------------------------------------------------------------
CoinDesk         itens_no_feed=25   novos_gravados=0
Cointelegraph    itens_no_feed=30   novos_gravados=0
Decrypt          itens_no_feed=38   novos_gravados=0
CryptoSlate      itens_no_feed=10   novos_gravados=0
BitcoinMagazine  itens_no_feed=10   novos_gravados=0
NewsBTC          itens_no_feed=10   novos_gravados=0
CryptoPotato     itens_no_feed=36   novos_gravados=0
TheBlock         itens_no_feed=19   novos_gravados=0
----------------------------------------------------------------------------------------------------
Total no ciclo: 178 itens vistos, 0 novos gravados.
====================================================================================================
[2026-08-31T01:30:13.404816+00:00] CICLO concluído: vistos=178 novos=0
====================================================================================================
CRYPTO RADAR - NEWS RADAR V1 -- COLETOR DE NOTÍCIAS
====================================================================================================
Banco:   /home/alex/projetos/crypto-radar/data/news_radar.db
Feeds:   8
Escopo:  somente coleta + sentimento léxico. Nenhuma ação de trading.
----------------------------------------------------------------------------------------------------
CoinDesk         itens_no_feed=25   novos_gravados=0
Cointelegraph    itens_no_feed=30   novos_gravados=0
Decrypt          itens_no_feed=58   novos_gravados=0
CryptoSlate      itens_no_feed=10   novos_gravados=0
BitcoinMagazine  itens_no_feed=10   novos_gravados=0
NewsBTC          itens_no_feed=10   novos_gravados=0
CryptoPotato     itens_no_feed=36   novos_gravados=0
TheBlock         itens_no_feed=19   novos_gravados=0
----------------------------------------------------------------------------------------------------
Total no ciclo: 198 itens vistos, 0 novos gravados.
====================================================================================================
[2026-08-31T02:00:13.770309+00:00] CICLO concluído: vistos=198 novos=0
====================================================================================================
CRYPTO RADAR - NEWS RADAR V1 -- COLETOR DE NOTÍCIAS
====================================================================================================
Banco:   /home/alex/projetos/crypto-radar/data/news_radar.db
Feeds:   8
Escopo:  somente coleta + sentimento léxico. Nenhuma ação de trading.
----------------------------------------------------------------------------------------------------
CoinDesk         itens_no_feed=25   novos_gravados=0
Cointelegraph    itens_no_feed=30   novos_gravados=0
Decrypt          itens_no_feed=58   novos_gravados=0
CryptoSlate      itens_no_feed=10   novos_gravados=0
BitcoinMagazine  itens_no_feed=10   novos_gravados=0
NewsBTC          itens_no_feed=10   novos_gravados=0
CryptoPotato     itens_no_feed=36   novos_gravados=0
TheBlock         itens_no_feed=19   novos_gravados=0
----------------------------------------------------------------------------------------------------
Total no ciclo: 198 itens vistos, 0 novos gravados.
====================================================================================================
[2026-08-31T02:30:13.542710+00:00] CICLO concluído: vistos=198 novos=0
====================================================================================================
CRYPTO RADAR - NEWS RADAR V1 -- COLETOR DE NOTÍCIAS
====================================================================================================
Banco:   /home/alex/projetos/crypto-radar/data/news_radar.db
Feeds:   8
Escopo:  somente coleta + sentimento léxico. Nenhuma ação de trading.
----------------------------------------------------------------------------------------------------
CoinDesk         itens_no_feed=25   novos_gravados=0
Cointelegraph    itens_no_feed=30   novos_gravados=0
Decrypt          itens_no_feed=58   novos_gravados=0
CryptoSlate      itens_no_feed=10   novos_gravados=0
BitcoinMagazine  itens_no_feed=10   novos_gravados=0
NewsBTC          itens_no_feed=10   novos_gravados=0
CryptoPotato     itens_no_feed=36   novos_gravados=0
TheBlock         itens_no_feed=19   novos_gravados=0
----------------------------------------------------------------------------------------------------
Total no ciclo: 198 itens vistos, 0 novos gravados.
====================================================================================================
[2026-08-31T03:00:13.448909+00:00] CICLO concluído: vistos=198 novos=0
====================================================================================================
CRYPTO RADAR - NEWS RADAR V1 -- COLETOR DE NOTÍCIAS
====================================================================================================
Banco:   /home/alex/projetos/crypto-radar/data/news_radar.db
Feeds:   8
Escopo:  somente coleta + sentimento léxico. Nenhuma ação de trading.
----------------------------------------------------------------------------------------------------
CoinDesk         itens_no_feed=25   novos_gravados=0
Cointelegraph    itens_no_feed=30   novos_gravados=0
Decrypt          itens_no_feed=38   novos_gravados=0
CryptoSlate      itens_no_feed=10   novos_gravados=0
BitcoinMagazine  itens_no_feed=10   novos_gravados=0
NewsBTC          itens_no_feed=10   novos_gravados=0
CryptoPotato     itens_no_feed=36   novos_gravados=0
TheBlock         itens_no_feed=19   novos_gravados=0
----------------------------------------------------------------------------------------------------
Total no ciclo: 178 itens vistos, 0 novos gravados.
====================================================================================================
[2026-08-31T03:30:14.638289+00:00] CICLO concluído: vistos=178 novos=0
====================================================================================================
CRYPTO RADAR - NEWS RADAR V1 -- COLETOR DE NOTÍCIAS
====================================================================================================
Banco:   /home/alex/projetos/crypto-radar/data/news_radar.db
Feeds:   8
Escopo:  somente coleta + sentimento léxico. Nenhuma ação de trading.
----------------------------------------------------------------------------------------------------
CoinDesk         itens_no_feed=25   novos_gravados=0
Cointelegraph    itens_no_feed=30   novos_gravados=1
Decrypt          itens_no_feed=38   novos_gravados=0
CryptoSlate      itens_no_feed=10   novos_gravados=0
BitcoinMagazine  itens_no_feed=10   novos_gravados=0
NewsBTC          itens_no_feed=10   novos_gravados=0
CryptoPotato     itens_no_feed=36   novos_gravados=0
TheBlock         itens_no_feed=19   novos_gravados=0
----------------------------------------------------------------------------------------------------
Total no ciclo: 178 itens vistos, 1 novos gravados.
====================================================================================================
[2026-08-31T04:00:13.594745+00:00] CICLO concluído: vistos=178 novos=1
====================================================================================================
CRYPTO RADAR - NEWS RADAR V1 -- COLETOR DE NOTÍCIAS
====================================================================================================
Banco:   /home/alex/projetos/crypto-radar/data/news_radar.db
Feeds:   8
Escopo:  somente coleta + sentimento léxico. Nenhuma ação de trading.
----------------------------------------------------------------------------------------------------
CoinDesk         itens_no_feed=25   novos_gravados=1
Cointelegraph    itens_no_feed=30   novos_gravados=0
Decrypt          itens_no_feed=38   novos_gravados=0
CryptoSlate      itens_no_feed=10   novos_gravados=0
BitcoinMagazine  itens_no_feed=10   novos_gravados=0
NewsBTC          itens_no_feed=10   novos_gravados=0
CryptoPotato     itens_no_feed=36   novos_gravados=0
TheBlock         itens_no_feed=19   novos_gravados=0
----------------------------------------------------------------------------------------------------
Total no ciclo: 178 itens vistos, 1 novos gravados.
====================================================================================================
[2026-08-31T04:30:14.336252+00:00] CICLO concluído: vistos=178 novos=1
====================================================================================================
CRYPTO RADAR - NEWS RADAR V1 -- COLETOR DE NOTÍCIAS
====================================================================================================
Banco:   /home/alex/projetos/crypto-radar/data/news_radar.db
Feeds:   8
Escopo:  somente coleta + sentimento léxico. Nenhuma ação de trading.
----------------------------------------------------------------------------------------------------
CoinDesk         itens_no_feed=25   novos_gravados=1
Cointelegraph    itens_no_feed=30   novos_gravados=0
Decrypt          itens_no_feed=38   novos_gravados=0
CryptoSlate      itens_no_feed=10   novos_gravados=0
BitcoinMagazine  itens_no_feed=10   novos_gravados=0
NewsBTC          itens_no_feed=10   novos_gravados=0
CryptoPotato     itens_no_feed=36   novos_gravados=1
TheBlock         itens_no_feed=19   novos_gravados=0
----------------------------------------------------------------------------------------------------
Total no ciclo: 178 itens vistos, 2 novos gravados.
====================================================================================================
[2026-08-31T05:00:16.609674+00:00] CICLO concluído: vistos=178 novos=2
====================================================================================================
CRYPTO RADAR - NEWS RADAR V1 -- COLETOR DE NOTÍCIAS
====================================================================================================
Banco:   /home/alex/projetos/crypto-radar/data/news_radar.db
Feeds:   8
Escopo:  somente coleta + sentimento léxico. Nenhuma ação de trading.
----------------------------------------------------------------------------------------------------
CoinDesk         itens_no_feed=25   novos_gravados=0
Cointelegraph    itens_no_feed=30   novos_gravados=0
Decrypt          itens_no_feed=38   novos_gravados=0
CryptoSlate      itens_no_feed=10   novos_gravados=0
BitcoinMagazine  itens_no_feed=10   novos_gravados=0
NewsBTC          itens_no_feed=10   novos_gravados=0
CryptoPotato     itens_no_feed=36   novos_gravados=0
TheBlock         itens_no_feed=19   novos_gravados=0
----------------------------------------------------------------------------------------------------
Total no ciclo: 178 itens vistos, 0 novos gravados.
====================================================================================================
[2026-08-31T05:30:13.054441+00:00] CICLO concluído: vistos=178 novos=0
====================================================================================================
CRYPTO RADAR - NEWS RADAR V1 -- COLETOR DE NOTÍCIAS
====================================================================================================
Banco:   /home/alex/projetos/crypto-radar/data/news_radar.db
Feeds:   8
Escopo:  somente coleta + sentimento léxico. Nenhuma ação de trading.
----------------------------------------------------------------------------------------------------
CoinDesk         itens_no_feed=25   novos_gravados=1
Cointelegraph    itens_no_feed=30   novos_gravados=0
Decrypt          itens_no_feed=38   novos_gravados=0
CryptoSlate      itens_no_feed=10   novos_gravados=0
BitcoinMagazine  itens_no_feed=10   novos_gravados=0
NewsBTC          itens_no_feed=10   novos_gravados=0
CryptoPotato     itens_no_feed=36   novos_gravados=1
TheBlock         itens_no_feed=19   novos_gravados=0
----------------------------------------------------------------------------------------------------
Total no ciclo: 178 itens vistos, 2 novos gravados.
====================================================================================================
[2026-08-31T06:00:14.941663+00:00] CICLO concluído: vistos=178 novos=2
====================================================================================================
CRYPTO RADAR - NEWS RADAR V1 -- COLETOR DE NOTÍCIAS
====================================================================================================
Banco:   /home/alex/projetos/crypto-radar/data/news_radar.db
Feeds:   8
Escopo:  somente coleta + sentimento léxico. Nenhuma ação de trading.
----------------------------------------------------------------------------------------------------
CoinDesk         itens_no_feed=25   novos_gravados=0
Cointelegraph    itens_no_feed=30   novos_gravados=0
Decrypt          itens_no_feed=38   novos_gravados=0
CryptoSlate      itens_no_feed=10   novos_gravados=0
BitcoinMagazine  itens_no_feed=10   novos_gravados=0
NewsBTC          itens_no_feed=10   novos_gravados=0
CryptoPotato     itens_no_feed=36   novos_gravados=0
TheBlock         itens_no_feed=19   novos_gravados=0
----------------------------------------------------------------------------------------------------
Total no ciclo: 178 itens vistos, 0 novos gravados.
====================================================================================================
[2026-08-31T06:30:14.012562+00:00] CICLO concluído: vistos=178 novos=0
====================================================================================================
CRYPTO RADAR - NEWS RADAR V1 -- COLETOR DE NOTÍCIAS
====================================================================================================
Banco:   /home/alex/projetos/crypto-radar/data/news_radar.db
Feeds:   8
Escopo:  somente coleta + sentimento léxico. Nenhuma ação de trading.
----------------------------------------------------------------------------------------------------
CoinDesk         itens_no_feed=25   novos_gravados=1
Cointelegraph    itens_no_feed=30   novos_gravados=0
Decrypt          itens_no_feed=38   novos_gravados=0
CryptoSlate      itens_no_feed=10   novos_gravados=1
BitcoinMagazine  itens_no_feed=10   novos_gravados=0
NewsBTC          itens_no_feed=10   novos_gravados=0
CryptoPotato     itens_no_feed=36   novos_gravados=1
TheBlock         itens_no_feed=19   novos_gravados=0
----------------------------------------------------------------------------------------------------
Total no ciclo: 178 itens vistos, 3 novos gravados.
====================================================================================================
[2026-08-31T07:00:13.906139+00:00] CICLO concluído: vistos=178 novos=3
====================================================================================================
CRYPTO RADAR - NEWS RADAR V1 -- COLETOR DE NOTÍCIAS
====================================================================================================
Banco:   /home/alex/projetos/crypto-radar/data/news_radar.db
Feeds:   8
Escopo:  somente coleta + sentimento léxico. Nenhuma ação de trading.
----------------------------------------------------------------------------------------------------
CoinDesk         itens_no_feed=25   novos_gravados=0
Cointelegraph    itens_no_feed=30   novos_gravados=0
Decrypt          itens_no_feed=38   novos_gravados=0
CryptoSlate      itens_no_feed=10   novos_gravados=0
BitcoinMagazine  itens_no_feed=10   novos_gravados=0
NewsBTC          itens_no_feed=10   novos_gravados=0
CryptoPotato     itens_no_feed=36   novos_gravados=0
TheBlock         itens_no_feed=19   novos_gravados=0
----------------------------------------------------------------------------------------------------
Total no ciclo: 178 itens vistos, 0 novos gravados.
====================================================================================================
[2026-08-31T07:30:13.710676+00:00] CICLO concluído: vistos=178 novos=0
====================================================================================================
CRYPTO RADAR - NEWS RADAR V1 -- COLETOR DE NOTÍCIAS
====================================================================================================
Banco:   /home/alex/projetos/crypto-radar/data/news_radar.db
Feeds:   8
Escopo:  somente coleta + sentimento léxico. Nenhuma ação de trading.
----------------------------------------------------------------------------------------------------
CoinDesk         itens_no_feed=25   novos_gravados=0
Cointelegraph    itens_no_feed=30   novos_gravados=0
Decrypt          itens_no_feed=38   novos_gravados=0
CryptoSlate      itens_no_feed=10   novos_gravados=0
BitcoinMagazine  itens_no_feed=10   novos_gravados=0
NewsBTC          itens_no_feed=10   novos_gravados=0
CryptoPotato     itens_no_feed=36   novos_gravados=0
TheBlock         itens_no_feed=19   novos_gravados=0
----------------------------------------------------------------------------------------------------
Total no ciclo: 178 itens vistos, 0 novos gravados.
====================================================================================================
[2026-08-31T08:00:13.709338+00:00] CICLO concluído: vistos=178 novos=0
====================================================================================================
CRYPTO RADAR - NEWS RADAR V1 -- COLETOR DE NOTÍCIAS
====================================================================================================
Banco:   /home/alex/projetos/crypto-radar/data/news_radar.db
Feeds:   8
Escopo:  somente coleta + sentimento léxico. Nenhuma ação de trading.
----------------------------------------------------------------------------------------------------
CoinDesk         itens_no_feed=25   novos_gravados=3
Cointelegraph    itens_no_feed=30   novos_gravados=0
Decrypt          itens_no_feed=58   novos_gravados=0
CryptoSlate      itens_no_feed=10   novos_gravados=1
BitcoinMagazine  itens_no_feed=10   novos_gravados=0
NewsBTC          itens_no_feed=10   novos_gravados=0
CryptoPotato     itens_no_feed=36   novos_gravados=1
TheBlock         itens_no_feed=19   novos_gravados=1
----------------------------------------------------------------------------------------------------
Total no ciclo: 198 itens vistos, 6 novos gravados.
====================================================================================================
[2026-08-31T08:30:14.957594+00:00] CICLO concluído: vistos=198 novos=6
====================================================================================================
CRYPTO RADAR - NEWS RADAR V1 -- COLETOR DE NOTÍCIAS
====================================================================================================
Banco:   /home/alex/projetos/crypto-radar/data/news_radar.db
Feeds:   8
Escopo:  somente coleta + sentimento léxico. Nenhuma ação de trading.
----------------------------------------------------------------------------------------------------
CoinDesk         itens_no_feed=25   novos_gravados=0
Cointelegraph    itens_no_feed=30   novos_gravados=0
Decrypt          itens_no_feed=58   novos_gravados=0
CryptoSlate      itens_no_feed=10   novos_gravados=0
BitcoinMagazine  itens_no_feed=10   novos_gravados=0
NewsBTC          itens_no_feed=10   novos_gravados=0
CryptoPotato     itens_no_feed=36   novos_gravados=0
TheBlock         itens_no_feed=19   novos_gravados=0
----------------------------------------------------------------------------------------------------
Total no ciclo: 198 itens vistos, 0 novos gravados.
====================================================================================================
[2026-08-31T09:00:12.261908+00:00] CICLO concluído: vistos=198 novos=0
====================================================================================================
CRYPTO RADAR - NEWS RADAR V1 -- COLETOR DE NOTÍCIAS
====================================================================================================
Banco:   /home/alex/projetos/crypto-radar/data/news_radar.db
Feeds:   8
Escopo:  somente coleta + sentimento léxico. Nenhuma ação de trading.
----------------------------------------------------------------------------------------------------
CoinDesk         itens_no_feed=25   novos_gravados=0
Cointelegraph    itens_no_feed=30   novos_gravados=1
Decrypt          itens_no_feed=58   novos_gravados=0
CryptoSlate      itens_no_feed=10   novos_gravados=0
BitcoinMagazine  itens_no_feed=10   novos_gravados=0
NewsBTC          itens_no_feed=10   novos_gravados=0
CryptoPotato     itens_no_feed=36   novos_gravados=0
TheBlock         itens_no_feed=19   novos_gravados=0
----------------------------------------------------------------------------------------------------
Total no ciclo: 198 itens vistos, 1 novos gravados.
====================================================================================================
[2026-08-31T09:30:19.577741+00:00] CICLO concluído: vistos=198 novos=1
====================================================================================================
CRYPTO RADAR - NEWS RADAR V1 -- COLETOR DE NOTÍCIAS
====================================================================================================
Banco:   /home/alex/projetos/crypto-radar/data/news_radar.db
Feeds:   8
Escopo:  somente coleta + sentimento léxico. Nenhuma ação de trading.
----------------------------------------------------------------------------------------------------
CoinDesk         itens_no_feed=25   novos_gravados=0
Cointelegraph    itens_no_feed=30   novos_gravados=0
Decrypt          itens_no_feed=38   novos_gravados=1
CryptoSlate      itens_no_feed=10   novos_gravados=0
BitcoinMagazine  itens_no_feed=10   novos_gravados=0
NewsBTC          itens_no_feed=10   novos_gravados=0
CryptoPotato     itens_no_feed=36   novos_gravados=1
TheBlock         itens_no_feed=19   novos_gravados=0
----------------------------------------------------------------------------------------------------
Total no ciclo: 178 itens vistos, 2 novos gravados.
====================================================================================================
[2026-08-31T10:00:14.363596+00:00] CICLO concluído: vistos=178 novos=2
====================================================================================================
CRYPTO RADAR - NEWS RADAR V1 -- COLETOR DE NOTÍCIAS
====================================================================================================
Banco:   /home/alex/projetos/crypto-radar/data/news_radar.db
Feeds:   8
Escopo:  somente coleta + sentimento léxico. Nenhuma ação de trading.
----------------------------------------------------------------------------------------------------
CoinDesk         itens_no_feed=25   novos_gravados=0
Cointelegraph    itens_no_feed=30   novos_gravados=0
Decrypt          itens_no_feed=38   novos_gravados=0
CryptoSlate      itens_no_feed=10   novos_gravados=1
BitcoinMagazine  itens_no_feed=10   novos_gravados=0
NewsBTC          itens_no_feed=10   novos_gravados=0
CryptoPotato     itens_no_feed=36   novos_gravados=0
TheBlock         itens_no_feed=19   novos_gravados=0
----------------------------------------------------------------------------------------------------
Total no ciclo: 178 itens vistos, 1 novos gravados.
====================================================================================================
[2026-08-31T10:30:18.375902+00:00] CICLO concluído: vistos=178 novos=1
====================================================================================================
CRYPTO RADAR - NEWS RADAR V1 -- COLETOR DE NOTÍCIAS
====================================================================================================
Banco:   /home/alex/projetos/crypto-radar/data/news_radar.db
Feeds:   8
Escopo:  somente coleta + sentimento léxico. Nenhuma ação de trading.
----------------------------------------------------------------------------------------------------
CoinDesk         itens_no_feed=25   novos_gravados=1
Cointelegraph    itens_no_feed=30   novos_gravados=1
Decrypt          itens_no_feed=38   novos_gravados=0
CryptoSlate      itens_no_feed=10   novos_gravados=0
BitcoinMagazine  itens_no_feed=10   novos_gravados=0
NewsBTC          itens_no_feed=10   novos_gravados=1
CryptoPotato     itens_no_feed=36   novos_gravados=1
TheBlock         itens_no_feed=19   novos_gravados=0
----------------------------------------------------------------------------------------------------
Total no ciclo: 178 itens vistos, 4 novos gravados.
====================================================================================================
[2026-08-31T11:00:14.084663+00:00] CICLO concluído: vistos=178 novos=4
====================================================================================================
CRYPTO RADAR - NEWS RADAR V1 -- COLETOR DE NOTÍCIAS
====================================================================================================
Banco:   /home/alex/projetos/crypto-radar/data/news_radar.db
Feeds:   8
Escopo:  somente coleta + sentimento léxico. Nenhuma ação de trading.
----------------------------------------------------------------------------------------------------
CoinDesk         itens_no_feed=25   novos_gravados=1
Cointelegraph    itens_no_feed=30   novos_gravados=0
Decrypt          itens_no_feed=38   novos_gravados=1
CryptoSlate      itens_no_feed=10   novos_gravados=0
BitcoinMagazine  itens_no_feed=10   novos_gravados=0
NewsBTC          itens_no_feed=10   novos_gravados=1
CryptoPotato     itens_no_feed=36   novos_gravados=0
TheBlock         itens_no_feed=19   novos_gravados=0
----------------------------------------------------------------------------------------------------
Total no ciclo: 178 itens vistos, 3 novos gravados.
====================================================================================================
[2026-08-31T11:30:14.703486+00:00] CICLO concluído: vistos=178 novos=3
====================================================================================================
CRYPTO RADAR - NEWS RADAR V1 -- COLETOR DE NOTÍCIAS
====================================================================================================
Banco:   /home/alex/projetos/crypto-radar/data/news_radar.db
Feeds:   8
Escopo:  somente coleta + sentimento léxico. Nenhuma ação de trading.
----------------------------------------------------------------------------------------------------
CoinDesk         itens_no_feed=25   novos_gravados=2
Cointelegraph    itens_no_feed=30   novos_gravados=1
Decrypt          itens_no_feed=38   novos_gravados=0
CryptoSlate      itens_no_feed=10   novos_gravados=1
BitcoinMagazine  itens_no_feed=10   novos_gravados=0
NewsBTC          itens_no_feed=10   novos_gravados=0
CryptoPotato     itens_no_feed=36   novos_gravados=0
TheBlock         itens_no_feed=19   novos_gravados=0
----------------------------------------------------------------------------------------------------
Total no ciclo: 178 itens vistos, 4 novos gravados.
====================================================================================================
[2026-08-31T12:00:13.863691+00:00] CICLO concluído: vistos=178 novos=4
====================================================================================================
CRYPTO RADAR - NEWS RADAR V1 -- COLETOR DE NOTÍCIAS
====================================================================================================
Banco:   /home/alex/projetos/crypto-radar/data/news_radar.db
Feeds:   8
Escopo:  somente coleta + sentimento léxico. Nenhuma ação de trading.
----------------------------------------------------------------------------------------------------
CoinDesk         itens_no_feed=25   novos_gravados=1
Cointelegraph    itens_no_feed=30   novos_gravados=0
Decrypt          itens_no_feed=38   novos_gravados=1
CryptoSlate      itens_no_feed=10   novos_gravados=0
BitcoinMagazine  itens_no_feed=10   novos_gravados=0
NewsBTC          itens_no_feed=10   novos_gravados=1
CryptoPotato     itens_no_feed=36   novos_gravados=1
TheBlock         itens_no_feed=19   novos_gravados=0
----------------------------------------------------------------------------------------------------
Total no ciclo: 178 itens vistos, 4 novos gravados.
====================================================================================================
[2026-08-31T12:30:14.718852+00:00] CICLO concluído: vistos=178 novos=4
====================================================================================================
CRYPTO RADAR - NEWS RADAR V1 -- COLETOR DE NOTÍCIAS
====================================================================================================
Banco:   /home/alex/projetos/crypto-radar/data/news_radar.db
Feeds:   8
Escopo:  somente coleta + sentimento léxico. Nenhuma ação de trading.
----------------------------------------------------------------------------------------------------
CoinDesk         itens_no_feed=25   novos_gravados=1
Cointelegraph    itens_no_feed=30   novos_gravados=1
Decrypt          itens_no_feed=39   novos_gravados=1
CryptoSlate      itens_no_feed=10   novos_gravados=1
BitcoinMagazine  itens_no_feed=10   novos_gravados=0
NewsBTC          itens_no_feed=10   novos_gravados=0
CryptoPotato     itens_no_feed=36   novos_gravados=1
TheBlock         itens_no_feed=19   novos_gravados=0
----------------------------------------------------------------------------------------------------
Total no ciclo: 179 itens vistos, 5 novos gravados.
====================================================================================================
[2026-08-31T13:00:15.018027+00:00] CICLO concluído: vistos=179 novos=5
====================================================================================================
CRYPTO RADAR - NEWS RADAR V1 -- COLETOR DE NOTÍCIAS
====================================================================================================
Banco:   /home/alex/projetos/crypto-radar/data/news_radar.db
Feeds:   8
Escopo:  somente coleta + sentimento léxico. Nenhuma ação de trading.
----------------------------------------------------------------------------------------------------
CoinDesk         itens_no_feed=25   novos_gravados=0
Cointelegraph    itens_no_feed=30   novos_gravados=1
Decrypt          itens_no_feed=39   novos_gravados=0
CryptoSlate      itens_no_feed=10   novos_gravados=0
BitcoinMagazine  itens_no_feed=10   novos_gravados=0
NewsBTC          itens_no_feed=10   novos_gravados=1
CryptoPotato     itens_no_feed=36   novos_gravados=1
TheBlock         itens_no_feed=19   novos_gravados=1
----------------------------------------------------------------------------------------------------
Total no ciclo: 179 itens vistos, 4 novos gravados.
====================================================================================================
[2026-08-31T13:30:13.838363+00:00] CICLO concluído: vistos=179 novos=4
====================================================================================================
CRYPTO RADAR - NEWS RADAR V1 -- COLETOR DE NOTÍCIAS
====================================================================================================
Banco:   /home/alex/projetos/crypto-radar/data/news_radar.db
Feeds:   8
Escopo:  somente coleta + sentimento léxico. Nenhuma ação de trading.
----------------------------------------------------------------------------------------------------
CoinDesk         itens_no_feed=25   novos_gravados=1
Cointelegraph    itens_no_feed=30   novos_gravados=2
Decrypt          itens_no_feed=39   novos_gravados=0
CryptoSlate      itens_no_feed=10   novos_gravados=1
BitcoinMagazine  itens_no_feed=10   novos_gravados=0
NewsBTC          itens_no_feed=10   novos_gravados=1
CryptoPotato     itens_no_feed=36   novos_gravados=0
TheBlock         itens_no_feed=19   novos_gravados=0
----------------------------------------------------------------------------------------------------
Total no ciclo: 179 itens vistos, 5 novos gravados.
====================================================================================================
[2026-08-31T14:00:13.505936+00:00] CICLO concluído: vistos=179 novos=5
====================================================================================================
CRYPTO RADAR - NEWS RADAR V1 -- COLETOR DE NOTÍCIAS
====================================================================================================
Banco:   /home/alex/projetos/crypto-radar/data/news_radar.db
Feeds:   8
Escopo:  somente coleta + sentimento léxico. Nenhuma ação de trading.
----------------------------------------------------------------------------------------------------
CoinDesk         itens_no_feed=25   novos_gravados=0
Cointelegraph    itens_no_feed=30   novos_gravados=0
Decrypt          itens_no_feed=39   novos_gravados=1
CryptoSlate      itens_no_feed=10   novos_gravados=0
BitcoinMagazine  itens_no_feed=10   novos_gravados=1
NewsBTC          itens_no_feed=10   novos_gravados=1
CryptoPotato     itens_no_feed=36   novos_gravados=2
TheBlock         itens_no_feed=19   novos_gravados=1
----------------------------------------------------------------------------------------------------
Total no ciclo: 179 itens vistos, 6 novos gravados.
====================================================================================================
[2026-08-31T14:30:14.945141+00:00] CICLO concluído: vistos=179 novos=6
====================================================================================================
CRYPTO RADAR - NEWS RADAR V1 -- COLETOR DE NOTÍCIAS
====================================================================================================
Banco:   /home/alex/projetos/crypto-radar/data/news_radar.db
Feeds:   8
Escopo:  somente coleta + sentimento léxico. Nenhuma ação de trading.
----------------------------------------------------------------------------------------------------
CoinDesk         itens_no_feed=25   novos_gravados=1
Cointelegraph    itens_no_feed=30   novos_gravados=1
Decrypt          itens_no_feed=39   novos_gravados=1
CryptoSlate      itens_no_feed=10   novos_gravados=1
BitcoinMagazine  itens_no_feed=10   novos_gravados=0
NewsBTC          itens_no_feed=10   novos_gravados=0
CryptoPotato     itens_no_feed=36   novos_gravados=0
TheBlock         itens_no_feed=19   novos_gravados=0
----------------------------------------------------------------------------------------------------
Total no ciclo: 179 itens vistos, 4 novos gravados.
====================================================================================================
[2026-08-31T15:00:13.342106+00:00] CICLO concluído: vistos=179 novos=4
====================================================================================================
CRYPTO RADAR - NEWS RADAR V1 -- COLETOR DE NOTÍCIAS
====================================================================================================
Banco:   /home/alex/projetos/crypto-radar/data/news_radar.db
Feeds:   8
Escopo:  somente coleta + sentimento léxico. Nenhuma ação de trading.
----------------------------------------------------------------------------------------------------
CoinDesk         itens_no_feed=25   novos_gravados=0
Cointelegraph    itens_no_feed=30   novos_gravados=1
Decrypt          itens_no_feed=39   novos_gravados=0
CryptoSlate      itens_no_feed=10   novos_gravados=0
BitcoinMagazine  itens_no_feed=10   novos_gravados=1
NewsBTC          itens_no_feed=10   novos_gravados=1
CryptoPotato     itens_no_feed=36   novos_gravados=1
TheBlock         itens_no_feed=19   novos_gravados=2
----------------------------------------------------------------------------------------------------
Total no ciclo: 179 itens vistos, 6 novos gravados.
====================================================================================================
[2026-08-31T15:30:14.004430+00:00] CICLO concluído: vistos=179 novos=6
====================================================================================================
CRYPTO RADAR - NEWS RADAR V1 -- COLETOR DE NOTÍCIAS
====================================================================================================
Banco:   /home/alex/projetos/crypto-radar/data/news_radar.db
Feeds:   8
Escopo:  somente coleta + sentimento léxico. Nenhuma ação de trading.
----------------------------------------------------------------------------------------------------
CoinDesk         itens_no_feed=25   novos_gravados=1
Cointelegraph    itens_no_feed=30   novos_gravados=1
Decrypt          itens_no_feed=39   novos_gravados=1
CryptoSlate      itens_no_feed=10   novos_gravados=1
BitcoinMagazine  itens_no_feed=10   novos_gravados=0
NewsBTC          itens_no_feed=10   novos_gravados=0
CryptoPotato     itens_no_feed=36   novos_gravados=0
TheBlock         itens_no_feed=19   novos_gravados=1
----------------------------------------------------------------------------------------------------
Total no ciclo: 179 itens vistos, 5 novos gravados.
====================================================================================================
[2026-08-31T16:00:13.533786+00:00] CICLO concluído: vistos=179 novos=5
====================================================================================================
CRYPTO RADAR - NEWS RADAR V1 -- COLETOR DE NOTÍCIAS
====================================================================================================
Banco:   /home/alex/projetos/crypto-radar/data/news_radar.db
Feeds:   8
Escopo:  somente coleta + sentimento léxico. Nenhuma ação de trading.
----------------------------------------------------------------------------------------------------
CoinDesk         itens_no_feed=25   novos_gravados=0
Cointelegraph    itens_no_feed=30   novos_gravados=0
Decrypt          itens_no_feed=58   novos_gravados=0
CryptoSlate      itens_no_feed=10   novos_gravados=0
BitcoinMagazine  itens_no_feed=10   novos_gravados=0
NewsBTC          itens_no_feed=10   novos_gravados=1
CryptoPotato     itens_no_feed=36   novos_gravados=0
TheBlock         itens_no_feed=19   novos_gravados=0
----------------------------------------------------------------------------------------------------
Total no ciclo: 198 itens vistos, 1 novos gravados.
====================================================================================================
[2026-08-31T16:30:17.837444+00:00] CICLO concluído: vistos=198 novos=1
====================================================================================================
CRYPTO RADAR - NEWS RADAR V1 -- COLETOR DE NOTÍCIAS
====================================================================================================
Banco:   /home/alex/projetos/crypto-radar/data/news_radar.db
Feeds:   8
Escopo:  somente coleta + sentimento léxico. Nenhuma ação de trading.
----------------------------------------------------------------------------------------------------
CoinDesk         itens_no_feed=25   novos_gravados=0
Cointelegraph    itens_no_feed=30   novos_gravados=2
Decrypt          itens_no_feed=58   novos_gravados=1
CryptoSlate      itens_no_feed=10   novos_gravados=0
BitcoinMagazine  itens_no_feed=10   novos_gravados=1
NewsBTC          itens_no_feed=10   novos_gravados=1
CryptoPotato     itens_no_feed=36   novos_gravados=1
TheBlock         itens_no_feed=19   novos_gravados=0
----------------------------------------------------------------------------------------------------
Total no ciclo: 198 itens vistos, 6 novos gravados.
====================================================================================================
[2026-08-31T17:00:18.475935+00:00] CICLO concluído: vistos=198 novos=6
====================================================================================================
CRYPTO RADAR - NEWS RADAR V1 -- COLETOR DE NOTÍCIAS
====================================================================================================
Banco:   /home/alex/projetos/crypto-radar/data/news_radar.db
Feeds:   8
Escopo:  somente coleta + sentimento léxico. Nenhuma ação de trading.
----------------------------------------------------------------------------------------------------
CoinDesk         itens_no_feed=25   novos_gravados=0
Cointelegraph    itens_no_feed=30   novos_gravados=0
Decrypt          itens_no_feed=38   novos_gravados=1
CryptoSlate      itens_no_feed=10   novos_gravados=1
BitcoinMagazine  itens_no_feed=10   novos_gravados=1
NewsBTC          itens_no_feed=10   novos_gravados=0
CryptoPotato     itens_no_feed=36   novos_gravados=0
TheBlock         itens_no_feed=19   novos_gravados=0
----------------------------------------------------------------------------------------------------
Total no ciclo: 178 itens vistos, 3 novos gravados.
====================================================================================================
[2026-08-31T17:30:13.877682+00:00] CICLO concluído: vistos=178 novos=3
====================================================================================================
CRYPTO RADAR - NEWS RADAR V1 -- COLETOR DE NOTÍCIAS
====================================================================================================
Banco:   /home/alex/projetos/crypto-radar/data/news_radar.db
Feeds:   8
Escopo:  somente coleta + sentimento léxico. Nenhuma ação de trading.
----------------------------------------------------------------------------------------------------
CoinDesk         itens_no_feed=25   novos_gravados=0
Cointelegraph    itens_no_feed=30   novos_gravados=1
Decrypt          itens_no_feed=38   novos_gravados=1
CryptoSlate      itens_no_feed=10   novos_gravados=0
BitcoinMagazine  itens_no_feed=10   novos_gravados=0
NewsBTC          itens_no_feed=10   novos_gravados=1
CryptoPotato     itens_no_feed=36   novos_gravados=0
TheBlock         itens_no_feed=19   novos_gravados=0
----------------------------------------------------------------------------------------------------
Total no ciclo: 178 itens vistos, 3 novos gravados.
====================================================================================================
[2026-08-31T18:00:14.313608+00:00] CICLO concluído: vistos=178 novos=3
====================================================================================================
CRYPTO RADAR - NEWS RADAR V1 -- COLETOR DE NOTÍCIAS
====================================================================================================
Banco:   /home/alex/projetos/crypto-radar/data/news_radar.db
Feeds:   8
Escopo:  somente coleta + sentimento léxico. Nenhuma ação de trading.
----------------------------------------------------------------------------------------------------
CoinDesk         itens_no_feed=25   novos_gravados=0
Cointelegraph    itens_no_feed=30   novos_gravados=0
Decrypt          itens_no_feed=38   novos_gravados=0
CryptoSlate      itens_no_feed=10   novos_gravados=1
BitcoinMagazine  itens_no_feed=10   novos_gravados=0
NewsBTC          itens_no_feed=10   novos_gravados=0
CryptoPotato     itens_no_feed=36   novos_gravados=1
TheBlock         itens_no_feed=19   novos_gravados=2
----------------------------------------------------------------------------------------------------
Total no ciclo: 178 itens vistos, 4 novos gravados.
====================================================================================================
[2026-08-31T18:30:13.332071+00:00] CICLO concluído: vistos=178 novos=4
====================================================================================================
CRYPTO RADAR - NEWS RADAR V1 -- COLETOR DE NOTÍCIAS
====================================================================================================
Banco:   /home/alex/projetos/crypto-radar/data/news_radar.db
Feeds:   8
Escopo:  somente coleta + sentimento léxico. Nenhuma ação de trading.
----------------------------------------------------------------------------------------------------
CoinDesk         itens_no_feed=25   novos_gravados=0
Cointelegraph    itens_no_feed=30   novos_gravados=0
Decrypt          itens_no_feed=38   novos_gravados=1
CryptoSlate      itens_no_feed=10   novos_gravados=0
BitcoinMagazine  itens_no_feed=10   novos_gravados=0
NewsBTC          itens_no_feed=10   novos_gravados=0
CryptoPotato     itens_no_feed=36   novos_gravados=0
TheBlock         itens_no_feed=19   novos_gravados=0
----------------------------------------------------------------------------------------------------
Total no ciclo: 178 itens vistos, 1 novos gravados.
====================================================================================================
[2026-08-31T19:00:18.498862+00:00] CICLO concluído: vistos=178 novos=1
====================================================================================================
CRYPTO RADAR - NEWS RADAR V1 -- COLETOR DE NOTÍCIAS
====================================================================================================
Banco:   /home/alex/projetos/crypto-radar/data/news_radar.db
Feeds:   8
Escopo:  somente coleta + sentimento léxico. Nenhuma ação de trading.
----------------------------------------------------------------------------------------------------
CoinDesk         itens_no_feed=25   novos_gravados=0
Cointelegraph    itens_no_feed=30   novos_gravados=0
Decrypt          itens_no_feed=38   novos_gravados=0
CryptoSlate      itens_no_feed=10   novos_gravados=0
BitcoinMagazine  itens_no_feed=10   novos_gravados=0
NewsBTC          itens_no_feed=10   novos_gravados=0
CryptoPotato     itens_no_feed=36   novos_gravados=0
TheBlock         itens_no_feed=19   novos_gravados=0
----------------------------------------------------------------------------------------------------
Total no ciclo: 178 itens vistos, 0 novos gravados.
====================================================================================================
[2026-08-31T19:30:24.151112+00:00] CICLO concluído: vistos=178 novos=0
====================================================================================================
CRYPTO RADAR - NEWS RADAR V1 -- COLETOR DE NOTÍCIAS
====================================================================================================
Banco:   /home/alex/projetos/crypto-radar/data/news_radar.db
Feeds:   8
Escopo:  somente coleta + sentimento léxico. Nenhuma ação de trading.
----------------------------------------------------------------------------------------------------
CoinDesk         itens_no_feed=25   novos_gravados=0
Cointelegraph    itens_no_feed=30   novos_gravados=0
Decrypt          itens_no_feed=38   novos_gravados=1
CryptoSlate      itens_no_feed=10   novos_gravados=1
BitcoinMagazine  itens_no_feed=10   novos_gravados=1
NewsBTC          itens_no_feed=10   novos_gravados=0
CryptoPotato     itens_no_feed=36   novos_gravados=1
TheBlock         itens_no_feed=19   novos_gravados=0
----------------------------------------------------------------------------------------------------
Total no ciclo: 178 itens vistos, 4 novos gravados.
====================================================================================================
[2026-08-31T20:00:15.986652+00:00] CICLO concluído: vistos=178 novos=4
====================================================================================================
CRYPTO RADAR - NEWS RADAR V1 -- COLETOR DE NOTÍCIAS
====================================================================================================
Banco:   /home/alex/projetos/crypto-radar/data/news_radar.db
Feeds:   8
Escopo:  somente coleta + sentimento léxico. Nenhuma ação de trading.
----------------------------------------------------------------------------------------------------
CoinDesk         itens_no_feed=25   novos_gravados=0
Cointelegraph    itens_no_feed=30   novos_gravados=0
Decrypt          itens_no_feed=38   novos_gravados=1
CryptoSlate      itens_no_feed=10   novos_gravados=0
BitcoinMagazine  itens_no_feed=10   novos_gravados=0
NewsBTC          itens_no_feed=10   novos_gravados=0
CryptoPotato     itens_no_feed=36   novos_gravados=0
TheBlock         itens_no_feed=19   novos_gravados=1
----------------------------------------------------------------------------------------------------
Total no ciclo: 178 itens vistos, 2 novos gravados.
====================================================================================================
[2026-08-31T20:30:13.369654+00:00] CICLO concluído: vistos=178 novos=2
====================================================================================================
CRYPTO RADAR - NEWS RADAR V1 -- COLETOR DE NOTÍCIAS
====================================================================================================
Banco:   /home/alex/projetos/crypto-radar/data/news_radar.db
Feeds:   8
Escopo:  somente coleta + sentimento léxico. Nenhuma ação de trading.
----------------------------------------------------------------------------------------------------
CoinDesk         itens_no_feed=25   novos_gravados=1
Cointelegraph    itens_no_feed=30   novos_gravados=1
Decrypt          itens_no_feed=38   novos_gravados=0
CryptoSlate      itens_no_feed=10   novos_gravados=1
BitcoinMagazine  itens_no_feed=10   novos_gravados=1
NewsBTC          itens_no_feed=10   novos_gravados=0
CryptoPotato     itens_no_feed=36   novos_gravados=0
TheBlock         itens_no_feed=19   novos_gravados=0
----------------------------------------------------------------------------------------------------
Total no ciclo: 178 itens vistos, 4 novos gravados.
====================================================================================================
[2026-08-31T21:00:13.475775+00:00] CICLO concluído: vistos=178 novos=4
====================================================================================================
CRYPTO RADAR - NEWS RADAR V1 -- COLETOR DE NOTÍCIAS
====================================================================================================
Banco:   /home/alex/projetos/crypto-radar/data/news_radar.db
Feeds:   8
Escopo:  somente coleta + sentimento léxico. Nenhuma ação de trading.
----------------------------------------------------------------------------------------------------
CoinDesk         itens_no_feed=25   novos_gravados=0
Cointelegraph    itens_no_feed=30   novos_gravados=0
Decrypt          itens_no_feed=38   novos_gravados=1
CryptoSlate      itens_no_feed=10   novos_gravados=0
BitcoinMagazine  itens_no_feed=10   novos_gravados=0
NewsBTC          itens_no_feed=10   novos_gravados=0
CryptoPotato     itens_no_feed=36   novos_gravados=1
TheBlock         itens_no_feed=19   novos_gravados=0
----------------------------------------------------------------------------------------------------
Total no ciclo: 178 itens vistos, 2 novos gravados.
====================================================================================================
[2026-08-31T21:30:23.867650+00:00] CICLO concluído: vistos=178 novos=2
====================================================================================================
CRYPTO RADAR - NEWS RADAR V1 -- COLETOR DE NOTÍCIAS
====================================================================================================
Banco:   /home/alex/projetos/crypto-radar/data/news_radar.db
Feeds:   8
Escopo:  somente coleta + sentimento léxico. Nenhuma ação de trading.
----------------------------------------------------------------------------------------------------
CoinDesk         itens_no_feed=25   novos_gravados=0
Cointelegraph    itens_no_feed=30   novos_gravados=0
Decrypt          itens_no_feed=38   novos_gravados=1
CryptoSlate      itens_no_feed=10   novos_gravados=1
BitcoinMagazine  itens_no_feed=10   novos_gravados=0
NewsBTC          itens_no_feed=10   novos_gravados=0
CryptoPotato     itens_no_feed=36   novos_gravados=0
TheBlock         itens_no_feed=18   novos_gravados=0
----------------------------------------------------------------------------------------------------
Total no ciclo: 177 itens vistos, 2 novos gravados.
====================================================================================================
[2026-08-31T22:00:13.134436+00:00] CICLO concluído: vistos=177 novos=2
====================================================================================================
CRYPTO RADAR - NEWS RADAR V1 -- COLETOR DE NOTÍCIAS
====================================================================================================
Banco:   /home/alex/projetos/crypto-radar/data/news_radar.db
Feeds:   8
Escopo:  somente coleta + sentimento léxico. Nenhuma ação de trading.
----------------------------------------------------------------------------------------------------
CoinDesk         itens_no_feed=25   novos_gravados=0
Cointelegraph    itens_no_feed=30   novos_gravados=0
Decrypt          itens_no_feed=38   novos_gravados=0
CryptoSlate      itens_no_feed=10   novos_gravados=0
BitcoinMagazine  itens_no_feed=10   novos_gravados=0
NewsBTC          itens_no_feed=10   novos_gravados=0
CryptoPotato     itens_no_feed=36   novos_gravados=0
TheBlock         itens_no_feed=18   novos_gravados=1
----------------------------------------------------------------------------------------------------
Total no ciclo: 177 itens vistos, 1 novos gravados.
====================================================================================================
[2026-08-31T22:30:12.732854+00:00] CICLO concluído: vistos=177 novos=1
====================================================================================================
CRYPTO RADAR - NEWS RADAR V1 -- COLETOR DE NOTÍCIAS
====================================================================================================
Banco:   /home/alex/projetos/crypto-radar/data/news_radar.db
Feeds:   8
Escopo:  somente coleta + sentimento léxico. Nenhuma ação de trading.
----------------------------------------------------------------------------------------------------
CoinDesk         itens_no_feed=25   novos_gravados=0
Cointelegraph    itens_no_feed=30   novos_gravados=0
Decrypt          itens_no_feed=38   novos_gravados=0
CryptoSlate      itens_no_feed=10   novos_gravados=1
BitcoinMagazine  itens_no_feed=10   novos_gravados=0
NewsBTC          itens_no_feed=10   novos_gravados=0
CryptoPotato     itens_no_feed=36   novos_gravados=1
TheBlock         itens_no_feed=18   novos_gravados=0
----------------------------------------------------------------------------------------------------
Total no ciclo: 177 itens vistos, 2 novos gravados.
====================================================================================================
[2026-08-31T23:00:13.514736+00:00] CICLO concluído: vistos=177 novos=2
====================================================================================================
CRYPTO RADAR - NEWS RADAR V1 -- COLETOR DE NOTÍCIAS
====================================================================================================
Banco:   /home/alex/projetos/crypto-radar/data/news_radar.db
Feeds:   8
Escopo:  somente coleta + sentimento léxico. Nenhuma ação de trading.
----------------------------------------------------------------------------------------------------
CoinDesk         itens_no_feed=25   novos_gravados=0
Cointelegraph    itens_no_feed=30   novos_gravados=0
Decrypt          itens_no_feed=58   novos_gravados=0
CryptoSlate      itens_no_feed=10   novos_gravados=1
BitcoinMagazine  itens_no_feed=10   novos_gravados=0
NewsBTC          itens_no_feed=10   novos_gravados=0
CryptoPotato     itens_no_feed=36   novos_gravados=0
TheBlock         itens_no_feed=18   novos_gravados=0
----------------------------------------------------------------------------------------------------
Total no ciclo: 197 itens vistos, 1 novos gravados.
====================================================================================================
[2026-08-31T23:30:13.591970+00:00] CICLO concluído: vistos=197 novos=1
====================================================================================================
CRYPTO RADAR - NEWS RADAR V1 -- COLETOR DE NOTÍCIAS
====================================================================================================
Banco:   /home/alex/projetos/crypto-radar/data/news_radar.db
Feeds:   8
Escopo:  somente coleta + sentimento léxico. Nenhuma ação de trading.
----------------------------------------------------------------------------------------------------
CoinDesk         itens_no_feed=25   novos_gravados=0
Cointelegraph    itens_no_feed=30   novos_gravados=0
Decrypt          itens_no_feed=58   novos_gravados=0
CryptoSlate      itens_no_feed=10   novos_gravados=0
BitcoinMagazine  itens_no_feed=10   novos_gravados=0
NewsBTC          itens_no_feed=10   novos_gravados=0
CryptoPotato     itens_no_feed=36   novos_gravados=0
TheBlock         itens_no_feed=18   novos_gravados=0
----------------------------------------------------------------------------------------------------
Total no ciclo: 197 itens vistos, 0 novos gravados.
====================================================================================================
[2026-09-01T00:00:12.895979+00:00] CICLO concluído: vistos=197 novos=0
====================================================================================================
CRYPTO RADAR - NEWS RADAR V1 -- COLETOR DE NOTÍCIAS
====================================================================================================
Banco:   /home/alex/projetos/crypto-radar/data/news_radar.db
Feeds:   8
Escopo:  somente coleta + sentimento léxico. Nenhuma ação de trading.
----------------------------------------------------------------------------------------------------
CoinDesk         itens_no_feed=25   novos_gravados=0
Cointelegraph    itens_no_feed=30   novos_gravados=0
Decrypt          itens_no_feed=58   novos_gravados=0
CryptoSlate      itens_no_feed=10   novos_gravados=0
BitcoinMagazine  itens_no_feed=10   novos_gravados=0
NewsBTC          itens_no_feed=10   novos_gravados=0
CryptoPotato     itens_no_feed=36   novos_gravados=0
TheBlock         itens_no_feed=18   novos_gravados=0
----------------------------------------------------------------------------------------------------
Total no ciclo: 197 itens vistos, 0 novos gravados.
====================================================================================================
[2026-09-01T00:30:17.669057+00:00] CICLO concluído: vistos=197 novos=0
====================================================================================================
CRYPTO RADAR - NEWS RADAR V1 -- COLETOR DE NOTÍCIAS
====================================================================================================
Banco:   /home/alex/projetos/crypto-radar/data/news_radar.db
Feeds:   8
Escopo:  somente coleta + sentimento léxico. Nenhuma ação de trading.
----------------------------------------------------------------------------------------------------
CoinDesk         itens_no_feed=25   novos_gravados=0
Cointelegraph    itens_no_feed=30   novos_gravados=0
Decrypt          itens_no_feed=58   novos_gravados=0
CryptoSlate      itens_no_feed=10   novos_gravados=0
BitcoinMagazine  itens_no_feed=10   novos_gravados=0
NewsBTC          itens_no_feed=10   novos_gravados=0
CryptoPotato     itens_no_feed=36   novos_gravados=0
TheBlock         itens_no_feed=18   novos_gravados=0
----------------------------------------------------------------------------------------------------
Total no ciclo: 197 itens vistos, 0 novos gravados.
====================================================================================================
[2026-09-01T01:00:13.136413+00:00] CICLO concluído: vistos=197 novos=0
====================================================================================================
CRYPTO RADAR - NEWS RADAR V1 -- COLETOR DE NOTÍCIAS
====================================================================================================
Banco:   /home/alex/projetos/crypto-radar/data/news_radar.db
Feeds:   8
Escopo:  somente coleta + sentimento léxico. Nenhuma ação de trading.
----------------------------------------------------------------------------------------------------
CoinDesk         itens_no_feed=25   novos_gravados=0
Cointelegraph    itens_no_feed=30   novos_gravados=0
Decrypt          itens_no_feed=38   novos_gravados=0
CryptoSlate      itens_no_feed=10   novos_gravados=0
BitcoinMagazine  itens_no_feed=10   novos_gravados=0
NewsBTC          itens_no_feed=10   novos_gravados=0
CryptoPotato     itens_no_feed=36   novos_gravados=0
TheBlock         itens_no_feed=18   novos_gravados=0
----------------------------------------------------------------------------------------------------
Total no ciclo: 177 itens vistos, 0 novos gravados.
====================================================================================================
[2026-09-01T01:30:12.645564+00:00] CICLO concluído: vistos=177 novos=0
====================================================================================================
CRYPTO RADAR - NEWS RADAR V1 -- COLETOR DE NOTÍCIAS
====================================================================================================
Banco:   /home/alex/projetos/crypto-radar/data/news_radar.db
Feeds:   8
Escopo:  somente coleta + sentimento léxico. Nenhuma ação de trading.
----------------------------------------------------------------------------------------------------
CoinDesk         itens_no_feed=25   novos_gravados=0
Cointelegraph    itens_no_feed=30   novos_gravados=0
Decrypt          itens_no_feed=38   novos_gravados=0
CryptoSlate      itens_no_feed=10   novos_gravados=0
BitcoinMagazine  itens_no_feed=10   novos_gravados=0
NewsBTC          itens_no_feed=10   novos_gravados=0
CryptoPotato     itens_no_feed=36   novos_gravados=0
TheBlock         itens_no_feed=18   novos_gravados=0
----------------------------------------------------------------------------------------------------
Total no ciclo: 177 itens vistos, 0 novos gravados.
====================================================================================================
[2026-09-01T02:00:13.149953+00:00] CICLO concluído: vistos=177 novos=0
====================================================================================================
CRYPTO RADAR - NEWS RADAR V1 -- COLETOR DE NOTÍCIAS
====================================================================================================
Banco:   /home/alex/projetos/crypto-radar/data/news_radar.db
Feeds:   8
Escopo:  somente coleta + sentimento léxico. Nenhuma ação de trading.
----------------------------------------------------------------------------------------------------
CoinDesk         itens_no_feed=25   novos_gravados=0
Cointelegraph    itens_no_feed=30   novos_gravados=0
Decrypt          itens_no_feed=38   novos_gravados=0
CryptoSlate      itens_no_feed=10   novos_gravados=0
BitcoinMagazine  itens_no_feed=10   novos_gravados=0
NewsBTC          itens_no_feed=10   novos_gravados=0
CryptoPotato     itens_no_feed=36   novos_gravados=0
TheBlock         itens_no_feed=18   novos_gravados=0
----------------------------------------------------------------------------------------------------
Total no ciclo: 177 itens vistos, 0 novos gravados.
====================================================================================================
[2026-09-01T02:30:28.189260+00:00] CICLO concluído: vistos=177 novos=0
====================================================================================================
CRYPTO RADAR - NEWS RADAR V1 -- COLETOR DE NOTÍCIAS
====================================================================================================
Banco:   /home/alex/projetos/crypto-radar/data/news_radar.db
Feeds:   8
Escopo:  somente coleta + sentimento léxico. Nenhuma ação de trading.
----------------------------------------------------------------------------------------------------
CoinDesk         itens_no_feed=25   novos_gravados=0
Cointelegraph    itens_no_feed=30   novos_gravados=0
Decrypt          itens_no_feed=38   novos_gravados=0
CryptoSlate      itens_no_feed=10   novos_gravados=0
BitcoinMagazine  itens_no_feed=10   novos_gravados=0
NewsBTC          itens_no_feed=10   novos_gravados=0
CryptoPotato     itens_no_feed=36   novos_gravados=0
TheBlock         itens_no_feed=18   novos_gravados=0
----------------------------------------------------------------------------------------------------
Total no ciclo: 177 itens vistos, 0 novos gravados.
====================================================================================================
[2026-09-01T03:00:18.510032+00:00] CICLO concluído: vistos=177 novos=0
====================================================================================================
CRYPTO RADAR - NEWS RADAR V1 -- COLETOR DE NOTÍCIAS
====================================================================================================
Banco:   /home/alex/projetos/crypto-radar/data/news_radar.db
Feeds:   8
Escopo:  somente coleta + sentimento léxico. Nenhuma ação de trading.
----------------------------------------------------------------------------------------------------
CoinDesk         itens_no_feed=25   novos_gravados=0
Cointelegraph    itens_no_feed=30   novos_gravados=0
Decrypt          itens_no_feed=38   novos_gravados=0
CryptoSlate      itens_no_feed=10   novos_gravados=0
BitcoinMagazine  itens_no_feed=10   novos_gravados=0
NewsBTC          itens_no_feed=10   novos_gravados=0
CryptoPotato     itens_no_feed=36   novos_gravados=0
TheBlock         itens_no_feed=18   novos_gravados=0
----------------------------------------------------------------------------------------------------
Total no ciclo: 177 itens vistos, 0 novos gravados.
====================================================================================================
[2026-09-01T03:30:14.939556+00:00] CICLO concluído: vistos=177 novos=0
====================================================================================================
CRYPTO RADAR - NEWS RADAR V1 -- COLETOR DE NOTÍCIAS
====================================================================================================
Banco:   /home/alex/projetos/crypto-radar/data/news_radar.db
Feeds:   8
Escopo:  somente coleta + sentimento léxico. Nenhuma ação de trading.
----------------------------------------------------------------------------------------------------
CoinDesk         itens_no_feed=25   novos_gravados=1
Cointelegraph    itens_no_feed=30   novos_gravados=1
Decrypt          itens_no_feed=38   novos_gravados=0
CryptoSlate      itens_no_feed=10   novos_gravados=0
BitcoinMagazine  itens_no_feed=10   novos_gravados=0
NewsBTC          itens_no_feed=10   novos_gravados=0
CryptoPotato     itens_no_feed=36   novos_gravados=0
TheBlock         itens_no_feed=18   novos_gravados=1
----------------------------------------------------------------------------------------------------
Total no ciclo: 177 itens vistos, 3 novos gravados.
====================================================================================================
[2026-09-01T04:00:14.907678+00:00] CICLO concluído: vistos=177 novos=3
====================================================================================================
CRYPTO RADAR - NEWS RADAR V1 -- COLETOR DE NOTÍCIAS
====================================================================================================
Banco:   /home/alex/projetos/crypto-radar/data/news_radar.db
Feeds:   8
Escopo:  somente coleta + sentimento léxico. Nenhuma ação de trading.
----------------------------------------------------------------------------------------------------
CoinDesk         itens_no_feed=25   novos_gravados=1
Cointelegraph    itens_no_feed=30   novos_gravados=0
Decrypt          itens_no_feed=38   novos_gravados=0
CryptoSlate      itens_no_feed=10   novos_gravados=0
BitcoinMagazine  itens_no_feed=10   novos_gravados=0
NewsBTC          itens_no_feed=10   novos_gravados=0
CryptoPotato     itens_no_feed=36   novos_gravados=1
TheBlock         itens_no_feed=18   novos_gravados=0
----------------------------------------------------------------------------------------------------
Total no ciclo: 177 itens vistos, 2 novos gravados.
====================================================================================================
[2026-09-01T04:30:30.884685+00:00] CICLO concluído: vistos=177 novos=2
====================================================================================================
CRYPTO RADAR - NEWS RADAR V1 -- COLETOR DE NOTÍCIAS
====================================================================================================
Banco:   /home/alex/projetos/crypto-radar/data/news_radar.db
Feeds:   8
Escopo:  somente coleta + sentimento léxico. Nenhuma ação de trading.
----------------------------------------------------------------------------------------------------
CoinDesk         itens_no_feed=25   novos_gravados=1
Cointelegraph    itens_no_feed=30   novos_gravados=1
Decrypt          itens_no_feed=38   novos_gravados=0
CryptoSlate      itens_no_feed=10   novos_gravados=0
BitcoinMagazine  itens_no_feed=10   novos_gravados=0
NewsBTC          itens_no_feed=10   novos_gravados=0
CryptoPotato     itens_no_feed=36   novos_gravados=0
TheBlock         itens_no_feed=18   novos_gravados=1
----------------------------------------------------------------------------------------------------
Total no ciclo: 177 itens vistos, 3 novos gravados.
====================================================================================================
[2026-09-01T05:00:15.467956+00:00] CICLO concluído: vistos=177 novos=3
====================================================================================================
CRYPTO RADAR - NEWS RADAR V1 -- COLETOR DE NOTÍCIAS
====================================================================================================
Banco:   /home/alex/projetos/crypto-radar/data/news_radar.db
Feeds:   8
Escopo:  somente coleta + sentimento léxico. Nenhuma ação de trading.
----------------------------------------------------------------------------------------------------
CoinDesk         itens_no_feed=25   novos_gravados=0
Cointelegraph    itens_no_feed=30   novos_gravados=0
Decrypt          itens_no_feed=38   novos_gravados=0
CryptoSlate      itens_no_feed=10   novos_gravados=0
BitcoinMagazine  itens_no_feed=10   novos_gravados=0
NewsBTC          itens_no_feed=10   novos_gravados=0
CryptoPotato     itens_no_feed=36   novos_gravados=0
TheBlock         itens_no_feed=18   novos_gravados=0
----------------------------------------------------------------------------------------------------
Total no ciclo: 177 itens vistos, 0 novos gravados.
====================================================================================================
[2026-09-01T05:30:13.455884+00:00] CICLO concluído: vistos=177 novos=0
====================================================================================================
CRYPTO RADAR - NEWS RADAR V1 -- COLETOR DE NOTÍCIAS
====================================================================================================
Banco:   /home/alex/projetos/crypto-radar/data/news_radar.db
Feeds:   8
Escopo:  somente coleta + sentimento léxico. Nenhuma ação de trading.
----------------------------------------------------------------------------------------------------
CoinDesk         itens_no_feed=25   novos_gravados=0
Cointelegraph    itens_no_feed=30   novos_gravados=0
Decrypt          itens_no_feed=58   novos_gravados=0
CryptoSlate      itens_no_feed=10   novos_gravados=0
BitcoinMagazine  itens_no_feed=10   novos_gravados=0
NewsBTC          itens_no_feed=10   novos_gravados=0
CryptoPotato     itens_no_feed=36   novos_gravados=0
TheBlock         itens_no_feed=18   novos_gravados=0
----------------------------------------------------------------------------------------------------
Total no ciclo: 197 itens vistos, 0 novos gravados.
====================================================================================================
[2026-09-01T06:00:18.694510+00:00] CICLO concluído: vistos=197 novos=0
====================================================================================================
CRYPTO RADAR - NEWS RADAR V1 -- COLETOR DE NOTÍCIAS
====================================================================================================
Banco:   /home/alex/projetos/crypto-radar/data/news_radar.db
Feeds:   8
Escopo:  somente coleta + sentimento léxico. Nenhuma ação de trading.
----------------------------------------------------------------------------------------------------
CoinDesk         itens_no_feed=25   novos_gravados=0
Cointelegraph    itens_no_feed=30   novos_gravados=0
Decrypt          itens_no_feed=58   novos_gravados=0
CryptoSlate      itens_no_feed=10   novos_gravados=0
BitcoinMagazine  itens_no_feed=10   novos_gravados=0
NewsBTC          itens_no_feed=10   novos_gravados=0
CryptoPotato     itens_no_feed=36   novos_gravados=1
TheBlock         itens_no_feed=18   novos_gravados=0
----------------------------------------------------------------------------------------------------
Total no ciclo: 197 itens vistos, 1 novos gravados.
====================================================================================================
[2026-09-01T06:30:14.233179+00:00] CICLO concluído: vistos=197 novos=1
====================================================================================================
CRYPTO RADAR - NEWS RADAR V1 -- COLETOR DE NOTÍCIAS
====================================================================================================
Banco:   /home/alex/projetos/crypto-radar/data/news_radar.db
Feeds:   8
Escopo:  somente coleta + sentimento léxico. Nenhuma ação de trading.
----------------------------------------------------------------------------------------------------
CoinDesk         itens_no_feed=25   novos_gravados=1
Cointelegraph    itens_no_feed=30   novos_gravados=0
Decrypt          itens_no_feed=58   novos_gravados=0
CryptoSlate      itens_no_feed=10   novos_gravados=1
BitcoinMagazine  itens_no_feed=10   novos_gravados=0
NewsBTC          itens_no_feed=10   novos_gravados=0
CryptoPotato     itens_no_feed=36   novos_gravados=0
TheBlock         itens_no_feed=18   novos_gravados=0
----------------------------------------------------------------------------------------------------
Total no ciclo: 197 itens vistos, 2 novos gravados.
====================================================================================================
[2026-09-01T07:00:14.383887+00:00] CICLO concluído: vistos=197 novos=2
====================================================================================================
CRYPTO RADAR - NEWS RADAR V1 -- COLETOR DE NOTÍCIAS
====================================================================================================
Banco:   /home/alex/projetos/crypto-radar/data/news_radar.db
Feeds:   8
Escopo:  somente coleta + sentimento léxico. Nenhuma ação de trading.
----------------------------------------------------------------------------------------------------
CoinDesk         itens_no_feed=25   novos_gravados=0
Cointelegraph    itens_no_feed=30   novos_gravados=0
Decrypt          itens_no_feed=38   novos_gravados=0
CryptoSlate      itens_no_feed=10   novos_gravados=0
BitcoinMagazine  itens_no_feed=10   novos_gravados=0
NewsBTC          itens_no_feed=10   novos_gravados=0
CryptoPotato     itens_no_feed=36   novos_gravados=0
TheBlock         itens_no_feed=19   novos_gravados=1
----------------------------------------------------------------------------------------------------
Total no ciclo: 178 itens vistos, 1 novos gravados.
====================================================================================================
[2026-09-01T07:30:13.444616+00:00] CICLO concluído: vistos=178 novos=1
====================================================================================================
CRYPTO RADAR - NEWS RADAR V1 -- COLETOR DE NOTÍCIAS
====================================================================================================
Banco:   /home/alex/projetos/crypto-radar/data/news_radar.db
Feeds:   8
Escopo:  somente coleta + sentimento léxico. Nenhuma ação de trading.
----------------------------------------------------------------------------------------------------
CoinDesk         itens_no_feed=25   novos_gravados=1
Cointelegraph    itens_no_feed=30   novos_gravados=1
Decrypt          itens_no_feed=38   novos_gravados=0
CryptoSlate      itens_no_feed=10   novos_gravados=0
BitcoinMagazine  itens_no_feed=10   novos_gravados=0
NewsBTC          itens_no_feed=10   novos_gravados=0
CryptoPotato     itens_no_feed=36   novos_gravados=2
TheBlock         itens_no_feed=19   novos_gravados=0
----------------------------------------------------------------------------------------------------
Total no ciclo: 178 itens vistos, 4 novos gravados.
====================================================================================================
[2026-09-01T08:00:13.599982+00:00] CICLO concluído: vistos=178 novos=4
====================================================================================================
CRYPTO RADAR - NEWS RADAR V1 -- COLETOR DE NOTÍCIAS
====================================================================================================
Banco:   /home/alex/projetos/crypto-radar/data/news_radar.db
Feeds:   8
Escopo:  somente coleta + sentimento léxico. Nenhuma ação de trading.
----------------------------------------------------------------------------------------------------
CoinDesk         itens_no_feed=25   novos_gravados=0
Cointelegraph    itens_no_feed=30   novos_gravados=0
Decrypt          itens_no_feed=38   novos_gravados=0
CryptoSlate      itens_no_feed=10   novos_gravados=0
BitcoinMagazine  itens_no_feed=10   novos_gravados=0
NewsBTC          itens_no_feed=10   novos_gravados=0
CryptoPotato     itens_no_feed=36   novos_gravados=0
TheBlock         itens_no_feed=19   novos_gravados=0
----------------------------------------------------------------------------------------------------
Total no ciclo: 178 itens vistos, 0 novos gravados.
====================================================================================================
[2026-09-01T08:30:13.863055+00:00] CICLO concluído: vistos=178 novos=0
====================================================================================================
CRYPTO RADAR - NEWS RADAR V1 -- COLETOR DE NOTÍCIAS
====================================================================================================
Banco:   /home/alex/projetos/crypto-radar/data/news_radar.db
Feeds:   8
Escopo:  somente coleta + sentimento léxico. Nenhuma ação de trading.
----------------------------------------------------------------------------------------------------
CoinDesk         itens_no_feed=25   novos_gravados=1
Cointelegraph    itens_no_feed=30   novos_gravados=0
Decrypt          itens_no_feed=38   novos_gravados=0
CryptoSlate      itens_no_feed=10   novos_gravados=1
BitcoinMagazine  itens_no_feed=10   novos_gravados=0
NewsBTC          itens_no_feed=10   novos_gravados=0
CryptoPotato     itens_no_feed=36   novos_gravados=1
TheBlock         itens_no_feed=19   novos_gravados=0
----------------------------------------------------------------------------------------------------
Total no ciclo: 178 itens vistos, 3 novos gravados.
====================================================================================================
[2026-09-01T09:00:15.448106+00:00] CICLO concluído: vistos=178 novos=3
====================================================================================================
CRYPTO RADAR - NEWS RADAR V1 -- COLETOR DE NOTÍCIAS
====================================================================================================
Banco:   /home/alex/projetos/crypto-radar/data/news_radar.db
Feeds:   8
Escopo:  somente coleta + sentimento léxico. Nenhuma ação de trading.
----------------------------------------------------------------------------------------------------
CoinDesk         itens_no_feed=25   novos_gravados=1
Cointelegraph    itens_no_feed=30   novos_gravados=0
Decrypt          itens_no_feed=38   novos_gravados=0
CryptoSlate      itens_no_feed=10   novos_gravados=0
BitcoinMagazine  itens_no_feed=10   novos_gravados=0
NewsBTC          itens_no_feed=10   novos_gravados=0
CryptoPotato     itens_no_feed=36   novos_gravados=1
TheBlock         itens_no_feed=19   novos_gravados=0
----------------------------------------------------------------------------------------------------
Total no ciclo: 178 itens vistos, 2 novos gravados.
====================================================================================================
[2026-09-01T09:30:13.537569+00:00] CICLO concluído: vistos=178 novos=2
====================================================================================================
CRYPTO RADAR - NEWS RADAR V1 -- COLETOR DE NOTÍCIAS
====================================================================================================
Banco:   /home/alex/projetos/crypto-radar/data/news_radar.db
Feeds:   8
Escopo:  somente coleta + sentimento léxico. Nenhuma ação de trading.
----------------------------------------------------------------------------------------------------
CoinDesk         itens_no_feed=25   novos_gravados=0
Cointelegraph    itens_no_feed=30   novos_gravados=0
Decrypt          itens_no_feed=38   novos_gravados=1
CryptoSlate      itens_no_feed=10   novos_gravados=0
BitcoinMagazine  itens_no_feed=10   novos_gravados=0
NewsBTC          itens_no_feed=10   novos_gravados=0
CryptoPotato     itens_no_feed=36   novos_gravados=1
TheBlock         itens_no_feed=19   novos_gravados=1
----------------------------------------------------------------------------------------------------
Total no ciclo: 178 itens vistos, 3 novos gravados.
====================================================================================================
[2026-09-01T10:00:13.198906+00:00] CICLO concluído: vistos=178 novos=3
====================================================================================================
CRYPTO RADAR - NEWS RADAR V1 -- COLETOR DE NOTÍCIAS
====================================================================================================
Banco:   /home/alex/projetos/crypto-radar/data/news_radar.db
Feeds:   8
Escopo:  somente coleta + sentimento léxico. Nenhuma ação de trading.
----------------------------------------------------------------------------------------------------
CoinDesk         itens_no_feed=25   novos_gravados=1
Cointelegraph    itens_no_feed=30   novos_gravados=2
Decrypt          itens_no_feed=38   novos_gravados=0
CryptoSlate      itens_no_feed=10   novos_gravados=1
BitcoinMagazine  itens_no_feed=10   novos_gravados=0
NewsBTC          itens_no_feed=10   novos_gravados=0
CryptoPotato     itens_no_feed=36   novos_gravados=1
TheBlock         itens_no_feed=19   novos_gravados=0
----------------------------------------------------------------------------------------------------
Total no ciclo: 178 itens vistos, 5 novos gravados.
====================================================================================================
[2026-09-01T10:30:20.200382+00:00] CICLO concluído: vistos=178 novos=5
====================================================================================================
CRYPTO RADAR - NEWS RADAR V1 -- COLETOR DE NOTÍCIAS
====================================================================================================
Banco:   /home/alex/projetos/crypto-radar/data/news_radar.db
Feeds:   8
Escopo:  somente coleta + sentimento léxico. Nenhuma ação de trading.
----------------------------------------------------------------------------------------------------
CoinDesk         itens_no_feed=25   novos_gravados=1
Cointelegraph    itens_no_feed=30   novos_gravados=0
Decrypt          itens_no_feed=38   novos_gravados=0
CryptoSlate      itens_no_feed=10   novos_gravados=0
BitcoinMagazine  itens_no_feed=10   novos_gravados=0
NewsBTC          itens_no_feed=10   novos_gravados=0
CryptoPotato     itens_no_feed=36   novos_gravados=0
TheBlock         itens_no_feed=19   novos_gravados=1
----------------------------------------------------------------------------------------------------
Total no ciclo: 178 itens vistos, 2 novos gravados.
====================================================================================================
[2026-09-01T11:00:12.055181+00:00] CICLO concluído: vistos=178 novos=2
====================================================================================================
CRYPTO RADAR - NEWS RADAR V1 -- COLETOR DE NOTÍCIAS
====================================================================================================
Banco:   /home/alex/projetos/crypto-radar/data/news_radar.db
Feeds:   8
Escopo:  somente coleta + sentimento léxico. Nenhuma ação de trading.
----------------------------------------------------------------------------------------------------
CoinDesk         itens_no_feed=25   novos_gravados=1
Cointelegraph    itens_no_feed=30   novos_gravados=1
Decrypt          itens_no_feed=38   novos_gravados=0
CryptoSlate      itens_no_feed=10   novos_gravados=1
BitcoinMagazine  itens_no_feed=10   novos_gravados=0
NewsBTC          itens_no_feed=10   novos_gravados=0
CryptoPotato     itens_no_feed=36   novos_gravados=0
TheBlock         itens_no_feed=19   novos_gravados=0
----------------------------------------------------------------------------------------------------
Total no ciclo: 178 itens vistos, 3 novos gravados.
====================================================================================================
[2026-09-01T11:30:15.741438+00:00] CICLO concluído: vistos=178 novos=3
====================================================================================================
CRYPTO RADAR - NEWS RADAR V1 -- COLETOR DE NOTÍCIAS
====================================================================================================
Banco:   /home/alex/projetos/crypto-radar/data/news_radar.db
Feeds:   8
Escopo:  somente coleta + sentimento léxico. Nenhuma ação de trading.
----------------------------------------------------------------------------------------------------
CoinDesk         itens_no_feed=25   novos_gravados=0
Cointelegraph    itens_no_feed=30   novos_gravados=0
Decrypt          itens_no_feed=38   novos_gravados=1
CryptoSlate      itens_no_feed=10   novos_gravados=0
BitcoinMagazine  itens_no_feed=10   novos_gravados=0
NewsBTC          itens_no_feed=10   novos_gravados=0
CryptoPotato     itens_no_feed=36   novos_gravados=1
TheBlock         itens_no_feed=19   novos_gravados=2
----------------------------------------------------------------------------------------------------
Total no ciclo: 178 itens vistos, 4 novos gravados.
====================================================================================================
[2026-09-01T12:00:14.971741+00:00] CICLO concluído: vistos=178 novos=4
====================================================================================================
CRYPTO RADAR - NEWS RADAR V1 -- COLETOR DE NOTÍCIAS
====================================================================================================
Banco:   /home/alex/projetos/crypto-radar/data/news_radar.db
Feeds:   8
Escopo:  somente coleta + sentimento léxico. Nenhuma ação de trading.
----------------------------------------------------------------------------------------------------
CoinDesk         itens_no_feed=25   novos_gravados=1
Cointelegraph    itens_no_feed=30   novos_gravados=1
Decrypt          itens_no_feed=58   novos_gravados=2
CryptoSlate      itens_no_feed=10   novos_gravados=1
BitcoinMagazine  itens_no_feed=10   novos_gravados=0
NewsBTC          itens_no_feed=10   novos_gravados=0
CryptoPotato     itens_no_feed=36   novos_gravados=0
TheBlock         itens_no_feed=19   novos_gravados=0
----------------------------------------------------------------------------------------------------
Total no ciclo: 198 itens vistos, 5 novos gravados.
====================================================================================================
[2026-09-01T12:30:14.873544+00:00] CICLO concluído: vistos=198 novos=5
====================================================================================================
CRYPTO RADAR - NEWS RADAR V1 -- COLETOR DE NOTÍCIAS
====================================================================================================
Banco:   /home/alex/projetos/crypto-radar/data/news_radar.db
Feeds:   8
Escopo:  somente coleta + sentimento léxico. Nenhuma ação de trading.
----------------------------------------------------------------------------------------------------
CoinDesk         itens_no_feed=25   novos_gravados=1
Cointelegraph    itens_no_feed=30   novos_gravados=0
Decrypt          itens_no_feed=58   novos_gravados=0
CryptoSlate      itens_no_feed=10   novos_gravados=0
BitcoinMagazine  itens_no_feed=10   novos_gravados=0
NewsBTC          itens_no_feed=10   novos_gravados=0
CryptoPotato     itens_no_feed=36   novos_gravados=0
TheBlock         itens_no_feed=19   novos_gravados=0
----------------------------------------------------------------------------------------------------
Total no ciclo: 198 itens vistos, 1 novos gravados.
====================================================================================================
[2026-09-01T13:00:14.331057+00:00] CICLO concluído: vistos=198 novos=1
====================================================================================================
CRYPTO RADAR - NEWS RADAR V1 -- COLETOR DE NOTÍCIAS
====================================================================================================
Banco:   /home/alex/projetos/crypto-radar/data/news_radar.db
Feeds:   8
Escopo:  somente coleta + sentimento léxico. Nenhuma ação de trading.
----------------------------------------------------------------------------------------------------
CoinDesk         itens_no_feed=25   novos_gravados=4
Cointelegraph    itens_no_feed=30   novos_gravados=4
Decrypt          itens_no_feed=37   novos_gravados=1
CryptoSlate      itens_no_feed=10   novos_gravados=3
BitcoinMagazine  itens_no_feed=10   novos_gravados=2
NewsBTC          itens_no_feed=10   novos_gravados=2
CryptoPotato     itens_no_feed=36   novos_gravados=5
TheBlock         itens_no_feed=19   novos_gravados=2
----------------------------------------------------------------------------------------------------
Total no ciclo: 177 itens vistos, 23 novos gravados.
====================================================================================================
[2026-09-01T15:30:16.477205+00:00] CICLO concluído: vistos=177 novos=23
====================================================================================================
CRYPTO RADAR - NEWS RADAR V1 -- COLETOR DE NOTÍCIAS
====================================================================================================
Banco:   /home/alex/projetos/crypto-radar/data/news_radar.db
Feeds:   8
Escopo:  somente coleta + sentimento léxico. Nenhuma ação de trading.
----------------------------------------------------------------------------------------------------
CoinDesk         itens_no_feed=25   novos_gravados=2
Cointelegraph    itens_no_feed=30   novos_gravados=1
Decrypt          itens_no_feed=37   novos_gravados=0
CryptoSlate      itens_no_feed=10   novos_gravados=1
BitcoinMagazine  itens_no_feed=10   novos_gravados=0
NewsBTC          itens_no_feed=10   novos_gravados=0
CryptoPotato     itens_no_feed=36   novos_gravados=1
TheBlock         itens_no_feed=19   novos_gravados=1
----------------------------------------------------------------------------------------------------
Total no ciclo: 177 itens vistos, 6 novos gravados.
====================================================================================================
[2026-09-01T16:00:14.166899+00:00] CICLO concluído: vistos=177 novos=6
====================================================================================================
CRYPTO RADAR - NEWS RADAR V1 -- COLETOR DE NOTÍCIAS
====================================================================================================
Banco:   /home/alex/projetos/crypto-radar/data/news_radar.db
Feeds:   8
Escopo:  somente coleta + sentimento léxico. Nenhuma ação de trading.
----------------------------------------------------------------------------------------------------
CoinDesk         itens_no_feed=25   novos_gravados=0
Cointelegraph    itens_no_feed=30   novos_gravados=1
Decrypt          itens_no_feed=37   novos_gravados=2
CryptoSlate      itens_no_feed=10   novos_gravados=0
BitcoinMagazine  itens_no_feed=10   novos_gravados=0
NewsBTC          itens_no_feed=10   novos_gravados=1
CryptoPotato     itens_no_feed=36   novos_gravados=0
TheBlock         itens_no_feed=19   novos_gravados=0
----------------------------------------------------------------------------------------------------
Total no ciclo: 177 itens vistos, 4 novos gravados.
====================================================================================================
[2026-09-01T16:30:19.002859+00:00] CICLO concluído: vistos=177 novos=4
====================================================================================================
CRYPTO RADAR - NEWS RADAR V1 -- COLETOR DE NOTÍCIAS
====================================================================================================
Banco:   /home/alex/projetos/crypto-radar/data/news_radar.db
Feeds:   8
Escopo:  somente coleta + sentimento léxico. Nenhuma ação de trading.
----------------------------------------------------------------------------------------------------
CoinDesk         itens_no_feed=25   novos_gravados=0
Cointelegraph    itens_no_feed=30   novos_gravados=1
Decrypt          itens_no_feed=57   novos_gravados=0
CryptoSlate      itens_no_feed=10   novos_gravados=1
BitcoinMagazine  itens_no_feed=10   novos_gravados=1
NewsBTC          itens_no_feed=10   novos_gravados=1
CryptoPotato     itens_no_feed=36   novos_gravados=1
TheBlock         itens_no_feed=19   novos_gravados=0
----------------------------------------------------------------------------------------------------
Total no ciclo: 197 itens vistos, 5 novos gravados.
====================================================================================================
[2026-09-01T17:00:16.027600+00:00] CICLO concluído: vistos=197 novos=5
====================================================================================================
CRYPTO RADAR - NEWS RADAR V1 -- COLETOR DE NOTÍCIAS
====================================================================================================
Banco:   /home/alex/projetos/crypto-radar/data/news_radar.db
Feeds:   8
Escopo:  somente coleta + sentimento léxico. Nenhuma ação de trading.
----------------------------------------------------------------------------------------------------
CoinDesk         itens_no_feed=25   novos_gravados=0
Cointelegraph    itens_no_feed=30   novos_gravados=0
Decrypt          itens_no_feed=57   novos_gravados=0
CryptoSlate      itens_no_feed=10   novos_gravados=0
BitcoinMagazine  itens_no_feed=10   novos_gravados=0
NewsBTC          itens_no_feed=10   novos_gravados=0
CryptoPotato     itens_no_feed=36   novos_gravados=0
TheBlock         itens_no_feed=19   novos_gravados=1
----------------------------------------------------------------------------------------------------
Total no ciclo: 197 itens vistos, 1 novos gravados.
====================================================================================================
[2026-09-01T17:30:13.304155+00:00] CICLO concluído: vistos=197 novos=1
====================================================================================================
CRYPTO RADAR - NEWS RADAR V1 -- COLETOR DE NOTÍCIAS
====================================================================================================
Banco:   /home/alex/projetos/crypto-radar/data/news_radar.db
Feeds:   8
Escopo:  somente coleta + sentimento léxico. Nenhuma ação de trading.
----------------------------------------------------------------------------------------------------
CoinDesk         itens_no_feed=25   novos_gravados=0
Cointelegraph    itens_no_feed=30   novos_gravados=1
Decrypt          itens_no_feed=57   novos_gravados=0
CryptoSlate      itens_no_feed=10   novos_gravados=1
BitcoinMagazine  itens_no_feed=10   novos_gravados=0
NewsBTC          itens_no_feed=10   novos_gravados=1
CryptoPotato     itens_no_feed=36   novos_gravados=1
TheBlock         itens_no_feed=19   novos_gravados=0
----------------------------------------------------------------------------------------------------
Total no ciclo: 197 itens vistos, 4 novos gravados.
====================================================================================================
[2026-09-01T18:00:15.203465+00:00] CICLO concluído: vistos=197 novos=4
====================================================================================================
CRYPTO RADAR - NEWS RADAR V1 -- COLETOR DE NOTÍCIAS
====================================================================================================
Banco:   /home/alex/projetos/crypto-radar/data/news_radar.db
Feeds:   8
Escopo:  somente coleta + sentimento léxico. Nenhuma ação de trading.
----------------------------------------------------------------------------------------------------
CoinDesk         itens_no_feed=25   novos_gravados=0
Cointelegraph    itens_no_feed=30   novos_gravados=1
Decrypt          itens_no_feed=37   novos_gravados=2
CryptoSlate      itens_no_feed=10   novos_gravados=0
BitcoinMagazine  itens_no_feed=10   novos_gravados=0
NewsBTC          itens_no_feed=10   novos_gravados=0
CryptoPotato     itens_no_feed=36   novos_gravados=0
TheBlock         itens_no_feed=19   novos_gravados=1
----------------------------------------------------------------------------------------------------
Total no ciclo: 177 itens vistos, 4 novos gravados.
====================================================================================================
[2026-09-01T18:30:14.294373+00:00] CICLO concluído: vistos=177 novos=4
====================================================================================================
CRYPTO RADAR - NEWS RADAR V1 -- COLETOR DE NOTÍCIAS
====================================================================================================
Banco:   /home/alex/projetos/crypto-radar/data/news_radar.db
Feeds:   8
Escopo:  somente coleta + sentimento léxico. Nenhuma ação de trading.
----------------------------------------------------------------------------------------------------
CoinDesk         itens_no_feed=25   novos_gravados=0
Cointelegraph    itens_no_feed=30   novos_gravados=0
Decrypt          itens_no_feed=37   novos_gravados=0
CryptoSlate      itens_no_feed=10   novos_gravados=1
BitcoinMagazine  itens_no_feed=10   novos_gravados=0
NewsBTC          itens_no_feed=10   novos_gravados=1
CryptoPotato     itens_no_feed=36   novos_gravados=1
TheBlock         itens_no_feed=19   novos_gravados=0
----------------------------------------------------------------------------------------------------
Total no ciclo: 177 itens vistos, 3 novos gravados.
====================================================================================================
[2026-09-01T19:00:15.112944+00:00] CICLO concluído: vistos=177 novos=3
====================================================================================================
CRYPTO RADAR - NEWS RADAR V1 -- COLETOR DE NOTÍCIAS
====================================================================================================
Banco:   /home/alex/projetos/crypto-radar/data/news_radar.db
Feeds:   8
Escopo:  somente coleta + sentimento léxico. Nenhuma ação de trading.
----------------------------------------------------------------------------------------------------
CoinDesk         itens_no_feed=25   novos_gravados=0
Cointelegraph    itens_no_feed=30   novos_gravados=0
Decrypt          itens_no_feed=37   novos_gravados=1
CryptoSlate      itens_no_feed=10   novos_gravados=0
BitcoinMagazine  itens_no_feed=10   novos_gravados=1
NewsBTC          itens_no_feed=10   novos_gravados=1
CryptoPotato     itens_no_feed=36   novos_gravados=0
TheBlock         itens_no_feed=19   novos_gravados=0
----------------------------------------------------------------------------------------------------
Total no ciclo: 177 itens vistos, 3 novos gravados.
====================================================================================================
[2026-09-01T19:30:14.216632+00:00] CICLO concluído: vistos=177 novos=3
====================================================================================================
CRYPTO RADAR - NEWS RADAR V1 -- COLETOR DE NOTÍCIAS
====================================================================================================
Banco:   /home/alex/projetos/crypto-radar/data/news_radar.db
Feeds:   8
Escopo:  somente coleta + sentimento léxico. Nenhuma ação de trading.
----------------------------------------------------------------------------------------------------
CoinDesk         itens_no_feed=25   novos_gravados=0
Cointelegraph    itens_no_feed=30   novos_gravados=0
Decrypt          itens_no_feed=37   novos_gravados=0
CryptoSlate      itens_no_feed=10   novos_gravados=1
BitcoinMagazine  itens_no_feed=10   novos_gravados=0
NewsBTC          itens_no_feed=10   novos_gravados=1
CryptoPotato     itens_no_feed=36   novos_gravados=0
TheBlock         itens_no_feed=19   novos_gravados=1
----------------------------------------------------------------------------------------------------
Total no ciclo: 177 itens vistos, 3 novos gravados.
====================================================================================================
[2026-09-01T20:00:17.263149+00:00] CICLO concluído: vistos=177 novos=3
====================================================================================================
CRYPTO RADAR - NEWS RADAR V1 -- COLETOR DE NOTÍCIAS
====================================================================================================
Banco:   /home/alex/projetos/crypto-radar/data/news_radar.db
Feeds:   8
Escopo:  somente coleta + sentimento léxico. Nenhuma ação de trading.
----------------------------------------------------------------------------------------------------
CoinDesk         itens_no_feed=25   novos_gravados=0
Cointelegraph    itens_no_feed=30   novos_gravados=1
Decrypt          itens_no_feed=37   novos_gravados=1
CryptoSlate      itens_no_feed=10   novos_gravados=1
BitcoinMagazine  itens_no_feed=10   novos_gravados=0
NewsBTC          itens_no_feed=10   novos_gravados=0
CryptoPotato     itens_no_feed=36   novos_gravados=1
TheBlock         itens_no_feed=19   novos_gravados=0
----------------------------------------------------------------------------------------------------
Total no ciclo: 177 itens vistos, 4 novos gravados.
====================================================================================================
[2026-09-01T20:30:15.404627+00:00] CICLO concluído: vistos=177 novos=4
====================================================================================================
CRYPTO RADAR - NEWS RADAR V1 -- COLETOR DE NOTÍCIAS
====================================================================================================
Banco:   /home/alex/projetos/crypto-radar/data/news_radar.db
Feeds:   8
Escopo:  somente coleta + sentimento léxico. Nenhuma ação de trading.
----------------------------------------------------------------------------------------------------
CoinDesk         itens_no_feed=25   novos_gravados=0
Cointelegraph    itens_no_feed=30   novos_gravados=1
Decrypt          itens_no_feed=37   novos_gravados=1
CryptoSlate      itens_no_feed=10   novos_gravados=0
BitcoinMagazine  itens_no_feed=10   novos_gravados=0
NewsBTC          itens_no_feed=10   novos_gravados=1
CryptoPotato     itens_no_feed=36   novos_gravados=0
TheBlock         itens_no_feed=19   novos_gravados=0
----------------------------------------------------------------------------------------------------
Total no ciclo: 177 itens vistos, 3 novos gravados.
====================================================================================================
[2026-09-01T21:00:13.389534+00:00] CICLO concluído: vistos=177 novos=3
====================================================================================================
CRYPTO RADAR - NEWS RADAR V1 -- COLETOR DE NOTÍCIAS
====================================================================================================
Banco:   /home/alex/projetos/crypto-radar/data/news_radar.db
Feeds:   8
Escopo:  somente coleta + sentimento léxico. Nenhuma ação de trading.
----------------------------------------------------------------------------------------------------
CoinDesk         itens_no_feed=25   novos_gravados=0
Cointelegraph    itens_no_feed=30   novos_gravados=0
Decrypt          itens_no_feed=37   novos_gravados=1
CryptoSlate      itens_no_feed=10   novos_gravados=0
BitcoinMagazine  itens_no_feed=10   novos_gravados=1
NewsBTC          itens_no_feed=10   novos_gravados=0
CryptoPotato     itens_no_feed=36   novos_gravados=0
TheBlock         itens_no_feed=19   novos_gravados=0
----------------------------------------------------------------------------------------------------
Total no ciclo: 177 itens vistos, 2 novos gravados.
====================================================================================================
[2026-09-01T21:30:14.869211+00:00] CICLO concluído: vistos=177 novos=2
====================================================================================================
CRYPTO RADAR - NEWS RADAR V1 -- COLETOR DE NOTÍCIAS
====================================================================================================
Banco:   /home/alex/projetos/crypto-radar/data/news_radar.db
Feeds:   8
Escopo:  somente coleta + sentimento léxico. Nenhuma ação de trading.
----------------------------------------------------------------------------------------------------
CoinDesk         itens_no_feed=25   novos_gravados=0
Cointelegraph    itens_no_feed=30   novos_gravados=1
Decrypt          itens_no_feed=37   novos_gravados=1
CryptoSlate      itens_no_feed=10   novos_gravados=1
BitcoinMagazine  itens_no_feed=10   novos_gravados=0
NewsBTC          itens_no_feed=10   novos_gravados=1
CryptoPotato     itens_no_feed=36   novos_gravados=0
TheBlock         itens_no_feed=19   novos_gravados=0
----------------------------------------------------------------------------------------------------
Total no ciclo: 177 itens vistos, 4 novos gravados.
====================================================================================================
[2026-09-01T22:00:13.442413+00:00] CICLO concluído: vistos=177 novos=4
====================================================================================================
CRYPTO RADAR - NEWS RADAR V1 -- COLETOR DE NOTÍCIAS
====================================================================================================
Banco:   /home/alex/projetos/crypto-radar/data/news_radar.db
Feeds:   8
Escopo:  somente coleta + sentimento léxico. Nenhuma ação de trading.
----------------------------------------------------------------------------------------------------
CoinDesk         itens_no_feed=25   novos_gravados=0
Cointelegraph    itens_no_feed=30   novos_gravados=0
Decrypt          itens_no_feed=37   novos_gravados=1
CryptoSlate      itens_no_feed=10   novos_gravados=0
BitcoinMagazine  itens_no_feed=10   novos_gravados=0
NewsBTC          itens_no_feed=10   novos_gravados=0
CryptoPotato     itens_no_feed=36   novos_gravados=1
TheBlock         itens_no_feed=19   novos_gravados=0
----------------------------------------------------------------------------------------------------
Total no ciclo: 177 itens vistos, 2 novos gravados.
====================================================================================================
[2026-09-01T22:30:13.296853+00:00] CICLO concluído: vistos=177 novos=2
====================================================================================================
CRYPTO RADAR - NEWS RADAR V1 -- COLETOR DE NOTÍCIAS
====================================================================================================
Banco:   /home/alex/projetos/crypto-radar/data/news_radar.db
Feeds:   8
Escopo:  somente coleta + sentimento léxico. Nenhuma ação de trading.
----------------------------------------------------------------------------------------------------
CoinDesk         itens_no_feed=25   novos_gravados=0
Cointelegraph    itens_no_feed=30   novos_gravados=0
Decrypt          itens_no_feed=37   novos_gravados=0
CryptoSlate      itens_no_feed=10   novos_gravados=1
BitcoinMagazine  itens_no_feed=10   novos_gravados=0
NewsBTC          itens_no_feed=10   novos_gravados=0
CryptoPotato     itens_no_feed=36   novos_gravados=0
TheBlock         itens_no_feed=19   novos_gravados=0
----------------------------------------------------------------------------------------------------
Total no ciclo: 177 itens vistos, 1 novos gravados.
====================================================================================================
[2026-09-01T23:00:14.956070+00:00] CICLO concluído: vistos=177 novos=1
====================================================================================================
CRYPTO RADAR - NEWS RADAR V1 -- COLETOR DE NOTÍCIAS
====================================================================================================
Banco:   /home/alex/projetos/crypto-radar/data/news_radar.db
Feeds:   8
Escopo:  somente coleta + sentimento léxico. Nenhuma ação de trading.
----------------------------------------------------------------------------------------------------
CoinDesk         itens_no_feed=25   novos_gravados=0
Cointelegraph    itens_no_feed=30   novos_gravados=0
Decrypt          itens_no_feed=37   novos_gravados=0
CryptoSlate      itens_no_feed=10   novos_gravados=0
BitcoinMagazine  itens_no_feed=10   novos_gravados=0
NewsBTC          itens_no_feed=10   novos_gravados=0
CryptoPotato     itens_no_feed=36   novos_gravados=0
TheBlock         itens_no_feed=19   novos_gravados=0
----------------------------------------------------------------------------------------------------
Total no ciclo: 177 itens vistos, 0 novos gravados.
====================================================================================================
[2026-09-01T23:30:13.359102+00:00] CICLO concluído: vistos=177 novos=0
====================================================================================================
CRYPTO RADAR - NEWS RADAR V1 -- COLETOR DE NOTÍCIAS
====================================================================================================
Banco:   /home/alex/projetos/crypto-radar/data/news_radar.db
Feeds:   8
Escopo:  somente coleta + sentimento léxico. Nenhuma ação de trading.
----------------------------------------------------------------------------------------------------
CoinDesk         itens_no_feed=25   novos_gravados=1
Cointelegraph    itens_no_feed=30   novos_gravados=0
Decrypt          itens_no_feed=37   novos_gravados=0
CryptoSlate      itens_no_feed=10   novos_gravados=0
BitcoinMagazine  itens_no_feed=10   novos_gravados=0
NewsBTC          itens_no_feed=10   novos_gravados=0
CryptoPotato     itens_no_feed=36   novos_gravados=0
TheBlock         itens_no_feed=19   novos_gravados=0
----------------------------------------------------------------------------------------------------
Total no ciclo: 177 itens vistos, 1 novos gravados.
====================================================================================================
[2026-09-02T00:00:15.424797+00:00] CICLO concluído: vistos=177 novos=1
====================================================================================================
CRYPTO RADAR - NEWS RADAR V1 -- COLETOR DE NOTÍCIAS
====================================================================================================
Banco:   /home/alex/projetos/crypto-radar/data/news_radar.db
Feeds:   8
Escopo:  somente coleta + sentimento léxico. Nenhuma ação de trading.
----------------------------------------------------------------------------------------------------
CoinDesk         itens_no_feed=25   novos_gravados=0
Cointelegraph    itens_no_feed=30   novos_gravados=0
Decrypt          itens_no_feed=37   novos_gravados=0
CryptoSlate      itens_no_feed=10   novos_gravados=0
BitcoinMagazine  itens_no_feed=10   novos_gravados=0
NewsBTC          itens_no_feed=10   novos_gravados=0
CryptoPotato     itens_no_feed=36   novos_gravados=0
TheBlock         itens_no_feed=19   novos_gravados=0
----------------------------------------------------------------------------------------------------
Total no ciclo: 177 itens vistos, 0 novos gravados.
====================================================================================================
[2026-09-02T00:30:13.733538+00:00] CICLO concluído: vistos=177 novos=0
====================================================================================================
CRYPTO RADAR - NEWS RADAR V1 -- COLETOR DE NOTÍCIAS
====================================================================================================
Banco:   /home/alex/projetos/crypto-radar/data/news_radar.db
Feeds:   8
Escopo:  somente coleta + sentimento léxico. Nenhuma ação de trading.
----------------------------------------------------------------------------------------------------
CoinDesk         itens_no_feed=25   novos_gravados=0
Cointelegraph    itens_no_feed=30   novos_gravados=0
Decrypt          itens_no_feed=57   novos_gravados=0
CryptoSlate      itens_no_feed=10   novos_gravados=1
BitcoinMagazine  itens_no_feed=10   novos_gravados=0
NewsBTC          itens_no_feed=10   novos_gravados=0
CryptoPotato     itens_no_feed=36   novos_gravados=1
TheBlock         itens_no_feed=19   novos_gravados=0
----------------------------------------------------------------------------------------------------
Total no ciclo: 197 itens vistos, 2 novos gravados.
====================================================================================================
[2026-09-02T01:00:16.676837+00:00] CICLO concluído: vistos=197 novos=2
====================================================================================================
CRYPTO RADAR - NEWS RADAR V1 -- COLETOR DE NOTÍCIAS
====================================================================================================
Banco:   /home/alex/projetos/crypto-radar/data/news_radar.db
Feeds:   8
Escopo:  somente coleta + sentimento léxico. Nenhuma ação de trading.
----------------------------------------------------------------------------------------------------
CoinDesk         itens_no_feed=25   novos_gravados=0
Cointelegraph    itens_no_feed=30   novos_gravados=0
Decrypt          itens_no_feed=57   novos_gravados=0
CryptoSlate      itens_no_feed=10   novos_gravados=0
BitcoinMagazine  itens_no_feed=10   novos_gravados=0
NewsBTC          itens_no_feed=10   novos_gravados=0
CryptoPotato     itens_no_feed=36   novos_gravados=0
TheBlock         itens_no_feed=19   novos_gravados=0
----------------------------------------------------------------------------------------------------
Total no ciclo: 197 itens vistos, 0 novos gravados.
====================================================================================================
[2026-09-02T01:30:16.743710+00:00] CICLO concluído: vistos=197 novos=0
====================================================================================================
CRYPTO RADAR - NEWS RADAR V1 -- COLETOR DE NOTÍCIAS
====================================================================================================
Banco:   /home/alex/projetos/crypto-radar/data/news_radar.db
Feeds:   8
Escopo:  somente coleta + sentimento léxico. Nenhuma ação de trading.
----------------------------------------------------------------------------------------------------
CoinDesk         itens_no_feed=25   novos_gravados=0
Cointelegraph    itens_no_feed=30   novos_gravados=0
Decrypt          itens_no_feed=57   novos_gravados=0
CryptoSlate      itens_no_feed=10   novos_gravados=0
BitcoinMagazine  itens_no_feed=10   novos_gravados=0
NewsBTC          itens_no_feed=10   novos_gravados=0
CryptoPotato     itens_no_feed=36   novos_gravados=0
TheBlock         itens_no_feed=19   novos_gravados=0
----------------------------------------------------------------------------------------------------
Total no ciclo: 197 itens vistos, 0 novos gravados.
====================================================================================================
[2026-09-02T02:00:16.661477+00:00] CICLO concluído: vistos=197 novos=0
====================================================================================================
CRYPTO RADAR - NEWS RADAR V1 -- COLETOR DE NOTÍCIAS
====================================================================================================
Banco:   /home/alex/projetos/crypto-radar/data/news_radar.db
Feeds:   8
Escopo:  somente coleta + sentimento léxico. Nenhuma ação de trading.
----------------------------------------------------------------------------------------------------
CoinDesk         itens_no_feed=25   novos_gravados=0
Cointelegraph    itens_no_feed=30   novos_gravados=0
Decrypt          itens_no_feed=37   novos_gravados=0
CryptoSlate      itens_no_feed=10   novos_gravados=0
BitcoinMagazine  itens_no_feed=10   novos_gravados=0
NewsBTC          itens_no_feed=10   novos_gravados=0
CryptoPotato     itens_no_feed=36   novos_gravados=0
TheBlock         itens_no_feed=19   novos_gravados=0
----------------------------------------------------------------------------------------------------
Total no ciclo: 177 itens vistos, 0 novos gravados.
====================================================================================================
[2026-09-02T02:30:14.966580+00:00] CICLO concluído: vistos=177 novos=0
====================================================================================================
CRYPTO RADAR - NEWS RADAR V1 -- COLETOR DE NOTÍCIAS
====================================================================================================
Banco:   /home/alex/projetos/crypto-radar/data/news_radar.db
Feeds:   8
Escopo:  somente coleta + sentimento léxico. Nenhuma ação de trading.
----------------------------------------------------------------------------------------------------
CoinDesk         itens_no_feed=25   novos_gravados=0
Cointelegraph    itens_no_feed=30   novos_gravados=0
Decrypt          itens_no_feed=37   novos_gravados=0
CryptoSlate      itens_no_feed=10   novos_gravados=1
BitcoinMagazine  itens_no_feed=10   novos_gravados=0
NewsBTC          itens_no_feed=10   novos_gravados=0
CryptoPotato     itens_no_feed=36   novos_gravados=0
TheBlock         itens_no_feed=19   novos_gravados=0
----------------------------------------------------------------------------------------------------
Total no ciclo: 177 itens vistos, 1 novos gravados.
====================================================================================================
[2026-09-02T03:00:13.172308+00:00] CICLO concluído: vistos=177 novos=1
====================================================================================================
CRYPTO RADAR - NEWS RADAR V1 -- COLETOR DE NOTÍCIAS
====================================================================================================
Banco:   /home/alex/projetos/crypto-radar/data/news_radar.db
Feeds:   8
Escopo:  somente coleta + sentimento léxico. Nenhuma ação de trading.
----------------------------------------------------------------------------------------------------
CoinDesk         itens_no_feed=25   novos_gravados=0
Cointelegraph    itens_no_feed=30   novos_gravados=0
Decrypt          itens_no_feed=37   novos_gravados=0
CryptoSlate      itens_no_feed=10   novos_gravados=0
BitcoinMagazine  itens_no_feed=10   novos_gravados=0
NewsBTC          itens_no_feed=10   novos_gravados=0
CryptoPotato     itens_no_feed=36   novos_gravados=0
TheBlock         itens_no_feed=19   novos_gravados=0
----------------------------------------------------------------------------------------------------
Total no ciclo: 177 itens vistos, 0 novos gravados.
====================================================================================================
[2026-09-02T03:30:13.177596+00:00] CICLO concluído: vistos=177 novos=0
====================================================================================================
CRYPTO RADAR - NEWS RADAR V1 -- COLETOR DE NOTÍCIAS
====================================================================================================
Banco:   /home/alex/projetos/crypto-radar/data/news_radar.db
Feeds:   8
Escopo:  somente coleta + sentimento léxico. Nenhuma ação de trading.
----------------------------------------------------------------------------------------------------
CoinDesk         itens_no_feed=25   novos_gravados=0
Cointelegraph    itens_no_feed=30   novos_gravados=0
Decrypt          itens_no_feed=37   novos_gravados=0
CryptoSlate      itens_no_feed=10   novos_gravados=1
BitcoinMagazine  itens_no_feed=10   novos_gravados=0
NewsBTC          itens_no_feed=10   novos_gravados=0
CryptoPotato     itens_no_feed=36   novos_gravados=1
TheBlock         itens_no_feed=19   novos_gravados=1
----------------------------------------------------------------------------------------------------
Total no ciclo: 177 itens vistos, 3 novos gravados.
====================================================================================================
[2026-09-02T04:00:12.760639+00:00] CICLO concluído: vistos=177 novos=3
====================================================================================================
CRYPTO RADAR - NEWS RADAR V1 -- COLETOR DE NOTÍCIAS
====================================================================================================
Banco:   /home/alex/projetos/crypto-radar/data/news_radar.db
Feeds:   8
Escopo:  somente coleta + sentimento léxico. Nenhuma ação de trading.
----------------------------------------------------------------------------------------------------
CoinDesk         itens_no_feed=25   novos_gravados=0
Cointelegraph    itens_no_feed=30   novos_gravados=1
Decrypt          itens_no_feed=37   novos_gravados=0
CryptoSlate      itens_no_feed=10   novos_gravados=0
BitcoinMagazine  itens_no_feed=10   novos_gravados=0
NewsBTC          itens_no_feed=10   novos_gravados=0
CryptoPotato     itens_no_feed=36   novos_gravados=0
TheBlock         itens_no_feed=19   novos_gravados=1
----------------------------------------------------------------------------------------------------
Total no ciclo: 177 itens vistos, 2 novos gravados.
====================================================================================================
[2026-09-02T04:30:12.709261+00:00] CICLO concluído: vistos=177 novos=2
====================================================================================================
CRYPTO RADAR - NEWS RADAR V1 -- COLETOR DE NOTÍCIAS
====================================================================================================
Banco:   /home/alex/projetos/crypto-radar/data/news_radar.db
Feeds:   8
Escopo:  somente coleta + sentimento léxico. Nenhuma ação de trading.
----------------------------------------------------------------------------------------------------
CoinDesk         itens_no_feed=25   novos_gravados=1
Cointelegraph    itens_no_feed=30   novos_gravados=0
Decrypt          itens_no_feed=37   novos_gravados=0
CryptoSlate      itens_no_feed=10   novos_gravados=1
BitcoinMagazine  itens_no_feed=10   novos_gravados=0
NewsBTC          itens_no_feed=10   novos_gravados=0
CryptoPotato     itens_no_feed=36   novos_gravados=0
TheBlock         itens_no_feed=19   novos_gravados=1
----------------------------------------------------------------------------------------------------
Total no ciclo: 177 itens vistos, 3 novos gravados.
====================================================================================================
[2026-09-02T05:00:14.144673+00:00] CICLO concluído: vistos=177 novos=3
====================================================================================================
CRYPTO RADAR - NEWS RADAR V1 -- COLETOR DE NOTÍCIAS
====================================================================================================
Banco:   /home/alex/projetos/crypto-radar/data/news_radar.db
Feeds:   8
Escopo:  somente coleta + sentimento léxico. Nenhuma ação de trading.
----------------------------------------------------------------------------------------------------
CoinDesk         itens_no_feed=25   novos_gravados=2
Cointelegraph    itens_no_feed=30   novos_gravados=0
Decrypt          itens_no_feed=37   novos_gravados=0
CryptoSlate      itens_no_feed=10   novos_gravados=0
BitcoinMagazine  itens_no_feed=10   novos_gravados=0
NewsBTC          itens_no_feed=10   novos_gravados=0
CryptoPotato     itens_no_feed=36   novos_gravados=0
TheBlock         itens_no_feed=19   novos_gravados=0
----------------------------------------------------------------------------------------------------
Total no ciclo: 177 itens vistos, 2 novos gravados.
====================================================================================================
[2026-09-02T05:30:12.864527+00:00] CICLO concluído: vistos=177 novos=2
====================================================================================================
CRYPTO RADAR - NEWS RADAR V1 -- COLETOR DE NOTÍCIAS
====================================================================================================
Banco:   /home/alex/projetos/crypto-radar/data/news_radar.db
Feeds:   8
Escopo:  somente coleta + sentimento léxico. Nenhuma ação de trading.
----------------------------------------------------------------------------------------------------
CoinDesk         itens_no_feed=25   novos_gravados=0
Cointelegraph    itens_no_feed=30   novos_gravados=1
Decrypt          itens_no_feed=37   novos_gravados=0
CryptoSlate      itens_no_feed=10   novos_gravados=0
BitcoinMagazine  itens_no_feed=10   novos_gravados=0
NewsBTC          itens_no_feed=10   novos_gravados=0
CryptoPotato     itens_no_feed=36   novos_gravados=1
TheBlock         itens_no_feed=19   novos_gravados=0
----------------------------------------------------------------------------------------------------
Total no ciclo: 177 itens vistos, 2 novos gravados.
====================================================================================================
[2026-09-02T06:00:14.544321+00:00] CICLO concluído: vistos=177 novos=2
====================================================================================================
CRYPTO RADAR - NEWS RADAR V1 -- COLETOR DE NOTÍCIAS
====================================================================================================
Banco:   /home/alex/projetos/crypto-radar/data/news_radar.db
Feeds:   8
Escopo:  somente coleta + sentimento léxico. Nenhuma ação de trading.
----------------------------------------------------------------------------------------------------
CoinDesk         itens_no_feed=25   novos_gravados=0
Cointelegraph    itens_no_feed=30   novos_gravados=0
Decrypt          itens_no_feed=57   novos_gravados=0
CryptoSlate      itens_no_feed=10   novos_gravados=1
BitcoinMagazine  itens_no_feed=10   novos_gravados=0
NewsBTC          itens_no_feed=10   novos_gravados=0
CryptoPotato     itens_no_feed=36   novos_gravados=0
TheBlock         itens_no_feed=19   novos_gravados=0
----------------------------------------------------------------------------------------------------
Total no ciclo: 197 itens vistos, 1 novos gravados.
====================================================================================================
[2026-09-02T06:30:13.263076+00:00] CICLO concluído: vistos=197 novos=1
====================================================================================================
CRYPTO RADAR - NEWS RADAR V1 -- COLETOR DE NOTÍCIAS
====================================================================================================
Banco:   /home/alex/projetos/crypto-radar/data/news_radar.db
Feeds:   8
Escopo:  somente coleta + sentimento léxico. Nenhuma ação de trading.
----------------------------------------------------------------------------------------------------
CoinDesk         itens_no_feed=25   novos_gravados=1
Cointelegraph    itens_no_feed=30   novos_gravados=0
Decrypt          itens_no_feed=57   novos_gravados=0
CryptoSlate      itens_no_feed=10   novos_gravados=0
BitcoinMagazine  itens_no_feed=10   novos_gravados=0
NewsBTC          itens_no_feed=10   novos_gravados=0
CryptoPotato     itens_no_feed=36   novos_gravados=0
TheBlock         itens_no_feed=19   novos_gravados=0
----------------------------------------------------------------------------------------------------
Total no ciclo: 197 itens vistos, 1 novos gravados.
====================================================================================================
[2026-09-02T07:00:14.423927+00:00] CICLO concluído: vistos=197 novos=1
====================================================================================================
CRYPTO RADAR - NEWS RADAR V1 -- COLETOR DE NOTÍCIAS
====================================================================================================
Banco:   /home/alex/projetos/crypto-radar/data/news_radar.db
Feeds:   8
Escopo:  somente coleta + sentimento léxico. Nenhuma ação de trading.
----------------------------------------------------------------------------------------------------
CoinDesk         itens_no_feed=25   novos_gravados=1
Cointelegraph    itens_no_feed=30   novos_gravados=0
Decrypt          itens_no_feed=57   novos_gravados=0
CryptoSlate      itens_no_feed=10   novos_gravados=1
BitcoinMagazine  itens_no_feed=10   novos_gravados=0
NewsBTC          itens_no_feed=10   novos_gravados=0
CryptoPotato     itens_no_feed=36   novos_gravados=0
TheBlock         itens_no_feed=19   novos_gravados=0
----------------------------------------------------------------------------------------------------
Total no ciclo: 197 itens vistos, 2 novos gravados.
====================================================================================================
[2026-09-02T07:30:14.894853+00:00] CICLO concluído: vistos=197 novos=2
====================================================================================================
CRYPTO RADAR - NEWS RADAR V1 -- COLETOR DE NOTÍCIAS
====================================================================================================
Banco:   /home/alex/projetos/crypto-radar/data/news_radar.db
Feeds:   8
Escopo:  somente coleta + sentimento léxico. Nenhuma ação de trading.
----------------------------------------------------------------------------------------------------
CoinDesk         itens_no_feed=25   novos_gravados=0
Cointelegraph    itens_no_feed=30   novos_gravados=0
Decrypt          itens_no_feed=57   novos_gravados=0
CryptoSlate      itens_no_feed=10   novos_gravados=0
BitcoinMagazine  itens_no_feed=10   novos_gravados=0
NewsBTC          itens_no_feed=10   novos_gravados=0
CryptoPotato     itens_no_feed=36   novos_gravados=0
TheBlock         itens_no_feed=19   novos_gravados=0
----------------------------------------------------------------------------------------------------
Total no ciclo: 197 itens vistos, 0 novos gravados.
====================================================================================================
[2026-09-02T08:00:12.872636+00:00] CICLO concluído: vistos=197 novos=0
====================================================================================================
CRYPTO RADAR - NEWS RADAR V1 -- COLETOR DE NOTÍCIAS
====================================================================================================
Banco:   /home/alex/projetos/crypto-radar/data/news_radar.db
Feeds:   8
Escopo:  somente coleta + sentimento léxico. Nenhuma ação de trading.
----------------------------------------------------------------------------------------------------
CoinDesk         itens_no_feed=25   novos_gravados=0
Cointelegraph    itens_no_feed=30   novos_gravados=1
Decrypt          itens_no_feed=37   novos_gravados=0
CryptoSlate      itens_no_feed=10   novos_gravados=1
BitcoinMagazine  itens_no_feed=10   novos_gravados=0
NewsBTC          itens_no_feed=10   novos_gravados=0
CryptoPotato     itens_no_feed=36   novos_gravados=1
TheBlock         itens_no_feed=19   novos_gravados=0
----------------------------------------------------------------------------------------------------
Total no ciclo: 177 itens vistos, 3 novos gravados.
====================================================================================================
[2026-09-02T08:30:15.888010+00:00] CICLO concluído: vistos=177 novos=3
====================================================================================================
CRYPTO RADAR - NEWS RADAR V1 -- COLETOR DE NOTÍCIAS
====================================================================================================
Banco:   /home/alex/projetos/crypto-radar/data/news_radar.db
Feeds:   8
Escopo:  somente coleta + sentimento léxico. Nenhuma ação de trading.
----------------------------------------------------------------------------------------------------
CoinDesk         itens_no_feed=25   novos_gravados=1
Cointelegraph    itens_no_feed=30   novos_gravados=0
Decrypt          itens_no_feed=37   novos_gravados=0
CryptoSlate      itens_no_feed=10   novos_gravados=0
BitcoinMagazine  itens_no_feed=10   novos_gravados=0
NewsBTC          itens_no_feed=10   novos_gravados=0
CryptoPotato     itens_no_feed=36   novos_gravados=1
TheBlock         itens_no_feed=19   novos_gravados=0
----------------------------------------------------------------------------------------------------
Total no ciclo: 177 itens vistos, 2 novos gravados.
====================================================================================================
[2026-09-02T09:00:13.702263+00:00] CICLO concluído: vistos=177 novos=2
====================================================================================================
CRYPTO RADAR - NEWS RADAR V1 -- COLETOR DE NOTÍCIAS
====================================================================================================
Banco:   /home/alex/projetos/crypto-radar/data/news_radar.db
Feeds:   8
Escopo:  somente coleta + sentimento léxico. Nenhuma ação de trading.
----------------------------------------------------------------------------------------------------
CoinDesk         itens_no_feed=25   novos_gravados=0
Cointelegraph    itens_no_feed=30   novos_gravados=0
Decrypt          itens_no_feed=37   novos_gravados=1
CryptoSlate      itens_no_feed=10   novos_gravados=0
BitcoinMagazine  itens_no_feed=10   novos_gravados=0
NewsBTC          itens_no_feed=10   novos_gravados=0
CryptoPotato     itens_no_feed=36   novos_gravados=1
TheBlock         itens_no_feed=19   novos_gravados=0
----------------------------------------------------------------------------------------------------
Total no ciclo: 177 itens vistos, 2 novos gravados.
====================================================================================================
[2026-09-02T09:30:14.352960+00:00] CICLO concluído: vistos=177 novos=2
====================================================================================================
CRYPTO RADAR - NEWS RADAR V1 -- COLETOR DE NOTÍCIAS
====================================================================================================
Banco:   /home/alex/projetos/crypto-radar/data/news_radar.db
Feeds:   8
Escopo:  somente coleta + sentimento léxico. Nenhuma ação de trading.
----------------------------------------------------------------------------------------------------
CoinDesk         itens_no_feed=25   novos_gravados=0
Cointelegraph    itens_no_feed=30   novos_gravados=1
Decrypt          itens_no_feed=37   novos_gravados=0
CryptoSlate      itens_no_feed=10   novos_gravados=1
BitcoinMagazine  itens_no_feed=10   novos_gravados=0
NewsBTC          itens_no_feed=10   novos_gravados=0
CryptoPotato     itens_no_feed=36   novos_gravados=0
TheBlock         itens_no_feed=19   novos_gravados=0
----------------------------------------------------------------------------------------------------
Total no ciclo: 177 itens vistos, 2 novos gravados.
====================================================================================================
[2026-09-02T10:00:14.278075+00:00] CICLO concluído: vistos=177 novos=2
====================================================================================================
CRYPTO RADAR - NEWS RADAR V1 -- COLETOR DE NOTÍCIAS
====================================================================================================
Banco:   /home/alex/projetos/crypto-radar/data/news_radar.db
Feeds:   8
Escopo:  somente coleta + sentimento léxico. Nenhuma ação de trading.
----------------------------------------------------------------------------------------------------
CoinDesk         itens_no_feed=25   novos_gravados=1
Cointelegraph    itens_no_feed=30   novos_gravados=1
Decrypt          itens_no_feed=37   novos_gravados=1
CryptoSlate      itens_no_feed=10   novos_gravados=0
BitcoinMagazine  itens_no_feed=10   novos_gravados=0
NewsBTC          itens_no_feed=10   novos_gravados=0
CryptoPotato     itens_no_feed=36   novos_gravados=1
TheBlock         itens_no_feed=19   novos_gravados=2
----------------------------------------------------------------------------------------------------
Total no ciclo: 177 itens vistos, 6 novos gravados.
====================================================================================================
[2026-09-02T10:30:19.103055+00:00] CICLO concluído: vistos=177 novos=6
====================================================================================================
CRYPTO RADAR - NEWS RADAR V1 -- COLETOR DE NOTÍCIAS
====================================================================================================
Banco:   /home/alex/projetos/crypto-radar/data/news_radar.db
Feeds:   8
Escopo:  somente coleta + sentimento léxico. Nenhuma ação de trading.
----------------------------------------------------------------------------------------------------
CoinDesk         itens_no_feed=25   novos_gravados=1
Cointelegraph    itens_no_feed=30   novos_gravados=0
Decrypt          itens_no_feed=37   novos_gravados=0
CryptoSlate      itens_no_feed=10   novos_gravados=1
BitcoinMagazine  itens_no_feed=10   novos_gravados=0
NewsBTC          itens_no_feed=10   novos_gravados=0
CryptoPotato     itens_no_feed=36   novos_gravados=0
TheBlock         itens_no_feed=19   novos_gravados=0
----------------------------------------------------------------------------------------------------
Total no ciclo: 177 itens vistos, 2 novos gravados.
====================================================================================================
[2026-09-02T11:00:13.279307+00:00] CICLO concluído: vistos=177 novos=2
====================================================================================================
CRYPTO RADAR - NEWS RADAR V1 -- COLETOR DE NOTÍCIAS
====================================================================================================
Banco:   /home/alex/projetos/crypto-radar/data/news_radar.db
Feeds:   8
Escopo:  somente coleta + sentimento léxico. Nenhuma ação de trading.
----------------------------------------------------------------------------------------------------
CoinDesk         itens_no_feed=25   novos_gravados=2
Cointelegraph    itens_no_feed=30   novos_gravados=0
Decrypt          itens_no_feed=37   novos_gravados=0
CryptoSlate      itens_no_feed=10   novos_gravados=1
BitcoinMagazine  itens_no_feed=10   novos_gravados=0
NewsBTC          itens_no_feed=10   novos_gravados=0
CryptoPotato     itens_no_feed=36   novos_gravados=1
TheBlock         itens_no_feed=19   novos_gravados=0
----------------------------------------------------------------------------------------------------
Total no ciclo: 177 itens vistos, 4 novos gravados.
====================================================================================================
[2026-09-02T11:30:13.513897+00:00] CICLO concluído: vistos=177 novos=4
====================================================================================================
CRYPTO RADAR - NEWS RADAR V1 -- COLETOR DE NOTÍCIAS
====================================================================================================
Banco:   /home/alex/projetos/crypto-radar/data/news_radar.db
Feeds:   8
Escopo:  somente coleta + sentimento léxico. Nenhuma ação de trading.
----------------------------------------------------------------------------------------------------
CoinDesk         itens_no_feed=25   novos_gravados=1
Cointelegraph    itens_no_feed=30   novos_gravados=0
Decrypt          itens_no_feed=37   novos_gravados=2
CryptoSlate      itens_no_feed=10   novos_gravados=1
BitcoinMagazine  itens_no_feed=10   novos_gravados=0
NewsBTC          itens_no_feed=10   novos_gravados=0
CryptoPotato     itens_no_feed=36   novos_gravados=0
TheBlock         itens_no_feed=20   novos_gravados=1
----------------------------------------------------------------------------------------------------
Total no ciclo: 178 itens vistos, 5 novos gravados.
====================================================================================================
[2026-09-02T12:00:14.329904+00:00] CICLO concluído: vistos=178 novos=5
====================================================================================================
CRYPTO RADAR - NEWS RADAR V1 -- COLETOR DE NOTÍCIAS
====================================================================================================
Banco:   /home/alex/projetos/crypto-radar/data/news_radar.db
Feeds:   8
Escopo:  somente coleta + sentimento léxico. Nenhuma ação de trading.
----------------------------------------------------------------------------------------------------
CoinDesk         itens_no_feed=25   novos_gravados=1
Cointelegraph    itens_no_feed=30   novos_gravados=2
Decrypt          itens_no_feed=37   novos_gravados=0
CryptoSlate      itens_no_feed=10   novos_gravados=0
BitcoinMagazine  itens_no_feed=10   novos_gravados=0
NewsBTC          itens_no_feed=10   novos_gravados=0
CryptoPotato     itens_no_feed=36   novos_gravados=1
TheBlock         itens_no_feed=20   novos_gravados=0
----------------------------------------------------------------------------------------------------
Total no ciclo: 178 itens vistos, 4 novos gravados.
====================================================================================================
[2026-09-02T12:30:14.854778+00:00] CICLO concluído: vistos=178 novos=4
====================================================================================================
CRYPTO RADAR - NEWS RADAR V1 -- COLETOR DE NOTÍCIAS
====================================================================================================
Banco:   /home/alex/projetos/crypto-radar/data/news_radar.db
Feeds:   8
Escopo:  somente coleta + sentimento léxico. Nenhuma ação de trading.
----------------------------------------------------------------------------------------------------
CoinDesk         itens_no_feed=25   novos_gravados=0
Cointelegraph    itens_no_feed=30   novos_gravados=0
Decrypt          itens_no_feed=37   novos_gravados=0
CryptoSlate      itens_no_feed=10   novos_gravados=0
BitcoinMagazine  itens_no_feed=10   novos_gravados=0
NewsBTC          itens_no_feed=10   novos_gravados=0
CryptoPotato     itens_no_feed=36   novos_gravados=1
TheBlock         itens_no_feed=20   novos_gravados=1
----------------------------------------------------------------------------------------------------
Total no ciclo: 178 itens vistos, 2 novos gravados.
====================================================================================================
[2026-09-02T13:00:14.450720+00:00] CICLO concluído: vistos=178 novos=2
====================================================================================================
CRYPTO RADAR - NEWS RADAR V1 -- COLETOR DE NOTÍCIAS
====================================================================================================
Banco:   /home/alex/projetos/crypto-radar/data/news_radar.db
Feeds:   8
Escopo:  somente coleta + sentimento léxico. Nenhuma ação de trading.
----------------------------------------------------------------------------------------------------
CoinDesk         itens_no_feed=25   novos_gravados=2
Cointelegraph    itens_no_feed=30   novos_gravados=1
Decrypt          itens_no_feed=37   novos_gravados=0
CryptoSlate      itens_no_feed=10   novos_gravados=1
BitcoinMagazine  itens_no_feed=10   novos_gravados=0
NewsBTC          itens_no_feed=10   novos_gravados=0
CryptoPotato     itens_no_feed=36   novos_gravados=1
TheBlock         itens_no_feed=20   novos_gravados=1
----------------------------------------------------------------------------------------------------
Total no ciclo: 178 itens vistos, 6 novos gravados.
====================================================================================================
[2026-09-02T13:30:14.017219+00:00] CICLO concluído: vistos=178 novos=6
====================================================================================================
CRYPTO RADAR - NEWS RADAR V1 -- COLETOR DE NOTÍCIAS
====================================================================================================
Banco:   /home/alex/projetos/crypto-radar/data/news_radar.db
Feeds:   8
Escopo:  somente coleta + sentimento léxico. Nenhuma ação de trading.
----------------------------------------------------------------------------------------------------
CoinDesk         itens_no_feed=25   novos_gravados=0
Cointelegraph    itens_no_feed=30   novos_gravados=2
Decrypt          itens_no_feed=57   novos_gravados=0
CryptoSlate      itens_no_feed=10   novos_gravados=1
BitcoinMagazine  itens_no_feed=10   novos_gravados=0
NewsBTC          itens_no_feed=10   novos_gravados=0
CryptoPotato     itens_no_feed=36   novos_gravados=1
TheBlock         itens_no_feed=20   novos_gravados=0
----------------------------------------------------------------------------------------------------
Total no ciclo: 198 itens vistos, 4 novos gravados.
====================================================================================================
[2026-09-02T14:00:14.320772+00:00] CICLO concluído: vistos=198 novos=4
====================================================================================================
CRYPTO RADAR - NEWS RADAR V1 -- COLETOR DE NOTÍCIAS
====================================================================================================
Banco:   /home/alex/projetos/crypto-radar/data/news_radar.db
Feeds:   8
Escopo:  somente coleta + sentimento léxico. Nenhuma ação de trading.
----------------------------------------------------------------------------------------------------
CoinDesk         itens_no_feed=25   novos_gravados=0
Cointelegraph    itens_no_feed=30   novos_gravados=0
Decrypt          itens_no_feed=37   novos_gravados=1
CryptoSlate      itens_no_feed=10   novos_gravados=1
BitcoinMagazine  itens_no_feed=10   novos_gravados=0
NewsBTC          itens_no_feed=10   novos_gravados=0
CryptoPotato     itens_no_feed=36   novos_gravados=1
TheBlock         itens_no_feed=20   novos_gravados=0
----------------------------------------------------------------------------------------------------
Total no ciclo: 178 itens vistos, 3 novos gravados.
====================================================================================================
[2026-09-02T14:30:14.989238+00:00] CICLO concluído: vistos=178 novos=3
====================================================================================================
CRYPTO RADAR - NEWS RADAR V1 -- COLETOR DE NOTÍCIAS
====================================================================================================
Banco:   /home/alex/projetos/crypto-radar/data/news_radar.db
Feeds:   8
Escopo:  somente coleta + sentimento léxico. Nenhuma ação de trading.
----------------------------------------------------------------------------------------------------
CoinDesk         itens_no_feed=25   novos_gravados=0
Cointelegraph    itens_no_feed=30   novos_gravados=0
Decrypt          itens_no_feed=57   novos_gravados=0
CryptoSlate      itens_no_feed=10   novos_gravados=1
BitcoinMagazine  itens_no_feed=10   novos_gravados=0
NewsBTC          itens_no_feed=10   novos_gravados=0
CryptoPotato     itens_no_feed=36   novos_gravados=0
TheBlock         itens_no_feed=20   novos_gravados=0
----------------------------------------------------------------------------------------------------
Total no ciclo: 198 itens vistos, 1 novos gravados.
====================================================================================================
[2026-09-02T15:00:18.902079+00:00] CICLO concluído: vistos=198 novos=1
====================================================================================================
CRYPTO RADAR - NEWS RADAR V1 -- COLETOR DE NOTÍCIAS
====================================================================================================
Banco:   /home/alex/projetos/crypto-radar/data/news_radar.db
Feeds:   8
Escopo:  somente coleta + sentimento léxico. Nenhuma ação de trading.
----------------------------------------------------------------------------------------------------
CoinDesk         itens_no_feed=25   novos_gravados=1
Cointelegraph    itens_no_feed=30   novos_gravados=0
Decrypt          itens_no_feed=37   novos_gravados=1
CryptoSlate      itens_no_feed=10   novos_gravados=0
BitcoinMagazine  itens_no_feed=10   novos_gravados=1
NewsBTC          itens_no_feed=10   novos_gravados=0
CryptoPotato     itens_no_feed=36   novos_gravados=1
TheBlock         itens_no_feed=20   novos_gravados=1
----------------------------------------------------------------------------------------------------
Total no ciclo: 178 itens vistos, 5 novos gravados.
====================================================================================================
[2026-09-02T15:30:14.683141+00:00] CICLO concluído: vistos=178 novos=5
====================================================================================================
CRYPTO RADAR - NEWS RADAR V1 -- COLETOR DE NOTÍCIAS
====================================================================================================
Banco:   /home/alex/projetos/crypto-radar/data/news_radar.db
Feeds:   8
Escopo:  somente coleta + sentimento léxico. Nenhuma ação de trading.
----------------------------------------------------------------------------------------------------
CoinDesk         itens_no_feed=25   novos_gravados=0
Cointelegraph    itens_no_feed=30   novos_gravados=1
Decrypt          itens_no_feed=37   novos_gravados=1
CryptoSlate      itens_no_feed=10   novos_gravados=1
BitcoinMagazine  itens_no_feed=10   novos_gravados=0
NewsBTC          itens_no_feed=10   novos_gravados=0
CryptoPotato     itens_no_feed=36   novos_gravados=0
TheBlock         itens_no_feed=20   novos_gravados=0
----------------------------------------------------------------------------------------------------
Total no ciclo: 178 itens vistos, 3 novos gravados.
====================================================================================================
[2026-09-02T16:00:14.043532+00:00] CICLO concluído: vistos=178 novos=3
====================================================================================================
CRYPTO RADAR - NEWS RADAR V1 -- COLETOR DE NOTÍCIAS
====================================================================================================
Banco:   /home/alex/projetos/crypto-radar/data/news_radar.db
Feeds:   8
Escopo:  somente coleta + sentimento léxico. Nenhuma ação de trading.
----------------------------------------------------------------------------------------------------
CoinDesk         itens_no_feed=25   novos_gravados=0
Cointelegraph    itens_no_feed=30   novos_gravados=0
Decrypt          itens_no_feed=37   novos_gravados=0
CryptoSlate      itens_no_feed=10   novos_gravados=0
BitcoinMagazine  itens_no_feed=10   novos_gravados=0
NewsBTC          itens_no_feed=10   novos_gravados=0
CryptoPotato     itens_no_feed=36   novos_gravados=1
TheBlock         itens_no_feed=20   novos_gravados=2
----------------------------------------------------------------------------------------------------
Total no ciclo: 178 itens vistos, 3 novos gravados.
====================================================================================================
[2026-09-02T16:30:14.228840+00:00] CICLO concluído: vistos=178 novos=3
====================================================================================================
CRYPTO RADAR - NEWS RADAR V1 -- COLETOR DE NOTÍCIAS
====================================================================================================
Banco:   /home/alex/projetos/crypto-radar/data/news_radar.db
Feeds:   8
Escopo:  somente coleta + sentimento léxico. Nenhuma ação de trading.
----------------------------------------------------------------------------------------------------
CoinDesk         itens_no_feed=25   novos_gravados=0
Cointelegraph    itens_no_feed=30   novos_gravados=2
Decrypt          itens_no_feed=37   novos_gravados=1
CryptoSlate      itens_no_feed=10   novos_gravados=0
BitcoinMagazine  itens_no_feed=10   novos_gravados=1
NewsBTC          itens_no_feed=10   novos_gravados=0
CryptoPotato     itens_no_feed=36   novos_gravados=0
TheBlock         itens_no_feed=20   novos_gravados=0
----------------------------------------------------------------------------------------------------
Total no ciclo: 178 itens vistos, 4 novos gravados.
====================================================================================================
[2026-09-02T17:00:14.717051+00:00] CICLO concluído: vistos=178 novos=4
====================================================================================================
CRYPTO RADAR - NEWS RADAR V1 -- COLETOR DE NOTÍCIAS
====================================================================================================
Banco:   /home/alex/projetos/crypto-radar/data/news_radar.db
Feeds:   8
Escopo:  somente coleta + sentimento léxico. Nenhuma ação de trading.
----------------------------------------------------------------------------------------------------
CoinDesk         itens_no_feed=25   novos_gravados=1
Cointelegraph    itens_no_feed=30   novos_gravados=0
Decrypt          itens_no_feed=37   novos_gravados=0
CryptoSlate      itens_no_feed=10   novos_gravados=1
BitcoinMagazine  itens_no_feed=10   novos_gravados=0
NewsBTC          itens_no_feed=10   novos_gravados=0
CryptoPotato     itens_no_feed=36   novos_gravados=0
TheBlock         itens_no_feed=20   novos_gravados=1
----------------------------------------------------------------------------------------------------
Total no ciclo: 178 itens vistos, 3 novos gravados.
====================================================================================================
[2026-09-02T17:30:19.171024+00:00] CICLO concluído: vistos=178 novos=3
====================================================================================================
CRYPTO RADAR - NEWS RADAR V1 -- COLETOR DE NOTÍCIAS
====================================================================================================
Banco:   /home/alex/projetos/crypto-radar/data/news_radar.db
Feeds:   8
Escopo:  somente coleta + sentimento léxico. Nenhuma ação de trading.
----------------------------------------------------------------------------------------------------
CoinDesk         itens_no_feed=25   novos_gravados=1
Cointelegraph    itens_no_feed=30   novos_gravados=0
Decrypt          itens_no_feed=37   novos_gravados=1
CryptoSlate      itens_no_feed=10   novos_gravados=0
BitcoinMagazine  itens_no_feed=10   novos_gravados=0
NewsBTC          itens_no_feed=10   novos_gravados=0
CryptoPotato     itens_no_feed=36   novos_gravados=0
TheBlock         itens_no_feed=20   novos_gravados=1
----------------------------------------------------------------------------------------------------
Total no ciclo: 178 itens vistos, 3 novos gravados.
====================================================================================================
[2026-09-02T18:00:13.888836+00:00] CICLO concluído: vistos=178 novos=3
====================================================================================================
CRYPTO RADAR - NEWS RADAR V1 -- COLETOR DE NOTÍCIAS
====================================================================================================
Banco:   /home/alex/projetos/crypto-radar/data/news_radar.db
Feeds:   8
Escopo:  somente coleta + sentimento léxico. Nenhuma ação de trading.
----------------------------------------------------------------------------------------------------
CoinDesk         itens_no_feed=25   novos_gravados=0
Cointelegraph    itens_no_feed=30   novos_gravados=0
Decrypt          itens_no_feed=37   novos_gravados=0
CryptoSlate      itens_no_feed=10   novos_gravados=1
BitcoinMagazine  itens_no_feed=10   novos_gravados=0
NewsBTC          itens_no_feed=10   novos_gravados=0
CryptoPotato     itens_no_feed=36   novos_gravados=0
TheBlock         itens_no_feed=20   novos_gravados=1
----------------------------------------------------------------------------------------------------
Total no ciclo: 178 itens vistos, 2 novos gravados.
====================================================================================================
[2026-09-02T18:30:14.391246+00:00] CICLO concluído: vistos=178 novos=2
====================================================================================================
CRYPTO RADAR - NEWS RADAR V1 -- COLETOR DE NOTÍCIAS
====================================================================================================
Banco:   /home/alex/projetos/crypto-radar/data/news_radar.db
Feeds:   8
Escopo:  somente coleta + sentimento léxico. Nenhuma ação de trading.
----------------------------------------------------------------------------------------------------
CoinDesk         itens_no_feed=25   novos_gravados=0
Cointelegraph    itens_no_feed=30   novos_gravados=1
Decrypt          itens_no_feed=37   novos_gravados=1
CryptoSlate      itens_no_feed=10   novos_gravados=0
BitcoinMagazine  itens_no_feed=10   novos_gravados=1
NewsBTC          itens_no_feed=10   novos_gravados=0
CryptoPotato     itens_no_feed=36   novos_gravados=2
TheBlock         itens_no_feed=20   novos_gravados=0
----------------------------------------------------------------------------------------------------
Total no ciclo: 178 itens vistos, 5 novos gravados.
====================================================================================================
[2026-09-02T19:00:15.101460+00:00] CICLO concluído: vistos=178 novos=5
====================================================================================================
CRYPTO RADAR - NEWS RADAR V1 -- COLETOR DE NOTÍCIAS
====================================================================================================
Banco:   /home/alex/projetos/crypto-radar/data/news_radar.db
Feeds:   8
Escopo:  somente coleta + sentimento léxico. Nenhuma ação de trading.
----------------------------------------------------------------------------------------------------
CoinDesk         itens_no_feed=25   novos_gravados=0
Cointelegraph    itens_no_feed=30   novos_gravados=1
Decrypt          itens_no_feed=37   novos_gravados=1
CryptoSlate      itens_no_feed=10   novos_gravados=1
BitcoinMagazine  itens_no_feed=10   novos_gravados=2
NewsBTC          itens_no_feed=10   novos_gravados=0
CryptoPotato     itens_no_feed=36   novos_gravados=0
TheBlock         itens_no_feed=20   novos_gravados=0
----------------------------------------------------------------------------------------------------
Total no ciclo: 178 itens vistos, 5 novos gravados.
====================================================================================================
[2026-09-02T19:30:13.225625+00:00] CICLO concluído: vistos=178 novos=5
====================================================================================================
CRYPTO RADAR - NEWS RADAR V1 -- COLETOR DE NOTÍCIAS
====================================================================================================
Banco:   /home/alex/projetos/crypto-radar/data/news_radar.db
Feeds:   8
Escopo:  somente coleta + sentimento léxico. Nenhuma ação de trading.
----------------------------------------------------------------------------------------------------
CoinDesk         itens_no_feed=25   novos_gravados=0
Cointelegraph    itens_no_feed=30   novos_gravados=0
Decrypt          itens_no_feed=37   novos_gravados=0
CryptoSlate      itens_no_feed=10   novos_gravados=0
BitcoinMagazine  itens_no_feed=10   novos_gravados=0
NewsBTC          itens_no_feed=10   novos_gravados=0
CryptoPotato     itens_no_feed=36   novos_gravados=0
TheBlock         itens_no_feed=20   novos_gravados=0
----------------------------------------------------------------------------------------------------
Total no ciclo: 178 itens vistos, 0 novos gravados.
====================================================================================================
[2026-09-02T20:00:13.888162+00:00] CICLO concluído: vistos=178 novos=0
====================================================================================================
CRYPTO RADAR - NEWS RADAR V1 -- COLETOR DE NOTÍCIAS
====================================================================================================
Banco:   /home/alex/projetos/crypto-radar/data/news_radar.db
Feeds:   8
Escopo:  somente coleta + sentimento léxico. Nenhuma ação de trading.
----------------------------------------------------------------------------------------------------
CoinDesk         itens_no_feed=25   novos_gravados=1
Cointelegraph    itens_no_feed=30   novos_gravados=0
Decrypt          itens_no_feed=37   novos_gravados=1
CryptoSlate      itens_no_feed=10   novos_gravados=1
BitcoinMagazine  itens_no_feed=10   novos_gravados=0
NewsBTC          itens_no_feed=10   novos_gravados=0
CryptoPotato     itens_no_feed=36   novos_gravados=0
TheBlock         itens_no_feed=20   novos_gravados=0
----------------------------------------------------------------------------------------------------
Total no ciclo: 178 itens vistos, 3 novos gravados.
====================================================================================================
[2026-09-02T20:30:14.632332+00:00] CICLO concluído: vistos=178 novos=3
====================================================================================================
CRYPTO RADAR - NEWS RADAR V1 -- COLETOR DE NOTÍCIAS
====================================================================================================
Banco:   /home/alex/projetos/crypto-radar/data/news_radar.db
Feeds:   8
Escopo:  somente coleta + sentimento léxico. Nenhuma ação de trading.
----------------------------------------------------------------------------------------------------
CoinDesk         itens_no_feed=25   novos_gravados=0
Cointelegraph    itens_no_feed=30   novos_gravados=0
Decrypt          itens_no_feed=37   novos_gravados=1
CryptoSlate      itens_no_feed=10   novos_gravados=0
BitcoinMagazine  itens_no_feed=10   novos_gravados=0
NewsBTC          itens_no_feed=10   novos_gravados=0
CryptoPotato     itens_no_feed=36   novos_gravados=0
TheBlock         itens_no_feed=20   novos_gravados=0
----------------------------------------------------------------------------------------------------
Total no ciclo: 178 itens vistos, 1 novos gravados.
====================================================================================================
[2026-09-02T21:00:13.000158+00:00] CICLO concluído: vistos=178 novos=1
====================================================================================================
CRYPTO RADAR - NEWS RADAR V1 -- COLETOR DE NOTÍCIAS
====================================================================================================
Banco:   /home/alex/projetos/crypto-radar/data/news_radar.db
Feeds:   8
Escopo:  somente coleta + sentimento léxico. Nenhuma ação de trading.
----------------------------------------------------------------------------------------------------
CoinDesk         itens_no_feed=25   novos_gravados=1
Cointelegraph    itens_no_feed=30   novos_gravados=1
Decrypt          itens_no_feed=37   novos_gravados=0
CryptoSlate      itens_no_feed=10   novos_gravados=1
BitcoinMagazine  itens_no_feed=10   novos_gravados=0
NewsBTC          itens_no_feed=10   novos_gravados=0
CryptoPotato     itens_no_feed=36   novos_gravados=1
TheBlock         itens_no_feed=20   novos_gravados=1
----------------------------------------------------------------------------------------------------
Total no ciclo: 178 itens vistos, 5 novos gravados.
====================================================================================================
[2026-09-02T21:30:24.579266+00:00] CICLO concluído: vistos=178 novos=5
====================================================================================================
CRYPTO RADAR - NEWS RADAR V1 -- COLETOR DE NOTÍCIAS
====================================================================================================
Banco:   /home/alex/projetos/crypto-radar/data/news_radar.db
Feeds:   8
Escopo:  somente coleta + sentimento léxico. Nenhuma ação de trading.
----------------------------------------------------------------------------------------------------
CoinDesk         itens_no_feed=25   novos_gravados=0
Cointelegraph    itens_no_feed=30   novos_gravados=1
Decrypt          itens_no_feed=57   novos_gravados=1
CryptoSlate      itens_no_feed=10   novos_gravados=0
BitcoinMagazine  itens_no_feed=10   novos_gravados=1
NewsBTC          itens_no_feed=10   novos_gravados=0
CryptoPotato     itens_no_feed=36   novos_gravados=0
TheBlock         itens_no_feed=20   novos_gravados=0
----------------------------------------------------------------------------------------------------
Total no ciclo: 198 itens vistos, 3 novos gravados.
====================================================================================================
[2026-09-02T22:00:13.203313+00:00] CICLO concluído: vistos=198 novos=3
====================================================================================================
CRYPTO RADAR - NEWS RADAR V1 -- COLETOR DE NOTÍCIAS
====================================================================================================
Banco:   /home/alex/projetos/crypto-radar/data/news_radar.db
Feeds:   8
Escopo:  somente coleta + sentimento léxico. Nenhuma ação de trading.
----------------------------------------------------------------------------------------------------
CoinDesk         itens_no_feed=25   novos_gravados=0
Cointelegraph    itens_no_feed=30   novos_gravados=0
Decrypt          itens_no_feed=57   novos_gravados=0
CryptoSlate      itens_no_feed=10   novos_gravados=1
BitcoinMagazine  itens_no_feed=10   novos_gravados=0
NewsBTC          itens_no_feed=10   novos_gravados=0
CryptoPotato     itens_no_feed=36   novos_gravados=1
TheBlock         itens_no_feed=20   novos_gravados=0
----------------------------------------------------------------------------------------------------
Total no ciclo: 198 itens vistos, 2 novos gravados.
====================================================================================================
[2026-09-02T22:30:12.545603+00:00] CICLO concluído: vistos=198 novos=2
====================================================================================================
CRYPTO RADAR - NEWS RADAR V1 -- COLETOR DE NOTÍCIAS
====================================================================================================
Banco:   /home/alex/projetos/crypto-radar/data/news_radar.db
Feeds:   8
Escopo:  somente coleta + sentimento léxico. Nenhuma ação de trading.
----------------------------------------------------------------------------------------------------
CoinDesk         itens_no_feed=25   novos_gravados=0
Cointelegraph    itens_no_feed=30   novos_gravados=0
Decrypt          itens_no_feed=38   novos_gravados=1
CryptoSlate      itens_no_feed=10   novos_gravados=0
BitcoinMagazine  itens_no_feed=10   novos_gravados=0
NewsBTC          itens_no_feed=10   novos_gravados=0
CryptoPotato     itens_no_feed=36   novos_gravados=0
TheBlock         itens_no_feed=20   novos_gravados=0
----------------------------------------------------------------------------------------------------
Total no ciclo: 179 itens vistos, 1 novos gravados.
====================================================================================================
[2026-09-02T23:00:12.822919+00:00] CICLO concluído: vistos=179 novos=1
====================================================================================================
CRYPTO RADAR - NEWS RADAR V1 -- COLETOR DE NOTÍCIAS
====================================================================================================
Banco:   /home/alex/projetos/crypto-radar/data/news_radar.db
Feeds:   8
Escopo:  somente coleta + sentimento léxico. Nenhuma ação de trading.
----------------------------------------------------------------------------------------------------
CoinDesk         itens_no_feed=25   novos_gravados=0
Cointelegraph    itens_no_feed=30   novos_gravados=0
Decrypt          itens_no_feed=58   novos_gravados=1
CryptoSlate      itens_no_feed=10   novos_gravados=0
BitcoinMagazine  itens_no_feed=10   novos_gravados=0
NewsBTC          itens_no_feed=10   novos_gravados=0
CryptoPotato     itens_no_feed=36   novos_gravados=0
TheBlock         itens_no_feed=20   novos_gravados=0
----------------------------------------------------------------------------------------------------
Total no ciclo: 199 itens vistos, 1 novos gravados.
====================================================================================================
[2026-09-02T23:30:14.463315+00:00] CICLO concluído: vistos=199 novos=1
====================================================================================================
CRYPTO RADAR - NEWS RADAR V1 -- COLETOR DE NOTÍCIAS
====================================================================================================
Banco:   /home/alex/projetos/crypto-radar/data/news_radar.db
Feeds:   8
Escopo:  somente coleta + sentimento léxico. Nenhuma ação de trading.
----------------------------------------------------------------------------------------------------
CoinDesk         itens_no_feed=25   novos_gravados=0
Cointelegraph    itens_no_feed=30   novos_gravados=0
Decrypt          itens_no_feed=38   novos_gravados=1
CryptoSlate      itens_no_feed=10   novos_gravados=1
BitcoinMagazine  itens_no_feed=10   novos_gravados=0
NewsBTC          itens_no_feed=10   novos_gravados=0
CryptoPotato     itens_no_feed=36   novos_gravados=0
TheBlock         itens_no_feed=20   novos_gravados=0
----------------------------------------------------------------------------------------------------
Total no ciclo: 179 itens vistos, 2 novos gravados.
====================================================================================================
[2026-09-03T00:00:15.080479+00:00] CICLO concluído: vistos=179 novos=2
====================================================================================================
CRYPTO RADAR - NEWS RADAR V1 -- COLETOR DE NOTÍCIAS
====================================================================================================
Banco:   /home/alex/projetos/crypto-radar/data/news_radar.db
Feeds:   8
Escopo:  somente coleta + sentimento léxico. Nenhuma ação de trading.
----------------------------------------------------------------------------------------------------
CoinDesk         itens_no_feed=25   novos_gravados=0
Cointelegraph    itens_no_feed=30   novos_gravados=0
Decrypt          itens_no_feed=38   novos_gravados=0
CryptoSlate      itens_no_feed=10   novos_gravados=0
BitcoinMagazine  itens_no_feed=10   novos_gravados=0
NewsBTC          itens_no_feed=10   novos_gravados=0
CryptoPotato     itens_no_feed=36   novos_gravados=0
TheBlock         itens_no_feed=20   novos_gravados=0
----------------------------------------------------------------------------------------------------
Total no ciclo: 179 itens vistos, 0 novos gravados.
====================================================================================================
[2026-09-03T00:30:12.781754+00:00] CICLO concluído: vistos=179 novos=0
====================================================================================================
CRYPTO RADAR - NEWS RADAR V1 -- COLETOR DE NOTÍCIAS
====================================================================================================
Banco:   /home/alex/projetos/crypto-radar/data/news_radar.db
Feeds:   8
Escopo:  somente coleta + sentimento léxico. Nenhuma ação de trading.
----------------------------------------------------------------------------------------------------
CoinDesk         itens_no_feed=25   novos_gravados=0
Cointelegraph    itens_no_feed=30   novos_gravados=0
Decrypt          itens_no_feed=38   novos_gravados=0
CryptoSlate      itens_no_feed=10   novos_gravados=0
BitcoinMagazine  itens_no_feed=10   novos_gravados=0
NewsBTC          itens_no_feed=10   novos_gravados=0
CryptoPotato     itens_no_feed=36   novos_gravados=1
TheBlock         itens_no_feed=20   novos_gravados=0
----------------------------------------------------------------------------------------------------
Total no ciclo: 179 itens vistos, 1 novos gravados.
====================================================================================================
[2026-09-03T01:00:14.998479+00:00] CICLO concluído: vistos=179 novos=1
====================================================================================================
CRYPTO RADAR - NEWS RADAR V1 -- COLETOR DE NOTÍCIAS
====================================================================================================
Banco:   /home/alex/projetos/crypto-radar/data/news_radar.db
Feeds:   8
Escopo:  somente coleta + sentimento léxico. Nenhuma ação de trading.
----------------------------------------------------------------------------------------------------
CoinDesk         itens_no_feed=25   novos_gravados=0
Cointelegraph    itens_no_feed=30   novos_gravados=0
Decrypt          itens_no_feed=38   novos_gravados=0
CryptoSlate      itens_no_feed=10   novos_gravados=1
BitcoinMagazine  itens_no_feed=10   novos_gravados=0
NewsBTC          itens_no_feed=10   novos_gravados=0
CryptoPotato     itens_no_feed=36   novos_gravados=0
TheBlock         itens_no_feed=20   novos_gravados=0
----------------------------------------------------------------------------------------------------
Total no ciclo: 179 itens vistos, 1 novos gravados.
====================================================================================================
[2026-09-03T01:30:14.204707+00:00] CICLO concluído: vistos=179 novos=1
====================================================================================================
CRYPTO RADAR - NEWS RADAR V1 -- COLETOR DE NOTÍCIAS
====================================================================================================
Banco:   /home/alex/projetos/crypto-radar/data/news_radar.db
Feeds:   8
Escopo:  somente coleta + sentimento léxico. Nenhuma ação de trading.
----------------------------------------------------------------------------------------------------
CoinDesk         itens_no_feed=25   novos_gravados=0
Cointelegraph    itens_no_feed=30   novos_gravados=0
Decrypt          itens_no_feed=38   novos_gravados=0
CryptoSlate      itens_no_feed=10   novos_gravados=0
BitcoinMagazine  itens_no_feed=10   novos_gravados=0
NewsBTC          itens_no_feed=10   novos_gravados=0
CryptoPotato     itens_no_feed=36   novos_gravados=0
TheBlock         itens_no_feed=20   novos_gravados=0
----------------------------------------------------------------------------------------------------
Total no ciclo: 179 itens vistos, 0 novos gravados.
====================================================================================================
[2026-09-03T02:00:13.990978+00:00] CICLO concluído: vistos=179 novos=0
====================================================================================================
CRYPTO RADAR - NEWS RADAR V1 -- COLETOR DE NOTÍCIAS
====================================================================================================
Banco:   /home/alex/projetos/crypto-radar/data/news_radar.db
Feeds:   8
Escopo:  somente coleta + sentimento léxico. Nenhuma ação de trading.
----------------------------------------------------------------------------------------------------
CoinDesk         itens_no_feed=25   novos_gravados=0
Cointelegraph    itens_no_feed=30   novos_gravados=0
Decrypt          itens_no_feed=38   novos_gravados=0
CryptoSlate      itens_no_feed=10   novos_gravados=0
BitcoinMagazine  itens_no_feed=10   novos_gravados=0
NewsBTC          itens_no_feed=10   novos_gravados=0
CryptoPotato     itens_no_feed=36   novos_gravados=0
TheBlock         itens_no_feed=20   novos_gravados=0
----------------------------------------------------------------------------------------------------
Total no ciclo: 179 itens vistos, 0 novos gravados.
====================================================================================================
[2026-09-03T02:30:16.010874+00:00] CICLO concluído: vistos=179 novos=0
====================================================================================================
CRYPTO RADAR - NEWS RADAR V1 -- COLETOR DE NOTÍCIAS
====================================================================================================
Banco:   /home/alex/projetos/crypto-radar/data/news_radar.db
Feeds:   8
Escopo:  somente coleta + sentimento léxico. Nenhuma ação de trading.
----------------------------------------------------------------------------------------------------
CoinDesk         itens_no_feed=25   novos_gravados=0
Cointelegraph    itens_no_feed=30   novos_gravados=0
Decrypt          itens_no_feed=38   novos_gravados=0
CryptoSlate      itens_no_feed=10   novos_gravados=1
BitcoinMagazine  itens_no_feed=10   novos_gravados=0
NewsBTC          itens_no_feed=10   novos_gravados=0
CryptoPotato     itens_no_feed=36   novos_gravados=0
TheBlock         itens_no_feed=20   novos_gravados=0
----------------------------------------------------------------------------------------------------
Total no ciclo: 179 itens vistos, 1 novos gravados.
====================================================================================================
[2026-09-03T03:00:13.684073+00:00] CICLO concluído: vistos=179 novos=1
====================================================================================================
CRYPTO RADAR - NEWS RADAR V1 -- COLETOR DE NOTÍCIAS
====================================================================================================
Banco:   /home/alex/projetos/crypto-radar/data/news_radar.db
Feeds:   8
Escopo:  somente coleta + sentimento léxico. Nenhuma ação de trading.
----------------------------------------------------------------------------------------------------
CoinDesk         itens_no_feed=25   novos_gravados=0
Cointelegraph    itens_no_feed=30   novos_gravados=0
Decrypt          itens_no_feed=38   novos_gravados=0
CryptoSlate      itens_no_feed=10   novos_gravados=0
BitcoinMagazine  itens_no_feed=10   novos_gravados=0
NewsBTC          itens_no_feed=10   novos_gravados=0
CryptoPotato     itens_no_feed=36   novos_gravados=0
TheBlock         itens_no_feed=20   novos_gravados=0
----------------------------------------------------------------------------------------------------
Total no ciclo: 179 itens vistos, 0 novos gravados.
====================================================================================================
[2026-09-03T03:30:13.519746+00:00] CICLO concluído: vistos=179 novos=0
====================================================================================================
CRYPTO RADAR - NEWS RADAR V1 -- COLETOR DE NOTÍCIAS
====================================================================================================
Banco:   /home/alex/projetos/crypto-radar/data/news_radar.db
Feeds:   8
Escopo:  somente coleta + sentimento léxico. Nenhuma ação de trading.
----------------------------------------------------------------------------------------------------
CoinDesk         itens_no_feed=25   novos_gravados=0
Cointelegraph    itens_no_feed=30   novos_gravados=0
Decrypt          itens_no_feed=38   novos_gravados=0
CryptoSlate      itens_no_feed=10   novos_gravados=1
BitcoinMagazine  itens_no_feed=10   novos_gravados=0
NewsBTC          itens_no_feed=10   novos_gravados=0
CryptoPotato     itens_no_feed=36   novos_gravados=1
TheBlock         itens_no_feed=20   novos_gravados=1
----------------------------------------------------------------------------------------------------
Total no ciclo: 179 itens vistos, 3 novos gravados.
====================================================================================================
[2026-09-03T04:00:13.998618+00:00] CICLO concluído: vistos=179 novos=3
====================================================================================================
CRYPTO RADAR - NEWS RADAR V1 -- COLETOR DE NOTÍCIAS
====================================================================================================
Banco:   /home/alex/projetos/crypto-radar/data/news_radar.db
Feeds:   8
Escopo:  somente coleta + sentimento léxico. Nenhuma ação de trading.
----------------------------------------------------------------------------------------------------
CoinDesk         itens_no_feed=25   novos_gravados=1
Cointelegraph    itens_no_feed=30   novos_gravados=0
Decrypt          itens_no_feed=38   novos_gravados=0
CryptoSlate      itens_no_feed=10   novos_gravados=0
BitcoinMagazine  itens_no_feed=10   novos_gravados=0
NewsBTC          itens_no_feed=10   novos_gravados=0
CryptoPotato     itens_no_feed=36   novos_gravados=0
TheBlock         itens_no_feed=20   novos_gravados=0
----------------------------------------------------------------------------------------------------
Total no ciclo: 179 itens vistos, 1 novos gravados.
====================================================================================================
[2026-09-03T04:30:14.194144+00:00] CICLO concluído: vistos=179 novos=1
====================================================================================================
CRYPTO RADAR - NEWS RADAR V1 -- COLETOR DE NOTÍCIAS
====================================================================================================
Banco:   /home/alex/projetos/crypto-radar/data/news_radar.db
Feeds:   8
Escopo:  somente coleta + sentimento léxico. Nenhuma ação de trading.
----------------------------------------------------------------------------------------------------
CoinDesk         itens_no_feed=25   novos_gravados=1
Cointelegraph    itens_no_feed=30   novos_gravados=0
Decrypt          itens_no_feed=38   novos_gravados=0
CryptoSlate      itens_no_feed=10   novos_gravados=0
BitcoinMagazine  itens_no_feed=10   novos_gravados=0
NewsBTC          itens_no_feed=10   novos_gravados=0
CryptoPotato     itens_no_feed=36   novos_gravados=0
TheBlock         itens_no_feed=20   novos_gravados=1
----------------------------------------------------------------------------------------------------
Total no ciclo: 179 itens vistos, 2 novos gravados.
====================================================================================================
[2026-09-03T05:00:14.398234+00:00] CICLO concluído: vistos=179 novos=2
====================================================================================================
CRYPTO RADAR - NEWS RADAR V1 -- COLETOR DE NOTÍCIAS
====================================================================================================
Banco:   /home/alex/projetos/crypto-radar/data/news_radar.db
Feeds:   8
Escopo:  somente coleta + sentimento léxico. Nenhuma ação de trading.
----------------------------------------------------------------------------------------------------
CoinDesk         itens_no_feed=25   novos_gravados=0
Cointelegraph    itens_no_feed=30   novos_gravados=1
Decrypt          itens_no_feed=58   novos_gravados=0
CryptoSlate      itens_no_feed=10   novos_gravados=0
BitcoinMagazine  itens_no_feed=10   novos_gravados=0
NewsBTC          itens_no_feed=10   novos_gravados=0
CryptoPotato     itens_no_feed=36   novos_gravados=0
TheBlock         itens_no_feed=20   novos_gravados=0
----------------------------------------------------------------------------------------------------
Total no ciclo: 199 itens vistos, 1 novos gravados.
====================================================================================================
[2026-09-03T05:30:13.375821+00:00] CICLO concluído: vistos=199 novos=1
====================================================================================================
CRYPTO RADAR - NEWS RADAR V1 -- COLETOR DE NOTÍCIAS
====================================================================================================
Banco:   /home/alex/projetos/crypto-radar/data/news_radar.db
Feeds:   8
Escopo:  somente coleta + sentimento léxico. Nenhuma ação de trading.
----------------------------------------------------------------------------------------------------
CoinDesk         itens_no_feed=25   novos_gravados=0
Cointelegraph    itens_no_feed=30   novos_gravados=0
Decrypt          itens_no_feed=38   novos_gravados=0
CryptoSlate      itens_no_feed=10   novos_gravados=1
BitcoinMagazine  itens_no_feed=10   novos_gravados=0
NewsBTC          itens_no_feed=10   novos_gravados=0
CryptoPotato     itens_no_feed=36   novos_gravados=0
TheBlock         itens_no_feed=20   novos_gravados=0
----------------------------------------------------------------------------------------------------
Total no ciclo: 179 itens vistos, 1 novos gravados.
====================================================================================================
[2026-09-03T06:00:12.939412+00:00] CICLO concluído: vistos=179 novos=1
====================================================================================================
CRYPTO RADAR - NEWS RADAR V1 -- COLETOR DE NOTÍCIAS
====================================================================================================
Banco:   /home/alex/projetos/crypto-radar/data/news_radar.db
Feeds:   8
Escopo:  somente coleta + sentimento léxico. Nenhuma ação de trading.
----------------------------------------------------------------------------------------------------
CoinDesk         itens_no_feed=25   novos_gravados=0
Cointelegraph    itens_no_feed=30   novos_gravados=0
Decrypt          itens_no_feed=38   novos_gravados=0
CryptoSlate      itens_no_feed=10   novos_gravados=0
BitcoinMagazine  itens_no_feed=10   novos_gravados=0
NewsBTC          itens_no_feed=10   novos_gravados=0
CryptoPotato     itens_no_feed=36   novos_gravados=0
TheBlock         itens_no_feed=20   novos_gravados=0
----------------------------------------------------------------------------------------------------
Total no ciclo: 179 itens vistos, 0 novos gravados.
====================================================================================================
[2026-09-03T06:30:13.057627+00:00] CICLO concluído: vistos=179 novos=0
====================================================================================================
CRYPTO RADAR - NEWS RADAR V1 -- COLETOR DE NOTÍCIAS
====================================================================================================
Banco:   /home/alex/projetos/crypto-radar/data/news_radar.db
Feeds:   8
Escopo:  somente coleta + sentimento léxico. Nenhuma ação de trading.
----------------------------------------------------------------------------------------------------
CoinDesk         itens_no_feed=25   novos_gravados=0
Cointelegraph    itens_no_feed=30   novos_gravados=0
Decrypt          itens_no_feed=38   novos_gravados=0
CryptoSlate      itens_no_feed=10   novos_gravados=0
BitcoinMagazine  itens_no_feed=10   novos_gravados=0
NewsBTC          itens_no_feed=10   novos_gravados=0
CryptoPotato     itens_no_feed=36   novos_gravados=1
TheBlock         itens_no_feed=20   novos_gravados=0
----------------------------------------------------------------------------------------------------
Total no ciclo: 179 itens vistos, 1 novos gravados.
====================================================================================================
[2026-09-03T07:00:14.885932+00:00] CICLO concluído: vistos=179 novos=1
====================================================================================================
CRYPTO RADAR - NEWS RADAR V1 -- COLETOR DE NOTÍCIAS
====================================================================================================
Banco:   /home/alex/projetos/crypto-radar/data/news_radar.db
Feeds:   8
Escopo:  somente coleta + sentimento léxico. Nenhuma ação de trading.
----------------------------------------------------------------------------------------------------
CoinDesk         itens_no_feed=25   novos_gravados=1
Cointelegraph    itens_no_feed=30   novos_gravados=0
Decrypt          itens_no_feed=38   novos_gravados=0
CryptoSlate      itens_no_feed=10   novos_gravados=1
BitcoinMagazine  itens_no_feed=10   novos_gravados=0
NewsBTC          itens_no_feed=10   novos_gravados=0
CryptoPotato     itens_no_feed=36   novos_gravados=0
TheBlock         itens_no_feed=20   novos_gravados=0
----------------------------------------------------------------------------------------------------
Total no ciclo: 179 itens vistos, 2 novos gravados.
====================================================================================================
[2026-09-03T07:30:13.471075+00:00] CICLO concluído: vistos=179 novos=2
====================================================================================================
CRYPTO RADAR - NEWS RADAR V1 -- COLETOR DE NOTÍCIAS
====================================================================================================
Banco:   /home/alex/projetos/crypto-radar/data/news_radar.db
Feeds:   8
Escopo:  somente coleta + sentimento léxico. Nenhuma ação de trading.
----------------------------------------------------------------------------------------------------
CoinDesk         itens_no_feed=25   novos_gravados=0
Cointelegraph    itens_no_feed=30   novos_gravados=2
Decrypt          itens_no_feed=38   novos_gravados=0
CryptoSlate      itens_no_feed=10   novos_gravados=0
BitcoinMagazine  itens_no_feed=10   novos_gravados=0
NewsBTC          itens_no_feed=10   novos_gravados=0
CryptoPotato     itens_no_feed=36   novos_gravados=0
TheBlock         itens_no_feed=20   novos_gravados=0
----------------------------------------------------------------------------------------------------
Total no ciclo: 179 itens vistos, 2 novos gravados.
====================================================================================================
[2026-09-03T08:00:13.875583+00:00] CICLO concluído: vistos=179 novos=2
====================================================================================================
CRYPTO RADAR - NEWS RADAR V1 -- COLETOR DE NOTÍCIAS
====================================================================================================
Banco:   /home/alex/projetos/crypto-radar/data/news_radar.db
Feeds:   8
Escopo:  somente coleta + sentimento léxico. Nenhuma ação de trading.
----------------------------------------------------------------------------------------------------
CoinDesk         itens_no_feed=25   novos_gravados=0
Cointelegraph    itens_no_feed=30   novos_gravados=0
Decrypt          itens_no_feed=38   novos_gravados=0
CryptoSlate      itens_no_feed=10   novos_gravados=0
BitcoinMagazine  itens_no_feed=10   novos_gravados=0
NewsBTC          itens_no_feed=10   novos_gravados=0
CryptoPotato     itens_no_feed=36   novos_gravados=1
TheBlock         itens_no_feed=20   novos_gravados=0
----------------------------------------------------------------------------------------------------
Total no ciclo: 179 itens vistos, 1 novos gravados.
====================================================================================================
[2026-09-03T08:30:20.719491+00:00] CICLO concluído: vistos=179 novos=1
====================================================================================================
CRYPTO RADAR - NEWS RADAR V1 -- COLETOR DE NOTÍCIAS
====================================================================================================
Banco:   /home/alex/projetos/crypto-radar/data/news_radar.db
Feeds:   8
Escopo:  somente coleta + sentimento léxico. Nenhuma ação de trading.
----------------------------------------------------------------------------------------------------
CoinDesk         itens_no_feed=25   novos_gravados=1
Cointelegraph    itens_no_feed=30   novos_gravados=0
Decrypt          itens_no_feed=38   novos_gravados=1
CryptoSlate      itens_no_feed=10   novos_gravados=0
BitcoinMagazine  itens_no_feed=10   novos_gravados=0
NewsBTC          itens_no_feed=10   novos_gravados=0
CryptoPotato     itens_no_feed=36   novos_gravados=0
TheBlock         itens_no_feed=20   novos_gravados=0
----------------------------------------------------------------------------------------------------
Total no ciclo: 179 itens vistos, 2 novos gravados.
====================================================================================================
[2026-09-03T09:00:13.345860+00:00] CICLO concluído: vistos=179 novos=2
====================================================================================================
CRYPTO RADAR - NEWS RADAR V1 -- COLETOR DE NOTÍCIAS
====================================================================================================
Banco:   /home/alex/projetos/crypto-radar/data/news_radar.db
Feeds:   8
Escopo:  somente coleta + sentimento léxico. Nenhuma ação de trading.
----------------------------------------------------------------------------------------------------
CoinDesk         itens_no_feed=25   novos_gravados=1
Cointelegraph    itens_no_feed=30   novos_gravados=0
Decrypt          itens_no_feed=38   novos_gravados=0
CryptoSlate      itens_no_feed=10   novos_gravados=1
BitcoinMagazine  itens_no_feed=10   novos_gravados=0
NewsBTC          itens_no_feed=10   novos_gravados=0
CryptoPotato     itens_no_feed=36   novos_gravados=1
TheBlock         itens_no_feed=20   novos_gravados=0
----------------------------------------------------------------------------------------------------
Total no ciclo: 179 itens vistos, 3 novos gravados.
====================================================================================================
[2026-09-03T09:30:14.969623+00:00] CICLO concluído: vistos=179 novos=3
====================================================================================================
CRYPTO RADAR - NEWS RADAR V1 -- COLETOR DE NOTÍCIAS
====================================================================================================
Banco:   /home/alex/projetos/crypto-radar/data/news_radar.db
Feeds:   8
Escopo:  somente coleta + sentimento léxico. Nenhuma ação de trading.
----------------------------------------------------------------------------------------------------
CoinDesk         itens_no_feed=25   novos_gravados=0
Cointelegraph    itens_no_feed=30   novos_gravados=2
Decrypt          itens_no_feed=38   novos_gravados=1
CryptoSlate      itens_no_feed=10   novos_gravados=0
BitcoinMagazine  itens_no_feed=10   novos_gravados=0
NewsBTC          itens_no_feed=10   novos_gravados=0
CryptoPotato     itens_no_feed=36   novos_gravados=0
TheBlock         itens_no_feed=20   novos_gravados=0
----------------------------------------------------------------------------------------------------
Total no ciclo: 179 itens vistos, 3 novos gravados.
====================================================================================================
[2026-09-03T10:00:13.605814+00:00] CICLO concluído: vistos=179 novos=3
====================================================================================================
CRYPTO RADAR - NEWS RADAR V1 -- COLETOR DE NOTÍCIAS
====================================================================================================
Banco:   /home/alex/projetos/crypto-radar/data/news_radar.db
Feeds:   8
Escopo:  somente coleta + sentimento léxico. Nenhuma ação de trading.
----------------------------------------------------------------------------------------------------
CoinDesk         itens_no_feed=25   novos_gravados=1
Cointelegraph    itens_no_feed=30   novos_gravados=1
Decrypt          itens_no_feed=38   novos_gravados=0
CryptoSlate      itens_no_feed=10   novos_gravados=1
BitcoinMagazine  itens_no_feed=10   novos_gravados=0
NewsBTC          itens_no_feed=10   novos_gravados=0
CryptoPotato     itens_no_feed=36   novos_gravados=1
TheBlock         itens_no_feed=20   novos_gravados=0
----------------------------------------------------------------------------------------------------
Total no ciclo: 179 itens vistos, 4 novos gravados.
====================================================================================================
[2026-09-03T10:30:19.841524+00:00] CICLO concluído: vistos=179 novos=4
====================================================================================================
CRYPTO RADAR - NEWS RADAR V1 -- COLETOR DE NOTÍCIAS
====================================================================================================
Banco:   /home/alex/projetos/crypto-radar/data/news_radar.db
Feeds:   8
Escopo:  somente coleta + sentimento léxico. Nenhuma ação de trading.
----------------------------------------------------------------------------------------------------
CoinDesk         itens_no_feed=25   novos_gravados=2
Cointelegraph    itens_no_feed=30   novos_gravados=0
Decrypt          itens_no_feed=38   novos_gravados=0
CryptoSlate      itens_no_feed=10   novos_gravados=0
BitcoinMagazine  itens_no_feed=10   novos_gravados=0
NewsBTC          itens_no_feed=10   novos_gravados=0
CryptoPotato     itens_no_feed=36   novos_gravados=0
TheBlock         itens_no_feed=20   novos_gravados=0
----------------------------------------------------------------------------------------------------
Total no ciclo: 179 itens vistos, 2 novos gravados.
====================================================================================================
[2026-09-03T11:00:13.631509+00:00] CICLO concluído: vistos=179 novos=2
====================================================================================================
CRYPTO RADAR - NEWS RADAR V1 -- COLETOR DE NOTÍCIAS
====================================================================================================
Banco:   /home/alex/projetos/crypto-radar/data/news_radar.db
Feeds:   8
Escopo:  somente coleta + sentimento léxico. Nenhuma ação de trading.
----------------------------------------------------------------------------------------------------
CoinDesk         itens_no_feed=25   novos_gravados=2
Cointelegraph    itens_no_feed=30   novos_gravados=1
Decrypt          itens_no_feed=58   novos_gravados=0
CryptoSlate      itens_no_feed=10   novos_gravados=1
BitcoinMagazine  itens_no_feed=10   novos_gravados=0
NewsBTC          itens_no_feed=10   novos_gravados=0
CryptoPotato     itens_no_feed=36   novos_gravados=0
TheBlock         itens_no_feed=20   novos_gravados=1
----------------------------------------------------------------------------------------------------
Total no ciclo: 199 itens vistos, 5 novos gravados.
====================================================================================================
[2026-09-03T11:30:14.523676+00:00] CICLO concluído: vistos=199 novos=5
====================================================================================================
CRYPTO RADAR - NEWS RADAR V1 -- COLETOR DE NOTÍCIAS
====================================================================================================
Banco:   /home/alex/projetos/crypto-radar/data/news_radar.db
Feeds:   8
Escopo:  somente coleta + sentimento léxico. Nenhuma ação de trading.
----------------------------------------------------------------------------------------------------
CoinDesk         itens_no_feed=25   novos_gravados=0
Cointelegraph    itens_no_feed=30   novos_gravados=0
Decrypt          itens_no_feed=38   novos_gravados=2
CryptoSlate      itens_no_feed=10   novos_gravados=0
BitcoinMagazine  itens_no_feed=10   novos_gravados=0
NewsBTC          itens_no_feed=10   novos_gravados=0
CryptoPotato     itens_no_feed=36   novos_gravados=0
TheBlock         itens_no_feed=20   novos_gravados=0
----------------------------------------------------------------------------------------------------
Total no ciclo: 179 itens vistos, 2 novos gravados.
====================================================================================================
[2026-09-03T12:00:19.681666+00:00] CICLO concluído: vistos=179 novos=2
====================================================================================================
CRYPTO RADAR - NEWS RADAR V1 -- COLETOR DE NOTÍCIAS
====================================================================================================
Banco:   /home/alex/projetos/crypto-radar/data/news_radar.db
Feeds:   8
Escopo:  somente coleta + sentimento léxico. Nenhuma ação de trading.
----------------------------------------------------------------------------------------------------
CoinDesk         itens_no_feed=25   novos_gravados=1
Cointelegraph    itens_no_feed=30   novos_gravados=0
Decrypt          itens_no_feed=37   novos_gravados=0
CryptoSlate      itens_no_feed=10   novos_gravados=0
BitcoinMagazine  itens_no_feed=10   novos_gravados=0
NewsBTC          itens_no_feed=10   novos_gravados=0
CryptoPotato     itens_no_feed=36   novos_gravados=2
TheBlock         itens_no_feed=20   novos_gravados=0
----------------------------------------------------------------------------------------------------
Total no ciclo: 178 itens vistos, 3 novos gravados.
====================================================================================================
[2026-09-03T12:30:14.558294+00:00] CICLO concluído: vistos=178 novos=3
====================================================================================================
CRYPTO RADAR - NEWS RADAR V1 -- COLETOR DE NOTÍCIAS
====================================================================================================
Banco:   /home/alex/projetos/crypto-radar/data/news_radar.db
Feeds:   8
Escopo:  somente coleta + sentimento léxico. Nenhuma ação de trading.
----------------------------------------------------------------------------------------------------
CoinDesk         itens_no_feed=25   novos_gravados=0
Cointelegraph    itens_no_feed=30   novos_gravados=1
Decrypt          itens_no_feed=37   novos_gravados=0
CryptoSlate      itens_no_feed=10   novos_gravados=1
BitcoinMagazine  itens_no_feed=10   novos_gravados=0
NewsBTC          itens_no_feed=10   novos_gravados=0
CryptoPotato     itens_no_feed=36   novos_gravados=1
TheBlock         itens_no_feed=20   novos_gravados=1
----------------------------------------------------------------------------------------------------
Total no ciclo: 178 itens vistos, 4 novos gravados.
====================================================================================================
[2026-09-03T13:00:14.100218+00:00] CICLO concluído: vistos=178 novos=4
====================================================================================================
CRYPTO RADAR - NEWS RADAR V1 -- COLETOR DE NOTÍCIAS
====================================================================================================
Banco:   /home/alex/projetos/crypto-radar/data/news_radar.db
Feeds:   8
Escopo:  somente coleta + sentimento léxico. Nenhuma ação de trading.
----------------------------------------------------------------------------------------------------
CoinDesk         itens_no_feed=25   novos_gravados=0
Cointelegraph    itens_no_feed=30   novos_gravados=1
Decrypt          itens_no_feed=37   novos_gravados=0
CryptoSlate      itens_no_feed=10   novos_gravados=0
BitcoinMagazine  itens_no_feed=10   novos_gravados=0
NewsBTC          itens_no_feed=10   novos_gravados=0
CryptoPotato     itens_no_feed=36   novos_gravados=0
TheBlock         itens_no_feed=20   novos_gravados=0
----------------------------------------------------------------------------------------------------
Total no ciclo: 178 itens vistos, 1 novos gravados.
====================================================================================================
[2026-09-03T13:30:15.673859+00:00] CICLO concluído: vistos=178 novos=1
====================================================================================================
CRYPTO RADAR - NEWS RADAR V1 -- COLETOR DE NOTÍCIAS
====================================================================================================
Banco:   /home/alex/projetos/crypto-radar/data/news_radar.db
Feeds:   8
Escopo:  somente coleta + sentimento léxico. Nenhuma ação de trading.
----------------------------------------------------------------------------------------------------
CoinDesk         itens_no_feed=25   novos_gravados=0
Cointelegraph    itens_no_feed=30   novos_gravados=1
Decrypt          itens_no_feed=37   novos_gravados=0
CryptoSlate      itens_no_feed=10   novos_gravados=1
BitcoinMagazine  itens_no_feed=10   novos_gravados=0
NewsBTC          itens_no_feed=10   novos_gravados=0
CryptoPotato     itens_no_feed=36   novos_gravados=0
TheBlock         itens_no_feed=20   novos_gravados=0
----------------------------------------------------------------------------------------------------
Total no ciclo: 178 itens vistos, 2 novos gravados.
====================================================================================================
[2026-09-03T14:00:15.490558+00:00] CICLO concluído: vistos=178 novos=2
====================================================================================================
CRYPTO RADAR - NEWS RADAR V1 -- COLETOR DE NOTÍCIAS
====================================================================================================
Banco:   /home/alex/projetos/crypto-radar/data/news_radar.db
Feeds:   8
Escopo:  somente coleta + sentimento léxico. Nenhuma ação de trading.
----------------------------------------------------------------------------------------------------
CoinDesk         itens_no_feed=25   novos_gravados=0
Cointelegraph    itens_no_feed=30   novos_gravados=0
Decrypt          itens_no_feed=37   novos_gravados=0
CryptoSlate      itens_no_feed=10   novos_gravados=0
BitcoinMagazine  itens_no_feed=10   novos_gravados=0
NewsBTC          itens_no_feed=10   novos_gravados=0
CryptoPotato     itens_no_feed=36   novos_gravados=2
TheBlock         itens_no_feed=20   novos_gravados=0
----------------------------------------------------------------------------------------------------
Total no ciclo: 178 itens vistos, 2 novos gravados.
====================================================================================================
[2026-09-03T14:30:13.505406+00:00] CICLO concluído: vistos=178 novos=2
====================================================================================================
CRYPTO RADAR - NEWS RADAR V1 -- COLETOR DE NOTÍCIAS
====================================================================================================
Banco:   /home/alex/projetos/crypto-radar/data/news_radar.db
Feeds:   8
Escopo:  somente coleta + sentimento léxico. Nenhuma ação de trading.
----------------------------------------------------------------------------------------------------
CoinDesk         itens_no_feed=25   novos_gravados=2
Cointelegraph    itens_no_feed=30   novos_gravados=0
Decrypt          itens_no_feed=37   novos_gravados=0
CryptoSlate      itens_no_feed=10   novos_gravados=1
BitcoinMagazine  itens_no_feed=10   novos_gravados=0
NewsBTC          itens_no_feed=10   novos_gravados=1
CryptoPotato     itens_no_feed=36   novos_gravados=0
TheBlock         itens_no_feed=20   novos_gravados=0
----------------------------------------------------------------------------------------------------
Total no ciclo: 178 itens vistos, 4 novos gravados.
====================================================================================================
[2026-09-03T15:00:14.104380+00:00] CICLO concluído: vistos=178 novos=4
====================================================================================================
CRYPTO RADAR - NEWS RADAR V1 -- COLETOR DE NOTÍCIAS
====================================================================================================
Banco:   /home/alex/projetos/crypto-radar/data/news_radar.db
Feeds:   8
Escopo:  somente coleta + sentimento léxico. Nenhuma ação de trading.
----------------------------------------------------------------------------------------------------
CoinDesk         itens_no_feed=25   novos_gravados=1
Cointelegraph    itens_no_feed=30   novos_gravados=0
Decrypt          itens_no_feed=37   novos_gravados=0
CryptoSlate      itens_no_feed=10   novos_gravados=0
BitcoinMagazine  itens_no_feed=10   novos_gravados=1
NewsBTC          itens_no_feed=10   novos_gravados=0
CryptoPotato     itens_no_feed=36   novos_gravados=1
TheBlock         itens_no_feed=20   novos_gravados=0
----------------------------------------------------------------------------------------------------
Total no ciclo: 178 itens vistos, 3 novos gravados.
====================================================================================================
[2026-09-03T15:30:14.154834+00:00] CICLO concluído: vistos=178 novos=3
====================================================================================================
CRYPTO RADAR - NEWS RADAR V1 -- COLETOR DE NOTÍCIAS
====================================================================================================
Banco:   /home/alex/projetos/crypto-radar/data/news_radar.db
Feeds:   8
Escopo:  somente coleta + sentimento léxico. Nenhuma ação de trading.
----------------------------------------------------------------------------------------------------
CoinDesk         itens_no_feed=25   novos_gravados=1
Cointelegraph    itens_no_feed=30   novos_gravados=0
Decrypt          itens_no_feed=37   novos_gravados=1
CryptoSlate      itens_no_feed=10   novos_gravados=0
BitcoinMagazine  itens_no_feed=10   novos_gravados=0
NewsBTC          itens_no_feed=10   novos_gravados=1
CryptoPotato     itens_no_feed=36   novos_gravados=1
TheBlock         itens_no_feed=20   novos_gravados=1
----------------------------------------------------------------------------------------------------
Total no ciclo: 178 itens vistos, 5 novos gravados.
====================================================================================================
[2026-09-03T16:00:15.247726+00:00] CICLO concluído: vistos=178 novos=5
====================================================================================================
CRYPTO RADAR - NEWS RADAR V1 -- COLETOR DE NOTÍCIAS
====================================================================================================
Banco:   /home/alex/projetos/crypto-radar/data/news_radar.db
Feeds:   8
Escopo:  somente coleta + sentimento léxico. Nenhuma ação de trading.
----------------------------------------------------------------------------------------------------
CoinDesk         itens_no_feed=25   novos_gravados=0
Cointelegraph    itens_no_feed=30   novos_gravados=1
Decrypt          itens_no_feed=37   novos_gravados=1
[2026-09-03T16:30:21.140154+00:00] AVISO: falha ao buscar CryptoSlate (https://cryptoslate.com/feed/): HTTPSConnectionPool(host='cryptoslate.com', port=443): Read timed out. (read timeout=15)
CryptoSlate      itens_no_feed=0    novos_gravados=0
BitcoinMagazine  itens_no_feed=10   novos_gravados=0
NewsBTC          itens_no_feed=10   novos_gravados=1
CryptoPotato     itens_no_feed=36   novos_gravados=0
TheBlock         itens_no_feed=20   novos_gravados=1
----------------------------------------------------------------------------------------------------
Total no ciclo: 168 itens vistos, 4 novos gravados.
====================================================================================================
[2026-09-03T16:30:29.628870+00:00] CICLO concluído: vistos=168 novos=4
====================================================================================================
CRYPTO RADAR - NEWS RADAR V1 -- COLETOR DE NOTÍCIAS
====================================================================================================
Banco:   /home/alex/projetos/crypto-radar/data/news_radar.db
Feeds:   8
Escopo:  somente coleta + sentimento léxico. Nenhuma ação de trading.
----------------------------------------------------------------------------------------------------
CoinDesk         itens_no_feed=25   novos_gravados=0
Cointelegraph    itens_no_feed=30   novos_gravados=0
Decrypt          itens_no_feed=37   novos_gravados=1
CryptoSlate      itens_no_feed=10   novos_gravados=2
BitcoinMagazine  itens_no_feed=10   novos_gravados=1
NewsBTC          itens_no_feed=10   novos_gravados=0
CryptoPotato     itens_no_feed=36   novos_gravados=0
TheBlock         itens_no_feed=20   novos_gravados=0
----------------------------------------------------------------------------------------------------
Total no ciclo: 178 itens vistos, 4 novos gravados.
====================================================================================================
[2026-09-03T17:00:13.782289+00:00] CICLO concluído: vistos=178 novos=4
====================================================================================================
CRYPTO RADAR - NEWS RADAR V1 -- COLETOR DE NOTÍCIAS
====================================================================================================
Banco:   /home/alex/projetos/crypto-radar/data/news_radar.db
Feeds:   8
Escopo:  somente coleta + sentimento léxico. Nenhuma ação de trading.
----------------------------------------------------------------------------------------------------
CoinDesk         itens_no_feed=25   novos_gravados=0
Cointelegraph    itens_no_feed=30   novos_gravados=2
Decrypt          itens_no_feed=37   novos_gravados=0
CryptoSlate      itens_no_feed=10   novos_gravados=1
BitcoinMagazine  itens_no_feed=10   novos_gravados=0
NewsBTC          itens_no_feed=10   novos_gravados=1
CryptoPotato     itens_no_feed=36   novos_gravados=1
TheBlock         itens_no_feed=20   novos_gravados=0
----------------------------------------------------------------------------------------------------
Total no ciclo: 178 itens vistos, 5 novos gravados.
====================================================================================================
[2026-09-03T17:30:19.436985+00:00] CICLO concluído: vistos=178 novos=5
====================================================================================================
CRYPTO RADAR - NEWS RADAR V1 -- COLETOR DE NOTÍCIAS
====================================================================================================
Banco:   /home/alex/projetos/crypto-radar/data/news_radar.db
Feeds:   8
Escopo:  somente coleta + sentimento léxico. Nenhuma ação de trading.
----------------------------------------------------------------------------------------------------
CoinDesk         itens_no_feed=25   novos_gravados=0
Cointelegraph    itens_no_feed=30   novos_gravados=0
Decrypt          itens_no_feed=37   novos_gravados=1
CryptoSlate      itens_no_feed=10   novos_gravados=0
BitcoinMagazine  itens_no_feed=10   novos_gravados=0
NewsBTC          itens_no_feed=10   novos_gravados=1
CryptoPotato     itens_no_feed=36   novos_gravados=0
TheBlock         itens_no_feed=20   novos_gravados=0
----------------------------------------------------------------------------------------------------
Total no ciclo: 178 itens vistos, 2 novos gravados.
====================================================================================================
[2026-09-03T18:00:14.439174+00:00] CICLO concluído: vistos=178 novos=2
====================================================================================================
CRYPTO RADAR - NEWS RADAR V1 -- COLETOR DE NOTÍCIAS
====================================================================================================
Banco:   /home/alex/projetos/crypto-radar/data/news_radar.db
Feeds:   8
Escopo:  somente coleta + sentimento léxico. Nenhuma ação de trading.
----------------------------------------------------------------------------------------------------
CoinDesk         itens_no_feed=25   novos_gravados=0
Cointelegraph    itens_no_feed=30   novos_gravados=0
Decrypt          itens_no_feed=37   novos_gravados=1
CryptoSlate      itens_no_feed=10   novos_gravados=1
BitcoinMagazine  itens_no_feed=10   novos_gravados=0
NewsBTC          itens_no_feed=10   novos_gravados=0
CryptoPotato     itens_no_feed=36   novos_gravados=1
TheBlock         itens_no_feed=20   novos_gravados=1
----------------------------------------------------------------------------------------------------
Total no ciclo: 178 itens vistos, 4 novos gravados.
====================================================================================================
[2026-09-03T18:30:14.761868+00:00] CICLO concluído: vistos=178 novos=4
====================================================================================================
CRYPTO RADAR - NEWS RADAR V1 -- COLETOR DE NOTÍCIAS
====================================================================================================
Banco:   /home/alex/projetos/crypto-radar/data/news_radar.db
Feeds:   8
Escopo:  somente coleta + sentimento léxico. Nenhuma ação de trading.
----------------------------------------------------------------------------------------------------
CoinDesk         itens_no_feed=25   novos_gravados=0
Cointelegraph    itens_no_feed=30   novos_gravados=1
Decrypt          itens_no_feed=38   novos_gravados=1
CryptoSlate      itens_no_feed=10   novos_gravados=0
BitcoinMagazine  itens_no_feed=10   novos_gravados=1
NewsBTC          itens_no_feed=10   novos_gravados=1
CryptoPotato     itens_no_feed=36   novos_gravados=0
TheBlock         itens_no_feed=20   novos_gravados=0
----------------------------------------------------------------------------------------------------
Total no ciclo: 179 itens vistos, 4 novos gravados.
====================================================================================================
[2026-09-03T19:00:13.939074+00:00] CICLO concluído: vistos=179 novos=4
====================================================================================================
CRYPTO RADAR - NEWS RADAR V1 -- COLETOR DE NOTÍCIAS
====================================================================================================
Banco:   /home/alex/projetos/crypto-radar/data/news_radar.db
Feeds:   8
Escopo:  somente coleta + sentimento léxico. Nenhuma ação de trading.
----------------------------------------------------------------------------------------------------
CoinDesk         itens_no_feed=25   novos_gravados=0
Cointelegraph    itens_no_feed=30   novos_gravados=1
Decrypt          itens_no_feed=39   novos_gravados=1
CryptoSlate      itens_no_feed=10   novos_gravados=1
BitcoinMagazine  itens_no_feed=10   novos_gravados=0
NewsBTC          itens_no_feed=10   novos_gravados=0
CryptoPotato     itens_no_feed=36   novos_gravados=0
TheBlock         itens_no_feed=20   novos_gravados=0
----------------------------------------------------------------------------------------------------
Total no ciclo: 180 itens vistos, 3 novos gravados.
====================================================================================================
[2026-09-03T19:30:13.977635+00:00] CICLO concluído: vistos=180 novos=3
====================================================================================================
CRYPTO RADAR - NEWS RADAR V1 -- COLETOR DE NOTÍCIAS
====================================================================================================
Banco:   /home/alex/projetos/crypto-radar/data/news_radar.db
Feeds:   8
Escopo:  somente coleta + sentimento léxico. Nenhuma ação de trading.
----------------------------------------------------------------------------------------------------
CoinDesk         itens_no_feed=25   novos_gravados=0
Cointelegraph    itens_no_feed=30   novos_gravados=1
Decrypt          itens_no_feed=39   novos_gravados=0
CryptoSlate      itens_no_feed=10   novos_gravados=0
BitcoinMagazine  itens_no_feed=10   novos_gravados=0
NewsBTC          itens_no_feed=10   novos_gravados=1
CryptoPotato     itens_no_feed=36   novos_gravados=0
TheBlock         itens_no_feed=20   novos_gravados=0
----------------------------------------------------------------------------------------------------
Total no ciclo: 180 itens vistos, 2 novos gravados.
====================================================================================================
[2026-09-03T20:00:13.980510+00:00] CICLO concluído: vistos=180 novos=2
====================================================================================================
CRYPTO RADAR - NEWS RADAR V1 -- COLETOR DE NOTÍCIAS
====================================================================================================
Banco:   /home/alex/projetos/crypto-radar/data/news_radar.db
Feeds:   8
Escopo:  somente coleta + sentimento léxico. Nenhuma ação de trading.
----------------------------------------------------------------------------------------------------
CoinDesk         itens_no_feed=25   novos_gravados=0
Cointelegraph    itens_no_feed=30   novos_gravados=0
Decrypt          itens_no_feed=39   novos_gravados=1
CryptoSlate      itens_no_feed=10   novos_gravados=1
BitcoinMagazine  itens_no_feed=10   novos_gravados=0
NewsBTC          itens_no_feed=10   novos_gravados=1
CryptoPotato     itens_no_feed=36   novos_gravados=1
TheBlock         itens_no_feed=20   novos_gravados=1
----------------------------------------------------------------------------------------------------
Total no ciclo: 180 itens vistos, 5 novos gravados.
====================================================================================================
[2026-09-03T20:30:20.595749+00:00] CICLO concluído: vistos=180 novos=5
====================================================================================================
CRYPTO RADAR - NEWS RADAR V1 -- COLETOR DE NOTÍCIAS
====================================================================================================
Banco:   /home/alex/projetos/crypto-radar/data/news_radar.db
Feeds:   8
Escopo:  somente coleta + sentimento léxico. Nenhuma ação de trading.
----------------------------------------------------------------------------------------------------
CoinDesk         itens_no_feed=25   novos_gravados=0
Cointelegraph    itens_no_feed=30   novos_gravados=0
Decrypt          itens_no_feed=39   novos_gravados=1
CryptoSlate      itens_no_feed=10   novos_gravados=0
BitcoinMagazine  itens_no_feed=10   novos_gravados=1
NewsBTC          itens_no_feed=10   novos_gravados=1
CryptoPotato     itens_no_feed=36   novos_gravados=0
TheBlock         itens_no_feed=20   novos_gravados=1
----------------------------------------------------------------------------------------------------
Total no ciclo: 180 itens vistos, 4 novos gravados.
====================================================================================================
[2026-09-03T21:00:14.443501+00:00] CICLO concluído: vistos=180 novos=4
====================================================================================================
CRYPTO RADAR - NEWS RADAR V1 -- COLETOR DE NOTÍCIAS
====================================================================================================
Banco:   /home/alex/projetos/crypto-radar/data/news_radar.db
Feeds:   8
Escopo:  somente coleta + sentimento léxico. Nenhuma ação de trading.
----------------------------------------------------------------------------------------------------
CoinDesk         itens_no_feed=25   novos_gravados=0
Cointelegraph    itens_no_feed=30   novos_gravados=1
Decrypt          itens_no_feed=39   novos_gravados=0
CryptoSlate      itens_no_feed=10   novos_gravados=1
BitcoinMagazine  itens_no_feed=10   novos_gravados=0
NewsBTC          itens_no_feed=10   novos_gravados=0
CryptoPotato     itens_no_feed=36   novos_gravados=0
TheBlock         itens_no_feed=20   novos_gravados=0
----------------------------------------------------------------------------------------------------
Total no ciclo: 180 itens vistos, 2 novos gravados.
====================================================================================================
[2026-09-03T21:30:13.407602+00:00] CICLO concluído: vistos=180 novos=2
====================================================================================================
CRYPTO RADAR - NEWS RADAR V1 -- COLETOR DE NOTÍCIAS
====================================================================================================
Banco:   /home/alex/projetos/crypto-radar/data/news_radar.db
Feeds:   8
Escopo:  somente coleta + sentimento léxico. Nenhuma ação de trading.
----------------------------------------------------------------------------------------------------
CoinDesk         itens_no_feed=25   novos_gravados=0
Cointelegraph    itens_no_feed=30   novos_gravados=0
Decrypt          itens_no_feed=39   novos_gravados=1
CryptoSlate      itens_no_feed=10   novos_gravados=0
BitcoinMagazine  itens_no_feed=10   novos_gravados=1
NewsBTC          itens_no_feed=10   novos_gravados=1
CryptoPotato     itens_no_feed=36   novos_gravados=1
TheBlock         itens_no_feed=20   novos_gravados=0
----------------------------------------------------------------------------------------------------
Total no ciclo: 180 itens vistos, 4 novos gravados.
====================================================================================================
[2026-09-03T22:00:12.644184+00:00] CICLO concluído: vistos=180 novos=4
====================================================================================================
CRYPTO RADAR - NEWS RADAR V1 -- COLETOR DE NOTÍCIAS
====================================================================================================
Banco:   /home/alex/projetos/crypto-radar/data/news_radar.db
Feeds:   8
Escopo:  somente coleta + sentimento léxico. Nenhuma ação de trading.
----------------------------------------------------------------------------------------------------
CoinDesk         itens_no_feed=25   novos_gravados=0
Cointelegraph    itens_no_feed=30   novos_gravados=0
Decrypt          itens_no_feed=39   novos_gravados=1
CryptoSlate      itens_no_feed=10   novos_gravados=0
BitcoinMagazine  itens_no_feed=10   novos_gravados=1
NewsBTC          itens_no_feed=10   novos_gravados=0
CryptoPotato     itens_no_feed=36   novos_gravados=0
TheBlock         itens_no_feed=20   novos_gravados=0
----------------------------------------------------------------------------------------------------
Total no ciclo: 180 itens vistos, 2 novos gravados.
====================================================================================================
[2026-09-03T22:30:13.637988+00:00] CICLO concluído: vistos=180 novos=2
====================================================================================================
CRYPTO RADAR - NEWS RADAR V1 -- COLETOR DE NOTÍCIAS
====================================================================================================
Banco:   /home/alex/projetos/crypto-radar/data/news_radar.db
Feeds:   8
Escopo:  somente coleta + sentimento léxico. Nenhuma ação de trading.
----------------------------------------------------------------------------------------------------
CoinDesk         itens_no_feed=25   novos_gravados=0
Cointelegraph    itens_no_feed=30   novos_gravados=0
Decrypt          itens_no_feed=39   novos_gravados=0
CryptoSlate      itens_no_feed=10   novos_gravados=0
BitcoinMagazine  itens_no_feed=10   novos_gravados=0
NewsBTC          itens_no_feed=10   novos_gravados=0
CryptoPotato     itens_no_feed=36   novos_gravados=0
TheBlock         itens_no_feed=20   novos_gravados=0
----------------------------------------------------------------------------------------------------
Total no ciclo: 180 itens vistos, 0 novos gravados.
====================================================================================================
[2026-09-03T23:00:13.427090+00:00] CICLO concluído: vistos=180 novos=0
====================================================================================================
CRYPTO RADAR - NEWS RADAR V1 -- COLETOR DE NOTÍCIAS
====================================================================================================
Banco:   /home/alex/projetos/crypto-radar/data/news_radar.db
Feeds:   8
Escopo:  somente coleta + sentimento léxico. Nenhuma ação de trading.
----------------------------------------------------------------------------------------------------
CoinDesk         itens_no_feed=25   novos_gravados=0
Cointelegraph    itens_no_feed=30   novos_gravados=0
Decrypt          itens_no_feed=39   novos_gravados=0
CryptoSlate      itens_no_feed=10   novos_gravados=0
BitcoinMagazine  itens_no_feed=10   novos_gravados=0
NewsBTC          itens_no_feed=10   novos_gravados=0
CryptoPotato     itens_no_feed=36   novos_gravados=0
TheBlock         itens_no_feed=20   novos_gravados=0
----------------------------------------------------------------------------------------------------
Total no ciclo: 180 itens vistos, 0 novos gravados.
====================================================================================================
[2026-09-03T23:30:14.257238+00:00] CICLO concluído: vistos=180 novos=0
====================================================================================================
CRYPTO RADAR - NEWS RADAR V1 -- COLETOR DE NOTÍCIAS
====================================================================================================
Banco:   /home/alex/projetos/crypto-radar/data/news_radar.db
Feeds:   8
Escopo:  somente coleta + sentimento léxico. Nenhuma ação de trading.
----------------------------------------------------------------------------------------------------
CoinDesk         itens_no_feed=25   novos_gravados=0
Cointelegraph    itens_no_feed=30   novos_gravados=1
Decrypt          itens_no_feed=39   novos_gravados=0
CryptoSlate      itens_no_feed=10   novos_gravados=0
BitcoinMagazine  itens_no_feed=10   novos_gravados=0
NewsBTC          itens_no_feed=10   novos_gravados=0
CryptoPotato     itens_no_feed=36   novos_gravados=0
TheBlock         itens_no_feed=20   novos_gravados=0
----------------------------------------------------------------------------------------------------
Total no ciclo: 180 itens vistos, 1 novos gravados.
====================================================================================================
[2026-09-04T00:00:15.257242+00:00] CICLO concluído: vistos=180 novos=1
====================================================================================================
CRYPTO RADAR - NEWS RADAR V1 -- COLETOR DE NOTÍCIAS
====================================================================================================
Banco:   /home/alex/projetos/crypto-radar/data/news_radar.db
Feeds:   8
Escopo:  somente coleta + sentimento léxico. Nenhuma ação de trading.
----------------------------------------------------------------------------------------------------
CoinDesk         itens_no_feed=25   novos_gravados=0
Cointelegraph    itens_no_feed=30   novos_gravados=0
Decrypt          itens_no_feed=39   novos_gravados=0
CryptoSlate      itens_no_feed=10   novos_gravados=2
BitcoinMagazine  itens_no_feed=10   novos_gravados=0
NewsBTC          itens_no_feed=10   novos_gravados=0
CryptoPotato     itens_no_feed=36   novos_gravados=0
TheBlock         itens_no_feed=20   novos_gravados=0
----------------------------------------------------------------------------------------------------
Total no ciclo: 180 itens vistos, 2 novos gravados.
====================================================================================================
[2026-09-04T00:30:17.022113+00:00] CICLO concluído: vistos=180 novos=2
====================================================================================================
CRYPTO RADAR - NEWS RADAR V1 -- COLETOR DE NOTÍCIAS
====================================================================================================
Banco:   /home/alex/projetos/crypto-radar/data/news_radar.db
Feeds:   8
Escopo:  somente coleta + sentimento léxico. Nenhuma ação de trading.
----------------------------------------------------------------------------------------------------
CoinDesk         itens_no_feed=25   novos_gravados=0
Cointelegraph    itens_no_feed=30   novos_gravados=0
Decrypt          itens_no_feed=39   novos_gravados=0
CryptoSlate      itens_no_feed=10   novos_gravados=0
BitcoinMagazine  itens_no_feed=10   novos_gravados=0
NewsBTC          itens_no_feed=10   novos_gravados=0
CryptoPotato     itens_no_feed=36   novos_gravados=0
TheBlock         itens_no_feed=20   novos_gravados=0
----------------------------------------------------------------------------------------------------
Total no ciclo: 180 itens vistos, 0 novos gravados.
====================================================================================================
[2026-09-04T01:00:13.654475+00:00] CICLO concluído: vistos=180 novos=0
====================================================================================================
CRYPTO RADAR - NEWS RADAR V1 -- COLETOR DE NOTÍCIAS
====================================================================================================
Banco:   /home/alex/projetos/crypto-radar/data/news_radar.db
Feeds:   8
Escopo:  somente coleta + sentimento léxico. Nenhuma ação de trading.
----------------------------------------------------------------------------------------------------
CoinDesk         itens_no_feed=25   novos_gravados=0
Cointelegraph    itens_no_feed=30   novos_gravados=0
Decrypt          itens_no_feed=39   novos_gravados=0
CryptoSlate      itens_no_feed=10   novos_gravados=0
BitcoinMagazine  itens_no_feed=10   novos_gravados=0
NewsBTC          itens_no_feed=10   novos_gravados=0
CryptoPotato     itens_no_feed=36   novos_gravados=0
TheBlock         itens_no_feed=20   novos_gravados=0
----------------------------------------------------------------------------------------------------
Total no ciclo: 180 itens vistos, 0 novos gravados.
====================================================================================================
[2026-09-04T01:30:13.652034+00:00] CICLO concluído: vistos=180 novos=0
====================================================================================================
CRYPTO RADAR - NEWS RADAR V1 -- COLETOR DE NOTÍCIAS
====================================================================================================
Banco:   /home/alex/projetos/crypto-radar/data/news_radar.db
Feeds:   8
Escopo:  somente coleta + sentimento léxico. Nenhuma ação de trading.
----------------------------------------------------------------------------------------------------
CoinDesk         itens_no_feed=25   novos_gravados=0
Cointelegraph    itens_no_feed=30   novos_gravados=0
Decrypt          itens_no_feed=59   novos_gravados=0
CryptoSlate      itens_no_feed=10   novos_gravados=0
BitcoinMagazine  itens_no_feed=10   novos_gravados=0
NewsBTC          itens_no_feed=10   novos_gravados=0
CryptoPotato     itens_no_feed=36   novos_gravados=0
TheBlock         itens_no_feed=20   novos_gravados=0
----------------------------------------------------------------------------------------------------
Total no ciclo: 200 itens vistos, 0 novos gravados.
====================================================================================================
[2026-09-04T02:00:17.796034+00:00] CICLO concluído: vistos=200 novos=0
====================================================================================================
CRYPTO RADAR - NEWS RADAR V1 -- COLETOR DE NOTÍCIAS
====================================================================================================
Banco:   /home/alex/projetos/crypto-radar/data/news_radar.db
Feeds:   8
Escopo:  somente coleta + sentimento léxico. Nenhuma ação de trading.
----------------------------------------------------------------------------------------------------
CoinDesk         itens_no_feed=25   novos_gravados=0
Cointelegraph    itens_no_feed=30   novos_gravados=0
Decrypt          itens_no_feed=59   novos_gravados=0
CryptoSlate      itens_no_feed=10   novos_gravados=0
BitcoinMagazine  itens_no_feed=10   novos_gravados=0
NewsBTC          itens_no_feed=10   novos_gravados=0
CryptoPotato     itens_no_feed=36   novos_gravados=0
TheBlock         itens_no_feed=20   novos_gravados=0
----------------------------------------------------------------------------------------------------
Total no ciclo: 200 itens vistos, 0 novos gravados.
====================================================================================================
[2026-09-04T02:30:13.785955+00:00] CICLO concluído: vistos=200 novos=0
====================================================================================================
CRYPTO RADAR - NEWS RADAR V1 -- COLETOR DE NOTÍCIAS
====================================================================================================
Banco:   /home/alex/projetos/crypto-radar/data/news_radar.db
Feeds:   8
Escopo:  somente coleta + sentimento léxico. Nenhuma ação de trading.
----------------------------------------------------------------------------------------------------
CoinDesk         itens_no_feed=25   novos_gravados=0
Cointelegraph    itens_no_feed=30   novos_gravados=0
Decrypt          itens_no_feed=59   novos_gravados=0
CryptoSlate      itens_no_feed=10   novos_gravados=1
BitcoinMagazine  itens_no_feed=10   novos_gravados=0
NewsBTC          itens_no_feed=10   novos_gravados=0
CryptoPotato     itens_no_feed=36   novos_gravados=0
TheBlock         itens_no_feed=20   novos_gravados=0
----------------------------------------------------------------------------------------------------
Total no ciclo: 200 itens vistos, 1 novos gravados.
====================================================================================================
[2026-09-04T03:00:15.340711+00:00] CICLO concluído: vistos=200 novos=1
====================================================================================================
CRYPTO RADAR - NEWS RADAR V1 -- COLETOR DE NOTÍCIAS
====================================================================================================
Banco:   /home/alex/projetos/crypto-radar/data/news_radar.db
Feeds:   8
Escopo:  somente coleta + sentimento léxico. Nenhuma ação de trading.
----------------------------------------------------------------------------------------------------
CoinDesk         itens_no_feed=25   novos_gravados=2
Cointelegraph    itens_no_feed=30   novos_gravados=0
Decrypt          itens_no_feed=39   novos_gravados=0
CryptoSlate      itens_no_feed=10   novos_gravados=0
BitcoinMagazine  itens_no_feed=10   novos_gravados=0
NewsBTC          itens_no_feed=10   novos_gravados=0
CryptoPotato     itens_no_feed=36   novos_gravados=0
TheBlock         itens_no_feed=20   novos_gravados=0
----------------------------------------------------------------------------------------------------
Total no ciclo: 180 itens vistos, 2 novos gravados.
====================================================================================================
[2026-09-04T03:30:14.237090+00:00] CICLO concluído: vistos=180 novos=2
====================================================================================================
CRYPTO RADAR - NEWS RADAR V1 -- COLETOR DE NOTÍCIAS
====================================================================================================
Banco:   /home/alex/projetos/crypto-radar/data/news_radar.db
Feeds:   8
Escopo:  somente coleta + sentimento léxico. Nenhuma ação de trading.
----------------------------------------------------------------------------------------------------
CoinDesk         itens_no_feed=25   novos_gravados=0
Cointelegraph    itens_no_feed=30   novos_gravados=0
Decrypt          itens_no_feed=39   novos_gravados=0
CryptoSlate      itens_no_feed=10   novos_gravados=0
BitcoinMagazine  itens_no_feed=10   novos_gravados=0
NewsBTC          itens_no_feed=10   novos_gravados=0
CryptoPotato     itens_no_feed=36   novos_gravados=0
TheBlock         itens_no_feed=20   novos_gravados=0
----------------------------------------------------------------------------------------------------
Total no ciclo: 180 itens vistos, 0 novos gravados.
====================================================================================================
[2026-09-04T04:00:19.377857+00:00] CICLO concluído: vistos=180 novos=0
====================================================================================================
CRYPTO RADAR - NEWS RADAR V1 -- COLETOR DE NOTÍCIAS
====================================================================================================
Banco:   /home/alex/projetos/crypto-radar/data/news_radar.db
Feeds:   8
Escopo:  somente coleta + sentimento léxico. Nenhuma ação de trading.
----------------------------------------------------------------------------------------------------
CoinDesk         itens_no_feed=25   novos_gravados=1
Cointelegraph    itens_no_feed=30   novos_gravados=0
Decrypt          itens_no_feed=39   novos_gravados=0
CryptoSlate      itens_no_feed=10   novos_gravados=0
BitcoinMagazine  itens_no_feed=10   novos_gravados=0
NewsBTC          itens_no_feed=10   novos_gravados=0
CryptoPotato     itens_no_feed=36   novos_gravados=1
TheBlock         itens_no_feed=20   novos_gravados=0
----------------------------------------------------------------------------------------------------
Total no ciclo: 180 itens vistos, 2 novos gravados.
====================================================================================================
[2026-09-04T04:30:13.529260+00:00] CICLO concluído: vistos=180 novos=2
====================================================================================================
CRYPTO RADAR - NEWS RADAR V1 -- COLETOR DE NOTÍCIAS
====================================================================================================
Banco:   /home/alex/projetos/crypto-radar/data/news_radar.db
Feeds:   8
Escopo:  somente coleta + sentimento léxico. Nenhuma ação de trading.
----------------------------------------------------------------------------------------------------
CoinDesk         itens_no_feed=25   novos_gravados=0
Cointelegraph    itens_no_feed=30   novos_gravados=1
Decrypt          itens_no_feed=39   novos_gravados=0
CryptoSlate      itens_no_feed=10   novos_gravados=0
BitcoinMagazine  itens_no_feed=10   novos_gravados=0
NewsBTC          itens_no_feed=10   novos_gravados=0
CryptoPotato     itens_no_feed=36   novos_gravados=0
TheBlock         itens_no_feed=20   novos_gravados=0
----------------------------------------------------------------------------------------------------
Total no ciclo: 180 itens vistos, 1 novos gravados.
====================================================================================================
[2026-09-04T05:00:15.854520+00:00] CICLO concluído: vistos=180 novos=1
====================================================================================================
CRYPTO RADAR - NEWS RADAR V1 -- COLETOR DE NOTÍCIAS
====================================================================================================
Banco:   /home/alex/projetos/crypto-radar/data/news_radar.db
Feeds:   8
Escopo:  somente coleta + sentimento léxico. Nenhuma ação de trading.
----------------------------------------------------------------------------------------------------
CoinDesk         itens_no_feed=25   novos_gravados=1
Cointelegraph    itens_no_feed=30   novos_gravados=0
Decrypt          itens_no_feed=39   novos_gravados=0
CryptoSlate      itens_no_feed=10   novos_gravados=1
BitcoinMagazine  itens_no_feed=10   novos_gravados=0
NewsBTC          itens_no_feed=10   novos_gravados=0
CryptoPotato     itens_no_feed=36   novos_gravados=0
TheBlock         itens_no_feed=20   novos_gravados=0
----------------------------------------------------------------------------------------------------
Total no ciclo: 180 itens vistos, 2 novos gravados.
====================================================================================================
[2026-09-04T05:30:28.996151+00:00] CICLO concluído: vistos=180 novos=2
====================================================================================================
CRYPTO RADAR - NEWS RADAR V1 -- COLETOR DE NOTÍCIAS
====================================================================================================
Banco:   /home/alex/projetos/crypto-radar/data/news_radar.db
Feeds:   8
Escopo:  somente coleta + sentimento léxico. Nenhuma ação de trading.
----------------------------------------------------------------------------------------------------
CoinDesk         itens_no_feed=25   novos_gravados=1
Cointelegraph    itens_no_feed=30   novos_gravados=0
Decrypt          itens_no_feed=39   novos_gravados=0
CryptoSlate      itens_no_feed=10   novos_gravados=0
BitcoinMagazine  itens_no_feed=10   novos_gravados=0
NewsBTC          itens_no_feed=10   novos_gravados=0
CryptoPotato     itens_no_feed=36   novos_gravados=0
TheBlock         itens_no_feed=20   novos_gravados=0
----------------------------------------------------------------------------------------------------
Total no ciclo: 180 itens vistos, 1 novos gravados.
====================================================================================================
[2026-09-04T06:00:13.124655+00:00] CICLO concluído: vistos=180 novos=1
====================================================================================================
CRYPTO RADAR - NEWS RADAR V1 -- COLETOR DE NOTÍCIAS
====================================================================================================
Banco:   /home/alex/projetos/crypto-radar/data/news_radar.db
Feeds:   8
Escopo:  somente coleta + sentimento léxico. Nenhuma ação de trading.
----------------------------------------------------------------------------------------------------
CoinDesk         itens_no_feed=25   novos_gravados=0
Cointelegraph    itens_no_feed=30   novos_gravados=1
Decrypt          itens_no_feed=39   novos_gravados=0
CryptoSlate      itens_no_feed=10   novos_gravados=0
BitcoinMagazine  itens_no_feed=10   novos_gravados=0
NewsBTC          itens_no_feed=10   novos_gravados=0
CryptoPotato     itens_no_feed=36   novos_gravados=1
TheBlock         itens_no_feed=20   novos_gravados=0
----------------------------------------------------------------------------------------------------
Total no ciclo: 180 itens vistos, 2 novos gravados.
====================================================================================================
[2026-09-04T06:30:14.590912+00:00] CICLO concluído: vistos=180 novos=2
====================================================================================================
CRYPTO RADAR - NEWS RADAR V1 -- COLETOR DE NOTÍCIAS
====================================================================================================
Banco:   /home/alex/projetos/crypto-radar/data/news_radar.db
Feeds:   8
Escopo:  somente coleta + sentimento léxico. Nenhuma ação de trading.
----------------------------------------------------------------------------------------------------
CoinDesk         itens_no_feed=25   novos_gravados=0
Cointelegraph    itens_no_feed=30   novos_gravados=0
Decrypt          itens_no_feed=39   novos_gravados=0
CryptoSlate      itens_no_feed=10   novos_gravados=1
BitcoinMagazine  itens_no_feed=10   novos_gravados=0
NewsBTC          itens_no_feed=10   novos_gravados=0
CryptoPotato     itens_no_feed=36   novos_gravados=0
TheBlock         itens_no_feed=20   novos_gravados=0
----------------------------------------------------------------------------------------------------
Total no ciclo: 180 itens vistos, 1 novos gravados.
====================================================================================================
[2026-09-04T07:00:18.225959+00:00] CICLO concluído: vistos=180 novos=1
====================================================================================================
CRYPTO RADAR - NEWS RADAR V1 -- COLETOR DE NOTÍCIAS
====================================================================================================
Banco:   /home/alex/projetos/crypto-radar/data/news_radar.db
Feeds:   8
Escopo:  somente coleta + sentimento léxico. Nenhuma ação de trading.
----------------------------------------------------------------------------------------------------
CoinDesk         itens_no_feed=25   novos_gravados=0
Cointelegraph    itens_no_feed=30   novos_gravados=0
Decrypt          itens_no_feed=39   novos_gravados=0
CryptoSlate      itens_no_feed=10   novos_gravados=0
BitcoinMagazine  itens_no_feed=10   novos_gravados=0
NewsBTC          itens_no_feed=10   novos_gravados=0
CryptoPotato     itens_no_feed=36   novos_gravados=1
TheBlock         itens_no_feed=20   novos_gravados=0
----------------------------------------------------------------------------------------------------
Total no ciclo: 180 itens vistos, 1 novos gravados.
====================================================================================================
[2026-09-04T07:30:14.652092+00:00] CICLO concluído: vistos=180 novos=1
====================================================================================================
CRYPTO RADAR - NEWS RADAR V1 -- COLETOR DE NOTÍCIAS
====================================================================================================
Banco:   /home/alex/projetos/crypto-radar/data/news_radar.db
Feeds:   8
Escopo:  somente coleta + sentimento léxico. Nenhuma ação de trading.
----------------------------------------------------------------------------------------------------
CoinDesk         itens_no_feed=25   novos_gravados=1
Cointelegraph    itens_no_feed=30   novos_gravados=1
Decrypt          itens_no_feed=39   novos_gravados=0
CryptoSlate      itens_no_feed=10   novos_gravados=0
BitcoinMagazine  itens_no_feed=10   novos_gravados=0
NewsBTC          itens_no_feed=10   novos_gravados=1
CryptoPotato     itens_no_feed=36   novos_gravados=1
TheBlock         itens_no_feed=20   novos_gravados=1
----------------------------------------------------------------------------------------------------
Total no ciclo: 180 itens vistos, 5 novos gravados.
====================================================================================================
[2026-09-04T08:00:13.290657+00:00] CICLO concluído: vistos=180 novos=5
====================================================================================================
CRYPTO RADAR - NEWS RADAR V1 -- COLETOR DE NOTÍCIAS
====================================================================================================
Banco:   /home/alex/projetos/crypto-radar/data/news_radar.db
Feeds:   8
Escopo:  somente coleta + sentimento léxico. Nenhuma ação de trading.
----------------------------------------------------------------------------------------------------
CoinDesk         itens_no_feed=25   novos_gravados=0
Cointelegraph    itens_no_feed=30   novos_gravados=0
Decrypt          itens_no_feed=39   novos_gravados=0
CryptoSlate      itens_no_feed=10   novos_gravados=0
BitcoinMagazine  itens_no_feed=10   novos_gravados=0
NewsBTC          itens_no_feed=10   novos_gravados=0
CryptoPotato     itens_no_feed=36   novos_gravados=0
TheBlock         itens_no_feed=20   novos_gravados=0
----------------------------------------------------------------------------------------------------
Total no ciclo: 180 itens vistos, 0 novos gravados.
====================================================================================================
[2026-09-04T08:30:13.676608+00:00] CICLO concluído: vistos=180 novos=0
====================================================================================================
CRYPTO RADAR - NEWS RADAR V1 -- COLETOR DE NOTÍCIAS
====================================================================================================
Banco:   /home/alex/projetos/crypto-radar/data/news_radar.db
Feeds:   8
Escopo:  somente coleta + sentimento léxico. Nenhuma ação de trading.
----------------------------------------------------------------------------------------------------
CoinDesk         itens_no_feed=25   novos_gravados=0
Cointelegraph    itens_no_feed=30   novos_gravados=0
Decrypt          itens_no_feed=59   novos_gravados=0
CryptoSlate      itens_no_feed=10   novos_gravados=1
BitcoinMagazine  itens_no_feed=10   novos_gravados=0
NewsBTC          itens_no_feed=10   novos_gravados=0
CryptoPotato     itens_no_feed=36   novos_gravados=0
TheBlock         itens_no_feed=20   novos_gravados=1
----------------------------------------------------------------------------------------------------
Total no ciclo: 200 itens vistos, 2 novos gravados.
====================================================================================================
[2026-09-04T09:00:13.574089+00:00] CICLO concluído: vistos=200 novos=2
====================================================================================================
CRYPTO RADAR - NEWS RADAR V1 -- COLETOR DE NOTÍCIAS
====================================================================================================
Banco:   /home/alex/projetos/crypto-radar/data/news_radar.db
Feeds:   8
Escopo:  somente coleta + sentimento léxico. Nenhuma ação de trading.
----------------------------------------------------------------------------------------------------
CoinDesk         itens_no_feed=25   novos_gravados=0
Cointelegraph    itens_no_feed=30   novos_gravados=0
Decrypt          itens_no_feed=39   novos_gravados=1
CryptoSlate      itens_no_feed=10   novos_gravados=0
BitcoinMagazine  itens_no_feed=10   novos_gravados=0
NewsBTC          itens_no_feed=10   novos_gravados=0
CryptoPotato     itens_no_feed=36   novos_gravados=0
TheBlock         itens_no_feed=20   novos_gravados=0
----------------------------------------------------------------------------------------------------
Total no ciclo: 180 itens vistos, 1 novos gravados.
====================================================================================================
[2026-09-04T09:30:14.044181+00:00] CICLO concluído: vistos=180 novos=1
====================================================================================================
CRYPTO RADAR - NEWS RADAR V1 -- COLETOR DE NOTÍCIAS
====================================================================================================
Banco:   /home/alex/projetos/crypto-radar/data/news_radar.db
Feeds:   8
Escopo:  somente coleta + sentimento léxico. Nenhuma ação de trading.
----------------------------------------------------------------------------------------------------
CoinDesk         itens_no_feed=25   novos_gravados=2
Cointelegraph    itens_no_feed=30   novos_gravados=0
Decrypt          itens_no_feed=59   novos_gravados=0
CryptoSlate      itens_no_feed=10   novos_gravados=1
BitcoinMagazine  itens_no_feed=10   novos_gravados=0
NewsBTC          itens_no_feed=10   novos_gravados=0
CryptoPotato     itens_no_feed=36   novos_gravados=2
TheBlock         itens_no_feed=20   novos_gravados=1
----------------------------------------------------------------------------------------------------
Total no ciclo: 200 itens vistos, 6 novos gravados.
====================================================================================================
[2026-09-04T10:00:13.481392+00:00] CICLO concluído: vistos=200 novos=6
====================================================================================================
CRYPTO RADAR - NEWS RADAR V1 -- COLETOR DE NOTÍCIAS
====================================================================================================
Banco:   /home/alex/projetos/crypto-radar/data/news_radar.db
Feeds:   8
Escopo:  somente coleta + sentimento léxico. Nenhuma ação de trading.
----------------------------------------------------------------------------------------------------
CoinDesk         itens_no_feed=25   novos_gravados=0
Cointelegraph    itens_no_feed=30   novos_gravados=1
Decrypt          itens_no_feed=39   novos_gravados=1
CryptoSlate      itens_no_feed=10   novos_gravados=0
BitcoinMagazine  itens_no_feed=10   novos_gravados=0
NewsBTC          itens_no_feed=9    novos_gravados=0
CryptoPotato     itens_no_feed=36   novos_gravados=0
TheBlock         itens_no_feed=20   novos_gravados=1
----------------------------------------------------------------------------------------------------
Total no ciclo: 179 itens vistos, 3 novos gravados.
====================================================================================================
[2026-09-04T10:30:13.952769+00:00] CICLO concluído: vistos=179 novos=3
====================================================================================================
CRYPTO RADAR - NEWS RADAR V1 -- COLETOR DE NOTÍCIAS
====================================================================================================
Banco:   /home/alex/projetos/crypto-radar/data/news_radar.db
Feeds:   8
Escopo:  somente coleta + sentimento léxico. Nenhuma ação de trading.
----------------------------------------------------------------------------------------------------
CoinDesk         itens_no_feed=25   novos_gravados=2
Cointelegraph    itens_no_feed=30   novos_gravados=1
Decrypt          itens_no_feed=39   novos_gravados=0
CryptoSlate      itens_no_feed=10   novos_gravados=0
BitcoinMagazine  itens_no_feed=10   novos_gravados=0
NewsBTC          itens_no_feed=9    novos_gravados=0
CryptoPotato     itens_no_feed=36   novos_gravados=1
TheBlock         itens_no_feed=20   novos_gravados=0
----------------------------------------------------------------------------------------------------
Total no ciclo: 179 itens vistos, 4 novos gravados.
====================================================================================================
[2026-09-04T11:00:15.510755+00:00] CICLO concluído: vistos=179 novos=4
====================================================================================================
CRYPTO RADAR - NEWS RADAR V1 -- COLETOR DE NOTÍCIAS
====================================================================================================
Banco:   /home/alex/projetos/crypto-radar/data/news_radar.db
Feeds:   8
Escopo:  somente coleta + sentimento léxico. Nenhuma ação de trading.
----------------------------------------------------------------------------------------------------
CoinDesk         itens_no_feed=25   novos_gravados=0
Cointelegraph    itens_no_feed=30   novos_gravados=1
Decrypt          itens_no_feed=39   novos_gravados=0
CryptoSlate      itens_no_feed=10   novos_gravados=1
BitcoinMagazine  itens_no_feed=10   novos_gravados=0
NewsBTC          itens_no_feed=9    novos_gravados=0
CryptoPotato     itens_no_feed=36   novos_gravados=0
TheBlock         itens_no_feed=20   novos_gravados=2
----------------------------------------------------------------------------------------------------
Total no ciclo: 179 itens vistos, 4 novos gravados.
====================================================================================================
[2026-09-04T11:30:15.230349+00:00] CICLO concluído: vistos=179 novos=4
====================================================================================================
CRYPTO RADAR - NEWS RADAR V1 -- COLETOR DE NOTÍCIAS
====================================================================================================
Banco:   /home/alex/projetos/crypto-radar/data/news_radar.db
Feeds:   8
Escopo:  somente coleta + sentimento léxico. Nenhuma ação de trading.
----------------------------------------------------------------------------------------------------
CoinDesk         itens_no_feed=25   novos_gravados=1
Cointelegraph    itens_no_feed=30   novos_gravados=1
Decrypt          itens_no_feed=39   novos_gravados=1
CryptoSlate      itens_no_feed=10   novos_gravados=0
BitcoinMagazine  itens_no_feed=10   novos_gravados=0
NewsBTC          itens_no_feed=9    novos_gravados=0
CryptoPotato     itens_no_feed=36   novos_gravados=1
TheBlock         itens_no_feed=20   novos_gravados=0
----------------------------------------------------------------------------------------------------
Total no ciclo: 179 itens vistos, 4 novos gravados.
====================================================================================================
[2026-09-04T12:00:15.094830+00:00] CICLO concluído: vistos=179 novos=4
====================================================================================================
CRYPTO RADAR - NEWS RADAR V1 -- COLETOR DE NOTÍCIAS
====================================================================================================
Banco:   /home/alex/projetos/crypto-radar/data/news_radar.db
Feeds:   8
Escopo:  somente coleta + sentimento léxico. Nenhuma ação de trading.
----------------------------------------------------------------------------------------------------
CoinDesk         itens_no_feed=25   novos_gravados=0
Cointelegraph    itens_no_feed=30   novos_gravados=0
Decrypt          itens_no_feed=39   novos_gravados=1
CryptoSlate      itens_no_feed=10   novos_gravados=1
BitcoinMagazine  itens_no_feed=10   novos_gravados=0
NewsBTC          itens_no_feed=9    novos_gravados=0
CryptoPotato     itens_no_feed=36   novos_gravados=1
TheBlock         itens_no_feed=20   novos_gravados=1
----------------------------------------------------------------------------------------------------
Total no ciclo: 179 itens vistos, 4 novos gravados.
====================================================================================================
[2026-09-04T12:30:14.077011+00:00] CICLO concluído: vistos=179 novos=4
====================================================================================================
CRYPTO RADAR - NEWS RADAR V1 -- COLETOR DE NOTÍCIAS
====================================================================================================
Banco:   /home/alex/projetos/crypto-radar/data/news_radar.db
Feeds:   8
Escopo:  somente coleta + sentimento léxico. Nenhuma ação de trading.
----------------------------------------------------------------------------------------------------
CoinDesk         itens_no_feed=25   novos_gravados=1
Cointelegraph    itens_no_feed=30   novos_gravados=0
Decrypt          itens_no_feed=39   novos_gravados=1
CryptoSlate      itens_no_feed=10   novos_gravados=1
BitcoinMagazine  itens_no_feed=10   novos_gravados=0
NewsBTC          itens_no_feed=9    novos_gravados=0
CryptoPotato     itens_no_feed=36   novos_gravados=1
TheBlock         itens_no_feed=20   novos_gravados=0
----------------------------------------------------------------------------------------------------
Total no ciclo: 179 itens vistos, 4 novos gravados.
====================================================================================================
[2026-09-04T13:00:14.629567+00:00] CICLO concluído: vistos=179 novos=4
====================================================================================================
CRYPTO RADAR - NEWS RADAR V1 -- COLETOR DE NOTÍCIAS
====================================================================================================
Banco:   /home/alex/projetos/crypto-radar/data/news_radar.db
Feeds:   8
Escopo:  somente coleta + sentimento léxico. Nenhuma ação de trading.
----------------------------------------------------------------------------------------------------
CoinDesk         itens_no_feed=25   novos_gravados=0
Cointelegraph    itens_no_feed=30   novos_gravados=0
Decrypt          itens_no_feed=39   novos_gravados=0
CryptoSlate      itens_no_feed=10   novos_gravados=0
BitcoinMagazine  itens_no_feed=10   novos_gravados=0
NewsBTC          itens_no_feed=9    novos_gravados=0
CryptoPotato     itens_no_feed=36   novos_gravados=1
TheBlock         itens_no_feed=20   novos_gravados=0
----------------------------------------------------------------------------------------------------
Total no ciclo: 179 itens vistos, 1 novos gravados.
====================================================================================================
[2026-09-04T13:30:24.557938+00:00] CICLO concluído: vistos=179 novos=1
====================================================================================================
CRYPTO RADAR - NEWS RADAR V1 -- COLETOR DE NOTÍCIAS
====================================================================================================
Banco:   /home/alex/projetos/crypto-radar/data/news_radar.db
Feeds:   8
Escopo:  somente coleta + sentimento léxico. Nenhuma ação de trading.
----------------------------------------------------------------------------------------------------
CoinDesk         itens_no_feed=25   novos_gravados=0
Cointelegraph    itens_no_feed=30   novos_gravados=2
Decrypt          itens_no_feed=38   novos_gravados=0
CryptoSlate      itens_no_feed=10   novos_gravados=1
BitcoinMagazine  itens_no_feed=10   novos_gravados=0
NewsBTC          itens_no_feed=9    novos_gravados=0
CryptoPotato     itens_no_feed=36   novos_gravados=0
TheBlock         itens_no_feed=20   novos_gravados=0
----------------------------------------------------------------------------------------------------
Total no ciclo: 178 itens vistos, 3 novos gravados.
====================================================================================================
[2026-09-04T14:00:13.818904+00:00] CICLO concluído: vistos=178 novos=3
====================================================================================================
CRYPTO RADAR - NEWS RADAR V1 -- COLETOR DE NOTÍCIAS
====================================================================================================
Banco:   /home/alex/projetos/crypto-radar/data/news_radar.db
Feeds:   8
Escopo:  somente coleta + sentimento léxico. Nenhuma ação de trading.
----------------------------------------------------------------------------------------------------
CoinDesk         itens_no_feed=25   novos_gravados=2
Cointelegraph    itens_no_feed=30   novos_gravados=0
Decrypt          itens_no_feed=38   novos_gravados=0
CryptoSlate      itens_no_feed=10   novos_gravados=1
BitcoinMagazine  itens_no_feed=10   novos_gravados=0
NewsBTC          itens_no_feed=9    novos_gravados=0
CryptoPotato     itens_no_feed=36   novos_gravados=2
TheBlock         itens_no_feed=20   novos_gravados=0
----------------------------------------------------------------------------------------------------
Total no ciclo: 178 itens vistos, 5 novos gravados.
====================================================================================================
[2026-09-04T14:30:14.741961+00:00] CICLO concluído: vistos=178 novos=5
====================================================================================================
CRYPTO RADAR - NEWS RADAR V1 -- COLETOR DE NOTÍCIAS
====================================================================================================
Banco:   /home/alex/projetos/crypto-radar/data/news_radar.db
Feeds:   8
Escopo:  somente coleta + sentimento léxico. Nenhuma ação de trading.
----------------------------------------------------------------------------------------------------
CoinDesk         itens_no_feed=25   novos_gravados=1
Cointelegraph    itens_no_feed=30   novos_gravados=0
Decrypt          itens_no_feed=38   novos_gravados=0
CryptoSlate      itens_no_feed=10   novos_gravados=2
BitcoinMagazine  itens_no_feed=10   novos_gravados=0
NewsBTC          itens_no_feed=9    novos_gravados=0
CryptoPotato     itens_no_feed=36   novos_gravados=1
TheBlock         itens_no_feed=20   novos_gravados=0
----------------------------------------------------------------------------------------------------
Total no ciclo: 178 itens vistos, 4 novos gravados.
====================================================================================================
[2026-09-04T15:00:14.672751+00:00] CICLO concluído: vistos=178 novos=4
====================================================================================================
CRYPTO RADAR - NEWS RADAR V1 -- COLETOR DE NOTÍCIAS
====================================================================================================
Banco:   /home/alex/projetos/crypto-radar/data/news_radar.db
Feeds:   8
Escopo:  somente coleta + sentimento léxico. Nenhuma ação de trading.
----------------------------------------------------------------------------------------------------
CoinDesk         itens_no_feed=25   novos_gravados=0
Cointelegraph    itens_no_feed=30   novos_gravados=0
Decrypt          itens_no_feed=38   novos_gravados=2
CryptoSlate      itens_no_feed=10   novos_gravados=0
BitcoinMagazine  itens_no_feed=10   novos_gravados=0
NewsBTC          itens_no_feed=9    novos_gravados=0
CryptoPotato     itens_no_feed=36   novos_gravados=0
TheBlock         itens_no_feed=20   novos_gravados=0
----------------------------------------------------------------------------------------------------
Total no ciclo: 178 itens vistos, 2 novos gravados.
====================================================================================================
[2026-09-04T15:30:14.709609+00:00] CICLO concluído: vistos=178 novos=2
====================================================================================================
CRYPTO RADAR - NEWS RADAR V1 -- COLETOR DE NOTÍCIAS
====================================================================================================
Banco:   /home/alex/projetos/crypto-radar/data/news_radar.db
Feeds:   8
Escopo:  somente coleta + sentimento léxico. Nenhuma ação de trading.
----------------------------------------------------------------------------------------------------
CoinDesk         itens_no_feed=25   novos_gravados=0
Cointelegraph    itens_no_feed=30   novos_gravados=0
Decrypt          itens_no_feed=57   novos_gravados=1
CryptoSlate      itens_no_feed=10   novos_gravados=1
BitcoinMagazine  itens_no_feed=10   novos_gravados=0
NewsBTC          itens_no_feed=9    novos_gravados=0
CryptoPotato     itens_no_feed=36   novos_gravados=0
TheBlock         itens_no_feed=20   novos_gravados=1
----------------------------------------------------------------------------------------------------
Total no ciclo: 197 itens vistos, 3 novos gravados.
====================================================================================================
[2026-09-04T16:00:14.177650+00:00] CICLO concluído: vistos=197 novos=3
====================================================================================================
CRYPTO RADAR - NEWS RADAR V1 -- COLETOR DE NOTÍCIAS
====================================================================================================
Banco:   /home/alex/projetos/crypto-radar/data/news_radar.db
Feeds:   8
Escopo:  somente coleta + sentimento léxico. Nenhuma ação de trading.
----------------------------------------------------------------------------------------------------
CoinDesk         itens_no_feed=25   novos_gravados=0
Cointelegraph    itens_no_feed=30   novos_gravados=0
Decrypt          itens_no_feed=57   novos_gravados=1
CryptoSlate      itens_no_feed=10   novos_gravados=1
BitcoinMagazine  itens_no_feed=10   novos_gravados=1
NewsBTC          itens_no_feed=9    novos_gravados=0
CryptoPotato     itens_no_feed=36   novos_gravados=1
TheBlock         itens_no_feed=20   novos_gravados=0
----------------------------------------------------------------------------------------------------
Total no ciclo: 197 itens vistos, 4 novos gravados.
====================================================================================================
[2026-09-04T16:30:14.905395+00:00] CICLO concluído: vistos=197 novos=4
====================================================================================================
CRYPTO RADAR - NEWS RADAR V1 -- COLETOR DE NOTÍCIAS
====================================================================================================
Banco:   /home/alex/projetos/crypto-radar/data/news_radar.db
Feeds:   8
Escopo:  somente coleta + sentimento léxico. Nenhuma ação de trading.
----------------------------------------------------------------------------------------------------
CoinDesk         itens_no_feed=25   novos_gravados=0
Cointelegraph    itens_no_feed=30   novos_gravados=0
Decrypt          itens_no_feed=57   novos_gravados=0
CryptoSlate      itens_no_feed=10   novos_gravados=1
BitcoinMagazine  itens_no_feed=10   novos_gravados=0
NewsBTC          itens_no_feed=9    novos_gravados=0
CryptoPotato     itens_no_feed=36   novos_gravados=0
TheBlock         itens_no_feed=20   novos_gravados=1
----------------------------------------------------------------------------------------------------
Total no ciclo: 197 itens vistos, 2 novos gravados.
====================================================================================================
[2026-09-04T17:00:13.972287+00:00] CICLO concluído: vistos=197 novos=2
====================================================================================================
CRYPTO RADAR - NEWS RADAR V1 -- COLETOR DE NOTÍCIAS
====================================================================================================
Banco:   /home/alex/projetos/crypto-radar/data/news_radar.db
Feeds:   8
Escopo:  somente coleta + sentimento léxico. Nenhuma ação de trading.
----------------------------------------------------------------------------------------------------
CoinDesk         itens_no_feed=25   novos_gravados=0
Cointelegraph    itens_no_feed=30   novos_gravados=3
Decrypt          itens_no_feed=37   novos_gravados=1
CryptoSlate      itens_no_feed=10   novos_gravados=1
BitcoinMagazine  itens_no_feed=10   novos_gravados=1
NewsBTC          itens_no_feed=9    novos_gravados=0
CryptoPotato     itens_no_feed=36   novos_gravados=0
TheBlock         itens_no_feed=20   novos_gravados=0
----------------------------------------------------------------------------------------------------
Total no ciclo: 177 itens vistos, 6 novos gravados.
====================================================================================================
[2026-09-04T17:30:13.955582+00:00] CICLO concluído: vistos=177 novos=6
====================================================================================================
CRYPTO RADAR - NEWS RADAR V1 -- COLETOR DE NOTÍCIAS
====================================================================================================
Banco:   /home/alex/projetos/crypto-radar/data/news_radar.db
Feeds:   8
Escopo:  somente coleta + sentimento léxico. Nenhuma ação de trading.
----------------------------------------------------------------------------------------------------
CoinDesk         itens_no_feed=25   novos_gravados=0
Cointelegraph    itens_no_feed=30   novos_gravados=0
Decrypt          itens_no_feed=57   novos_gravados=0
CryptoSlate      itens_no_feed=10   novos_gravados=1
BitcoinMagazine  itens_no_feed=10   novos_gravados=0
NewsBTC          itens_no_feed=9    novos_gravados=0
CryptoPotato     itens_no_feed=36   novos_gravados=0
TheBlock         itens_no_feed=20   novos_gravados=0
----------------------------------------------------------------------------------------------------
Total no ciclo: 197 itens vistos, 1 novos gravados.
====================================================================================================
[2026-09-04T18:00:14.054505+00:00] CICLO concluído: vistos=197 novos=1
====================================================================================================
CRYPTO RADAR - NEWS RADAR V1 -- COLETOR DE NOTÍCIAS
====================================================================================================
Banco:   /home/alex/projetos/crypto-radar/data/news_radar.db
Feeds:   8
Escopo:  somente coleta + sentimento léxico. Nenhuma ação de trading.
----------------------------------------------------------------------------------------------------
CoinDesk         itens_no_feed=25   novos_gravados=0
Cointelegraph    itens_no_feed=30   novos_gravados=0
Decrypt          itens_no_feed=37   novos_gravados=0
CryptoSlate      itens_no_feed=10   novos_gravados=0
BitcoinMagazine  itens_no_feed=10   novos_gravados=0
NewsBTC          itens_no_feed=9    novos_gravados=0
CryptoPotato     itens_no_feed=36   novos_gravados=1
TheBlock         itens_no_feed=20   novos_gravados=0
----------------------------------------------------------------------------------------------------
Total no ciclo: 177 itens vistos, 1 novos gravados.
====================================================================================================
[2026-09-04T18:30:14.402597+00:00] CICLO concluído: vistos=177 novos=1
====================================================================================================
CRYPTO RADAR - NEWS RADAR V1 -- COLETOR DE NOTÍCIAS
====================================================================================================
Banco:   /home/alex/projetos/crypto-radar/data/news_radar.db
Feeds:   8
Escopo:  somente coleta + sentimento léxico. Nenhuma ação de trading.
----------------------------------------------------------------------------------------------------
CoinDesk         itens_no_feed=25   novos_gravados=0
Cointelegraph    itens_no_feed=30   novos_gravados=0
Decrypt          itens_no_feed=37   novos_gravados=1
CryptoSlate      itens_no_feed=10   novos_gravados=1
BitcoinMagazine  itens_no_feed=10   novos_gravados=0
NewsBTC          itens_no_feed=9    novos_gravados=0
CryptoPotato     itens_no_feed=36   novos_gravados=0
TheBlock         itens_no_feed=20   novos_gravados=1
----------------------------------------------------------------------------------------------------
Total no ciclo: 177 itens vistos, 3 novos gravados.
====================================================================================================
[2026-09-04T19:00:14.455946+00:00] CICLO concluído: vistos=177 novos=3
====================================================================================================
CRYPTO RADAR - NEWS RADAR V1 -- COLETOR DE NOTÍCIAS
====================================================================================================
Banco:   /home/alex/projetos/crypto-radar/data/news_radar.db
Feeds:   8
Escopo:  somente coleta + sentimento léxico. Nenhuma ação de trading.
----------------------------------------------------------------------------------------------------
CoinDesk         itens_no_feed=25   novos_gravados=0
Cointelegraph    itens_no_feed=30   novos_gravados=1
Decrypt          itens_no_feed=37   novos_gravados=1
CryptoSlate      itens_no_feed=10   novos_gravados=0
BitcoinMagazine  itens_no_feed=10   novos_gravados=1
NewsBTC          itens_no_feed=9    novos_gravados=0
CryptoPotato     itens_no_feed=36   novos_gravados=1
TheBlock         itens_no_feed=20   novos_gravados=0
----------------------------------------------------------------------------------------------------
Total no ciclo: 177 itens vistos, 4 novos gravados.
====================================================================================================
[2026-09-04T19:30:16.288145+00:00] CICLO concluído: vistos=177 novos=4
====================================================================================================
CRYPTO RADAR - NEWS RADAR V1 -- COLETOR DE NOTÍCIAS
====================================================================================================
Banco:   /home/alex/projetos/crypto-radar/data/news_radar.db
Feeds:   8
Escopo:  somente coleta + sentimento léxico. Nenhuma ação de trading.
----------------------------------------------------------------------------------------------------
CoinDesk         itens_no_feed=25   novos_gravados=0
Cointelegraph    itens_no_feed=30   novos_gravados=1
Decrypt          itens_no_feed=37   novos_gravados=0
CryptoSlate      itens_no_feed=10   novos_gravados=0
BitcoinMagazine  itens_no_feed=10   novos_gravados=0
NewsBTC          itens_no_feed=9    novos_gravados=0
CryptoPotato     itens_no_feed=36   novos_gravados=0
TheBlock         itens_no_feed=20   novos_gravados=0
----------------------------------------------------------------------------------------------------
Total no ciclo: 177 itens vistos, 1 novos gravados.
====================================================================================================
[2026-09-04T20:00:14.924272+00:00] CICLO concluído: vistos=177 novos=1
====================================================================================================
CRYPTO RADAR - NEWS RADAR V1 -- COLETOR DE NOTÍCIAS
====================================================================================================
Banco:   /home/alex/projetos/crypto-radar/data/news_radar.db
Feeds:   8
Escopo:  somente coleta + sentimento léxico. Nenhuma ação de trading.
----------------------------------------------------------------------------------------------------
CoinDesk         itens_no_feed=25   novos_gravados=0
Cointelegraph    itens_no_feed=30   novos_gravados=0
Decrypt          itens_no_feed=37   novos_gravados=0
CryptoSlate      itens_no_feed=10   novos_gravados=1
BitcoinMagazine  itens_no_feed=10   novos_gravados=0
NewsBTC          itens_no_feed=9    novos_gravados=0
CryptoPotato     itens_no_feed=36   novos_gravados=0
TheBlock         itens_no_feed=20   novos_gravados=0
----------------------------------------------------------------------------------------------------
Total no ciclo: 177 itens vistos, 1 novos gravados.
====================================================================================================
[2026-09-04T20:30:14.402239+00:00] CICLO concluído: vistos=177 novos=1
====================================================================================================
CRYPTO RADAR - NEWS RADAR V1 -- COLETOR DE NOTÍCIAS
====================================================================================================
Banco:   /home/alex/projetos/crypto-radar/data/news_radar.db
Feeds:   8
Escopo:  somente coleta + sentimento léxico. Nenhuma ação de trading.
----------------------------------------------------------------------------------------------------
CoinDesk         itens_no_feed=25   novos_gravados=0
Cointelegraph    itens_no_feed=30   novos_gravados=1
Decrypt          itens_no_feed=37   novos_gravados=1
CryptoSlate      itens_no_feed=10   novos_gravados=0
BitcoinMagazine  itens_no_feed=10   novos_gravados=1
NewsBTC          itens_no_feed=9    novos_gravados=0
CryptoPotato     itens_no_feed=36   novos_gravados=1
TheBlock         itens_no_feed=20   novos_gravados=0
----------------------------------------------------------------------------------------------------
Total no ciclo: 177 itens vistos, 4 novos gravados.
====================================================================================================
[2026-09-04T21:00:14.002738+00:00] CICLO concluído: vistos=177 novos=4
====================================================================================================
CRYPTO RADAR - NEWS RADAR V1 -- COLETOR DE NOTÍCIAS
====================================================================================================
Banco:   /home/alex/projetos/crypto-radar/data/news_radar.db
Feeds:   8
Escopo:  somente coleta + sentimento léxico. Nenhuma ação de trading.
----------------------------------------------------------------------------------------------------
CoinDesk         itens_no_feed=25   novos_gravados=0
Cointelegraph    itens_no_feed=30   novos_gravados=0
Decrypt          itens_no_feed=37   novos_gravados=1
CryptoSlate      itens_no_feed=10   novos_gravados=1
BitcoinMagazine  itens_no_feed=10   novos_gravados=1
NewsBTC          itens_no_feed=9    novos_gravados=0
CryptoPotato     itens_no_feed=36   novos_gravados=0
TheBlock         itens_no_feed=20   novos_gravados=0
----------------------------------------------------------------------------------------------------
Total no ciclo: 177 itens vistos, 3 novos gravados.
====================================================================================================
[2026-09-04T21:30:13.838432+00:00] CICLO concluído: vistos=177 novos=3
====================================================================================================
CRYPTO RADAR - NEWS RADAR V1 -- COLETOR DE NOTÍCIAS
====================================================================================================
Banco:   /home/alex/projetos/crypto-radar/data/news_radar.db
Feeds:   8
Escopo:  somente coleta + sentimento léxico. Nenhuma ação de trading.
----------------------------------------------------------------------------------------------------
CoinDesk         itens_no_feed=25   novos_gravados=0
Cointelegraph    itens_no_feed=30   novos_gravados=0
Decrypt          itens_no_feed=37   novos_gravados=1
CryptoSlate      itens_no_feed=10   novos_gravados=0
BitcoinMagazine  itens_no_feed=10   novos_gravados=0
NewsBTC          itens_no_feed=9    novos_gravados=0
CryptoPotato     itens_no_feed=36   novos_gravados=0
TheBlock         itens_no_feed=20   novos_gravados=0
----------------------------------------------------------------------------------------------------
Total no ciclo: 177 itens vistos, 1 novos gravados.
====================================================================================================
[2026-09-04T22:00:13.920670+00:00] CICLO concluído: vistos=177 novos=1
====================================================================================================
CRYPTO RADAR - NEWS RADAR V1 -- COLETOR DE NOTÍCIAS
====================================================================================================
Banco:   /home/alex/projetos/crypto-radar/data/news_radar.db
Feeds:   8
Escopo:  somente coleta + sentimento léxico. Nenhuma ação de trading.
----------------------------------------------------------------------------------------------------
CoinDesk         itens_no_feed=25   novos_gravados=0
Cointelegraph    itens_no_feed=30   novos_gravados=0
Decrypt          itens_no_feed=37   novos_gravados=0
CryptoSlate      itens_no_feed=10   novos_gravados=1
BitcoinMagazine  itens_no_feed=10   novos_gravados=0
NewsBTC          itens_no_feed=9    novos_gravados=0
CryptoPotato     itens_no_feed=36   novos_gravados=0
TheBlock         itens_no_feed=20   novos_gravados=0
----------------------------------------------------------------------------------------------------
Total no ciclo: 177 itens vistos, 1 novos gravados.
====================================================================================================
[2026-09-04T22:30:13.594488+00:00] CICLO concluído: vistos=177 novos=1
====================================================================================================
CRYPTO RADAR - NEWS RADAR V1 -- COLETOR DE NOTÍCIAS
====================================================================================================
Banco:   /home/alex/projetos/crypto-radar/data/news_radar.db
Feeds:   8
Escopo:  somente coleta + sentimento léxico. Nenhuma ação de trading.
----------------------------------------------------------------------------------------------------
CoinDesk         itens_no_feed=25   novos_gravados=0
Cointelegraph    itens_no_feed=30   novos_gravados=0
Decrypt          itens_no_feed=37   novos_gravados=0
CryptoSlate      itens_no_feed=10   novos_gravados=0
BitcoinMagazine  itens_no_feed=10   novos_gravados=0
NewsBTC          itens_no_feed=9    novos_gravados=0
CryptoPotato     itens_no_feed=36   novos_gravados=1
TheBlock         itens_no_feed=20   novos_gravados=0
----------------------------------------------------------------------------------------------------
Total no ciclo: 177 itens vistos, 1 novos gravados.
====================================================================================================
[2026-09-04T23:00:13.179668+00:00] CICLO concluído: vistos=177 novos=1
====================================================================================================
CRYPTO RADAR - NEWS RADAR V1 -- COLETOR DE NOTÍCIAS
====================================================================================================
Banco:   /home/alex/projetos/crypto-radar/data/news_radar.db
Feeds:   8
Escopo:  somente coleta + sentimento léxico. Nenhuma ação de trading.
----------------------------------------------------------------------------------------------------
CoinDesk         itens_no_feed=25   novos_gravados=0
Cointelegraph    itens_no_feed=30   novos_gravados=0
Decrypt          itens_no_feed=37   novos_gravados=0
CryptoSlate      itens_no_feed=10   novos_gravados=1
BitcoinMagazine  itens_no_feed=10   novos_gravados=0
NewsBTC          itens_no_feed=9    novos_gravados=0
CryptoPotato     itens_no_feed=36   novos_gravados=0
TheBlock         itens_no_feed=20   novos_gravados=0
----------------------------------------------------------------------------------------------------
Total no ciclo: 177 itens vistos, 1 novos gravados.
====================================================================================================
[2026-09-04T23:30:12.639106+00:00] CICLO concluído: vistos=177 novos=1
====================================================================================================
CRYPTO RADAR - NEWS RADAR V1 -- COLETOR DE NOTÍCIAS
====================================================================================================
Banco:   /home/alex/projetos/crypto-radar/data/news_radar.db
Feeds:   8
Escopo:  somente coleta + sentimento léxico. Nenhuma ação de trading.
----------------------------------------------------------------------------------------------------
CoinDesk         itens_no_feed=25   novos_gravados=0
Cointelegraph    itens_no_feed=30   novos_gravados=0
Decrypt          itens_no_feed=57   novos_gravados=0
CryptoSlate      itens_no_feed=10   novos_gravados=0
BitcoinMagazine  itens_no_feed=10   novos_gravados=0
NewsBTC          itens_no_feed=9    novos_gravados=0
CryptoPotato     itens_no_feed=36   novos_gravados=0
TheBlock         itens_no_feed=20   novos_gravados=0
----------------------------------------------------------------------------------------------------
Total no ciclo: 197 itens vistos, 0 novos gravados.
====================================================================================================
[2026-09-05T00:00:13.116663+00:00] CICLO concluído: vistos=197 novos=0
====================================================================================================
CRYPTO RADAR - NEWS RADAR V1 -- COLETOR DE NOTÍCIAS
====================================================================================================
Banco:   /home/alex/projetos/crypto-radar/data/news_radar.db
Feeds:   8
Escopo:  somente coleta + sentimento léxico. Nenhuma ação de trading.
----------------------------------------------------------------------------------------------------
CoinDesk         itens_no_feed=25   novos_gravados=0
Cointelegraph    itens_no_feed=30   novos_gravados=0
Decrypt          itens_no_feed=37   novos_gravados=0
CryptoSlate      itens_no_feed=10   novos_gravados=1
BitcoinMagazine  itens_no_feed=10   novos_gravados=0
NewsBTC          itens_no_feed=9    novos_gravados=0
CryptoPotato     itens_no_feed=36   novos_gravados=0
TheBlock         itens_no_feed=20   novos_gravados=0
----------------------------------------------------------------------------------------------------
Total no ciclo: 177 itens vistos, 1 novos gravados.
====================================================================================================
[2026-09-05T00:30:14.284572+00:00] CICLO concluído: vistos=177 novos=1
====================================================================================================
CRYPTO RADAR - NEWS RADAR V1 -- COLETOR DE NOTÍCIAS
====================================================================================================
Banco:   /home/alex/projetos/crypto-radar/data/news_radar.db
Feeds:   8
Escopo:  somente coleta + sentimento léxico. Nenhuma ação de trading.
----------------------------------------------------------------------------------------------------
CoinDesk         itens_no_feed=25   novos_gravados=0
Cointelegraph    itens_no_feed=30   novos_gravados=0
Decrypt          itens_no_feed=37   novos_gravados=0
CryptoSlate      itens_no_feed=10   novos_gravados=0
BitcoinMagazine  itens_no_feed=10   novos_gravados=0
NewsBTC          itens_no_feed=9    novos_gravados=0
CryptoPotato     itens_no_feed=36   novos_gravados=0
TheBlock         itens_no_feed=20   novos_gravados=0
----------------------------------------------------------------------------------------------------
Total no ciclo: 177 itens vistos, 0 novos gravados.
====================================================================================================
[2026-09-05T01:00:13.254472+00:00] CICLO concluído: vistos=177 novos=0
====================================================================================================
CRYPTO RADAR - NEWS RADAR V1 -- COLETOR DE NOTÍCIAS
====================================================================================================
Banco:   /home/alex/projetos/crypto-radar/data/news_radar.db
Feeds:   8
Escopo:  somente coleta + sentimento léxico. Nenhuma ação de trading.
----------------------------------------------------------------------------------------------------
CoinDesk         itens_no_feed=25   novos_gravados=0
Cointelegraph    itens_no_feed=30   novos_gravados=0
Decrypt          itens_no_feed=37   novos_gravados=0
CryptoSlate      itens_no_feed=10   novos_gravados=0
BitcoinMagazine  itens_no_feed=10   novos_gravados=0
NewsBTC          itens_no_feed=9    novos_gravados=0
CryptoPotato     itens_no_feed=36   novos_gravados=0
TheBlock         itens_no_feed=20   novos_gravados=0
----------------------------------------------------------------------------------------------------
Total no ciclo: 177 itens vistos, 0 novos gravados.
====================================================================================================
[2026-09-05T01:30:16.970234+00:00] CICLO concluído: vistos=177 novos=0
