  ✓ Concluído em 0.32s
[18/45] TRX/USDT
  Buscando OHLCV (tentativa 1/3)...
  ✓ 240 candles fechados
  Preço:                     0.32840000
  RSI:                       15.07
  EMA20:                     0.33208184
  EMA50:                     0.33451883
  Momentum 4h:               -1.02%
  Volume relativo:           3.18x
  ATR:                       0.21%

  COMPONENTES DO SCORE
  -------------------------------------------------------------
  RSI:                 2/20
  Tendência 1h:        0/25
  Tendência 4h:        0/20
  Momentum:             0/15
  Volume:              15/15
  -------------------------------------------------------------
  SCORE:               17/100
  Classificação:     MUITO FRACO
  Sinal:             SEM SINAL
  Confiança:           5%
  Riscos:            MOMENTUM_NEGATIVO
  ✓ Concluído em 0.32s
[19/45] ENA/USDT
  Buscando OHLCV (tentativa 1/3)...
  ✓ 240 candles fechados
  Preço:                     0.15630000
  RSI:                       61.03
  EMA20:                     0.15140389
  EMA50:                     0.15263959
  Momentum 4h:               +3.44%
  Volume relativo:           4.60x
  ATR:                       1.89%

  COMPONENTES DO SCORE
  -------------------------------------------------------------
  RSI:                20/20
  Tendência 1h:       15/25
  Tendência 4h:       14/20
  Momentum:            15/15
  Volume:              15/15
  -------------------------------------------------------------
  SCORE:               79/100
  Classificação:     MUITO FORTE
  Sinal:             COMPRA
  Confiança:          76%
  ✓ Concluído em 0.32s
[20/45] DASH/USDT
  Buscando OHLCV (tentativa 1/3)...
  ✓ 240 candles fechados
  Preço:                     45.36000000
  RSI:                       52.70
  EMA20:                     45.30375008
  EMA50:                     43.94663750
  Momentum 4h:               -3.43%
  Volume relativo:           0.71x
  ATR:                       2.04%

  COMPONENTES DO SCORE
  -------------------------------------------------------------
  RSI:                20/20
  Tendência 1h:       25/25
  Tendência 4h:       20/20
  Momentum:             0/15
  Volume:               4/15
  -------------------------------------------------------------
  SCORE:               69/100
  Classificação:     FORTE
  Sinal:             COMPRA
  Confiança:          52%
  Riscos:            MOMENTUM_NEGATIVO
  ✓ Concluído em 0.32s
[21/45] 0G/USDT
  Buscando OHLCV (tentativa 1/3)...
  ✓ 240 candles fechados
  Preço:                     0.22340000
  RSI:                       50.43
  EMA20:                     0.22736595
  EMA50:                     0.20838840
  Momentum 4h:               -7.80%
  Volume relativo:           0.72x
  ATR:                       7.11%

  COMPONENTES DO SCORE
  -------------------------------------------------------------
  RSI:                20/20
  Tendência 1h:       15/25
  Tendência 4h:       20/20
  Momentum:             0/15
  Volume:               4/15
  -------------------------------------------------------------
  SCORE:               59/100
  Classificação:     MODERADO
  Sinal:             SEM SINAL
  Confiança:          30%
  Riscos:            MOMENTUM_NEGATIVO, VOLATILIDADE_ALTA
  ✓ Concluído em 0.33s
[22/45] PEPE/USDT
  Buscando OHLCV (tentativa 1/3)...
  ✓ 240 candles fechados
  Preço:                     0.00000349
  RSI:                       41.73
  EMA20:                     0.00000354
  EMA50:                     0.00000357
  Momentum 4h:               -1.13%
  Volume relativo:           3.16x
  ATR:                       1.23%

  COMPONENTES DO SCORE
  -------------------------------------------------------------
  RSI:                15/20
  Tendência 1h:        0/25
  Tendência 4h:        0/20
  Momentum:             0/15
  Volume:              15/15
  -------------------------------------------------------------
  SCORE:               30/100
  Classificação:     FRACO
  Sinal:             SEM SINAL
  Confiança:           5%
  Riscos:            MOMENTUM_NEGATIVO
  ✓ Concluído em 0.33s
[23/45] PUMP/USDT
  Buscando OHLCV (tentativa 1/3)...
  ✓ 240 candles fechados
  Preço:                     0.00441000
  RSI:                       45.43
  EMA20:                     0.00445177
  EMA50:                     0.00450956
  Momentum 4h:               -1.28%
  Volume relativo:           0.95x
  ATR:                       2.05%

  COMPONENTES DO SCORE
  -------------------------------------------------------------
  RSI:                19/20
  Tendência 1h:        0/25
  Tendência 4h:        0/20
  Momentum:             0/15
  Volume:               4/15
  -------------------------------------------------------------
  SCORE:               23/100
  Classificação:     FRACO
  Sinal:             SEM SINAL
  Confiança:           0%
  Riscos:            MOMENTUM_NEGATIVO
  ✓ Concluído em 0.32s
[24/45] XAUT/USDT
  Buscando OHLCV (tentativa 1/3)...
  ✓ 240 candles fechados
  Preço:                     4376.99000000
  RSI:                       32.90
  EMA20:                     4415.66991780
  EMA50:                     4433.84534244
  Momentum 4h:               -1.08%
  Volume relativo:           1.20x
  ATR:                       0.36%

  COMPONENTES DO SCORE
  -------------------------------------------------------------
  RSI:                11/20
  Tendência 1h:        0/25
  Tendência 4h:        0/20
  Momentum:             0/15
  Volume:               9/15
  -------------------------------------------------------------
  SCORE:               20/100
  Classificação:     FRACO
  Sinal:             SEM SINAL
  Confiança:           0%
  Riscos:            MOMENTUM_NEGATIVO
  ✓ Concluído em 0.33s
[25/45] TRUMP/USDT
  Buscando OHLCV (tentativa 1/3)...
  ✓ 240 candles fechados
  Preço:                     2.37800000
  RSI:                       45.16
  EMA20:                     2.39429945
  EMA50:                     2.44200509
  Momentum 4h:               +0.98%
  Volume relativo:           0.72x
  ATR:                       1.61%

  COMPONENTES DO SCORE
  -------------------------------------------------------------
  RSI:                19/20
  Tendência 1h:        0/25
  Tendência 4h:        0/20
  Momentum:            10/15
  Volume:               4/15
  -------------------------------------------------------------
  SCORE:               33/100
  Classificação:     FRACO
  Sinal:             SEM SINAL
  Confiança:           9%
  ✓ Concluído em 0.31s
[26/45] HEMI/USDT
  Buscando OHLCV (tentativa 1/3)...
  ✓ 240 candles fechados
  Preço:                     0.01546000
  RSI:                       53.15
  EMA20:                     0.01528554
  EMA50:                     0.01448744
  Momentum 4h:               +0.26%
  Volume relativo:           0.72x
  ATR:                       4.92%

  COMPONENTES DO SCORE
  -------------------------------------------------------------
  RSI:                20/20
  Tendência 1h:       25/25
  Tendência 4h:       20/20
  Momentum:             7/15
  Volume:               4/15
  -------------------------------------------------------------
  SCORE:               76/100
  Classificação:     MUITO FORTE
  Sinal:             COMPRA
  Confiança:          71%
  ✓ Concluído em 0.31s
[27/45] ADA/USDT
  Buscando OHLCV (tentativa 1/3)...
  ✓ 240 candles fechados
  Preço:                     0.19910000
  RSI:                       50.73
  EMA20:                     0.19897065
  EMA50:                     0.19923636
  Momentum 4h:               -0.70%
  Volume relativo:           0.92x
  ATR:                       1.07%

  COMPONENTES DO SCORE
  -------------------------------------------------------------
  RSI:                20/20
  Tendência 1h:       15/25
  Tendência 4h:        0/20
  Momentum:             3/15
  Volume:               4/15
  -------------------------------------------------------------
  SCORE:               42/100
  Classificação:     NEUTRO
  Sinal:             SEM SINAL
  Confiança:          12%
  Riscos:            MOMENTUM_NEGATIVO
  ✓ Concluído em 0.32s
[28/45] FDUSD/USDT
  Buscando OHLCV (tentativa 1/3)...
  ✓ 240 candles fechados
  Preço:                     0.99910000
  RSI:                       60.96
  EMA20:                     0.99882627
  EMA50:                     0.99875530
  Momentum 4h:               +0.03%
  Volume relativo:           0.56x
  ATR:                       0.03%

  COMPONENTES DO SCORE
  -------------------------------------------------------------
  RSI:                20/20
  Tendência 1h:       25/25
  Tendência 4h:       14/20
  Momentum:             7/15
  Volume:               4/15
  -------------------------------------------------------------
  SCORE:               70/100
  Classificação:     FORTE
  Sinal:             COMPRA
  Confiança:          65%
  ✓ Concluído em 0.33s
[29/45] WLD/USDT
  Buscando OHLCV (tentativa 1/3)...
  ✓ 240 candles fechados
  Preço:                     0.36680000
  RSI:                       50.91
  EMA20:                     0.36598283
  EMA50:                     0.36835574
  Momentum 4h:               -0.70%
  Volume relativo:           0.86x
  ATR:                       1.42%

  COMPONENTES DO SCORE
  -------------------------------------------------------------
  RSI:                20/20
  Tendência 1h:       15/25
  Tendência 4h:        0/20
  Momentum:             3/15
  Volume:               4/15
  -------------------------------------------------------------
  SCORE:               42/100
  Classificação:     NEUTRO
  Sinal:             SEM SINAL
  Confiança:          12%
  Riscos:            MOMENTUM_NEGATIVO
  ✓ Concluído em 0.30s
[30/45] POL/USDT
  Buscando OHLCV (tentativa 1/3)...
  ✓ 240 candles fechados
  Preço:                     0.09263000
  RSI:                       51.02
  EMA20:                     0.09196988
  EMA50:                     0.09466761
  Momentum 4h:               +0.89%
  Volume relativo:           0.75x
  ATR:                       1.51%

  COMPONENTES DO SCORE
  -------------------------------------------------------------
  RSI:                20/20
  Tendência 1h:       15/25
  Tendência 4h:        0/20
  Momentum:            10/15
  Volume:               4/15
  -------------------------------------------------------------
  SCORE:               49/100
  Classificação:     MODERADO
  Sinal:             SEM SINAL
  Confiança:          27%
  ✓ Concluído em 0.31s
[31/45] TUT/USDT
  Buscando OHLCV (tentativa 1/3)...
  ✓ 240 candles fechados
  Preço:                     0.03244000
  RSI:                       58.57
  EMA20:                     0.03125485
  EMA50:                     0.03306707
  Momentum 4h:               +7.45%
  Volume relativo:           3.96x
  ATR:                       4.04%

  COMPONENTES DO SCORE
  -------------------------------------------------------------
  RSI:                20/20
  Tendência 1h:       15/25
  Tendência 4h:        0/20
  Momentum:            15/15
  Volume:              15/15
  -------------------------------------------------------------
  SCORE:               65/100
  Classificação:     FORTE
  Sinal:             COMPRA
  Confiança:          55%
  ✓ Concluído em 0.32s
[32/45] OP/USDT
  Buscando OHLCV (tentativa 1/3)...
  ✓ 240 candles fechados
  Preço:                     0.09750000
  RSI:                       68.18
  EMA20:                     0.09378126
  EMA50:                     0.09149039
  Momentum 4h:               +0.72%
  Volume relativo:           1.05x
  ATR:                       2.70%

  COMPONENTES DO SCORE
  -------------------------------------------------------------
  RSI:                20/20
  Tendência 1h:       25/25
  Tendência 4h:       14/20
  Momentum:            10/15
  Volume:               9/15
  -------------------------------------------------------------
  SCORE:               78/100
  Classificação:     MUITO FORTE
  Sinal:             COMPRA
  Confiança:          72%
  ✓ Concluído em 0.32s
[33/45] PROM/USDT
  Buscando OHLCV (tentativa 1/3)...
  ✓ 240 candles fechados
  Preço:                     5.40600000
  RSI:                       42.56
  EMA20:                     5.54439310
  EMA50:                     5.81003031
  Momentum 4h:               +0.63%
  Volume relativo:           0.35x
  ATR:                       3.99%

  COMPONENTES DO SCORE
  -------------------------------------------------------------
  RSI:                15/20
  Tendência 1h:        0/25
  Tendência 4h:        7/20
  Momentum:            10/15
  Volume:               0/15
  -------------------------------------------------------------
  SCORE:               32/100
  Classificação:     FRACO
  Sinal:             SEM SINAL
  Confiança:           4%
  Riscos:            VOLUME_BAIXO
  ✓ Concluído em 0.32s
[34/45] AAVE/USDT
  Buscando OHLCV (tentativa 1/3)...
  ✓ 240 candles fechados
  Preço:                     126.68000000
  RSI:                       57.83
  EMA20:                     125.26194660
  EMA50:                     124.80955275
  Momentum 4h:               +0.18%
  Volume relativo:           1.43x
  ATR:                       1.13%

  COMPONENTES DO SCORE
  -------------------------------------------------------------
  RSI:                20/20
  Tendência 1h:       25/25
  Tendência 4h:       14/20
  Momentum:             7/15
  Volume:               9/15
  -------------------------------------------------------------
  SCORE:               75/100
  Classificação:     MUITO FORTE
  Sinal:             COMPRA
  Confiança:          69%
  ✓ Concluído em 0.32s
[35/45] LTC/USDT
  Buscando OHLCV (tentativa 1/3)...
  ✓ 240 candles fechados
  Preço:                     48.98000000
  RSI:                       54.15
  EMA20:                     48.75130902
  EMA50:                     48.81540464
  Momentum 4h:               +0.23%
  Volume relativo:           1.84x
  ATR:                       0.62%

  COMPONENTES DO SCORE
  -------------------------------------------------------------
  RSI:                20/20
  Tendência 1h:       15/25
  Tendência 4h:       14/20
  Momentum:             7/15
  Volume:              12/15
  -------------------------------------------------------------
  SCORE:               68/100
  Classificação:     FORTE
  Sinal:             COMPRA
  Confiança:          58%
  ✓ Concluído em 0.32s
[36/45] PAXG/USDT
  Buscando OHLCV (tentativa 1/3)...
  ✓ 240 candles fechados
  Preço:                     4385.89000000
  RSI:                       33.38
  EMA20:                     4423.85364201
  EMA50:                     4441.79556226
  Momentum 4h:               -1.04%
  Volume relativo:           0.86x
  ATR:                       0.37%

  COMPONENTES DO SCORE
  -------------------------------------------------------------
  RSI:                11/20
  Tendência 1h:        0/25
  Tendência 4h:        0/20
  Momentum:             0/15
  Volume:               4/15
  -------------------------------------------------------------
  SCORE:               15/100
  Classificação:     MUITO FRACO
  Sinal:             SEM SINAL
  Confiança:           0%
  Riscos:            MOMENTUM_NEGATIVO
  ✓ Concluído em 0.32s
[37/45] EUR/USDT
  Buscando OHLCV (tentativa 1/3)...
  ✓ 240 candles fechados
  Preço:                     1.15960000
  RSI:                       39.67
  EMA20:                     1.16051553
  EMA50:                     1.16013575
  Momentum 4h:               -0.09%
  Volume relativo:           0.76x
  ATR:                       0.06%

  COMPONENTES DO SCORE
  -------------------------------------------------------------
  RSI:                11/20
  Tendência 1h:        0/25
  Tendência 4h:        0/20
  Momentum:             3/15
  Volume:               4/15
  -------------------------------------------------------------
  SCORE:               18/100
  Classificação:     MUITO FRACO
  Sinal:             SEM SINAL
  Confiança:           0%
  Riscos:            MOMENTUM_NEGATIVO
  ✓ Concluído em 0.31s
[38/45] ONG/USDT
  Buscando OHLCV (tentativa 1/3)...
  ✓ 240 candles fechados
  Preço:                     0.12722000
  RSI:                       79.51
  EMA20:                     0.10223139
  EMA50:                     0.10291188
  Momentum 4h:               +13.16%
  Volume relativo:           3.50x
  ATR:                       5.34%

  COMPONENTES DO SCORE
  -------------------------------------------------------------
  RSI:                 3/20
  Tendência 1h:       15/25
  Tendência 4h:       20/20
  Momentum:            15/15
  Volume:              15/15
  -------------------------------------------------------------
  SCORE:               68/100
  Classificação:     FORTE
  Sinal:             COMPRA
  Confiança:          60%
  Riscos:            RSI_SOBRECOMPRADO, VOLATILIDADE_ALTA
  ✓ Concluído em 0.32s
[39/45] TAO/USDT
  Buscando OHLCV (tentativa 1/3)...
  ✓ 240 candles fechados
  Preço:                     227.50000000
  RSI:                       44.33
  EMA20:                     228.98298791
  EMA50:                     230.93115808
  Momentum 4h:               -0.83%
  Volume relativo:           1.09x
  ATR:                       1.02%

  COMPONENTES DO SCORE
  -------------------------------------------------------------
  RSI:                15/20
  Tendência 1h:        0/25
  Tendência 4h:        0/20
  Momentum:             3/15
  Volume:               9/15
  -------------------------------------------------------------
  SCORE:               27/100
  Classificação:     FRACO
  Sinal:             SEM SINAL
  Confiança:           0%
  Riscos:            MOMENTUM_NEGATIVO
  ✓ Concluído em 0.32s
[40/45] XLM/USDT
  Buscando OHLCV (tentativa 1/3)...
  ✓ 240 candles fechados
  Preço:                     0.17750000
  RSI:                       50.12
  EMA20:                     0.17740120
  EMA50:                     0.17786748
  Momentum 4h:               +0.00%
  Volume relativo:           0.71x
  ATR:                       0.85%

  COMPONENTES DO SCORE
  -------------------------------------------------------------
  RSI:                20/20
  Tendência 1h:       15/25
  Tendência 4h:        0/20
  Momentum:             7/15
  Volume:               4/15
  -------------------------------------------------------------
  SCORE:               46/100
  Classificação:     MODERADO
  Sinal:             SEM SINAL
  Confiança:          24%
  ✓ Concluído em 0.32s
[41/45] CRV/USDT
  Buscando OHLCV (tentativa 1/3)...
  ✓ 240 candles fechados
  Preço:                     0.35560000
  RSI:                       74.16
  EMA20:                     0.34187377
  EMA50:                     0.32640412
  Momentum 4h:               +1.37%
  Volume relativo:           0.83x
  ATR:                       2.15%

  COMPONENTES DO SCORE
  -------------------------------------------------------------
  RSI:                15/20
  Tendência 1h:       25/25
  Tendência 4h:       20/20
  Momentum:            13/15
  Volume:               4/15
  -------------------------------------------------------------
  SCORE:               77/100
  Classificação:     MUITO FORTE
  Sinal:             COMPRA
  Confiança:          77%
  ✓ Concluído em 0.32s
[42/45] AVAX/USDT
  Buscando OHLCV (tentativa 1/3)...
  ✓ 240 candles fechados
  Preço:                     7.28100000
  RSI:                       53.26
  EMA20:                     7.25791545
  EMA50:                     7.26431719
  Momentum 4h:               -0.27%
  Volume relativo:           1.22x
  ATR:                       0.73%

  COMPONENTES DO SCORE
  -------------------------------------------------------------
  RSI:                20/20
  Tendência 1h:       15/25
  Tendência 4h:        0/20
  Momentum:             3/15
  Volume:               9/15
  -------------------------------------------------------------
  SCORE:               47/100
  Classificação:     MODERADO
  Sinal:             SEM SINAL
  Confiança:          16%
  Riscos:            MOMENTUM_NEGATIVO
  ✓ Concluído em 0.32s
[43/45] XPL/USDT
  Buscando OHLCV (tentativa 1/3)...
  ✓ 240 candles fechados
  Preço:                     0.08160000
  RSI:                       32.41
  EMA20:                     0.08392640
  EMA50:                     0.08520990
  Momentum 4h:               -2.35%
  Volume relativo:           3.23x
  ATR:                       1.50%

  COMPONENTES DO SCORE
  -------------------------------------------------------------
  RSI:                11/20
  Tendência 1h:        0/25
  Tendência 4h:        0/20
  Momentum:             0/15
  Volume:              15/15
  -------------------------------------------------------------
  SCORE:               26/100
  Classificação:     FRACO
  Sinal:             SEM SINAL
  Confiança:           5%
  Riscos:            MOMENTUM_NEGATIVO
  ✓ Concluído em 0.32s
[44/45] BMT/USDT
  Buscando OHLCV (tentativa 1/3)...
  ✓ 240 candles fechados
  Preço:                     0.02017000
  RSI:                       43.74
  EMA20:                     0.02038633
  EMA50:                     0.02083759
  Momentum 4h:               -3.45%
  Volume relativo:           0.87x
  ATR:                       1.75%

  COMPONENTES DO SCORE
  -------------------------------------------------------------
  RSI:                15/20
  Tendência 1h:        0/25
  Tendência 4h:        0/20
  Momentum:             0/15
  Volume:               4/15
  -------------------------------------------------------------
  SCORE:               19/100
  Classificação:     MUITO FRACO
  Sinal:             SEM SINAL
  Confiança:           0%
  Riscos:            MOMENTUM_NEGATIVO
  ✓ Concluído em 0.33s
[45/45] ZRO/USDT
  Buscando OHLCV (tentativa 1/3)...
  ✓ 240 candles fechados
  Preço:                     1.00500000
  RSI:                       38.62
  EMA20:                     1.02485467
  EMA50:                     1.04427384
  Momentum 4h:               -1.47%
  Volume relativo:           0.40x
  ATR:                       1.60%

  COMPONENTES DO SCORE
  -------------------------------------------------------------
  RSI:                11/20
  Tendência 1h:        0/25
  Tendência 4h:        0/20
  Momentum:             0/15
  Volume:               0/15
  -------------------------------------------------------------
  SCORE:               11/100
  Classificação:     MUITO FRACO
  Sinal:             SEM SINAL
  Confiança:           0%
  Riscos:            MOMENTUM_NEGATIVO, VOLUME_BAIXO
  ✓ Concluído em 0.31s

========================================================================================================================
                                        RANKING DETALHADO V3
========================================================================================================================
 # MERCADO         SCORE RSI T1H T4H  MOM  VOL   ATR  RVOL  CONF CLASSIFICAÇÃO
------------------------------------------------------------------------------------------------------------------------
 1 USDC/USDT           81  20  25  20    7    9  0.01  1.37    80 MUITO FORTE
 2 ENA/USDT            79  20  15  14   15   15  1.89  4.60    76 MUITO FORTE
 3 ARB/USDT            79  20  25  20   10    4  4.60  0.53    74 MUITO FORTE
 4 OP/USDT             78  20  25  14   10    9  2.70  1.05    72 MUITO FORTE
 5 CRV/USDT            77  15  25  20   13    4  2.15  0.83    77 MUITO FORTE
 6 HEMI/USDT           76  20  25  20    7    4  4.92  0.72    71 MUITO FORTE
 7 AAVE/USDT           75  20  25  14    7    9  1.13  1.43    69 MUITO FORTE
 8 UNI/USDT            72  15  25  20    3    9  2.46  1.05    63 FORTE
 9 NEAR/USDT           72  20  25  20    3    4  1.71  0.74    59 FORTE
10 FDUSD/USDT          70  20  25  14    7    4  0.03  0.56    65 FORTE
11 DASH/USDT           69  20  25  20    0    4  2.04  0.71    52 FORTE
12 ONG/USDT            68   3  15  20   15   15  5.34  3.50    60 FORTE
13 LTC/USDT            68  20  15  14    7   12  0.62  1.84    58 FORTE
14 RLUSD/USDT          66  20  15  20    7    4  0.01  0.65    56 FORTE
15 TUT/USDT            65  20  15   0   15   15  4.04  3.96    55 FORTE
16 LINK/USDT           62  20  25  14    3    0  0.88  0.41    34 FORTE
17 0G/USDT             59  20  15  20    0    4  7.11  0.72    30 MODERADO
18 ZEC/USDT            58  19  15  20    0    4  1.28  0.81    38 MODERADO
19 POL/USDT            49  20  15   0   10    4  1.51  0.75    27 MODERADO
20 AVAX/USDT           47  20  15   0    3    9  0.73  1.22    16 MODERADO
21 XLM/USDT            46  20  15   0    7    4  0.85  0.71    24 MODERADO
22 ADA/USDT            42  20  15   0    3    4  1.07  0.92    12 NEUTRO
23 WLD/USDT            42  20  15   0    3    4  1.42  0.86    12 NEUTRO
24 SOL/USDT            34  15   0   7    3    9  0.72  1.46     5 FRACO
25 TRUMP/USDT          33  19   0   0   10    4  1.61  0.72     9 FRACO
26 PROM/USDT           32  15   0   7   10    0  3.99  0.35     4 FRACO
27 USD1/USDT           31  19   0   0    3    9  0.01  1.47     0 FRACO
28 XRP/USDT            31  19   0   0    3    9  0.84  1.34     0 FRACO
29 ETH/USDT            31  19   0   0    3    9  0.59  1.01     0 FRACO
30 PEPE/USDT           30  15   0   0    0   15  1.23  3.16     5 FRACO
31 TAO/USDT            27  15   0   0    3    9  1.02  1.09     0 FRACO
32 BNB/USDT            27  15   0   0    3    9  0.39  1.03     0 FRACO
33 XPL/USDT            26  11   0   0    0   15  1.50  3.23     5 FRACO
34 DOGE/USDT           26  19   0   0    3    4  0.72  0.98     0 FRACO
35 SUI/USDT            26  19   0   0    3    4  1.04  0.93     0 FRACO
36 PUMP/USDT           23  19   0   0    0    4  2.05  0.95     0 FRACO
37 U/USDT              22  15   0   0    3    4  0.01  0.87     0 FRACO
38 BTC/USDT            22  15   0   0    3    4  0.50  0.72     0 FRACO
39 XAUT/USDT           20  11   0   0    0    9  0.36  1.20     0 FRACO
40 BMT/USDT            19  15   0   0    0    4  1.75  0.87     0 MUITO FRACO
41 EUR/USDT            18  11   0   0    3    4  0.06  0.76     0 MUITO FRACO
42 TRX/USDT            17   2   0   0    0   15  0.21  3.18     5 MUITO FRACO
43 PAXG/USDT           15  11   0   0    0    4  0.37  0.86     0 MUITO FRACO
44 ZRO/USDT            11  11   0   0    0    0  1.60  0.40     0 MUITO FRACO
45 ENSO/USDT           11  11   0   0    0    0  2.21  0.22     0 MUITO FRACO
========================================================================================================================

======================================================================
                         TOP 10 V3
======================================================================
 1. USDC/USDT        81/100 MUITO FORTE     CONF  80% COMPRA FORTE
 2. ENA/USDT         79/100 MUITO FORTE     CONF  76% COMPRA
 3. ARB/USDT         79/100 MUITO FORTE     CONF  74% COMPRA
 4. OP/USDT          78/100 MUITO FORTE     CONF  72% COMPRA
 5. CRV/USDT         77/100 MUITO FORTE     CONF  77% COMPRA
 6. HEMI/USDT        76/100 MUITO FORTE     CONF  71% COMPRA
 7. AAVE/USDT        75/100 MUITO FORTE     CONF  69% COMPRA
 8. UNI/USDT         72/100 FORTE           CONF  63% COMPRA
 9. NEAR/USDT        72/100 FORTE           CONF  59% COMPRA
10. FDUSD/USDT       70/100 FORTE           CONF  65% COMPRA
======================================================================

======================================================================
                        SINAIS V3
======================================================================
 1. USDC/USDT       SCORE  81  CONF  80%  COMPRA FORTE
 2. ENA/USDT        SCORE  79  CONF  76%  COMPRA
 3. ARB/USDT        SCORE  79  CONF  74%  COMPRA
 4. OP/USDT         SCORE  78  CONF  72%  COMPRA
 5. CRV/USDT        SCORE  77  CONF  77%  COMPRA
 6. HEMI/USDT       SCORE  76  CONF  71%  COMPRA
 7. AAVE/USDT       SCORE  75  CONF  69%  COMPRA
 8. FDUSD/USDT      SCORE  70  CONF  65%  COMPRA
======================================================================

Salvando análises V3 no banco...
✓ 45 análises V3 salvas

======================================================================
                        RESUMO V3
======================================================================
Mercados selecionados: 45
Análises concluídas:   45
Análises salvas:       45
Erros/avisos:          0
Tempo total:           39.83s
Banco:                 /home/alex/projetos/crypto-radar/data/crypto_radar.db
Tabela V3:             scanner_v3_results
======================================================================
[2026-09-01T11:25:43.170784+00:00] FIM SCANNER_V3: rc=0
[2026-09-01T11:25:43.171086+00:00] INÍCIO ADAPTER_V9.20: scanner_v3_to_v9.py
==========================================================================================
CRYPTO RADAR - PAPER TRADING V9.20 -- V3 -> FORWARD SIGNALS
==========================================================================================
Banco V3:       /home/alex/projetos/crypto-radar/data/crypto_radar.db
Saída V9:       /home/alex/projetos/crypto-radar/data/forward_signals.csv
Modo:           PAPER ONLY
Ordens reais:   NÃO
CSV legado V8:  NÃO UTILIZADO
------------------------------------------------------------------------------------------
Última rodada V3: 2026-09-01T11:25:02.964782+00:00
Sinais COMPRA/COMPRA FORTE:              15
Sinais novos gravados:                   3
Sinais já existentes:                    0
Símbolo já com sinal pendente (ignorados): 12

IMPORTANTE:
  O preço, timestamp, score e confiança vêm diretamente do V3.
  O adaptador não cria fees, quantity, notional ou P&L.
  LONG é somente a tradução de COMPRA/COMPRA FORTE para o schema V9.

Próximo fluxo:
  scanner_v3.py -> SQLite -> V9.20 -> forward_signals.csv -> V9.15/V9.17
==========================================================================================
[2026-09-01T11:25:43.846492+00:00] FIM ADAPTER_V9.20: rc=0
[2026-09-01T11:25:43.846724+00:00] INÍCIO MONITOR_CLOSE_V9.18: paper_trading_v9_18.py
====================================================================================================
CRYPTO RADAR - PAPER TRADING V9.18 -- MONITOR / CLOSE
====================================================================================================
Posições abertas:    /home/alex/projetos/crypto-radar/data/paper_trading_v9_open_positions.csv
Ledger financeiro:   /home/alex/projetos/crypto-radar/data/paper_trading_v9_financial_trades.csv
Fee saída:            0.100% [HIPÓTESE V9]
Slippage saída:      0.100% [HIPÓTESE V9]
STOP / TARGET:        4.00% / 6.00%
Tempo máximo:         24h
Modo: PAPER ONLY
Ordens reais: NÃO
CSV legado V8: NÃO UTILIZADO
----------------------------------------------------------------------------------------------------
HOLD  USD1/USDT    price=0.99986000 ret=-0.096% age=23.43h
HOLD  EUR/USDT     price=1.15980000 ret=-0.255% age=21.43h
CLOSE ENSO/USDT    price=0.86200000 ret=-5.161% age=21.43h reason=STOP   net=$-5.4505
HOLD  XLM/USDT     price=0.17800000 ret=-0.491% age=18.43h
HOLD  SOL/USDT     price=102.21000000 ret=-2.261% age=17.43h
HOLD  ETH/USDT     price=2455.98000000 ret=-1.141% age=16.43h
HOLD  NEAR/USDT    price=1.94000000 ret=+3.584% age=16.43h
HOLD  BTC/USDT     price=77965.67000000 ret=-1.280% age=16.43h
HOLD  LINK/USDT    price=11.42700000 ret=+0.119% age=16.43h
HOLD  ZEC/USDT     price=844.53000000 ret=-1.435% age=15.43h
----------------------------------------------------------------------------------------------------
Posições antes:      10
Novos CLOSE:         1
Posições abertas:    9
Trades no ledger:    153
====================================================================================================
V9.18 concluiu um ciclo PAPER. Nenhuma ordem real foi enviada.
====================================================================================================
[2026-09-01T11:25:47.695304+00:00] FIM MONITOR_CLOSE_V9.18: rc=0
[2026-09-01T11:25:47.707131+00:00] PREFLIGHT_PÓS_MONITOR: OK - 36 símbolos acionáveis sem duplicidade (36 sinais brutos)
[2026-09-01T11:25:47.707375+00:00] INÍCIO EXECUTOR_V9.17: paper_trading_v9_17.py
====================================================================================================
CRYPTO RADAR - PAPER TRADING V9.17 -- FORWARD TRADE EXECUTOR
====================================================================================================
Sinais:                 /home/alex/projetos/crypto-radar/data/forward_signals.csv
Posições abertas:       /home/alex/projetos/crypto-radar/data/paper_trading_v9_open_positions.csv
Ledger financeiro:      /home/alex/projetos/crypto-radar/data/paper_trading_v9_financial_trades.csv
Capital referência:     $1,000.00
Notional por trade:     $100.00 [HIPÓTESE V9.17]
Máx. posições:          10
Fee entrada/saída:      0.100% / 0.100% [HIPÓTESE]
Slippage entrada/saída:  0.100% / 0.100% [HIPÓTESE]
STOP / TARGET:           4.00% / 6.00%
Tempo máximo:            24h
Modo: PAPER ONLY
Ordens reais: NÃO
CSV legado V8: NÃO UTILIZADO
----------------------------------------------------------------------------------------------------
OPEN  HEMI/USDT    entry=0.01621620 notional=$100.00
----------------------------------------------------------------------------------------------------
Sinais válidos:         971
Posições antes:         9
Novos OPEN:             1
Sinais expirados (>=24h, não abertos): 34
Novos CLOSE:            0
Posições abertas agora: 10
Trades no ledger:       153
====================================================================================================
V9.17 concluiu um ciclo PAPER. Nenhuma ordem real foi enviada.
[2026-09-01T11:25:54.329271+00:00] FIM EXECUTOR_V9.17: rc=0
[2026-09-01T11:25:54.329665+00:00] INÍCIO AUDITORIA_V9.19: paper_trading_v9_19.py
====================================================================================================
CRYPTO RADAR - PAPER TRADING V9.19 -- AUDITORIA DO CICLO FORWARD
====================================================================================================
Posições abertas: /home/alex/projetos/crypto-radar/data/paper_trading_v9_open_positions.csv
Ledger financeiro: /home/alex/projetos/crypto-radar/data/paper_trading_v9_financial_trades.csv
Modo: AUDITORIA — NÃO ALTERA DADOS
CSV legado V8: NÃO UTILIZADO
----------------------------------------------------------------------------------------------------
Posições abertas: 10
Trades financeiros fechados: 153
Net P&L acumulado do ledger: $-708.04308709
Duplicidades abertas: 0
Duplicidades no ledger: 0

====================================================================================================
VEREDITO V9.19
====================================================================================================
APROVADA
Integridade estrutural do ciclo forward confirmada.
Nenhum dado foi inventado, corrigido ou composto.
====================================================================================================
[2026-09-01T11:25:54.370077+00:00] FIM AUDITORIA_V9.19: rc=0
[2026-09-01T11:25:54.370508+00:00] CICLO V9.21 concluído com sucesso.
====================================================================================================
V9.21 CONCLUÍDA: ciclo forward seguro.
Nenhuma ordem real foi enviada.
====================================================================================================
====================================================================================================
CRYPTO RADAR - PAPER TRADING V9.21 -- ORQUESTRADOR FORWARD SEGURO
====================================================================================================
Modo: PAPER ONLY
Ordens reais: NÃO
CSV legado V8: NÃO UTILIZADO
Projeto: /home/alex/projetos/crypto-radar
Lock:    /home/alex/projetos/crypto-radar/data/v9_forward_orchestrator.lock
Log:     /home/alex/projetos/crypto-radar/data/v9_21_orchestrator.log
----------------------------------------------------------------------------------------------------
[2026-09-01T12:25:01.832846+00:00] CICLO V9.21 iniciado
[2026-09-01T12:25:01.832978+00:00] INÍCIO SCANNER_V3: scanner_v3.py

======================================================================
                      CRYPTO RADAR - SCANNER V3
======================================================================
Timeframe:        1h
Candles:          240
TOP mercados:     50
Volume mínimo:    $1.00M
Timeout rede:     15s
Retry OHLCV:      3
Usando somente candles fechados.

Inicializando banco...
✓ Banco OK
Inicializando Binance...
✓ Binance OK

Carregando mercados...
Mercados candidatos: 485
Buscando tickers...
Mercados selecionados: 50

Filtrando por idade de listagem (mín. 90d)...
  Ignorando SNDKB/USDT: listado há 83d (< 90d mínimo)
  Ignorando GRAM/USDT: listado há 62d (< 90d mínimo)
  Ignorando CRCLB/USDT: listado há 83d (< 90d mínimo)
  Ignorando SPCXB/USDT: listado há 82d (< 90d mínimo)
  Ignorando MSTRB/USDT: listado há 71d (< 90d mínimo)
Mercados após filtro de idade: 45

Analisando mercados...
----------------------------------------------------------------------
[01/45] USDC/USDT
  Buscando OHLCV (tentativa 1/3)...
  ✓ 240 candles fechados
  Preço:                     1.00028000
  RSI:                       58.19
  EMA20:                     1.00022008
  EMA50:                     1.00016150
  Momentum 4h:               +0.01%
  Volume relativo:           0.51x
  ATR:                       0.01%

  COMPONENTES DO SCORE
  -------------------------------------------------------------
  RSI:                20/20
  Tendência 1h:       25/25
  Tendência 4h:       20/20
  Momentum:             7/15
  Volume:               4/15
  -------------------------------------------------------------
  SCORE:               76/100
  Classificação:     MUITO FORTE
  Sinal:             COMPRA
  Confiança:          71%
  ✓ Concluído em 0.30s
[02/45] BTC/USDT
  Buscando OHLCV (tentativa 1/3)...
  ✓ 240 candles fechados
  Preço:                     78098.97000000
  RSI:                       43.67
  EMA20:                     78425.49183023
  EMA50:                     78425.97188997
  Momentum 4h:               -0.68%
  Volume relativo:           0.62x
  ATR:                       0.50%

  COMPONENTES DO SCORE
  -------------------------------------------------------------
  RSI:                15/20
  Tendência 1h:        0/25
  Tendência 4h:        0/20
  Momentum:             3/15
  Volume:               4/15
  -------------------------------------------------------------
  SCORE:               22/100
  Classificação:     FRACO
  Sinal:             SEM SINAL
  Confiança:           0%
  Riscos:            MOMENTUM_NEGATIVO
  ✓ Concluído em 0.58s
[03/45] ETH/USDT
  Buscando OHLCV (tentativa 1/3)...
  ✓ 240 candles fechados
  Preço:                     2459.18000000
  RSI:                       47.89
  EMA20:                     2463.74655480
  EMA50:                     2462.11126617
  Momentum 4h:               -0.55%
  Volume relativo:           0.72x
  ATR:                       0.58%

  COMPONENTES DO SCORE
  -------------------------------------------------------------
  RSI:                19/20
  Tendência 1h:        0/25
  Tendência 4h:        7/20
  Momentum:             3/15
  Volume:               4/15
  -------------------------------------------------------------
  SCORE:               33/100
  Classificação:     FRACO
  Sinal:             SEM SINAL
  Confiança:           1%
  Riscos:            MOMENTUM_NEGATIVO
  ✓ Concluído em 0.83s
[04/45] USD1/USDT
  Buscando OHLCV (tentativa 1/3)...
  ✓ 240 candles fechados
  Preço:                     0.99979000
  RSI:                       48.64
  EMA20:                     0.99980751
  EMA50:                     0.99979498
  Momentum 4h:               -0.01%
  Volume relativo:           1.29x
  ATR:                       0.01%

  COMPONENTES DO SCORE
  -------------------------------------------------------------
  RSI:                19/20
  Tendência 1h:        0/25
  Tendência 4h:        0/20
  Momentum:             3/15
  Volume:               9/15
  -------------------------------------------------------------
  SCORE:               31/100
  Classificação:     FRACO
  Sinal:             SEM SINAL
  Confiança:           0%
  Riscos:            MOMENTUM_NEGATIVO
  ✓ Concluído em 0.83s
[05/45] SOL/USDT
  Buscando OHLCV (tentativa 1/3)...
  ✓ 240 candles fechados
  Preço:                     102.29000000
  RSI:                       41.75
  EMA20:                     103.04212439
  EMA50:                     103.48212569
  Momentum 4h:               -0.83%
  Volume relativo:           1.38x
  ATR:                       0.71%

  COMPONENTES DO SCORE
  -------------------------------------------------------------
  RSI:                15/20
  Tendência 1h:        0/25
  Tendência 4h:        7/20
  Momentum:             3/15
  Volume:               9/15
  -------------------------------------------------------------
  SCORE:               34/100
  Classificação:     FRACO
  Sinal:             SEM SINAL
  Confiança:           5%
  Riscos:            MOMENTUM_NEGATIVO
  ✓ Concluído em 0.31s
[06/45] ZEC/USDT
  Buscando OHLCV (tentativa 1/3)...
  ✓ 240 candles fechados
  Preço:                     858.03000000
  RSI:                       55.60
  EMA20:                     849.67469719
  EMA50:                     843.46128786
  Momentum 4h:               +0.66%
  Volume relativo:           2.27x
  ATR:                       1.37%

  COMPONENTES DO SCORE
  -------------------------------------------------------------
  RSI:                20/20
  Tendência 1h:       25/25
  Tendência 4h:       20/20
  Momentum:            10/15
  Volume:              15/15
  -------------------------------------------------------------
  SCORE:               90/100
  Classificação:     EXCEPCIONAL
  Sinal:             COMPRA FORTE
  Confiança:          95%
  ✓ Concluído em 0.83s
[07/45] XRP/USDT
  Buscando OHLCV (tentativa 1/3)...
  ✓ 240 candles fechados
  Preço:                     1.38210000
  RSI:                       51.72
  EMA20:                     1.37867646
  EMA50:                     1.38168422
  Momentum 4h:               +0.16%
  Volume relativo:           1.18x
  ATR:                       0.85%

  COMPONENTES DO SCORE
  -------------------------------------------------------------
  RSI:                20/20
  Tendência 1h:       15/25
  Tendência 4h:        0/20
  Momentum:             7/15
  Volume:               9/15
  -------------------------------------------------------------
  SCORE:               51/100
  Classificação:     MODERADO
  Sinal:             SEM SINAL
  Confiança:          34%
  ✓ Concluído em 0.83s
[08/45] ENSO/USDT
  Buscando OHLCV (tentativa 1/3)...
  ✓ 240 candles fechados
  Preço:                     0.86600000
  RSI:                       41.36
  EMA20:                     0.89043460
  EMA50:                     0.88678483
  Momentum 4h:               -4.63%
  Volume relativo:           0.26x
  ATR:                       2.22%

  COMPONENTES DO SCORE
  -------------------------------------------------------------
  RSI:                15/20
  Tendência 1h:        0/25
  Tendência 4h:        0/20
  Momentum:             0/15
  Volume:               0/15
  -------------------------------------------------------------
  SCORE:               15/100
  Classificação:     MUITO FRACO
  Sinal:             SEM SINAL
  Confiança:           0%
  Riscos:            MOMENTUM_NEGATIVO, VOLUME_BAIXO
  ✓ Concluído em 0.32s
[09/45] RLUSD/USDT
  Buscando OHLCV (tentativa 1/3)...
  ✓ 240 candles fechados
  Preço:                     1.00050000
  RSI:                       58.72
  EMA20:                     1.00041033
  EMA50:                     1.00039315
  Momentum 4h:               +0.01%
  Volume relativo:           1.52x
  ATR:                       0.01%

  COMPONENTES DO SCORE
  -------------------------------------------------------------
  RSI:                20/20
  Tendência 1h:       25/25
  Tendência 4h:       20/20
  Momentum:             7/15
  Volume:              12/15
  -------------------------------------------------------------
  SCORE:               84/100
  Classificação:     MUITO FORTE
  Sinal:             COMPRA FORTE
  Confiança:          84%
  ✓ Concluído em 0.32s
[10/45] UNI/USDT
  Buscando OHLCV (tentativa 1/3)...
  ✓ 240 candles fechados
  Preço:                     5.89900000
  RSI:                       77.24
  EMA20:                     5.49016835
  EMA50:                     5.25931961
  Momentum 4h:               +1.53%
  Volume relativo:           2.99x
  ATR:                       2.57%

  COMPONENTES DO SCORE
  -------------------------------------------------------------
  RSI:                 3/20
  Tendência 1h:       25/25
  Tendência 4h:       20/20
  Momentum:            13/15
  Volume:              15/15
  -------------------------------------------------------------
  SCORE:               76/100
  Classificação:     MUITO FORTE
  Sinal:             COMPRA
  Confiança:          81%
  Riscos:            RSI_SOBRECOMPRADO
  ✓ Concluído em 0.32s
[11/45] ARB/USDT
  Buscando OHLCV (tentativa 1/3)...
  ✓ 240 candles fechados
  Preço:                     0.11330000
  RSI:                       67.58
  EMA20:                     0.10659652
  EMA50:                     0.09882162
  Momentum 4h:               +0.35%
  Volume relativo:           1.34x
  ATR:                       4.29%

  COMPONENTES DO SCORE
  -------------------------------------------------------------
  RSI:                20/20
  Tendência 1h:       25/25
  Tendência 4h:       20/20
  Momentum:             7/15
  Volume:               9/15
  -------------------------------------------------------------
  SCORE:               81/100
  Classificação:     MUITO FORTE
  Sinal:             COMPRA FORTE
  Confiança:          80%
  ✓ Concluído em 0.32s
[12/45] BNB/USDT
  Buscando OHLCV (tentativa 1/3)...
  ✓ 240 candles fechados
  Preço:                     687.35000000
  RSI:                       42.91
  EMA20:                     689.78233470
  EMA50:                     690.90419424
  Momentum 4h:               -0.45%
  Volume relativo:           1.00x
  ATR:                       0.39%

  COMPONENTES DO SCORE
  -------------------------------------------------------------
  RSI:                15/20
  Tendência 1h:        0/25
  Tendência 4h:        0/20
  Momentum:             3/15
  Volume:               4/15
  -------------------------------------------------------------
  SCORE:               22/100
  Classificação:     FRACO
  Sinal:             SEM SINAL
  Confiança:           0%
  Riscos:            MOMENTUM_NEGATIVO
  ✓ Concluído em 0.32s
[13/45] DOGE/USDT
  Buscando OHLCV (tentativa 1/3)...
  ✓ 240 candles fechados
  Preço:                     0.08320000
  RSI:                       50.89
  EMA20:                     0.08305325
  EMA50:                     0.08349586
  Momentum 4h:               -0.20%
  Volume relativo:           1.03x
  ATR:                       0.73%

  COMPONENTES DO SCORE
  -------------------------------------------------------------
  RSI:                20/20
  Tendência 1h:       15/25
  Tendência 4h:        0/20
  Momentum:             3/15
  Volume:               9/15
  -------------------------------------------------------------
  SCORE:               47/100
  Classificação:     MODERADO
  Sinal:             SEM SINAL
  Confiança:          16%
  Riscos:            MOMENTUM_NEGATIVO
  ✓ Concluído em 0.32s
[14/45] U/USDT
  Buscando OHLCV (tentativa 1/3)...
  ✓ 240 candles fechados
  Preço:                     0.99940000
  RSI:                       40.18
  EMA20:                     0.99959410
  EMA50:                     0.99961536
  Momentum 4h:               +0.00%
  Volume relativo:           0.86x
  ATR:                       0.01%

  COMPONENTES DO SCORE
  -------------------------------------------------------------
  RSI:                15/20
  Tendência 1h:        0/25
  Tendência 4h:        0/20
  Momentum:             7/15
  Volume:               4/15
  -------------------------------------------------------------
  SCORE:               26/100
  Classificação:     FRACO
  Sinal:             SEM SINAL
  Confiança:           6%
  ✓ Concluído em 0.32s
[15/45] LINK/USDT
  Buscando OHLCV (tentativa 1/3)...
  ✓ 240 candles fechados
  Preço:                     11.46700000
  RSI:                       56.16
  EMA20:                     11.39701580
  EMA50:                     11.38850015
  Momentum 4h:               -0.06%
  Volume relativo:           0.38x
  ATR:                       0.89%

  COMPONENTES DO SCORE
  -------------------------------------------------------------
  RSI:                20/20
  Tendência 1h:       25/25
  Tendência 4h:       14/20
  Momentum:             3/15
  Volume:               0/15
  -------------------------------------------------------------
  SCORE:               62/100
  Classificação:     FORTE
  Sinal:             SEM SINAL
  Confiança:          34%
  Riscos:            MOMENTUM_NEGATIVO, VOLUME_BAIXO
  ✓ Concluído em 0.32s
[16/45] TRX/USDT
  Buscando OHLCV (tentativa 1/3)...
  ✓ 240 candles fechados
  Preço:                     0.32890000
  RSI:                       21.33
  EMA20:                     0.33177881
  EMA50:                     0.33429849
  Momentum 4h:               -0.87%
  Volume relativo:           2.36x
  ATR:                       0.23%

  COMPONENTES DO SCORE
  -------------------------------------------------------------
  RSI:                 7/20
  Tendência 1h:        0/25
  Tendência 4h:        0/20
  Momentum:             3/15
  Volume:              15/15
  -------------------------------------------------------------
  SCORE:               25/100
  Classificação:     FRACO
  Sinal:             SEM SINAL
  Confiança:           5%
  Riscos:            MOMENTUM_NEGATIVO
  ✓ Concluído em 0.32s
[17/45] NEAR/USDT
  Buscando OHLCV (tentativa 1/3)...
  ✓ 240 candles fechados
  Preço:                     1.98000000
  RSI:                       63.43
  EMA20:                     1.92869838
  EMA50:                     1.89900141
  Momentum 4h:               +2.06%
  Volume relativo:           1.52x
  ATR:                       1.77%

  COMPONENTES DO SCORE
  -------------------------------------------------------------
  RSI:                20/20
  Tendência 1h:       25/25
  Tendência 4h:       20/20
  Momentum:            15/15
  Volume:              12/15
  -------------------------------------------------------------
  SCORE:               92/100
  Classificação:     EXCEPCIONAL
  Sinal:             COMPRA FORTE
  Confiança:          97%
  ✓ Concluído em 0.32s
[18/45] SUI/USDT
  Buscando OHLCV (tentativa 1/3)...
  ✓ 240 candles fechados
  Preço:                     0.73080000
  RSI:                       52.58
  EMA20:                     0.72781999
  EMA50:                     0.73073643
  Momentum 4h:               +0.10%
  Volume relativo:           1.10x
  ATR:                       1.04%

  COMPONENTES DO SCORE
  -------------------------------------------------------------
  RSI:                20/20
  Tendência 1h:       15/25
  Tendência 4h:        0/20
  Momentum:             7/15
  Volume:               9/15
  -------------------------------------------------------------
  SCORE:               51/100
  Classificação:     MODERADO
  Sinal:             SEM SINAL
  Confiança:          34%
  ✓ Concluído em 0.32s
[19/45] ENA/USDT
  Buscando OHLCV (tentativa 1/3)...
  ✓ 240 candles fechados
  Preço:                     0.16550000
  RSI:                       72.63
  EMA20:                     0.15274637
  EMA50:                     0.15314427
  Momentum 4h:               +8.60%
  Volume relativo:           3.94x
  ATR:                       2.08%

  COMPONENTES DO SCORE
  -------------------------------------------------------------
  RSI:                15/20
  Tendência 1h:       15/25
  Tendência 4h:       14/20
  Momentum:            15/15
  Volume:              15/15
  -------------------------------------------------------------
  SCORE:               74/100
  Classificação:     FORTE
  Sinal:             COMPRA
  Confiança:          76%
  ✓ Concluído em 0.33s
[20/45] DASH/USDT
  Buscando OHLCV (tentativa 1/3)...
  ✓ 240 candles fechados
  Preço:                     45.93000000
  RSI:                       56.15
  EMA20:                     45.36339293
  EMA50:                     44.02440492
  Momentum 4h:               -1.96%
  Volume relativo:           0.32x
  ATR:                       2.06%

  COMPONENTES DO SCORE
  -------------------------------------------------------------
  RSI:                20/20
  Tendência 1h:       25/25
  Tendência 4h:       20/20
  Momentum:             0/15
  Volume:               0/15
  -------------------------------------------------------------
  SCORE:               65/100
  Classificação:     FORTE
  Sinal:             COMPRA
  Confiança:          40%
  Riscos:            MOMENTUM_NEGATIVO, VOLUME_BAIXO
  ✓ Concluído em 0.85s
[21/45] 0G/USDT
  Buscando OHLCV (tentativa 1/3)...
  ✓ 240 candles fechados
  Preço:                     0.21400000
  RSI:                       46.02
  EMA20:                     0.22609300
  EMA50:                     0.20860844
  Momentum 4h:               -12.08%
  Volume relativo:           0.50x
  ATR:                       7.47%

  COMPONENTES DO SCORE
  -------------------------------------------------------------
  RSI:                19/20
  Tendência 1h:       15/25
  Tendência 4h:       20/20
  Momentum:             0/15
  Volume:               0/15
  -------------------------------------------------------------
  SCORE:               54/100
  Classificação:     MODERADO
  Sinal:             SEM SINAL
  Confiança:          18%
  Riscos:            MOMENTUM_NEGATIVO, VOLATILIDADE_ALTA, VOLUME_BAIXO
  ✓ Concluído em 0.31s
[22/45] PEPE/USDT
  Buscando OHLCV (tentativa 1/3)...
  ✓ 240 candles fechados
  Preço:                     0.00000351
  RSI:                       45.15
  EMA20:                     0.00000353
  EMA50:                     0.00000357
  Momentum 4h:               -0.85%
  Volume relativo:           1.13x
  ATR:                       1.24%

  COMPONENTES DO SCORE
  -------------------------------------------------------------
  RSI:                19/20
  Tendência 1h:        0/25
  Tendência 4h:        0/20
  Momentum:             3/15
  Volume:               9/15
  -------------------------------------------------------------
  SCORE:               31/100
  Classificação:     FRACO
  Sinal:             SEM SINAL
  Confiança:           0%
  Riscos:            MOMENTUM_NEGATIVO
  ✓ Concluído em 0.32s
[23/45] PUMP/USDT
  Buscando OHLCV (tentativa 1/3)...
  ✓ 240 candles fechados
  Preço:                     0.00442800
  RSI:                       47.17
  EMA20:                     0.00444950
  EMA50:                     0.00450636
  Momentum 4h:               -1.45%
  Volume relativo:           0.86x
  ATR:                       2.01%

  COMPONENTES DO SCORE
  -------------------------------------------------------------
  RSI:                19/20
  Tendência 1h:        0/25
  Tendência 4h:        0/20
  Momentum:             0/15
  Volume:               4/15
  -------------------------------------------------------------
  SCORE:               23/100
  Classificação:     FRACO
  Sinal:             SEM SINAL
  Confiança:           0%
  Riscos:            MOMENTUM_NEGATIVO
  ✓ Concluído em 0.84s
[24/45] TRUMP/USDT
  Buscando OHLCV (tentativa 1/3)...
  ✓ 240 candles fechados
  Preço:                     2.39600000
  RSI:                       48.56
  EMA20:                     2.39446140
  EMA50:                     2.44018697
  Momentum 4h:               +1.57%
  Volume relativo:           0.71x
  ATR:                       1.60%

  COMPONENTES DO SCORE
  -------------------------------------------------------------
  RSI:                19/20
  Tendência 1h:       15/25
  Tendência 4h:        0/20
  Momentum:            13/15
  Volume:               4/15
  -------------------------------------------------------------
  SCORE:               51/100
  Classificação:     MODERADO
  Sinal:             SEM SINAL
  Confiança:          36%
  ✓ Concluído em 0.32s
[25/45] XAUT/USDT
  Buscando OHLCV (tentativa 1/3)...
  ✓ 240 candles fechados
  Preço:                     4372.93000000
  RSI:                       31.89
  EMA20:                     4411.59944944
  EMA50:                     4431.45640537
  Momentum 4h:               -0.94%
  Volume relativo:           0.63x
  ATR:                       0.37%

  COMPONENTES DO SCORE
  -------------------------------------------------------------
  RSI:                11/20
  Tendência 1h:        0/25
  Tendência 4h:        0/20
  Momentum:             3/15
  Volume:               4/15
  -------------------------------------------------------------
  SCORE:               18/100
  Classificação:     MUITO FRACO
  Sinal:             SEM SINAL
  Confiança:           0%
  Riscos:            MOMENTUM_NEGATIVO
  ✓ Concluído em 0.33s
[26/45] HEMI/USDT
  Buscando OHLCV (tentativa 1/3)...
  ✓ 240 candles fechados
  Preço:                     0.01609000
  RSI:                       58.44
  EMA20:                     0.01536216
  EMA50:                     0.01455029
  Momentum 4h:               +3.87%
  Volume relativo:           1.19x
  ATR:                       4.95%

  COMPONENTES DO SCORE
  -------------------------------------------------------------
  RSI:                20/20
  Tendência 1h:       25/25
  Tendência 4h:       20/20
  Momentum:            15/15
  Volume:               9/15
  -------------------------------------------------------------
  SCORE:               89/100
  Classificação:     MUITO FORTE
  Sinal:             COMPRA FORTE
  Confiança:          88%
  ✓ Concluído em 0.32s
[27/45] ADA/USDT
  Buscando OHLCV (tentativa 1/3)...
  ✓ 240 candles fechados
  Preço:                     0.19970000
  RSI:                       52.50
  EMA20:                     0.19904011
  EMA50:                     0.19925466
  Momentum 4h:               -0.45%
  Volume relativo:           0.96x
  ATR:                       1.05%

  COMPONENTES DO SCORE
  -------------------------------------------------------------
  RSI:                20/20
  Tendência 1h:       15/25
  Tendência 4h:        0/20
  Momentum:             3/15
  Volume:               4/15
  -------------------------------------------------------------
  SCORE:               42/100
  Classificação:     NEUTRO
  Sinal:             SEM SINAL
  Confiança:          12%
  Riscos:            MOMENTUM_NEGATIVO
  ✓ Concluído em 0.32s
[28/45] FDUSD/USDT
  Buscando OHLCV (tentativa 1/3)...
  ✓ 240 candles fechados
  Preço:                     0.99910000
  RSI:                       60.96
  EMA20:                     0.99885234
  EMA50:                     0.99876882
  Momentum 4h:               +0.01%
  Volume relativo:           0.59x
  ATR:                       0.03%

  COMPONENTES DO SCORE
  -------------------------------------------------------------
  RSI:                20/20
  Tendência 1h:       25/25
  Tendência 4h:       14/20
  Momentum:             7/15
  Volume:               4/15
  -------------------------------------------------------------
  SCORE:               70/100
  Classificação:     FORTE
  Sinal:             COMPRA
  Confiança:          65%
  ✓ Concluído em 0.32s
[29/45] CRV/USDT
  Buscando OHLCV (tentativa 1/3)...
  ✓ 240 candles fechados
  Preço:                     0.36900000
  RSI:                       80.76
  EMA20:                     0.34445722
  EMA50:                     0.32807439
  Momentum 4h:               +4.89%
  Volume relativo:           4.63x
  ATR:                       2.28%

  COMPONENTES DO SCORE
  -------------------------------------------------------------
  RSI:                 3/20
  Tendência 1h:       25/25
  Tendência 4h:       20/20
  Momentum:            15/15
  Volume:              15/15
  -------------------------------------------------------------
  SCORE:               78/100
  Classificação:     MUITO FORTE
  Sinal:             COMPRA
  Confiança:          83%
  Riscos:            RSI_SOBRECOMPRADO
  ✓ Concluído em 0.32s
[30/45] WLD/USDT
  Buscando OHLCV (tentativa 1/3)...
  ✓ 240 candles fechados
  Preço:                     0.37250000
  RSI:                       57.67
  EMA20:                     0.36660351
  EMA50:                     0.36851823
  Momentum 4h:               +0.81%
  Volume relativo:           1.28x
  ATR:                       1.45%

  COMPONENTES DO SCORE
  -------------------------------------------------------------
  RSI:                20/20
  Tendência 1h:       15/25
  Tendência 4h:       14/20
  Momentum:            10/15
  Volume:               9/15
  -------------------------------------------------------------
  SCORE:               68/100
  Classificação:     FORTE
  Sinal:             COMPRA
  Confiança:          57%
  ✓ Concluído em 0.32s
[31/45] TUT/USDT
  Buscando OHLCV (tentativa 1/3)...
  ✓ 240 candles fechados
  Preço:                     0.03162000
  RSI:                       50.09
  EMA20:                     0.03128962
  EMA50:                     0.03301046
  Momentum 4h:               +4.95%
  Volume relativo:           1.38x
  ATR:                       4.35%

  COMPONENTES DO SCORE
  -------------------------------------------------------------
  RSI:                20/20
  Tendência 1h:       15/25
  Tendência 4h:        0/20
  Momentum:            15/15
  Volume:               9/15
  -------------------------------------------------------------
  SCORE:               59/100
  Classificação:     MODERADO
  Sinal:             SEM SINAL
  Confiança:          42%
  ✓ Concluído em 0.32s
[32/45] AAVE/USDT
  Buscando OHLCV (tentativa 1/3)...
  ✓ 240 candles fechados
  Preço:                     128.30000000
  RSI:                       63.56
  EMA20:                     125.55128502
  EMA50:                     124.94652639
  Momentum 4h:               +0.99%
  Volume relativo:           1.00x
  ATR:                       1.19%

  COMPONENTES DO SCORE
  -------------------------------------------------------------
  RSI:                20/20
  Tendência 1h:       25/25
  Tendência 4h:       14/20
  Momentum:            10/15
  Volume:               9/15
  -------------------------------------------------------------
  SCORE:               78/100
  Classificação:     MUITO FORTE
  Sinal:             COMPRA
  Confiança:          72%
  ✓ Concluído em 0.33s
[33/45] OP/USDT
  Buscando OHLCV (tentativa 1/3)...
  ✓ 240 candles fechados
  Preço:                     0.09850000
  RSI:                       70.50
  EMA20:                     0.09423066
  EMA50:                     0.09176528
  Momentum 4h:               +1.76%
  Volume relativo:           0.84x
  ATR:                       2.63%

  COMPONENTES DO SCORE
  -------------------------------------------------------------
  RSI:                15/20
  Tendência 1h:       25/25
  Tendência 4h:       14/20
  Momentum:            13/15
  Volume:               4/15
  -------------------------------------------------------------
  SCORE:               71/100
  Classificação:     FORTE
  Sinal:             COMPRA
  Confiança:          71%
  ✓ Concluído em 0.32s
[34/45] POL/USDT
  Buscando OHLCV (tentativa 1/3)...
  ✓ 240 candles fechados
  Preço:                     0.09325000
  RSI:                       54.30
  EMA20:                     0.09209180
  EMA50:                     0.09461168
  Momentum 4h:               +1.59%
  Volume relativo:           0.57x
  ATR:                       1.44%

  COMPONENTES DO SCORE
  -------------------------------------------------------------
  RSI:                20/20
  Tendência 1h:       15/25
  Tendência 4h:        0/20
  Momentum:            13/15
  Volume:               4/15
  -------------------------------------------------------------
  SCORE:               52/100
  Classificação:     MODERADO
  Sinal:             SEM SINAL
  Confiança:          36%
  ✓ Concluído em 0.32s
[35/45] ONG/USDT
  Buscando OHLCV (tentativa 1/3)...
  ✓ 240 candles fechados
  Preço:                     0.11526000
  RSI:                       62.44
  EMA20:                     0.10347221
  EMA50:                     0.10339610
  Momentum 4h:               +5.70%
  Volume relativo:           2.49x
  ATR:                       6.82%

  COMPONENTES DO SCORE
  -------------------------------------------------------------
  RSI:                20/20
  Tendência 1h:       25/25
  Tendência 4h:       20/20
  Momentum:            15/15
  Volume:              15/15
  -------------------------------------------------------------
  SCORE:               95/100
  Classificação:     EXCEPCIONAL
  Sinal:             COMPRA FORTE
  Confiança:          92%
  Riscos:            VOLATILIDADE_ALTA
  ✓ Concluído em 0.30s
[36/45] LTC/USDT
  Buscando OHLCV (tentativa 1/3)...
  ✓ 240 candles fechados
  Preço:                     49.09000000
  RSI:                       55.92
  EMA20:                     48.78356531
  EMA50:                     48.82619067
  Momentum 4h:               +0.39%
  Volume relativo:           1.58x
  ATR:                       0.63%

  COMPONENTES DO SCORE
  -------------------------------------------------------------
  RSI:                20/20
  Tendência 1h:       15/25
  Tendência 4h:       14/20
  Momentum:             7/15
  Volume:              12/15
  -------------------------------------------------------------
  SCORE:               68/100
  Classificação:     FORTE
  Sinal:             COMPRA
  Confiança:          58%
  ✓ Concluído em 0.32s
[37/45] PAXG/USDT
  Buscando OHLCV (tentativa 1/3)...
  ✓ 240 candles fechados
  Preço:                     4381.52000000
  RSI:                       32.29
  EMA20:                     4419.82186658
  EMA50:                     4439.43179443
  Momentum 4h:               -0.91%
  Volume relativo:           1.19x
  ATR:                       0.39%

  COMPONENTES DO SCORE
  -------------------------------------------------------------
  RSI:                11/20
  Tendência 1h:        0/25
  Tendência 4h:        0/20
  Momentum:             3/15
  Volume:               9/15
  -------------------------------------------------------------
  SCORE:               23/100
  Classificação:     FRACO
  Sinal:             SEM SINAL
  Confiança:           0%
  Riscos:            MOMENTUM_NEGATIVO
  ✓ Concluído em 0.32s
[38/45] EUR/USDT
  Buscando OHLCV (tentativa 1/3)...
  ✓ 240 candles fechados
  Preço:                     1.15980000
  RSI:                       42.50
  EMA20:                     1.16044738
  EMA50:                     1.16012253
  Momentum 4h:               +0.00%
  Volume relativo:           0.40x
  ATR:                       0.06%

  COMPONENTES DO SCORE
  -------------------------------------------------------------
  RSI:                15/20
  Tendência 1h:        0/25
  Tendência 4h:        0/20
  Momentum:             7/15
  Volume:               0/15
  -------------------------------------------------------------
  SCORE:               22/100
  Classificação:     FRACO
  Sinal:             SEM SINAL
  Confiança:           0%
  Riscos:            VOLUME_BAIXO
  ✓ Concluído em 0.31s
[39/45] PROM/USDT
  Buscando OHLCV (tentativa 1/3)...
  ✓ 240 candles fechados
  Preço:                     5.44600000
  RSI:                       44.01
  EMA20:                     5.53502233
  EMA50:                     5.79575529
  Momentum 4h:               +0.98%
  Volume relativo:           0.50x
  ATR:                       3.96%

  COMPONENTES DO SCORE
  -------------------------------------------------------------
  RSI:                15/20
  Tendência 1h:        0/25
  Tendência 4h:        7/20
  Momentum:            10/15
  Volume:               4/15
  -------------------------------------------------------------
  SCORE:               36/100
  Classificação:     NEUTRO
  Sinal:             SEM SINAL
  Confiança:          16%
  ✓ Concluído em 0.31s
[40/45] TAO/USDT
  Buscando OHLCV (tentativa 1/3)...
  ✓ 240 candles fechados
  Preço:                     226.90000000
  RSI:                       42.80
  EMA20:                     228.78460811
  EMA50:                     230.77301257
  Momentum 4h:               -0.74%
  Volume relativo:           1.01x
  ATR:                       1.01%

  COMPONENTES DO SCORE
  -------------------------------------------------------------
  RSI:                15/20
  Tendência 1h:        0/25
  Tendência 4h:        0/20
  Momentum:             3/15
  Volume:               9/15
  -------------------------------------------------------------
  SCORE:               27/100
  Classificação:     FRACO
  Sinal:             SEM SINAL
  Confiança:           0%
  Riscos:            MOMENTUM_NEGATIVO
  ✓ Concluído em 0.32s
[41/45] XLM/USDT
  Buscando OHLCV (tentativa 1/3)...
  ✓ 240 candles fechados
  Preço:                     0.17860000
  RSI:                       54.33
  EMA20:                     0.17751537
  EMA50:                     0.17789628
  Momentum 4h:               +0.45%
  Volume relativo:           1.14x
  ATR:                       0.85%

  COMPONENTES DO SCORE
  -------------------------------------------------------------
  RSI:                20/20
  Tendência 1h:       15/25
  Tendência 4h:        0/20
  Momentum:             7/15
  Volume:               9/15
  -------------------------------------------------------------
  SCORE:               51/100
  Classificação:     MODERADO
  Sinal:             SEM SINAL
  Confiança:          34%
  ✓ Concluído em 0.32s
[42/45] AVAX/USDT
  Buscando OHLCV (tentativa 1/3)...
  ✓ 240 candles fechados
  Preço:                     7.28200000
  RSI:                       53.38
  EMA20:                     7.26020921
  EMA50:                     7.26501267
  Momentum 4h:               -0.48%
  Volume relativo:           2.20x
  ATR:                       0.75%

  COMPONENTES DO SCORE
  -------------------------------------------------------------
  RSI:                20/20
  Tendência 1h:       15/25
  Tendência 4h:       14/20
  Momentum:             3/15
  Volume:              15/15
  -------------------------------------------------------------
  SCORE:               67/100
  Classificação:     FORTE
  Sinal:             COMPRA
  Confiança:          49%
  Riscos:            MOMENTUM_NEGATIVO
  ✓ Concluído em 0.31s
[43/45] XPL/USDT
  Buscando OHLCV (tentativa 1/3)...
  ✓ 240 candles fechados
  Preço:                     0.08296000
  RSI:                       42.36
  EMA20:                     0.08383436
  EMA50:                     0.08512191
  Momentum 4h:               -0.80%
  Volume relativo:           1.92x
  ATR:                       1.52%

  COMPONENTES DO SCORE
  -------------------------------------------------------------
  RSI:                15/20
  Tendência 1h:        0/25
  Tendência 4h:        0/20
  Momentum:             3/15
  Volume:              12/15
  -------------------------------------------------------------
  SCORE:               30/100
  Classificação:     FRACO
  Sinal:             SEM SINAL
  Confiança:           2%
  Riscos:            MOMENTUM_NEGATIVO
  ✓ Concluído em 0.32s
[44/45] BMT/USDT
  Buscando OHLCV (tentativa 1/3)...
  ✓ 240 candles fechados
  Preço:                     0.02048000
  RSI:                       50.02
  EMA20:                     0.02039525
  EMA50:                     0.02082356
  Momentum 4h:               -1.01%
  Volume relativo:           1.21x
  ATR:                       1.72%

  COMPONENTES DO SCORE
  -------------------------------------------------------------
  RSI:                20/20
  Tendência 1h:       15/25
  Tendência 4h:        0/20
  Momentum:             0/15
  Volume:               9/15
  -------------------------------------------------------------
  SCORE:               44/100
  Classificação:     NEUTRO
  Sinal:             SEM SINAL
  Confiança:          16%
  Riscos:            MOMENTUM_NEGATIVO
  ✓ Concluído em 0.32s
[45/45] ZRO/USDT
  Buscando OHLCV (tentativa 1/3)...
  ✓ 240 candles fechados
  Preço:                     1.01900000
  RSI:                       45.57
  EMA20:                     1.02429708
  EMA50:                     1.04328284
  Momentum 4h:               +0.39%
  Volume relativo:           0.22x
  ATR:                       1.64%

  COMPONENTES DO SCORE
  -------------------------------------------------------------
  RSI:                19/20
  Tendência 1h:        0/25
  Tendência 4h:        0/20
  Momentum:             7/15
  Volume:               0/15
  -------------------------------------------------------------
  SCORE:               26/100
  Classificação:     FRACO
  Sinal:             SEM SINAL
  Confiança:           0%
  Riscos:            VOLUME_BAIXO
  ✓ Concluído em 0.32s

========================================================================================================================
                                        RANKING DETALHADO V3
========================================================================================================================
 # MERCADO         SCORE RSI T1H T4H  MOM  VOL   ATR  RVOL  CONF CLASSIFICAÇÃO
------------------------------------------------------------------------------------------------------------------------
 1 ONG/USDT            95  20  25  20   15   15  6.82  2.49    92 EXCEPCIONAL
 2 NEAR/USDT           92  20  25  20   15   12  1.77  1.52    97 EXCEPCIONAL
 3 ZEC/USDT            90  20  25  20   10   15  1.37  2.27    95 EXCEPCIONAL
 4 HEMI/USDT           89  20  25  20   15    9  4.95  1.19    88 MUITO FORTE
 5 RLUSD/USDT          84  20  25  20    7   12  0.01  1.52    84 MUITO FORTE
 6 ARB/USDT            81  20  25  20    7    9  4.29  1.34    80 MUITO FORTE
 7 CRV/USDT            78   3  25  20   15   15  2.28  4.63    83 MUITO FORTE
 8 AAVE/USDT           78  20  25  14   10    9  1.19  1.00    72 MUITO FORTE
 9 UNI/USDT            76   3  25  20   13   15  2.57  2.99    81 MUITO FORTE
10 USDC/USDT           76  20  25  20    7    4  0.01  0.51    71 MUITO FORTE
11 ENA/USDT            74  15  15  14   15   15  2.08  3.94    76 FORTE
12 OP/USDT             71  15  25  14   13    4  2.63  0.84    71 FORTE
13 FDUSD/USDT          70  20  25  14    7    4  0.03  0.59    65 FORTE
14 LTC/USDT            68  20  15  14    7   12  0.63  1.58    58 FORTE
15 WLD/USDT            68  20  15  14   10    9  1.45  1.28    57 FORTE
16 AVAX/USDT           67  20  15  14    3   15  0.75  2.20    49 FORTE
17 DASH/USDT           65  20  25  20    0    0  2.06  0.32    40 FORTE
18 LINK/USDT           62  20  25  14    3    0  0.89  0.38    34 FORTE
19 TUT/USDT            59  20  15   0   15    9  4.35  1.38    42 MODERADO
20 0G/USDT             54  19  15  20    0    0  7.47  0.50    18 MODERADO
21 POL/USDT            52  20  15   0   13    4  1.44  0.57    36 MODERADO
22 TRUMP/USDT          51  19  15   0   13    4  1.60  0.71    36 MODERADO
23 XRP/USDT            51  20  15   0    7    9  0.85  1.18    34 MODERADO
24 XLM/USDT            51  20  15   0    7    9  0.85  1.14    34 MODERADO
25 SUI/USDT            51  20  15   0    7    9  1.04  1.10    34 MODERADO
26 DOGE/USDT           47  20  15   0    3    9  0.73  1.03    16 MODERADO
27 BMT/USDT            44  20  15   0    0    9  1.72  1.21    16 NEUTRO
28 ADA/USDT            42  20  15   0    3    4  1.05  0.96    12 NEUTRO
29 PROM/USDT           36  15   0   7   10    4  3.96  0.50    16 NEUTRO
30 SOL/USDT            34  15   0   7    3    9  0.71  1.38     5 FRACO
31 ETH/USDT            33  19   0   7    3    4  0.58  0.72     1 FRACO
32 USD1/USDT           31  19   0   0    3    9  0.01  1.29     0 FRACO
33 PEPE/USDT           31  19   0   0    3    9  1.24  1.13     0 FRACO
34 XPL/USDT            30  15   0   0    3   12  1.52  1.92     2 FRACO
35 TAO/USDT            27  15   0   0    3    9  1.01  1.01     0 FRACO
36 U/USDT              26  15   0   0    7    4  0.01  0.86     6 FRACO
37 ZRO/USDT            26  19   0   0    7    0  1.64  0.22     0 FRACO
38 TRX/USDT            25   7   0   0    3   15  0.23  2.36     5 FRACO
39 PAXG/USDT           23  11   0   0    3    9  0.39  1.19     0 FRACO
40 PUMP/USDT           23  19   0   0    0    4  2.01  0.86     0 FRACO
41 BNB/USDT            22  15   0   0    3    4  0.39  1.00     0 FRACO
42 BTC/USDT            22  15   0   0    3    4  0.50  0.62     0 FRACO
43 EUR/USDT            22  15   0   0    7    0  0.06  0.40     0 FRACO
44 XAUT/USDT           18  11   0   0    3    4  0.37  0.63     0 MUITO FRACO
45 ENSO/USDT           15  15   0   0    0    0  2.22  0.26     0 MUITO FRACO
========================================================================================================================

======================================================================
                         TOP 10 V3
======================================================================
 1. ONG/USDT         95/100 EXCEPCIONAL     CONF  92% COMPRA FORTE
 2. NEAR/USDT        92/100 EXCEPCIONAL     CONF  97% COMPRA FORTE
 3. ZEC/USDT         90/100 EXCEPCIONAL     CONF  95% COMPRA FORTE
 4. HEMI/USDT        89/100 MUITO FORTE     CONF  88% COMPRA FORTE
 5. RLUSD/USDT       84/100 MUITO FORTE     CONF  84% COMPRA FORTE
 6. ARB/USDT         81/100 MUITO FORTE     CONF  80% COMPRA FORTE
 7. CRV/USDT         78/100 MUITO FORTE     CONF  83% COMPRA
 8. AAVE/USDT        78/100 MUITO FORTE     CONF  72% COMPRA
 9. UNI/USDT         76/100 MUITO FORTE     CONF  81% COMPRA
10. USDC/USDT        76/100 MUITO FORTE     CONF  71% COMPRA
======================================================================

======================================================================
                        SINAIS V3
======================================================================
 1. ONG/USDT        SCORE  95  CONF  92%  COMPRA FORTE
    Riscos: VOLATILIDADE_ALTA
 2. NEAR/USDT       SCORE  92  CONF  97%  COMPRA FORTE
 3. ZEC/USDT        SCORE  90  CONF  95%  COMPRA FORTE
 4. HEMI/USDT       SCORE  89  CONF  88%  COMPRA FORTE
 5. RLUSD/USDT      SCORE  84  CONF  84%  COMPRA FORTE
 6. ARB/USDT        SCORE  81  CONF  80%  COMPRA FORTE
 7. CRV/USDT        SCORE  78  CONF  83%  COMPRA
    Riscos: RSI_SOBRECOMPRADO
 8. AAVE/USDT       SCORE  78  CONF  72%  COMPRA
 9. UNI/USDT        SCORE  76  CONF  81%  COMPRA
    Riscos: RSI_SOBRECOMPRADO
10. USDC/USDT       SCORE  76  CONF  71%  COMPRA
11. ENA/USDT        SCORE  74  CONF  76%  COMPRA
12. OP/USDT         SCORE  71  CONF  71%  COMPRA
13. FDUSD/USDT      SCORE  70  CONF  65%  COMPRA
======================================================================

Salvando análises V3 no banco...
✓ 45 análises V3 salvas

======================================================================
                        RESUMO V3
======================================================================
Mercados selecionados: 45
Análises concluídas:   45
Análises salvas:       45
Erros/avisos:          0
Tempo total:           45.42s
Banco:                 /home/alex/projetos/crypto-radar/data/crypto_radar.db
Tabela V3:             scanner_v3_results
======================================================================
[2026-09-01T12:25:48.417146+00:00] FIM SCANNER_V3: rc=0
[2026-09-01T12:25:48.417416+00:00] INÍCIO ADAPTER_V9.20: scanner_v3_to_v9.py
==========================================================================================
CRYPTO RADAR - PAPER TRADING V9.20 -- V3 -> FORWARD SIGNALS
==========================================================================================
Banco V3:       /home/alex/projetos/crypto-radar/data/crypto_radar.db
Saída V9:       /home/alex/projetos/crypto-radar/data/forward_signals.csv
Modo:           PAPER ONLY
Ordens reais:   NÃO
CSV legado V8:  NÃO UTILIZADO
------------------------------------------------------------------------------------------
Última rodada V3: 2026-09-01T12:25:02.628459+00:00
Sinais COMPRA/COMPRA FORTE:              17
Sinais novos gravados:                   1
Sinais já existentes:                    0
Símbolo já com sinal pendente (ignorados): 16

IMPORTANTE:
  O preço, timestamp, score e confiança vêm diretamente do V3.
  O adaptador não cria fees, quantity, notional ou P&L.
  LONG é somente a tradução de COMPRA/COMPRA FORTE para o schema V9.

Próximo fluxo:
  scanner_v3.py -> SQLite -> V9.20 -> forward_signals.csv -> V9.15/V9.17
==========================================================================================
[2026-09-01T12:25:49.080986+00:00] FIM ADAPTER_V9.20: rc=0
[2026-09-01T12:25:49.081438+00:00] INÍCIO MONITOR_CLOSE_V9.18: paper_trading_v9_18.py
====================================================================================================
CRYPTO RADAR - PAPER TRADING V9.18 -- MONITOR / CLOSE
====================================================================================================
Posições abertas:    /home/alex/projetos/crypto-radar/data/paper_trading_v9_open_positions.csv
Ledger financeiro:   /home/alex/projetos/crypto-radar/data/paper_trading_v9_financial_trades.csv
Fee saída:            0.100% [HIPÓTESE V9]
Slippage saída:      0.100% [HIPÓTESE V9]
STOP / TARGET:        4.00% / 6.00%
Tempo máximo:         24h
Modo: PAPER ONLY
Ordens reais: NÃO
CSV legado V8: NÃO UTILIZADO
----------------------------------------------------------------------------------------------------
CLOSE USD1/USDT    price=0.99978000 ret=-0.104% age=24.43h reason=TIME   net=$-0.4036
HOLD  EUR/USDT     price=1.15980000 ret=-0.255% age=22.43h
HOLD  XLM/USDT     price=0.17850000 ret=-0.212% age=19.43h
HOLD  SOL/USDT     price=102.32000000 ret=-2.156% age=18.43h
HOLD  ETH/USDT     price=2455.72000000 ret=-1.151% age=17.43h
CLOSE NEAR/USDT    price=1.99000000 ret=+6.254% age=17.43h reason=TARGET net=$+5.9416
HOLD  BTC/USDT     price=78020.00000000 ret=-1.212% age=17.43h
HOLD  LINK/USDT    price=11.46600000 ret=+0.461% age=17.43h
HOLD  ZEC/USDT     price=857.13000000 ret=+0.035% age=16.43h
HOLD  HEMI/USDT    price=0.01588000 ret=-2.073% age=16.43h
----------------------------------------------------------------------------------------------------
Posições antes:      10
Novos CLOSE:         2
Posições abertas:    8
Trades no ledger:    155
====================================================================================================
V9.18 concluiu um ciclo PAPER. Nenhuma ordem real foi enviada.
====================================================================================================
[2026-09-01T12:25:53.015929+00:00] FIM MONITOR_CLOSE_V9.18: rc=0
[2026-09-01T12:25:53.031525+00:00] PREFLIGHT_PÓS_MONITOR: OK - 36 símbolos acionáveis sem duplicidade (36 sinais brutos)
[2026-09-01T12:25:53.032074+00:00] INÍCIO EXECUTOR_V9.17: paper_trading_v9_17.py
====================================================================================================
CRYPTO RADAR - PAPER TRADING V9.17 -- FORWARD TRADE EXECUTOR
====================================================================================================
Sinais:                 /home/alex/projetos/crypto-radar/data/forward_signals.csv
Posições abertas:       /home/alex/projetos/crypto-radar/data/paper_trading_v9_open_positions.csv
Ledger financeiro:      /home/alex/projetos/crypto-radar/data/paper_trading_v9_financial_trades.csv
Capital referência:     $1,000.00
Notional por trade:     $100.00 [HIPÓTESE V9.17]
Máx. posições:          10
Fee entrada/saída:      0.100% / 0.100% [HIPÓTESE]
Slippage entrada/saída:  0.100% / 0.100% [HIPÓTESE]
STOP / TARGET:           4.00% / 6.00%
Tempo máximo:            24h
Modo: PAPER ONLY
Ordens reais: NÃO
CSV legado V8: NÃO UTILIZADO
----------------------------------------------------------------------------------------------------
OPEN  UNI/USDT     entry=5.26225700 notional=$100.00
OPEN  RLUSD/USDT   entry=1.00140040 notional=$100.00
----------------------------------------------------------------------------------------------------
Sinais válidos:         972
Posições antes:         8
Novos OPEN:             2
Sinais expirados (>=24h, não abertos): 34
Novos CLOSE:            0
Posições abertas agora: 10
Trades no ledger:       155
====================================================================================================
V9.17 concluiu um ciclo PAPER. Nenhuma ordem real foi enviada.
[2026-09-01T12:25:59.085507+00:00] FIM EXECUTOR_V9.17: rc=0
[2026-09-01T12:25:59.085975+00:00] INÍCIO AUDITORIA_V9.19: paper_trading_v9_19.py
====================================================================================================
CRYPTO RADAR - PAPER TRADING V9.19 -- AUDITORIA DO CICLO FORWARD
====================================================================================================
Posições abertas: /home/alex/projetos/crypto-radar/data/paper_trading_v9_open_positions.csv
Ledger financeiro: /home/alex/projetos/crypto-radar/data/paper_trading_v9_financial_trades.csv
Modo: AUDITORIA — NÃO ALTERA DADOS
CSV legado V8: NÃO UTILIZADO
----------------------------------------------------------------------------------------------------
Posições abertas: 10
Trades financeiros fechados: 155
Net P&L acumulado do ledger: $-702.50509674
Duplicidades abertas: 0
Duplicidades no ledger: 0

====================================================================================================
VEREDITO V9.19
====================================================================================================
APROVADA
Integridade estrutural do ciclo forward confirmada.
Nenhum dado foi inventado, corrigido ou composto.
====================================================================================================
[2026-09-01T12:25:59.130701+00:00] FIM AUDITORIA_V9.19: rc=0
[2026-09-01T12:25:59.131109+00:00] CICLO V9.21 concluído com sucesso.
====================================================================================================
V9.21 CONCLUÍDA: ciclo forward seguro.
Nenhuma ordem real foi enviada.
====================================================================================================
====================================================================================================
CRYPTO RADAR - PAPER TRADING V9.21 -- ORQUESTRADOR FORWARD SEGURO
====================================================================================================
Modo: PAPER ONLY
Ordens reais: NÃO
CSV legado V8: NÃO UTILIZADO
Projeto: /home/alex/projetos/crypto-radar
Lock:    /home/alex/projetos/crypto-radar/data/v9_forward_orchestrator.lock
Log:     /home/alex/projetos/crypto-radar/data/v9_21_orchestrator.log
----------------------------------------------------------------------------------------------------
[2026-09-01T13:25:02.191143+00:00] CICLO V9.21 iniciado
[2026-09-01T13:25:02.191275+00:00] INÍCIO SCANNER_V3: scanner_v3.py

======================================================================
                      CRYPTO RADAR - SCANNER V3
======================================================================
Timeframe:        1h
Candles:          240
TOP mercados:     50
Volume mínimo:    $1.00M
Timeout rede:     15s
Retry OHLCV:      3
Usando somente candles fechados.

Inicializando banco...
✓ Banco OK
Inicializando Binance...
✓ Binance OK

Carregando mercados...
Mercados candidatos: 485
Buscando tickers...
Mercados selecionados: 50

Filtrando por idade de listagem (mín. 90d)...
  Ignorando SNDKB/USDT: listado há 83d (< 90d mínimo)
  Ignorando GRAM/USDT: listado há 62d (< 90d mínimo)
  Ignorando CRCLB/USDT: listado há 83d (< 90d mínimo)
  Ignorando SPCXB/USDT: listado há 82d (< 90d mínimo)
  Ignorando MSTRB/USDT: listado há 71d (< 90d mínimo)
Mercados após filtro de idade: 45

Analisando mercados...
----------------------------------------------------------------------
[01/45] USDC/USDT
  Buscando OHLCV (tentativa 1/3)...
  ✓ 240 candles fechados
  Preço:                     1.00028000
  RSI:                       58.19
  EMA20:                     1.00022579
  EMA50:                     1.00016615
  Momentum 4h:               +0.01%
  Volume relativo:           0.82x
  ATR:                       0.01%

  COMPONENTES DO SCORE
  -------------------------------------------------------------
  RSI:                20/20
  Tendência 1h:       25/25
  Tendência 4h:       20/20
  Momentum:             7/15
  Volume:               4/15
  -------------------------------------------------------------
  SCORE:               76/100
  Classificação:     MUITO FORTE
  Sinal:             COMPRA
  Confiança:          71%
  ✓ Concluído em 0.33s
[02/45] BTC/USDT
  Buscando OHLCV (tentativa 1/3)...
  ✓ 240 candles fechados
  Preço:                     78004.00000000
  RSI:                       42.18
  EMA20:                     78385.34975116
  EMA50:                     78409.42318469
  Momentum 4h:               +0.16%
  Volume relativo:           0.94x
  ATR:                       0.50%

  COMPONENTES DO SCORE
  -------------------------------------------------------------
  RSI:                15/20
  Tendência 1h:        0/25
  Tendência 4h:        0/20
  Momentum:             7/15
  Volume:               4/15
  -------------------------------------------------------------
  SCORE:               26/100
  Classificação:     FRACO
  Sinal:             SEM SINAL
  Confiança:           6%
  ✓ Concluído em 0.31s
[03/45] ETH/USDT
  Buscando OHLCV (tentativa 1/3)...
  ✓ 240 candles fechados
  Preço:                     2446.61000000
  RSI:                       42.41
  EMA20:                     2462.11450196
  EMA50:                     2461.50350663
  Momentum 4h:               -0.06%
  Volume relativo:           1.43x
  ATR:                       0.60%

  COMPONENTES DO SCORE
  -------------------------------------------------------------
  RSI:                15/20
  Tendência 1h:        0/25
  Tendência 4h:        0/20
  Momentum:             3/15
  Volume:               9/15
  -------------------------------------------------------------
  SCORE:               27/100
  Classificação:     FRACO
  Sinal:             SEM SINAL
  Confiança:           0%
  Riscos:            MOMENTUM_NEGATIVO
  ✓ Concluído em 0.33s
[04/45] USD1/USDT
  Buscando OHLCV (tentativa 1/3)...
  ✓ 240 candles fechados
  Preço:                     0.99972000
  RSI:                       42.84
  EMA20:                     0.99979918
  EMA50:                     0.99979204
  Momentum 4h:               -0.01%
  Volume relativo:           1.07x
  ATR:                       0.01%

  COMPONENTES DO SCORE
  -------------------------------------------------------------
  RSI:                15/20
  Tendência 1h:        0/25
  Tendência 4h:        0/20
  Momentum:             3/15
  Volume:               9/15
  -------------------------------------------------------------
  SCORE:               27/100
  Classificação:     FRACO
  Sinal:             SEM SINAL
  Confiança:           0%
  Riscos:            MOMENTUM_NEGATIVO
  ✓ Concluído em 0.32s
[05/45] SOL/USDT
  Buscando OHLCV (tentativa 1/3)...
  ✓ 240 candles fechados
  Preço:                     101.94000000
  RSI:                       39.16
  EMA20:                     102.93716017
  EMA50:                     103.42167047
  Momentum 4h:               -0.13%
  Volume relativo:           1.16x
  ATR:                       0.74%

  COMPONENTES DO SCORE
  -------------------------------------------------------------
  RSI:                11/20
  Tendência 1h:        0/25
  Tendência 4h:        7/20
  Momentum:             3/15
  Volume:               9/15
  -------------------------------------------------------------
  SCORE:               30/100
  Classificação:     FRACO
  Sinal:             SEM SINAL
  Confiança:           5%
  Riscos:            MOMENTUM_NEGATIVO
  ✓ Concluído em 0.32s
[06/45] ZEC/USDT
  Buscando OHLCV (tentativa 1/3)...
  ✓ 240 candles fechados
  Preço:                     847.01000000
  RSI:                       49.35
  EMA20:                     849.42091651
  EMA50:                     843.60030626
  Momentum 4h:               +0.27%
  Volume relativo:           1.35x
  ATR:                       1.47%

  COMPONENTES DO SCORE
  -------------------------------------------------------------
  RSI:                19/20
  Tendência 1h:       15/25
  Tendência 4h:       20/20
  Momentum:             7/15
  Volume:               9/15
  -------------------------------------------------------------
  SCORE:               70/100
  Classificação:     FORTE
  Sinal:             COMPRA
  Confiança:          67%
  ✓ Concluído em 0.31s
[07/45] XRP/USDT
  Buscando OHLCV (tentativa 1/3)...
  ✓ 240 candles fechados
  Preço:                     1.36970000
  RSI:                       45.42
  EMA20:                     1.37782156
  EMA50:                     1.38121411
  Momentum 4h:               +0.49%
  Volume relativo:           1.26x
  ATR:                       0.89%

  COMPONENTES DO SCORE
  -------------------------------------------------------------
  RSI:                19/20
  Tendência 1h:        0/25
  Tendência 4h:        0/20
  Momentum:             7/15
  Volume:               9/15
  -------------------------------------------------------------
  SCORE:               35/100
  Classificação:     NEUTRO
  Sinal:             SEM SINAL
  Confiança:          10%
  ✓ Concluído em 0.33s
[08/45] RLUSD/USDT
  Buscando OHLCV (tentativa 1/3)...
  ✓ 240 candles fechados
  Preço:                     1.00040000
  RSI:                       49.69
  EMA20:                     1.00040934
  EMA50:                     1.00039343
  Momentum 4h:               +0.00%
  Volume relativo:           0.29x
  ATR:                       0.01%

  COMPONENTES DO SCORE
  -------------------------------------------------------------
  RSI:                19/20
  Tendência 1h:       15/25
  Tendência 4h:       20/20
  Momentum:             7/15
  Volume:               0/15
  -------------------------------------------------------------
  SCORE:               61/100
  Classificação:     FORTE
  Sinal:             SEM SINAL
  Confiança:          44%
  Riscos:            VOLUME_BAIXO
  ✓ Concluído em 0.33s
[09/45] ENSO/USDT
  Buscando OHLCV (tentativa 1/3)...
  ✓ 240 candles fechados
  Preço:                     0.86300000
  RSI:                       40.50
  EMA20:                     0.88782179
  EMA50:                     0.88585391
  Momentum 4h:               -2.92%
  Volume relativo:           0.31x
  ATR:                       2.19%

  COMPONENTES DO SCORE
  -------------------------------------------------------------
  RSI:                15/20
  Tendência 1h:        0/25
  Tendência 4h:        0/20
  Momentum:             0/15
  Volume:               0/15
  -------------------------------------------------------------
  SCORE:               15/100
  Classificação:     MUITO FRACO
  Sinal:             SEM SINAL
  Confiança:           0%
  Riscos:            MOMENTUM_NEGATIVO, VOLUME_BAIXO
  ✓ Concluído em 0.32s
[10/45] UNI/USDT
  Buscando OHLCV (tentativa 1/3)...
  ✓ 240 candles fechados
  Preço:                     5.73200000
  RSI:                       64.88
  EMA20:                     5.51319993
  EMA50:                     5.27785934
  Momentum 4h:               +0.61%
  Volume relativo:           1.90x
  ATR:                       2.85%

  COMPONENTES DO SCORE
  -------------------------------------------------------------
  RSI:                20/20
  Tendência 1h:       25/25
  Tendência 4h:       20/20
  Momentum:            10/15
  Volume:              12/15
  -------------------------------------------------------------
  SCORE:               87/100
  Classificação:     MUITO FORTE
  Sinal:             COMPRA FORTE
  Confiança:          87%
  ✓ Concluído em 0.32s
[11/45] ARB/USDT
  Buscando OHLCV (tentativa 1/3)...
  ✓ 240 candles fechados
  Preço:                     0.10940000
  RSI:                       58.83
  EMA20:                     0.10686352
  EMA50:                     0.09923648
  Momentum 4h:               +2.43%
  Volume relativo:           0.67x
  ATR:                       4.54%

  COMPONENTES DO SCORE
  -------------------------------------------------------------
  RSI:                20/20
  Tendência 1h:       25/25
  Tendência 4h:       20/20
  Momentum:            15/15
  Volume:               4/15
  -------------------------------------------------------------
  SCORE:               84/100
  Classificação:     MUITO FORTE
  Sinal:             COMPRA FORTE
  Confiança:          84%
  ✓ Concluído em 0.31s
[12/45] BNB/USDT
  Buscando OHLCV (tentativa 1/3)...
  ✓ 240 candles fechados
  Preço:                     686.70000000
  RSI:                       41.49
  EMA20:                     689.48877901
  EMA50:                     690.73935972
  Momentum 4h:               +0.05%
  Volume relativo:           0.83x
  ATR:                       0.39%

  COMPONENTES DO SCORE
  -------------------------------------------------------------
  RSI:                15/20
  Tendência 1h:        0/25
  Tendência 4h:        0/20
  Momentum:             7/15
  Volume:               4/15
  -------------------------------------------------------------
  SCORE:               26/100
  Classificação:     FRACO
  Sinal:             SEM SINAL
  Confiança:           6%
  ✓ Concluído em 0.32s
[13/45] TRX/USDT
  Buscando OHLCV (tentativa 1/3)...
  ✓ 240 candles fechados
  Preço:                     0.32640000
  RSI:                       15.27
  EMA20:                     0.33126654
  EMA50:                     0.33398878
  Momentum 4h:               -1.18%
  Volume relativo:           8.05x
  ATR:                       0.30%

  COMPONENTES DO SCORE
  -------------------------------------------------------------
  RSI:                 2/20
  Tendência 1h:        0/25
  Tendência 4h:        0/20
  Momentum:             0/15
  Volume:              15/15
  -------------------------------------------------------------
  SCORE:               17/100
  Classificação:     MUITO FRACO
  Sinal:             SEM SINAL
  Confiança:           5%
  Riscos:            MOMENTUM_NEGATIVO
  ✓ Concluído em 0.30s
[14/45] DOGE/USDT
  Buscando OHLCV (tentativa 1/3)...
  ✓ 240 candles fechados
  Preço:                     0.08257000
  RSI:                       44.34
  EMA20:                     0.08300723
  EMA50:                     0.08345953
  Momentum 4h:               +0.34%
  Volume relativo:           0.94x
  ATR:                       0.77%

  COMPONENTES DO SCORE
  -------------------------------------------------------------
  RSI:                15/20
  Tendência 1h:        0/25
  Tendência 4h:        0/20
  Momentum:             7/15
  Volume:               4/15
  -------------------------------------------------------------
  SCORE:               26/100
  Classificação:     FRACO
  Sinal:             SEM SINAL
  Confiança:           6%
  ✓ Concluído em 0.32s
[15/45] ENA/USDT
  Buscando OHLCV (tentativa 1/3)...
  ✓ 240 candles fechados
  Preço:                     0.16160000
  RSI:                       63.94
  EMA20:                     0.15358958
  EMA50:                     0.15347568
  Momentum 4h:               +7.73%
  Volume relativo:           4.46x
  ATR:                       2.24%

  COMPONENTES DO SCORE
  -------------------------------------------------------------
  RSI:                20/20
  Tendência 1h:       25/25
  Tendência 4h:       20/20
  Momentum:            15/15
  Volume:              15/15
  -------------------------------------------------------------
  SCORE:               95/100
  Classificação:     EXCEPCIONAL
  Sinal:             COMPRA FORTE
  Confiança:         100%
  ✓ Concluído em 0.33s
[16/45] U/USDT
  Buscando OHLCV (tentativa 1/3)...
  ✓ 240 candles fechados
  Preço:                     0.99950000
  RSI:                       45.32
  EMA20:                     0.99958514
  EMA50:                     0.99961083
  Momentum 4h:               +0.01%
  Volume relativo:           1.28x
  ATR:                       0.01%

  COMPONENTES DO SCORE
  -------------------------------------------------------------
  RSI:                19/20
  Tendência 1h:        0/25
  Tendência 4h:        0/20
  Momentum:             7/15
  Volume:               9/15
  -------------------------------------------------------------
  SCORE:               35/100
  Classificação:     NEUTRO
  Sinal:             SEM SINAL
  Confiança:          10%
  ✓ Concluído em 0.32s
[17/45] LINK/USDT
  Buscando OHLCV (tentativa 1/3)...
  ✓ 240 candles fechados
  Preço:                     11.39000000
  RSI:                       50.07
  EMA20:                     11.39634763
  EMA50:                     11.38855309
  Momentum 4h:               +0.43%
  Volume relativo:           0.92x
  ATR:                       0.94%

  COMPONENTES DO SCORE
  -------------------------------------------------------------
  RSI:                20/20
  Tendência 1h:       15/25
  Tendência 4h:        0/20
  Momentum:             7/15
  Volume:               4/15
  -------------------------------------------------------------
  SCORE:               46/100
  Classificação:     MODERADO
  Sinal:             SEM SINAL
  Confiança:          24%
  ✓ Concluído em 0.33s
[18/45] NEAR/USDT
  Buscando OHLCV (tentativa 1/3)...
  ✓ 240 candles fechados
  Preço:                     1.96900000
  RSI:                       60.50
  EMA20:                     1.93253663
  EMA50:                     1.90174699
  Momentum 4h:               +2.02%
  Volume relativo:           1.61x
  ATR:                       1.80%

  COMPONENTES DO SCORE
  -------------------------------------------------------------
  RSI:                20/20
  Tendência 1h:       25/25
  Tendência 4h:       20/20
  Momentum:            15/15
  Volume:              12/15
  -------------------------------------------------------------
  SCORE:               92/100
  Classificação:     EXCEPCIONAL
  Sinal:             COMPRA FORTE
  Confiança:          97%
  ✓ Concluído em 0.32s
[19/45] SUI/USDT
  Buscando OHLCV (tentativa 1/3)...
  ✓ 240 candles fechados
  Preço:                     0.72550000
  RSI:                       47.67
  EMA20:                     0.72759904
  EMA50:                     0.73053148
  Momentum 4h:               +0.83%
  Volume relativo:           1.17x
  ATR:                       1.08%

  COMPONENTES DO SCORE
  -------------------------------------------------------------
  RSI:                19/20
  Tendência 1h:        0/25
  Tendência 4h:        0/20
  Momentum:            10/15
  Volume:               9/15
  -------------------------------------------------------------
  SCORE:               38/100
  Classificação:     NEUTRO
  Sinal:             SEM SINAL
  Confiança:          13%
  ✓ Concluído em 0.32s
[20/45] XAUT/USDT
  Buscando OHLCV (tentativa 1/3)...
  ✓ 240 candles fechados
  Preço:                     4356.46000000
  RSI:                       28.12
  EMA20:                     4406.34807330
  EMA50:                     4428.51532320
  Momentum 4h:               -0.28%
  Volume relativo:           5.62x
  ATR:                       0.40%

  COMPONENTES DO SCORE
  -------------------------------------------------------------
  RSI:                 7/20
  Tendência 1h:        0/25
  Tendência 4h:        0/20
  Momentum:             3/15
  Volume:              15/15
  -------------------------------------------------------------
  SCORE:               25/100
  Classificação:     FRACO
  Sinal:             SEM SINAL
  Confiança:           5%
  Riscos:            MOMENTUM_NEGATIVO
  ✓ Concluído em 0.31s
[21/45] DASH/USDT
  Buscando OHLCV (tentativa 1/3)...
  ✓ 240 candles fechados
  Preço:                     45.41000000
  RSI:                       52.39
  EMA20:                     45.36783170
  EMA50:                     44.07872305
  Momentum 4h:               +0.96%
  Volume relativo:           0.44x
  ATR:                       2.15%

  COMPONENTES DO SCORE
  -------------------------------------------------------------
  RSI:                20/20
  Tendência 1h:       25/25
  Tendência 4h:       20/20
  Momentum:            10/15
  Volume:               0/15
  -------------------------------------------------------------
  SCORE:               75/100
  Classificação:     MUITO FORTE
  Sinal:             COMPRA
  Confiança:          62%
  Riscos:            VOLUME_BAIXO
  ✓ Concluído em 0.30s
[22/45] 0G/USDT
  Buscando OHLCV (tentativa 1/3)...
  ✓ 240 candles fechados
  Preço:                     0.20760000
  RSI:                       43.24
  EMA20:                     0.22433176
  EMA50:                     0.20856888
  Momentum 4h:               -9.38%
  Volume relativo:           0.45x
  ATR:                       7.53%

  COMPONENTES DO SCORE
  -------------------------------------------------------------
  RSI:                15/20
  Tendência 1h:        0/25
  Tendência 4h:       20/20
  Momentum:             0/15
  Volume:               0/15
  -------------------------------------------------------------
  SCORE:               35/100
  Classificação:     NEUTRO
  Sinal:             SEM SINAL
  Confiança:           0%
  Riscos:            MOMENTUM_NEGATIVO, VOLATILIDADE_ALTA, VOLUME_BAIXO
  ✓ Concluído em 0.32s
[23/45] PEPE/USDT
  Buscando OHLCV (tentativa 1/3)...
  ✓ 240 candles fechados
  Preço:                     0.00000351
  RSI:                       45.15
  EMA20:                     0.00000353
  EMA50:                     0.00000356
  Momentum 4h:               +1.45%
  Volume relativo:           1.21x
  ATR:                       1.28%

  COMPONENTES DO SCORE
  -------------------------------------------------------------
  RSI:                19/20
  Tendência 1h:        0/25
  Tendência 4h:        0/20
  Momentum:            13/15
  Volume:               9/15
  -------------------------------------------------------------
  SCORE:               41/100
  Classificação:     NEUTRO
  Sinal:             SEM SINAL
  Confiança:          22%
  ✓ Concluído em 0.32s
[24/45] PUMP/USDT
  Buscando OHLCV (tentativa 1/3)...
  ✓ 240 candles fechados
  Preço:                     0.00437700
  RSI:                       42.99
  EMA20:                     0.00444260
  EMA50:                     0.00450130
  Momentum 4h:               -0.59%
  Volume relativo:           0.93x
  ATR:                       2.07%

  COMPONENTES DO SCORE
  -------------------------------------------------------------
  RSI:                15/20
  Tendência 1h:        0/25
  Tendência 4h:        0/20
  Momentum:             3/15
  Volume:               4/15
  -------------------------------------------------------------
  SCORE:               22/100
  Classificação:     FRACO
  Sinal:             SEM SINAL
  Confiança:           0%
  Riscos:            MOMENTUM_NEGATIVO
  ✓ Concluído em 0.32s
[25/45] TRUMP/USDT
  Buscando OHLCV (tentativa 1/3)...
  ✓ 240 candles fechados
  Preço:                     2.35100000
  RSI:                       41.61
  EMA20:                     2.39032222
  EMA50:                     2.43668782
  Momentum 4h:               +0.51%
  Volume relativo:           1.01x
  ATR:                       1.66%

  COMPONENTES DO SCORE
  -------------------------------------------------------------
  RSI:                15/20
  Tendência 1h:        0/25
  Tendência 4h:        0/20
  Momentum:            10/15
  Volume:               9/15
  -------------------------------------------------------------
  SCORE:               34/100
  Classificação:     FRACO
  Sinal:             SEM SINAL
  Confiança:          13%
  ✓ Concluído em 0.33s
[26/45] FDUSD/USDT
  Buscando OHLCV (tentativa 1/3)...
  ✓ 240 candles fechados
  Preço:                     0.99890000
  RSI:                       52.84
  EMA20:                     0.99885688
  EMA50:                     0.99877396
  Momentum 4h:               -0.04%
  Volume relativo:           1.58x
  ATR:                       0.03%

  COMPONENTES DO SCORE
  -------------------------------------------------------------
  RSI:                20/20
  Tendência 1h:       25/25
  Tendência 4h:       20/20
  Momentum:             3/15
  Volume:              12/15
  -------------------------------------------------------------
  SCORE:               80/100
  Classificação:     MUITO FORTE
  Sinal:             COMPRA FORTE
  Confiança:          72%
  Riscos:            MOMENTUM_NEGATIVO
  ✓ Concluído em 0.32s
[27/45] ADA/USDT
  Buscando OHLCV (tentativa 1/3)...
  ✓ 240 candles fechados
  Preço:                     0.19840000
  RSI:                       48.44
  EMA20:                     0.19897915
  EMA50:                     0.19922120
  Momentum 4h:               +0.86%
  Volume relativo:           0.93x
  ATR:                       1.09%

  COMPONENTES DO SCORE
  -------------------------------------------------------------
  RSI:                19/20
  Tendência 1h:        0/25
  Tendência 4h:        0/20
  Momentum:            10/15
  Volume:               4/15
  -------------------------------------------------------------
  SCORE:               33/100
  Classificação:     FRACO
  Sinal:             SEM SINAL
  Confiança:           9%
  ✓ Concluído em 0.33s
[28/45] HEMI/USDT
  Buscando OHLCV (tentativa 1/3)...
  ✓ 240 candles fechados
  Preço:                     0.01603000
  RSI:                       57.77
  EMA20:                     0.01542576
  EMA50:                     0.01460830
  Momentum 4h:               +7.15%
  Volume relativo:           1.14x
  ATR:                       5.05%

  COMPONENTES DO SCORE
  -------------------------------------------------------------
  RSI:                20/20
  Tendência 1h:       25/25
  Tendência 4h:       20/20
  Momentum:            15/15
  Volume:               9/15
  -------------------------------------------------------------
  SCORE:               89/100
  Classificação:     MUITO FORTE
  Sinal:             COMPRA FORTE
  Confiança:          80%
  Riscos:            VOLATILIDADE_ALTA
  ✓ Concluído em 0.31s
[29/45] CRV/USDT
  Buscando OHLCV (tentativa 1/3)...
  ✓ 240 candles fechados
  Preço:                     0.35980000
  RSI:                       67.94
  EMA20:                     0.34591844
  EMA50:                     0.32931854
  Momentum 4h:               +2.51%
  Volume relativo:           6.41x
  ATR:                       2.54%

  COMPONENTES DO SCORE
  -------------------------------------------------------------
  RSI:                20/20
  Tendência 1h:       25/25
  Tendência 4h:       20/20
  Momentum:            15/15
  Volume:              15/15
  -------------------------------------------------------------
  SCORE:               95/100
  Classificação:     EXCEPCIONAL
  Sinal:             COMPRA FORTE
  Confiança:         100%
  ✓ Concluído em 0.31s
[30/45] WLD/USDT
  Buscando OHLCV (tentativa 1/3)...
  ✓ 240 candles fechados
  Preço:                     0.36780000
  RSI:                       51.38
  EMA20:                     0.36671747
  EMA50:                     0.36849007
  Momentum 4h:               +1.86%
  Volume relativo:           1.26x
  ATR:                       1.54%

  COMPONENTES DO SCORE
  -------------------------------------------------------------
  RSI:                20/20
  Tendência 1h:       15/25
  Tendência 4h:        0/20
  Momentum:            13/15
  Volume:               9/15
  -------------------------------------------------------------
  SCORE:               57/100
  Classificação:     MODERADO
  Sinal:             SEM SINAL
  Confiança:          40%
  ✓ Concluído em 0.32s
[31/45] TUT/USDT
  Buscando OHLCV (tentativa 1/3)...
  ✓ 240 candles fechados
  Preço:                     0.03043000
  RSI:                       40.84
  EMA20:                     0.03120775
  EMA50:                     0.03290932
  Momentum 4h:               -1.27%
  Volume relativo:           1.20x
  ATR:                       4.77%

  COMPONENTES DO SCORE
  -------------------------------------------------------------
  RSI:                15/20
  Tendência 1h:        0/25
  Tendência 4h:        0/20
  Momentum:             0/15
  Volume:               9/15
  -------------------------------------------------------------
  SCORE:               24/100
  Classificação:     FRACO
  Sinal:             SEM SINAL
  Confiança:           0%
  Riscos:            MOMENTUM_NEGATIVO
  ✓ Concluído em 0.32s
[32/45] PAXG/USDT
  Buscando OHLCV (tentativa 1/3)...
  ✓ 240 candles fechados
  Preço:                     4366.04000000
  RSI:                       28.72
  EMA20:                     4414.69978405
  EMA50:                     4436.55359150
  Momentum 4h:               -0.25%
  Volume relativo:           3.65x
  ATR:                       0.41%

  COMPONENTES DO SCORE
  -------------------------------------------------------------
  RSI:                 7/20
  Tendência 1h:        0/25
  Tendência 4h:        0/20
  Momentum:             3/15
  Volume:              15/15
  -------------------------------------------------------------
  SCORE:               25/100
  Classificação:     FRACO
  Sinal:             SEM SINAL
  Confiança:           5%
  Riscos:            MOMENTUM_NEGATIVO
  ✓ Concluído em 0.32s
[33/45] OP/USDT
  Buscando OHLCV (tentativa 1/3)...
  ✓ 240 candles fechados
  Preço:                     0.09720000
  RSI:                       63.96
  EMA20:                     0.09451345
  EMA50:                     0.09197840
  Momentum 4h:               +1.46%
  Volume relativo:           0.86x
  ATR:                       2.72%

  COMPONENTES DO SCORE
  -------------------------------------------------------------
  RSI:                20/20
  Tendência 1h:       25/25
  Tendência 4h:       14/20
  Momentum:            13/15
  Volume:               4/15
  -------------------------------------------------------------
  SCORE:               76/100
  Classificação:     MUITO FORTE
  Sinal:             COMPRA
  Confiança:          71%
  ✓ Concluído em 0.32s
[34/45] AAVE/USDT
  Buscando OHLCV (tentativa 1/3)...
  ✓ 240 candles fechados
  Preço:                     125.66000000
  RSI:                       51.33
  EMA20:                     125.56163883
  EMA50:                     124.97445298
  Momentum 4h:               +0.21%
  Volume relativo:           2.07x
  ATR:                       1.35%

  COMPONENTES DO SCORE
  -------------------------------------------------------------
  RSI:                20/20
  Tendência 1h:       25/25
  Tendência 4h:       14/20
  Momentum:             7/15
  Volume:              15/15
  -------------------------------------------------------------
  SCORE:               81/100
  Classificação:     MUITO FORTE
  Sinal:             COMPRA FORTE
  Confiança:          81%
  ✓ Concluído em 0.32s
[35/45] POL/USDT
  Buscando OHLCV (tentativa 1/3)...
  ✓ 240 candles fechados
  Preço:                     0.09041000
  RSI:                       40.84
  EMA20:                     0.09193163
  EMA50:                     0.09444698
  Momentum 4h:               -0.50%
  Volume relativo:           1.66x
  ATR:                       1.69%

  COMPONENTES DO SCORE
  -------------------------------------------------------------
  RSI:                15/20
  Tendência 1h:        0/25
  Tendência 4h:        0/20
  Momentum:             3/15
  Volume:              12/15
  -------------------------------------------------------------
  SCORE:               30/100
  Classificação:     FRACO
  Sinal:             SEM SINAL
  Confiança:           2%
  Riscos:            MOMENTUM_NEGATIVO
  ✓ Concluído em 0.32s
[36/45] ONG/USDT
  Buscando OHLCV (tentativa 1/3)...
  ✓ 240 candles fechados
  Preço:                     0.11374000
  RSI:                       60.66
  EMA20:                     0.10445010
  EMA50:                     0.10380170
  Momentum 4h:               +4.77%
  Volume relativo:           1.58x
  ATR:                       7.24%

  COMPONENTES DO SCORE
  -------------------------------------------------------------
  RSI:                20/20
  Tendência 1h:       25/25
  Tendência 4h:       20/20
  Momentum:            15/15
  Volume:              12/15
  -------------------------------------------------------------
  SCORE:               92/100
  Classificação:     EXCEPCIONAL
  Sinal:             COMPRA FORTE
  Confiança:          89%
  Riscos:            VOLATILIDADE_ALTA
  ✓ Concluído em 0.32s
[37/45] LTC/USDT
  Buscando OHLCV (tentativa 1/3)...
  ✓ 240 candles fechados
  Preço:                     49.15000000
  RSI:                       56.89
  EMA20:                     48.81846385
  EMA50:                     48.83892628
  Momentum 4h:               +1.59%
  Volume relativo:           1.52x
  ATR:                       0.67%

  COMPONENTES DO SCORE
  -------------------------------------------------------------
  RSI:                20/20
  Tendência 1h:       15/25
  Tendência 4h:       14/20
  Momentum:            13/15
  Volume:              12/15
  -------------------------------------------------------------
  SCORE:               74/100
  Classificação:     FORTE
  Sinal:             COMPRA
  Confiança:          71%
  ✓ Concluído em 0.32s
[38/45] EUR/USDT
  Buscando OHLCV (tentativa 1/3)...
  ✓ 240 candles fechados
  Preço:                     1.15970000
  RSI:                       41.45
  EMA20:                     1.16037620
  EMA50:                     1.16010595
  Momentum 4h:               +0.02%
  Volume relativo:           0.64x
  ATR:                       0.06%

  COMPONENTES DO SCORE
  -------------------------------------------------------------
  RSI:                15/20
  Tendência 1h:        0/25
  Tendência 4h:        0/20
  Momentum:             7/15
  Volume:               4/15
  -------------------------------------------------------------
  SCORE:               26/100
  Classificação:     FRACO
  Sinal:             SEM SINAL
  Confiança:           6%
  ✓ Concluído em 0.33s
[39/45] TAO/USDT
  Buscando OHLCV (tentativa 1/3)...
  ✓ 240 candles fechados
  Preço:                     224.60000000
  RSI:                       37.47
  EMA20:                     228.38607401
  EMA50:                     230.53102158
  Momentum 4h:               -0.53%
  Volume relativo:           2.50x
  ATR:                       1.07%

  COMPONENTES DO SCORE
  -------------------------------------------------------------
  RSI:                11/20
  Tendência 1h:        0/25
  Tendência 4h:        0/20
  Momentum:             3/15
  Volume:              15/15
  -------------------------------------------------------------
  SCORE:               29/100
  Classificação:     FRACO
  Sinal:             SEM SINAL
  Confiança:           5%
  Riscos:            MOMENTUM_NEGATIVO
  ✓ Concluído em 0.32s
[40/45] XLM/USDT
  Buscando OHLCV (tentativa 1/3)...
  ✓ 240 candles fechados
  Preço:                     0.17780000
  RSI:                       50.96
  EMA20:                     0.17754248
  EMA50:                     0.17789259
  Momentum 4h:               +1.43%
  Volume relativo:           0.88x
  ATR:                       0.86%

  COMPONENTES DO SCORE
  -------------------------------------------------------------
  RSI:                20/20
  Tendência 1h:       15/25
  Tendência 4h:        0/20
  Momentum:            13/15
  Volume:               4/15
  -------------------------------------------------------------
  SCORE:               52/100
  Classificação:     MODERADO
  Sinal:             SEM SINAL
  Confiança:          36%
  ✓ Concluído em 0.33s
[41/45] AVAX/USDT
  Buscando OHLCV (tentativa 1/3)...
  ✓ 240 candles fechados
  Preço:                     7.26900000
  RSI:                       51.51
  EMA20:                     7.26104643
  EMA50:                     7.26516802
  Momentum 4h:               +0.76%
  Volume relativo:           1.77x
  ATR:                       0.76%

  COMPONENTES DO SCORE
  -------------------------------------------------------------
  RSI:                20/20
  Tendência 1h:       15/25
  Tendência 4h:        0/20
  Momentum:            10/15
  Volume:              12/15
  -------------------------------------------------------------
  SCORE:               57/100
  Classificação:     MODERADO
  Sinal:             SEM SINAL
  Confiança:          41%
  ✓ Concluído em 0.32s
[42/45] XPL/USDT
  Buscando OHLCV (tentativa 1/3)...
  ✓ 240 candles fechados
  Preço:                     0.08257000
  RSI:                       40.52
  EMA20:                     0.08371395
  EMA50:                     0.08502172
  Momentum 4h:               +0.05%
  Volume relativo:           1.00x
  ATR:                       1.55%

  COMPONENTES DO SCORE
  -------------------------------------------------------------
  RSI:                15/20
  Tendência 1h:        0/25
  Tendência 4h:        0/20
  Momentum:             7/15
  Volume:               4/15
  -------------------------------------------------------------
  SCORE:               26/100
  Classificação:     FRACO
  Sinal:             SEM SINAL
  Confiança:           6%
  ✓ Concluído em 0.32s
[43/45] BMT/USDT
  Buscando OHLCV (tentativa 1/3)...
  ✓ 240 candles fechados
  Preço:                     0.02054000
  RSI:                       51.16
  EMA20:                     0.02040904
  EMA50:                     0.02081244
  Momentum 4h:               +1.88%
  Volume relativo:           1.36x
  ATR:                       1.77%

  COMPONENTES DO SCORE
  -------------------------------------------------------------
  RSI:                20/20
  Tendência 1h:       15/25
  Tendência 4h:        7/20
  Momentum:            13/15
  Volume:               9/15
  -------------------------------------------------------------
  SCORE:               64/100
  Classificação:     FORTE
  Sinal:             SEM SINAL
  Confiança:          53%
  ✓ Concluído em 0.32s
[44/45] PROM/USDT
  Buscando OHLCV (tentativa 1/3)...
  ✓ 240 candles fechados
  Preço:                     5.37300000
  RSI:                       41.93
  EMA20:                     5.51959163
  EMA50:                     5.77917590
  Momentum 4h:               -1.45%
  Volume relativo:           0.61x
  ATR:                       4.13%

  COMPONENTES DO SCORE
  -------------------------------------------------------------
  RSI:                15/20
  Tendência 1h:        0/25
  Tendência 4h:        7/20
  Momentum:             0/15
  Volume:               4/15
  -------------------------------------------------------------
  SCORE:               26/100
  Classificação:     FRACO
  Sinal:             SEM SINAL
  Confiança:           1%
  Riscos:            MOMENTUM_NEGATIVO
  ✓ Concluído em 0.32s
[45/45] INJ/USDT
  Buscando OHLCV (tentativa 1/3)...
  ✓ 240 candles fechados
  Preço:                     4.82400000
  RSI:                       36.10
  EMA20:                     4.91343264
  EMA50:                     4.99298850
  Momentum 4h:               -0.21%
  Volume relativo:           1.10x
  ATR:                       1.46%

  COMPONENTES DO SCORE
  -------------------------------------------------------------
  RSI:                11/20
  Tendência 1h:        0/25
  Tendência 4h:        0/20
  Momentum:             3/15
  Volume:               9/15
  -------------------------------------------------------------
  SCORE:               23/100
  Classificação:     FRACO
  Sinal:             SEM SINAL
  Confiança:           0%
  Riscos:            MOMENTUM_NEGATIVO
  ✓ Concluído em 0.32s

========================================================================================================================
                                        RANKING DETALHADO V3
========================================================================================================================
 # MERCADO         SCORE RSI T1H T4H  MOM  VOL   ATR  RVOL  CONF CLASSIFICAÇÃO
------------------------------------------------------------------------------------------------------------------------
 1 CRV/USDT            95  20  25  20   15   15  2.54  6.41   100 EXCEPCIONAL
 2 ENA/USDT            95  20  25  20   15   15  2.24  4.46   100 EXCEPCIONAL
 3 NEAR/USDT           92  20  25  20   15   12  1.80  1.61    97 EXCEPCIONAL
 4 ONG/USDT            92  20  25  20   15   12  7.24  1.58    89 EXCEPCIONAL
 5 HEMI/USDT           89  20  25  20   15    9  5.05  1.14    80 MUITO FORTE
 6 UNI/USDT            87  20  25  20   10   12  2.85  1.90    87 MUITO FORTE
 7 ARB/USDT            84  20  25  20   15    4  4.54  0.67    84 MUITO FORTE
 8 AAVE/USDT           81  20  25  14    7   15  1.35  2.07    81 MUITO FORTE
 9 FDUSD/USDT          80  20  25  20    3   12  0.03  1.58    72 MUITO FORTE
10 OP/USDT             76  20  25  14   13    4  2.72  0.86    71 MUITO FORTE
11 USDC/USDT           76  20  25  20    7    4  0.01  0.82    71 MUITO FORTE
12 DASH/USDT           75  20  25  20   10    0  2.15  0.44    62 MUITO FORTE
13 LTC/USDT            74  20  15  14   13   12  0.67  1.52    71 FORTE
14 ZEC/USDT            70  19  15  20    7    9  1.47  1.35    67 FORTE
15 BMT/USDT            64  20  15   7   13    9  1.77  1.36    53 FORTE
16 RLUSD/USDT          61  19  15  20    7    0  0.01  0.29    44 FORTE
17 AVAX/USDT           57  20  15   0   10   12  0.76  1.77    41 MODERADO
18 WLD/USDT            57  20  15   0   13    9  1.54  1.26    40 MODERADO
19 XLM/USDT            52  20  15   0   13    4  0.86  0.88    36 MODERADO
20 LINK/USDT           46  20  15   0    7    4  0.94  0.92    24 MODERADO
21 PEPE/USDT           41  19   0   0   13    9  1.28  1.21    22 NEUTRO
22 SUI/USDT            38  19   0   0   10    9  1.08  1.17    13 NEUTRO
23 U/USDT              35  19   0   0    7    9  0.01  1.28    10 NEUTRO
24 XRP/USDT            35  19   0   0    7    9  0.89  1.26    10 NEUTRO
25 0G/USDT             35  15   0  20    0    0  7.53  0.45     0 NEUTRO
26 TRUMP/USDT          34  15   0   0   10    9  1.66  1.01    13 FRACO
27 ADA/USDT            33  19   0   0   10    4  1.09  0.93     9 FRACO
28 SOL/USDT            30  11   0   7    3    9  0.74  1.16     5 FRACO
29 POL/USDT            30  15   0   0    3   12  1.69  1.66     2 FRACO
30 TAO/USDT            29  11   0   0    3   15  1.07  2.50     5 FRACO
31 ETH/USDT            27  15   0   0    3    9  0.60  1.43     0 FRACO
32 USD1/USDT           27  15   0   0    3    9  0.01  1.07     0 FRACO
33 XPL/USDT            26  15   0   0    7    4  1.55  1.00     6 FRACO
34 DOGE/USDT           26  15   0   0    7    4  0.77  0.94     6 FRACO
35 BTC/USDT            26  15   0   0    7    4  0.50  0.94     6 FRACO
36 BNB/USDT            26  15   0   0    7    4  0.39  0.83     6 FRACO
37 EUR/USDT            26  15   0   0    7    4  0.06  0.64     6 FRACO
38 PROM/USDT           26  15   0   7    0    4  4.13  0.61     1 FRACO
39 XAUT/USDT           25   7   0   0    3   15  0.40  5.62     5 FRACO
40 PAXG/USDT           25   7   0   0    3   15  0.41  3.65     5 FRACO
41 TUT/USDT            24  15   0   0    0    9  4.77  1.20     0 FRACO
42 INJ/USDT            23  11   0   0    3    9  1.46  1.10     0 FRACO
43 PUMP/USDT           22  15   0   0    3    4  2.07  0.93     0 FRACO
44 TRX/USDT            17   2   0   0    0   15  0.30  8.05     5 MUITO FRACO
45 ENSO/USDT           15  15   0   0    0    0  2.19  0.31     0 MUITO FRACO
========================================================================================================================

======================================================================
                         TOP 10 V3
======================================================================
 1. CRV/USDT         95/100 EXCEPCIONAL     CONF 100% COMPRA FORTE
 2. ENA/USDT         95/100 EXCEPCIONAL     CONF 100% COMPRA FORTE
 3. NEAR/USDT        92/100 EXCEPCIONAL     CONF  97% COMPRA FORTE
 4. ONG/USDT         92/100 EXCEPCIONAL     CONF  89% COMPRA FORTE
 5. HEMI/USDT        89/100 MUITO FORTE     CONF  80% COMPRA FORTE
 6. UNI/USDT         87/100 MUITO FORTE     CONF  87% COMPRA FORTE
 7. ARB/USDT         84/100 MUITO FORTE     CONF  84% COMPRA FORTE
 8. AAVE/USDT        81/100 MUITO FORTE     CONF  81% COMPRA FORTE
 9. FDUSD/USDT       80/100 MUITO FORTE     CONF  72% COMPRA FORTE
10. OP/USDT          76/100 MUITO FORTE     CONF  71% COMPRA
======================================================================

======================================================================
                        SINAIS V3
======================================================================
 1. CRV/USDT        SCORE  95  CONF 100%  COMPRA FORTE
 2. ENA/USDT        SCORE  95  CONF 100%  COMPRA FORTE
 3. NEAR/USDT       SCORE  92  CONF  97%  COMPRA FORTE
 4. ONG/USDT        SCORE  92  CONF  89%  COMPRA FORTE
    Riscos: VOLATILIDADE_ALTA
 5. HEMI/USDT       SCORE  89  CONF  80%  COMPRA FORTE
    Riscos: VOLATILIDADE_ALTA
 6. UNI/USDT        SCORE  87  CONF  87%  COMPRA FORTE
 7. ARB/USDT        SCORE  84  CONF  84%  COMPRA FORTE
 8. AAVE/USDT       SCORE  81  CONF  81%  COMPRA FORTE
 9. FDUSD/USDT      SCORE  80  CONF  72%  COMPRA FORTE
    Riscos: MOMENTUM_NEGATIVO
10. OP/USDT         SCORE  76  CONF  71%  COMPRA
11. USDC/USDT       SCORE  76  CONF  71%  COMPRA
12. LTC/USDT        SCORE  74  CONF  71%  COMPRA
13. ZEC/USDT        SCORE  70  CONF  67%  COMPRA
======================================================================

Salvando análises V3 no banco...
✓ 45 análises V3 salvas

======================================================================
                        RESUMO V3
======================================================================
Mercados selecionados: 45
Análises concluídas:   45
Análises salvas:       45
Erros/avisos:          0
Tempo total:           39.71s
Banco:                 /home/alex/projetos/crypto-radar/data/crypto_radar.db
Tabela V3:             scanner_v3_results
======================================================================
[2026-09-01T13:25:43.007738+00:00] FIM SCANNER_V3: rc=0
[2026-09-01T13:25:43.008095+00:00] INÍCIO ADAPTER_V9.20: scanner_v3_to_v9.py
==========================================================================================
CRYPTO RADAR - PAPER TRADING V9.20 -- V3 -> FORWARD SIGNALS
==========================================================================================
Banco V3:       /home/alex/projetos/crypto-radar/data/crypto_radar.db
Saída V9:       /home/alex/projetos/crypto-radar/data/forward_signals.csv
Modo:           PAPER ONLY
Ordens reais:   NÃO
CSV legado V8:  NÃO UTILIZADO
------------------------------------------------------------------------------------------
Última rodada V3: 2026-09-01T13:25:02.957307+00:00
Sinais COMPRA/COMPRA FORTE:              14
Sinais novos gravados:                   1
Sinais já existentes:                    0
Símbolo já com sinal pendente (ignorados): 13

IMPORTANTE:
  O preço, timestamp, score e confiança vêm diretamente do V3.
  O adaptador não cria fees, quantity, notional ou P&L.
  LONG é somente a tradução de COMPRA/COMPRA FORTE para o schema V9.

Próximo fluxo:
  scanner_v3.py -> SQLite -> V9.20 -> forward_signals.csv -> V9.15/V9.17
==========================================================================================
[2026-09-01T13:25:43.671436+00:00] FIM ADAPTER_V9.20: rc=0
[2026-09-01T13:25:43.671674+00:00] INÍCIO MONITOR_CLOSE_V9.18: paper_trading_v9_18.py
====================================================================================================
CRYPTO RADAR - PAPER TRADING V9.18 -- MONITOR / CLOSE
====================================================================================================
Posições abertas:    /home/alex/projetos/crypto-radar/data/paper_trading_v9_open_positions.csv
Ledger financeiro:   /home/alex/projetos/crypto-radar/data/paper_trading_v9_financial_trades.csv
Fee saída:            0.100% [HIPÓTESE V9]
Slippage saída:      0.100% [HIPÓTESE V9]
STOP / TARGET:        4.00% / 6.00%
Tempo máximo:         24h
Modo: PAPER ONLY
Ordens reais: NÃO
CSV legado V8: NÃO UTILIZADO
----------------------------------------------------------------------------------------------------
HOLD  EUR/USDT     price=1.15950000 ret=-0.281% age=23.43h
HOLD  XLM/USDT     price=0.17720000 ret=-0.938% age=20.43h
HOLD  SOL/USDT     price=101.87000000 ret=-2.586% age=19.43h
HOLD  ETH/USDT     price=2442.27000000 ret=-1.693% age=18.43h
HOLD  BTC/USDT     price=77815.47000000 ret=-1.471% age=18.43h
HOLD  LINK/USDT    price=11.38800000 ret=-0.223% age=18.43h
HOLD  ZEC/USDT     price=846.96000000 ret=-1.151% age=17.43h
HOLD  HEMI/USDT    price=0.01564000 ret=-3.553% age=17.43h
CLOSE UNI/USDT     price=5.75900000 ret=+9.440% age=16.43h reason=TARGET net=$+9.1210
HOLD  RLUSD/USDT   price=1.00050000 ret=-0.090% age=16.43h
----------------------------------------------------------------------------------------------------
Posições antes:      10
Novos CLOSE:         1
Posições abertas:    9
Trades no ledger:    156
====================================================================================================
V9.18 concluiu um ciclo PAPER. Nenhuma ordem real foi enviada.
====================================================================================================
[2026-09-01T13:25:47.512421+00:00] FIM MONITOR_CLOSE_V9.18: rc=0
[2026-09-01T13:25:47.527928+00:00] PREFLIGHT_PÓS_MONITOR: OK - 35 símbolos acionáveis sem duplicidade (35 sinais brutos)
[2026-09-01T13:25:47.528161+00:00] INÍCIO EXECUTOR_V9.17: paper_trading_v9_17.py
====================================================================================================
CRYPTO RADAR - PAPER TRADING V9.17 -- FORWARD TRADE EXECUTOR
====================================================================================================
Sinais:                 /home/alex/projetos/crypto-radar/data/forward_signals.csv
Posições abertas:       /home/alex/projetos/crypto-radar/data/paper_trading_v9_open_positions.csv
Ledger financeiro:      /home/alex/projetos/crypto-radar/data/paper_trading_v9_financial_trades.csv
Capital referência:     $1,000.00
Notional por trade:     $100.00 [HIPÓTESE V9.17]
Máx. posições:          10
Fee entrada/saída:      0.100% / 0.100% [HIPÓTESE]
Slippage entrada/saída:  0.100% / 0.100% [HIPÓTESE]
STOP / TARGET:           4.00% / 6.00%
Tempo máximo:            24h
Modo: PAPER ONLY
Ordens reais: NÃO
CSV legado V8: NÃO UTILIZADO
----------------------------------------------------------------------------------------------------
OPEN  USDC/USDT    entry=1.00123023 notional=$100.00
----------------------------------------------------------------------------------------------------
Sinais válidos:         973
Posições antes:         9
Novos OPEN:             1
Sinais expirados (>=24h, não abertos): 34
Novos CLOSE:            0
Posições abertas agora: 10
Trades no ledger:       156
====================================================================================================
V9.17 concluiu um ciclo PAPER. Nenhuma ordem real foi enviada.
[2026-09-01T13:25:53.684093+00:00] FIM EXECUTOR_V9.17: rc=0
[2026-09-01T13:25:53.684515+00:00] INÍCIO AUDITORIA_V9.19: paper_trading_v9_19.py
====================================================================================================
CRYPTO RADAR - PAPER TRADING V9.19 -- AUDITORIA DO CICLO FORWARD
====================================================================================================
Posições abertas: /home/alex/projetos/crypto-radar/data/paper_trading_v9_open_positions.csv
Ledger financeiro: /home/alex/projetos/crypto-radar/data/paper_trading_v9_financial_trades.csv
Modo: AUDITORIA — NÃO ALTERA DADOS
CSV legado V8: NÃO UTILIZADO
----------------------------------------------------------------------------------------------------
Posições abertas: 10
Trades financeiros fechados: 156
Net P&L acumulado do ledger: $-693.38413397
Duplicidades abertas: 0
Duplicidades no ledger: 0

====================================================================================================
VEREDITO V9.19
====================================================================================================
APROVADA
Integridade estrutural do ciclo forward confirmada.
Nenhum dado foi inventado, corrigido ou composto.
====================================================================================================
[2026-09-01T13:25:53.729383+00:00] FIM AUDITORIA_V9.19: rc=0
[2026-09-01T13:25:53.729744+00:00] CICLO V9.21 concluído com sucesso.
====================================================================================================
V9.21 CONCLUÍDA: ciclo forward seguro.
Nenhuma ordem real foi enviada.
====================================================================================================
====================================================================================================
CRYPTO RADAR - PAPER TRADING V9.21 -- ORQUESTRADOR FORWARD SEGURO
====================================================================================================
Modo: PAPER ONLY
Ordens reais: NÃO
CSV legado V8: NÃO UTILIZADO
Projeto: /home/alex/projetos/crypto-radar
Lock:    /home/alex/projetos/crypto-radar/data/v9_forward_orchestrator.lock
Log:     /home/alex/projetos/crypto-radar/data/v9_21_orchestrator.log
----------------------------------------------------------------------------------------------------
[2026-09-01T15:25:02.505351+00:00] CICLO V9.21 iniciado
[2026-09-01T15:25:02.506920+00:00] INÍCIO SCANNER_V3: scanner_v3.py

======================================================================
                      CRYPTO RADAR - SCANNER V3
======================================================================
Timeframe:        1h
Candles:          240
TOP mercados:     50
Volume mínimo:    $1.00M
Timeout rede:     15s
Retry OHLCV:      3
Usando somente candles fechados.

Inicializando banco...
✓ Banco OK
Inicializando Binance...
✓ Binance OK

Carregando mercados...
Mercados candidatos: 485
Buscando tickers...
Mercados selecionados: 50

Filtrando por idade de listagem (mín. 90d)...
  Ignorando SNDKB/USDT: listado há 83d (< 90d mínimo)
  Ignorando GRAM/USDT: listado há 62d (< 90d mínimo)
  Ignorando CRCLB/USDT: listado há 83d (< 90d mínimo)
  Ignorando SPCXB/USDT: listado há 82d (< 90d mínimo)
  Ignorando MSTRB/USDT: listado há 71d (< 90d mínimo)
Mercados após filtro de idade: 45

Analisando mercados...
----------------------------------------------------------------------
[01/45] USDC/USDT
  Buscando OHLCV (tentativa 1/3)...
  ✓ 240 candles fechados
  Preço:                     1.00032000
  RSI:                       61.63
  EMA20:                     1.00023857
  EMA50:                     1.00017610
  Momentum 4h:               +0.00%
  Volume relativo:           1.33x
  ATR:                       0.01%

  COMPONENTES DO SCORE
  -------------------------------------------------------------
  RSI:                20/20
  Tendência 1h:       25/25
  Tendência 4h:       20/20
  Momentum:             7/15
  Volume:               9/15
  -------------------------------------------------------------
  SCORE:               81/100
  Classificação:     MUITO FORTE
  Sinal:             COMPRA FORTE
  Confiança:          80%
  ✓ Concluído em 0.47s
[02/45] BTC/USDT
  Buscando OHLCV (tentativa 1/3)...
  ✓ 240 candles fechados
  Preço:                     78167.99000000
  RSI:                       45.79
  EMA20:                     78337.64730196
  EMA50:                     78387.22127230
  Momentum 4h:               +0.18%
  Volume relativo:           1.50x
  ATR:                       0.55%

  COMPONENTES DO SCORE
  -------------------------------------------------------------
  RSI:                19/20
  Tendência 1h:        0/25
  Tendência 4h:        0/20
  Momentum:             7/15
  Volume:               9/15
  -------------------------------------------------------------
  SCORE:               35/100
  Classificação:     NEUTRO
  Sinal:             SEM SINAL
  Confiança:          10%
  ✓ Concluído em 0.58s
[03/45] ETH/USDT
  Buscando OHLCV (tentativa 1/3)...
  ✓ 240 candles fechados
  Preço:                     2449.29000000
  RSI:                       44.32
  EMA20:                     2459.36756283
  EMA50:                     2460.37924438
  Momentum 4h:               -0.31%
  Volume relativo:           1.79x
  ATR:                       0.66%

  COMPONENTES DO SCORE
  -------------------------------------------------------------
  RSI:                15/20
  Tendência 1h:        0/25
  Tendência 4h:        0/20
  Momentum:             3/15
  Volume:              12/15
  -------------------------------------------------------------
  SCORE:               30/100
  Classificação:     FRACO
  Sinal:             SEM SINAL
  Confiança:           2%
  Riscos:            MOMENTUM_NEGATIVO
  ✓ Concluído em 0.59s
[04/45] SOL/USDT
  Buscando OHLCV (tentativa 1/3)...
  ✓ 240 candles fechados
  Preço:                     102.03000000
  RSI:                       40.25
  EMA20:                     102.76656422
  EMA50:                     103.31195389
  Momentum 4h:               -0.34%
  Volume relativo:           1.25x
  ATR:                       0.81%

  COMPONENTES DO SCORE
  -------------------------------------------------------------
  RSI:                15/20
  Tendência 1h:        0/25
  Tendência 4h:        7/20
  Momentum:             3/15
  Volume:               9/15
  -------------------------------------------------------------
  SCORE:               34/100
  Classificação:     FRACO
  Sinal:             SEM SINAL
  Confiança:           5%
  Riscos:            MOMENTUM_NEGATIVO
  ✓ Concluído em 0.31s
[05/45] USD1/USDT
  Buscando OHLCV (tentativa 1/3)...
  ✓ 240 candles fechados
  Preço:                     0.99982000
  RSI:                       52.04
  EMA20:                     0.99979779
  EMA50:                     0.99979194
  Momentum 4h:               +0.01%
  Volume relativo:           1.42x
  ATR:                       0.01%

  COMPONENTES DO SCORE
  -------------------------------------------------------------
  RSI:                20/20
  Tendência 1h:       25/25
  Tendência 4h:       14/20
  Momentum:             7/15
  Volume:               9/15
  -------------------------------------------------------------
  SCORE:               75/100
  Classificação:     MUITO FORTE
  Sinal:             COMPRA
  Confiança:          69%
  ✓ Concluído em 0.38s
[06/45] ZEC/USDT
  Buscando OHLCV (tentativa 1/3)...
  ✓ 240 candles fechados
  Preço:                     854.06000000
  RSI:                       53.02
  EMA20:                     850.18578426
  EMA50:                     844.37064824
  Momentum 4h:               +1.13%
  Volume relativo:           0.91x
  ATR:                       1.57%

  COMPONENTES DO SCORE
  -------------------------------------------------------------
  RSI:                20/20
  Tendência 1h:       25/25
  Tendência 4h:       20/20
  Momentum:            13/15
  Volume:               4/15
  -------------------------------------------------------------
  SCORE:               82/100
  Classificação:     MUITO FORTE
  Sinal:             COMPRA FORTE
  Confiança:          82%
  ✓ Concluído em 0.31s
[07/45] XRP/USDT
  Buscando OHLCV (tentativa 1/3)...
  ✓ 240 candles fechados
  Preço:                     1.37850000
  RSI:                       50.17
  EMA20:                     1.37770336
  EMA50:                     1.38089590
  Momentum 4h:               +0.07%
  Volume relativo:           0.95x
  ATR:                       0.96%

  COMPONENTES DO SCORE
  -------------------------------------------------------------
  RSI:                20/20
  Tendência 1h:       15/25
  Tendência 4h:        0/20
  Momentum:             7/15
  Volume:               4/15
  -------------------------------------------------------------
  SCORE:               46/100
  Classificação:     MODERADO
  Sinal:             SEM SINAL
  Confiança:          24%
  ✓ Concluído em 0.32s
[08/45] ENSO/USDT
  Buscando OHLCV (tentativa 1/3)...
  ✓ 240 candles fechados
  Preço:                     0.86600000
  RSI:                       42.19
  EMA20:                     0.88343235
  EMA50:                     0.88413790
  Momentum 4h:               +0.46%
  Volume relativo:           0.15x
  ATR:                       2.19%

  COMPONENTES DO SCORE
  -------------------------------------------------------------
  RSI:                15/20
  Tendência 1h:        0/25
  Tendência 4h:        0/20
  Momentum:             7/15
  Volume:               0/15
  -------------------------------------------------------------
  SCORE:               22/100
  Classificação:     FRACO
  Sinal:             SEM SINAL
  Confiança:           0%
  Riscos:            VOLUME_BAIXO
  ✓ Concluído em 0.32s
[09/45] RLUSD/USDT
  Buscando OHLCV (tentativa 1/3)...
  ✓ 240 candles fechados
  Preço:                     1.00040000
  RSI:                       49.30
  EMA20:                     1.00041627
  EMA50:                     1.00039771
  Momentum 4h:               +0.00%
  Volume relativo:           0.07x
  ATR:                       0.01%

  COMPONENTES DO SCORE
  -------------------------------------------------------------
  RSI:                19/20
  Tendência 1h:       15/25
  Tendência 4h:       20/20
  Momentum:             7/15
  Volume:               0/15
  -------------------------------------------------------------
  SCORE:               61/100
  Classificação:     FORTE
  Sinal:             SEM SINAL
  Confiança:          44%
  Riscos:            VOLUME_BAIXO
  ✓ Concluído em 0.32s
[10/45] UNI/USDT
  Buscando OHLCV (tentativa 1/3)...
  ✓ 240 candles fechados
  Preço:                     5.72600000
  RSI:                       63.70
  EMA20:                     5.54913192
  EMA50:                     5.31114277
  Momentum 4h:               -0.21%
  Volume relativo:           1.01x
  ATR:                       2.88%

  COMPONENTES DO SCORE
  -------------------------------------------------------------
  RSI:                20/20
  Tendência 1h:       25/25
  Tendência 4h:       20/20
  Momentum:             3/15
  Volume:               9/15
  -------------------------------------------------------------
  SCORE:               77/100
  Classificação:     MUITO FORTE
  Sinal:             COMPRA
  Confiança:          63%
  Riscos:            MOMENTUM_NEGATIVO
  ✓ Concluído em 0.32s
[11/45] ARB/USDT
  Buscando OHLCV (tentativa 1/3)...
  ✓ 240 candles fechados
  Preço:                     0.10980000
  RSI:                       59.42
  EMA20:                     0.10738760
  EMA50:                     0.10004490
  Momentum 4h:               -2.40%
  Volume relativo:           1.13x
  ATR:                       4.12%

  COMPONENTES DO SCORE
  -------------------------------------------------------------
  RSI:                20/20
  Tendência 1h:       25/25
  Tendência 4h:       20/20
  Momentum:             0/15
  Volume:               9/15
  -------------------------------------------------------------
  SCORE:               74/100
  Classificação:     FORTE
  Sinal:             COMPRA
  Confiança:          63%
  Riscos:            MOMENTUM_NEGATIVO
  ✓ Concluído em 0.33s
[12/45] BNB/USDT
  Buscando OHLCV (tentativa 1/3)...
  ✓ 240 candles fechados
  Preço:                     687.31000000
  RSI:                       43.41
  EMA20:                     689.08319552
  EMA50:                     690.47069242
  Momentum 4h:               +0.10%
  Volume relativo:           1.00x
  ATR:                       0.41%

  COMPONENTES DO SCORE
  -------------------------------------------------------------
  RSI:                15/20
  Tendência 1h:        0/25
  Tendência 4h:        0/20
  Momentum:             7/15
  Volume:               4/15
  -------------------------------------------------------------
  SCORE:               26/100
  Classificação:     FRACO
  Sinal:             SEM SINAL
  Confiança:           6%
  ✓ Concluído em 0.33s
[13/45] ENA/USDT
  Buscando OHLCV (tentativa 1/3)...
  ✓ 240 candles fechados
  Preço:                     0.16330000
  RSI:                       64.82
  EMA20:                     0.15508398
  EMA50:                     0.15411404
  Momentum 4h:               +4.48%
  Volume relativo:           1.34x
  ATR:                       2.38%

  COMPONENTES DO SCORE
  -------------------------------------------------------------
  RSI:                20/20
  Tendência 1h:       25/25
  Tendência 4h:       20/20
  Momentum:            15/15
  Volume:               9/15
  -------------------------------------------------------------
  SCORE:               89/100
  Classificação:     MUITO FORTE
  Sinal:             COMPRA FORTE
  Confiança:          88%
  ✓ Concluído em 0.32s
[14/45] U/USDT
  Buscando OHLCV (tentativa 1/3)...
  ✓ 240 candles fechados
  Preço:                     0.99950000
  RSI:                       45.32
  EMA20:                     0.99956969
  EMA50:                     0.99960232
  Momentum 4h:               +0.00%
  Volume relativo:           1.76x
  ATR:                       0.01%

  COMPONENTES DO SCORE
  -------------------------------------------------------------
  RSI:                19/20
  Tendência 1h:        0/25
  Tendência 4h:        0/20
  Momentum:             7/15
  Volume:              12/15
  -------------------------------------------------------------
  SCORE:               38/100
  Classificação:     NEUTRO
  Sinal:             SEM SINAL
  Confiança:          14%
  ✓ Concluído em 0.31s
[15/45] NEAR/USDT
  Buscando OHLCV (tentativa 1/3)...
  ✓ 240 candles fechados
  Preço:                     2.02700000
  RSI:                       68.80
  EMA20:                     1.94863883
  EMA50:                     1.91092323
  Momentum 4h:               +4.54%
  Volume relativo:           2.14x
  ATR:                       1.86%

  COMPONENTES DO SCORE
  -------------------------------------------------------------
  RSI:                20/20
  Tendência 1h:       25/25
  Tendência 4h:       20/20
  Momentum:            15/15
  Volume:              15/15
  -------------------------------------------------------------
  SCORE:               95/100
  Classificação:     EXCEPCIONAL
  Sinal:             COMPRA FORTE
  Confiança:         100%
  ✓ Concluído em 0.32s
[16/45] DOGE/USDT
  Buscando OHLCV (tentativa 1/3)...
  ✓ 240 candles fechados
  Preço:                     0.08277000
  RSI:                       46.71
  EMA20:                     0.08296161
  EMA50:                     0.08340532
  Momentum 4h:               -0.11%
  Volume relativo:           0.91x
  ATR:                       0.82%

  COMPONENTES DO SCORE
  -------------------------------------------------------------
  RSI:                19/20
  Tendência 1h:        0/25
  Tendência 4h:        0/20
  Momentum:             3/15
  Volume:               4/15
  -------------------------------------------------------------
  SCORE:               26/100
  Classificação:     FRACO
  Sinal:             SEM SINAL
  Confiança:           0%
  Riscos:            MOMENTUM_NEGATIVO
  ✓ Concluído em 0.33s
[17/45] TRX/USDT
  Buscando OHLCV (tentativa 1/3)...
  ✓ 240 candles fechados
  Preço:                     0.32550000
  RSI:                       13.67
  EMA20:                     0.33028077
  EMA50:                     0.33336244
  Momentum 4h:               -0.88%
  Volume relativo:           1.62x
  ATR:                       0.31%

  COMPONENTES DO SCORE
  -------------------------------------------------------------
  RSI:                 2/20
  Tendência 1h:        0/25
  Tendência 4h:        0/20
  Momentum:             3/15
  Volume:              12/15
  -------------------------------------------------------------
  SCORE:               17/100
  Classificação:     MUITO FRACO
  Sinal:             SEM SINAL
  Confiança:           2%
  Riscos:            MOMENTUM_NEGATIVO
  ✓ Concluído em 0.33s
[18/45] LINK/USDT
  Buscando OHLCV (tentativa 1/3)...
  ✓ 240 candles fechados
  Preço:                     11.44800000
  RSI:                       54.33
  EMA20:                     11.40175396
  EMA50:                     11.39138002
  Momentum 4h:               +0.10%
  Volume relativo:           0.77x
  ATR:                       0.95%

  COMPONENTES DO SCORE
  -------------------------------------------------------------
  RSI:                20/20
  Tendência 1h:       25/25
  Tendência 4h:       14/20
  Momentum:             7/15
  Volume:               4/15
  -------------------------------------------------------------
  SCORE:               70/100
  Classificação:     FORTE
  Sinal:             COMPRA
  Confiança:          65%
  ✓ Concluído em 0.33s
[19/45] SUI/USDT
  Buscando OHLCV (tentativa 1/3)...
  ✓ 240 candles fechados
  Preço:                     0.73170000
  RSI:                       53.24
  EMA20:                     0.72825681
  EMA50:                     0.73058242
  Momentum 4h:               +0.69%
  Volume relativo:           1.49x
  ATR:                       1.15%

  COMPONENTES DO SCORE
  -------------------------------------------------------------
  RSI:                20/20
  Tendência 1h:       15/25
  Tendência 4h:        0/20
  Momentum:            10/15
  Volume:               9/15
  -------------------------------------------------------------
  SCORE:               54/100
  Classificação:     MODERADO
  Sinal:             SEM SINAL
  Confiança:          37%
  ✓ Concluído em 0.33s
[20/45] XAUT/USDT
  Buscando OHLCV (tentativa 1/3)...
  ✓ 240 candles fechados
  Preço:                     4357.75000000
  RSI:                       30.07
  EMA20:                     4397.90606454
  EMA50:                     4423.23749310
  Momentum 4h:               -0.44%
  Volume relativo:           2.94x
  ATR:                       0.45%

  COMPONENTES DO SCORE
  -------------------------------------------------------------
  RSI:                11/20
  Tendência 1h:        0/25
  Tendência 4h:        0/20
  Momentum:             3/15
  Volume:              15/15
  -------------------------------------------------------------
  SCORE:               29/100
  Classificação:     FRACO
  Sinal:             SEM SINAL
  Confiança:           5%
  Riscos:            MOMENTUM_NEGATIVO
  ✓ Concluído em 0.32s
[21/45] DASH/USDT
  Buscando OHLCV (tentativa 1/3)...
  ✓ 240 candles fechados
  Preço:                     44.99000000
  RSI:                       49.22
  EMA20:                     45.35960826
  EMA50:                     44.17512973
  Momentum 4h:               -0.82%
  Volume relativo:           0.39x
  ATR:                       2.37%

  COMPONENTES DO SCORE
  -------------------------------------------------------------
  RSI:                19/20
  Tendência 1h:       15/25
  Tendência 4h:       20/20
  Momentum:             3/15
  Volume:               0/15
  -------------------------------------------------------------
  SCORE:               57/100
  Classificação:     MODERADO
  Sinal:             SEM SINAL
  Confiança:          26%
  Riscos:            MOMENTUM_NEGATIVO, VOLUME_BAIXO
  ✓ Concluído em 0.32s
[22/45] 0G/USDT
  Buscando OHLCV (tentativa 1/3)...
  ✓ 240 candles fechados
  Preço:                     0.20340000
  RSI:                       41.81
  EMA20:                     0.22121534
  EMA50:                     0.20846893
  Momentum 4h:               -8.95%
  Volume relativo:           0.66x
  ATR:                       6.93%

  COMPONENTES DO SCORE
  -------------------------------------------------------------
  RSI:                15/20
  Tendência 1h:        0/25
  Tendência 4h:       20/20
  Momentum:             0/15
  Volume:               4/15
  -------------------------------------------------------------
  SCORE:               39/100
  Classificação:     NEUTRO
  Sinal:             SEM SINAL
  Confiança:           6%
  Riscos:            MOMENTUM_NEGATIVO, VOLATILIDADE_ALTA
  ✓ Concluído em 0.32s
[23/45] PUMP/USDT
  Buscando OHLCV (tentativa 1/3)...
  ✓ 240 candles fechados
  Preço:                     0.00445900
  RSI:                       50.47
  EMA20:                     0.00444661
  EMA50:                     0.00449849
  Momentum 4h:               +1.11%
  Volume relativo:           1.01x
  ATR:                       1.89%

  COMPONENTES DO SCORE
  -------------------------------------------------------------
  RSI:                20/20
  Tendência 1h:       15/25
  Tendência 4h:        0/20
  Momentum:            13/15
  Volume:               9/15
  -------------------------------------------------------------
  SCORE:               57/100
  Classificação:     MODERADO
  Sinal:             SEM SINAL
  Confiança:          40%
  ✓ Concluído em 0.35s
[24/45] TRUMP/USDT
  Buscando OHLCV (tentativa 1/3)...
  ✓ 240 candles fechados
  Preço:                     2.37900000
  RSI:                       46.89
  EMA20:                     2.38714812
  EMA50:                     2.43176072
  Momentum 4h:               +0.04%
  Volume relativo:           1.01x
  ATR:                       1.67%

  COMPONENTES DO SCORE
  -------------------------------------------------------------
  RSI:                19/20
  Tendência 1h:        0/25
  Tendência 4h:        0/20
  Momentum:             7/15
  Volume:               9/15
  -------------------------------------------------------------
  SCORE:               35/100
  Classificação:     NEUTRO
  Sinal:             SEM SINAL
  Confiança:          10%
  ✓ Concluído em 0.33s
[25/45] PEPE/USDT
  Buscando OHLCV (tentativa 1/3)...
  ✓ 240 candles fechados
  Preço:                     0.00000351
  RSI:                       45.35
  EMA20:                     0.00000353
  EMA50:                     0.00000356
  Momentum 4h:               +0.57%
  Volume relativo:           1.28x
  ATR:                       1.40%

  COMPONENTES DO SCORE
  -------------------------------------------------------------
  RSI:                19/20
  Tendência 1h:        0/25
  Tendência 4h:        0/20
  Momentum:            10/15
  Volume:               9/15
  -------------------------------------------------------------
  SCORE:               38/100
  Classificação:     NEUTRO
  Sinal:             SEM SINAL
  Confiança:          13%
  ✓ Concluído em 0.33s
[26/45] FDUSD/USDT
  Buscando OHLCV (tentativa 1/3)...
  ✓ 240 candles fechados
  Preço:                     0.99880000
  RSI:                       49.06
  EMA20:                     0.99885518
  EMA50:                     0.99877973
  Momentum 4h:               -0.03%
  Volume relativo:           1.05x
  ATR:                       0.02%

  COMPONENTES DO SCORE
  -------------------------------------------------------------
  RSI:                19/20
  Tendência 1h:       15/25
  Tendência 4h:       14/20
  Momentum:             3/15
  Volume:               9/15
  -------------------------------------------------------------
  SCORE:               60/100
  Classificação:     FORTE
  Sinal:             SEM SINAL
  Confiança:          42%
  Riscos:            MOMENTUM_NEGATIVO
  ✓ Concluído em 0.32s
[27/45] ADA/USDT
  Buscando OHLCV (tentativa 1/3)...
  ✓ 240 candles fechados
  Preço:                     0.19960000
  RSI:                       52.27
  EMA20:                     0.19903146
  EMA50:                     0.19922367
  Momentum 4h:               +0.25%
  Volume relativo:           1.56x
  ATR:                       1.12%

  COMPONENTES DO SCORE
  -------------------------------------------------------------
  RSI:                20/20
  Tendência 1h:       15/25
  Tendência 4h:        0/20
  Momentum:             7/15
  Volume:              12/15
  -------------------------------------------------------------
  SCORE:               54/100
  Classificação:     MODERADO
  Sinal:             SEM SINAL
  Confiança:          38%
  ✓ Concluído em 0.34s
[28/45] HEMI/USDT
  Buscando OHLCV (tentativa 1/3)...
  ✓ 240 candles fechados
  Preço:                     0.01584000
  RSI:                       55.09
  EMA20:                     0.01552762
  EMA50:                     0.01471468
  Momentum 4h:               +2.46%
  Volume relativo:           0.53x
  ATR:                       5.04%

  COMPONENTES DO SCORE
  -------------------------------------------------------------
  RSI:                20/20
  Tendência 1h:       25/25
  Tendência 4h:       20/20
  Momentum:            15/15
  Volume:               4/15
  -------------------------------------------------------------
  SCORE:               84/100
  Classificação:     MUITO FORTE
  Sinal:             COMPRA FORTE
  Confiança:          76%
  Riscos:            VOLATILIDADE_ALTA
  ✓ Concluído em 0.32s
[29/45] CRV/USDT
  Buscando OHLCV (tentativa 1/3)...
  ✓ 240 candles fechados
  Preço:                     0.36120000
  RSI:                       65.43
  EMA20:                     0.34913006
  EMA50:                     0.33196223
  Momentum 4h:               +1.57%
  Volume relativo:           0.61x
  ATR:                       2.65%

  COMPONENTES DO SCORE
  -------------------------------------------------------------
  RSI:                20/20
  Tendência 1h:       25/25
  Tendência 4h:       20/20
  Momentum:            13/15
  Volume:               4/15
  -------------------------------------------------------------
  SCORE:               82/100
  Classificação:     MUITO FORTE
  Sinal:             COMPRA FORTE
  Confiança:          82%
  ✓ Concluído em 0.32s
[30/45] OP/USDT
  Buscando OHLCV (tentativa 1/3)...
  ✓ 240 candles fechados
  Preço:                     0.10070000
  RSI:                       71.93
  EMA20:                     0.09542031
  EMA50:                     0.09255478
  Momentum 4h:               +3.28%
  Volume relativo:           1.60x
  ATR:                       2.56%

  COMPONENTES DO SCORE
  -------------------------------------------------------------
  RSI:                15/20
  Tendência 1h:       25/25
  Tendência 4h:       14/20
  Momentum:            15/15
  Volume:              12/15
  -------------------------------------------------------------
  SCORE:               81/100
  Classificação:     MUITO FORTE
  Sinal:             COMPRA FORTE
  Confiança:          86%
  ✓ Concluído em 0.42s
[31/45] PAXG/USDT
  Buscando OHLCV (tentativa 1/3)...
  ✓ 240 candles fechados
  Preço:                     4367.87000000
  RSI:                       31.02
  EMA20:                     4406.62508400
  EMA50:                     4431.45612247
  Momentum 4h:               -0.41%
  Volume relativo:           1.60x
  ATR:                       0.47%

  COMPONENTES DO SCORE
  -------------------------------------------------------------
  RSI:                11/20
  Tendência 1h:        0/25
  Tendência 4h:        0/20
  Momentum:             3/15
  Volume:              12/15
  -------------------------------------------------------------
  SCORE:               26/100
  Classificação:     FRACO
  Sinal:             SEM SINAL
  Confiança:           2%
  Riscos:            MOMENTUM_NEGATIVO
  ✓ Concluído em 0.32s
[32/45] WLD/USDT
  Buscando OHLCV (tentativa 1/3)...
  ✓ 240 candles fechados
  Preço:                     0.37120000
  RSI:                       55.37
  EMA20:                     0.36734105
  EMA50:                     0.36861490
  Momentum 4h:               +1.20%
  Volume relativo:           0.90x
  ATR:                       1.56%

  COMPONENTES DO SCORE
  -------------------------------------------------------------
  RSI:                20/20
  Tendência 1h:       15/25
  Tendência 4h:        0/20
  Momentum:            13/15
  Volume:               4/15
  -------------------------------------------------------------
  SCORE:               52/100
  Classificação:     MODERADO
  Sinal:             SEM SINAL
  Confiança:          36%
  ✓ Concluído em 0.31s
[33/45] TUT/USDT
  Buscando OHLCV (tentativa 1/3)...
  ✓ 240 candles fechados
  Preço:                     0.03063000
  RSI:                       42.79
  EMA20:                     0.03109864
  EMA50:                     0.03273212
  Momentum 4h:               -5.58%
  Volume relativo:           0.48x
  ATR:                       4.75%

  COMPONENTES DO SCORE
  -------------------------------------------------------------
  RSI:                15/20
  Tendência 1h:        0/25
  Tendência 4h:        0/20
  Momentum:             0/15
  Volume:               0/15
  -------------------------------------------------------------
  SCORE:               15/100
  Classificação:     MUITO FRACO
  Sinal:             SEM SINAL
  Confiança:           0%
  Riscos:            MOMENTUM_NEGATIVO, VOLUME_BAIXO
  ✓ Concluído em 0.32s
[34/45] AAVE/USDT
  Buscando OHLCV (tentativa 1/3)...
  ✓ 240 candles fechados
  Preço:                     127.60000000
  RSI:                       57.94
  EMA20:                     125.85902861
  EMA50:                     125.14449351
  Momentum 4h:               +0.73%
  Volume relativo:           1.57x
  ATR:                       1.45%

  COMPONENTES DO SCORE
  -------------------------------------------------------------
  RSI:                20/20
  Tendência 1h:       25/25
  Tendência 4h:       14/20
  Momentum:            10/15
  Volume:              12/15
  -------------------------------------------------------------
  SCORE:               81/100
  Classificação:     MUITO FORTE
  Sinal:             COMPRA FORTE
  Confiança:          81%
  ✓ Concluído em 0.32s
[35/45] ONG/USDT
  Buscando OHLCV (tentativa 1/3)...
  ✓ 240 candles fechados
  Preço:                     0.11568000
  RSI:                       62.15
  EMA20:                     0.10648210
  EMA50:                     0.10471246
  Momentum 4h:               -9.07%
  Volume relativo:           0.69x
  ATR:                       7.12%

  COMPONENTES DO SCORE
  -------------------------------------------------------------
  RSI:                20/20
  Tendência 1h:       25/25
  Tendência 4h:       20/20
  Momentum:             0/15
  Volume:               4/15
  -------------------------------------------------------------
  SCORE:               69/100
  Classificação:     FORTE
  Sinal:             COMPRA
  Confiança:          44%
  Riscos:            MOMENTUM_NEGATIVO, VOLATILIDADE_ALTA
  ✓ Concluído em 0.34s
[36/45] LTC/USDT
  Buscando OHLCV (tentativa 1/3)...
  ✓ 240 candles fechados
  Preço:                     49.64000000
  RSI:                       64.10
  EMA20:                     48.95112347
  EMA50:                     48.89334744
  Momentum 4h:               +1.35%
  Volume relativo:           1.81x
  ATR:                       0.75%

  COMPONENTES DO SCORE
  -------------------------------------------------------------
  RSI:                20/20
  Tendência 1h:       25/25
  Tendência 4h:       14/20
  Momentum:            13/15
  Volume:              12/15
  -------------------------------------------------------------
  SCORE:               84/100
  Classificação:     MUITO FORTE
  Sinal:             COMPRA FORTE
  Confiança:          84%
  ✓ Concluído em 0.42s
[37/45] TAO/USDT
  Buscando OHLCV (tentativa 1/3)...
  ✓ 240 candles fechados
  Preço:                     225.70000000
  RSI:                       41.68
  EMA20:                     227.95050502
  EMA50:                     230.18195157
  Momentum 4h:               -0.79%
  Volume relativo:           2.17x
  ATR:                       1.08%

  COMPONENTES DO SCORE
  -------------------------------------------------------------
  RSI:                15/20
  Tendência 1h:        0/25
  Tendência 4h:        0/20
  Momentum:             3/15
  Volume:              15/15
  -------------------------------------------------------------
  SCORE:               33/100
  Classificação:     FRACO
  Sinal:             SEM SINAL
  Confiança:           5%
  Riscos:            MOMENTUM_NEGATIVO
  ✓ Concluído em 0.32s
[38/45] EUR/USDT
  Buscando OHLCV (tentativa 1/3)...
  ✓ 240 candles fechados
  Preço:                     1.15990000
  RSI:                       45.06
  EMA20:                     1.16032429
  EMA50:                     1.16010531
  Momentum 4h:               +0.03%
  Volume relativo:           2.44x
  ATR:                       0.07%

  COMPONENTES DO SCORE
  -------------------------------------------------------------
  RSI:                19/20
  Tendência 1h:        0/25
  Tendência 4h:        0/20
  Momentum:             7/15
  Volume:              15/15
  -------------------------------------------------------------
  SCORE:               41/100
  Classificação:     NEUTRO
  Sinal:             SEM SINAL
  Confiança:          23%
  ✓ Concluído em 0.32s
[39/45] AVAX/USDT
  Buscando OHLCV (tentativa 1/3)...
  ✓ 240 candles fechados
  Preço:                     7.33300000
  RSI:                       59.43
  EMA20:                     7.27056635
  EMA50:                     7.26883315
  Momentum 4h:               +0.71%
  Volume relativo:           3.03x
  ATR:                       0.85%

  COMPONENTES DO SCORE
  -------------------------------------------------------------
  RSI:                20/20
  Tendência 1h:       25/25
  Tendência 4h:       14/20
  Momentum:            10/15
  Volume:              15/15
  -------------------------------------------------------------
  SCORE:               84/100
  Classificação:     MUITO FORTE
  Sinal:             COMPRA FORTE
  Confiança:          84%
  ✓ Concluído em 0.33s
[40/45] XLM/USDT
  Buscando OHLCV (tentativa 1/3)...
  ✓ 240 candles fechados
  Preço:                     0.17860000
  RSI:                       54.25
  EMA20:                     0.17766538
  EMA50:                     0.17791646
  Momentum 4h:               +0.62%
  Volume relativo:           1.49x
  ATR:                       0.90%

  COMPONENTES DO SCORE
  -------------------------------------------------------------
  RSI:                20/20
  Tendência 1h:       15/25
  Tendência 4h:        0/20
  Momentum:            10/15
  Volume:               9/15
  -------------------------------------------------------------
  SCORE:               54/100
  Classificação:     MODERADO
  Sinal:             SEM SINAL
  Confiança:          37%
  ✓ Concluído em 0.31s
[41/45] XPL/USDT
  Buscando OHLCV (tentativa 1/3)...
  ✓ 240 candles fechados
  Preço:                     0.08439000
  RSI:                       51.30
  EMA20:                     0.08381074
  EMA50:                     0.08496178
  Momentum 4h:               +3.42%
  Volume relativo:           0.87x
  ATR:                       1.67%

  COMPONENTES DO SCORE
  -------------------------------------------------------------
  RSI:                20/20
  Tendência 1h:       15/25
  Tendência 4h:        0/20
  Momentum:            15/15
  Volume:               4/15
  -------------------------------------------------------------
  SCORE:               54/100
  Classificação:     MODERADO
  Sinal:             SEM SINAL
  Confiança:          38%
  ✓ Concluído em 0.36s
[42/45] BMT/USDT
  Buscando OHLCV (tentativa 1/3)...
  ✓ 240 candles fechados
  Preço:                     0.02068000
  RSI:                       53.88
  EMA20:                     0.02045302
  EMA50:                     0.02079997
  Momentum 4h:               +2.53%
  Volume relativo:           1.19x
  ATR:                       1.85%

  COMPONENTES DO SCORE
  -------------------------------------------------------------
  RSI:                20/20
  Tendência 1h:       15/25
  Tendência 4h:        7/20
  Momentum:            15/15
  Volume:               9/15
  -------------------------------------------------------------
  SCORE:               66/100
  Classificação:     FORTE
  Sinal:             COMPRA
  Confiança:          55%
  ✓ Concluído em 0.42s
[43/45] SC/USDT
  Buscando OHLCV (tentativa 1/3)...
  ✓ 240 candles fechados
  Preço:                     0.00089000
  RSI:                       65.46
  EMA20:                     0.00079575
  EMA50:                     0.00071102
  Momentum 4h:               -1.77%
  Volume relativo:           0.66x
  ATR:                       10.39%

  COMPONENTES DO SCORE
  -------------------------------------------------------------
  RSI:                20/20
  Tendência 1h:       25/25
  Tendência 4h:       20/20
  Momentum:             0/15
  Volume:               4/15
  -------------------------------------------------------------
  SCORE:               69/100
  Classificação:     FORTE
  Sinal:             COMPRA
  Confiança:          44%
  Riscos:            MOMENTUM_NEGATIVO, VOLATILIDADE_ALTA
  ✓ Concluído em 0.32s
[44/45] ONDO/USDT
  Buscando OHLCV (tentativa 1/3)...
  ✓ 240 candles fechados
  Preço:                     0.34620000
  RSI:                       46.43
  EMA20:                     0.34760901
  EMA50:                     0.34915801
  Momentum 4h:               -0.66%
  Volume relativo:           1.10x
  ATR:                       1.19%

  COMPONENTES DO SCORE
  -------------------------------------------------------------
  RSI:                19/20
  Tendência 1h:        0/25
  Tendência 4h:        0/20
  Momentum:             3/15
  Volume:               9/15
  -------------------------------------------------------------
  SCORE:               31/100
  Classificação:     FRACO
  Sinal:             SEM SINAL
  Confiança:           0%
  Riscos:            MOMENTUM_NEGATIVO
  ✓ Concluído em 0.32s
[45/45] ACE/USDT
  Buscando OHLCV (tentativa 1/3)...
  ✓ 240 candles fechados
  Preço:                     0.19010000
  RSI:                       75.22
  EMA20:                     0.17260151
  EMA50:                     0.17460866
  Momentum 4h:               +14.86%
  Volume relativo:           2.05x
  ATR:                       3.47%

  COMPONENTES DO SCORE
  -------------------------------------------------------------
  RSI:                 3/20
  Tendência 1h:       15/25
  Tendência 4h:       14/20
  Momentum:            15/15
  Volume:              15/15
  -------------------------------------------------------------
  SCORE:               62/100
  Classificação:     FORTE
  Sinal:             SEM SINAL
  Confiança:          62%
  Riscos:            RSI_SOBRECOMPRADO
  ✓ Concluído em 0.31s

========================================================================================================================
                                        RANKING DETALHADO V3
========================================================================================================================
 # MERCADO         SCORE RSI T1H T4H  MOM  VOL   ATR  RVOL  CONF CLASSIFICAÇÃO
------------------------------------------------------------------------------------------------------------------------
 1 NEAR/USDT           95  20  25  20   15   15  1.86  2.14   100 EXCEPCIONAL
 2 ENA/USDT            89  20  25  20   15    9  2.38  1.34    88 MUITO FORTE
 3 AVAX/USDT           84  20  25  14   10   15  0.85  3.03    84 MUITO FORTE
 4 LTC/USDT            84  20  25  14   13   12  0.75  1.81    84 MUITO FORTE
 5 HEMI/USDT           84  20  25  20   15    4  5.04  0.53    76 MUITO FORTE
 6 ZEC/USDT            82  20  25  20   13    4  1.57  0.91    82 MUITO FORTE
 7 CRV/USDT            82  20  25  20   13    4  2.65  0.61    82 MUITO FORTE
 8 OP/USDT             81  15  25  14   15   12  2.56  1.60    86 MUITO FORTE
 9 AAVE/USDT           81  20  25  14   10   12  1.45  1.57    81 MUITO FORTE
10 USDC/USDT           81  20  25  20    7    9  0.01  1.33    80 MUITO FORTE
11 UNI/USDT            77  20  25  20    3    9  2.88  1.01    63 MUITO FORTE
12 USD1/USDT           75  20  25  14    7    9  0.01  1.42    69 MUITO FORTE
13 ARB/USDT            74  20  25  20    0    9  4.12  1.13    63 FORTE
14 LINK/USDT           70  20  25  14    7    4  0.95  0.77    65 FORTE
15 ONG/USDT            69  20  25  20    0    4  7.12  0.69    44 FORTE
16 SC/USDT             69  20  25  20    0    4 10.39  0.66    44 FORTE
17 BMT/USDT            66  20  15   7   15    9  1.85  1.19    55 FORTE
18 ACE/USDT            62   3  15  14   15   15  3.47  2.05    62 FORTE
19 RLUSD/USDT          61  19  15  20    7    0  0.01  0.07    44 FORTE
20 FDUSD/USDT          60  19  15  14    3    9  0.02  1.05    42 FORTE
21 PUMP/USDT           57  20  15   0   13    9  1.89  1.01    40 MODERADO
22 DASH/USDT           57  19  15  20    3    0  2.37  0.39    26 MODERADO
23 ADA/USDT            54  20  15   0    7   12  1.12  1.56    38 MODERADO
24 XPL/USDT            54  20  15   0   15    4  1.67  0.87    38 MODERADO
25 SUI/USDT            54  20  15   0   10    9  1.15  1.49    37 MODERADO
26 XLM/USDT            54  20  15   0   10    9  0.90  1.49    37 MODERADO
27 WLD/USDT            52  20  15   0   13    4  1.56  0.90    36 MODERADO
28 XRP/USDT            46  20  15   0    7    4  0.96  0.95    24 MODERADO
29 EUR/USDT            41  19   0   0    7   15  0.07  2.44    23 NEUTRO
30 0G/USDT             39  15   0  20    0    4  6.93  0.66     6 NEUTRO
31 U/USDT              38  19   0   0    7   12  0.01  1.76    14 NEUTRO
32 PEPE/USDT           38  19   0   0   10    9  1.40  1.28    13 NEUTRO
33 BTC/USDT            35  19   0   0    7    9  0.55  1.50    10 NEUTRO
34 TRUMP/USDT          35  19   0   0    7    9  1.67  1.01    10 NEUTRO
35 SOL/USDT            34  15   0   7    3    9  0.81  1.25     5 FRACO
36 TAO/USDT            33  15   0   0    3   15  1.08  2.17     5 FRACO
37 ONDO/USDT           31  19   0   0    3    9  1.19  1.10     0 FRACO
38 ETH/USDT            30  15   0   0    3   12  0.66  1.79     2 FRACO
39 XAUT/USDT           29  11   0   0    3   15  0.45  2.94     5 FRACO
40 BNB/USDT            26  15   0   0    7    4  0.41  1.00     6 FRACO
41 PAXG/USDT           26  11   0   0    3   12  0.47  1.60     2 FRACO
42 DOGE/USDT           26  19   0   0    3    4  0.82  0.91     0 FRACO
43 ENSO/USDT           22  15   0   0    7    0  2.19  0.15     0 FRACO
44 TRX/USDT            17   2   0   0    3   12  0.31  1.62     2 MUITO FRACO
45 TUT/USDT            15  15   0   0    0    0  4.75  0.48     0 MUITO FRACO
========================================================================================================================

======================================================================
                         TOP 10 V3
======================================================================
 1. NEAR/USDT        95/100 EXCEPCIONAL     CONF 100% COMPRA FORTE
 2. ENA/USDT         89/100 MUITO FORTE     CONF  88% COMPRA FORTE
 3. AVAX/USDT        84/100 MUITO FORTE     CONF  84% COMPRA FORTE
 4. LTC/USDT         84/100 MUITO FORTE     CONF  84% COMPRA FORTE
 5. HEMI/USDT        84/100 MUITO FORTE     CONF  76% COMPRA FORTE
 6. ZEC/USDT         82/100 MUITO FORTE     CONF  82% COMPRA FORTE
 7. CRV/USDT         82/100 MUITO FORTE     CONF  82% COMPRA FORTE
 8. OP/USDT          81/100 MUITO FORTE     CONF  86% COMPRA FORTE
 9. AAVE/USDT        81/100 MUITO FORTE     CONF  81% COMPRA FORTE
10. USDC/USDT        81/100 MUITO FORTE     CONF  80% COMPRA FORTE
======================================================================

======================================================================
                        SINAIS V3
======================================================================
 1. NEAR/USDT       SCORE  95  CONF 100%  COMPRA FORTE
 2. ENA/USDT        SCORE  89  CONF  88%  COMPRA FORTE
 3. AVAX/USDT       SCORE  84  CONF  84%  COMPRA FORTE
 4. LTC/USDT        SCORE  84  CONF  84%  COMPRA FORTE
 5. HEMI/USDT       SCORE  84  CONF  76%  COMPRA FORTE
    Riscos: VOLATILIDADE_ALTA
 6. ZEC/USDT        SCORE  82  CONF  82%  COMPRA FORTE
 7. CRV/USDT        SCORE  82  CONF  82%  COMPRA FORTE
 8. OP/USDT         SCORE  81  CONF  86%  COMPRA FORTE
 9. AAVE/USDT       SCORE  81  CONF  81%  COMPRA FORTE
10. USDC/USDT       SCORE  81  CONF  80%  COMPRA FORTE
11. USD1/USDT       SCORE  75  CONF  69%  COMPRA
12. LINK/USDT       SCORE  70  CONF  65%  COMPRA
======================================================================

Salvando análises V3 no banco...
✓ 45 análises V3 salvas

======================================================================
                        RESUMO V3
======================================================================
Mercados selecionados: 45
Análises concluídas:   45
Análises salvas:       45
Erros/avisos:          0
Tempo total:           46.22s
Banco:                 /home/alex/projetos/crypto-radar/data/crypto_radar.db
Tabela V3:             scanner_v3_results
======================================================================
[2026-09-01T15:25:50.287315+00:00] FIM SCANNER_V3: rc=0
[2026-09-01T15:25:50.287752+00:00] INÍCIO ADAPTER_V9.20: scanner_v3_to_v9.py
==========================================================================================
CRYPTO RADAR - PAPER TRADING V9.20 -- V3 -> FORWARD SIGNALS
==========================================================================================
Banco V3:       /home/alex/projetos/crypto-radar/data/crypto_radar.db
Saída V9:       /home/alex/projetos/crypto-radar/data/forward_signals.csv
Modo:           PAPER ONLY
Ordens reais:   NÃO
CSV legado V8:  NÃO UTILIZADO
------------------------------------------------------------------------------------------
Última rodada V3: 2026-09-01T15:25:03.715897+00:00
Sinais COMPRA/COMPRA FORTE:              17
Sinais novos gravados:                   2
Sinais já existentes:                    0
Símbolo já com sinal pendente (ignorados): 15

IMPORTANTE:
  O preço, timestamp, score e confiança vêm diretamente do V3.
  O adaptador não cria fees, quantity, notional ou P&L.
  LONG é somente a tradução de COMPRA/COMPRA FORTE para o schema V9.

Próximo fluxo:
  scanner_v3.py -> SQLite -> V9.20 -> forward_signals.csv -> V9.15/V9.17
==========================================================================================
[2026-09-01T15:25:51.016633+00:00] FIM ADAPTER_V9.20: rc=0
[2026-09-01T15:25:51.017032+00:00] INÍCIO MONITOR_CLOSE_V9.18: paper_trading_v9_18.py
====================================================================================================
CRYPTO RADAR - PAPER TRADING V9.18 -- MONITOR / CLOSE
====================================================================================================
Posições abertas:    /home/alex/projetos/crypto-radar/data/paper_trading_v9_open_positions.csv
Ledger financeiro:   /home/alex/projetos/crypto-radar/data/paper_trading_v9_financial_trades.csv
Fee saída:            0.100% [HIPÓTESE V9]
Slippage saída:      0.100% [HIPÓTESE V9]
STOP / TARGET:        4.00% / 6.00%
Tempo máximo:         24h
Modo: PAPER ONLY
Ordens reais: NÃO
CSV legado V8: NÃO UTILIZADO
----------------------------------------------------------------------------------------------------
CLOSE EUR/USDT     price=1.15960000 ret=-0.272% age=25.43h reason=TIME   net=$-0.5713
HOLD  XLM/USDT     price=0.17760000 ret=-0.715% age=22.43h
HOLD  SOL/USDT     price=101.63000000 ret=-2.816% age=21.43h
HOLD  ETH/USDT     price=2439.30000000 ret=-1.812% age=20.43h
HOLD  BTC/USDT     price=77809.99000000 ret=-1.478% age=20.43h
HOLD  LINK/USDT    price=11.38000000 ret=-0.293% age=20.43h
HOLD  ZEC/USDT     price=850.38000000 ret=-0.752% age=19.43h
HOLD  HEMI/USDT    price=0.01620000 ret=-0.100% age=19.43h
HOLD  RLUSD/USDT   price=1.00030000 ret=-0.110% age=18.43h
HOLD  USDC/USDT    price=1.00032000 ret=-0.091% age=18.43h
----------------------------------------------------------------------------------------------------
Posições antes:      10
Novos CLOSE:         1
Posições abertas:    9
Trades no ledger:    157
====================================================================================================
V9.18 concluiu um ciclo PAPER. Nenhuma ordem real foi enviada.
====================================================================================================
[2026-09-01T15:26:05.267971+00:00] FIM MONITOR_CLOSE_V9.18: rc=0
[2026-09-01T15:26:05.289631+00:00] PREFLIGHT_PÓS_MONITOR: OK - 36 símbolos acionáveis sem duplicidade (36 sinais brutos)
[2026-09-01T15:26:05.289963+00:00] INÍCIO EXECUTOR_V9.17: paper_trading_v9_17.py
====================================================================================================
CRYPTO RADAR - PAPER TRADING V9.17 -- FORWARD TRADE EXECUTOR
====================================================================================================
Sinais:                 /home/alex/projetos/crypto-radar/data/forward_signals.csv
Posições abertas:       /home/alex/projetos/crypto-radar/data/paper_trading_v9_open_positions.csv
Ledger financeiro:      /home/alex/projetos/crypto-radar/data/paper_trading_v9_financial_trades.csv
Capital referência:     $1,000.00
Notional por trade:     $100.00 [HIPÓTESE V9.17]
Máx. posições:          10
Fee entrada/saída:      0.100% / 0.100% [HIPÓTESE]
Slippage entrada/saída:  0.100% / 0.100% [HIPÓTESE]
STOP / TARGET:           4.00% / 6.00%
Tempo máximo:            24h
Modo: PAPER ONLY
Ordens reais: NÃO
CSV legado V8: NÃO UTILIZADO
----------------------------------------------------------------------------------------------------
OPEN  U/USDT       entry=1.00079980 notional=$100.00
----------------------------------------------------------------------------------------------------
Sinais válidos:         975
Posições antes:         9
Novos OPEN:             1
Sinais expirados (>=24h, não abertos): 34
Novos CLOSE:            0
Posições abertas agora: 10
Trades no ledger:       157
====================================================================================================
V9.17 concluiu um ciclo PAPER. Nenhuma ordem real foi enviada.
[2026-09-01T15:26:11.597934+00:00] FIM EXECUTOR_V9.17: rc=0
[2026-09-01T15:26:11.598392+00:00] INÍCIO AUDITORIA_V9.19: paper_trading_v9_19.py
====================================================================================================
CRYPTO RADAR - PAPER TRADING V9.19 -- AUDITORIA DO CICLO FORWARD
====================================================================================================
Posições abertas: /home/alex/projetos/crypto-radar/data/paper_trading_v9_open_positions.csv
Ledger financeiro: /home/alex/projetos/crypto-radar/data/paper_trading_v9_financial_trades.csv
Modo: AUDITORIA — NÃO ALTERA DADOS
CSV legado V8: NÃO UTILIZADO
----------------------------------------------------------------------------------------------------
Posições abertas: 10
Trades financeiros fechados: 157
Net P&L acumulado do ledger: $-693.95539484
Duplicidades abertas: 0
Duplicidades no ledger: 0

====================================================================================================
VEREDITO V9.19
====================================================================================================
APROVADA
Integridade estrutural do ciclo forward confirmada.
Nenhum dado foi inventado, corrigido ou composto.
====================================================================================================
[2026-09-01T15:26:11.643860+00:00] FIM AUDITORIA_V9.19: rc=0
[2026-09-01T15:26:11.644218+00:00] CICLO V9.21 concluído com sucesso.
====================================================================================================
V9.21 CONCLUÍDA: ciclo forward seguro.
Nenhuma ordem real foi enviada.
====================================================================================================
