scenario,symbol,entry_time,exit_time,entry_price,exit_price,score,confidence,notional,entry_fee,exit_fee,gross_return_pct,net_return_pct,pnl,exit_reason
V5_BASE_SL5TP10,ACE/USDT,2026-07-18T15:00:00+00:00,2026-07-18T18:00:00+00:00,0.0729,0.0686,70.00000000,70.00000000,100.00000000,0.10000000,0.09410151,-5.89849108,-6.09259259,-6.09259259,STOP_LOSS
V5_BASE_SL5TP10,DEXE/USDT,2026-07-18T13:00:00+00:00,2026-07-19T06:00:00+00:00,36.519,34.466,75.00000000,70.00000000,100.00000000,0.10000000,0.09437827,-5.62173115,-5.81610942,-5.81610942,STOP_LOSS
V5_BASE_SL5TP10,CHIP/USDT,2026-07-18T13:00:00+00:00,2026-07-19T13:00:00+00:00,0.03159,0.03049,75.00000000,70.00000000,100.00000000,0.10000000,0.09651789,-3.48211459,-3.67863248,-3.67863248,24H
V5_BASE_SL5TP10,ONG/USDT,2026-07-18T13:00:00+00:00,2026-07-19T13:00:00+00:00,0.0472,0.0474,70.00000000,65.00000000,100.00000000,0.10000000,0.10042373,0.42372881,0.22330508,0.22330508,24H
V5_BASE_SL5TP10,ALLO/USDT,2026-07-18T14:00:00+00:00,2026-07-19T14:00:00+00:00,0.4592,0.4639,72.00000000,67.00000000,100.00000000,0.10000000,0.10102352,1.02351916,0.82249564,0.82249564,24H
V5_BASE_SL5TP10,ZEC/USDT,2026-07-18T16:00:00+00:00,2026-07-19T16:00:00+00:00,556.73,551.43,70.00000000,65.00000000,100.00000000,0.10000000,0.09904801,-0.95198750,-1.15103551,-1.15103551,24H
V5_BASE_SL5TP10,ETH/USDT,2026-07-18T18:00:00+00:00,2026-07-19T18:00:00+00:00,1857.54,1861.12,70.00000000,65.00000000,100.00000000,0.10000000,0.10019273,0.19272802,-0.00746471,-0.00746471,24H
V5_BASE_SL5TP10,TAO/USDT,2026-07-18T19:00:00+00:00,2026-07-19T19:00:00+00:00,195.9,197.1,70.00000000,65.00000000,100.00000000,0.10000000,0.10061256,0.61255743,0.41194487,0.41194487,24H
V5_BASE_SL5TP10,ACE/USDT,2026-07-19T20:00:00+00:00,2026-07-19T22:00:00+00:00,0.0712,0.0957,70.00000000,70.00000000,100.00000000,0.10000000,0.13441011,34.41011236,34.17570225,34.17570225,TAKE_PROFIT
V5_BASE_SL5TP10,CRCLB/USDT,2026-07-19T01:00:00+00:00,2026-07-20T01:00:00+00:00,61.4,60.65,73.00000000,68.00000000,100.00000000,0.10000000,0.09877850,-1.22149837,-1.42027687,-1.42027687,24H
V5_BASE_SL5TP10,OPN/USDT,2026-07-19T02:00:00+00:00,2026-07-20T02:00:00+00:00,0.0637,0.0616,70.00000000,65.00000000,100.00000000,0.10000000,0.09670330,-3.29670330,-3.49340659,-3.49340659,24H
V5_BASE_SL5TP10,PEPE/USDT,2026-07-19T06:00:00+00:00,2026-07-20T06:00:00+00:00,2.8e-06,2.82e-06,73.00000000,68.00000000,100.00000000,0.10000000,0.10071429,0.71428571,0.51357143,0.51357143,24H
V5_BASE_SL5TP10,HEMI/USDT,2026-07-19T13:00:00+00:00,2026-07-20T08:00:00+00:00,0.00457,0.00505,75.00000000,70.00000000,100.00000000,0.10000000,0.11050328,10.50328228,10.29277899,10.29277899,TAKE_PROFIT
V5_BASE_SL5TP10,LTC/USDT,2026-07-19T13:00:00+00:00,2026-07-20T13:00:00+00:00,47.36,46.69,73.00000000,68.00000000,100.00000000,0.10000000,0.09858530,-1.41469595,-1.61328125,-1.61328125,24H
V5_BASE_SL5TP10,GPS/USDT,2026-07-19T14:00:00+00:00,2026-07-20T14:00:00+00:00,0.00908,0.00905,70.00000000,65.00000000,100.00000000,0.10000000,0.09966960,-0.33039648,-0.53006608,-0.53006608,24H
V5_BASE_SL5TP10,HEMI/USDT,2026-07-20T09:00:00+00:00,2026-07-20T14:00:00+00:00,0.00499,0.00561,70.00000000,70.00000000,100.00000000,0.10000000,0.11242485,12.42484970,12.21242485,12.21242485,TAKE_PROFIT
V5_BASE_SL5TP10,EDEN/USDT,2026-07-19T16:00:00+00:00,2026-07-20T16:00:00+00:00,0.04415,0.04281,70.00000000,65.00000000,100.00000000,0.10000000,0.09696489,-3.03510759,-3.23207248,-3.23207248,24H
V5_BASE_SL5TP10,ALLO/USDT,2026-07-20T16:00:00+00:00,2026-07-20T20:00:00+00:00,0.4872,0.4611,75.00000000,70.00000000,100.00000000,0.10000000,0.09464286,-5.35714286,-5.55178571,-5.55178571,STOP_LOSS
V5_BASE_SL5TP10,EWYB/USDT,2026-07-19T22:00:00+00:00,2026-07-20T22:00:00+00:00,166.67,163.53,75.00000000,70.00000000,100.00000000,0.10000000,0.09811604,-1.88396232,-2.08207836,-2.08207836,24H
V5_BASE_SL5TP10,MUB/USDT,2026-07-19T22:00:00+00:00,2026-07-20T22:00:00+00:00,867.11,873.22,73.00000000,68.00000000,100.00000000,0.10000000,0.10070464,0.70463955,0.50393491,0.50393491,24H
V5_BASE_SL5TP10,ETH/USDT,2026-07-19T22:00:00+00:00,2026-07-20T22:00:00+00:00,1870.44,1895.72,70.00000000,65.00000000,100.00000000,0.10000000,0.10135155,1.35155365,1.15020209,1.15020209,24H
V5_BASE_SL5TP10,TUT/USDT,2026-07-20T06:00:00+00:00,2026-07-21T00:00:00+00:00,0.01337,0.01477,70.00000000,65.00000000,100.00000000,0.10000000,0.11047120,10.47120419,10.26073298,10.26073298,TAKE_PROFIT
V5_BASE_SL5TP10,LINK/USDT,2026-07-20T01:00:00+00:00,2026-07-21T01:00:00+00:00,8.422,8.592,73.00000000,68.00000000,100.00000000,0.10000000,0.10201852,2.01852292,1.81650439,1.81650439,24H
V5_BASE_SL5TP10,HEMI/USDT,2026-07-20T22:00:00+00:00,2026-07-21T01:00:00+00:00,0.00686,0.00643,72.00000000,59.00000000,100.00000000,0.10000000,0.09373178,-6.26822157,-6.46195335,-6.46195335,STOP_LOSS
V5_BASE_SL5TP10,MSTRB/USDT,2026-07-20T02:00:00+00:00,2026-07-21T02:00:00+00:00,95.95,99.27,70.00000000,65.00000000,100.00000000,0.10000000,0.10346014,3.46013549,3.25667535,3.25667535,24H
V5_BASE_SL5TP10,DEXE/USDT,2026-07-21T00:00:00+00:00,2026-07-21T02:00:00+00:00,37.721,34.091,75.00000000,70.00000000,100.00000000,0.10000000,0.09037671,-9.62328676,-9.81366348,-9.81366348,STOP_LOSS
V5_BASE_SL5TP10,TREE/USDT,2026-07-21T02:00:00+00:00,2026-07-21T06:00:00+00:00,0.0385,0.0475,72.00000000,67.00000000,100.00000000,0.10000000,0.12337662,23.37662338,23.15324675,23.15324675,TAKE_PROFIT
V5_BASE_SL5TP10,SOXLB/USDT,2026-07-21T00:00:00+00:00,2026-07-21T08:00:00+00:00,139.06,153.96,73.00000000,68.00000000,100.00000000,0.10000000,0.11071480,10.71479937,10.50408457,10.50408457,TAKE_PROFIT
V5_BASE_SL5TP10,NEAR/USDT,2026-07-20T13:00:00+00:00,2026-07-21T13:00:00+00:00,1.965,1.988,73.00000000,68.00000000,100.00000000,0.10000000,0.10117048,1.17048346,0.96931298,0.96931298,24H
V5_BASE_SL5TP10,CRCLB/USDT,2026-07-20T14:00:00+00:00,2026-07-21T13:00:00+00:00,63.12,70.14,70.00000000,70.00000000,100.00000000,0.10000000,0.11112167,11.12167300,10.91055133,10.91055133,TAKE_PROFIT
V5_BASE_SL5TP10,BMT/USDT,2026-07-20T15:00:00+00:00,2026-07-21T15:00:00+00:00,0.01184,0.01197,73.00000000,68.00000000,100.00000000,0.10000000,0.10109797,1.09797297,0.89687500,0.89687500,24H
V5_BASE_SL5TP10,MUB/USDT,2026-07-21T01:00:00+00:00,2026-07-21T16:00:00+00:00,886.11,977.63,73.00000000,68.00000000,100.00000000,0.10000000,0.11032829,10.32828881,10.11796052,10.11796052,TAKE_PROFIT
V5_BASE_SL5TP10,RARE/USDT,2026-07-20T20:00:00+00:00,2026-07-21T20:00:00+00:00,0.0128,0.0127,73.00000000,68.00000000,100.00000000,0.10000000,0.09921875,-0.78125000,-0.98046875,-0.98046875,24H
V5_BASE_SL5TP10,RED/USDT,2026-07-21T01:00:00+00:00,2026-07-22T01:00:00+00:00,0.1032,0.1011,75.00000000,70.00000000,100.00000000,0.10000000,0.09796512,-2.03488372,-2.23284884,-2.23284884,24H
V5_BASE_SL5TP10,EWYB/USDT,2026-07-21T02:00:00+00:00,2026-07-22T02:00:00+00:00,167.22,174.49,75.00000000,70.00000000,100.00000000,0.10000000,0.10434757,4.34756608,4.14321851,4.14321851,24H
V5_BASE_SL5TP10,BICO/USDT,2026-07-21T02:00:00+00:00,2026-07-22T02:00:00+00:00,0.01401,0.01386,72.00000000,67.00000000,100.00000000,0.10000000,0.09892934,-1.07066381,-1.26959315,-1.26959315,24H
V5_BASE_SL5TP10,SKHYB/USDT,2026-07-21T06:00:00+00:00,2026-07-22T06:00:00+00:00,160.21,163.65,72.00000000,67.00000000,100.00000000,0.10000000,0.10214718,2.14718182,1.94503464,1.94503464,24H
V5_BASE_SL5TP10,GIGGLE/USDT,2026-07-21T08:00:00+00:00,2026-07-22T08:00:00+00:00,26.98,26.53,75.00000000,70.00000000,100.00000000,0.10000000,0.09833210,-1.66790215,-1.86623425,-1.86623425,24H
V5_BASE_SL5TP10,TUT/USDT,2026-07-22T04:00:00+00:00,2026-07-22T10:00:00+00:00,0.01524,0.01412,70.00000000,65.00000000,100.00000000,0.10000000,0.09265092,-7.34908136,-7.54173228,-7.54173228,STOP_LOSS
V5_BASE_SL5TP10,ALLO/USDT,2026-07-21T13:00:00+00:00,2026-07-22T13:00:00+00:00,0.4991,0.5038,75.00000000,70.00000000,100.00000000,0.10000000,0.10094170,0.94169505,0.74075336,0.74075336,24H
V5_BASE_SL5TP10,SNDKB/USDT,2026-07-21T13:00:00+00:00,2026-07-22T13:00:00+00:00,1529.08,1577.19,70.00000000,70.00000000,100.00000000,0.10000000,0.10314634,3.14633636,2.94319002,2.94319002,24H
V5_BASE_SL5TP10,MSTRB/USDT,2026-07-21T15:00:00+00:00,2026-07-22T15:00:00+00:00,102.67,99.78,73.00000000,68.00000000,100.00000000,0.10000000,0.09718516,-2.81484367,-3.01202883,-3.01202883,24H
V5_BASE_SL5TP10,GRAM/USDT,2026-07-21T16:00:00+00:00,2026-07-22T16:00:00+00:00,1.518,1.517,72.00000000,67.00000000,100.00000000,0.10000000,0.09993412,-0.06587615,-0.26581028,-0.26581028,24H
V5_BASE_SL5TP10,PORTAL/USDT,2026-07-21T22:00:00+00:00,2026-07-22T22:00:00+00:00,0.01106,0.01088,73.00000000,68.00000000,100.00000000,0.10000000,0.09837251,-1.62748644,-1.82585895,-1.82585895,24H
V5_BASE_SL5TP10,CHIP/USDT,2026-07-22T02:00:00+00:00,2026-07-23T02:00:00+00:00,0.0306,0.03026,70.00000000,65.00000000,100.00000000,0.10000000,0.09888889,-1.11111111,-1.31000000,-1.31000000,24H
V5_BASE_SL5TP10,BICO/USDT,2026-07-22T03:00:00+00:00,2026-07-23T03:00:00+00:00,0.01388,0.01377,73.00000000,68.00000000,100.00000000,0.10000000,0.09920749,-0.79250720,-0.99171470,-0.99171470,24H
V5_BASE_SL5TP10,BEL/USDT,2026-07-22T06:00:00+00:00,2026-07-23T06:00:00+00:00,0.1042,0.1018,70.00000000,65.00000000,100.00000000,0.10000000,0.09769674,-2.30326296,-2.50095969,-2.50095969,24H
V5_BASE_SL5TP10,ENA/USDT,2026-07-22T08:00:00+00:00,2026-07-23T08:00:00+00:00,0.0882,0.0919,70.00000000,65.00000000,100.00000000,0.10000000,0.10419501,4.19501134,3.99081633,3.99081633,24H
V5_BASE_SL5TP10,ONDO/USDT,2026-07-22T10:00:00+00:00,2026-07-23T10:00:00+00:00,0.4109,0.4035,75.00000000,70.00000000,100.00000000,0.10000000,0.09819908,-1.80092480,-1.99912387,-1.99912387,24H
V5_BASE_SL5TP10,AAVE/USDT,2026-07-22T13:00:00+00:00,2026-07-23T13:00:00+00:00,97.91,96.11,75.00000000,70.00000000,100.00000000,0.10000000,0.09816158,-1.83842304,-2.03658462,-2.03658462,24H
V5_BASE_SL5TP10,MUB/USDT,2026-07-22T13:00:00+00:00,2026-07-23T13:00:00+00:00,972.31,977.98,75.00000000,70.00000000,100.00000000,0.10000000,0.10058315,0.58314735,0.38256420,0.38256420,24H
V5_BASE_SL5TP10,ADA/USDT,2026-07-22T15:00:00+00:00,2026-07-23T15:00:00+00:00,0.1779,0.1705,75.00000000,70.00000000,100.00000000,0.10000000,0.09584036,-4.15964025,-4.35548061,-4.35548061,24H
V5_BASE_SL5TP10,OPN/USDT,2026-07-23T06:00:00+00:00,2026-07-23T15:00:00+00:00,0.0718,0.0669,73.00000000,68.00000000,100.00000000,0.10000000,0.09317549,-6.82451253,-7.01768802,-7.01768802,STOP_LOSS
V5_BASE_SL5TP10,WLD/USDT,2026-07-22T16:00:00+00:00,2026-07-23T16:00:00+00:00,0.3938,0.3766,75.00000000,70.00000000,100.00000000,0.10000000,0.09563230,-4.36769934,-4.56333164,-4.56333164,24H
V5_BASE_SL5TP10,SKHYB/USDT,2026-07-23T00:00:00+00:00,2026-07-24T00:00:00+00:00,171.79,167.7,72.00000000,67.00000000,100.00000000,0.10000000,0.09761919,-2.38081378,-2.57843297,-2.57843297,24H
V5_BASE_SL5TP10,RE/USDT,2026-07-23T16:00:00+00:00,2026-07-24T00:00:00+00:00,0.5261,0.5822,70.00000000,70.00000000,100.00000000,0.10000000,0.11066337,10.66337198,10.45270861,10.45270861,TAKE_PROFIT
V5_BASE_SL5TP10,SNDKB/USDT,2026-07-23T16:00:00+00:00,2026-07-24T02:00:00+00:00,1667.76,1576.22,72.00000000,67.00000000,100.00000000,0.10000000,0.09451120,-5.48879935,-5.68331055,-5.68331055,STOP_LOSS
V5_BASE_SL5TP10,SOXLB/USDT,2026-07-23T20:00:00+00:00,2026-07-24T02:00:00+00:00,162.95,151.66,75.00000000,70.00000000,100.00000000,0.10000000,0.09307149,-6.92850568,-7.12157717,-7.12157717,STOP_LOSS
V5_BASE_SL5TP10,GRAM/USDT,2026-07-23T03:00:00+00:00,2026-07-24T03:00:00+00:00,1.516,1.455,73.00000000,68.00000000,100.00000000,0.10000000,0.09597625,-4.02374670,-4.21972296,-4.21972296,24H
V5_BASE_SL5TP10,BMT/USDT,2026-07-23T05:00:00+00:00,2026-07-24T05:00:00+00:00,0.01262,0.01228,70.00000000,70.00000000,100.00000000,0.10000000,0.09730586,-2.69413629,-2.89144216,-2.89144216,24H
V5_BASE_SL5TP10,TRUMP/USDT,2026-07-23T08:00:00+00:00,2026-07-24T08:00:00+00:00,1.639,1.598,75.00000000,70.00000000,100.00000000,0.10000000,0.09749847,-2.50152532,-2.69902379,-2.69902379,24H
V5_BASE_SL5TP10,OPN/USDT,2026-07-24T05:00:00+00:00,2026-07-24T08:00:00+00:00,0.0694,0.0627,75.00000000,70.00000000,100.00000000,0.10000000,0.09034582,-9.65417867,-9.84452450,-9.84452450,STOP_LOSS
V5_BASE_SL5TP10,KAITO/USDT,2026-07-23T10:00:00+00:00,2026-07-24T10:00:00+00:00,1.032,1.0396,75.00000000,70.00000000,100.00000000,0.10000000,0.10073643,0.73643411,0.53569767,0.53569767,24H
V5_BASE_SL5TP10,KAITO/USDT,2026-07-24T10:00:00+00:00,2026-07-24T12:00:00+00:00,1.0396,0.9876,73.00000000,68.00000000,100.00000000,0.10000000,0.09499808,-5.00192382,-5.19692189,-5.19692189,STOP_LOSS
V5_BASE_SL5TP10,PLUME/USDT,2026-07-23T13:00:00+00:00,2026-07-24T13:00:00+00:00,0.01146,0.01114,73.00000000,68.00000000,100.00000000,0.10000000,0.09720768,-2.79232112,-2.98952880,-2.98952880,24H
V5_BASE_SL5TP10,ALLO/USDT,2026-07-24T11:00:00+00:00,2026-07-24T14:00:00+00:00,0.5096,0.47,70.00000000,65.00000000,100.00000000,0.10000000,0.09222920,-7.77080063,-7.96302983,-7.96302983,STOP_LOSS
V5_BASE_SL5TP10,HOME/USDT,2026-07-24T14:00:00+00:00,2026-07-24T18:00:00+00:00,0.00689,0.00654,72.00000000,67.00000000,100.00000000,0.10000000,0.09492017,-5.07982583,-5.27474601,-5.27474601,STOP_LOSS
V5_BASE_SL5TP10,HEI/USDT,2026-07-23T21:00:00+00:00,2026-07-24T21:00:00+00:00,0.103,0.0987,70.00000000,70.00000000,100.00000000,0.10000000,0.09582524,-4.17475728,-4.37058252,-4.37058252,24H
V5_BASE_SL5TP10,XPL/USDT,2026-07-24T17:00:00+00:00,2026-07-25T03:00:00+00:00,0.08689,0.08214,75.00000000,70.00000000,100.00000000,0.10000000,0.09453332,-5.46668201,-5.66121533,-5.66121533,STOP_LOSS
V5_BASE_SL5TP10,UNI/USDT,2026-07-24T05:00:00+00:00,2026-07-25T05:00:00+00:00,3.833,3.687,70.00000000,65.00000000,100.00000000,0.10000000,0.09619097,-3.80902687,-4.00521785,-4.00521785,24H
V5_BASE_SL5TP10,HEMI/USDT,2026-07-24T19:00:00+00:00,2026-07-25T06:00:00+00:00,0.00532,0.00505,75.00000000,70.00000000,100.00000000,0.10000000,0.09492481,-5.07518797,-5.27011278,-5.27011278,STOP_LOSS
V5_BASE_SL5TP10,RE/USDT,2026-07-25T07:00:00+00:00,2026-07-25T09:00:00+00:00,0.6078,0.5587,75.00000000,70.00000000,100.00000000,0.10000000,0.09192168,-8.07831524,-8.27023692,-8.27023692,STOP_LOSS
V5_BASE_SL5TP10,GPS/USDT,2026-07-24T10:00:00+00:00,2026-07-25T10:00:00+00:00,0.00923,0.00958,70.00000000,65.00000000,100.00000000,0.10000000,0.10379198,3.79198267,3.58819068,3.58819068,24H
V5_BASE_SL5TP10,PLUME/USDT,2026-07-24T14:00:00+00:00,2026-07-25T14:00:00+00:00,0.01141,0.01178,73.00000000,68.00000000,100.00000000,0.10000000,0.10324277,3.24276950,3.03952673,3.03952673,24H
V5_BASE_SL5TP10,TUT/USDT,2026-07-24T21:00:00+00:00,2026-07-25T21:00:00+00:00,0.01452,0.01538,75.00000000,70.00000000,100.00000000,0.10000000,0.10592287,5.92286501,5.71694215,5.71694215,24H
V5_BASE_SL5TP10,TREE/USDT,2026-07-25T00:00:00+00:00,2026-07-26T00:00:00+00:00,0.0394,0.0381,73.00000000,68.00000000,100.00000000,0.10000000,0.09670051,-3.29949239,-3.49619289,-3.49619289,24H
V5_BASE_SL5TP10,ALPINE/USDT,2026-07-25T13:00:00+00:00,2026-07-26T13:00:00+00:00,0.314,0.315,75.00000000,70.00000000,100.00000000,0.10000000,0.10031847,0.31847134,0.11815287,0.11815287,24H
V5_BASE_SL5TP10,PLUME/USDT,2026-07-25T15:00:00+00:00,2026-07-26T15:00:00+00:00,0.01177,0.01236,70.00000000,65.00000000,100.00000000,0.10000000,0.10501274,5.01274427,4.80773152,4.80773152,24H
V5_BASE_SL5TP10,TRX/USDT,2026-07-25T16:00:00+00:00,2026-07-26T16:00:00+00:00,0.3321,0.333,70.00000000,65.00000000,100.00000000,0.10000000,0.10027100,0.27100271,0.07073171,0.07073171,24H
V5_BASE_SL5TP10,MUBARAK/USDT,2026-07-25T19:00:00+00:00,2026-07-26T19:00:00+00:00,0.01076,0.0108,70.00000000,65.00000000,100.00000000,0.10000000,0.10037175,0.37174721,0.17137546,0.17137546,24H
V5_BASE_SL5TP10,PEPE/USDT,2026-07-26T02:00:00+00:00,2026-07-27T02:00:00+00:00,2.86e-06,2.94e-06,70.00000000,70.00000000,100.00000000,0.10000000,0.10279720,2.79720280,2.59440559,2.59440559,24H
V5_BASE_SL5TP10,DOT/USDT,2026-07-26T03:00:00+00:00,2026-07-27T03:00:00+00:00,0.82,0.818,70.00000000,65.00000000,100.00000000,0.10000000,0.09975610,-0.24390244,-0.44365854,-0.44365854,24H
V5_BASE_SL5TP10,FIL/USDT,2026-07-26T04:00:00+00:00,2026-07-27T04:00:00+00:00,0.7416,0.7478,70.00000000,65.00000000,100.00000000,0.10000000,0.10083603,0.83603020,0.63519417,0.63519417,24H
V5_BASE_SL5TP10,TAO/USDT,2026-07-26T04:00:00+00:00,2026-07-27T04:00:00+00:00,196.4,198.8,70.00000000,70.00000000,100.00000000,0.10000000,0.10122200,1.22199593,1.02077393,1.02077393,24H
V5_BASE_SL5TP10,RARE/USDT,2026-07-26T09:00:00+00:00,2026-07-27T09:00:00+00:00,0.01279,0.01259,70.00000000,65.00000000,100.00000000,0.10000000,0.09843628,-1.56372166,-1.76215794,-1.76215794,24H
V5_BASE_SL5TP10,LINK/USDT,2026-07-26T13:00:00+00:00,2026-07-27T13:00:00+00:00,8.458,8.772,70.00000000,65.00000000,100.00000000,0.10000000,0.10371246,3.71246157,3.50874911,3.50874911,24H
V5_BASE_SL5TP10,EDEN/USDT,2026-07-27T09:00:00+00:00,2026-07-27T15:00:00+00:00,0.04471,0.04217,90.00000000,100.00000000,100.00000000,0.10000000,0.09431894,-5.68105569,-5.87537464,-5.87537464,STOP_LOSS
V5_BASE_SL5TP10,ONDO/USDT,2026-07-26T16:00:00+00:00,2026-07-27T16:00:00+00:00,0.4062,0.4094,90.00000000,100.00000000,100.00000000,0.10000000,0.10078779,0.78778927,0.58700148,0.58700148,24H
V5_BASE_SL5TP10,USDE/USDT,2026-07-26T16:00:00+00:00,2026-07-27T16:00:00+00:00,1.0009,1.0009,87.00000000,87.00000000,100.00000000,0.10000000,0.10000000,0.00000000,-0.20000000,-0.20000000,24H
V5_BASE_SL5TP10,PLUME/USDT,2026-07-27T02:00:00+00:00,2026-07-27T17:00:00+00:00,0.01231,0.01166,90.00000000,95.00000000,100.00000000,0.10000000,0.09471974,-5.28025995,-5.47497969,-5.47497969,STOP_LOSS
V5_BASE_SL5TP10,ENA/USDT,2026-07-27T13:00:00+00:00,2026-07-27T18:00:00+00:00,0.0923,0.0876,95.00000000,100.00000000,100.00000000,0.10000000,0.09490791,-5.09209101,-5.28699892,-5.28699892,STOP_LOSS
V5_BASE_SL5TP10,USDC/USDT,2026-07-26T19:00:00+00:00,2026-07-27T19:00:00+00:00,1.00087,1.00084,87.00000000,87.00000000,100.00000000,0.10000000,0.09999700,-0.00299739,-0.20299439,-0.20299439,24H
V5_BASE_SL5TP10,ALPINE/USDT,2026-07-27T03:00:00+00:00,2026-07-27T22:00:00+00:00,0.32,0.301,87.00000000,87.00000000,100.00000000,0.10000000,0.09406250,-5.93750000,-6.13156250,-6.13156250,STOP_LOSS
V5_BASE_SL5TP10,KAITO/USDT,2026-07-27T15:00:00+00:00,2026-07-27T22:00:00+00:00,1.21,1.3423,84.00000000,84.00000000,100.00000000,0.10000000,0.11093388,10.93388430,10.72295041,10.72295041,TAKE_PROFIT
V5_BASE_SL5TP10,CRCLB/USDT,2026-07-27T04:00:00+00:00,2026-07-28T04:00:00+00:00,63.92,63.19,87.00000000,87.00000000,100.00000000,0.10000000,0.09885795,-1.14205257,-1.34091051,-1.34091051,24H
V5_BASE_SL5TP10,XUSD/USDT,2026-07-27T04:00:00+00:00,2026-07-28T04:00:00+00:00,1.0012,1.0012,87.00000000,87.00000000,100.00000000,0.10000000,0.10000000,0.00000000,-0.20000000,-0.20000000,24H
V5_BASE_SL5TP10,PUMP/USDT,2026-07-27T19:00:00+00:00,2026-07-28T04:00:00+00:00,0.002128,0.002021,87.00000000,86.00000000,100.00000000,0.10000000,0.09497180,-5.02819549,-5.22316729,-5.22316729,STOP_LOSS
V5_BASE_SL5TP10,KAITO/USDT,2026-07-27T22:00:00+00:00,2026-07-28T05:00:00+00:00,1.3423,1.2594,78.00000000,83.00000000,100.00000000,0.10000000,0.09382403,-6.17596662,-6.36979066,-6.36979066,STOP_LOSS
V5_BASE_SL5TP10,KAITO/USDT,2026-07-28T05:00:00+00:00,2026-07-28T09:00:00+00:00,1.2594,1.1586,74.00000000,63.00000000,100.00000000,0.10000000,0.09199619,-8.00381134,-8.19580753,-8.19580753,STOP_LOSS
V5_BASE_SL5TP10,TREE/USDT,2026-07-27T17:00:00+00:00,2026-07-28T13:00:00+00:00,0.0395,0.0374,87.00000000,86.00000000,100.00000000,0.10000000,0.09468354,-5.31645570,-5.51113924,-5.51113924,STOP_LOSS
V5_BASE_SL5TP10,RLUSD/USDT,2026-07-27T16:00:00+00:00,2026-07-28T16:00:00+00:00,1.0013,1.0011,87.00000000,87.00000000,100.00000000,0.10000000,0.09998003,-0.01997403,-0.21995406,-0.21995406,24H
V5_BASE_SL5TP10,MSTRB/USDT,2026-07-27T16:00:00+00:00,2026-07-28T16:00:00+00:00,97.4,98.12,81.00000000,86.00000000,100.00000000,0.10000000,0.10073922,0.73921971,0.53848049,0.53848049,24H
V5_BASE_SL5TP10,BNB/USDT,2026-07-27T18:00:00+00:00,2026-07-28T18:00:00+00:00,575.37,569.62,87.00000000,86.00000000,100.00000000,0.10000000,0.09900064,-0.99935694,-1.19835758,-1.19835758,24H
V5_BASE_SL5TP10,USD1/USDT,2026-07-27T22:00:00+00:00,2026-07-28T22:00:00+00:00,0.99985,0.99968,84.00000000,84.00000000,100.00000000,0.10000000,0.09998300,-0.01700255,-0.21698555,-0.21698555,24H
V5_BASE_SL5TP10,FDUSD/USDT,2026-07-28T04:00:00+00:00,2026-07-29T04:00:00+00:00,0.9993,0.9983,87.00000000,87.00000000,100.00000000,0.10000000,0.09989993,-0.10007005,-0.29996998,-0.29996998,24H
V5_BASE_SL5TP10,USDC/USDT,2026-07-28T04:00:00+00:00,2026-07-29T04:00:00+00:00,1.00097,1.00114,76.00000000,71.00000000,100.00000000,0.10000000,0.10001698,0.01698353,-0.18303346,-0.18303346,24H
V5_BASE_SL5TP10,GPS/USDT,2026-07-28T04:00:00+00:00,2026-07-29T04:00:00+00:00,0.00927,0.00972,72.00000000,69.00000000,100.00000000,0.10000000,0.10485437,4.85436893,4.64951456,4.64951456,24H
V5_BASE_SL5TP10,MUBARAK/USDT,2026-07-28T09:00:00+00:00,2026-07-29T09:00:00+00:00,0.01111,0.01131,89.00000000,89.00000000,100.00000000,0.10000000,0.10180018,1.80018002,1.59837984,1.59837984,24H
V5_BASE_SL5TP10,U/USDT,2026-07-28T13:00:00+00:00,2026-07-29T13:00:00+00:00,1.0008,1.0008,87.00000000,87.00000000,100.00000000,0.10000000,0.10000000,0.00000000,-0.20000000,-0.20000000,24H
V5_BASE_SL5TP10,AAVE/USDT,2026-07-28T16:00:00+00:00,2026-07-29T16:00:00+00:00,101.26,98.73,95.00000000,100.00000000,100.00000000,0.10000000,0.09750148,-2.49851866,-2.69602015,-2.69602015,24H
V5_BASE_SL5TP10,ONDO/USDT,2026-07-28T16:00:00+00:00,2026-07-29T16:00:00+00:00,0.4088,0.3937,89.00000000,88.00000000,100.00000000,0.10000000,0.09630626,-3.69373777,-3.89004403,-3.89004403,24H
V5_BASE_SL5TP10,PLUME/USDT,2026-07-28T18:00:00+00:00,2026-07-29T18:00:00+00:00,0.01219,0.01212,89.00000000,88.00000000,100.00000000,0.10000000,0.09942576,-0.57424118,-0.77366694,-0.77366694,24H
V5_BASE_SL5TP10,RE/USDT,2026-07-29T16:00:00+00:00,2026-07-29T18:00:00+00:00,0.4686,0.5159,79.00000000,76.00000000,100.00000000,0.10000000,0.11009390,10.09389671,9.88380282,9.88380282,TAKE_PROFIT
V5_BASE_SL5TP10,RLUSD/USDT,2026-07-28T22:00:00+00:00,2026-07-29T22:00:00+00:00,1.0012,1.0012,76.00000000,71.00000000,100.00000000,0.10000000,0.10000000,0.00000000,-0.20000000,-0.20000000,24H
V5_BASE_SL5TP10,KAITO/USDT,2026-07-29T04:00:00+00:00,2026-07-30T03:00:00+00:00,1.264,1.1818,89.00000000,88.00000000,100.00000000,0.10000000,0.09349684,-6.50316456,-6.69666139,-6.69666139,STOP_LOSS
V5_BASE_SL5TP10,GPS/USDT,2026-07-29T04:00:00+00:00,2026-07-30T04:00:00+00:00,0.00972,0.00982,90.00000000,95.00000000,100.00000000,0.10000000,0.10102881,1.02880658,0.82777778,0.82777778,24H
V5_BASE_SL5TP10,USDC/USDT,2026-07-29T04:00:00+00:00,2026-07-30T04:00:00+00:00,1.00114,1.00112,84.00000000,84.00000000,100.00000000,0.10000000,0.09999800,-0.00199772,-0.20199572,-0.20199572,24H
V5_BASE_SL5TP10,UNI/USDT,2026-07-29T09:00:00+00:00,2026-07-30T09:00:00+00:00,3.975,4.03,95.00000000,100.00000000,100.00000000,0.10000000,0.10138365,1.38364780,1.18226415,1.18226415,24H
V5_BASE_SL5TP10,EURI/USDT,2026-07-29T13:00:00+00:00,2026-07-30T13:00:00+00:00,1.1398,1.1526,77.00000000,64.00000000,100.00000000,0.10000000,0.10112300,1.12300404,0.92188103,0.92188103,24H
V5_BASE_SL5TP10,U/USDT,2026-07-29T16:00:00+00:00,2026-07-30T16:00:00+00:00,1.0009,1.0007,87.00000000,87.00000000,100.00000000,0.10000000,0.09998002,-0.01998202,-0.21996203,-0.21996203,24H
V5_BASE_SL5TP10,GPS/USDT,2026-07-30T04:00:00+00:00,2026-07-30T17:00:00+00:00,0.00982,0.0092,82.00000000,82.00000000,100.00000000,0.10000000,0.09368635,-6.31364562,-6.50733198,-6.50733198,STOP_LOSS
V5_BASE_SL5TP10,ADA/USDT,2026-07-29T18:00:00+00:00,2026-07-30T18:00:00+00:00,0.1679,0.1723,84.00000000,89.00000000,100.00000000,0.10000000,0.10262061,2.62060750,2.41798690,2.41798690,24H
V5_BASE_SL5TP10,PLUME/USDT,2026-07-29T18:00:00+00:00,2026-07-30T18:00:00+00:00,0.01212,0.01165,84.00000000,84.00000000,100.00000000,0.10000000,0.09612211,-3.87788779,-4.07400990,-4.07400990,24H
V5_BASE_SL5TP10,ONDO/USDT,2026-07-29T22:00:00+00:00,2026-07-30T22:00:00+00:00,0.4051,0.4168,74.00000000,63.00000000,100.00000000,0.10000000,0.10288818,2.88817576,2.68528758,2.68528758,24H
V5_BASE_SL5TP10,ALPINE/USDT,2026-07-30T03:00:00+00:00,2026-07-31T03:00:00+00:00,0.32,0.314,93.00000000,98.00000000,100.00000000,0.10000000,0.09812500,-1.87500000,-2.07312500,-2.07312500,24H
V5_BASE_SL5TP10,USD1/USDT,2026-07-30T04:00:00+00:00,2026-07-31T04:00:00+00:00,1.00003,0.99997,87.00000000,87.00000000,100.00000000,0.10000000,0.09999400,-0.00599982,-0.20599382,-0.20599382,24H
V5_BASE_SL5TP10,BNB/USDT,2026-07-30T09:00:00+00:00,2026-07-31T09:00:00+00:00,579.84,590.49,87.00000000,86.00000000,100.00000000,0.10000000,0.10183671,1.83671358,1.63487686,1.63487686,24H
V5_BASE_SL5TP10,MUBARAK/USDT,2026-07-31T04:00:00+00:00,2026-07-31T11:00:00+00:00,0.0121,0.01333,95.00000000,100.00000000,100.00000000,0.10000000,0.11016529,10.16528926,9.95512397,9.95512397,TAKE_PROFIT
V5_BASE_SL5TP10,PAXG/USDT,2026-07-30T13:00:00+00:00,2026-07-31T13:00:00+00:00,4105.88,4027.22,93.00000000,98.00000000,100.00000000,0.10000000,0.09808421,-1.91578906,-2.11387327,-2.11387327,24H
V5_BASE_SL5TP10,AAVE/USDT,2026-07-30T16:00:00+00:00,2026-07-31T16:00:00+00:00,100.23,96.59,90.00000000,95.00000000,100.00000000,0.10000000,0.09636835,-3.63164721,-3.82801556,-3.82801556,24H
V5_BASE_SL5TP10,PUMP/USDT,2026-07-30T17:00:00+00:00,2026-07-31T17:00:00+00:00,0.001972,0.002139,87.00000000,86.00000000,100.00000000,0.10000000,0.10846856,8.46855984,8.26009128,8.26009128,24H
V5_BASE_SL5TP10,GIGGLE/USDT,2026-07-31T13:00:00+00:00,2026-07-31T17:00:00+00:00,36.97,42.93,74.00000000,55.00000000,100.00000000,0.10000000,0.11612118,16.12117933,15.90505816,15.90505816,TAKE_PROFIT
V5_BASE_SL5TP10,FIL/USDT,2026-07-30T18:00:00+00:00,2026-07-31T18:00:00+00:00,0.7153,0.7209,89.00000000,89.00000000,100.00000000,0.10000000,0.10078289,0.78288830,0.58210541,0.58210541,24H
V5_BASE_SL5TP10,TUT/USDT,2026-07-30T18:00:00+00:00,2026-07-31T18:00:00+00:00,0.01494,0.01637,82.00000000,82.00000000,100.00000000,0.10000000,0.10957162,9.57161981,9.36204819,9.36204819,24H
V5_BASE_SL5TP10,SOXLB/USDT,2026-07-30T22:00:00+00:00,2026-07-31T19:00:00+00:00,122.59,114.81,84.00000000,89.00000000,100.00000000,0.10000000,0.09365364,-6.34635778,-6.54001142,-6.54001142,STOP_LOSS
V5_BASE_SL5TP10,MUBARAK/USDT,2026-07-31T16:00:00+00:00,2026-07-31T20:00:00+00:00,0.01371,0.01259,90.00000000,100.00000000,100.00000000,0.10000000,0.09183078,-8.16921955,-8.36105033,-8.36105033,STOP_LOSS
V5_BASE_SL5TP10,BEL/USDT,2026-07-31T03:00:00+00:00,2026-08-01T03:00:00+00:00,0.0969,0.0974,89.00000000,89.00000000,100.00000000,0.10000000,0.10051600,0.51599587,0.31547988,0.31547988,24H
V5_BASE_SL5TP10,ALPINE/USDT,2026-07-31T09:00:00+00:00,2026-08-01T09:00:00+00:00,0.318,0.321,90.00000000,95.00000000,100.00000000,0.10000000,0.10094340,0.94339623,0.74245283,0.74245283,24H
V5_BASE_SL5TP10,USD1/USDT,2026-07-31T11:00:00+00:00,2026-08-01T11:00:00+00:00,1.00003,0.99989,81.00000000,80.00000000,100.00000000,0.10000000,0.09998600,-0.01399958,-0.21398558,-0.21398558,24H
V5_BASE_SL5TP10,HOME/USDT,2026-07-31T19:00:00+00:00,2026-08-01T11:00:00+00:00,0.0055,0.0062,78.00000000,73.00000000,100.00000000,0.10000000,0.11272727,12.72727273,12.51454545,12.51454545,TAKE_PROFIT
V5_BASE_SL5TP10,HOME/USDT,2026-08-01T11:00:00+00:00,2026-08-01T16:00:00+00:00,0.0062,0.00575,84.00000000,89.00000000,100.00000000,0.10000000,0.09274194,-7.25806452,-7.45080645,-7.45080645,STOP_LOSS
V5_BASE_SL5TP10,EURI/USDT,2026-07-31T17:00:00+00:00,2026-08-01T17:00:00+00:00,1.1539,1.1526,90.00000000,95.00000000,100.00000000,0.10000000,0.09988734,-0.11266141,-0.31254875,-0.31254875,24H
V5_BASE_SL5TP10,ADA/USDT,2026-07-31T17:00:00+00:00,2026-08-01T17:00:00+00:00,0.1713,0.1732,87.00000000,86.00000000,100.00000000,0.10000000,0.10110917,1.10916521,0.90805604,0.90805604,24H
V5_BASE_SL5TP10,PUMP/USDT,2026-07-31T18:00:00+00:00,2026-08-01T18:00:00+00:00,0.002123,0.002072,79.00000000,74.00000000,100.00000000,0.10000000,0.09759774,-2.40226095,-2.59985869,-2.59985869,24H
V5_BASE_SL5TP10,NEAR/USDT,2026-07-31T18:00:00+00:00,2026-08-01T18:00:00+00:00,1.702,1.66,78.00000000,73.00000000,100.00000000,0.10000000,0.09753231,-2.46768508,-2.66521739,-2.66521739,24H
V5_BASE_SL5TP10,MUBARAK/USDT,2026-08-01T09:00:00+00:00,2026-08-01T19:00:00+00:00,0.01303,0.0121,81.00000000,80.00000000,100.00000000,0.10000000,0.09286262,-7.13737529,-7.33023791,-7.33023791,STOP_LOSS
V5_BASE_SL5TP10,EUR/USDT,2026-07-31T20:00:00+00:00,2026-08-01T20:00:00+00:00,1.1535,1.1531,84.00000000,84.00000000,100.00000000,0.10000000,0.09996532,-0.03467707,-0.23464239,-0.23464239,24H
V5_BASE_SL5TP10,HOME/USDT,2026-08-01T18:00:00+00:00,2026-08-02T01:00:00+00:00,0.00604,0.00672,89.00000000,89.00000000,100.00000000,0.10000000,0.11125828,11.25827815,11.04701987,11.04701987,TAKE_PROFIT
V5_BASE_SL5TP10,TAO/USDT,2026-08-01T03:00:00+00:00,2026-08-02T03:00:00+00:00,197.7,194.1,89.00000000,88.00000000,100.00000000,0.10000000,0.09817906,-1.82094082,-2.01911988,-2.01911988,24H
V5_BASE_SL5TP10,PUMP/USDT,2026-08-02T01:00:00+00:00,2026-08-02T10:00:00+00:00,0.002265,0.002146,95.00000000,100.00000000,100.00000000,0.10000000,0.09474614,-5.25386313,-5.44860927,-5.44860927,STOP_LOSS
V5_BASE_SL5TP10,TUT/USDT,2026-08-01T11:00:00+00:00,2026-08-02T11:00:00+00:00,0.01758,0.01742,90.00000000,100.00000000,100.00000000,0.10000000,0.09908987,-0.91012514,-1.10921502,-1.10921502,24H
V5_BASE_SL5TP10,KAITO/USDT,2026-08-01T18:00:00+00:00,2026-08-02T13:00:00+00:00,1.2084,1.0894,95.00000000,100.00000000,100.00000000,0.10000000,0.09015227,-9.84773254,-10.03788481,-10.03788481,STOP_LOSS
V5_BASE_SL5TP10,PEPE/USDT,2026-08-01T16:00:00+00:00,2026-08-02T16:00:00+00:00,2.78e-06,2.91e-06,87.00000000,87.00000000,100.00000000,0.10000000,0.10467626,4.67625899,4.47158273,4.47158273,24H
V5_BASE_SL5TP10,ALPINE/USDT,2026-08-01T17:00:00+00:00,2026-08-02T17:00:00+00:00,0.328,0.319,93.00000000,98.00000000,100.00000000,0.10000000,0.09725610,-2.74390244,-2.94115854,-2.94115854,24H
V5_BASE_SL5TP10,DOT/USDT,2026-08-01T17:00:00+00:00,2026-08-02T17:00:00+00:00,0.775,0.798,81.00000000,81.00000000,100.00000000,0.10000000,0.10296774,2.96774194,2.76477419,2.76477419,24H
V5_BASE_SL5TP10,HOME/USDT,2026-08-02T10:00:00+00:00,2026-08-02T17:00:00+00:00,0.00784,0.00898,95.00000000,92.00000000,100.00000000,0.10000000,0.11454082,14.54081633,14.32627551,14.32627551,TAKE_PROFIT
V5_BASE_SL5TP10,ARB/USDT,2026-08-01T19:00:00+00:00,2026-08-02T19:00:00+00:00,0.0785,0.0816,81.00000000,81.00000000,100.00000000,0.10000000,0.10394904,3.94904459,3.74509554,3.74509554,24H
V5_BASE_SL5TP10,ADA/USDT,2026-08-01T20:00:00+00:00,2026-08-02T20:00:00+00:00,0.1732,0.1874,72.00000000,59.00000000,100.00000000,0.10000000,0.10819861,8.19861432,7.99041570,7.99041570,24H
V5_BASE_SL5TP10,EWYB/USDT,2026-08-02T03:00:00+00:00,2026-08-03T03:00:00+00:00,160.35,161.16,89.00000000,89.00000000,100.00000000,0.10000000,0.10050514,0.50514500,0.30463985,0.30463985,24H
V5_BASE_SL5TP10,TUT/USDT,2026-08-02T20:00:00+00:00,2026-08-03T07:00:00+00:00,0.01766,0.01954,78.00000000,65.00000000,100.00000000,0.10000000,0.11064553,10.64552661,10.43488109,10.43488109,TAKE_PROFIT
V5_BASE_SL5TP10,SKHYB/USDT,2026-08-02T17:00:00+00:00,2026-08-03T10:00:00+00:00,148.35,140.28,84.00000000,84.00000000,100.00000000,0.10000000,0.09456016,-5.43983822,-5.63439838,-5.63439838,STOP_LOSS
V5_BASE_SL5TP10,MUB/USDT,2026-08-02T17:00:00+00:00,2026-08-03T10:00:00+00:00,849.37,805.57,81.00000000,80.00000000,100.00000000,0.10000000,0.09484324,-5.15676325,-5.35160648,-5.35160648,STOP_LOSS
V5_BASE_SL5TP10,EUR/USDT,2026-08-02T11:00:00+00:00,2026-08-03T11:00:00+00:00,1.1541,1.1544,87.00000000,87.00000000,100.00000000,0.10000000,0.10002599,0.02599428,-0.17403171,-0.17403171,24H
V5_BASE_SL5TP10,KORUB/USDT,2026-08-02T17:00:00+00:00,2026-08-03T11:00:00+00:00,15.66,14.58,81.00000000,81.00000000,100.00000000,0.10000000,0.09310345,-6.89655172,-7.08965517,-7.08965517,STOP_LOSS
V5_BASE_SL5TP10,FIL/USDT,2026-08-02T13:00:00+00:00,2026-08-03T13:00:00+00:00,0.72,0.7249,84.00000000,84.00000000,100.00000000,0.10000000,0.10068056,0.68055556,0.47987500,0.47987500,24H
V5_BASE_SL5TP10,BICO/USDT,2026-08-03T10:00:00+00:00,2026-08-03T13:00:00+00:00,0.01749,0.01962,90.00000000,92.00000000,100.00000000,0.10000000,0.11217839,12.17838765,11.96620926,11.96620926,TAKE_PROFIT
V5_BASE_SL5TP10,ALLO/USDT,2026-08-03T11:00:00+00:00,2026-08-03T13:00:00+00:00,0.292,0.2598,89.00000000,89.00000000,100.00000000,0.10000000,0.08897260,-11.02739726,-11.21636986,-11.21636986,STOP_LOSS
V5_BASE_SL5TP10,MUBARAK/USDT,2026-08-02T16:00:00+00:00,2026-08-03T16:00:00+00:00,0.01273,0.01266,92.00000000,97.00000000,100.00000000,0.10000000,0.09945012,-0.54988217,-0.74933229,-0.74933229,24H
V5_BASE_SL5TP10,NEAR/USDT,2026-08-02T19:00:00+00:00,2026-08-03T19:00:00+00:00,1.707,1.742,84.00000000,84.00000000,100.00000000,0.10000000,0.10205038,2.05038079,1.84833040,1.84833040,24H
V5_BASE_SL5TP10,USD1/USDT,2026-08-03T03:00:00+00:00,2026-08-04T03:00:00+00:00,1.00003,1.00004,84.00000000,84.00000000,100.00000000,0.10000000,0.10000100,0.00099997,-0.19900103,-0.19900103,24H
V5_BASE_SL5TP10,HOME/USDT,2026-08-03T16:00:00+00:00,2026-08-04T03:00:00+00:00,0.00781,0.00728,95.00000000,100.00000000,100.00000000,0.10000000,0.09321383,-6.78617157,-6.97938540,-6.97938540,STOP_LOSS
V5_BASE_SL5TP10,BMT/USDT,2026-08-03T07:00:00+00:00,2026-08-04T07:00:00+00:00,0.0119,0.01181,92.00000000,97.00000000,100.00000000,0.10000000,0.09924370,-0.75630252,-0.95554622,-0.95554622,24H
V5_BASE_SL5TP10,HOME/USDT,2026-08-04T07:00:00+00:00,2026-08-04T08:00:00+00:00,0.00949,0.00878,87.00000000,84.00000000,100.00000000,0.10000000,0.09251844,-7.48155954,-7.67407798,-7.67407798,STOP_LOSS
V5_BASE_SL5TP10,ENA/USDT,2026-08-03T10:00:00+00:00,2026-08-04T10:00:00+00:00,0.09,0.091,95.00000000,100.00000000,100.00000000,0.10000000,0.10111111,1.11111111,0.91000000,0.91000000,24H
V5_BASE_SL5TP10,ADA/USDT,2026-08-03T11:00:00+00:00,2026-08-04T11:00:00+00:00,0.1865,0.1945,89.00000000,88.00000000,100.00000000,0.10000000,0.10428954,4.28954424,4.08525469,4.08525469,24H
V5_BASE_SL5TP10,PEPE/USDT,2026-08-03T13:00:00+00:00,2026-08-04T13:00:00+00:00,2.91e-06,2.89e-06,95.00000000,100.00000000,100.00000000,0.10000000,0.09931271,-0.68728522,-0.88659794,-0.88659794,24H
V5_BASE_SL5TP10,RARE/USDT,2026-08-03T13:00:00+00:00,2026-08-04T13:00:00+00:00,0.01207,0.01172,89.00000000,89.00000000,100.00000000,0.10000000,0.09710025,-2.89975145,-3.09685170,-3.09685170,24H
V5_BASE_SL5TP10,BNB/USDT,2026-08-03T13:00:00+00:00,2026-08-04T13:00:00+00:00,588.21,589.18,87.00000000,87.00000000,100.00000000,0.10000000,0.10016491,0.16490709,-0.03525782,-0.03525782,24H
V5_BASE_SL5TP10,BICO/USDT,2026-08-04T08:00:00+00:00,2026-08-04T16:00:00+00:00,0.01799,0.02055,89.00000000,80.00000000,100.00000000,0.10000000,0.11423013,14.23012785,14.01589772,14.01589772,TAKE_PROFIT
V5_BASE_SL5TP10,PUMP/USDT,2026-08-03T19:00:00+00:00,2026-08-04T19:00:00+00:00,0.002184,0.002402,89.00000000,88.00000000,100.00000000,0.10000000,0.10998168,9.98168498,9.77170330,9.77170330,24H
V5_BASE_SL5TP10,ACE/USDT,2026-08-04T10:00:00+00:00,2026-08-05T01:00:00+00:00,0.0671,0.0742,89.00000000,89.00000000,100.00000000,0.10000000,0.11058122,10.58122206,10.37064083,10.37064083,TAKE_PROFIT
V5_BASE_SL5TP10,ARB/USDT,2026-08-04T03:00:00+00:00,2026-08-05T03:00:00+00:00,0.0831,0.0806,84.00000000,84.00000000,100.00000000,0.10000000,0.09699158,-3.00842359,-3.20541516,-3.20541516,24H
V5_BASE_SL5TP10,DOT/USDT,2026-08-04T03:00:00+00:00,2026-08-05T03:00:00+00:00,0.84,0.846,82.00000000,86.00000000,100.00000000,0.10000000,0.10071429,0.71428571,0.51357143,0.51357143,24H
V5_BASE_SL5TP10,BICO/USDT,2026-08-05T03:00:00+00:00,2026-08-05T05:00:00+00:00,0.0226,0.02718,84.00000000,76.00000000,100.00000000,0.10000000,0.12026549,20.26548673,20.04522124,20.04522124,TAKE_PROFIT
V5_BASE_SL5TP10,KORUB/USDT,2026-08-05T01:00:00+00:00,2026-08-05T08:00:00+00:00,19.11,18.07,92.00000000,97.00000000,100.00000000,0.10000000,0.09455782,-5.44217687,-5.63673469,-5.63673469,STOP_LOSS
V5_BASE_SL5TP10,BMT/USDT,2026-08-04T11:00:00+00:00,2026-08-05T11:00:00+00:00,0.0119,0.0124,90.00000000,95.00000000,100.00000000,0.10000000,0.10420168,4.20168067,3.99747899,3.99747899,24H
V5_BASE_SL5TP10,EWYB/USDT,2026-08-04T13:00:00+00:00,2026-08-05T13:00:00+00:00,168.08,171.47,95.00000000,100.00000000,100.00000000,0.10000000,0.10201690,2.01689672,1.81487982,1.81487982,24H
V5_BASE_SL5TP10,PORTAL/USDT,2026-08-04T13:00:00+00:00,2026-08-05T13:00:00+00:00,0.01059,0.01086,95.00000000,100.00000000,100.00000000,0.10000000,0.10254958,2.54957507,2.34702550,2.34702550,24H
V5_BASE_SL5TP10,SNDKB/USDT,2026-08-04T13:00:00+00:00,2026-08-05T13:00:00+00:00,1383.52,1438.45,95.00000000,100.00000000,100.00000000,0.10000000,0.10397031,3.97030762,3.76633731,3.76633731,24H
V5_BASE_SL5TP10,MUBARAK/USDT,2026-08-04T16:00:00+00:00,2026-08-05T16:00:00+00:00,0.01305,0.01317,95.00000000,100.00000000,100.00000000,0.10000000,0.10091954,0.91954023,0.71862069,0.71862069,24H
V5_BASE_SL5TP10,CHIP/USDT,2026-08-04T19:00:00+00:00,2026-08-05T19:00:00+00:00,0.02539,0.02483,86.00000000,86.00000000,100.00000000,0.10000000,0.09779441,-2.20559275,-2.40338716,-2.40338716,24H
V5_BASE_SL5TP10,SNXXB/USDT,2026-08-05T16:00:00+00:00,2026-08-05T19:00:00+00:00,12.64,11.41,95.00000000,100.00000000,100.00000000,0.10000000,0.09026899,-9.73101266,-9.92128165,-9.92128165,STOP_LOSS
V5_BASE_SL5TP10,FET/USDT,2026-08-05T05:00:00+00:00,2026-08-05T21:00:00+00:00,0.1517,0.1423,87.00000000,92.00000000,100.00000000,0.10000000,0.09380356,-6.19644034,-6.39024390,-6.39024390,STOP_LOSS
V5_BASE_SL5TP10,KORUB/USDT,2026-08-05T13:00:00+00:00,2026-08-05T21:00:00+00:00,19.25,18.09,95.00000000,100.00000000,100.00000000,0.10000000,0.09397403,-6.02597403,-6.21994805,-6.21994805,STOP_LOSS
V5_BASE_SL5TP10,MUB/USDT,2026-08-05T13:00:00+00:00,2026-08-06T01:00:00+00:00,919,871.04,95.00000000,100.00000000,100.00000000,0.10000000,0.09478128,-5.21871600,-5.41349728,-5.41349728,STOP_LOSS
V5_BASE_SL5TP10,ZEC/USDT,2026-08-05T03:00:00+00:00,2026-08-06T03:00:00+00:00,512.98,509.38,87.00000000,86.00000000,100.00000000,0.10000000,0.09929822,-0.70178175,-0.90107996,-0.90107996,24H
V5_BASE_SL5TP10,HEMI/USDT,2026-08-05T05:00:00+00:00,2026-08-06T05:00:00+00:00,0.00482,0.005,95.00000000,100.00000000,100.00000000,0.10000000,0.10373444,3.73443983,3.53070539,3.53070539,24H
V5_BASE_SL5TP10,MUBARAK/USDT,2026-08-05T21:00:00+00:00,2026-08-06T05:00:00+00:00,0.01397,0.01324,95.00000000,100.00000000,100.00000000,0.10000000,0.09477452,-5.22548318,-5.42025770,-5.42025770,STOP_LOSS
V5_BASE_SL5TP10,BICO/USDT,2026-08-06T05:00:00+00:00,2026-08-06T06:00:00+00:00,0.02993,0.0283,89.00000000,80.00000000,100.00000000,0.10000000,0.09455396,-5.44604076,-5.64059472,-5.64059472,STOP_LOSS
V5_BASE_SL5TP10,ADA/USDT,2026-08-05T08:00:00+00:00,2026-08-06T08:00:00+00:00,0.1939,0.1895,87.00000000,86.00000000,100.00000000,0.10000000,0.09773079,-2.26921093,-2.46694172,-2.46694172,24H
V5_BASE_SL5TP10,EWYB/USDT,2026-08-05T13:00:00+00:00,2026-08-06T10:00:00+00:00,171.47,162.5,95.00000000,100.00000000,100.00000000,0.10000000,0.09476876,-5.23123578,-5.42600455,-5.42600455,STOP_LOSS
V5_BASE_SL5TP10,EURI/USDT,2026-08-05T11:00:00+00:00,2026-08-06T11:00:00+00:00,1.1558,1.1549,87.00000000,87.00000000,100.00000000,0.10000000,0.09992213,-0.07786814,-0.27779028,-0.27779028,24H
V5_BASE_SL5TP10,HOME/USDT,2026-08-06T08:00:00+00:00,2026-08-06T11:00:00+00:00,0.00933,0.01049,89.00000000,88.00000000,100.00000000,0.10000000,0.11243301,12.43301179,12.22057878,12.22057878,TAKE_PROFIT
V5_BASE_SL5TP10,HOME/USDT,2026-08-06T11:00:00+00:00,2026-08-06T15:00:00+00:00,0.01049,0.00972,95.00000000,92.00000000,100.00000000,0.10000000,0.09265968,-7.34032412,-7.53298379,-7.53298379,STOP_LOSS
V5_BASE_SL5TP10,PORTAL/USDT,2026-08-05T19:00:00+00:00,2026-08-06T16:00:00+00:00,0.01125,0.01264,95.00000000,100.00000000,100.00000000,0.10000000,0.11235556,12.35555556,12.14320000,12.14320000,TAKE_PROFIT
V5_BASE_SL5TP10,MSTRB/USDT,2026-08-05T19:00:00+00:00,2026-08-06T19:00:00+00:00,98.4,96.84,89.00000000,88.00000000,100.00000000,0.10000000,0.09841463,-1.58536585,-1.78378049,-1.78378049,24H
V5_BASE_SL5TP10,FDUSD/USDT,2026-08-06T01:00:00+00:00,2026-08-07T01:00:00+00:00,0.9982,0.9982,87.00000000,87.00000000,100.00000000,0.10000000,0.10000000,0.00000000,-0.20000000,-0.20000000,24H
V5_BASE_SL5TP10,BMT/USDT,2026-08-06T03:00:00+00:00,2026-08-07T03:00:00+00:00,0.01246,0.01269,93.00000000,98.00000000,100.00000000,0.10000000,0.10184591,1.84590690,1.64406100,1.64406100,24H
V5_BASE_SL5TP10,ONG/USDT,2026-08-06T05:00:00+00:00,2026-08-07T05:00:00+00:00,0.04253,0.04273,89.00000000,89.00000000,100.00000000,0.10000000,0.10047026,0.47025629,0.26978603,0.26978603,24H
V5_BASE_SL5TP10,ENA/USDT,2026-08-06T06:00:00+00:00,2026-08-07T06:00:00+00:00,0.0925,0.093,89.00000000,88.00000000,100.00000000,0.10000000,0.10054054,0.54054054,0.34000000,0.34000000,24H
V5_BASE_SL5TP10,TUT/USDT,2026-08-07T03:00:00+00:00,2026-08-07T06:00:00+00:00,0.02763,0.03044,95.00000000,100.00000000,100.00000000,0.10000000,0.11017010,10.17010496,9.95993485,9.95993485,TAKE_PROFIT
V5_BASE_SL5TP10,ACE/USDT,2026-08-07T06:00:00+00:00,2026-08-07T07:00:00+00:00,0.1362,0.1578,89.00000000,80.00000000,100.00000000,0.10000000,0.11585903,15.85903084,15.64317181,15.64317181,TAKE_PROFIT
V5_BASE_SL5TP10,GPS/USDT,2026-08-06T10:00:00+00:00,2026-08-07T10:00:00+00:00,0.0095,0.00956,90.00000000,95.00000000,100.00000000,0.10000000,0.10063158,0.63157895,0.43094737,0.43094737,24H
V5_BASE_SL5TP10,EDEN/USDT,2026-08-06T11:00:00+00:00,2026-08-07T11:00:00+00:00,0.0395,0.04135,89.00000000,89.00000000,100.00000000,0.10000000,0.10468354,4.68354430,4.47886076,4.47886076,24H
V5_BASE_SL5TP10,TUT/USDT,2026-08-07T07:00:00+00:00,2026-08-07T11:00:00+00:00,0.03089,0.03468,92.00000000,97.00000000,100.00000000,0.10000000,0.11226934,12.26934283,12.05707349,12.05707349,TAKE_PROFIT
V5_BASE_SL5TP10,CRCLB/USDT,2026-08-06T15:00:00+00:00,2026-08-07T15:00:00+00:00,65.41,66.78,95.00000000,100.00000000,100.00000000,0.10000000,0.10209448,2.09448097,1.89238649,1.89238649,24H
V5_BASE_SL5TP10,BICO/USDT,2026-08-07T11:00:00+00:00,2026-08-07T15:00:00+00:00,0.04798,0.05296,92.00000000,89.00000000,100.00000000,0.10000000,0.11037932,10.37932472,10.16894539,10.16894539,TAKE_PROFIT
V5_BASE_SL5TP10,ADA/USDT,2026-08-06T16:00:00+00:00,2026-08-07T16:00:00+00:00,0.2068,0.1993,90.00000000,100.00000000,100.00000000,0.10000000,0.09637331,-3.62669246,-3.82306576,-3.82306576,24H
V5_BASE_SL5TP10,PUMP/USDT,2026-08-06T19:00:00+00:00,2026-08-07T19:00:00+00:00,0.00238,0.002347,84.00000000,84.00000000,100.00000000,0.10000000,0.09861345,-1.38655462,-1.58516807,-1.58516807,24H
V5_BASE_SL5TP10,HEMI/USDT,2026-08-07T10:00:00+00:00,2026-08-07T21:00:00+00:00,0.00541,0.00512,92.00000000,97.00000000,100.00000000,0.10000000,0.09463956,-5.36044362,-5.55508318,-5.55508318,STOP_LOSS
V5_BASE_SL5TP10,OPN/USDT,2026-08-07T01:00:00+00:00,2026-08-08T01:00:00+00:00,0.0532,0.0521,81.00000000,80.00000000,100.00000000,0.10000000,0.09793233,-2.06766917,-2.26560150,-2.26560150,24H
V5_BASE_SL5TP10,BICO/USDT,2026-08-07T15:00:00+00:00,2026-08-08T03:00:00+00:00,0.05296,0.05893,89.00000000,80.00000000,100.00000000,0.10000000,0.11127266,11.27265861,11.06138595,11.06138595,TAKE_PROFIT
V5_BASE_SL5TP10,TUT/USDT,2026-08-07T19:00:00+00:00,2026-08-08T03:00:00+00:00,0.03734,0.04283,89.00000000,80.00000000,100.00000000,0.10000000,0.11470273,14.70273166,14.48802892,14.48802892,TAKE_PROFIT
V5_BASE_SL5TP10,RARE/USDT,2026-08-07T05:00:00+00:00,2026-08-08T05:00:00+00:00,0.0127,0.01232,90.00000000,100.00000000,100.00000000,0.10000000,0.09700787,-2.99212598,-3.18913386,-3.18913386,24H
V5_BASE_SL5TP10,PAXG/USDT,2026-08-07T06:00:00+00:00,2026-08-08T06:00:00+00:00,4291.5,4337.99,90.00000000,95.00000000,100.00000000,0.10000000,0.10108330,1.08330421,0.88222090,0.88222090,24H
V5_BASE_SL5TP10,BMT/USDT,2026-08-07T07:00:00+00:00,2026-08-08T07:00:00+00:00,0.01297,0.01277,92.00000000,97.00000000,100.00000000,0.10000000,0.09845798,-1.54202005,-1.74047803,-1.74047803,24H
V5_BASE_SL5TP10,MSTRB/USDT,2026-08-07T11:00:00+00:00,2026-08-08T11:00:00+00:00,98.72,101.15,93.00000000,98.00000000,100.00000000,0.10000000,0.10246151,2.46150729,2.25904579,2.25904579,24H
V5_BASE_SL5TP10,RE/USDT,2026-08-08T05:00:00+00:00,2026-08-08T11:00:00+00:00,0.4102,0.4529,89.00000000,89.00000000,100.00000000,0.10000000,0.11040956,10.40955631,10.19914676,10.19914676,TAKE_PROFIT
V5_BASE_SL5TP10,LTC/USDT,2026-08-07T15:00:00+00:00,2026-08-08T15:00:00+00:00,45.96,45.88,90.00000000,95.00000000,100.00000000,0.10000000,0.09982594,-0.17406440,-0.37389034,-0.37389034,24H
V5_BASE_SL5TP10,GPS/USDT,2026-08-07T16:00:00+00:00,2026-08-08T16:00:00+00:00,0.00987,0.00982,90.00000000,95.00000000,100.00000000,0.10000000,0.09949341,-0.50658561,-0.70607903,-0.70607903,24H
V5_BASE_SL5TP10,ACE/USDT,2026-08-08T15:00:00+00:00,2026-08-08T16:00:00+00:00,0.1407,0.1584,95.00000000,92.00000000,100.00000000,0.10000000,0.11257996,12.57995736,12.36737740,12.36737740,TAKE_PROFIT
V5_BASE_SL5TP10,BCH/USDT,2026-08-07T21:00:00+00:00,2026-08-08T21:00:00+00:00,215.8,216.4,81.00000000,80.00000000,100.00000000,0.10000000,0.10027804,0.27803522,0.07775718,0.07775718,24H
V5_BASE_SL5TP10,BICO/USDT,2026-08-08T03:00:00+00:00,2026-08-09T00:00:00+00:00,0.05893,0.06662,89.00000000,80.00000000,100.00000000,0.10000000,0.11304938,13.04938062,12.83633124,12.83633124,TAKE_PROFIT
V5_BASE_SL5TP10,ALPINE/USDT,2026-08-08T01:00:00+00:00,2026-08-09T01:00:00+00:00,0.321,0.334,87.00000000,87.00000000,100.00000000,0.10000000,0.10404984,4.04984424,3.84579439,3.84579439,24H
V5_BASE_SL5TP10,OPN/USDT,2026-08-08T03:00:00+00:00,2026-08-09T03:00:00+00:00,0.0536,0.0541,89.00000000,88.00000000,100.00000000,0.10000000,0.10093284,0.93283582,0.73190299,0.73190299,24H
V5_BASE_SL5TP10,MUBARAK/USDT,2026-08-08T11:00:00+00:00,2026-08-09T04:00:00+00:00,0.01469,0.01668,93.00000000,98.00000000,100.00000000,0.10000000,0.11354663,13.54663036,13.33308373,13.33308373,TAKE_PROFIT
V5_BASE_SL5TP10,TAO/USDT,2026-08-08T06:00:00+00:00,2026-08-09T06:00:00+00:00,197.4,205.4,90.00000000,95.00000000,100.00000000,0.10000000,0.10405268,4.05268490,3.84863222,3.84863222,24H
V5_BASE_SL5TP10,RARE/USDT,2026-08-08T07:00:00+00:00,2026-08-09T07:00:00+00:00,0.01242,0.01339,93.00000000,98.00000000,100.00000000,0.10000000,0.10780998,7.80998390,7.60217391,7.60217391,24H
V5_BASE_SL5TP10,BICO/USDT,2026-08-09T00:00:00+00:00,2026-08-09T08:00:00+00:00,0.06662,0.05181,92.00000000,89.00000000,100.00000000,0.10000000,0.07776944,-22.23056139,-22.40833083,-22.40833083,STOP_LOSS
V5_BASE_SL5TP10,BMT/USDT,2026-08-09T08:00:00+00:00,2026-08-09T09:00:00+00:00,0.01948,0.02397,90.00000000,92.00000000,100.00000000,0.10000000,0.12304928,23.04928131,22.82623203,22.82623203,TAKE_PROFIT
V5_BASE_SL5TP10,MUBARAK/USDT,2026-08-09T07:00:00+00:00,2026-08-09T10:00:00+00:00,0.0179,0.02001,95.00000000,92.00000000,100.00000000,0.10000000,0.11178771,11.78770950,11.57592179,11.57592179,TAKE_PROFIT
V5_BASE_SL5TP10,HEMI/USDT,2026-08-08T11:00:00+00:00,2026-08-09T11:00:00+00:00,0.00536,0.00553,92.00000000,97.00000000,100.00000000,0.10000000,0.10317164,3.17164179,2.96847015,2.96847015,24H
V5_BASE_SL5TP10,MUBARAK/USDT,2026-08-09T11:00:00+00:00,2026-08-09T12:00:00+00:00,0.01966,0.01844,89.00000000,80.00000000,100.00000000,0.10000000,0.09379451,-6.20549339,-6.39928789,-6.39928789,STOP_LOSS
V5_BASE_SL5TP10,BEL/USDT,2026-08-08T16:00:00+00:00,2026-08-09T16:00:00+00:00,0.1078,0.1117,90.00000000,95.00000000,100.00000000,0.10000000,0.10361781,3.61781076,3.41419295,3.41419295,24H
V5_BASE_SL5TP10,ONG/USDT,2026-08-08T16:00:00+00:00,2026-08-09T16:00:00+00:00,0.04311,0.04355,90.00000000,95.00000000,100.00000000,0.10000000,0.10102064,1.02064486,0.81962422,0.81962422,24H
V5_BASE_SL5TP10,PORTAL/USDT,2026-08-08T21:00:00+00:00,2026-08-09T21:00:00+00:00,0.01177,0.01148,90.00000000,100.00000000,100.00000000,0.10000000,0.09753611,-2.46389125,-2.66142736,-2.66142736,24H
V5_BASE_SL5TP10,PLUME/USDT,2026-08-09T01:00:00+00:00,2026-08-10T01:00:00+00:00,0.01205,0.01221,85.00000000,87.00000000,100.00000000,0.10000000,0.10132780,1.32780083,1.12647303,1.12647303,24H
V5_BASE_SL5TP10,TREE/USDT,2026-08-09T03:00:00+00:00,2026-08-10T03:00:00+00:00,0.0375,0.0375,90.00000000,95.00000000,100.00000000,0.10000000,0.10000000,0.00000000,-0.20000000,-0.20000000,24H
V5_BASE_SL5TP10,EURI/USDT,2026-08-09T04:00:00+00:00,2026-08-10T04:00:00+00:00,1.1559,1.1554,84.00000000,84.00000000,100.00000000,0.10000000,0.09995674,-0.04325634,-0.24321308,-0.24321308,24H
V5_BASE_SL5TP10,ALPINE/USDT,2026-08-09T06:00:00+00:00,2026-08-10T06:00:00+00:00,0.336,0.331,90.00000000,95.00000000,100.00000000,0.10000000,0.09851190,-1.48809524,-1.68660714,-1.68660714,24H
V5_BASE_SL5TP10,ZEC/USDT,2026-08-09T09:00:00+00:00,2026-08-10T09:00:00+00:00,521.11,504.51,95.00000000,100.00000000,100.00000000,0.10000000,0.09681449,-3.18550786,-3.38232235,-3.38232235,24H
V5_BASE_SL5TP10,HEMI/USDT,2026-08-09T21:00:00+00:00,2026-08-10T09:00:00+00:00,0.00562,0.00525,90.00000000,95.00000000,100.00000000,0.10000000,0.09341637,-6.58362989,-6.77704626,-6.77704626,STOP_LOSS
V5_BASE_SL5TP10,XAUT/USDT,2026-08-09T10:00:00+00:00,2026-08-10T10:00:00+00:00,4333.24,4316.43,87.00000000,87.00000000,100.00000000,0.10000000,0.09961207,-0.38793143,-0.58754350,-0.58754350,24H
V5_BASE_SL5TP10,SOXLB/USDT,2026-08-09T12:00:00+00:00,2026-08-10T12:00:00+00:00,142.46,140.05,87.00000000,87.00000000,100.00000000,0.10000000,0.09830830,-1.69170293,-1.89001123,-1.89001123,24H
V5_BASE_SL5TP10,HOME/USDT,2026-08-10T06:00:00+00:00,2026-08-10T15:00:00+00:00,0.00961,0.01189,92.00000000,97.00000000,100.00000000,0.10000000,0.12372529,23.72528616,23.50156087,23.50156087,TAKE_PROFIT
V5_BASE_SL5TP10,CRCLB/USDT,2026-08-09T16:00:00+00:00,2026-08-10T16:00:00+00:00,68.32,65.86,90.00000000,95.00000000,100.00000000,0.10000000,0.09639930,-3.60070258,-3.79710187,-3.79710187,24H
V5_BASE_SL5TP10,TRUMP/USDT,2026-08-09T16:00:00+00:00,2026-08-10T16:00:00+00:00,1.521,1.486,90.00000000,100.00000000,100.00000000,0.10000000,0.09769888,-2.30111769,-2.49881657,-2.49881657,24H
V5_BASE_SL5TP10,RE/USDT,2026-08-10T10:00:00+00:00,2026-08-10T20:00:00+00:00,0.4269,0.4044,89.00000000,89.00000000,100.00000000,0.10000000,0.09472944,-5.27055517,-5.46528461,-5.46528461,STOP_LOSS
V5_BASE_SL5TP10,ALLO/USDT,2026-08-10T16:00:00+00:00,2026-08-10T22:00:00+00:00,0.3267,0.3081,95.00000000,100.00000000,100.00000000,0.10000000,0.09430670,-5.69329660,-5.88760331,-5.88760331,STOP_LOSS
V5_BASE_SL5TP10,PLUME/USDT,2026-08-10T01:00:00+00:00,2026-08-11T01:00:00+00:00,0.01221,0.01225,93.00000000,98.00000000,100.00000000,0.10000000,0.10032760,0.32760033,0.12727273,0.12727273,24H
V5_BASE_SL5TP10,EDEN/USDT,2026-08-10T03:00:00+00:00,2026-08-11T03:00:00+00:00,0.04498,0.04385,89.00000000,88.00000000,100.00000000,0.10000000,0.09748777,-2.51222766,-2.70971543,-2.70971543,24H
V5_BASE_SL5TP10,TREE/USDT,2026-08-10T04:00:00+00:00,2026-08-11T04:00:00+00:00,0.0377,0.0364,90.00000000,95.00000000,100.00000000,0.10000000,0.09655172,-3.44827586,-3.64482759,-3.64482759,24H
V5_BASE_SL5TP10,SPCXB/USDT,2026-08-10T09:00:00+00:00,2026-08-11T09:00:00+00:00,136.24,136.9,93.00000000,98.00000000,100.00000000,0.10000000,0.10048444,0.48443922,0.28395479,0.28395479,24H
V5_BASE_SL5TP10,WLD/USDT,2026-08-10T09:00:00+00:00,2026-08-11T09:00:00+00:00,0.343,0.3358,90.00000000,95.00000000,100.00000000,0.10000000,0.09790087,-2.09912536,-2.29702624,-2.29702624,24H
V5_BASE_SL5TP10,RARE/USDT,2026-08-10T20:00:00+00:00,2026-08-11T09:00:00+00:00,0.01368,0.01212,87.00000000,86.00000000,100.00000000,0.10000000,0.08859649,-11.40350877,-11.59210526,-11.59210526,STOP_LOSS
V5_BASE_SL5TP10,POL/USDT,2026-08-10T12:00:00+00:00,2026-08-11T12:00:00+00:00,0.07806,0.07553,83.00000000,75.00000000,100.00000000,0.10000000,0.09675890,-3.24109659,-3.43785550,-3.43785550,24H
V5_BASE_SL5TP10,PORTAL/USDT,2026-08-10T15:00:00+00:00,2026-08-11T14:00:00+00:00,0.01185,0.01116,95.00000000,100.00000000,100.00000000,0.10000000,0.09417722,-5.82278481,-6.01696203,-6.01696203,STOP_LOSS
V5_BASE_SL5TP10,PAXG/USDT,2026-08-10T16:00:00+00:00,2026-08-11T16:00:00+00:00,4348.17,4380.62,87.00000000,87.00000000,100.00000000,0.10000000,0.10074629,0.74629097,0.54554468,0.54554468,24H
V5_BASE_SL5TP10,GIGGLE/USDT,2026-08-11T12:00:00+00:00,2026-08-11T20:00:00+00:00,35.3,38.86,92.00000000,97.00000000,100.00000000,0.10000000,0.11008499,10.08498584,9.87490085,9.87490085,TAKE_PROFIT
V5_BASE_SL5TP10,PUMP/USDT,2026-08-10T22:00:00+00:00,2026-08-11T22:00:00+00:00,0.002809,0.002705,87.00000000,86.00000000,100.00000000,0.10000000,0.09629761,-3.70238519,-3.89868281,-3.89868281,24H
V5_BASE_SL5TP10,LINK/USDT,2026-08-11T01:00:00+00:00,2026-08-12T01:00:00+00:00,8.428,8.787,93.00000000,98.00000000,100.00000000,0.10000000,0.10425961,4.25961082,4.05535121,4.05535121,24H
V5_BASE_SL5TP10,TRUMP/USDT,2026-08-11T03:00:00+00:00,2026-08-12T03:00:00+00:00,1.518,1.49,95.00000000,100.00000000,100.00000000,0.10000000,0.09815547,-1.84453228,-2.04268775,-2.04268775,24H
V5_BASE_SL5TP10,ENA/USDT,2026-08-11T04:00:00+00:00,2026-08-12T04:00:00+00:00,0.0903,0.0898,90.00000000,95.00000000,100.00000000,0.10000000,0.09944629,-0.55370986,-0.75315615,-0.75315615,24H
V5_BASE_SL5TP10,BNB/USDT,2026-08-11T09:00:00+00:00,2026-08-12T09:00:00+00:00,607.19,613.7,87.00000000,86.00000000,100.00000000,0.10000000,0.10107215,1.07215204,0.87107989,0.87107989,24H
V5_BASE_SL5TP10,DOGE/USDT,2026-08-11T09:00:00+00:00,2026-08-12T09:00:00+00:00,0.07059,0.07204,84.00000000,84.00000000,100.00000000,0.10000000,0.10205412,2.05411531,1.85206120,1.85206120,24H
V5_BASE_SL5TP10,EDEN/USDT,2026-08-11T09:00:00+00:00,2026-08-12T09:00:00+00:00,0.04421,0.04442,84.00000000,83.00000000,100.00000000,0.10000000,0.10047501,0.47500565,0.27453065,0.27453065,24H
V5_BASE_SL5TP10,KORUB/USDT,2026-08-11T14:00:00+00:00,2026-08-12T12:00:00+00:00,17.95,19.83,89.00000000,88.00000000,100.00000000,0.10000000,0.11047354,10.47353760,10.26306407,10.26306407,TAKE_PROFIT
V5_BASE_SL5TP10,CRCLB/USDT,2026-08-11T16:00:00+00:00,2026-08-12T16:00:00+00:00,71.09,70.03,84.00000000,88.00000000,100.00000000,0.10000000,0.09850893,-1.49106766,-1.68957659,-1.68957659,24H
V5_BASE_SL5TP10,SOL/USDT,2026-08-11T20:00:00+00:00,2026-08-12T20:00:00+00:00,76.05,75.93,80.00000000,82.00000000,100.00000000,0.10000000,0.09984221,-0.15779093,-0.35763314,-0.35763314,24H
V5_BASE_SL5TP10,HOME/USDT,2026-08-11T22:00:00+00:00,2026-08-12T22:00:00+00:00,0.00922,0.00935,82.00000000,84.00000000,100.00000000,0.10000000,0.10140998,1.40997831,1.20856833,1.20856833,24H
V5_BASE_SL5TP10,WLD/USDT,2026-08-12T01:00:00+00:00,2026-08-13T01:00:00+00:00,0.3406,0.3298,90.00000000,95.00000000,100.00000000,0.10000000,0.09682913,-3.17087493,-3.36770405,-3.36770405,24H
V5_BASE_SL5TP10,RE/USDT,2026-08-12T03:00:00+00:00,2026-08-13T03:00:00+00:00,0.435,0.4353,89.00000000,88.00000000,100.00000000,0.10000000,0.10006897,0.06896552,-0.13110345,-0.13110345,24H
V5_BASE_SL5TP10,GRAM/USDT,2026-08-12T04:00:00+00:00,2026-08-13T04:00:00+00:00,1.361,1.338,81.00000000,80.00000000,100.00000000,0.10000000,0.09831007,-1.68993387,-1.88824394,-1.88824394,24H
V5_BASE_SL5TP10,HOME/USDT,2026-08-12T22:00:00+00:00,2026-08-13T06:00:00+00:00,0.00935,0.01036,79.00000000,75.00000000,100.00000000,0.10000000,0.11080214,10.80213904,10.59133690,10.59133690,TAKE_PROFIT
V5_BASE_SL5TP10,GPS/USDT,2026-08-12T09:00:00+00:00,2026-08-13T09:00:00+00:00,0.00981,0.01014,90.00000000,100.00000000,100.00000000,0.10000000,0.10336391,3.36391437,3.16055046,3.16055046,24H
V5_BASE_SL5TP10,PAXG/USDT,2026-08-12T09:00:00+00:00,2026-08-13T09:00:00+00:00,4413.47,4383.36,84.00000000,83.00000000,100.00000000,0.10000000,0.09931777,-0.68222963,-0.88154740,-0.88154740,24H
V5_BASE_SL5TP10,SOXLB/USDT,2026-08-12T09:00:00+00:00,2026-08-13T09:00:00+00:00,140.47,142.68,84.00000000,88.00000000,100.00000000,0.10000000,0.10157329,1.57328967,1.37171638,1.37171638,24H
V5_BASE_SL5TP10,LINK/USDT,2026-08-12T12:00:00+00:00,2026-08-13T12:00:00+00:00,8.849,8.782,93.00000000,98.00000000,100.00000000,0.10000000,0.09924285,-0.75714770,-0.95639055,-0.95639055,24H
V5_BASE_SL5TP10,EDEN/USDT,2026-08-12T16:00:00+00:00,2026-08-13T15:00:00+00:00,0.04516,0.04974,93.00000000,98.00000000,100.00000000,0.10000000,0.11014172,10.14171833,9.93157662,9.93157662,TAKE_PROFIT
V5_BASE_SL5TP10,SNDKB/USDT,2026-08-13T12:00:00+00:00,2026-08-13T15:00:00+00:00,1353.63,1532.99,90.00000000,95.00000000,100.00000000,0.10000000,0.11325030,13.25029735,13.03704705,13.03704705,TAKE_PROFIT
V5_BASE_SL5TP10,EDEN/USDT,2026-08-13T15:00:00+00:00,2026-08-13T18:00:00+00:00,0.04974,0.05933,90.00000000,100.00000000,100.00000000,0.10000000,0.11928026,19.28025734,19.06097708,19.06097708,TAKE_PROFIT
V5_BASE_SL5TP10,CRCLB/USDT,2026-08-12T20:00:00+00:00,2026-08-13T20:00:00+00:00,70.98,75.27,78.00000000,65.00000000,100.00000000,0.10000000,0.10604396,6.04395604,5.83791209,5.83791209,24H
V5_BASE_SL5TP10,RLUSD/USDT,2026-08-13T01:00:00+00:00,2026-08-14T01:00:00+00:00,1.0011,1.001,87.00000000,87.00000000,100.00000000,0.10000000,0.09999001,-0.00998901,-0.20997902,-0.20997902,24H
V5_BASE_SL5TP10,AVAX/USDT,2026-08-13T03:00:00+00:00,2026-08-14T03:00:00+00:00,6.512,6.417,79.00000000,76.00000000,100.00000000,0.10000000,0.09854115,-1.45884521,-1.65738636,-1.65738636,24H
V5_BASE_SL5TP10,PUMP/USDT,2026-08-13T04:00:00+00:00,2026-08-14T04:00:00+00:00,0.002772,0.002918,82.00000000,82.00000000,100.00000000,0.10000000,0.10526696,5.26695527,5.06168831,5.06168831,24H
V5_BASE_SL5TP10,HOME/USDT,2026-08-13T06:00:00+00:00,2026-08-14T06:00:00+00:00,0.01036,0.0114,90.00000000,100.00000000,100.00000000,0.10000000,0.11003861,10.03861004,9.82857143,9.82857143,TAKE_PROFIT
V5_BASE_SL5TP10,ACE/USDT,2026-08-14T03:00:00+00:00,2026-08-14T07:00:00+00:00,0.1316,0.1493,87.00000000,92.00000000,100.00000000,0.10000000,0.11344985,13.44984802,13.23639818,13.23639818,TAKE_PROFIT
V5_BASE_SL5TP10,RE/USDT,2026-08-13T09:00:00+00:00,2026-08-14T09:00:00+00:00,0.4494,0.4391,95.00000000,100.00000000,100.00000000,0.10000000,0.09770806,-2.29194482,-2.48965287,-2.48965287,24H
V5_BASE_SL5TP10,WLD/USDT,2026-08-13T09:00:00+00:00,2026-08-14T09:00:00+00:00,0.3466,0.3357,95.00000000,100.00000000,100.00000000,0.10000000,0.09685516,-3.14483555,-3.34169071,-3.34169071,24H
V5_BASE_SL5TP10,XUSD/USDT,2026-08-13T09:00:00+00:00,2026-08-14T09:00:00+00:00,1.001,1.0012,87.00000000,87.00000000,100.00000000,0.10000000,0.10001998,0.01998002,-0.18003996,-0.18003996,24H
V5_BASE_SL5TP10,DEXE/USDT,2026-08-13T18:00:00+00:00,2026-08-14T09:00:00+00:00,2.06,1.937,79.00000000,76.00000000,100.00000000,0.10000000,0.09402913,-5.97087379,-6.16490291,-6.16490291,STOP_LOSS
V5_BASE_SL5TP10,SOXLB/USDT,2026-08-13T15:00:00+00:00,2026-08-14T15:00:00+00:00,149.63,140.58,89.00000000,88.00000000,100.00000000,0.10000000,0.09395175,-6.04825236,-6.24220410,-6.24220410,STOP_LOSS
V5_BASE_SL5TP10,HEI/USDT,2026-08-14T15:00:00+00:00,2026-08-14T18:00:00+00:00,0.1446,0.1335,89.00000000,81.00000000,100.00000000,0.10000000,0.09232365,-7.67634855,-7.86867220,-7.86867220,STOP_LOSS
V5_BASE_SL5TP10,TAO/USDT,2026-08-13T20:00:00+00:00,2026-08-14T20:00:00+00:00,202.9,197.8,87.00000000,86.00000000,100.00000000,0.10000000,0.09748645,-2.51355347,-2.71103992,-2.71103992,24H
V5_BASE_SL5TP10,EDEN/USDT,2026-08-14T18:00:00+00:00,2026-08-15T00:00:00+00:00,0.06159,0.05846,84.00000000,76.00000000,100.00000000,0.10000000,0.09491801,-5.08199383,-5.27691184,-5.27691184,STOP_LOSS
V5_BASE_SL5TP10,RED/USDT,2026-08-14T01:00:00+00:00,2026-08-15T01:00:00+00:00,0.0891,0.0873,84.00000000,89.00000000,100.00000000,0.10000000,0.09797980,-2.02020202,-2.21818182,-2.21818182,24H
V5_BASE_SL5TP10,LINK/USDT,2026-08-14T09:00:00+00:00,2026-08-15T02:00:00+00:00,8.82,9.725,84.00000000,84.00000000,100.00000000,0.10000000,0.11026077,10.26077098,10.05051020,10.05051020,TAKE_PROFIT
V5_BASE_SL5TP10,PUMP/USDT,2026-08-14T04:00:00+00:00,2026-08-15T03:00:00+00:00,0.002918,0.00274,87.00000000,86.00000000,100.00000000,0.10000000,0.09389993,-6.10006854,-6.29396847,-6.29396847,STOP_LOSS
V5_BASE_SL5TP10,KORUB/USDT,2026-08-14T06:00:00+00:00,2026-08-15T06:00:00+00:00,21.69,21.63,92.00000000,97.00000000,100.00000000,0.10000000,0.09972337,-0.27662517,-0.47634855,-0.47634855,24H
V5_BASE_SL5TP10,WLFI/USDT,2026-08-14T07:00:00+00:00,2026-08-15T07:00:00+00:00,0.0555,0.0566,93.00000000,98.00000000,100.00000000,0.10000000,0.10198198,1.98198198,1.78000000,1.78000000,24H
V5_BASE_SL5TP10,RLUSD/USDT,2026-08-14T09:00:00+00:00,2026-08-15T09:00:00+00:00,1.0011,1.0013,87.00000000,87.00000000,100.00000000,0.10000000,0.10001998,0.01997802,-0.18004195,-0.18004195,24H
V5_BASE_SL5TP10,U/USDT,2026-08-14T09:00:00+00:00,2026-08-15T09:00:00+00:00,1.0005,1.0005,87.00000000,87.00000000,100.00000000,0.10000000,0.10000000,0.00000000,-0.20000000,-0.20000000,24H
V5_BASE_SL5TP10,USDE/USDT,2026-08-14T09:00:00+00:00,2026-08-15T09:00:00+00:00,1.0008,1.001,87.00000000,87.00000000,100.00000000,0.10000000,0.10001998,0.01998401,-0.18003597,-0.18003597,24H
V5_BASE_SL5TP10,ACE/USDT,2026-08-15T06:00:00+00:00,2026-08-15T09:00:00+00:00,0.2734,0.2131,89.00000000,80.00000000,100.00000000,0.10000000,0.07794440,-22.05559620,-22.23354060,-22.23354060,STOP_LOSS
V5_BASE_SL5TP10,PLUME/USDT,2026-08-15T01:00:00+00:00,2026-08-15T10:00:00+00:00,0.0127,0.0141,89.00000000,88.00000000,100.00000000,0.10000000,0.11102362,11.02362205,10.81259843,10.81259843,TAKE_PROFIT
V5_BASE_SL5TP10,HEMI/USDT,2026-08-15T09:00:00+00:00,2026-08-15T14:00:00+00:00,0.00533,0.00661,89.00000000,89.00000000,100.00000000,0.10000000,0.12401501,24.01500938,23.79099437,23.79099437,TAKE_PROFIT
V5_BASE_SL5TP10,CHIP/USDT,2026-08-15T03:00:00+00:00,2026-08-15T19:00:00+00:00,0.02362,0.02681,89.00000000,89.00000000,100.00000000,0.10000000,0.11350550,13.50550381,13.29199831,13.29199831,TAKE_PROFIT
V5_BASE_SL5TP10,ONG/USDT,2026-08-14T20:00:00+00:00,2026-08-15T20:00:00+00:00,0.04511,0.0488,80.00000000,72.00000000,100.00000000,0.10000000,0.10818000,8.18000443,7.97182443,7.97182443,24H
V5_BASE_SL5TP10,RE/USDT,2026-08-15T00:00:00+00:00,2026-08-16T00:00:00+00:00,0.4576,0.4645,92.00000000,97.00000000,100.00000000,0.10000000,0.10150787,1.50786713,1.30635927,1.30635927,24H
V5_BASE_SL5TP10,XPL/USDT,2026-08-15T02:00:00+00:00,2026-08-16T02:00:00+00:00,0.07735,0.07672,89.00000000,89.00000000,100.00000000,0.10000000,0.09918552,-0.81447964,-1.01366516,-1.01366516,24H
V5_BASE_SL5TP10,HEMI/USDT,2026-08-15T14:00:00+00:00,2026-08-16T02:00:00+00:00,0.00661,0.00742,90.00000000,92.00000000,100.00000000,0.10000000,0.11225416,12.25416036,12.04190620,12.04190620,TAKE_PROFIT
V5_BASE_SL5TP10,GPS/USDT,2026-08-15T07:00:00+00:00,2026-08-16T07:00:00+00:00,0.01054,0.01114,83.00000000,75.00000000,100.00000000,0.10000000,0.10569260,5.69259962,5.48690702,5.48690702,24H
V5_BASE_SL5TP10,U/USDT,2026-08-15T09:00:00+00:00,2026-08-16T09:00:00+00:00,1.0005,1.0004,84.00000000,84.00000000,100.00000000,0.10000000,0.09999000,-0.00999500,-0.20998501,-0.20998501,24H
V5_BASE_SL5TP10,BNB/USDT,2026-08-15T09:00:00+00:00,2026-08-16T09:00:00+00:00,611.88,607.33,81.00000000,80.00000000,100.00000000,0.10000000,0.09925639,-0.74360986,-0.94286625,-0.94286625,24H
V5_BASE_SL5TP10,EUR/USDT,2026-08-15T09:00:00+00:00,2026-08-16T09:00:00+00:00,1.1577,1.1575,81.00000000,80.00000000,100.00000000,0.10000000,0.09998272,-0.01727563,-0.21725836,-0.21725836,24H
V5_BASE_SL5TP10,OPN/USDT,2026-08-15T10:00:00+00:00,2026-08-16T10:00:00+00:00,0.0498,0.0532,84.00000000,89.00000000,100.00000000,0.10000000,0.10682731,6.82730924,6.62048193,6.62048193,24H
V5_BASE_SL5TP10,GPS/USDT,2026-08-16T07:00:00+00:00,2026-08-16T11:00:00+00:00,0.01114,0.0105,95.00000000,100.00000000,100.00000000,0.10000000,0.09425494,-5.74506284,-5.93931777,-5.93931777,STOP_LOSS
V5_BASE_SL5TP10,PORTAL/USDT,2026-08-16T11:00:00+00:00,2026-08-16T12:00:00+00:00,0.01226,0.016,90.00000000,100.00000000,100.00000000,0.10000000,0.13050571,30.50570962,30.27520392,30.27520392,TAKE_PROFIT
V5_BASE_SL5TP10,BEL/USDT,2026-08-16T09:00:00+00:00,2026-08-16T18:00:00+00:00,0.1072,0.1222,93.00000000,98.00000000,100.00000000,0.10000000,0.11399254,13.99253731,13.77854478,13.77854478,TAKE_PROFIT
V5_BASE_SL5TP10,SKHYB/USDT,2026-08-15T19:00:00+00:00,2026-08-16T19:00:00+00:00,167.66,167.91,87.00000000,87.00000000,100.00000000,0.10000000,0.10014911,0.14911130,-0.05103781,-0.05103781,24H
V5_BASE_SL5TP10,ALPINE/USDT,2026-08-15T20:00:00+00:00,2026-08-16T20:00:00+00:00,0.32,0.317,89.00000000,89.00000000,100.00000000,0.10000000,0.09906250,-0.93750000,-1.13656250,-1.13656250,24H
V5_BASE_SL5TP10,XPL/USDT,2026-08-16T09:00:00+00:00,2026-08-16T21:00:00+00:00,0.07827,0.07432,93.00000000,98.00000000,100.00000000,0.10000000,0.09495337,-5.04663345,-5.24158681,-5.24158681,STOP_LOSS
V5_BASE_SL5TP10,PORTAL/USDT,2026-08-16T18:00:00+00:00,2026-08-16T22:00:00+00:00,0.01674,0.01866,90.00000000,92.00000000,100.00000000,0.10000000,0.11146953,11.46953405,11.25806452,11.25806452,TAKE_PROFIT
V5_BASE_SL5TP10,WLFI/USDT,2026-08-16T00:00:00+00:00,2026-08-17T00:00:00+00:00,0.0578,0.0598,92.00000000,97.00000000,100.00000000,0.10000000,0.10346021,3.46020761,3.25674740,3.25674740,24H
V5_BASE_SL5TP10,ONG/USDT,2026-08-16T02:00:00+00:00,2026-08-17T01:00:00+00:00,0.051,0.06082,90.00000000,87.00000000,100.00000000,0.10000000,0.11925490,19.25490196,19.03564706,19.03564706,TAKE_PROFIT
V5_BASE_SL5TP10,SNXXB/USDT,2026-08-16T02:00:00+00:00,2026-08-17T02:00:00+00:00,16.54,17.69,88.00000000,93.00000000,100.00000000,0.10000000,0.10695284,6.95284160,6.74588875,6.74588875,24H
V5_BASE_SL5TP10,GPS/USDT,2026-08-17T01:00:00+00:00,2026-08-17T03:00:00+00:00,0.01195,0.01394,95.00000000,100.00000000,100.00000000,0.10000000,0.11665272,16.65271967,16.43606695,16.43606695,TAKE_PROFIT
V5_BASE_SL5TP10,CHIP/USDT,2026-08-16T09:00:00+00:00,2026-08-17T07:00:00+00:00,0.02897,0.03253,92.00000000,97.00000000,100.00000000,0.10000000,0.11228857,12.28857439,12.07628581,12.07628581,TAKE_PROFIT
V5_BASE_SL5TP10,CHIP/USDT,2026-08-17T07:00:00+00:00,2026-08-17T08:00:00+00:00,0.03253,0.02993,90.00000000,100.00000000,100.00000000,0.10000000,0.09200738,-7.99262219,-8.18462957,-8.18462957,STOP_LOSS
V5_BASE_SL5TP10,PLUME/USDT,2026-08-16T10:00:00+00:00,2026-08-17T10:00:00+00:00,0.01311,0.01258,87.00000000,86.00000000,100.00000000,0.10000000,0.09595728,-4.04271548,-4.23867277,-4.23867277,24H
V5_BASE_SL5TP10,RLUSD/USDT,2026-08-16T12:00:00+00:00,2026-08-17T12:00:00+00:00,1.0012,1.0012,84.00000000,84.00000000,100.00000000,0.10000000,0.10000000,0.00000000,-0.20000000,-0.20000000,24H
V5_BASE_SL5TP10,KORUB/USDT,2026-08-17T02:00:00+00:00,2026-08-17T14:00:00+00:00,22.24,25.04,93.00000000,98.00000000,100.00000000,0.10000000,0.11258993,12.58992806,12.37733813,12.37733813,TAKE_PROFIT
V5_BASE_SL5TP10,ONG/USDT,2026-08-17T03:00:00+00:00,2026-08-17T14:00:00+00:00,0.05908,0.05489,89.00000000,88.00000000,100.00000000,0.10000000,0.09290792,-7.09207854,-7.28498646,-7.28498646,STOP_LOSS
V5_BASE_SL5TP10,CHIP/USDT,2026-08-17T08:00:00+00:00,2026-08-17T18:00:00+00:00,0.02993,0.02814,95.00000000,100.00000000,100.00000000,0.10000000,0.09401938,-5.98062145,-6.17464083,-6.17464083,STOP_LOSS
V5_BASE_SL5TP10,EUR/USDT,2026-08-16T19:00:00+00:00,2026-08-17T19:00:00+00:00,1.1577,1.1588,87.00000000,87.00000000,100.00000000,0.10000000,0.10009502,0.09501598,-0.10507904,-0.10507904,24H
V5_BASE_SL5TP10,BEL/USDT,2026-08-16T20:00:00+00:00,2026-08-17T20:00:00+00:00,0.1115,0.1082,87.00000000,87.00000000,100.00000000,0.10000000,0.09704036,-2.95964126,-3.15668161,-3.15668161,24H
V5_BASE_SL5TP10,RARE/USDT,2026-08-16T21:00:00+00:00,2026-08-17T21:00:00+00:00,0.01217,0.01231,87.00000000,87.00000000,100.00000000,0.10000000,0.10115037,1.15036976,0.94921939,0.94921939,24H
V5_BASE_SL5TP10,MUBARAK/USDT,2026-08-17T00:00:00+00:00,2026-08-17T21:00:00+00:00,0.0175,0.01661,92.00000000,97.00000000,100.00000000,0.10000000,0.09491429,-5.08571429,-5.28062857,-5.28062857,STOP_LOSS
V5_BASE_SL5TP10,EURI/USDT,2026-08-16T22:00:00+00:00,2026-08-17T22:00:00+00:00,1.1579,1.1588,76.00000000,71.00000000,100.00000000,0.10000000,0.10007773,0.07772692,-0.12235081,-0.12235081,24H
V5_BASE_SL5TP10,SNXXB/USDT,2026-08-17T22:00:00+00:00,2026-08-18T01:00:00+00:00,19.6,18.22,89.00000000,88.00000000,100.00000000,0.10000000,0.09295918,-7.04081633,-7.23377551,-7.23377551,STOP_LOSS
V5_BASE_SL5TP10,GPS/USDT,2026-08-17T12:00:00+00:00,2026-08-18T05:00:00+00:00,0.01554,0.0172,92.00000000,89.00000000,100.00000000,0.10000000,0.11068211,10.68211068,10.47142857,10.47142857,TAKE_PROFIT
V5_BASE_SL5TP10,BMT/USDT,2026-08-17T18:00:00+00:00,2026-08-18T05:00:00+00:00,0.01605,0.01519,89.00000000,89.00000000,100.00000000,0.10000000,0.09464174,-5.35825545,-5.55289720,-5.55289720,STOP_LOSS
V5_BASE_SL5TP10,EDEN/USDT,2026-08-18T05:00:00+00:00,2026-08-18T07:00:00+00:00,0.05105,0.05792,92.00000000,97.00000000,100.00000000,0.10000000,0.11345739,13.45739471,13.24393732,13.24393732,TAKE_PROFIT
V5_BASE_SL5TP10,OPN/USDT,2026-08-17T20:00:00+00:00,2026-08-18T09:00:00+00:00,0.0527,0.0587,84.00000000,84.00000000,100.00000000,0.10000000,0.11138520,11.38519924,11.17381404,11.17381404,TAKE_PROFIT
V5_BASE_SL5TP10,USDC/USDT,2026-08-17T10:00:00+00:00,2026-08-18T10:00:00+00:00,1.00097,1.00088,87.00000000,87.00000000,100.00000000,0.10000000,0.09999101,-0.00899128,-0.20898229,-0.20898229,24H
V5_BASE_SL5TP10,ACE/USDT,2026-08-18T07:00:00+00:00,2026-08-18T12:00:00+00:00,0.191,0.2162,95.00000000,92.00000000,100.00000000,0.10000000,0.11319372,13.19371728,12.98052356,12.98052356,TAKE_PROFIT
V5_BASE_SL5TP10,ACE/USDT,2026-08-18T12:00:00+00:00,2026-08-18T12:30:12.661268+00:00,0.2162,0.1913,95.00000000,92.00000000,100.00000000,0.10000000,0.08848289,-11.51711378,-11.70559667,-11.70559667,STOP_LOSS
V5_BASE_SL5TP10,ACE/USDT,2026-08-18T12:30:12.661268+00:00,2026-08-18T13:00:00+00:00,0.1913,0.2238,76.00000000,83.00000000,100.00000000,0.10000000,0.11698902,16.98902248,16.77203346,16.77203346,TAKE_PROFIT
V5_BASE_SL5TP10,HEMI/USDT,2026-08-17T14:00:00+00:00,2026-08-18T14:00:00+00:00,0.00692,0.00646,95.00000000,100.00000000,100.00000000,0.10000000,0.09335260,-6.64739884,-6.84075145,-6.84075145,STOP_LOSS
V5_BASE_SL5TP10,CRCLB/USDT,2026-08-17T14:00:00+00:00,2026-08-18T14:00:00+00:00,74.31,72.15,90.00000000,100.00000000,100.00000000,0.10000000,0.09709326,-2.90674203,-3.10383528,-3.10383528,24H
V5_BASE_SL5TP10,ONG/USDT,2026-08-18T01:00:00+00:00,2026-08-18T18:00:00+00:00,0.05805,0.05479,95.00000000,100.00000000,100.00000000,0.10000000,0.09438415,-5.61584841,-5.81023256,-5.81023256,STOP_LOSS
V5_BASE_SL5TP10,POL/USDT,2026-08-17T19:00:00+00:00,2026-08-18T19:00:00+00:00,0.08002,0.08209,92.00000000,97.00000000,100.00000000,0.10000000,0.10258685,2.58685329,2.38426643,2.38426643,24H
V5_BASE_SL5TP10,AAVE/USDT,2026-08-17T21:00:00+00:00,2026-08-18T21:00:00+00:00,89.04,88.29,79.00000000,79.00000000,100.00000000,0.10000000,0.09915768,-0.84231806,-1.04147574,-1.04147574,24H
V5_BASE_SL5TP10,ALLO/USDT,2026-08-17T21:00:00+00:00,2026-08-18T21:00:00+00:00,0.2909,0.2978,78.00000000,73.00000000,100.00000000,0.10000000,0.10237195,2.37194912,2.16957717,2.16957717,24H
V5_BASE_SL5TP10,GPS/USDT,2026-08-18T10:00:00+00:00,2026-08-19T01:00:00+00:00,0.01728,0.0146,89.00000000,80.00000000,100.00000000,0.10000000,0.08449074,-15.50925926,-15.69375000,-15.69375000,STOP_LOSS
V5_BASE_SL5TP10,BTC/USDT,2026-08-18T05:00:00+00:00,2026-08-19T05:00:00+00:00,64242.76,64236.01,81.00000000,81.00000000,100.00000000,0.10000000,0.09998949,-0.01050702,-0.21049651,-0.21049651,24H
V5_BASE_SL5TP10,HEMI/USDT,2026-08-18T21:00:00+00:00,2026-08-19T05:00:00+00:00,0.00692,0.00832,84.00000000,84.00000000,100.00000000,0.10000000,0.12023121,20.23121387,20.01098266,20.01098266,TAKE_PROFIT
V5_BASE_SL5TP10,ARB/USDT,2026-08-18T09:00:00+00:00,2026-08-19T09:00:00+00:00,0.0755,0.077,87.00000000,87.00000000,100.00000000,0.10000000,0.10198675,1.98675497,1.78476821,1.78476821,24H
V5_BASE_SL5TP10,MUBARAK/USDT,2026-08-19T01:00:00+00:00,2026-08-19T09:00:00+00:00,0.0173,0.01908,80.00000000,72.00000000,100.00000000,0.10000000,0.11028902,10.28901734,10.07872832,10.07872832,TAKE_PROFIT
V5_BASE_SL5TP10,ONG/USDT,2026-08-18T21:00:00+00:00,2026-08-19T10:00:00+00:00,0.05776,0.06418,84.00000000,84.00000000,100.00000000,0.10000000,0.11111496,11.11495845,10.90384349,10.90384349,TAKE_PROFIT
V5_BASE_SL5TP10,ACE/USDT,2026-08-18T13:00:00+00:00,2026-08-19T12:00:00+00:00,0.2238,0.2061,90.00000000,92.00000000,100.00000000,0.10000000,0.09209115,-7.90884718,-8.10093834,-8.10093834,STOP_LOSS
V5_BASE_SL5TP10,SOL/USDT,2026-08-18T14:00:00+00:00,2026-08-19T14:00:00+00:00,76.8,80.89,93.00000000,98.00000000,100.00000000,0.10000000,0.10532552,5.32552083,5.12019531,5.12019531,24H
V5_BASE_SL5TP10,ETH/USDT,2026-08-18T14:00:00+00:00,2026-08-19T14:00:00+00:00,1911.02,1970.6,90.00000000,95.00000000,100.00000000,0.10000000,0.10311771,3.11770677,2.91458907,2.91458907,24H
V5_BASE_SL5TP10,TREE/USDT,2026-08-19T12:00:00+00:00,2026-08-19T14:00:00+00:00,0.0343,0.0406,95.00000000,100.00000000,100.00000000,0.10000000,0.11836735,18.36734694,18.14897959,18.14897959,TAKE_PROFIT
V5_BASE_SL5TP10,RE/USDT,2026-08-19T09:00:00+00:00,2026-08-19T15:00:00+00:00,0.4022,0.4585,79.00000000,76.00000000,100.00000000,0.10000000,0.11399801,13.99801094,13.78401293,13.78401293,TAKE_PROFIT
V5_BASE_SL5TP10,EDEN/USDT,2026-08-19T14:00:00+00:00,2026-08-19T15:00:00+00:00,0.05968,0.05515,95.00000000,100.00000000,100.00000000,0.10000000,0.09240952,-7.59048257,-7.78289209,-7.78289209,STOP_LOSS
V5_BASE_SL5TP10,PUMP/USDT,2026-08-18T19:00:00+00:00,2026-08-19T16:00:00+00:00,0.00285,0.003162,82.00000000,82.00000000,100.00000000,0.10000000,0.11094737,10.94736842,10.73642105,10.73642105,TAKE_PROFIT
V5_BASE_SL5TP10,LINK/USDT,2026-08-18T18:00:00+00:00,2026-08-19T18:00:00+00:00,9.516,9.991,79.00000000,74.00000000,100.00000000,0.10000000,0.10499159,4.99159311,4.78660151,4.78660151,24H
V5_BASE_SL5TP10,ARB/USDT,2026-08-19T09:00:00+00:00,2026-08-19T20:00:00+00:00,0.077,0.0847,84.00000000,84.00000000,100.00000000,0.10000000,0.11000000,10.00000000,9.79000000,9.79000000,TAKE_PROFIT
V5_BASE_SL5TP10,UNI/USDT,2026-08-19T05:00:00+00:00,2026-08-19T21:00:00+00:00,3.327,3.712,70.00000000,65.00000000,100.00000000,0.10000000,0.11157199,11.57198677,11.36041479,11.36041479,TAKE_PROFIT
V5_BASE_SL5TP10,ONG/USDT,2026-08-19T21:00:00+00:00,2026-08-20T20:00:00+00:00,0.06122,0.17155,80.00000000,72.00000000,100.00000000,0.10000000,0.28021888,180.21888272,179.83866384,179.83866384,TAKE_PROFIT
V5_BASE_SL5TP10,TAO/USDT,2026-08-20T23:00:00+00:00,2026-08-21T23:00:00+00:00,214.9,229.9,72.00000000,67.00000000,100.00000000,0.10000000,0.10697999,6.97999069,6.77301070,6.77301070,24H
COST_015,ACE/USDT,2026-07-18T15:00:00+00:00,2026-07-18T18:00:00+00:00,0.0729,0.0686,70.00000000,70.00000000,100.00000000,0.15000000,0.14115226,-5.89849108,-6.18964335,-6.18964335,STOP_LOSS
COST_015,DEXE/USDT,2026-07-18T13:00:00+00:00,2026-07-19T06:00:00+00:00,36.519,34.466,75.00000000,70.00000000,100.00000000,0.15000000,0.14156740,-5.62173115,-5.91329856,-5.91329856,STOP_LOSS
COST_015,CHIP/USDT,2026-07-18T13:00:00+00:00,2026-07-19T13:00:00+00:00,0.03159,0.03049,75.00000000,70.00000000,100.00000000,0.15000000,0.14477683,-3.48211459,-3.77689142,-3.77689142,24H
COST_015,ONG/USDT,2026-07-18T13:00:00+00:00,2026-07-19T13:00:00+00:00,0.0472,0.0474,70.00000000,65.00000000,100.00000000,0.15000000,0.15063559,0.42372881,0.12309322,0.12309322,24H
COST_015,ALLO/USDT,2026-07-18T14:00:00+00:00,2026-07-19T14:00:00+00:00,0.4592,0.4639,72.00000000,67.00000000,100.00000000,0.15000000,0.15153528,1.02351916,0.72198389,0.72198389,24H
COST_015,ZEC/USDT,2026-07-18T16:00:00+00:00,2026-07-19T16:00:00+00:00,556.73,551.43,70.00000000,65.00000000,100.00000000,0.15000000,0.14857202,-0.95198750,-1.25055952,-1.25055952,24H
COST_015,ETH/USDT,2026-07-18T18:00:00+00:00,2026-07-19T18:00:00+00:00,1857.54,1861.12,70.00000000,65.00000000,100.00000000,0.15000000,0.15028909,0.19272802,-0.10756108,-0.10756108,24H
COST_015,TAO/USDT,2026-07-18T19:00:00+00:00,2026-07-19T19:00:00+00:00,195.9,197.1,70.00000000,65.00000000,100.00000000,0.15000000,0.15091884,0.61255743,0.31163859,0.31163859,24H
COST_015,ACE/USDT,2026-07-19T20:00:00+00:00,2026-07-19T22:00:00+00:00,0.0712,0.0957,70.00000000,70.00000000,100.00000000,0.15000000,0.20161517,34.41011236,34.05849719,34.05849719,TAKE_PROFIT
COST_015,CRCLB/USDT,2026-07-19T01:00:00+00:00,2026-07-20T01:00:00+00:00,61.4,60.65,73.00000000,68.00000000,100.00000000,0.15000000,0.14816775,-1.22149837,-1.51966612,-1.51966612,24H
COST_015,OPN/USDT,2026-07-19T02:00:00+00:00,2026-07-20T02:00:00+00:00,0.0637,0.0616,70.00000000,65.00000000,100.00000000,0.15000000,0.14505495,-3.29670330,-3.59175824,-3.59175824,24H
COST_015,PEPE/USDT,2026-07-19T06:00:00+00:00,2026-07-20T06:00:00+00:00,2.8e-06,2.82e-06,73.00000000,68.00000000,100.00000000,0.15000000,0.15107143,0.71428571,0.41321429,0.41321429,24H
COST_015,HEMI/USDT,2026-07-19T13:00:00+00:00,2026-07-20T08:00:00+00:00,0.00457,0.00505,75.00000000,70.00000000,100.00000000,0.15000000,0.16575492,10.50328228,10.18752735,10.18752735,TAKE_PROFIT
COST_015,LTC/USDT,2026-07-19T13:00:00+00:00,2026-07-20T13:00:00+00:00,47.36,46.69,73.00000000,68.00000000,100.00000000,0.15000000,0.14787796,-1.41469595,-1.71257390,-1.71257390,24H
COST_015,GPS/USDT,2026-07-19T14:00:00+00:00,2026-07-20T14:00:00+00:00,0.00908,0.00905,70.00000000,65.00000000,100.00000000,0.15000000,0.14950441,-0.33039648,-0.62990088,-0.62990088,24H
COST_015,HEMI/USDT,2026-07-20T09:00:00+00:00,2026-07-20T14:00:00+00:00,0.00499,0.00561,70.00000000,70.00000000,100.00000000,0.15000000,0.16863727,12.42484970,12.10621242,12.10621242,TAKE_PROFIT
COST_015,EDEN/USDT,2026-07-19T16:00:00+00:00,2026-07-20T16:00:00+00:00,0.04415,0.04281,70.00000000,65.00000000,100.00000000,0.15000000,0.14544734,-3.03510759,-3.33055493,-3.33055493,24H
COST_015,ALLO/USDT,2026-07-20T16:00:00+00:00,2026-07-20T20:00:00+00:00,0.4872,0.4611,75.00000000,70.00000000,100.00000000,0.15000000,0.14196429,-5.35714286,-5.64910714,-5.64910714,STOP_LOSS
COST_015,EWYB/USDT,2026-07-19T22:00:00+00:00,2026-07-20T22:00:00+00:00,166.67,163.53,75.00000000,70.00000000,100.00000000,0.15000000,0.14717406,-1.88396232,-2.18113638,-2.18113638,24H
COST_015,MUB/USDT,2026-07-19T22:00:00+00:00,2026-07-20T22:00:00+00:00,867.11,873.22,73.00000000,68.00000000,100.00000000,0.15000000,0.15105696,0.70463955,0.40358259,0.40358259,24H
COST_015,ETH/USDT,2026-07-19T22:00:00+00:00,2026-07-20T22:00:00+00:00,1870.44,1895.72,70.00000000,65.00000000,100.00000000,0.15000000,0.15202733,1.35155365,1.04952631,1.04952631,24H
COST_015,TUT/USDT,2026-07-20T06:00:00+00:00,2026-07-21T00:00:00+00:00,0.01337,0.01477,70.00000000,65.00000000,100.00000000,0.15000000,0.16570681,10.47120419,10.15549738,10.15549738,TAKE_PROFIT
COST_015,LINK/USDT,2026-07-20T01:00:00+00:00,2026-07-21T01:00:00+00:00,8.422,8.592,73.00000000,68.00000000,100.00000000,0.15000000,0.15302778,2.01852292,1.71549513,1.71549513,24H
COST_015,HEMI/USDT,2026-07-20T22:00:00+00:00,2026-07-21T01:00:00+00:00,0.00686,0.00643,72.00000000,59.00000000,100.00000000,0.15000000,0.14059767,-6.26822157,-6.55881924,-6.55881924,STOP_LOSS
COST_015,MSTRB/USDT,2026-07-20T02:00:00+00:00,2026-07-21T02:00:00+00:00,95.95,99.27,70.00000000,65.00000000,100.00000000,0.15000000,0.15519020,3.46013549,3.15494528,3.15494528,24H
COST_015,DEXE/USDT,2026-07-21T00:00:00+00:00,2026-07-21T02:00:00+00:00,37.721,34.091,75.00000000,70.00000000,100.00000000,0.15000000,0.13556507,-9.62328676,-9.90885183,-9.90885183,STOP_LOSS
COST_015,TREE/USDT,2026-07-21T02:00:00+00:00,2026-07-21T06:00:00+00:00,0.0385,0.0475,72.00000000,67.00000000,100.00000000,0.15000000,0.18506494,23.37662338,23.04155844,23.04155844,TAKE_PROFIT
COST_015,SOXLB/USDT,2026-07-21T00:00:00+00:00,2026-07-21T08:00:00+00:00,139.06,153.96,73.00000000,68.00000000,100.00000000,0.15000000,0.16607220,10.71479937,10.39872717,10.39872717,TAKE_PROFIT
COST_015,NEAR/USDT,2026-07-20T13:00:00+00:00,2026-07-21T13:00:00+00:00,1.965,1.988,73.00000000,68.00000000,100.00000000,0.15000000,0.15175573,1.17048346,0.86872774,0.86872774,24H
COST_015,CRCLB/USDT,2026-07-20T14:00:00+00:00,2026-07-21T13:00:00+00:00,63.12,70.14,70.00000000,70.00000000,100.00000000,0.15000000,0.16668251,11.12167300,10.80499049,10.80499049,TAKE_PROFIT
COST_015,BMT/USDT,2026-07-20T15:00:00+00:00,2026-07-21T15:00:00+00:00,0.01184,0.01197,73.00000000,68.00000000,100.00000000,0.15000000,0.15164696,1.09797297,0.79632601,0.79632601,24H
COST_015,MUB/USDT,2026-07-21T01:00:00+00:00,2026-07-21T16:00:00+00:00,886.11,977.63,73.00000000,68.00000000,100.00000000,0.15000000,0.16549243,10.32828881,10.01279638,10.01279638,TAKE_PROFIT
COST_015,RARE/USDT,2026-07-20T20:00:00+00:00,2026-07-21T20:00:00+00:00,0.0128,0.0127,73.00000000,68.00000000,100.00000000,0.15000000,0.14882813,-0.78125000,-1.08007812,-1.08007812,24H
COST_015,RED/USDT,2026-07-21T01:00:00+00:00,2026-07-22T01:00:00+00:00,0.1032,0.1011,75.00000000,70.00000000,100.00000000,0.15000000,0.14694767,-2.03488372,-2.33183140,-2.33183140,24H
COST_015,EWYB/USDT,2026-07-21T02:00:00+00:00,2026-07-22T02:00:00+00:00,167.22,174.49,75.00000000,70.00000000,100.00000000,0.15000000,0.15652135,4.34756608,4.04104473,4.04104473,24H
COST_015,BICO/USDT,2026-07-21T02:00:00+00:00,2026-07-22T02:00:00+00:00,0.01401,0.01386,72.00000000,67.00000000,100.00000000,0.15000000,0.14839400,-1.07066381,-1.36905782,-1.36905782,24H
COST_015,SKHYB/USDT,2026-07-21T06:00:00+00:00,2026-07-22T06:00:00+00:00,160.21,163.65,72.00000000,67.00000000,100.00000000,0.15000000,0.15322077,2.14718182,1.84396105,1.84396105,24H
COST_015,GIGGLE/USDT,2026-07-21T08:00:00+00:00,2026-07-22T08:00:00+00:00,26.98,26.53,75.00000000,70.00000000,100.00000000,0.15000000,0.14749815,-1.66790215,-1.96540030,-1.96540030,24H
COST_015,TUT/USDT,2026-07-22T04:00:00+00:00,2026-07-22T10:00:00+00:00,0.01524,0.01412,70.00000000,65.00000000,100.00000000,0.15000000,0.13897638,-7.34908136,-7.63805774,-7.63805774,STOP_LOSS
COST_015,ALLO/USDT,2026-07-21T13:00:00+00:00,2026-07-22T13:00:00+00:00,0.4991,0.5038,75.00000000,70.00000000,100.00000000,0.15000000,0.15141254,0.94169505,0.64028251,0.64028251,24H
COST_015,SNDKB/USDT,2026-07-21T13:00:00+00:00,2026-07-22T13:00:00+00:00,1529.08,1577.19,70.00000000,70.00000000,100.00000000,0.15000000,0.15471950,3.14633636,2.84161685,2.84161685,24H
COST_015,MSTRB/USDT,2026-07-21T15:00:00+00:00,2026-07-22T15:00:00+00:00,102.67,99.78,73.00000000,68.00000000,100.00000000,0.15000000,0.14577773,-2.81484367,-3.11062141,-3.11062141,24H
COST_015,GRAM/USDT,2026-07-21T16:00:00+00:00,2026-07-22T16:00:00+00:00,1.518,1.517,72.00000000,67.00000000,100.00000000,0.15000000,0.14990119,-0.06587615,-0.36577734,-0.36577734,24H
COST_015,PORTAL/USDT,2026-07-21T22:00:00+00:00,2026-07-22T22:00:00+00:00,0.01106,0.01088,73.00000000,68.00000000,100.00000000,0.15000000,0.14755877,-1.62748644,-1.92504521,-1.92504521,24H
COST_015,CHIP/USDT,2026-07-22T02:00:00+00:00,2026-07-23T02:00:00+00:00,0.0306,0.03026,70.00000000,65.00000000,100.00000000,0.15000000,0.14833333,-1.11111111,-1.40944444,-1.40944444,24H
COST_015,BICO/USDT,2026-07-22T03:00:00+00:00,2026-07-23T03:00:00+00:00,0.01388,0.01377,73.00000000,68.00000000,100.00000000,0.15000000,0.14881124,-0.79250720,-1.09131844,-1.09131844,24H
COST_015,BEL/USDT,2026-07-22T06:00:00+00:00,2026-07-23T06:00:00+00:00,0.1042,0.1018,70.00000000,65.00000000,100.00000000,0.15000000,0.14654511,-2.30326296,-2.59980806,-2.59980806,24H
COST_015,ENA/USDT,2026-07-22T08:00:00+00:00,2026-07-23T08:00:00+00:00,0.0882,0.0919,70.00000000,65.00000000,100.00000000,0.15000000,0.15629252,4.19501134,3.88871882,3.88871882,24H
COST_015,ONDO/USDT,2026-07-22T10:00:00+00:00,2026-07-23T10:00:00+00:00,0.4109,0.4035,75.00000000,70.00000000,100.00000000,0.15000000,0.14729861,-1.80092480,-2.09822341,-2.09822341,24H
COST_015,AAVE/USDT,2026-07-22T13:00:00+00:00,2026-07-23T13:00:00+00:00,97.91,96.11,75.00000000,70.00000000,100.00000000,0.15000000,0.14724237,-1.83842304,-2.13566541,-2.13566541,24H
COST_015,MUB/USDT,2026-07-22T13:00:00+00:00,2026-07-23T13:00:00+00:00,972.31,977.98,75.00000000,70.00000000,100.00000000,0.15000000,0.15087472,0.58314735,0.28227263,0.28227263,24H
COST_015,ADA/USDT,2026-07-22T15:00:00+00:00,2026-07-23T15:00:00+00:00,0.1779,0.1705,75.00000000,70.00000000,100.00000000,0.15000000,0.14376054,-4.15964025,-4.45340079,-4.45340079,24H
COST_015,OPN/USDT,2026-07-23T06:00:00+00:00,2026-07-23T15:00:00+00:00,0.0718,0.0669,73.00000000,68.00000000,100.00000000,0.15000000,0.13976323,-6.82451253,-7.11427577,-7.11427577,STOP_LOSS
COST_015,WLD/USDT,2026-07-22T16:00:00+00:00,2026-07-23T16:00:00+00:00,0.3938,0.3766,75.00000000,70.00000000,100.00000000,0.15000000,0.14344845,-4.36769934,-4.66114779,-4.66114779,24H
COST_015,SKHYB/USDT,2026-07-23T00:00:00+00:00,2026-07-24T00:00:00+00:00,171.79,167.7,72.00000000,67.00000000,100.00000000,0.15000000,0.14642878,-2.38081378,-2.67724256,-2.67724256,24H
COST_015,RE/USDT,2026-07-23T16:00:00+00:00,2026-07-24T00:00:00+00:00,0.5261,0.5822,70.00000000,70.00000000,100.00000000,0.15000000,0.16599506,10.66337198,10.34737692,10.34737692,TAKE_PROFIT
COST_015,SNDKB/USDT,2026-07-23T16:00:00+00:00,2026-07-24T02:00:00+00:00,1667.76,1576.22,72.00000000,67.00000000,100.00000000,0.15000000,0.14176680,-5.48879935,-5.78056615,-5.78056615,STOP_LOSS
COST_015,SOXLB/USDT,2026-07-23T20:00:00+00:00,2026-07-24T02:00:00+00:00,162.95,151.66,75.00000000,70.00000000,100.00000000,0.15000000,0.13960724,-6.92850568,-7.21811292,-7.21811292,STOP_LOSS
COST_015,GRAM/USDT,2026-07-23T03:00:00+00:00,2026-07-24T03:00:00+00:00,1.516,1.455,73.00000000,68.00000000,100.00000000,0.15000000,0.14396438,-4.02374670,-4.31771108,-4.31771108,24H
COST_015,BMT/USDT,2026-07-23T05:00:00+00:00,2026-07-24T05:00:00+00:00,0.01262,0.01228,70.00000000,70.00000000,100.00000000,0.15000000,0.14595880,-2.69413629,-2.99009509,-2.99009509,24H
COST_015,TRUMP/USDT,2026-07-23T08:00:00+00:00,2026-07-24T08:00:00+00:00,1.639,1.598,75.00000000,70.00000000,100.00000000,0.15000000,0.14624771,-2.50152532,-2.79777303,-2.79777303,24H
COST_015,OPN/USDT,2026-07-24T05:00:00+00:00,2026-07-24T08:00:00+00:00,0.0694,0.0627,75.00000000,70.00000000,100.00000000,0.15000000,0.13551873,-9.65417867,-9.93969741,-9.93969741,STOP_LOSS
COST_015,KAITO/USDT,2026-07-23T10:00:00+00:00,2026-07-24T10:00:00+00:00,1.032,1.0396,75.00000000,70.00000000,100.00000000,0.15000000,0.15110465,0.73643411,0.43532946,0.43532946,24H
COST_015,KAITO/USDT,2026-07-24T10:00:00+00:00,2026-07-24T12:00:00+00:00,1.0396,0.9876,73.00000000,68.00000000,100.00000000,0.15000000,0.14249711,-5.00192382,-5.29442093,-5.29442093,STOP_LOSS
COST_015,PLUME/USDT,2026-07-23T13:00:00+00:00,2026-07-24T13:00:00+00:00,0.01146,0.01114,73.00000000,68.00000000,100.00000000,0.15000000,0.14581152,-2.79232112,-3.08813264,-3.08813264,24H
COST_015,ALLO/USDT,2026-07-24T11:00:00+00:00,2026-07-24T14:00:00+00:00,0.5096,0.47,70.00000000,65.00000000,100.00000000,0.15000000,0.13834380,-7.77080063,-8.05914443,-8.05914443,STOP_LOSS
COST_015,HOME/USDT,2026-07-24T14:00:00+00:00,2026-07-24T18:00:00+00:00,0.00689,0.00654,72.00000000,67.00000000,100.00000000,0.15000000,0.14238026,-5.07982583,-5.37220610,-5.37220610,STOP_LOSS
COST_015,HEI/USDT,2026-07-23T21:00:00+00:00,2026-07-24T21:00:00+00:00,0.103,0.0987,70.00000000,70.00000000,100.00000000,0.15000000,0.14373786,-4.17475728,-4.46849515,-4.46849515,24H
COST_015,XPL/USDT,2026-07-24T17:00:00+00:00,2026-07-25T03:00:00+00:00,0.08689,0.08214,75.00000000,70.00000000,100.00000000,0.15000000,0.14179998,-5.46668201,-5.75848199,-5.75848199,STOP_LOSS
COST_015,UNI/USDT,2026-07-24T05:00:00+00:00,2026-07-25T05:00:00+00:00,3.833,3.687,70.00000000,65.00000000,100.00000000,0.15000000,0.14428646,-3.80902687,-4.10331333,-4.10331333,24H
COST_015,HEMI/USDT,2026-07-24T19:00:00+00:00,2026-07-25T06:00:00+00:00,0.00532,0.00505,75.00000000,70.00000000,100.00000000,0.15000000,0.14238722,-5.07518797,-5.36757519,-5.36757519,STOP_LOSS
COST_015,RE/USDT,2026-07-25T07:00:00+00:00,2026-07-25T09:00:00+00:00,0.6078,0.5587,75.00000000,70.00000000,100.00000000,0.15000000,0.13788253,-8.07831524,-8.36619776,-8.36619776,STOP_LOSS
COST_015,GPS/USDT,2026-07-24T10:00:00+00:00,2026-07-25T10:00:00+00:00,0.00923,0.00958,70.00000000,65.00000000,100.00000000,0.15000000,0.15568797,3.79198267,3.48629469,3.48629469,24H
COST_015,PLUME/USDT,2026-07-24T14:00:00+00:00,2026-07-25T14:00:00+00:00,0.01141,0.01178,73.00000000,68.00000000,100.00000000,0.15000000,0.15486415,3.24276950,2.93790535,2.93790535,24H
COST_015,TUT/USDT,2026-07-24T21:00:00+00:00,2026-07-25T21:00:00+00:00,0.01452,0.01538,75.00000000,70.00000000,100.00000000,0.15000000,0.15888430,5.92286501,5.61398072,5.61398072,24H
COST_015,TREE/USDT,2026-07-25T00:00:00+00:00,2026-07-26T00:00:00+00:00,0.0394,0.0381,73.00000000,68.00000000,100.00000000,0.15000000,0.14505076,-3.29949239,-3.59454315,-3.59454315,24H
COST_015,ALPINE/USDT,2026-07-25T13:00:00+00:00,2026-07-26T13:00:00+00:00,0.314,0.315,75.00000000,70.00000000,100.00000000,0.15000000,0.15047771,0.31847134,0.01799363,0.01799363,24H
COST_015,PLUME/USDT,2026-07-25T15:00:00+00:00,2026-07-26T15:00:00+00:00,0.01177,0.01236,70.00000000,65.00000000,100.00000000,0.15000000,0.15751912,5.01274427,4.70522515,4.70522515,24H
COST_015,TRX/USDT,2026-07-25T16:00:00+00:00,2026-07-26T16:00:00+00:00,0.3321,0.333,70.00000000,65.00000000,100.00000000,0.15000000,0.15040650,0.27100271,-0.02940379,-0.02940379,24H
COST_015,MUBARAK/USDT,2026-07-25T19:00:00+00:00,2026-07-26T19:00:00+00:00,0.01076,0.0108,70.00000000,65.00000000,100.00000000,0.15000000,0.15055762,0.37174721,0.07118959,0.07118959,24H
COST_015,PEPE/USDT,2026-07-26T02:00:00+00:00,2026-07-27T02:00:00+00:00,2.86e-06,2.94e-06,70.00000000,70.00000000,100.00000000,0.15000000,0.15419580,2.79720280,2.49300699,2.49300699,24H
COST_015,DOT/USDT,2026-07-26T03:00:00+00:00,2026-07-27T03:00:00+00:00,0.82,0.818,70.00000000,65.00000000,100.00000000,0.15000000,0.14963415,-0.24390244,-0.54353659,-0.54353659,24H
COST_015,FIL/USDT,2026-07-26T04:00:00+00:00,2026-07-27T04:00:00+00:00,0.7416,0.7478,70.00000000,65.00000000,100.00000000,0.15000000,0.15125405,0.83603020,0.53477616,0.53477616,24H
COST_015,TAO/USDT,2026-07-26T04:00:00+00:00,2026-07-27T04:00:00+00:00,196.4,198.8,70.00000000,70.00000000,100.00000000,0.15000000,0.15183299,1.22199593,0.92016293,0.92016293,24H
COST_015,RARE/USDT,2026-07-26T09:00:00+00:00,2026-07-27T09:00:00+00:00,0.01279,0.01259,70.00000000,65.00000000,100.00000000,0.15000000,0.14765442,-1.56372166,-1.86137608,-1.86137608,24H
COST_015,LINK/USDT,2026-07-26T13:00:00+00:00,2026-07-27T13:00:00+00:00,8.458,8.772,70.00000000,65.00000000,100.00000000,0.15000000,0.15556869,3.71246157,3.40689288,3.40689288,24H
COST_015,EDEN/USDT,2026-07-27T09:00:00+00:00,2026-07-27T15:00:00+00:00,0.04471,0.04217,90.00000000,100.00000000,100.00000000,0.15000000,0.14147842,-5.68105569,-5.97253411,-5.97253411,STOP_LOSS
COST_015,ONDO/USDT,2026-07-26T16:00:00+00:00,2026-07-27T16:00:00+00:00,0.4062,0.4094,90.00000000,100.00000000,100.00000000,0.15000000,0.15118168,0.78778927,0.48660758,0.48660758,24H
COST_015,USDE/USDT,2026-07-26T16:00:00+00:00,2026-07-27T16:00:00+00:00,1.0009,1.0009,87.00000000,87.00000000,100.00000000,0.15000000,0.15000000,0.00000000,-0.30000000,-0.30000000,24H
COST_015,PLUME/USDT,2026-07-27T02:00:00+00:00,2026-07-27T17:00:00+00:00,0.01231,0.01166,90.00000000,95.00000000,100.00000000,0.15000000,0.14207961,-5.28025995,-5.57233956,-5.57233956,STOP_LOSS
COST_015,ENA/USDT,2026-07-27T13:00:00+00:00,2026-07-27T18:00:00+00:00,0.0923,0.0876,95.00000000,100.00000000,100.00000000,0.15000000,0.14236186,-5.09209101,-5.38445287,-5.38445287,STOP_LOSS
COST_015,USDC/USDT,2026-07-26T19:00:00+00:00,2026-07-27T19:00:00+00:00,1.00087,1.00084,87.00000000,87.00000000,100.00000000,0.15000000,0.14999550,-0.00299739,-0.30299290,-0.30299290,24H
COST_015,ALPINE/USDT,2026-07-27T03:00:00+00:00,2026-07-27T22:00:00+00:00,0.32,0.301,87.00000000,87.00000000,100.00000000,0.15000000,0.14109375,-5.93750000,-6.22859375,-6.22859375,STOP_LOSS
COST_015,KAITO/USDT,2026-07-27T15:00:00+00:00,2026-07-27T22:00:00+00:00,1.21,1.3423,84.00000000,84.00000000,100.00000000,0.15000000,0.16640083,10.93388430,10.61748347,10.61748347,TAKE_PROFIT
COST_015,CRCLB/USDT,2026-07-27T04:00:00+00:00,2026-07-28T04:00:00+00:00,63.92,63.19,87.00000000,87.00000000,100.00000000,0.15000000,0.14828692,-1.14205257,-1.44033949,-1.44033949,24H
COST_015,XUSD/USDT,2026-07-27T04:00:00+00:00,2026-07-28T04:00:00+00:00,1.0012,1.0012,87.00000000,87.00000000,100.00000000,0.15000000,0.15000000,0.00000000,-0.30000000,-0.30000000,24H
COST_015,PUMP/USDT,2026-07-27T19:00:00+00:00,2026-07-28T04:00:00+00:00,0.002128,0.002021,87.00000000,86.00000000,100.00000000,0.15000000,0.14245771,-5.02819549,-5.32065320,-5.32065320,STOP_LOSS
COST_015,KAITO/USDT,2026-07-27T22:00:00+00:00,2026-07-28T05:00:00+00:00,1.3423,1.2594,78.00000000,83.00000000,100.00000000,0.15000000,0.14073605,-6.17596662,-6.46670267,-6.46670267,STOP_LOSS
COST_015,KAITO/USDT,2026-07-28T05:00:00+00:00,2026-07-28T09:00:00+00:00,1.2594,1.1586,74.00000000,63.00000000,100.00000000,0.15000000,0.13799428,-8.00381134,-8.29180562,-8.29180562,STOP_LOSS
COST_015,TREE/USDT,2026-07-27T17:00:00+00:00,2026-07-28T13:00:00+00:00,0.0395,0.0374,87.00000000,86.00000000,100.00000000,0.15000000,0.14202532,-5.31645570,-5.60848101,-5.60848101,STOP_LOSS
COST_015,RLUSD/USDT,2026-07-27T16:00:00+00:00,2026-07-28T16:00:00+00:00,1.0013,1.0011,87.00000000,87.00000000,100.00000000,0.15000000,0.14997004,-0.01997403,-0.31994407,-0.31994407,24H
COST_015,MSTRB/USDT,2026-07-27T16:00:00+00:00,2026-07-28T16:00:00+00:00,97.4,98.12,81.00000000,86.00000000,100.00000000,0.15000000,0.15110883,0.73921971,0.43811088,0.43811088,24H
COST_015,BNB/USDT,2026-07-27T18:00:00+00:00,2026-07-28T18:00:00+00:00,575.37,569.62,87.00000000,86.00000000,100.00000000,0.15000000,0.14850096,-0.99935694,-1.29785790,-1.29785790,24H
COST_015,USD1/USDT,2026-07-27T22:00:00+00:00,2026-07-28T22:00:00+00:00,0.99985,0.99968,84.00000000,84.00000000,100.00000000,0.15000000,0.14997450,-0.01700255,-0.31697705,-0.31697705,24H
COST_015,FDUSD/USDT,2026-07-28T04:00:00+00:00,2026-07-29T04:00:00+00:00,0.9993,0.9983,87.00000000,87.00000000,100.00000000,0.15000000,0.14984989,-0.10007005,-0.39991994,-0.39991994,24H
COST_015,USDC/USDT,2026-07-28T04:00:00+00:00,2026-07-29T04:00:00+00:00,1.00097,1.00114,76.00000000,71.00000000,100.00000000,0.15000000,0.15002548,0.01698353,-0.28304195,-0.28304195,24H
COST_015,GPS/USDT,2026-07-28T04:00:00+00:00,2026-07-29T04:00:00+00:00,0.00927,0.00972,72.00000000,69.00000000,100.00000000,0.15000000,0.15728155,4.85436893,4.54708738,4.54708738,24H
COST_015,MUBARAK/USDT,2026-07-28T09:00:00+00:00,2026-07-29T09:00:00+00:00,0.01111,0.01131,89.00000000,89.00000000,100.00000000,0.15000000,0.15270027,1.80018002,1.49747975,1.49747975,24H
COST_015,U/USDT,2026-07-28T13:00:00+00:00,2026-07-29T13:00:00+00:00,1.0008,1.0008,87.00000000,87.00000000,100.00000000,0.15000000,0.15000000,0.00000000,-0.30000000,-0.30000000,24H
COST_015,AAVE/USDT,2026-07-28T16:00:00+00:00,2026-07-29T16:00:00+00:00,101.26,98.73,95.00000000,100.00000000,100.00000000,0.15000000,0.14625222,-2.49851866,-2.79477089,-2.79477089,24H
COST_015,ONDO/USDT,2026-07-28T16:00:00+00:00,2026-07-29T16:00:00+00:00,0.4088,0.3937,89.00000000,88.00000000,100.00000000,0.15000000,0.14445939,-3.69373777,-3.98819716,-3.98819716,24H
COST_015,PLUME/USDT,2026-07-28T18:00:00+00:00,2026-07-29T18:00:00+00:00,0.01219,0.01212,89.00000000,88.00000000,100.00000000,0.15000000,0.14913864,-0.57424118,-0.87337982,-0.87337982,24H
COST_015,RE/USDT,2026-07-29T16:00:00+00:00,2026-07-29T18:00:00+00:00,0.4686,0.5159,79.00000000,76.00000000,100.00000000,0.15000000,0.16514085,10.09389671,9.77875587,9.77875587,TAKE_PROFIT
COST_015,RLUSD/USDT,2026-07-28T22:00:00+00:00,2026-07-29T22:00:00+00:00,1.0012,1.0012,76.00000000,71.00000000,100.00000000,0.15000000,0.15000000,0.00000000,-0.30000000,-0.30000000,24H
COST_015,KAITO/USDT,2026-07-29T04:00:00+00:00,2026-07-30T03:00:00+00:00,1.264,1.1818,89.00000000,88.00000000,100.00000000,0.15000000,0.14024525,-6.50316456,-6.79340981,-6.79340981,STOP_LOSS
COST_015,GPS/USDT,2026-07-29T04:00:00+00:00,2026-07-30T04:00:00+00:00,0.00972,0.00982,90.00000000,95.00000000,100.00000000,0.15000000,0.15154321,1.02880658,0.72726337,0.72726337,24H
COST_015,USDC/USDT,2026-07-29T04:00:00+00:00,2026-07-30T04:00:00+00:00,1.00114,1.00112,84.00000000,84.00000000,100.00000000,0.15000000,0.14999700,-0.00199772,-0.30199473,-0.30199473,24H
COST_015,UNI/USDT,2026-07-29T09:00:00+00:00,2026-07-30T09:00:00+00:00,3.975,4.03,95.00000000,100.00000000,100.00000000,0.15000000,0.15207547,1.38364780,1.08157233,1.08157233,24H
COST_015,EURI/USDT,2026-07-29T13:00:00+00:00,2026-07-30T13:00:00+00:00,1.1398,1.1526,77.00000000,64.00000000,100.00000000,0.15000000,0.15168451,1.12300404,0.82131953,0.82131953,24H
COST_015,U/USDT,2026-07-29T16:00:00+00:00,2026-07-30T16:00:00+00:00,1.0009,1.0007,87.00000000,87.00000000,100.00000000,0.15000000,0.14997003,-0.01998202,-0.31995204,-0.31995204,24H
COST_015,GPS/USDT,2026-07-30T04:00:00+00:00,2026-07-30T17:00:00+00:00,0.00982,0.0092,82.00000000,82.00000000,100.00000000,0.15000000,0.14052953,-6.31364562,-6.60417515,-6.60417515,STOP_LOSS
COST_015,ADA/USDT,2026-07-29T18:00:00+00:00,2026-07-30T18:00:00+00:00,0.1679,0.1723,84.00000000,89.00000000,100.00000000,0.15000000,0.15393091,2.62060750,2.31667659,2.31667659,24H
COST_015,PLUME/USDT,2026-07-29T18:00:00+00:00,2026-07-30T18:00:00+00:00,0.01212,0.01165,84.00000000,84.00000000,100.00000000,0.15000000,0.14418317,-3.87788779,-4.17207096,-4.17207096,24H
COST_015,ONDO/USDT,2026-07-29T22:00:00+00:00,2026-07-30T22:00:00+00:00,0.4051,0.4168,74.00000000,63.00000000,100.00000000,0.15000000,0.15433226,2.88817576,2.58384350,2.58384350,24H
COST_015,ALPINE/USDT,2026-07-30T03:00:00+00:00,2026-07-31T03:00:00+00:00,0.32,0.314,93.00000000,98.00000000,100.00000000,0.15000000,0.14718750,-1.87500000,-2.17218750,-2.17218750,24H
COST_015,USD1/USDT,2026-07-30T04:00:00+00:00,2026-07-31T04:00:00+00:00,1.00003,0.99997,87.00000000,87.00000000,100.00000000,0.15000000,0.14999100,-0.00599982,-0.30599082,-0.30599082,24H
COST_015,BNB/USDT,2026-07-30T09:00:00+00:00,2026-07-31T09:00:00+00:00,579.84,590.49,87.00000000,86.00000000,100.00000000,0.15000000,0.15275507,1.83671358,1.53395851,1.53395851,24H
COST_015,MUBARAK/USDT,2026-07-31T04:00:00+00:00,2026-07-31T11:00:00+00:00,0.0121,0.01333,95.00000000,100.00000000,100.00000000,0.15000000,0.16524793,10.16528926,9.85004132,9.85004132,TAKE_PROFIT
COST_015,PAXG/USDT,2026-07-30T13:00:00+00:00,2026-07-31T13:00:00+00:00,4105.88,4027.22,93.00000000,98.00000000,100.00000000,0.15000000,0.14712632,-1.91578906,-2.21291538,-2.21291538,24H
COST_015,AAVE/USDT,2026-07-30T16:00:00+00:00,2026-07-31T16:00:00+00:00,100.23,96.59,90.00000000,95.00000000,100.00000000,0.15000000,0.14455253,-3.63164721,-3.92619974,-3.92619974,24H
COST_015,PUMP/USDT,2026-07-30T17:00:00+00:00,2026-07-31T17:00:00+00:00,0.001972,0.002139,87.00000000,86.00000000,100.00000000,0.15000000,0.16270284,8.46855984,8.15585700,8.15585700,24H
COST_015,GIGGLE/USDT,2026-07-31T13:00:00+00:00,2026-07-31T17:00:00+00:00,36.97,42.93,74.00000000,55.00000000,100.00000000,0.15000000,0.17418177,16.12117933,15.79699757,15.79699757,TAKE_PROFIT
COST_015,FIL/USDT,2026-07-30T18:00:00+00:00,2026-07-31T18:00:00+00:00,0.7153,0.7209,89.00000000,89.00000000,100.00000000,0.15000000,0.15117433,0.78288830,0.48171397,0.48171397,24H
COST_015,TUT/USDT,2026-07-30T18:00:00+00:00,2026-07-31T18:00:00+00:00,0.01494,0.01637,82.00000000,82.00000000,100.00000000,0.15000000,0.16435743,9.57161981,9.25726238,9.25726238,24H
COST_015,SOXLB/USDT,2026-07-30T22:00:00+00:00,2026-07-31T19:00:00+00:00,122.59,114.81,84.00000000,89.00000000,100.00000000,0.15000000,0.14048046,-6.34635778,-6.63683824,-6.63683824,STOP_LOSS
COST_015,MUBARAK/USDT,2026-07-31T16:00:00+00:00,2026-07-31T20:00:00+00:00,0.01371,0.01259,90.00000000,100.00000000,100.00000000,0.15000000,0.13774617,-8.16921955,-8.45696572,-8.45696572,STOP_LOSS
COST_015,BEL/USDT,2026-07-31T03:00:00+00:00,2026-08-01T03:00:00+00:00,0.0969,0.0974,89.00000000,89.00000000,100.00000000,0.15000000,0.15077399,0.51599587,0.21522188,0.21522188,24H
COST_015,ALPINE/USDT,2026-07-31T09:00:00+00:00,2026-08-01T09:00:00+00:00,0.318,0.321,90.00000000,95.00000000,100.00000000,0.15000000,0.15141509,0.94339623,0.64198113,0.64198113,24H
COST_015,USD1/USDT,2026-07-31T11:00:00+00:00,2026-08-01T11:00:00+00:00,1.00003,0.99989,81.00000000,80.00000000,100.00000000,0.15000000,0.14997900,-0.01399958,-0.31397858,-0.31397858,24H
COST_015,HOME/USDT,2026-07-31T19:00:00+00:00,2026-08-01T11:00:00+00:00,0.0055,0.0062,78.00000000,73.00000000,100.00000000,0.15000000,0.16909091,12.72727273,12.40818182,12.40818182,TAKE_PROFIT
COST_015,HOME/USDT,2026-08-01T11:00:00+00:00,2026-08-01T16:00:00+00:00,0.0062,0.00575,84.00000000,89.00000000,100.00000000,0.15000000,0.13911290,-7.25806452,-7.54717742,-7.54717742,STOP_LOSS
COST_015,EURI/USDT,2026-07-31T17:00:00+00:00,2026-08-01T17:00:00+00:00,1.1539,1.1526,90.00000000,95.00000000,100.00000000,0.15000000,0.14983101,-0.11266141,-0.41249242,-0.41249242,24H
COST_015,ADA/USDT,2026-07-31T17:00:00+00:00,2026-08-01T17:00:00+00:00,0.1713,0.1732,87.00000000,86.00000000,100.00000000,0.15000000,0.15166375,1.10916521,0.80750146,0.80750146,24H
COST_015,PUMP/USDT,2026-07-31T18:00:00+00:00,2026-08-01T18:00:00+00:00,0.002123,0.002072,79.00000000,74.00000000,100.00000000,0.15000000,0.14639661,-2.40226095,-2.69865756,-2.69865756,24H
COST_015,NEAR/USDT,2026-07-31T18:00:00+00:00,2026-08-01T18:00:00+00:00,1.702,1.66,78.00000000,73.00000000,100.00000000,0.15000000,0.14629847,-2.46768508,-2.76398355,-2.76398355,24H
COST_015,MUBARAK/USDT,2026-08-01T09:00:00+00:00,2026-08-01T19:00:00+00:00,0.01303,0.0121,81.00000000,80.00000000,100.00000000,0.15000000,0.13929394,-7.13737529,-7.42666922,-7.42666922,STOP_LOSS
COST_015,EUR/USDT,2026-07-31T20:00:00+00:00,2026-08-01T20:00:00+00:00,1.1535,1.1531,84.00000000,84.00000000,100.00000000,0.15000000,0.14994798,-0.03467707,-0.33462505,-0.33462505,24H
COST_015,HOME/USDT,2026-08-01T18:00:00+00:00,2026-08-02T01:00:00+00:00,0.00604,0.00672,89.00000000,89.00000000,100.00000000,0.15000000,0.16688742,11.25827815,10.94139073,10.94139073,TAKE_PROFIT
COST_015,TAO/USDT,2026-08-01T03:00:00+00:00,2026-08-02T03:00:00+00:00,197.7,194.1,89.00000000,88.00000000,100.00000000,0.15000000,0.14726859,-1.82094082,-2.11820941,-2.11820941,24H
COST_015,PUMP/USDT,2026-08-02T01:00:00+00:00,2026-08-02T10:00:00+00:00,0.002265,0.002146,95.00000000,100.00000000,100.00000000,0.15000000,0.14211921,-5.25386313,-5.54598234,-5.54598234,STOP_LOSS
COST_015,TUT/USDT,2026-08-01T11:00:00+00:00,2026-08-02T11:00:00+00:00,0.01758,0.01742,90.00000000,100.00000000,100.00000000,0.15000000,0.14863481,-0.91012514,-1.20875995,-1.20875995,24H
COST_015,KAITO/USDT,2026-08-01T18:00:00+00:00,2026-08-02T13:00:00+00:00,1.2084,1.0894,95.00000000,100.00000000,100.00000000,0.15000000,0.13522840,-9.84773254,-10.13296094,-10.13296094,STOP_LOSS
COST_015,PEPE/USDT,2026-08-01T16:00:00+00:00,2026-08-02T16:00:00+00:00,2.78e-06,2.91e-06,87.00000000,87.00000000,100.00000000,0.15000000,0.15701439,4.67625899,4.36924460,4.36924460,24H
COST_015,ALPINE/USDT,2026-08-01T17:00:00+00:00,2026-08-02T17:00:00+00:00,0.328,0.319,93.00000000,98.00000000,100.00000000,0.15000000,0.14588415,-2.74390244,-3.03978659,-3.03978659,24H
COST_015,DOT/USDT,2026-08-01T17:00:00+00:00,2026-08-02T17:00:00+00:00,0.775,0.798,81.00000000,81.00000000,100.00000000,0.15000000,0.15445161,2.96774194,2.66329032,2.66329032,24H
COST_015,HOME/USDT,2026-08-02T10:00:00+00:00,2026-08-02T17:00:00+00:00,0.00784,0.00898,95.00000000,92.00000000,100.00000000,0.15000000,0.17181122,14.54081633,14.21900510,14.21900510,TAKE_PROFIT
COST_015,ARB/USDT,2026-08-01T19:00:00+00:00,2026-08-02T19:00:00+00:00,0.0785,0.0816,81.00000000,81.00000000,100.00000000,0.15000000,0.15592357,3.94904459,3.64312102,3.64312102,24H
COST_015,ADA/USDT,2026-08-01T20:00:00+00:00,2026-08-02T20:00:00+00:00,0.1732,0.1874,72.00000000,59.00000000,100.00000000,0.15000000,0.16229792,8.19861432,7.88631640,7.88631640,24H
COST_015,EWYB/USDT,2026-08-02T03:00:00+00:00,2026-08-03T03:00:00+00:00,160.35,161.16,89.00000000,89.00000000,100.00000000,0.15000000,0.15075772,0.50514500,0.20438728,0.20438728,24H
COST_015,TUT/USDT,2026-08-02T20:00:00+00:00,2026-08-03T07:00:00+00:00,0.01766,0.01954,78.00000000,65.00000000,100.00000000,0.15000000,0.16596829,10.64552661,10.32955832,10.32955832,TAKE_PROFIT
COST_015,SKHYB/USDT,2026-08-02T17:00:00+00:00,2026-08-03T10:00:00+00:00,148.35,140.28,84.00000000,84.00000000,100.00000000,0.15000000,0.14184024,-5.43983822,-5.73167846,-5.73167846,STOP_LOSS
COST_015,MUB/USDT,2026-08-02T17:00:00+00:00,2026-08-03T10:00:00+00:00,849.37,805.57,81.00000000,80.00000000,100.00000000,0.15000000,0.14226486,-5.15676325,-5.44902810,-5.44902810,STOP_LOSS
COST_015,EUR/USDT,2026-08-02T11:00:00+00:00,2026-08-03T11:00:00+00:00,1.1541,1.1544,87.00000000,87.00000000,100.00000000,0.15000000,0.15003899,0.02599428,-0.27404471,-0.27404471,24H
COST_015,KORUB/USDT,2026-08-02T17:00:00+00:00,2026-08-03T11:00:00+00:00,15.66,14.58,81.00000000,81.00000000,100.00000000,0.15000000,0.13965517,-6.89655172,-7.18620690,-7.18620690,STOP_LOSS
COST_015,FIL/USDT,2026-08-02T13:00:00+00:00,2026-08-03T13:00:00+00:00,0.72,0.7249,84.00000000,84.00000000,100.00000000,0.15000000,0.15102083,0.68055556,0.37953472,0.37953472,24H
COST_015,BICO/USDT,2026-08-03T10:00:00+00:00,2026-08-03T13:00:00+00:00,0.01749,0.01962,90.00000000,92.00000000,100.00000000,0.15000000,0.16826758,12.17838765,11.86012007,11.86012007,TAKE_PROFIT
COST_015,ALLO/USDT,2026-08-03T11:00:00+00:00,2026-08-03T13:00:00+00:00,0.292,0.2598,89.00000000,89.00000000,100.00000000,0.15000000,0.13345890,-11.02739726,-11.31085616,-11.31085616,STOP_LOSS
COST_015,MUBARAK/USDT,2026-08-02T16:00:00+00:00,2026-08-03T16:00:00+00:00,0.01273,0.01266,92.00000000,97.00000000,100.00000000,0.15000000,0.14917518,-0.54988217,-0.84905734,-0.84905734,24H
COST_015,NEAR/USDT,2026-08-02T19:00:00+00:00,2026-08-03T19:00:00+00:00,1.707,1.742,84.00000000,84.00000000,100.00000000,0.15000000,0.15307557,2.05038079,1.74730521,1.74730521,24H
COST_015,USD1/USDT,2026-08-03T03:00:00+00:00,2026-08-04T03:00:00+00:00,1.00003,1.00004,84.00000000,84.00000000,100.00000000,0.15000000,0.15000150,0.00099997,-0.29900153,-0.29900153,24H
COST_015,HOME/USDT,2026-08-03T16:00:00+00:00,2026-08-04T03:00:00+00:00,0.00781,0.00728,95.00000000,100.00000000,100.00000000,0.15000000,0.13982074,-6.78617157,-7.07599232,-7.07599232,STOP_LOSS
COST_015,BMT/USDT,2026-08-03T07:00:00+00:00,2026-08-04T07:00:00+00:00,0.0119,0.01181,92.00000000,97.00000000,100.00000000,0.15000000,0.14886555,-0.75630252,-1.05516807,-1.05516807,24H
COST_015,HOME/USDT,2026-08-04T07:00:00+00:00,2026-08-04T08:00:00+00:00,0.00949,0.00878,87.00000000,84.00000000,100.00000000,0.15000000,0.13877766,-7.48155954,-7.77033720,-7.77033720,STOP_LOSS
COST_015,ENA/USDT,2026-08-03T10:00:00+00:00,2026-08-04T10:00:00+00:00,0.09,0.091,95.00000000,100.00000000,100.00000000,0.15000000,0.15166667,1.11111111,0.80944444,0.80944444,24H
COST_015,ADA/USDT,2026-08-03T11:00:00+00:00,2026-08-04T11:00:00+00:00,0.1865,0.1945,89.00000000,88.00000000,100.00000000,0.15000000,0.15643432,4.28954424,3.98310992,3.98310992,24H
COST_015,PEPE/USDT,2026-08-03T13:00:00+00:00,2026-08-04T13:00:00+00:00,2.91e-06,2.89e-06,95.00000000,100.00000000,100.00000000,0.15000000,0.14896907,-0.68728522,-0.98625430,-0.98625430,24H
COST_015,RARE/USDT,2026-08-03T13:00:00+00:00,2026-08-04T13:00:00+00:00,0.01207,0.01172,89.00000000,89.00000000,100.00000000,0.15000000,0.14565037,-2.89975145,-3.19540182,-3.19540182,24H
COST_015,BNB/USDT,2026-08-03T13:00:00+00:00,2026-08-04T13:00:00+00:00,588.21,589.18,87.00000000,87.00000000,100.00000000,0.15000000,0.15024736,0.16490709,-0.13534027,-0.13534027,24H
COST_015,BICO/USDT,2026-08-04T08:00:00+00:00,2026-08-04T16:00:00+00:00,0.01799,0.02055,89.00000000,80.00000000,100.00000000,0.15000000,0.17134519,14.23012785,13.90878266,13.90878266,TAKE_PROFIT
COST_015,PUMP/USDT,2026-08-03T19:00:00+00:00,2026-08-04T19:00:00+00:00,0.002184,0.002402,89.00000000,88.00000000,100.00000000,0.15000000,0.16497253,9.98168498,9.66671245,9.66671245,24H
COST_015,ACE/USDT,2026-08-04T10:00:00+00:00,2026-08-05T01:00:00+00:00,0.0671,0.0742,89.00000000,89.00000000,100.00000000,0.15000000,0.16587183,10.58122206,10.26535022,10.26535022,TAKE_PROFIT
COST_015,ARB/USDT,2026-08-04T03:00:00+00:00,2026-08-05T03:00:00+00:00,0.0831,0.0806,84.00000000,84.00000000,100.00000000,0.15000000,0.14548736,-3.00842359,-3.30391095,-3.30391095,24H
COST_015,DOT/USDT,2026-08-04T03:00:00+00:00,2026-08-05T03:00:00+00:00,0.84,0.846,82.00000000,86.00000000,100.00000000,0.15000000,0.15107143,0.71428571,0.41321429,0.41321429,24H
COST_015,BICO/USDT,2026-08-05T03:00:00+00:00,2026-08-05T05:00:00+00:00,0.0226,0.02718,84.00000000,76.00000000,100.00000000,0.15000000,0.18039823,20.26548673,19.93508850,19.93508850,TAKE_PROFIT
COST_015,KORUB/USDT,2026-08-05T01:00:00+00:00,2026-08-05T08:00:00+00:00,19.11,18.07,92.00000000,97.00000000,100.00000000,0.15000000,0.14183673,-5.44217687,-5.73401361,-5.73401361,STOP_LOSS
COST_015,BMT/USDT,2026-08-04T11:00:00+00:00,2026-08-05T11:00:00+00:00,0.0119,0.0124,90.00000000,95.00000000,100.00000000,0.15000000,0.15630252,4.20168067,3.89537815,3.89537815,24H
COST_015,EWYB/USDT,2026-08-04T13:00:00+00:00,2026-08-05T13:00:00+00:00,168.08,171.47,95.00000000,100.00000000,100.00000000,0.15000000,0.15302535,2.01689672,1.71387137,1.71387137,24H
COST_015,PORTAL/USDT,2026-08-04T13:00:00+00:00,2026-08-05T13:00:00+00:00,0.01059,0.01086,95.00000000,100.00000000,100.00000000,0.15000000,0.15382436,2.54957507,2.24575071,2.24575071,24H
COST_015,SNDKB/USDT,2026-08-04T13:00:00+00:00,2026-08-05T13:00:00+00:00,1383.52,1438.45,95.00000000,100.00000000,100.00000000,0.15000000,0.15595546,3.97030762,3.66435216,3.66435216,24H
COST_015,MUBARAK/USDT,2026-08-04T16:00:00+00:00,2026-08-05T16:00:00+00:00,0.01305,0.01317,95.00000000,100.00000000,100.00000000,0.15000000,0.15137931,0.91954023,0.61816092,0.61816092,24H
COST_015,CHIP/USDT,2026-08-04T19:00:00+00:00,2026-08-05T19:00:00+00:00,0.02539,0.02483,86.00000000,86.00000000,100.00000000,0.15000000,0.14669161,-2.20559275,-2.50228436,-2.50228436,24H
COST_015,SNXXB/USDT,2026-08-05T16:00:00+00:00,2026-08-05T19:00:00+00:00,12.64,11.41,95.00000000,100.00000000,100.00000000,0.15000000,0.13540348,-9.73101266,-10.01641614,-10.01641614,STOP_LOSS
COST_015,KORUB/USDT,2026-08-05T13:00:00+00:00,2026-08-05T21:00:00+00:00,19.25,18.09,95.00000000,100.00000000,100.00000000,0.15000000,0.14096104,-6.02597403,-6.31693506,-6.31693506,STOP_LOSS
COST_015,MUB/USDT,2026-08-05T13:00:00+00:00,2026-08-06T01:00:00+00:00,919,871.04,95.00000000,100.00000000,100.00000000,0.15000000,0.14217193,-5.21871600,-5.51088792,-5.51088792,STOP_LOSS
COST_015,ZEC/USDT,2026-08-05T03:00:00+00:00,2026-08-06T03:00:00+00:00,512.98,509.38,87.00000000,86.00000000,100.00000000,0.15000000,0.14894733,-0.70178175,-1.00072907,-1.00072907,24H
COST_015,HEMI/USDT,2026-08-05T05:00:00+00:00,2026-08-06T05:00:00+00:00,0.00482,0.005,95.00000000,100.00000000,100.00000000,0.15000000,0.15560166,3.73443983,3.42883817,3.42883817,24H
COST_015,MUBARAK/USDT,2026-08-05T21:00:00+00:00,2026-08-06T05:00:00+00:00,0.01397,0.01324,95.00000000,100.00000000,100.00000000,0.15000000,0.14216178,-5.22548318,-5.51764495,-5.51764495,STOP_LOSS
COST_015,BICO/USDT,2026-08-06T05:00:00+00:00,2026-08-06T06:00:00+00:00,0.02993,0.0283,89.00000000,80.00000000,100.00000000,0.15000000,0.14183094,-5.44604076,-5.73787170,-5.73787170,STOP_LOSS
COST_015,ADA/USDT,2026-08-05T08:00:00+00:00,2026-08-06T08:00:00+00:00,0.1939,0.1895,87.00000000,86.00000000,100.00000000,0.15000000,0.14659618,-2.26921093,-2.56580712,-2.56580712,24H
COST_015,EWYB/USDT,2026-08-05T13:00:00+00:00,2026-08-06T10:00:00+00:00,171.47,162.5,95.00000000,100.00000000,100.00000000,0.15000000,0.14215315,-5.23123578,-5.52338893,-5.52338893,STOP_LOSS
COST_015,EURI/USDT,2026-08-05T11:00:00+00:00,2026-08-06T11:00:00+00:00,1.1558,1.1549,87.00000000,87.00000000,100.00000000,0.15000000,0.14988320,-0.07786814,-0.37775134,-0.37775134,24H
COST_015,HOME/USDT,2026-08-06T08:00:00+00:00,2026-08-06T11:00:00+00:00,0.00933,0.01049,89.00000000,88.00000000,100.00000000,0.15000000,0.16864952,12.43301179,12.11436227,12.11436227,TAKE_PROFIT
COST_015,HOME/USDT,2026-08-06T11:00:00+00:00,2026-08-06T15:00:00+00:00,0.01049,0.00972,95.00000000,92.00000000,100.00000000,0.15000000,0.13898951,-7.34032412,-7.62931363,-7.62931363,STOP_LOSS
COST_015,PORTAL/USDT,2026-08-05T19:00:00+00:00,2026-08-06T16:00:00+00:00,0.01125,0.01264,95.00000000,100.00000000,100.00000000,0.15000000,0.16853333,12.35555556,12.03702222,12.03702222,TAKE_PROFIT
COST_015,MSTRB/USDT,2026-08-05T19:00:00+00:00,2026-08-06T19:00:00+00:00,98.4,96.84,89.00000000,88.00000000,100.00000000,0.15000000,0.14762195,-1.58536585,-1.88298780,-1.88298780,24H
COST_015,FDUSD/USDT,2026-08-06T01:00:00+00:00,2026-08-07T01:00:00+00:00,0.9982,0.9982,87.00000000,87.00000000,100.00000000,0.15000000,0.15000000,0.00000000,-0.30000000,-0.30000000,24H
COST_015,BMT/USDT,2026-08-06T03:00:00+00:00,2026-08-07T03:00:00+00:00,0.01246,0.01269,93.00000000,98.00000000,100.00000000,0.15000000,0.15276886,1.84590690,1.54313804,1.54313804,24H
COST_015,ONG/USDT,2026-08-06T05:00:00+00:00,2026-08-07T05:00:00+00:00,0.04253,0.04273,89.00000000,89.00000000,100.00000000,0.15000000,0.15070538,0.47025629,0.16955091,0.16955091,24H
COST_015,ENA/USDT,2026-08-06T06:00:00+00:00,2026-08-07T06:00:00+00:00,0.0925,0.093,89.00000000,88.00000000,100.00000000,0.15000000,0.15081081,0.54054054,0.23972973,0.23972973,24H
COST_015,TUT/USDT,2026-08-07T03:00:00+00:00,2026-08-07T06:00:00+00:00,0.02763,0.03044,95.00000000,100.00000000,100.00000000,0.15000000,0.16525516,10.17010496,9.85484980,9.85484980,TAKE_PROFIT
COST_015,ACE/USDT,2026-08-07T06:00:00+00:00,2026-08-07T07:00:00+00:00,0.1362,0.1578,89.00000000,80.00000000,100.00000000,0.15000000,0.17378855,15.85903084,15.53524229,15.53524229,TAKE_PROFIT
COST_015,GPS/USDT,2026-08-06T10:00:00+00:00,2026-08-07T10:00:00+00:00,0.0095,0.00956,90.00000000,95.00000000,100.00000000,0.15000000,0.15094737,0.63157895,0.33063158,0.33063158,24H
COST_015,EDEN/USDT,2026-08-06T11:00:00+00:00,2026-08-07T11:00:00+00:00,0.0395,0.04135,89.00000000,89.00000000,100.00000000,0.15000000,0.15702532,4.68354430,4.37651899,4.37651899,24H
COST_015,CRCLB/USDT,2026-08-06T15:00:00+00:00,2026-08-07T15:00:00+00:00,65.41,66.78,95.00000000,100.00000000,100.00000000,0.15000000,0.15314172,2.09448097,1.79133924,1.79133924,24H
COST_015,ADA/USDT,2026-08-06T16:00:00+00:00,2026-08-07T16:00:00+00:00,0.2068,0.1993,90.00000000,100.00000000,100.00000000,0.15000000,0.14455996,-3.62669246,-3.92125242,-3.92125242,24H
COST_015,PUMP/USDT,2026-08-06T19:00:00+00:00,2026-08-07T19:00:00+00:00,0.00238,0.002347,84.00000000,84.00000000,100.00000000,0.15000000,0.14792017,-1.38655462,-1.68447479,-1.68447479,24H
COST_015,HEMI/USDT,2026-08-07T10:00:00+00:00,2026-08-07T21:00:00+00:00,0.00541,0.00512,92.00000000,97.00000000,100.00000000,0.15000000,0.14195933,-5.36044362,-5.65240296,-5.65240296,STOP_LOSS
COST_015,OPN/USDT,2026-08-07T01:00:00+00:00,2026-08-08T01:00:00+00:00,0.0532,0.0521,81.00000000,80.00000000,100.00000000,0.15000000,0.14689850,-2.06766917,-2.36456767,-2.36456767,24H
COST_015,TUT/USDT,2026-08-07T19:00:00+00:00,2026-08-08T03:00:00+00:00,0.03734,0.04283,89.00000000,80.00000000,100.00000000,0.15000000,0.17205410,14.70273166,14.38067756,14.38067756,TAKE_PROFIT
COST_015,RARE/USDT,2026-08-07T05:00:00+00:00,2026-08-08T05:00:00+00:00,0.0127,0.01232,90.00000000,100.00000000,100.00000000,0.15000000,0.14551181,-2.99212598,-3.28763780,-3.28763780,24H
COST_015,PAXG/USDT,2026-08-07T06:00:00+00:00,2026-08-08T06:00:00+00:00,4291.5,4337.99,90.00000000,95.00000000,100.00000000,0.15000000,0.15162496,1.08330421,0.78167925,0.78167925,24H
COST_015,BMT/USDT,2026-08-07T07:00:00+00:00,2026-08-08T07:00:00+00:00,0.01297,0.01277,92.00000000,97.00000000,100.00000000,0.15000000,0.14768697,-1.54202005,-1.83970702,-1.83970702,24H
COST_015,MSTRB/USDT,2026-08-07T11:00:00+00:00,2026-08-08T11:00:00+00:00,98.72,101.15,93.00000000,98.00000000,100.00000000,0.15000000,0.15369226,2.46150729,2.15781503,2.15781503,24H
COST_015,LTC/USDT,2026-08-07T15:00:00+00:00,2026-08-08T15:00:00+00:00,45.96,45.88,90.00000000,95.00000000,100.00000000,0.15000000,0.14973890,-0.17406440,-0.47380331,-0.47380331,24H
COST_015,GPS/USDT,2026-08-07T16:00:00+00:00,2026-08-08T16:00:00+00:00,0.00987,0.00982,90.00000000,95.00000000,100.00000000,0.15000000,0.14924012,-0.50658561,-0.80582573,-0.80582573,24H
COST_015,ACE/USDT,2026-08-08T15:00:00+00:00,2026-08-08T16:00:00+00:00,0.1407,0.1584,95.00000000,92.00000000,100.00000000,0.15000000,0.16886994,12.57995736,12.26108742,12.26108742,TAKE_PROFIT
COST_015,BCH/USDT,2026-08-07T21:00:00+00:00,2026-08-08T21:00:00+00:00,215.8,216.4,81.00000000,80.00000000,100.00000000,0.15000000,0.15041705,0.27803522,-0.02238184,-0.02238184,24H
COST_015,BICO/USDT,2026-08-08T03:00:00+00:00,2026-08-09T00:00:00+00:00,0.05893,0.06662,89.00000000,80.00000000,100.00000000,0.15000000,0.16957407,13.04938062,12.72980655,12.72980655,TAKE_PROFIT
COST_015,ALPINE/USDT,2026-08-08T01:00:00+00:00,2026-08-09T01:00:00+00:00,0.321,0.334,87.00000000,87.00000000,100.00000000,0.15000000,0.15607477,4.04984424,3.74376947,3.74376947,24H
COST_015,MUBARAK/USDT,2026-08-08T11:00:00+00:00,2026-08-09T04:00:00+00:00,0.01469,0.01668,93.00000000,98.00000000,100.00000000,0.15000000,0.17031995,13.54663036,13.22631042,13.22631042,TAKE_PROFIT
COST_015,OPN/USDT,2026-08-08T05:00:00+00:00,2026-08-09T05:00:00+00:00,0.0553,0.0543,90.00000000,100.00000000,100.00000000,0.15000000,0.14728752,-1.80831826,-2.10560579,-2.10560579,24H
COST_015,TAO/USDT,2026-08-08T06:00:00+00:00,2026-08-09T06:00:00+00:00,197.4,205.4,90.00000000,95.00000000,100.00000000,0.15000000,0.15607903,4.05268490,3.74660588,3.74660588,24H
COST_015,BMT/USDT,2026-08-09T05:00:00+00:00,2026-08-09T06:00:00+00:00,0.01541,0.02105,90.00000000,100.00000000,100.00000000,0.15000000,0.20489942,36.59961064,36.24471123,36.24471123,TAKE_PROFIT
COST_015,RARE/USDT,2026-08-08T07:00:00+00:00,2026-08-09T07:00:00+00:00,0.01242,0.01339,93.00000000,98.00000000,100.00000000,0.15000000,0.16171498,7.80998390,7.49826892,7.49826892,24H
COST_015,BICO/USDT,2026-08-09T00:00:00+00:00,2026-08-09T08:00:00+00:00,0.06662,0.05181,92.00000000,89.00000000,100.00000000,0.15000000,0.11665416,-22.23056139,-22.49721555,-22.49721555,STOP_LOSS
COST_015,BMT/USDT,2026-08-09T08:00:00+00:00,2026-08-09T09:00:00+00:00,0.01948,0.02397,90.00000000,92.00000000,100.00000000,0.15000000,0.18457392,23.04928131,22.71470739,22.71470739,TAKE_PROFIT
COST_015,MUBARAK/USDT,2026-08-09T09:00:00+00:00,2026-08-09T15:00:00+00:00,0.01897,0.02193,95.00000000,92.00000000,100.00000000,0.15000000,0.17340538,15.60358461,15.28017923,15.28017923,TAKE_PROFIT
COST_015,BEL/USDT,2026-08-08T16:00:00+00:00,2026-08-09T16:00:00+00:00,0.1078,0.1117,90.00000000,95.00000000,100.00000000,0.15000000,0.15542672,3.61781076,3.31238404,3.31238404,24H
COST_015,ONG/USDT,2026-08-08T16:00:00+00:00,2026-08-09T16:00:00+00:00,0.04311,0.04355,90.00000000,95.00000000,100.00000000,0.15000000,0.15153097,1.02064486,0.71911389,0.71911389,24H
COST_015,HOME/USDT,2026-08-09T00:00:00+00:00,2026-08-09T18:00:00+00:00,0.00947,0.0089,90.00000000,95.00000000,100.00000000,0.15000000,0.14097149,-6.01900739,-6.30997888,-6.30997888,STOP_LOSS
COST_015,PORTAL/USDT,2026-08-08T21:00:00+00:00,2026-08-09T21:00:00+00:00,0.01177,0.01148,90.00000000,100.00000000,100.00000000,0.15000000,0.14630416,-2.46389125,-2.76019541,-2.76019541,24H
COST_015,PLUME/USDT,2026-08-09T01:00:00+00:00,2026-08-10T01:00:00+00:00,0.01205,0.01221,85.00000000,87.00000000,100.00000000,0.15000000,0.15199170,1.32780083,1.02580913,1.02580913,24H
COST_015,EURI/USDT,2026-08-09T04:00:00+00:00,2026-08-10T04:00:00+00:00,1.1559,1.1554,84.00000000,84.00000000,100.00000000,0.15000000,0.14993512,-0.04325634,-0.34319145,-0.34319145,24H
COST_015,TREE/USDT,2026-08-09T06:00:00+00:00,2026-08-10T06:00:00+00:00,0.0379,0.0375,93.00000000,98.00000000,100.00000000,0.15000000,0.14841689,-1.05540897,-1.35382586,-1.35382586,24H
COST_015,ALPINE/USDT,2026-08-09T06:00:00+00:00,2026-08-10T06:00:00+00:00,0.336,0.331,90.00000000,95.00000000,100.00000000,0.15000000,0.14776786,-1.48809524,-1.78586310,-1.78586310,24H
COST_015,HEMI/USDT,2026-08-09T07:00:00+00:00,2026-08-10T07:00:00+00:00,0.00557,0.00549,95.00000000,100.00000000,100.00000000,0.15000000,0.14784560,-1.43626571,-1.73411131,-1.73411131,24H
COST_015,BEL/USDT,2026-08-09T21:00:00+00:00,2026-08-10T09:00:00+00:00,0.113,0.1069,87.00000000,87.00000000,100.00000000,0.15000000,0.14190265,-5.39823009,-5.69013274,-5.69013274,STOP_LOSS
COST_015,KORUB/USDT,2026-08-09T15:00:00+00:00,2026-08-10T12:00:00+00:00,17.41,16.21,90.00000000,95.00000000,100.00000000,0.15000000,0.13966111,-6.89259047,-7.18225158,-7.18225158,STOP_LOSS
COST_015,HOME/USDT,2026-08-10T06:00:00+00:00,2026-08-10T15:00:00+00:00,0.00961,0.01189,92.00000000,97.00000000,100.00000000,0.15000000,0.18558793,23.72528616,23.38969823,23.38969823,TAKE_PROFIT
COST_015,CRCLB/USDT,2026-08-09T16:00:00+00:00,2026-08-10T16:00:00+00:00,68.32,65.86,90.00000000,95.00000000,100.00000000,0.15000000,0.14459895,-3.60070258,-3.89530152,-3.89530152,24H
COST_015,TRUMP/USDT,2026-08-09T16:00:00+00:00,2026-08-10T16:00:00+00:00,1.521,1.486,90.00000000,100.00000000,100.00000000,0.15000000,0.14654832,-2.30111769,-2.59766601,-2.59766601,24H
COST_015,RARE/USDT,2026-08-09T18:00:00+00:00,2026-08-10T18:00:00+00:00,0.01368,0.01352,92.00000000,97.00000000,100.00000000,0.15000000,0.14824561,-1.16959064,-1.46783626,-1.46783626,24H
COST_015,RE/USDT,2026-08-10T12:00:00+00:00,2026-08-10T19:00:00+00:00,0.4334,0.409,89.00000000,89.00000000,100.00000000,0.15000000,0.14155515,-5.62990309,-5.92145824,-5.92145824,STOP_LOSS
COST_015,HOME/USDT,2026-08-10T18:00:00+00:00,2026-08-10T20:00:00+00:00,0.01017,0.00954,89.00000000,80.00000000,100.00000000,0.15000000,0.14070796,-6.19469027,-6.48539823,-6.48539823,STOP_LOSS
COST_015,ALLO/USDT,2026-08-10T16:00:00+00:00,2026-08-10T22:00:00+00:00,0.3267,0.3081,95.00000000,100.00000000,100.00000000,0.15000000,0.14146006,-5.69329660,-5.98475666,-5.98475666,STOP_LOSS
COST_015,PLUME/USDT,2026-08-10T01:00:00+00:00,2026-08-11T01:00:00+00:00,0.01221,0.01225,93.00000000,98.00000000,100.00000000,0.15000000,0.15049140,0.32760033,0.02710893,0.02710893,24H
COST_015,EDEN/USDT,2026-08-10T04:00:00+00:00,2026-08-11T04:00:00+00:00,0.04497,0.04374,92.00000000,97.00000000,100.00000000,0.15000000,0.14589726,-2.73515677,-3.03105404,-3.03105404,24H
COST_015,BCH/USDT,2026-08-10T06:00:00+00:00,2026-08-11T06:00:00+00:00,217.3,215.3,90.00000000,95.00000000,100.00000000,0.15000000,0.14861942,-0.92038656,-1.21900598,-1.21900598,24H
COST_015,XPL/USDT,2026-08-10T07:00:00+00:00,2026-08-11T07:00:00+00:00,0.08032,0.07935,95.00000000,100.00000000,100.00000000,0.15000000,0.14818850,-1.20766932,-1.50585782,-1.50585782,24H
COST_015,SPCXB/USDT,2026-08-10T09:00:00+00:00,2026-08-11T09:00:00+00:00,136.24,136.9,93.00000000,98.00000000,100.00000000,0.15000000,0.15072666,0.48443922,0.18371257,0.18371257,24H
COST_015,RARE/USDT,2026-08-10T20:00:00+00:00,2026-08-11T09:00:00+00:00,0.01368,0.01212,87.00000000,86.00000000,100.00000000,0.15000000,0.13289474,-11.40350877,-11.68640351,-11.68640351,STOP_LOSS
COST_015,PORTAL/USDT,2026-08-10T15:00:00+00:00,2026-08-11T14:00:00+00:00,0.01185,0.01116,95.00000000,100.00000000,100.00000000,0.15000000,0.14126582,-5.82278481,-6.11405063,-6.11405063,STOP_LOSS
COST_015,PAXG/USDT,2026-08-10T16:00:00+00:00,2026-08-11T16:00:00+00:00,4348.17,4380.62,87.00000000,87.00000000,100.00000000,0.15000000,0.15111944,0.74629097,0.44517153,0.44517153,24H
COST_015,PUMP/USDT,2026-08-10T19:00:00+00:00,2026-08-11T19:00:00+00:00,0.00282,0.00272,87.00000000,86.00000000,100.00000000,0.15000000,0.14468085,-3.54609929,-3.84078014,-3.84078014,24H
COST_015,WLD/USDT,2026-08-10T22:00:00+00:00,2026-08-11T22:00:00+00:00,0.3369,0.3362,79.00000000,74.00000000,100.00000000,0.15000000,0.14968833,-0.20777679,-0.50746512,-0.50746512,24H
COST_015,LINK/USDT,2026-08-11T01:00:00+00:00,2026-08-12T01:00:00+00:00,8.428,8.787,93.00000000,98.00000000,100.00000000,0.15000000,0.15638942,4.25961082,3.95322140,3.95322140,24H
COST_015,TRUMP/USDT,2026-08-11T04:00:00+00:00,2026-08-12T04:00:00+00:00,1.53,1.487,92.00000000,97.00000000,100.00000000,0.15000000,0.14578431,-2.81045752,-3.10624183,-3.10624183,24H
COST_015,GIGGLE/USDT,2026-08-11T16:00:00+00:00,2026-08-12T04:00:00+00:00,37.43,35.43,95.00000000,100.00000000,100.00000000,0.15000000,0.14198504,-5.34330751,-5.63529255,-5.63529255,STOP_LOSS
COST_015,RLUSD/USDT,2026-08-11T06:00:00+00:00,2026-08-12T06:00:00+00:00,1.0011,1.001,81.00000000,81.00000000,100.00000000,0.15000000,0.14998502,-0.00998901,-0.30997403,-0.30997403,24H
COST_015,TRX/USDT,2026-08-11T07:00:00+00:00,2026-08-12T07:00:00+00:00,0.3321,0.3362,87.00000000,87.00000000,100.00000000,0.15000000,0.15185185,1.23456790,0.93271605,0.93271605,24H
COST_015,BNB/USDT,2026-08-11T09:00:00+00:00,2026-08-12T09:00:00+00:00,607.19,613.7,87.00000000,86.00000000,100.00000000,0.15000000,0.15160823,1.07215204,0.77054382,0.77054382,24H
COST_015,DOGE/USDT,2026-08-11T09:00:00+00:00,2026-08-12T09:00:00+00:00,0.07059,0.07204,84.00000000,84.00000000,100.00000000,0.15000000,0.15308117,2.05411531,1.75103414,1.75103414,24H
COST_015,KORUB/USDT,2026-08-11T14:00:00+00:00,2026-08-12T12:00:00+00:00,17.95,19.83,89.00000000,88.00000000,100.00000000,0.15000000,0.16571031,10.47353760,10.15782730,10.15782730,TAKE_PROFIT
COST_015,PLUME/USDT,2026-08-12T06:00:00+00:00,2026-08-12T14:00:00+00:00,0.01255,0.01188,95.00000000,100.00000000,100.00000000,0.15000000,0.14199203,-5.33864542,-5.63063745,-5.63063745,STOP_LOSS
COST_015,GIGGLE/USDT,2026-08-12T07:00:00+00:00,2026-08-12T15:00:00+00:00,36.58,34.7,84.00000000,84.00000000,100.00000000,0.15000000,0.14229087,-5.13942045,-5.43171132,-5.43171132,STOP_LOSS
COST_015,EDEN/USDT,2026-08-11T19:00:00+00:00,2026-08-12T19:00:00+00:00,0.04461,0.04504,84.00000000,84.00000000,100.00000000,0.15000000,0.15144586,0.96390944,0.66246357,0.66246357,24H
COST_015,HOME/USDT,2026-08-11T22:00:00+00:00,2026-08-12T22:00:00+00:00,0.00922,0.00935,82.00000000,84.00000000,100.00000000,0.15000000,0.15211497,1.40997831,1.10786334,1.10786334,24H
COST_015,WLD/USDT,2026-08-12T01:00:00+00:00,2026-08-13T01:00:00+00:00,0.3406,0.3298,90.00000000,95.00000000,100.00000000,0.15000000,0.14524369,-3.17087493,-3.46611861,-3.46611861,24H
COST_015,RE/USDT,2026-08-12T04:00:00+00:00,2026-08-13T04:00:00+00:00,0.436,0.4388,90.00000000,95.00000000,100.00000000,0.15000000,0.15096330,0.64220183,0.34123853,0.34123853,24H
COST_015,GRAM/USDT,2026-08-12T04:00:00+00:00,2026-08-13T04:00:00+00:00,1.361,1.338,81.00000000,80.00000000,100.00000000,0.15000000,0.14746510,-1.68993387,-1.98739897,-1.98739897,24H
COST_015,GPS/USDT,2026-08-12T09:00:00+00:00,2026-08-13T09:00:00+00:00,0.00981,0.01014,90.00000000,100.00000000,100.00000000,0.15000000,0.15504587,3.36391437,3.05886850,3.05886850,24H
COST_015,SOL/USDT,2026-08-12T09:00:00+00:00,2026-08-13T09:00:00+00:00,76.75,76.16,87.00000000,87.00000000,100.00000000,0.15000000,0.14884691,-0.76872964,-1.06757655,-1.06757655,24H
COST_015,LINK/USDT,2026-08-12T12:00:00+00:00,2026-08-13T12:00:00+00:00,8.849,8.782,93.00000000,98.00000000,100.00000000,0.15000000,0.14886428,-0.75714770,-1.05601198,-1.05601198,24H
COST_015,HOME/USDT,2026-08-13T01:00:00+00:00,2026-08-13T12:00:00+00:00,0.00985,0.01114,89.00000000,88.00000000,100.00000000,0.15000000,0.16964467,13.09644670,12.77680203,12.77680203,TAKE_PROFIT
COST_015,SPCXB/USDT,2026-08-12T14:00:00+00:00,2026-08-13T14:00:00+00:00,138.32,140.64,95.00000000,100.00000000,100.00000000,0.15000000,0.15251591,1.67727010,1.37475419,1.37475419,24H
COST_015,PUMP/USDT,2026-08-12T15:00:00+00:00,2026-08-13T15:00:00+00:00,0.002768,0.002882,89.00000000,88.00000000,100.00000000,0.15000000,0.15617775,4.11849711,3.81231936,3.81231936,24H
COST_015,SNDKB/USDT,2026-08-13T12:00:00+00:00,2026-08-13T15:00:00+00:00,1353.63,1532.99,90.00000000,95.00000000,100.00000000,0.15000000,0.16987545,13.25029735,12.93042190,12.93042190,TAKE_PROFIT
COST_015,EDEN/USDT,2026-08-12T22:00:00+00:00,2026-08-13T17:00:00+00:00,0.04569,0.05225,82.00000000,82.00000000,100.00000000,0.15000000,0.17153644,14.35762749,14.03609105,14.03609105,TAKE_PROFIT
COST_015,HOME/USDT,2026-08-13T12:00:00+00:00,2026-08-13T18:00:00+00:00,0.01114,0.01044,90.00000000,100.00000000,100.00000000,0.15000000,0.14057451,-6.28366248,-6.57423698,-6.57423698,STOP_LOSS
COST_015,CRCLB/USDT,2026-08-12T19:00:00+00:00,2026-08-13T19:00:00+00:00,71.34,75.48,84.00000000,84.00000000,100.00000000,0.15000000,0.15870479,5.80319596,5.49449117,5.49449117,24H
COST_015,AVAX/USDT,2026-08-13T04:00:00+00:00,2026-08-14T04:00:00+00:00,6.505,6.433,86.00000000,86.00000000,100.00000000,0.15000000,0.14833974,-1.10684089,-1.40518063,-1.40518063,24H
COST_015,NEAR/USDT,2026-08-13T04:00:00+00:00,2026-08-14T04:00:00+00:00,1.668,1.608,81.00000000,80.00000000,100.00000000,0.15000000,0.14460432,-3.59712230,-3.89172662,-3.89172662,24H
COST_015,RE/USDT,2026-08-13T09:00:00+00:00,2026-08-14T09:00:00+00:00,0.4494,0.4391,95.00000000,100.00000000,100.00000000,0.15000000,0.14656208,-2.29194482,-2.58850690,-2.58850690,24H
COST_015,WLD/USDT,2026-08-13T09:00:00+00:00,2026-08-14T09:00:00+00:00,0.3466,0.3357,95.00000000,100.00000000,100.00000000,0.15000000,0.14528275,-3.14483555,-3.44011829,-3.44011829,24H
COST_015,GPS/USDT,2026-08-13T14:00:00+00:00,2026-08-14T10:00:00+00:00,0.01109,0.01009,90.00000000,100.00000000,100.00000000,0.15000000,0.13647430,-9.01713255,-9.30360685,-9.30360685,STOP_LOSS
COST_015,HOME/USDT,2026-08-14T04:00:00+00:00,2026-08-14T12:00:00+00:00,0.01132,0.0104,84.00000000,84.00000000,100.00000000,0.15000000,0.13780919,-8.12720848,-8.41501767,-8.41501767,STOP_LOSS
COST_015,CRCLB/USDT,2026-08-13T19:00:00+00:00,2026-08-14T14:00:00+00:00,75.48,71.49,90.00000000,100.00000000,100.00000000,0.15000000,0.14207075,-5.28616852,-5.57823927,-5.57823927,STOP_LOSS
COST_015,PUMP/USDT,2026-08-13T15:00:00+00:00,2026-08-14T15:00:00+00:00,0.002882,0.002821,95.00000000,100.00000000,100.00000000,0.15000000,0.14682512,-2.11658570,-2.41341083,-2.41341083,24H
COST_015,SOXLB/USDT,2026-08-13T15:00:00+00:00,2026-08-14T15:00:00+00:00,149.63,140.58,89.00000000,88.00000000,100.00000000,0.15000000,0.14092762,-6.04825236,-6.33917998,-6.33917998,STOP_LOSS
COST_015,PLUME/USDT,2026-08-13T17:00:00+00:00,2026-08-14T17:00:00+00:00,0.01251,0.01249,90.00000000,100.00000000,100.00000000,0.15000000,0.14976019,-0.15987210,-0.45963229,-0.45963229,24H
COST_015,RLUSD/USDT,2026-08-13T18:00:00+00:00,2026-08-14T18:00:00+00:00,1.0011,1.0012,87.00000000,87.00000000,100.00000000,0.15000000,0.15001498,0.00998901,-0.29002597,-0.29002597,24H
COST_015,HEI/USDT,2026-08-14T15:00:00+00:00,2026-08-14T18:00:00+00:00,0.1446,0.1335,89.00000000,81.00000000,100.00000000,0.15000000,0.13848548,-7.67634855,-7.96483402,-7.96483402,STOP_LOSS
COST_015,EDEN/USDT,2026-08-14T18:00:00+00:00,2026-08-15T00:00:00+00:00,0.06159,0.05846,84.00000000,76.00000000,100.00000000,0.15000000,0.14237701,-5.08199383,-5.37437084,-5.37437084,STOP_LOSS
COST_015,USDC/USDT,2026-08-14T04:00:00+00:00,2026-08-15T04:00:00+00:00,1.00088,1.00088,87.00000000,87.00000000,100.00000000,0.15000000,0.15000000,0.00000000,-0.30000000,-0.30000000,24H
COST_015,KORUB/USDT,2026-08-14T09:00:00+00:00,2026-08-15T09:00:00+00:00,22.26,21.65,89.00000000,88.00000000,100.00000000,0.15000000,0.14588949,-2.74034142,-3.03623091,-3.03623091,24H
COST_015,U/USDT,2026-08-14T09:00:00+00:00,2026-08-15T09:00:00+00:00,1.0005,1.0005,87.00000000,87.00000000,100.00000000,0.15000000,0.15000000,0.00000000,-0.30000000,-0.30000000,24H
COST_015,USDE/USDT,2026-08-14T10:00:00+00:00,2026-08-15T10:00:00+00:00,1.0009,1.0009,87.00000000,87.00000000,100.00000000,0.15000000,0.15000000,0.00000000,-0.30000000,-0.30000000,24H
COST_015,EWYB/USDT,2026-08-14T12:00:00+00:00,2026-08-15T12:00:00+00:00,182.87,179.72,88.00000000,93.00000000,100.00000000,0.15000000,0.14741620,-1.72253513,-2.01995133,-2.01995133,24H
COST_015,WLD/USDT,2026-08-14T14:00:00+00:00,2026-08-15T14:00:00+00:00,0.3392,0.3446,87.00000000,86.00000000,100.00000000,0.15000000,0.15238797,1.59198113,1.28959316,1.28959316,24H
COST_015,HEMI/USDT,2026-08-15T09:00:00+00:00,2026-08-15T14:00:00+00:00,0.00533,0.00661,89.00000000,89.00000000,100.00000000,0.15000000,0.18602251,24.01500938,23.67898687,23.67898687,TAKE_PROFIT
COST_015,WLFI/USDT,2026-08-14T15:00:00+00:00,2026-08-15T15:00:00+00:00,0.0555,0.0562,87.00000000,86.00000000,100.00000000,0.15000000,0.15189189,1.26126126,0.95936937,0.95936937,24H
COST_015,LINK/USDT,2026-08-14T17:00:00+00:00,2026-08-15T17:00:00+00:00,8.92,9.556,90.00000000,95.00000000,100.00000000,0.15000000,0.16069507,7.13004484,6.81934978,6.81934978,24H
COST_015,XPL/USDT,2026-08-14T18:00:00+00:00,2026-08-15T18:00:00+00:00,0.07668,0.07679,84.00000000,84.00000000,100.00000000,0.15000000,0.15021518,0.14345331,-0.15676187,-0.15676187,24H
COST_015,RED/USDT,2026-08-15T18:00:00+00:00,2026-08-15T21:00:00+00:00,0.0911,0.1067,90.00000000,100.00000000,100.00000000,0.15000000,0.17568606,17.12403952,16.79835346,16.79835346,TAKE_PROFIT
COST_015,CHIP/USDT,2026-08-15T14:00:00+00:00,2026-08-15T22:00:00+00:00,0.02506,0.02773,84.00000000,89.00000000,100.00000000,0.15000000,0.16598164,10.65442937,10.33844773,10.33844773,TAKE_PROFIT
COST_015,RE/USDT,2026-08-15T00:00:00+00:00,2026-08-16T00:00:00+00:00,0.4576,0.4645,92.00000000,97.00000000,100.00000000,0.15000000,0.15226180,1.50786713,1.20560533,1.20560533,24H
COST_015,RED/USDT,2026-08-15T22:00:00+00:00,2026-08-16T00:00:00+00:00,0.0941,0.0893,95.00000000,100.00000000,100.00000000,0.15000000,0.14234857,-5.10095643,-5.39330499,-5.39330499,STOP_LOSS
COST_015,HEMI/USDT,2026-08-15T14:00:00+00:00,2026-08-16T02:00:00+00:00,0.00661,0.00742,90.00000000,92.00000000,100.00000000,0.15000000,0.16838124,12.25416036,11.93577912,11.93577912,TAKE_PROFIT
COST_015,PLUME/USDT,2026-08-15T04:00:00+00:00,2026-08-16T04:00:00+00:00,0.01319,0.01304,89.00000000,88.00000000,100.00000000,0.15000000,0.14829416,-1.13722517,-1.43551933,-1.43551933,24H
COST_015,OPN/USDT,2026-08-15T10:00:00+00:00,2026-08-16T10:00:00+00:00,0.0498,0.0532,84.00000000,89.00000000,100.00000000,0.15000000,0.16024096,6.82730924,6.51706827,6.51706827,24H
COST_015,BNB/USDT,2026-08-15T12:00:00+00:00,2026-08-16T12:00:00+00:00,611.29,607.38,81.00000000,80.00000000,100.00000000,0.15000000,0.14904055,-0.63963094,-0.93867150,-0.93867150,24H
COST_015,RE/USDT,2026-08-16T00:00:00+00:00,2026-08-16T12:00:00+00:00,0.4645,0.4389,89.00000000,88.00000000,100.00000000,0.15000000,0.14173305,-5.51130248,-5.80303552,-5.80303552,STOP_LOSS
COST_015,GPS/USDT,2026-08-16T02:00:00+00:00,2026-08-16T13:00:00+00:00,0.01063,0.01004,90.00000000,95.00000000,100.00000000,0.15000000,0.14167451,-5.55032926,-5.84200376,-5.84200376,STOP_LOSS
COST_015,USDC/USDT,2026-08-15T14:00:00+00:00,2026-08-16T14:00:00+00:00,1.00093,1.00096,84.00000000,84.00000000,100.00000000,0.15000000,0.15000450,0.00299721,-0.29700728,-0.29700728,24H
COST_015,EWYB/USDT,2026-08-15T15:00:00+00:00,2026-08-16T15:00:00+00:00,180.03,180.87,87.00000000,87.00000000,100.00000000,0.15000000,0.15069988,0.46658890,0.16588902,0.16588902,24H
COST_015,WLD/USDT,2026-08-15T17:00:00+00:00,2026-08-16T17:00:00+00:00,0.3497,0.3621,93.00000000,98.00000000,100.00000000,0.15000000,0.15531884,3.54589648,3.24057764,3.24057764,24H
COST_015,PORTAL/USDT,2026-08-16T15:00:00+00:00,2026-08-16T17:00:00+00:00,0.01336,0.01493,92.00000000,89.00000000,100.00000000,0.15000000,0.16762725,11.75149701,11.43386976,11.43386976,TAKE_PROFIT
COST_015,BEL/USDT,2026-08-16T10:00:00+00:00,2026-08-16T18:00:00+00:00,0.1069,0.1222,87.00000000,86.00000000,100.00000000,0.15000000,0.17146866,14.31244153,13.99097287,13.99097287,TAKE_PROFIT
COST_015,ONG/USDT,2026-08-15T21:00:00+00:00,2026-08-16T20:00:00+00:00,0.04832,0.05431,84.00000000,84.00000000,100.00000000,0.15000000,0.16859478,12.39652318,12.07792839,12.07792839,TAKE_PROFIT
COST_015,WLFI/USDT,2026-08-16T00:00:00+00:00,2026-08-17T00:00:00+00:00,0.0578,0.0598,92.00000000,97.00000000,100.00000000,0.15000000,0.15519031,3.46020761,3.15501730,3.15501730,24H
COST_015,XPL/USDT,2026-08-16T04:00:00+00:00,2026-08-17T04:00:00+00:00,0.07784,0.07604,89.00000000,89.00000000,100.00000000,0.15000000,0.14653135,-2.31243577,-2.60896711,-2.60896711,24H
COST_015,CHIP/USDT,2026-08-16T12:00:00+00:00,2026-08-17T06:00:00+00:00,0.02817,0.03131,83.00000000,67.00000000,100.00000000,0.15000000,0.16671991,11.14660987,10.82988995,10.82988995,TAKE_PROFIT
COST_015,PLUME/USDT,2026-08-16T13:00:00+00:00,2026-08-17T11:00:00+00:00,0.01317,0.01251,87.00000000,87.00000000,100.00000000,0.15000000,0.14248292,-5.01138952,-5.30387244,-5.30387244,STOP_LOSS
COST_015,RLUSD/USDT,2026-08-16T12:00:00+00:00,2026-08-17T12:00:00+00:00,1.0012,1.0012,84.00000000,84.00000000,100.00000000,0.15000000,0.15000000,0.00000000,-0.30000000,-0.30000000,24H
COST_015,SNXXB/USDT,2026-08-16T18:00:00+00:00,2026-08-17T13:00:00+00:00,16.67,18.97,93.00000000,98.00000000,100.00000000,0.15000000,0.17069586,13.79724055,13.47654469,13.47654469,TAKE_PROFIT
COST_015,EUR/USDT,2026-08-16T14:00:00+00:00,2026-08-17T14:00:00+00:00,1.1575,1.16,87.00000000,87.00000000,100.00000000,0.15000000,0.15032397,0.21598272,-0.08434125,-0.08434125,24H
COST_015,KORUB/USDT,2026-08-17T04:00:00+00:00,2026-08-17T14:00:00+00:00,22.59,25.04,90.00000000,100.00000000,100.00000000,0.15000000,0.16626826,10.84550686,10.52923860,10.52923860,TAKE_PROFIT
COST_015,CHIP/USDT,2026-08-17T06:00:00+00:00,2026-08-17T15:00:00+00:00,0.03131,0.0292,92.00000000,97.00000000,100.00000000,0.15000000,0.13989141,-6.73906100,-7.02895241,-7.02895241,STOP_LOSS
COST_015,ACE/USDT,2026-08-17T11:00:00+00:00,2026-08-17T15:00:00+00:00,0.1908,0.1774,85.00000000,79.00000000,100.00000000,0.15000000,0.13946541,-7.02306080,-7.31252621,-7.31252621,STOP_LOSS
COST_015,WLD/USDT,2026-08-16T17:00:00+00:00,2026-08-17T17:00:00+00:00,0.3621,0.3549,95.00000000,100.00000000,100.00000000,0.15000000,0.14701740,-1.98840099,-2.28541839,-2.28541839,24H
COST_015,LINK/USDT,2026-08-16T17:00:00+00:00,2026-08-17T17:00:00+00:00,9.438,9.502,93.00000000,98.00000000,100.00000000,0.15000000,0.15101716,0.67810977,0.37709260,0.37709260,24H
COST_015,BEL/USDT,2026-08-16T20:00:00+00:00,2026-08-17T20:00:00+00:00,0.1115,0.1082,87.00000000,87.00000000,100.00000000,0.15000000,0.14556054,-2.95964126,-3.25520179,-3.25520179,24H
COST_015,EDEN/USDT,2026-08-17T17:00:00+00:00,2026-08-17T20:00:00+00:00,0.05075,0.04774,89.00000000,88.00000000,100.00000000,0.15000000,0.14110345,-5.93103448,-6.22213793,-6.22213793,STOP_LOSS
COST_015,MUBARAK/USDT,2026-08-17T00:00:00+00:00,2026-08-17T21:00:00+00:00,0.0175,0.01661,92.00000000,97.00000000,100.00000000,0.15000000,0.14237143,-5.08571429,-5.37808571,-5.37808571,STOP_LOSS
COST_015,SOXLB/USDT,2026-08-17T14:00:00+00:00,2026-08-18T02:00:00+00:00,155.39,145.69,90.00000000,100.00000000,100.00000000,0.15000000,0.14063646,-6.24235794,-6.53299440,-6.53299440,STOP_LOSS
COST_015,SNXXB/USDT,2026-08-17T15:00:00+00:00,2026-08-18T02:00:00+00:00,18.98,17.61,92.00000000,97.00000000,100.00000000,0.15000000,0.13917281,-7.21812434,-7.50729715,-7.50729715,STOP_LOSS
COST_015,BMT/USDT,2026-08-17T17:00:00+00:00,2026-08-18T03:00:00+00:00,0.01665,0.01562,89.00000000,89.00000000,100.00000000,0.15000000,0.14072072,-6.18618619,-6.47690691,-6.47690691,STOP_LOSS
COST_015,TUT/USDT,2026-08-18T03:00:00+00:00,2026-08-18T04:00:00+00:00,0.04811,0.03964,83.00000000,74.00000000,100.00000000,0.15000000,0.12359177,-17.60548742,-17.87907919,-17.87907919,STOP_LOSS
COST_015,GPS/USDT,2026-08-17T12:00:00+00:00,2026-08-18T05:00:00+00:00,0.01554,0.0172,92.00000000,89.00000000,100.00000000,0.15000000,0.16602317,10.68211068,10.36608752,10.36608752,TAKE_PROFIT
COST_015,EDEN/USDT,2026-08-18T02:00:00+00:00,2026-08-18T07:00:00+00:00,0.05028,0.05792,89.00000000,88.00000000,100.00000000,0.15000000,0.17279236,15.19490851,14.87211615,14.87211615,TAKE_PROFIT
COST_015,SNDKB/USDT,2026-08-17T15:00:00+00:00,2026-08-18T08:00:00+00:00,1784.63,1684.65,92.00000000,97.00000000,100.00000000,0.15000000,0.14159658,-5.60228171,-5.89387828,-5.89387828,STOP_LOSS
COST_015,OPN/USDT,2026-08-17T20:00:00+00:00,2026-08-18T09:00:00+00:00,0.0527,0.0587,84.00000000,84.00000000,100.00000000,0.15000000,0.16707780,11.38519924,11.06812144,11.06812144,TAKE_PROFIT
COST_015,ACE/USDT,2026-08-18T07:00:00+00:00,2026-08-18T12:00:00+00:00,0.191,0.2162,95.00000000,92.00000000,100.00000000,0.15000000,0.16979058,13.19371728,12.87392670,12.87392670,TAKE_PROFIT
COST_015,ACE/USDT,2026-08-18T12:00:00+00:00,2026-08-18T12:30:12.661268+00:00,0.2162,0.1913,95.00000000,92.00000000,100.00000000,0.15000000,0.13272433,-11.51711378,-11.79983811,-11.79983811,STOP_LOSS
COST_015,CRCLB/USDT,2026-08-17T13:00:00+00:00,2026-08-18T13:00:00+00:00,74.22,72.38,90.00000000,100.00000000,100.00000000,0.15000000,0.14628133,-2.47911614,-2.77539747,-2.77539747,24H
COST_015,CHIP/USDT,2026-08-18T09:00:00+00:00,2026-08-18T13:00:00+00:00,0.0286,0.02712,84.00000000,84.00000000,100.00000000,0.15000000,0.14223776,-5.17482517,-5.46706294,-5.46706294,STOP_LOSS
COST_015,ACE/USDT,2026-08-18T12:30:12.661268+00:00,2026-08-18T13:00:00+00:00,0.1913,0.2238,76.00000000,83.00000000,100.00000000,0.15000000,0.17548353,16.98902248,16.66353894,16.66353894,TAKE_PROFIT
COST_015,HEMI/USDT,2026-08-17T14:00:00+00:00,2026-08-18T14:00:00+00:00,0.00692,0.00646,95.00000000,100.00000000,100.00000000,0.15000000,0.14002890,-6.64739884,-6.93742775,-6.93742775,STOP_LOSS
COST_015,ONG/USDT,2026-08-18T02:00:00+00:00,2026-08-18T18:00:00+00:00,0.05821,0.05479,89.00000000,88.00000000,100.00000000,0.15000000,0.14118708,-5.87527916,-6.16646624,-6.16646624,STOP_LOSS
COST_015,POL/USDT,2026-08-17T20:00:00+00:00,2026-08-18T20:00:00+00:00,0.0806,0.08176,84.00000000,84.00000000,100.00000000,0.15000000,0.15215881,1.43920596,1.13704715,1.13704715,24H
COST_015,AAVE/USDT,2026-08-17T21:00:00+00:00,2026-08-18T21:00:00+00:00,89.04,88.29,79.00000000,79.00000000,100.00000000,0.15000000,0.14873652,-0.84231806,-1.14105458,-1.14105458,24H
COST_015,GPS/USDT,2026-08-18T18:00:00+00:00,2026-08-19T01:00:00+00:00,0.01835,0.0146,84.00000000,84.00000000,100.00000000,0.15000000,0.11934605,-20.43596730,-20.70531335,-20.70531335,STOP_LOSS
COST_015,FDUSD/USDT,2026-08-18T04:00:00+00:00,2026-08-19T04:00:00+00:00,0.998,0.9979,78.00000000,73.00000000,100.00000000,0.15000000,0.14998497,-0.01002004,-0.31000501,-0.31000501,24H
COST_015,BTC/USDT,2026-08-18T05:00:00+00:00,2026-08-19T05:00:00+00:00,64242.76,64236.01,81.00000000,81.00000000,100.00000000,0.15000000,0.14998424,-0.01050702,-0.31049126,-0.31049126,24H
COST_015,ARB/USDT,2026-08-18T08:00:00+00:00,2026-08-19T08:00:00+00:00,0.0759,0.0773,89.00000000,89.00000000,100.00000000,0.15000000,0.15276680,1.84453228,1.54176548,1.54176548,24H
COST_015,ONG/USDT,2026-08-18T20:00:00+00:00,2026-08-19T09:00:00+00:00,0.05715,0.06342,89.00000000,88.00000000,100.00000000,0.15000000,0.16645669,10.97112861,10.65467192,10.65467192,TAKE_PROFIT
COST_015,MUBARAK/USDT,2026-08-19T01:00:00+00:00,2026-08-19T09:00:00+00:00,0.0173,0.01908,80.00000000,72.00000000,100.00000000,0.15000000,0.16543353,10.28901734,9.97358382,9.97358382,TAKE_PROFIT
COST_015,ACE/USDT,2026-08-18T13:00:00+00:00,2026-08-19T12:00:00+00:00,0.2238,0.2061,90.00000000,92.00000000,100.00000000,0.15000000,0.13813673,-7.90884718,-8.19698391,-8.19698391,STOP_LOSS
COST_015,EUR/USDT,2026-08-18T13:00:00+00:00,2026-08-19T13:00:00+00:00,1.1594,1.1664,87.00000000,87.00000000,100.00000000,0.15000000,0.15090564,0.60376057,0.30285492,0.30285492,24H
COST_015,WLFI/USDT,2026-08-18T13:00:00+00:00,2026-08-19T13:00:00+00:00,0.0606,0.0598,87.00000000,86.00000000,100.00000000,0.15000000,0.14801980,-1.32013201,-1.61815182,-1.61815182,24H
COST_015,SOL/USDT,2026-08-18T14:00:00+00:00,2026-08-19T14:00:00+00:00,76.8,80.89,93.00000000,98.00000000,100.00000000,0.15000000,0.15798828,5.32552083,5.01753255,5.01753255,24H
COST_015,TREE/USDT,2026-08-19T12:00:00+00:00,2026-08-19T14:00:00+00:00,0.0343,0.0406,95.00000000,100.00000000,100.00000000,0.15000000,0.17755102,18.36734694,18.03979592,18.03979592,TAKE_PROFIT
COST_015,RE/USDT,2026-08-19T09:00:00+00:00,2026-08-19T15:00:00+00:00,0.4022,0.4585,79.00000000,76.00000000,100.00000000,0.15000000,0.17099702,13.99801094,13.67701392,13.67701392,TAKE_PROFIT
COST_015,ONG/USDT,2026-08-19T09:00:00+00:00,2026-08-19T17:00:00+00:00,0.06342,0.05998,87.00000000,92.00000000,100.00000000,0.15000000,0.14186377,-5.42415642,-5.71602018,-5.71602018,STOP_LOSS
COST_015,ENA/USDT,2026-08-19T04:00:00+00:00,2026-08-19T20:00:00+00:00,0.0839,0.0928,76.00000000,71.00000000,100.00000000,0.15000000,0.16591180,10.60786651,10.29195471,10.29195471,TAKE_PROFIT
COST_015,TRUMP/USDT,2026-08-19T14:00:00+00:00,2026-08-19T20:00:00+00:00,1.424,1.585,84.00000000,84.00000000,100.00000000,0.15000000,0.16695927,11.30617978,10.98922051,10.98922051,TAKE_PROFIT
COST_015,PUMP/USDT,2026-08-18T21:00:00+00:00,2026-08-19T21:00:00+00:00,0.002972,0.003126,90.00000000,100.00000000,100.00000000,0.15000000,0.15777254,5.18169583,4.87392328,4.87392328,24H
COST_015,ARB/USDT,2026-08-19T08:00:00+00:00,2026-08-19T21:00:00+00:00,0.0773,0.0891,84.00000000,89.00000000,100.00000000,0.15000000,0.17289780,15.26520052,14.94230272,14.94230272,TAKE_PROFIT
COST_015,ONG/USDT,2026-08-19T21:00:00+00:00,2026-08-20T20:00:00+00:00,0.06122,0.17155,80.00000000,72.00000000,100.00000000,0.15000000,0.42032832,180.21888272,179.64855439,179.64855439,TAKE_PROFIT
COST_015,ARB/USDT,2026-08-19T21:00:00+00:00,2026-08-20T21:00:00+00:00,0.0891,0.09,78.00000000,83.00000000,100.00000000,0.15000000,0.15151515,1.01010101,0.70858586,0.70858586,24H
COST_015,DOGE/USDT,2026-08-21T00:00:00+00:00,2026-08-21T21:00:00+00:00,0.0813,0.09169,70.00000000,65.00000000,100.00000000,0.15000000,0.16916974,12.77982780,12.46065806,12.46065806,TAKE_PROFIT
COST_015,TAO/USDT,2026-08-20T23:00:00+00:00,2026-08-21T23:00:00+00:00,214.9,229.9,72.00000000,67.00000000,100.00000000,0.15000000,0.16046999,6.97999069,6.66952071,6.66952071,24H
COST_020,ACE/USDT,2026-07-18T15:00:00+00:00,2026-07-18T18:00:00+00:00,0.0729,0.0686,70.00000000,70.00000000,100.00000000,0.20000000,0.18820302,-5.89849108,-6.28669410,-6.28669410,STOP_LOSS
COST_020,DEXE/USDT,2026-07-18T13:00:00+00:00,2026-07-19T06:00:00+00:00,36.519,34.466,75.00000000,70.00000000,100.00000000,0.20000000,0.18875654,-5.62173115,-6.01048769,-6.01048769,STOP_LOSS
COST_020,CHIP/USDT,2026-07-18T13:00:00+00:00,2026-07-19T13:00:00+00:00,0.03159,0.03049,75.00000000,70.00000000,100.00000000,0.20000000,0.19303577,-3.48211459,-3.87515036,-3.87515036,24H
COST_020,ONG/USDT,2026-07-18T13:00:00+00:00,2026-07-19T13:00:00+00:00,0.0472,0.0474,70.00000000,65.00000000,100.00000000,0.20000000,0.20084746,0.42372881,0.02288136,0.02288136,24H
COST_020,ALLO/USDT,2026-07-18T14:00:00+00:00,2026-07-19T14:00:00+00:00,0.4592,0.4639,72.00000000,67.00000000,100.00000000,0.20000000,0.20204704,1.02351916,0.62147213,0.62147213,24H
COST_020,ZEC/USDT,2026-07-18T16:00:00+00:00,2026-07-19T16:00:00+00:00,556.73,551.43,70.00000000,65.00000000,100.00000000,0.20000000,0.19809603,-0.95198750,-1.35008352,-1.35008352,24H
COST_020,ETH/USDT,2026-07-18T18:00:00+00:00,2026-07-19T18:00:00+00:00,1857.54,1861.12,70.00000000,65.00000000,100.00000000,0.20000000,0.20038546,0.19272802,-0.20765744,-0.20765744,24H
COST_020,TAO/USDT,2026-07-18T19:00:00+00:00,2026-07-19T19:00:00+00:00,195.9,197.1,70.00000000,65.00000000,100.00000000,0.20000000,0.20122511,0.61255743,0.21133231,0.21133231,24H
COST_020,ACE/USDT,2026-07-19T20:00:00+00:00,2026-07-19T22:00:00+00:00,0.0712,0.0957,70.00000000,70.00000000,100.00000000,0.20000000,0.26882022,34.41011236,33.94129213,33.94129213,TAKE_PROFIT
COST_020,CRCLB/USDT,2026-07-19T01:00:00+00:00,2026-07-20T01:00:00+00:00,61.4,60.65,73.00000000,68.00000000,100.00000000,0.20000000,0.19755700,-1.22149837,-1.61905537,-1.61905537,24H
COST_020,OPN/USDT,2026-07-19T02:00:00+00:00,2026-07-20T02:00:00+00:00,0.0637,0.0616,70.00000000,65.00000000,100.00000000,0.20000000,0.19340659,-3.29670330,-3.69010989,-3.69010989,24H
COST_020,PEPE/USDT,2026-07-19T06:00:00+00:00,2026-07-20T06:00:00+00:00,2.8e-06,2.82e-06,73.00000000,68.00000000,100.00000000,0.20000000,0.20142857,0.71428571,0.31285714,0.31285714,24H
COST_020,HEMI/USDT,2026-07-19T13:00:00+00:00,2026-07-20T08:00:00+00:00,0.00457,0.00505,75.00000000,70.00000000,100.00000000,0.20000000,0.22100656,10.50328228,10.08227571,10.08227571,TAKE_PROFIT
COST_020,LTC/USDT,2026-07-19T13:00:00+00:00,2026-07-20T13:00:00+00:00,47.36,46.69,73.00000000,68.00000000,100.00000000,0.20000000,0.19717061,-1.41469595,-1.81186655,-1.81186655,24H
COST_020,GPS/USDT,2026-07-19T14:00:00+00:00,2026-07-20T14:00:00+00:00,0.00908,0.00905,70.00000000,65.00000000,100.00000000,0.20000000,0.19933921,-0.33039648,-0.72973568,-0.72973568,24H
COST_020,HEMI/USDT,2026-07-20T09:00:00+00:00,2026-07-20T14:00:00+00:00,0.00499,0.00561,70.00000000,70.00000000,100.00000000,0.20000000,0.22484970,12.42484970,12.00000000,12.00000000,TAKE_PROFIT
COST_020,EDEN/USDT,2026-07-19T16:00:00+00:00,2026-07-20T16:00:00+00:00,0.04415,0.04281,70.00000000,65.00000000,100.00000000,0.20000000,0.19392978,-3.03510759,-3.42903737,-3.42903737,24H
COST_020,ALLO/USDT,2026-07-20T16:00:00+00:00,2026-07-20T20:00:00+00:00,0.4872,0.4611,75.00000000,70.00000000,100.00000000,0.20000000,0.18928571,-5.35714286,-5.74642857,-5.74642857,STOP_LOSS
COST_020,EWYB/USDT,2026-07-19T22:00:00+00:00,2026-07-20T22:00:00+00:00,166.67,163.53,75.00000000,70.00000000,100.00000000,0.20000000,0.19623208,-1.88396232,-2.28019440,-2.28019440,24H
COST_020,MUB/USDT,2026-07-19T22:00:00+00:00,2026-07-20T22:00:00+00:00,867.11,873.22,73.00000000,68.00000000,100.00000000,0.20000000,0.20140928,0.70463955,0.30323027,0.30323027,24H
COST_020,ETH/USDT,2026-07-19T22:00:00+00:00,2026-07-20T22:00:00+00:00,1870.44,1895.72,70.00000000,65.00000000,100.00000000,0.20000000,0.20270311,1.35155365,0.94885054,0.94885054,24H
COST_020,TUT/USDT,2026-07-20T06:00:00+00:00,2026-07-21T00:00:00+00:00,0.01337,0.01477,70.00000000,65.00000000,100.00000000,0.20000000,0.22094241,10.47120419,10.05026178,10.05026178,TAKE_PROFIT
COST_020,LINK/USDT,2026-07-20T01:00:00+00:00,2026-07-21T01:00:00+00:00,8.422,8.592,73.00000000,68.00000000,100.00000000,0.20000000,0.20403705,2.01852292,1.61448587,1.61448587,24H
COST_020,HEMI/USDT,2026-07-20T22:00:00+00:00,2026-07-21T01:00:00+00:00,0.00686,0.00643,72.00000000,59.00000000,100.00000000,0.20000000,0.18746356,-6.26822157,-6.65568513,-6.65568513,STOP_LOSS
COST_020,MSTRB/USDT,2026-07-20T02:00:00+00:00,2026-07-21T02:00:00+00:00,95.95,99.27,70.00000000,65.00000000,100.00000000,0.20000000,0.20692027,3.46013549,3.05321522,3.05321522,24H
COST_020,DEXE/USDT,2026-07-21T00:00:00+00:00,2026-07-21T02:00:00+00:00,37.721,34.091,75.00000000,70.00000000,100.00000000,0.20000000,0.18075343,-9.62328676,-10.00404019,-10.00404019,STOP_LOSS
COST_020,TREE/USDT,2026-07-21T02:00:00+00:00,2026-07-21T06:00:00+00:00,0.0385,0.0475,72.00000000,67.00000000,100.00000000,0.20000000,0.24675325,23.37662338,22.92987013,22.92987013,TAKE_PROFIT
COST_020,SOXLB/USDT,2026-07-21T00:00:00+00:00,2026-07-21T08:00:00+00:00,139.06,153.96,73.00000000,68.00000000,100.00000000,0.20000000,0.22142960,10.71479937,10.29336977,10.29336977,TAKE_PROFIT
COST_020,NEAR/USDT,2026-07-20T13:00:00+00:00,2026-07-21T13:00:00+00:00,1.965,1.988,73.00000000,68.00000000,100.00000000,0.20000000,0.20234097,1.17048346,0.76814249,0.76814249,24H
COST_020,CRCLB/USDT,2026-07-20T14:00:00+00:00,2026-07-21T13:00:00+00:00,63.12,70.14,70.00000000,70.00000000,100.00000000,0.20000000,0.22224335,11.12167300,10.69942966,10.69942966,TAKE_PROFIT
COST_020,BMT/USDT,2026-07-20T15:00:00+00:00,2026-07-21T15:00:00+00:00,0.01184,0.01197,73.00000000,68.00000000,100.00000000,0.20000000,0.20219595,1.09797297,0.69577703,0.69577703,24H
COST_020,MUB/USDT,2026-07-21T01:00:00+00:00,2026-07-21T16:00:00+00:00,886.11,977.63,73.00000000,68.00000000,100.00000000,0.20000000,0.22065658,10.32828881,9.90763224,9.90763224,TAKE_PROFIT
COST_020,RARE/USDT,2026-07-20T20:00:00+00:00,2026-07-21T20:00:00+00:00,0.0128,0.0127,73.00000000,68.00000000,100.00000000,0.20000000,0.19843750,-0.78125000,-1.17968750,-1.17968750,24H
COST_020,RED/USDT,2026-07-21T01:00:00+00:00,2026-07-22T01:00:00+00:00,0.1032,0.1011,75.00000000,70.00000000,100.00000000,0.20000000,0.19593023,-2.03488372,-2.43081395,-2.43081395,24H
COST_020,EWYB/USDT,2026-07-21T02:00:00+00:00,2026-07-22T02:00:00+00:00,167.22,174.49,75.00000000,70.00000000,100.00000000,0.20000000,0.20869513,4.34756608,3.93887095,3.93887095,24H
COST_020,BICO/USDT,2026-07-21T02:00:00+00:00,2026-07-22T02:00:00+00:00,0.01401,0.01386,72.00000000,67.00000000,100.00000000,0.20000000,0.19785867,-1.07066381,-1.46852248,-1.46852248,24H
COST_020,SKHYB/USDT,2026-07-21T06:00:00+00:00,2026-07-22T06:00:00+00:00,160.21,163.65,72.00000000,67.00000000,100.00000000,0.20000000,0.20429436,2.14718182,1.74288746,1.74288746,24H
COST_020,GIGGLE/USDT,2026-07-21T08:00:00+00:00,2026-07-22T08:00:00+00:00,26.98,26.53,75.00000000,70.00000000,100.00000000,0.20000000,0.19666420,-1.66790215,-2.06456635,-2.06456635,24H
COST_020,TUT/USDT,2026-07-22T04:00:00+00:00,2026-07-22T10:00:00+00:00,0.01524,0.01412,70.00000000,65.00000000,100.00000000,0.20000000,0.18530184,-7.34908136,-7.73438320,-7.73438320,STOP_LOSS
COST_020,ALLO/USDT,2026-07-21T13:00:00+00:00,2026-07-22T13:00:00+00:00,0.4991,0.5038,75.00000000,70.00000000,100.00000000,0.20000000,0.20188339,0.94169505,0.53981166,0.53981166,24H
COST_020,SNDKB/USDT,2026-07-21T13:00:00+00:00,2026-07-22T13:00:00+00:00,1529.08,1577.19,70.00000000,70.00000000,100.00000000,0.20000000,0.20629267,3.14633636,2.74004369,2.74004369,24H
COST_020,MSTRB/USDT,2026-07-21T15:00:00+00:00,2026-07-22T15:00:00+00:00,102.67,99.78,73.00000000,68.00000000,100.00000000,0.20000000,0.19437031,-2.81484367,-3.20921399,-3.20921399,24H
COST_020,GRAM/USDT,2026-07-21T16:00:00+00:00,2026-07-22T16:00:00+00:00,1.518,1.517,72.00000000,67.00000000,100.00000000,0.20000000,0.19986825,-0.06587615,-0.46574440,-0.46574440,24H
COST_020,PORTAL/USDT,2026-07-21T22:00:00+00:00,2026-07-22T22:00:00+00:00,0.01106,0.01088,73.00000000,68.00000000,100.00000000,0.20000000,0.19674503,-1.62748644,-2.02423146,-2.02423146,24H
COST_020,CHIP/USDT,2026-07-22T02:00:00+00:00,2026-07-23T02:00:00+00:00,0.0306,0.03026,70.00000000,65.00000000,100.00000000,0.20000000,0.19777778,-1.11111111,-1.50888889,-1.50888889,24H
COST_020,BICO/USDT,2026-07-22T03:00:00+00:00,2026-07-23T03:00:00+00:00,0.01388,0.01377,73.00000000,68.00000000,100.00000000,0.20000000,0.19841499,-0.79250720,-1.19092219,-1.19092219,24H
COST_020,BEL/USDT,2026-07-22T06:00:00+00:00,2026-07-23T06:00:00+00:00,0.1042,0.1018,70.00000000,65.00000000,100.00000000,0.20000000,0.19539347,-2.30326296,-2.69865643,-2.69865643,24H
COST_020,ENA/USDT,2026-07-22T08:00:00+00:00,2026-07-23T08:00:00+00:00,0.0882,0.0919,70.00000000,65.00000000,100.00000000,0.20000000,0.20839002,4.19501134,3.78662132,3.78662132,24H
COST_020,ONDO/USDT,2026-07-22T10:00:00+00:00,2026-07-23T10:00:00+00:00,0.4109,0.4035,75.00000000,70.00000000,100.00000000,0.20000000,0.19639815,-1.80092480,-2.19732295,-2.19732295,24H
COST_020,AAVE/USDT,2026-07-22T13:00:00+00:00,2026-07-23T13:00:00+00:00,97.91,96.11,75.00000000,70.00000000,100.00000000,0.20000000,0.19632315,-1.83842304,-2.23474620,-2.23474620,24H
COST_020,MUB/USDT,2026-07-22T13:00:00+00:00,2026-07-23T13:00:00+00:00,972.31,977.98,75.00000000,70.00000000,100.00000000,0.20000000,0.20116629,0.58314735,0.18198106,0.18198106,24H
COST_020,ADA/USDT,2026-07-22T15:00:00+00:00,2026-07-23T15:00:00+00:00,0.1779,0.1705,75.00000000,70.00000000,100.00000000,0.20000000,0.19168072,-4.15964025,-4.55132097,-4.55132097,24H
COST_020,OPN/USDT,2026-07-23T06:00:00+00:00,2026-07-23T15:00:00+00:00,0.0718,0.0669,73.00000000,68.00000000,100.00000000,0.20000000,0.18635097,-6.82451253,-7.21086351,-7.21086351,STOP_LOSS
COST_020,WLD/USDT,2026-07-22T16:00:00+00:00,2026-07-23T16:00:00+00:00,0.3938,0.3766,75.00000000,70.00000000,100.00000000,0.20000000,0.19126460,-4.36769934,-4.75896394,-4.75896394,24H
COST_020,SKHYB/USDT,2026-07-23T00:00:00+00:00,2026-07-24T00:00:00+00:00,171.79,167.7,72.00000000,67.00000000,100.00000000,0.20000000,0.19523837,-2.38081378,-2.77605216,-2.77605216,24H
COST_020,RE/USDT,2026-07-23T16:00:00+00:00,2026-07-24T00:00:00+00:00,0.5261,0.5822,70.00000000,70.00000000,100.00000000,0.20000000,0.22132674,10.66337198,10.24204524,10.24204524,TAKE_PROFIT
COST_020,SNDKB/USDT,2026-07-23T16:00:00+00:00,2026-07-24T02:00:00+00:00,1667.76,1576.22,72.00000000,67.00000000,100.00000000,0.20000000,0.18902240,-5.48879935,-5.87782175,-5.87782175,STOP_LOSS
COST_020,SOXLB/USDT,2026-07-23T20:00:00+00:00,2026-07-24T02:00:00+00:00,162.95,151.66,75.00000000,70.00000000,100.00000000,0.20000000,0.18614299,-6.92850568,-7.31464867,-7.31464867,STOP_LOSS
COST_020,GRAM/USDT,2026-07-23T03:00:00+00:00,2026-07-24T03:00:00+00:00,1.516,1.455,73.00000000,68.00000000,100.00000000,0.20000000,0.19195251,-4.02374670,-4.41569921,-4.41569921,24H
COST_020,BMT/USDT,2026-07-23T05:00:00+00:00,2026-07-24T05:00:00+00:00,0.01262,0.01228,70.00000000,70.00000000,100.00000000,0.20000000,0.19461173,-2.69413629,-3.08874802,-3.08874802,24H
COST_020,TRUMP/USDT,2026-07-23T08:00:00+00:00,2026-07-24T08:00:00+00:00,1.639,1.598,75.00000000,70.00000000,100.00000000,0.20000000,0.19499695,-2.50152532,-2.89652227,-2.89652227,24H
COST_020,OPN/USDT,2026-07-24T05:00:00+00:00,2026-07-24T08:00:00+00:00,0.0694,0.0627,75.00000000,70.00000000,100.00000000,0.20000000,0.18069164,-9.65417867,-10.03487032,-10.03487032,STOP_LOSS
COST_020,KAITO/USDT,2026-07-23T10:00:00+00:00,2026-07-24T10:00:00+00:00,1.032,1.0396,75.00000000,70.00000000,100.00000000,0.20000000,0.20147287,0.73643411,0.33496124,0.33496124,24H
COST_020,KAITO/USDT,2026-07-24T10:00:00+00:00,2026-07-24T12:00:00+00:00,1.0396,0.9876,73.00000000,68.00000000,100.00000000,0.20000000,0.18999615,-5.00192382,-5.39191997,-5.39191997,STOP_LOSS
COST_020,PLUME/USDT,2026-07-23T13:00:00+00:00,2026-07-24T13:00:00+00:00,0.01146,0.01114,73.00000000,68.00000000,100.00000000,0.20000000,0.19441536,-2.79232112,-3.18673647,-3.18673647,24H
COST_020,ALLO/USDT,2026-07-24T11:00:00+00:00,2026-07-24T14:00:00+00:00,0.5096,0.47,70.00000000,65.00000000,100.00000000,0.20000000,0.18445840,-7.77080063,-8.15525903,-8.15525903,STOP_LOSS
COST_020,HOME/USDT,2026-07-24T14:00:00+00:00,2026-07-24T18:00:00+00:00,0.00689,0.00654,72.00000000,67.00000000,100.00000000,0.20000000,0.18984035,-5.07982583,-5.46966618,-5.46966618,STOP_LOSS
COST_020,HEI/USDT,2026-07-23T21:00:00+00:00,2026-07-24T21:00:00+00:00,0.103,0.0987,70.00000000,70.00000000,100.00000000,0.20000000,0.19165049,-4.17475728,-4.56640777,-4.56640777,24H
COST_020,XPL/USDT,2026-07-24T17:00:00+00:00,2026-07-25T03:00:00+00:00,0.08689,0.08214,75.00000000,70.00000000,100.00000000,0.20000000,0.18906664,-5.46668201,-5.85574865,-5.85574865,STOP_LOSS
COST_020,UNI/USDT,2026-07-24T05:00:00+00:00,2026-07-25T05:00:00+00:00,3.833,3.687,70.00000000,65.00000000,100.00000000,0.20000000,0.19238195,-3.80902687,-4.20140882,-4.20140882,24H
COST_020,HEMI/USDT,2026-07-24T19:00:00+00:00,2026-07-25T06:00:00+00:00,0.00532,0.00505,75.00000000,70.00000000,100.00000000,0.20000000,0.18984962,-5.07518797,-5.46503759,-5.46503759,STOP_LOSS
COST_020,RE/USDT,2026-07-25T07:00:00+00:00,2026-07-25T09:00:00+00:00,0.6078,0.5587,75.00000000,70.00000000,100.00000000,0.20000000,0.18384337,-8.07831524,-8.46215860,-8.46215860,STOP_LOSS
COST_020,GPS/USDT,2026-07-24T10:00:00+00:00,2026-07-25T10:00:00+00:00,0.00923,0.00958,70.00000000,65.00000000,100.00000000,0.20000000,0.20758397,3.79198267,3.38439870,3.38439870,24H
COST_020,PLUME/USDT,2026-07-24T14:00:00+00:00,2026-07-25T14:00:00+00:00,0.01141,0.01178,73.00000000,68.00000000,100.00000000,0.20000000,0.20648554,3.24276950,2.83628396,2.83628396,24H
COST_020,TUT/USDT,2026-07-24T21:00:00+00:00,2026-07-25T21:00:00+00:00,0.01452,0.01538,75.00000000,70.00000000,100.00000000,0.20000000,0.21184573,5.92286501,5.51101928,5.51101928,24H
COST_020,TREE/USDT,2026-07-25T00:00:00+00:00,2026-07-26T00:00:00+00:00,0.0394,0.0381,73.00000000,68.00000000,100.00000000,0.20000000,0.19340102,-3.29949239,-3.69289340,-3.69289340,24H
COST_020,ALPINE/USDT,2026-07-25T13:00:00+00:00,2026-07-26T13:00:00+00:00,0.314,0.315,75.00000000,70.00000000,100.00000000,0.20000000,0.20063694,0.31847134,-0.08216561,-0.08216561,24H
COST_020,PLUME/USDT,2026-07-25T15:00:00+00:00,2026-07-26T15:00:00+00:00,0.01177,0.01236,70.00000000,65.00000000,100.00000000,0.20000000,0.21002549,5.01274427,4.60271878,4.60271878,24H
COST_020,TRX/USDT,2026-07-25T16:00:00+00:00,2026-07-26T16:00:00+00:00,0.3321,0.333,70.00000000,65.00000000,100.00000000,0.20000000,0.20054201,0.27100271,-0.12953930,-0.12953930,24H
COST_020,MUBARAK/USDT,2026-07-25T19:00:00+00:00,2026-07-26T19:00:00+00:00,0.01076,0.0108,70.00000000,65.00000000,100.00000000,0.20000000,0.20074349,0.37174721,-0.02899628,-0.02899628,24H
COST_020,PEPE/USDT,2026-07-26T02:00:00+00:00,2026-07-27T02:00:00+00:00,2.86e-06,2.94e-06,70.00000000,70.00000000,100.00000000,0.20000000,0.20559441,2.79720280,2.39160839,2.39160839,24H
COST_020,DOT/USDT,2026-07-26T03:00:00+00:00,2026-07-27T03:00:00+00:00,0.82,0.818,70.00000000,65.00000000,100.00000000,0.20000000,0.19951220,-0.24390244,-0.64341463,-0.64341463,24H
COST_020,FIL/USDT,2026-07-26T04:00:00+00:00,2026-07-27T04:00:00+00:00,0.7416,0.7478,70.00000000,65.00000000,100.00000000,0.20000000,0.20167206,0.83603020,0.43435814,0.43435814,24H
COST_020,TAO/USDT,2026-07-26T04:00:00+00:00,2026-07-27T04:00:00+00:00,196.4,198.8,70.00000000,70.00000000,100.00000000,0.20000000,0.20244399,1.22199593,0.81955193,0.81955193,24H
COST_020,RARE/USDT,2026-07-26T09:00:00+00:00,2026-07-27T09:00:00+00:00,0.01279,0.01259,70.00000000,65.00000000,100.00000000,0.20000000,0.19687256,-1.56372166,-1.96059421,-1.96059421,24H
COST_020,LINK/USDT,2026-07-26T13:00:00+00:00,2026-07-27T13:00:00+00:00,8.458,8.772,70.00000000,65.00000000,100.00000000,0.20000000,0.20742492,3.71246157,3.30503665,3.30503665,24H
COST_020,EDEN/USDT,2026-07-27T09:00:00+00:00,2026-07-27T15:00:00+00:00,0.04471,0.04217,90.00000000,100.00000000,100.00000000,0.20000000,0.18863789,-5.68105569,-6.06969358,-6.06969358,STOP_LOSS
COST_020,ONDO/USDT,2026-07-26T16:00:00+00:00,2026-07-27T16:00:00+00:00,0.4062,0.4094,90.00000000,100.00000000,100.00000000,0.20000000,0.20157558,0.78778927,0.38621369,0.38621369,24H
COST_020,USDE/USDT,2026-07-26T16:00:00+00:00,2026-07-27T16:00:00+00:00,1.0009,1.0009,87.00000000,87.00000000,100.00000000,0.20000000,0.20000000,0.00000000,-0.40000000,-0.40000000,24H
COST_020,PLUME/USDT,2026-07-27T02:00:00+00:00,2026-07-27T17:00:00+00:00,0.01231,0.01166,90.00000000,95.00000000,100.00000000,0.20000000,0.18943948,-5.28025995,-5.66969943,-5.66969943,STOP_LOSS
COST_020,ENA/USDT,2026-07-27T13:00:00+00:00,2026-07-27T18:00:00+00:00,0.0923,0.0876,95.00000000,100.00000000,100.00000000,0.20000000,0.18981582,-5.09209101,-5.48190683,-5.48190683,STOP_LOSS
COST_020,USDC/USDT,2026-07-26T19:00:00+00:00,2026-07-27T19:00:00+00:00,1.00087,1.00084,87.00000000,87.00000000,100.00000000,0.20000000,0.19999401,-0.00299739,-0.40299140,-0.40299140,24H
COST_020,ALPINE/USDT,2026-07-27T03:00:00+00:00,2026-07-27T22:00:00+00:00,0.32,0.301,87.00000000,87.00000000,100.00000000,0.20000000,0.18812500,-5.93750000,-6.32562500,-6.32562500,STOP_LOSS
COST_020,KAITO/USDT,2026-07-27T15:00:00+00:00,2026-07-27T22:00:00+00:00,1.21,1.3423,84.00000000,84.00000000,100.00000000,0.20000000,0.22186777,10.93388430,10.51201653,10.51201653,TAKE_PROFIT
COST_020,CRCLB/USDT,2026-07-27T04:00:00+00:00,2026-07-28T04:00:00+00:00,63.92,63.19,87.00000000,87.00000000,100.00000000,0.20000000,0.19771589,-1.14205257,-1.53976846,-1.53976846,24H
COST_020,XUSD/USDT,2026-07-27T04:00:00+00:00,2026-07-28T04:00:00+00:00,1.0012,1.0012,87.00000000,87.00000000,100.00000000,0.20000000,0.20000000,0.00000000,-0.40000000,-0.40000000,24H
COST_020,PUMP/USDT,2026-07-27T19:00:00+00:00,2026-07-28T04:00:00+00:00,0.002128,0.002021,87.00000000,86.00000000,100.00000000,0.20000000,0.18994361,-5.02819549,-5.41813910,-5.41813910,STOP_LOSS
COST_020,KAITO/USDT,2026-07-27T22:00:00+00:00,2026-07-28T05:00:00+00:00,1.3423,1.2594,78.00000000,83.00000000,100.00000000,0.20000000,0.18764807,-6.17596662,-6.56361469,-6.56361469,STOP_LOSS
COST_020,KAITO/USDT,2026-07-28T05:00:00+00:00,2026-07-28T09:00:00+00:00,1.2594,1.1586,74.00000000,63.00000000,100.00000000,0.20000000,0.18399238,-8.00381134,-8.38780372,-8.38780372,STOP_LOSS
COST_020,TREE/USDT,2026-07-27T17:00:00+00:00,2026-07-28T13:00:00+00:00,0.0395,0.0374,87.00000000,86.00000000,100.00000000,0.20000000,0.18936709,-5.31645570,-5.70582278,-5.70582278,STOP_LOSS
COST_020,RLUSD/USDT,2026-07-27T16:00:00+00:00,2026-07-28T16:00:00+00:00,1.0013,1.0011,87.00000000,87.00000000,100.00000000,0.20000000,0.19996005,-0.01997403,-0.41993409,-0.41993409,24H
COST_020,MSTRB/USDT,2026-07-27T16:00:00+00:00,2026-07-28T16:00:00+00:00,97.4,98.12,81.00000000,86.00000000,100.00000000,0.20000000,0.20147844,0.73921971,0.33774127,0.33774127,24H
COST_020,BNB/USDT,2026-07-27T18:00:00+00:00,2026-07-28T18:00:00+00:00,575.37,569.62,87.00000000,86.00000000,100.00000000,0.20000000,0.19800129,-0.99935694,-1.39735822,-1.39735822,24H
COST_020,USD1/USDT,2026-07-27T22:00:00+00:00,2026-07-28T22:00:00+00:00,0.99985,0.99968,84.00000000,84.00000000,100.00000000,0.20000000,0.19996599,-0.01700255,-0.41696855,-0.41696855,24H
COST_020,FDUSD/USDT,2026-07-28T04:00:00+00:00,2026-07-29T04:00:00+00:00,0.9993,0.9983,87.00000000,87.00000000,100.00000000,0.20000000,0.19979986,-0.10007005,-0.49986991,-0.49986991,24H
COST_020,USDC/USDT,2026-07-28T04:00:00+00:00,2026-07-29T04:00:00+00:00,1.00097,1.00114,76.00000000,71.00000000,100.00000000,0.20000000,0.20003397,0.01698353,-0.38305044,-0.38305044,24H
COST_020,GPS/USDT,2026-07-28T04:00:00+00:00,2026-07-29T04:00:00+00:00,0.00927,0.00972,72.00000000,69.00000000,100.00000000,0.20000000,0.20970874,4.85436893,4.44466019,4.44466019,24H
COST_020,MUBARAK/USDT,2026-07-28T09:00:00+00:00,2026-07-29T09:00:00+00:00,0.01111,0.01131,89.00000000,89.00000000,100.00000000,0.20000000,0.20360036,1.80018002,1.39657966,1.39657966,24H
COST_020,U/USDT,2026-07-28T13:00:00+00:00,2026-07-29T13:00:00+00:00,1.0008,1.0008,87.00000000,87.00000000,100.00000000,0.20000000,0.20000000,0.00000000,-0.40000000,-0.40000000,24H
COST_020,AAVE/USDT,2026-07-28T16:00:00+00:00,2026-07-29T16:00:00+00:00,101.26,98.73,95.00000000,100.00000000,100.00000000,0.20000000,0.19500296,-2.49851866,-2.89352163,-2.89352163,24H
COST_020,ONDO/USDT,2026-07-28T16:00:00+00:00,2026-07-29T16:00:00+00:00,0.4088,0.3937,89.00000000,88.00000000,100.00000000,0.20000000,0.19261252,-3.69373777,-4.08635029,-4.08635029,24H
COST_020,PLUME/USDT,2026-07-28T18:00:00+00:00,2026-07-29T18:00:00+00:00,0.01219,0.01212,89.00000000,88.00000000,100.00000000,0.20000000,0.19885152,-0.57424118,-0.97309270,-0.97309270,24H
COST_020,RE/USDT,2026-07-29T16:00:00+00:00,2026-07-29T18:00:00+00:00,0.4686,0.5159,79.00000000,76.00000000,100.00000000,0.20000000,0.22018779,10.09389671,9.67370892,9.67370892,TAKE_PROFIT
COST_020,RLUSD/USDT,2026-07-28T22:00:00+00:00,2026-07-29T22:00:00+00:00,1.0012,1.0012,76.00000000,71.00000000,100.00000000,0.20000000,0.20000000,0.00000000,-0.40000000,-0.40000000,24H
COST_020,KAITO/USDT,2026-07-29T04:00:00+00:00,2026-07-30T03:00:00+00:00,1.264,1.1818,89.00000000,88.00000000,100.00000000,0.20000000,0.18699367,-6.50316456,-6.89015823,-6.89015823,STOP_LOSS
COST_020,GPS/USDT,2026-07-29T04:00:00+00:00,2026-07-30T04:00:00+00:00,0.00972,0.00982,90.00000000,95.00000000,100.00000000,0.20000000,0.20205761,1.02880658,0.62674897,0.62674897,24H
COST_020,USDC/USDT,2026-07-29T04:00:00+00:00,2026-07-30T04:00:00+00:00,1.00114,1.00112,84.00000000,84.00000000,100.00000000,0.20000000,0.19999600,-0.00199772,-0.40199373,-0.40199373,24H
COST_020,UNI/USDT,2026-07-29T09:00:00+00:00,2026-07-30T09:00:00+00:00,3.975,4.03,95.00000000,100.00000000,100.00000000,0.20000000,0.20276730,1.38364780,0.98088050,0.98088050,24H
COST_020,EURI/USDT,2026-07-29T13:00:00+00:00,2026-07-30T13:00:00+00:00,1.1398,1.1526,77.00000000,64.00000000,100.00000000,0.20000000,0.20224601,1.12300404,0.72075803,0.72075803,24H
COST_020,U/USDT,2026-07-29T16:00:00+00:00,2026-07-30T16:00:00+00:00,1.0009,1.0007,87.00000000,87.00000000,100.00000000,0.20000000,0.19996004,-0.01998202,-0.41994205,-0.41994205,24H
COST_020,GPS/USDT,2026-07-30T04:00:00+00:00,2026-07-30T17:00:00+00:00,0.00982,0.0092,82.00000000,82.00000000,100.00000000,0.20000000,0.18737271,-6.31364562,-6.70101833,-6.70101833,STOP_LOSS
COST_020,ADA/USDT,2026-07-29T18:00:00+00:00,2026-07-30T18:00:00+00:00,0.1679,0.1723,84.00000000,89.00000000,100.00000000,0.20000000,0.20524122,2.62060750,2.21536629,2.21536629,24H
COST_020,PLUME/USDT,2026-07-29T18:00:00+00:00,2026-07-30T18:00:00+00:00,0.01212,0.01165,84.00000000,84.00000000,100.00000000,0.20000000,0.19224422,-3.87788779,-4.27013201,-4.27013201,24H
COST_020,ONDO/USDT,2026-07-29T22:00:00+00:00,2026-07-30T22:00:00+00:00,0.4051,0.4168,74.00000000,63.00000000,100.00000000,0.20000000,0.20577635,2.88817576,2.48239941,2.48239941,24H
COST_020,ALPINE/USDT,2026-07-30T03:00:00+00:00,2026-07-31T03:00:00+00:00,0.32,0.314,93.00000000,98.00000000,100.00000000,0.20000000,0.19625000,-1.87500000,-2.27125000,-2.27125000,24H
COST_020,USD1/USDT,2026-07-30T04:00:00+00:00,2026-07-31T04:00:00+00:00,1.00003,0.99997,87.00000000,87.00000000,100.00000000,0.20000000,0.19998800,-0.00599982,-0.40598782,-0.40598782,24H
COST_020,BNB/USDT,2026-07-30T09:00:00+00:00,2026-07-31T09:00:00+00:00,579.84,590.49,87.00000000,86.00000000,100.00000000,0.20000000,0.20367343,1.83671358,1.43304015,1.43304015,24H
COST_020,MUBARAK/USDT,2026-07-31T04:00:00+00:00,2026-07-31T11:00:00+00:00,0.0121,0.01333,95.00000000,100.00000000,100.00000000,0.20000000,0.22033058,10.16528926,9.74495868,9.74495868,TAKE_PROFIT
COST_020,PAXG/USDT,2026-07-30T13:00:00+00:00,2026-07-31T13:00:00+00:00,4105.88,4027.22,93.00000000,98.00000000,100.00000000,0.20000000,0.19616842,-1.91578906,-2.31195749,-2.31195749,24H
COST_020,AAVE/USDT,2026-07-30T16:00:00+00:00,2026-07-31T16:00:00+00:00,100.23,96.59,90.00000000,95.00000000,100.00000000,0.20000000,0.19273671,-3.63164721,-4.02438392,-4.02438392,24H
COST_020,PUMP/USDT,2026-07-30T17:00:00+00:00,2026-07-31T17:00:00+00:00,0.001972,0.002139,87.00000000,86.00000000,100.00000000,0.20000000,0.21693712,8.46855984,8.05162272,8.05162272,24H
COST_020,GIGGLE/USDT,2026-07-31T13:00:00+00:00,2026-07-31T17:00:00+00:00,36.97,42.93,74.00000000,55.00000000,100.00000000,0.20000000,0.23224236,16.12117933,15.68893698,15.68893698,TAKE_PROFIT
COST_020,FIL/USDT,2026-07-30T18:00:00+00:00,2026-07-31T18:00:00+00:00,0.7153,0.7209,89.00000000,89.00000000,100.00000000,0.20000000,0.20156578,0.78288830,0.38132252,0.38132252,24H
COST_020,TUT/USDT,2026-07-30T18:00:00+00:00,2026-07-31T18:00:00+00:00,0.01494,0.01637,82.00000000,82.00000000,100.00000000,0.20000000,0.21914324,9.57161981,9.15247657,9.15247657,24H
COST_020,SOXLB/USDT,2026-07-30T22:00:00+00:00,2026-07-31T19:00:00+00:00,122.59,114.81,84.00000000,89.00000000,100.00000000,0.20000000,0.18730728,-6.34635778,-6.73366506,-6.73366506,STOP_LOSS
COST_020,MUBARAK/USDT,2026-07-31T16:00:00+00:00,2026-07-31T20:00:00+00:00,0.01371,0.01259,90.00000000,100.00000000,100.00000000,0.20000000,0.18366156,-8.16921955,-8.55288111,-8.55288111,STOP_LOSS
COST_020,BEL/USDT,2026-07-31T03:00:00+00:00,2026-08-01T03:00:00+00:00,0.0969,0.0974,89.00000000,89.00000000,100.00000000,0.20000000,0.20103199,0.51599587,0.11496388,0.11496388,24H
COST_020,ALPINE/USDT,2026-07-31T09:00:00+00:00,2026-08-01T09:00:00+00:00,0.318,0.321,90.00000000,95.00000000,100.00000000,0.20000000,0.20188679,0.94339623,0.54150943,0.54150943,24H
COST_020,USD1/USDT,2026-07-31T11:00:00+00:00,2026-08-01T11:00:00+00:00,1.00003,0.99989,81.00000000,80.00000000,100.00000000,0.20000000,0.19997200,-0.01399958,-0.41397158,-0.41397158,24H
COST_020,HOME/USDT,2026-07-31T19:00:00+00:00,2026-08-01T11:00:00+00:00,0.0055,0.0062,78.00000000,73.00000000,100.00000000,0.20000000,0.22545455,12.72727273,12.30181818,12.30181818,TAKE_PROFIT
COST_020,HOME/USDT,2026-08-01T11:00:00+00:00,2026-08-01T16:00:00+00:00,0.0062,0.00575,84.00000000,89.00000000,100.00000000,0.20000000,0.18548387,-7.25806452,-7.64354839,-7.64354839,STOP_LOSS
COST_020,EURI/USDT,2026-07-31T17:00:00+00:00,2026-08-01T17:00:00+00:00,1.1539,1.1526,90.00000000,95.00000000,100.00000000,0.20000000,0.19977468,-0.11266141,-0.51243609,-0.51243609,24H
COST_020,ADA/USDT,2026-07-31T17:00:00+00:00,2026-08-01T17:00:00+00:00,0.1713,0.1732,87.00000000,86.00000000,100.00000000,0.20000000,0.20221833,1.10916521,0.70694688,0.70694688,24H
COST_020,PUMP/USDT,2026-07-31T18:00:00+00:00,2026-08-01T18:00:00+00:00,0.002123,0.002072,79.00000000,74.00000000,100.00000000,0.20000000,0.19519548,-2.40226095,-2.79745643,-2.79745643,24H
COST_020,NEAR/USDT,2026-07-31T18:00:00+00:00,2026-08-01T18:00:00+00:00,1.702,1.66,78.00000000,73.00000000,100.00000000,0.20000000,0.19506463,-2.46768508,-2.86274971,-2.86274971,24H
COST_020,MUBARAK/USDT,2026-08-01T09:00:00+00:00,2026-08-01T19:00:00+00:00,0.01303,0.0121,81.00000000,80.00000000,100.00000000,0.20000000,0.18572525,-7.13737529,-7.52310054,-7.52310054,STOP_LOSS
COST_020,EUR/USDT,2026-07-31T20:00:00+00:00,2026-08-01T20:00:00+00:00,1.1535,1.1531,84.00000000,84.00000000,100.00000000,0.20000000,0.19993065,-0.03467707,-0.43460772,-0.43460772,24H
COST_020,HOME/USDT,2026-08-01T18:00:00+00:00,2026-08-02T01:00:00+00:00,0.00604,0.00672,89.00000000,89.00000000,100.00000000,0.20000000,0.22251656,11.25827815,10.83576159,10.83576159,TAKE_PROFIT
COST_020,TAO/USDT,2026-08-01T03:00:00+00:00,2026-08-02T03:00:00+00:00,197.7,194.1,89.00000000,88.00000000,100.00000000,0.20000000,0.19635812,-1.82094082,-2.21729894,-2.21729894,24H
COST_020,PUMP/USDT,2026-08-02T01:00:00+00:00,2026-08-02T10:00:00+00:00,0.002265,0.002146,95.00000000,100.00000000,100.00000000,0.20000000,0.18949227,-5.25386313,-5.64335541,-5.64335541,STOP_LOSS
COST_020,TUT/USDT,2026-08-01T11:00:00+00:00,2026-08-02T11:00:00+00:00,0.01758,0.01742,90.00000000,100.00000000,100.00000000,0.20000000,0.19817975,-0.91012514,-1.30830489,-1.30830489,24H
COST_020,KAITO/USDT,2026-08-01T18:00:00+00:00,2026-08-02T13:00:00+00:00,1.2084,1.0894,95.00000000,100.00000000,100.00000000,0.20000000,0.18030453,-9.84773254,-10.22803707,-10.22803707,STOP_LOSS
COST_020,PEPE/USDT,2026-08-01T16:00:00+00:00,2026-08-02T16:00:00+00:00,2.78e-06,2.91e-06,87.00000000,87.00000000,100.00000000,0.20000000,0.20935252,4.67625899,4.26690647,4.26690647,24H
COST_020,ALPINE/USDT,2026-08-01T17:00:00+00:00,2026-08-02T17:00:00+00:00,0.328,0.319,93.00000000,98.00000000,100.00000000,0.20000000,0.19451220,-2.74390244,-3.13841463,-3.13841463,24H
COST_020,DOT/USDT,2026-08-01T17:00:00+00:00,2026-08-02T17:00:00+00:00,0.775,0.798,81.00000000,81.00000000,100.00000000,0.20000000,0.20593548,2.96774194,2.56180645,2.56180645,24H
COST_020,HOME/USDT,2026-08-02T10:00:00+00:00,2026-08-02T17:00:00+00:00,0.00784,0.00898,95.00000000,92.00000000,100.00000000,0.20000000,0.22908163,14.54081633,14.11173469,14.11173469,TAKE_PROFIT
COST_020,ARB/USDT,2026-08-01T19:00:00+00:00,2026-08-02T19:00:00+00:00,0.0785,0.0816,81.00000000,81.00000000,100.00000000,0.20000000,0.20789809,3.94904459,3.54114650,3.54114650,24H
COST_020,ADA/USDT,2026-08-01T20:00:00+00:00,2026-08-02T20:00:00+00:00,0.1732,0.1874,72.00000000,59.00000000,100.00000000,0.20000000,0.21639723,8.19861432,7.78221709,7.78221709,24H
COST_020,EWYB/USDT,2026-08-02T03:00:00+00:00,2026-08-03T03:00:00+00:00,160.35,161.16,89.00000000,89.00000000,100.00000000,0.20000000,0.20101029,0.50514500,0.10413471,0.10413471,24H
COST_020,TUT/USDT,2026-08-02T20:00:00+00:00,2026-08-03T07:00:00+00:00,0.01766,0.01954,78.00000000,65.00000000,100.00000000,0.20000000,0.22129105,10.64552661,10.22423556,10.22423556,TAKE_PROFIT
COST_020,SKHYB/USDT,2026-08-02T17:00:00+00:00,2026-08-03T10:00:00+00:00,148.35,140.28,84.00000000,84.00000000,100.00000000,0.20000000,0.18912032,-5.43983822,-5.82895854,-5.82895854,STOP_LOSS
COST_020,MUB/USDT,2026-08-02T17:00:00+00:00,2026-08-03T10:00:00+00:00,849.37,805.57,81.00000000,80.00000000,100.00000000,0.20000000,0.18968647,-5.15676325,-5.54644972,-5.54644972,STOP_LOSS
COST_020,EUR/USDT,2026-08-02T11:00:00+00:00,2026-08-03T11:00:00+00:00,1.1541,1.1544,87.00000000,87.00000000,100.00000000,0.20000000,0.20005199,0.02599428,-0.37405771,-0.37405771,24H
COST_020,KORUB/USDT,2026-08-02T17:00:00+00:00,2026-08-03T11:00:00+00:00,15.66,14.58,81.00000000,81.00000000,100.00000000,0.20000000,0.18620690,-6.89655172,-7.28275862,-7.28275862,STOP_LOSS
COST_020,FIL/USDT,2026-08-02T13:00:00+00:00,2026-08-03T13:00:00+00:00,0.72,0.7249,84.00000000,84.00000000,100.00000000,0.20000000,0.20136111,0.68055556,0.27919444,0.27919444,24H
COST_020,BICO/USDT,2026-08-03T10:00:00+00:00,2026-08-03T13:00:00+00:00,0.01749,0.01962,90.00000000,92.00000000,100.00000000,0.20000000,0.22435678,12.17838765,11.75403087,11.75403087,TAKE_PROFIT
COST_020,ALLO/USDT,2026-08-03T11:00:00+00:00,2026-08-03T13:00:00+00:00,0.292,0.2598,89.00000000,89.00000000,100.00000000,0.20000000,0.17794521,-11.02739726,-11.40534247,-11.40534247,STOP_LOSS
COST_020,MUBARAK/USDT,2026-08-02T16:00:00+00:00,2026-08-03T16:00:00+00:00,0.01273,0.01266,92.00000000,97.00000000,100.00000000,0.20000000,0.19890024,-0.54988217,-0.94878240,-0.94878240,24H
COST_020,NEAR/USDT,2026-08-02T19:00:00+00:00,2026-08-03T19:00:00+00:00,1.707,1.742,84.00000000,84.00000000,100.00000000,0.20000000,0.20410076,2.05038079,1.64628002,1.64628002,24H
COST_020,USD1/USDT,2026-08-03T03:00:00+00:00,2026-08-04T03:00:00+00:00,1.00003,1.00004,84.00000000,84.00000000,100.00000000,0.20000000,0.20000200,0.00099997,-0.39900203,-0.39900203,24H
COST_020,HOME/USDT,2026-08-03T16:00:00+00:00,2026-08-04T03:00:00+00:00,0.00781,0.00728,95.00000000,100.00000000,100.00000000,0.20000000,0.18642766,-6.78617157,-7.17259923,-7.17259923,STOP_LOSS
COST_020,BMT/USDT,2026-08-03T07:00:00+00:00,2026-08-04T07:00:00+00:00,0.0119,0.01181,92.00000000,97.00000000,100.00000000,0.20000000,0.19848739,-0.75630252,-1.15478992,-1.15478992,24H
COST_020,HOME/USDT,2026-08-04T07:00:00+00:00,2026-08-04T08:00:00+00:00,0.00949,0.00878,87.00000000,84.00000000,100.00000000,0.20000000,0.18503688,-7.48155954,-7.86659642,-7.86659642,STOP_LOSS
COST_020,ENA/USDT,2026-08-03T10:00:00+00:00,2026-08-04T10:00:00+00:00,0.09,0.091,95.00000000,100.00000000,100.00000000,0.20000000,0.20222222,1.11111111,0.70888889,0.70888889,24H
COST_020,ADA/USDT,2026-08-03T11:00:00+00:00,2026-08-04T11:00:00+00:00,0.1865,0.1945,89.00000000,88.00000000,100.00000000,0.20000000,0.20857909,4.28954424,3.88096515,3.88096515,24H
COST_020,PEPE/USDT,2026-08-03T13:00:00+00:00,2026-08-04T13:00:00+00:00,2.91e-06,2.89e-06,95.00000000,100.00000000,100.00000000,0.20000000,0.19862543,-0.68728522,-1.08591065,-1.08591065,24H
COST_020,RARE/USDT,2026-08-03T13:00:00+00:00,2026-08-04T13:00:00+00:00,0.01207,0.01172,89.00000000,89.00000000,100.00000000,0.20000000,0.19420050,-2.89975145,-3.29395195,-3.29395195,24H
COST_020,BNB/USDT,2026-08-03T13:00:00+00:00,2026-08-04T13:00:00+00:00,588.21,589.18,87.00000000,87.00000000,100.00000000,0.20000000,0.20032981,0.16490709,-0.23542272,-0.23542272,24H
COST_020,BICO/USDT,2026-08-04T08:00:00+00:00,2026-08-04T16:00:00+00:00,0.01799,0.02055,89.00000000,80.00000000,100.00000000,0.20000000,0.22846026,14.23012785,13.80166759,13.80166759,TAKE_PROFIT
COST_020,PUMP/USDT,2026-08-03T19:00:00+00:00,2026-08-04T19:00:00+00:00,0.002184,0.002402,89.00000000,88.00000000,100.00000000,0.20000000,0.21996337,9.98168498,9.56172161,9.56172161,24H
COST_020,ACE/USDT,2026-08-04T10:00:00+00:00,2026-08-05T01:00:00+00:00,0.0671,0.0742,89.00000000,89.00000000,100.00000000,0.20000000,0.22116244,10.58122206,10.16005961,10.16005961,TAKE_PROFIT
COST_020,ARB/USDT,2026-08-04T03:00:00+00:00,2026-08-05T03:00:00+00:00,0.0831,0.0806,84.00000000,84.00000000,100.00000000,0.20000000,0.19398315,-3.00842359,-3.40240674,-3.40240674,24H
COST_020,DOT/USDT,2026-08-04T03:00:00+00:00,2026-08-05T03:00:00+00:00,0.84,0.846,82.00000000,86.00000000,100.00000000,0.20000000,0.20142857,0.71428571,0.31285714,0.31285714,24H
COST_020,BICO/USDT,2026-08-05T03:00:00+00:00,2026-08-05T05:00:00+00:00,0.0226,0.02718,84.00000000,76.00000000,100.00000000,0.20000000,0.24053097,20.26548673,19.82495575,19.82495575,TAKE_PROFIT
COST_020,KORUB/USDT,2026-08-05T01:00:00+00:00,2026-08-05T08:00:00+00:00,19.11,18.07,92.00000000,97.00000000,100.00000000,0.20000000,0.18911565,-5.44217687,-5.83129252,-5.83129252,STOP_LOSS
COST_020,BMT/USDT,2026-08-04T11:00:00+00:00,2026-08-05T11:00:00+00:00,0.0119,0.0124,90.00000000,95.00000000,100.00000000,0.20000000,0.20840336,4.20168067,3.79327731,3.79327731,24H
COST_020,EWYB/USDT,2026-08-04T13:00:00+00:00,2026-08-05T13:00:00+00:00,168.08,171.47,95.00000000,100.00000000,100.00000000,0.20000000,0.20403379,2.01689672,1.61286292,1.61286292,24H
COST_020,PORTAL/USDT,2026-08-04T13:00:00+00:00,2026-08-05T13:00:00+00:00,0.01059,0.01086,95.00000000,100.00000000,100.00000000,0.20000000,0.20509915,2.54957507,2.14447592,2.14447592,24H
COST_020,SNDKB/USDT,2026-08-04T13:00:00+00:00,2026-08-05T13:00:00+00:00,1383.52,1438.45,95.00000000,100.00000000,100.00000000,0.20000000,0.20794062,3.97030762,3.56236701,3.56236701,24H
COST_020,MUBARAK/USDT,2026-08-04T16:00:00+00:00,2026-08-05T16:00:00+00:00,0.01305,0.01317,95.00000000,100.00000000,100.00000000,0.20000000,0.20183908,0.91954023,0.51770115,0.51770115,24H
COST_020,CHIP/USDT,2026-08-04T19:00:00+00:00,2026-08-05T19:00:00+00:00,0.02539,0.02483,86.00000000,86.00000000,100.00000000,0.20000000,0.19558881,-2.20559275,-2.60118157,-2.60118157,24H
COST_020,SNXXB/USDT,2026-08-05T16:00:00+00:00,2026-08-05T19:00:00+00:00,12.64,11.41,95.00000000,100.00000000,100.00000000,0.20000000,0.18053797,-9.73101266,-10.11155063,-10.11155063,STOP_LOSS
COST_020,KORUB/USDT,2026-08-05T13:00:00+00:00,2026-08-05T21:00:00+00:00,19.25,18.09,95.00000000,100.00000000,100.00000000,0.20000000,0.18794805,-6.02597403,-6.41392208,-6.41392208,STOP_LOSS
COST_020,MUB/USDT,2026-08-05T13:00:00+00:00,2026-08-06T01:00:00+00:00,919,871.04,95.00000000,100.00000000,100.00000000,0.20000000,0.18956257,-5.21871600,-5.60827856,-5.60827856,STOP_LOSS
COST_020,ZEC/USDT,2026-08-05T03:00:00+00:00,2026-08-06T03:00:00+00:00,512.98,509.38,87.00000000,86.00000000,100.00000000,0.20000000,0.19859644,-0.70178175,-1.10037818,-1.10037818,24H
COST_020,HEMI/USDT,2026-08-05T05:00:00+00:00,2026-08-06T05:00:00+00:00,0.00482,0.005,95.00000000,100.00000000,100.00000000,0.20000000,0.20746888,3.73443983,3.32697095,3.32697095,24H
COST_020,MUBARAK/USDT,2026-08-05T21:00:00+00:00,2026-08-06T05:00:00+00:00,0.01397,0.01324,95.00000000,100.00000000,100.00000000,0.20000000,0.18954903,-5.22548318,-5.61503221,-5.61503221,STOP_LOSS
COST_020,BICO/USDT,2026-08-06T05:00:00+00:00,2026-08-06T06:00:00+00:00,0.02993,0.0283,89.00000000,80.00000000,100.00000000,0.20000000,0.18910792,-5.44604076,-5.83514868,-5.83514868,STOP_LOSS
COST_020,ADA/USDT,2026-08-05T08:00:00+00:00,2026-08-06T08:00:00+00:00,0.1939,0.1895,87.00000000,86.00000000,100.00000000,0.20000000,0.19546158,-2.26921093,-2.66467251,-2.66467251,24H
COST_020,EWYB/USDT,2026-08-05T13:00:00+00:00,2026-08-06T10:00:00+00:00,171.47,162.5,95.00000000,100.00000000,100.00000000,0.20000000,0.18953753,-5.23123578,-5.62077331,-5.62077331,STOP_LOSS
COST_020,EURI/USDT,2026-08-05T11:00:00+00:00,2026-08-06T11:00:00+00:00,1.1558,1.1549,87.00000000,87.00000000,100.00000000,0.20000000,0.19984426,-0.07786814,-0.47771241,-0.47771241,24H
COST_020,HOME/USDT,2026-08-06T08:00:00+00:00,2026-08-06T11:00:00+00:00,0.00933,0.01049,89.00000000,88.00000000,100.00000000,0.20000000,0.22486602,12.43301179,12.00814577,12.00814577,TAKE_PROFIT
COST_020,HOME/USDT,2026-08-06T11:00:00+00:00,2026-08-06T15:00:00+00:00,0.01049,0.00972,95.00000000,92.00000000,100.00000000,0.20000000,0.18531935,-7.34032412,-7.72564347,-7.72564347,STOP_LOSS
COST_020,PORTAL/USDT,2026-08-05T19:00:00+00:00,2026-08-06T16:00:00+00:00,0.01125,0.01264,95.00000000,100.00000000,100.00000000,0.20000000,0.22471111,12.35555556,11.93084444,11.93084444,TAKE_PROFIT
COST_020,MSTRB/USDT,2026-08-05T19:00:00+00:00,2026-08-06T19:00:00+00:00,98.4,96.84,89.00000000,88.00000000,100.00000000,0.20000000,0.19682927,-1.58536585,-1.98219512,-1.98219512,24H
COST_020,FDUSD/USDT,2026-08-06T01:00:00+00:00,2026-08-07T01:00:00+00:00,0.9982,0.9982,87.00000000,87.00000000,100.00000000,0.20000000,0.20000000,0.00000000,-0.40000000,-0.40000000,24H
COST_020,BMT/USDT,2026-08-06T03:00:00+00:00,2026-08-07T03:00:00+00:00,0.01246,0.01269,93.00000000,98.00000000,100.00000000,0.20000000,0.20369181,1.84590690,1.44221509,1.44221509,24H
COST_020,ONG/USDT,2026-08-06T05:00:00+00:00,2026-08-07T05:00:00+00:00,0.04253,0.04273,89.00000000,89.00000000,100.00000000,0.20000000,0.20094051,0.47025629,0.06931578,0.06931578,24H
COST_020,ENA/USDT,2026-08-06T06:00:00+00:00,2026-08-07T06:00:00+00:00,0.0925,0.093,89.00000000,88.00000000,100.00000000,0.20000000,0.20108108,0.54054054,0.13945946,0.13945946,24H
COST_020,TUT/USDT,2026-08-07T03:00:00+00:00,2026-08-07T06:00:00+00:00,0.02763,0.03044,95.00000000,100.00000000,100.00000000,0.20000000,0.22034021,10.17010496,9.74976475,9.74976475,TAKE_PROFIT
COST_020,ACE/USDT,2026-08-07T06:00:00+00:00,2026-08-07T07:00:00+00:00,0.1362,0.1578,89.00000000,80.00000000,100.00000000,0.20000000,0.23171806,15.85903084,15.42731278,15.42731278,TAKE_PROFIT
COST_020,GPS/USDT,2026-08-06T10:00:00+00:00,2026-08-07T10:00:00+00:00,0.0095,0.00956,90.00000000,95.00000000,100.00000000,0.20000000,0.20126316,0.63157895,0.23031579,0.23031579,24H
COST_020,EDEN/USDT,2026-08-06T11:00:00+00:00,2026-08-07T11:00:00+00:00,0.0395,0.04135,89.00000000,89.00000000,100.00000000,0.20000000,0.20936709,4.68354430,4.27417722,4.27417722,24H
COST_020,CRCLB/USDT,2026-08-06T15:00:00+00:00,2026-08-07T15:00:00+00:00,65.41,66.78,95.00000000,100.00000000,100.00000000,0.20000000,0.20418896,2.09448097,1.69029200,1.69029200,24H
COST_020,ADA/USDT,2026-08-06T16:00:00+00:00,2026-08-07T16:00:00+00:00,0.2068,0.1993,90.00000000,100.00000000,100.00000000,0.20000000,0.19274662,-3.62669246,-4.01943907,-4.01943907,24H
COST_020,PUMP/USDT,2026-08-06T19:00:00+00:00,2026-08-07T19:00:00+00:00,0.00238,0.002347,84.00000000,84.00000000,100.00000000,0.20000000,0.19722689,-1.38655462,-1.78378151,-1.78378151,24H
COST_020,HEMI/USDT,2026-08-07T10:00:00+00:00,2026-08-07T21:00:00+00:00,0.00541,0.00512,92.00000000,97.00000000,100.00000000,0.20000000,0.18927911,-5.36044362,-5.74972274,-5.74972274,STOP_LOSS
COST_020,OPN/USDT,2026-08-07T01:00:00+00:00,2026-08-08T01:00:00+00:00,0.0532,0.0521,81.00000000,80.00000000,100.00000000,0.20000000,0.19586466,-2.06766917,-2.46353383,-2.46353383,24H
COST_020,TUT/USDT,2026-08-07T19:00:00+00:00,2026-08-08T03:00:00+00:00,0.03734,0.04283,89.00000000,80.00000000,100.00000000,0.20000000,0.22940546,14.70273166,14.27332619,14.27332619,TAKE_PROFIT
COST_020,RARE/USDT,2026-08-07T05:00:00+00:00,2026-08-08T05:00:00+00:00,0.0127,0.01232,90.00000000,100.00000000,100.00000000,0.20000000,0.19401575,-2.99212598,-3.38614173,-3.38614173,24H
COST_020,PAXG/USDT,2026-08-07T06:00:00+00:00,2026-08-08T06:00:00+00:00,4291.5,4337.99,90.00000000,95.00000000,100.00000000,0.20000000,0.20216661,1.08330421,0.68113760,0.68113760,24H
COST_020,BMT/USDT,2026-08-07T07:00:00+00:00,2026-08-08T07:00:00+00:00,0.01297,0.01277,92.00000000,97.00000000,100.00000000,0.20000000,0.19691596,-1.54202005,-1.93893601,-1.93893601,24H
COST_020,MSTRB/USDT,2026-08-07T11:00:00+00:00,2026-08-08T11:00:00+00:00,98.72,101.15,93.00000000,98.00000000,100.00000000,0.20000000,0.20492301,2.46150729,2.05658428,2.05658428,24H
COST_020,LTC/USDT,2026-08-07T15:00:00+00:00,2026-08-08T15:00:00+00:00,45.96,45.88,90.00000000,95.00000000,100.00000000,0.20000000,0.19965187,-0.17406440,-0.57371628,-0.57371628,24H
COST_020,GPS/USDT,2026-08-07T16:00:00+00:00,2026-08-08T16:00:00+00:00,0.00987,0.00982,90.00000000,95.00000000,100.00000000,0.20000000,0.19898683,-0.50658561,-0.90557244,-0.90557244,24H
COST_020,ACE/USDT,2026-08-08T15:00:00+00:00,2026-08-08T16:00:00+00:00,0.1407,0.1584,95.00000000,92.00000000,100.00000000,0.20000000,0.22515991,12.57995736,12.15479744,12.15479744,TAKE_PROFIT
COST_020,BCH/USDT,2026-08-07T21:00:00+00:00,2026-08-08T21:00:00+00:00,215.8,216.4,81.00000000,80.00000000,100.00000000,0.20000000,0.20055607,0.27803522,-0.12252085,-0.12252085,24H
COST_020,BICO/USDT,2026-08-08T03:00:00+00:00,2026-08-09T00:00:00+00:00,0.05893,0.06662,89.00000000,80.00000000,100.00000000,0.20000000,0.22609876,13.04938062,12.62328186,12.62328186,TAKE_PROFIT
COST_020,ALPINE/USDT,2026-08-08T01:00:00+00:00,2026-08-09T01:00:00+00:00,0.321,0.334,87.00000000,87.00000000,100.00000000,0.20000000,0.20809969,4.04984424,3.64174455,3.64174455,24H
COST_020,MUBARAK/USDT,2026-08-08T11:00:00+00:00,2026-08-09T04:00:00+00:00,0.01469,0.01668,93.00000000,98.00000000,100.00000000,0.20000000,0.22709326,13.54663036,13.11953710,13.11953710,TAKE_PROFIT
COST_020,OPN/USDT,2026-08-08T05:00:00+00:00,2026-08-09T05:00:00+00:00,0.0553,0.0543,90.00000000,100.00000000,100.00000000,0.20000000,0.19638336,-1.80831826,-2.20470163,-2.20470163,24H
COST_020,TAO/USDT,2026-08-08T06:00:00+00:00,2026-08-09T06:00:00+00:00,197.4,205.4,90.00000000,95.00000000,100.00000000,0.20000000,0.20810537,4.05268490,3.64457953,3.64457953,24H
COST_020,RARE/USDT,2026-08-08T07:00:00+00:00,2026-08-09T07:00:00+00:00,0.01242,0.01339,93.00000000,98.00000000,100.00000000,0.20000000,0.21561997,7.80998390,7.39436393,7.39436393,24H
COST_020,BICO/USDT,2026-08-09T00:00:00+00:00,2026-08-09T08:00:00+00:00,0.06662,0.05181,92.00000000,89.00000000,100.00000000,0.20000000,0.15553888,-22.23056139,-22.58610027,-22.58610027,STOP_LOSS
COST_020,BMT/USDT,2026-08-09T08:00:00+00:00,2026-08-09T09:00:00+00:00,0.01948,0.02397,90.00000000,92.00000000,100.00000000,0.20000000,0.24609856,23.04928131,22.60318275,22.60318275,TAKE_PROFIT
COST_020,HOME/USDT,2026-08-09T05:00:00+00:00,2026-08-09T14:00:00+00:00,0.00961,0.00912,92.00000000,97.00000000,100.00000000,0.20000000,0.18980229,-5.09885536,-5.48865765,-5.48865765,STOP_LOSS
COST_020,MUBARAK/USDT,2026-08-09T09:00:00+00:00,2026-08-09T15:00:00+00:00,0.01897,0.02193,95.00000000,92.00000000,100.00000000,0.20000000,0.23120717,15.60358461,15.17237744,15.17237744,TAKE_PROFIT
COST_020,BEL/USDT,2026-08-08T16:00:00+00:00,2026-08-09T16:00:00+00:00,0.1078,0.1117,90.00000000,95.00000000,100.00000000,0.20000000,0.20723562,3.61781076,3.21057514,3.21057514,24H
COST_020,ONG/USDT,2026-08-08T16:00:00+00:00,2026-08-09T16:00:00+00:00,0.04311,0.04355,90.00000000,95.00000000,100.00000000,0.20000000,0.20204129,1.02064486,0.61860357,0.61860357,24H
COST_020,PORTAL/USDT,2026-08-08T21:00:00+00:00,2026-08-09T21:00:00+00:00,0.01177,0.01148,90.00000000,100.00000000,100.00000000,0.20000000,0.19507222,-2.46389125,-2.85896347,-2.85896347,24H
COST_020,PLUME/USDT,2026-08-09T01:00:00+00:00,2026-08-10T01:00:00+00:00,0.01205,0.01221,85.00000000,87.00000000,100.00000000,0.20000000,0.20265560,1.32780083,0.92514523,0.92514523,24H
COST_020,EURI/USDT,2026-08-09T04:00:00+00:00,2026-08-10T04:00:00+00:00,1.1559,1.1554,84.00000000,84.00000000,100.00000000,0.20000000,0.19991349,-0.04325634,-0.44316982,-0.44316982,24H
COST_020,TREE/USDT,2026-08-09T06:00:00+00:00,2026-08-10T06:00:00+00:00,0.0379,0.0375,93.00000000,98.00000000,100.00000000,0.20000000,0.19788918,-1.05540897,-1.45329815,-1.45329815,24H
COST_020,HEMI/USDT,2026-08-09T07:00:00+00:00,2026-08-10T07:00:00+00:00,0.00557,0.00549,95.00000000,100.00000000,100.00000000,0.20000000,0.19712747,-1.43626571,-1.83339318,-1.83339318,24H
COST_020,BEL/USDT,2026-08-09T21:00:00+00:00,2026-08-10T09:00:00+00:00,0.113,0.1069,87.00000000,87.00000000,100.00000000,0.20000000,0.18920354,-5.39823009,-5.78743363,-5.78743363,STOP_LOSS
COST_020,KORUB/USDT,2026-08-09T15:00:00+00:00,2026-08-10T12:00:00+00:00,17.41,16.21,90.00000000,95.00000000,100.00000000,0.20000000,0.18621482,-6.89259047,-7.27880528,-7.27880528,STOP_LOSS
COST_020,ALPINE/USDT,2026-08-09T14:00:00+00:00,2026-08-10T14:00:00+00:00,0.337,0.33,87.00000000,87.00000000,100.00000000,0.20000000,0.19584570,-2.07715134,-2.47299703,-2.47299703,24H
COST_020,LINK/USDT,2026-08-09T15:00:00+00:00,2026-08-10T15:00:00+00:00,8.354,8.303,90.00000000,95.00000000,100.00000000,0.20000000,0.19877903,-0.61048599,-1.00926502,-1.00926502,24H
COST_020,HOME/USDT,2026-08-10T06:00:00+00:00,2026-08-10T15:00:00+00:00,0.00961,0.01189,92.00000000,97.00000000,100.00000000,0.20000000,0.24745057,23.72528616,23.27783559,23.27783559,TAKE_PROFIT
COST_020,CRCLB/USDT,2026-08-09T16:00:00+00:00,2026-08-10T16:00:00+00:00,68.32,65.86,90.00000000,95.00000000,100.00000000,0.20000000,0.19279859,-3.60070258,-3.99350117,-3.99350117,24H
COST_020,TRUMP/USDT,2026-08-09T16:00:00+00:00,2026-08-10T16:00:00+00:00,1.521,1.486,90.00000000,100.00000000,100.00000000,0.20000000,0.19539776,-2.30111769,-2.69651545,-2.69651545,24H
COST_020,RE/USDT,2026-08-10T12:00:00+00:00,2026-08-10T19:00:00+00:00,0.4334,0.409,89.00000000,89.00000000,100.00000000,0.20000000,0.18874019,-5.62990309,-6.01864329,-6.01864329,STOP_LOSS
COST_020,PLUME/USDT,2026-08-10T01:00:00+00:00,2026-08-11T01:00:00+00:00,0.01221,0.01225,93.00000000,98.00000000,100.00000000,0.20000000,0.20065520,0.32760033,-0.07305487,-0.07305487,24H
COST_020,MUBARAK/USDT,2026-08-10T15:00:00+00:00,2026-08-11T01:00:00+00:00,0.02176,0.01974,89.00000000,80.00000000,100.00000000,0.20000000,0.18143382,-9.28308824,-9.66452206,-9.66452206,STOP_LOSS
COST_020,ALLO/USDT,2026-08-10T15:00:00+00:00,2026-08-11T01:00:00+00:00,0.3233,0.3049,85.00000000,87.00000000,100.00000000,0.20000000,0.18861738,-5.69130838,-6.07992577,-6.07992577,STOP_LOSS
COST_020,EDEN/USDT,2026-08-10T04:00:00+00:00,2026-08-11T04:00:00+00:00,0.04497,0.04374,92.00000000,97.00000000,100.00000000,0.20000000,0.19452969,-2.73515677,-3.12968646,-3.12968646,24H
COST_020,XPL/USDT,2026-08-10T07:00:00+00:00,2026-08-11T07:00:00+00:00,0.08032,0.07935,95.00000000,100.00000000,100.00000000,0.20000000,0.19758466,-1.20766932,-1.60525398,-1.60525398,24H
COST_020,PORTAL/USDT,2026-08-10T14:00:00+00:00,2026-08-11T14:00:00+00:00,0.01178,0.01116,95.00000000,100.00000000,100.00000000,0.20000000,0.18947368,-5.26315789,-5.65263158,-5.65263158,STOP_LOSS
COST_020,XAUT/USDT,2026-08-10T15:00:00+00:00,2026-08-11T15:00:00+00:00,4338.9,4366.66,84.00000000,83.00000000,100.00000000,0.20000000,0.20127959,0.63979350,0.23851391,0.23851391,24H
COST_020,PAXG/USDT,2026-08-10T16:00:00+00:00,2026-08-11T16:00:00+00:00,4348.17,4380.62,87.00000000,87.00000000,100.00000000,0.20000000,0.20149258,0.74629097,0.34479839,0.34479839,24H
COST_020,PUMP/USDT,2026-08-10T16:00:00+00:00,2026-08-11T16:00:00+00:00,0.002727,0.002695,87.00000000,86.00000000,100.00000000,0.20000000,0.19765310,-1.17345068,-1.57110378,-1.57110378,24H
COST_020,LINK/USDT,2026-08-11T01:00:00+00:00,2026-08-12T01:00:00+00:00,8.428,8.787,93.00000000,98.00000000,100.00000000,0.20000000,0.20851922,4.25961082,3.85109160,3.85109160,24H
COST_020,ENA/USDT,2026-08-11T01:00:00+00:00,2026-08-12T01:00:00+00:00,0.0907,0.0902,85.00000000,87.00000000,100.00000000,0.20000000,0.19889746,-0.55126792,-0.95016538,-0.95016538,24H
COST_020,KORUB/USDT,2026-08-11T01:00:00+00:00,2026-08-12T01:00:00+00:00,17.06,18.57,85.00000000,87.00000000,100.00000000,0.20000000,0.21770223,8.85111372,8.43341149,8.43341149,24H
COST_020,TRUMP/USDT,2026-08-11T04:00:00+00:00,2026-08-12T04:00:00+00:00,1.53,1.487,92.00000000,97.00000000,100.00000000,0.20000000,0.19437908,-2.81045752,-3.20483660,-3.20483660,24H
COST_020,GIGGLE/USDT,2026-08-11T15:00:00+00:00,2026-08-12T04:00:00+00:00,37.47,35.43,95.00000000,100.00000000,100.00000000,0.20000000,0.18911129,-5.44435548,-5.83346677,-5.83346677,STOP_LOSS
COST_020,TRX/USDT,2026-08-11T07:00:00+00:00,2026-08-12T07:00:00+00:00,0.3321,0.3362,87.00000000,87.00000000,100.00000000,0.20000000,0.20246914,1.23456790,0.83209877,0.83209877,24H
COST_020,EWYB/USDT,2026-08-11T14:00:00+00:00,2026-08-12T14:00:00+00:00,168.51,174.52,88.00000000,93.00000000,100.00000000,0.20000000,0.20713311,3.56655391,3.15942081,3.15942081,24H
COST_020,CRCLB/USDT,2026-08-11T16:00:00+00:00,2026-08-12T16:00:00+00:00,71.09,70.03,84.00000000,88.00000000,100.00000000,0.20000000,0.19701786,-1.49106766,-1.88808553,-1.88808553,24H
COST_020,DOGE/USDT,2026-08-11T16:00:00+00:00,2026-08-12T16:00:00+00:00,0.07052,0.07087,80.00000000,72.00000000,100.00000000,0.20000000,0.20099263,0.49631310,0.09532048,0.09532048,24H
COST_020,PLUME/USDT,2026-08-12T07:00:00+00:00,2026-08-12T17:00:00+00:00,0.01243,0.01172,92.00000000,97.00000000,100.00000000,0.20000000,0.18857603,-5.71198713,-6.10056315,-6.10056315,STOP_LOSS
COST_020,KORUB/USDT,2026-08-12T01:00:00+00:00,2026-08-12T23:00:00+00:00,18.57,20.6,90.00000000,100.00000000,100.00000000,0.20000000,0.22186322,10.93161012,10.50974690,10.50974690,TAKE_PROFIT
COST_020,WLD/USDT,2026-08-12T01:00:00+00:00,2026-08-13T01:00:00+00:00,0.3406,0.3298,90.00000000,95.00000000,100.00000000,0.20000000,0.19365825,-3.17087493,-3.56453318,-3.56453318,24H
COST_020,RE/USDT,2026-08-12T01:00:00+00:00,2026-08-13T01:00:00+00:00,0.4246,0.4314,87.00000000,86.00000000,100.00000000,0.20000000,0.20320301,1.60150730,1.19830429,1.19830429,24H
COST_020,GRAM/USDT,2026-08-12T04:00:00+00:00,2026-08-13T04:00:00+00:00,1.361,1.338,81.00000000,80.00000000,100.00000000,0.20000000,0.19662013,-1.68993387,-2.08655400,-2.08655400,24H
COST_020,NEAR/USDT,2026-08-12T04:00:00+00:00,2026-08-13T04:00:00+00:00,1.659,1.668,78.00000000,77.00000000,100.00000000,0.20000000,0.20108499,0.54249548,0.14141049,0.14141049,24H
COST_020,HOME/USDT,2026-08-12T23:00:00+00:00,2026-08-13T09:00:00+00:00,0.00944,0.01054,85.00000000,87.00000000,100.00000000,0.20000000,0.22330508,11.65254237,11.22923729,11.22923729,TAKE_PROFIT
COST_020,SPCXB/USDT,2026-08-12T14:00:00+00:00,2026-08-13T14:00:00+00:00,138.32,140.64,95.00000000,100.00000000,100.00000000,0.20000000,0.20335454,1.67727010,1.27391556,1.27391556,24H
COST_020,EDEN/USDT,2026-08-12T16:00:00+00:00,2026-08-13T15:00:00+00:00,0.04516,0.04974,93.00000000,98.00000000,100.00000000,0.20000000,0.22028344,10.14171833,9.72143490,9.72143490,TAKE_PROFIT
COST_020,USDE/USDT,2026-08-12T16:00:00+00:00,2026-08-13T16:00:00+00:00,1.0008,1.0007,87.00000000,87.00000000,100.00000000,0.20000000,0.19998002,-0.00999201,-0.40997202,-0.40997202,24H
COST_020,RLUSD/USDT,2026-08-12T17:00:00+00:00,2026-08-13T17:00:00+00:00,1.0011,1.001,84.00000000,84.00000000,100.00000000,0.20000000,0.19998002,-0.00998901,-0.40996903,-0.40996903,24H
COST_020,EDEN/USDT,2026-08-13T15:00:00+00:00,2026-08-13T18:00:00+00:00,0.04974,0.05933,90.00000000,100.00000000,100.00000000,0.20000000,0.23856051,19.28025734,18.84169682,18.84169682,TAKE_PROFIT
COST_020,RE/USDT,2026-08-13T01:00:00+00:00,2026-08-14T01:00:00+00:00,0.4314,0.4563,90.00000000,95.00000000,100.00000000,0.20000000,0.21154381,5.77190542,5.36036161,5.36036161,24H
COST_020,PUMP/USDT,2026-08-13T01:00:00+00:00,2026-08-14T01:00:00+00:00,0.002738,0.002982,84.00000000,84.00000000,100.00000000,0.20000000,0.21782323,8.91161432,8.49379109,8.49379109,24H
COST_020,ACE/USDT,2026-08-13T16:00:00+00:00,2026-08-14T01:00:00+00:00,0.1154,0.1349,95.00000000,100.00000000,100.00000000,0.20000000,0.23379549,16.89774697,16.46395147,16.46395147,TAKE_PROFIT
COST_020,AVAX/USDT,2026-08-13T04:00:00+00:00,2026-08-14T04:00:00+00:00,6.505,6.433,86.00000000,86.00000000,100.00000000,0.20000000,0.19778632,-1.10684089,-1.50462721,-1.50462721,24H
COST_020,LINK/USDT,2026-08-13T04:00:00+00:00,2026-08-14T04:00:00+00:00,8.756,8.795,82.00000000,82.00000000,100.00000000,0.20000000,0.20089082,0.44540886,0.04451804,0.04451804,24H
COST_020,WLD/USDT,2026-08-13T09:00:00+00:00,2026-08-14T09:00:00+00:00,0.3466,0.3357,95.00000000,100.00000000,100.00000000,0.20000000,0.19371033,-3.14483555,-3.53854587,-3.53854587,24H
COST_020,DEXE/USDT,2026-08-13T18:00:00+00:00,2026-08-14T09:00:00+00:00,2.06,1.937,79.00000000,76.00000000,100.00000000,0.20000000,0.18805825,-5.97087379,-6.35893204,-6.35893204,STOP_LOSS
COST_020,HOME/USDT,2026-08-14T04:00:00+00:00,2026-08-14T12:00:00+00:00,0.01132,0.0104,84.00000000,84.00000000,100.00000000,0.20000000,0.18374558,-8.12720848,-8.51095406,-8.51095406,STOP_LOSS
COST_020,CRCLB/USDT,2026-08-13T14:00:00+00:00,2026-08-14T14:00:00+00:00,71.94,71.49,93.00000000,98.00000000,100.00000000,0.20000000,0.19874896,-0.62552127,-1.02427023,-1.02427023,24H
COST_020,PUMP/USDT,2026-08-14T01:00:00+00:00,2026-08-14T14:00:00+00:00,0.002982,0.002803,89.00000000,88.00000000,100.00000000,0.20000000,0.18799463,-6.00268276,-6.39067740,-6.39067740,STOP_LOSS
COST_020,TAO/USDT,2026-08-14T01:00:00+00:00,2026-08-14T14:00:00+00:00,204.9,193.9,87.00000000,87.00000000,100.00000000,0.20000000,0.18926306,-5.36847243,-5.75773548,-5.75773548,STOP_LOSS
COST_020,HEI/USDT,2026-08-14T14:00:00+00:00,2026-08-14T15:00:00+00:00,0.153,0.1446,84.00000000,89.00000000,100.00000000,0.20000000,0.18901961,-5.49019608,-5.87921569,-5.87921569,STOP_LOSS
COST_020,RE/USDT,2026-08-14T01:00:00+00:00,2026-08-14T16:00:00+00:00,0.4563,0.4274,84.00000000,84.00000000,100.00000000,0.20000000,0.18733290,-6.33355249,-6.72088538,-6.72088538,STOP_LOSS
COST_020,PLUME/USDT,2026-08-13T17:00:00+00:00,2026-08-14T17:00:00+00:00,0.01251,0.01249,90.00000000,100.00000000,100.00000000,0.20000000,0.19968026,-0.15987210,-0.55955236,-0.55955236,24H
COST_020,RLUSD/USDT,2026-08-13T18:00:00+00:00,2026-08-14T18:00:00+00:00,1.0011,1.0012,87.00000000,87.00000000,100.00000000,0.20000000,0.20001998,0.00998901,-0.39003097,-0.39003097,24H
COST_020,EDEN/USDT,2026-08-14T18:00:00+00:00,2026-08-15T00:00:00+00:00,0.06159,0.05846,84.00000000,76.00000000,100.00000000,0.20000000,0.18983601,-5.08199383,-5.47182984,-5.47182984,STOP_LOSS
COST_020,USDC/USDT,2026-08-14T04:00:00+00:00,2026-08-15T04:00:00+00:00,1.00088,1.00088,87.00000000,87.00000000,100.00000000,0.20000000,0.20000000,0.00000000,-0.40000000,-0.40000000,24H
COST_020,KORUB/USDT,2026-08-14T09:00:00+00:00,2026-08-15T09:00:00+00:00,22.26,21.65,89.00000000,88.00000000,100.00000000,0.20000000,0.19451932,-2.74034142,-3.13486074,-3.13486074,24H
COST_020,SOXLB/USDT,2026-08-14T09:00:00+00:00,2026-08-15T09:00:00+00:00,146.06,143.94,87.00000000,86.00000000,100.00000000,0.20000000,0.19709708,-1.45145830,-1.84855539,-1.84855539,24H
COST_020,EWYB/USDT,2026-08-14T12:00:00+00:00,2026-08-15T12:00:00+00:00,182.87,179.72,88.00000000,93.00000000,100.00000000,0.20000000,0.19655493,-1.72253513,-2.11909006,-2.11909006,24H
COST_020,WLD/USDT,2026-08-14T14:00:00+00:00,2026-08-15T14:00:00+00:00,0.3392,0.3446,87.00000000,86.00000000,100.00000000,0.20000000,0.20318396,1.59198113,1.18879717,1.18879717,24H
COST_020,MUB/USDT,2026-08-14T14:00:00+00:00,2026-08-15T14:00:00+00:00,969.36,976.11,83.00000000,75.00000000,100.00000000,0.20000000,0.20139267,0.69633573,0.29494306,0.29494306,24H
COST_020,HEMI/USDT,2026-08-15T09:00:00+00:00,2026-08-15T14:00:00+00:00,0.00533,0.00661,89.00000000,89.00000000,100.00000000,0.20000000,0.24803002,24.01500938,23.56697936,23.56697936,TAKE_PROFIT
COST_020,LINK/USDT,2026-08-14T16:00:00+00:00,2026-08-15T16:00:00+00:00,8.877,9.614,84.00000000,84.00000000,100.00000000,0.20000000,0.21660471,8.30235440,7.88574969,7.88574969,24H
COST_020,ONG/USDT,2026-08-14T17:00:00+00:00,2026-08-15T17:00:00+00:00,0.04509,0.04616,80.00000000,72.00000000,100.00000000,0.20000000,0.20474606,2.37303171,1.96828565,1.96828565,24H
COST_020,RED/USDT,2026-08-15T16:00:00+00:00,2026-08-15T21:00:00+00:00,0.0906,0.1067,87.00000000,92.00000000,100.00000000,0.20000000,0.23554084,17.77041943,17.33487859,17.33487859,TAKE_PROFIT
COST_020,CHIP/USDT,2026-08-15T14:00:00+00:00,2026-08-15T22:00:00+00:00,0.02506,0.02773,84.00000000,89.00000000,100.00000000,0.20000000,0.22130886,10.65442937,10.23312051,10.23312051,TAKE_PROFIT
COST_020,RE/USDT,2026-08-15T00:00:00+00:00,2026-08-16T00:00:00+00:00,0.4576,0.4645,92.00000000,97.00000000,100.00000000,0.20000000,0.20301573,1.50786713,1.10485140,1.10485140,24H
COST_020,HEMI/USDT,2026-08-15T14:00:00+00:00,2026-08-16T02:00:00+00:00,0.00661,0.00742,90.00000000,92.00000000,100.00000000,0.20000000,0.22450832,12.25416036,11.82965204,11.82965204,TAKE_PROFIT
COST_020,PLUME/USDT,2026-08-15T04:00:00+00:00,2026-08-16T04:00:00+00:00,0.01319,0.01304,89.00000000,88.00000000,100.00000000,0.20000000,0.19772555,-1.13722517,-1.53495072,-1.53495072,24H
COST_020,U/USDT,2026-08-15T09:00:00+00:00,2026-08-16T09:00:00+00:00,1.0005,1.0004,84.00000000,84.00000000,100.00000000,0.20000000,0.19998001,-0.00999500,-0.40997501,-0.40997501,24H
COST_020,OPN/USDT,2026-08-15T12:00:00+00:00,2026-08-16T12:00:00+00:00,0.0495,0.0519,84.00000000,84.00000000,100.00000000,0.20000000,0.20969697,4.84848485,4.43878788,4.43878788,24H
COST_020,GPS/USDT,2026-08-16T02:00:00+00:00,2026-08-16T13:00:00+00:00,0.01063,0.01004,90.00000000,95.00000000,100.00000000,0.20000000,0.18889934,-5.55032926,-5.93922860,-5.93922860,STOP_LOSS
COST_020,USDC/USDT,2026-08-15T14:00:00+00:00,2026-08-16T14:00:00+00:00,1.00093,1.00096,84.00000000,84.00000000,100.00000000,0.20000000,0.20000599,0.00299721,-0.39700878,-0.39700878,24H
COST_020,WLD/USDT,2026-08-15T16:00:00+00:00,2026-08-16T16:00:00+00:00,0.3483,0.3694,93.00000000,98.00000000,100.00000000,0.20000000,0.21211599,6.05799598,5.64587999,5.64587999,24H
COST_020,EURI/USDT,2026-08-15T17:00:00+00:00,2026-08-16T17:00:00+00:00,1.1573,1.157,81.00000000,80.00000000,100.00000000,0.20000000,0.19994816,-0.02592241,-0.42587056,-0.42587056,24H
COST_020,BEL/USDT,2026-08-16T09:00:00+00:00,2026-08-16T18:00:00+00:00,0.1072,0.1222,93.00000000,98.00000000,100.00000000,0.20000000,0.22798507,13.99253731,13.56455224,13.56455224,TAKE_PROFIT
COST_020,EWYB/USDT,2026-08-15T21:00:00+00:00,2026-08-16T21:00:00+00:00,180.21,180.77,87.00000000,87.00000000,100.00000000,0.20000000,0.20062150,0.31074857,-0.08987293,-0.08987293,24H
COST_020,ONG/USDT,2026-08-15T22:00:00+00:00,2026-08-16T22:00:00+00:00,0.05037,0.05363,95.00000000,100.00000000,100.00000000,0.20000000,0.21294421,6.47210641,6.05916220,6.05916220,24H
COST_020,WLFI/USDT,2026-08-16T00:00:00+00:00,2026-08-17T00:00:00+00:00,0.0578,0.0598,92.00000000,97.00000000,100.00000000,0.20000000,0.20692042,3.46020761,3.05328720,3.05328720,24H
COST_020,ONG/USDT,2026-08-16T22:00:00+00:00,2026-08-17T01:00:00+00:00,0.05363,0.06082,80.00000000,72.00000000,100.00000000,0.20000000,0.22681335,13.40667537,12.97986202,12.97986202,TAKE_PROFIT
COST_020,GPS/USDT,2026-08-17T01:00:00+00:00,2026-08-17T03:00:00+00:00,0.01195,0.01394,95.00000000,100.00000000,100.00000000,0.20000000,0.23330544,16.65271967,16.21941423,16.21941423,TAKE_PROFIT
COST_020,XPL/USDT,2026-08-16T04:00:00+00:00,2026-08-17T04:00:00+00:00,0.07784,0.07604,89.00000000,89.00000000,100.00000000,0.20000000,0.19537513,-2.31243577,-2.70781089,-2.70781089,24H
COST_020,PLUME/USDT,2026-08-16T13:00:00+00:00,2026-08-17T11:00:00+00:00,0.01317,0.01251,87.00000000,87.00000000,100.00000000,0.20000000,0.18997722,-5.01138952,-5.40136674,-5.40136674,STOP_LOSS
COST_020,RLUSD/USDT,2026-08-16T12:00:00+00:00,2026-08-17T12:00:00+00:00,1.0012,1.0012,84.00000000,84.00000000,100.00000000,0.20000000,0.20000000,0.00000000,-0.40000000,-0.40000000,24H
COST_020,SNXXB/USDT,2026-08-16T18:00:00+00:00,2026-08-17T13:00:00+00:00,16.67,18.97,93.00000000,98.00000000,100.00000000,0.20000000,0.22759448,13.79724055,13.36964607,13.36964607,TAKE_PROFIT
COST_020,EUR/USDT,2026-08-16T14:00:00+00:00,2026-08-17T14:00:00+00:00,1.1575,1.16,87.00000000,87.00000000,100.00000000,0.20000000,0.20043197,0.21598272,-0.18444924,-0.18444924,24H
COST_020,KORUB/USDT,2026-08-17T03:00:00+00:00,2026-08-17T14:00:00+00:00,22.59,25.04,90.00000000,100.00000000,100.00000000,0.20000000,0.22169101,10.84550686,10.42381585,10.42381585,TAKE_PROFIT
COST_020,OPN/USDT,2026-08-16T16:00:00+00:00,2026-08-17T16:00:00+00:00,0.0526,0.0514,87.00000000,86.00000000,100.00000000,0.20000000,0.19543726,-2.28136882,-2.67680608,-2.67680608,24H
COST_020,WLD/USDT,2026-08-16T17:00:00+00:00,2026-08-17T17:00:00+00:00,0.3621,0.3549,95.00000000,100.00000000,100.00000000,0.20000000,0.19602320,-1.98840099,-2.38442419,-2.38442419,24H
COST_020,RARE/USDT,2026-08-16T21:00:00+00:00,2026-08-17T21:00:00+00:00,0.01217,0.01231,87.00000000,87.00000000,100.00000000,0.20000000,0.20230074,1.15036976,0.74806902,0.74806902,24H
COST_020,MUBARAK/USDT,2026-08-17T00:00:00+00:00,2026-08-17T21:00:00+00:00,0.0175,0.01661,92.00000000,97.00000000,100.00000000,0.20000000,0.18982857,-5.08571429,-5.47554286,-5.47554286,STOP_LOSS
COST_020,SOXLB/USDT,2026-08-17T14:00:00+00:00,2026-08-18T02:00:00+00:00,155.39,145.69,90.00000000,100.00000000,100.00000000,0.20000000,0.18751528,-6.24235794,-6.62987322,-6.62987322,STOP_LOSS
COST_020,BMT/USDT,2026-08-17T17:00:00+00:00,2026-08-18T03:00:00+00:00,0.01665,0.01562,89.00000000,89.00000000,100.00000000,0.20000000,0.18762763,-6.18618619,-6.57381381,-6.57381381,STOP_LOSS
COST_020,ZEC/USDT,2026-08-17T04:00:00+00:00,2026-08-18T04:00:00+00:00,492,510.08,87.00000000,87.00000000,100.00000000,0.20000000,0.20734959,3.67479675,3.26744715,3.26744715,24H
COST_020,GPS/USDT,2026-08-17T12:00:00+00:00,2026-08-18T05:00:00+00:00,0.01554,0.0172,92.00000000,89.00000000,100.00000000,0.20000000,0.22136422,10.68211068,10.26074646,10.26074646,TAKE_PROFIT
COST_020,EDEN/USDT,2026-08-18T02:00:00+00:00,2026-08-18T07:00:00+00:00,0.05028,0.05792,89.00000000,88.00000000,100.00000000,0.20000000,0.23038982,15.19490851,14.76451870,14.76451870,TAKE_PROFIT
COST_020,OPN/USDT,2026-08-17T21:00:00+00:00,2026-08-18T09:00:00+00:00,0.053,0.0587,95.00000000,100.00000000,100.00000000,0.20000000,0.22150943,10.75471698,10.33320755,10.33320755,TAKE_PROFIT
COST_020,LINK/USDT,2026-08-17T11:00:00+00:00,2026-08-18T11:00:00+00:00,9.516,9.445,87.00000000,86.00000000,100.00000000,0.20000000,0.19850778,-0.74611181,-1.14461959,-1.14461959,24H
COST_020,ACE/USDT,2026-08-18T07:00:00+00:00,2026-08-18T12:00:00+00:00,0.191,0.2162,95.00000000,92.00000000,100.00000000,0.20000000,0.22638743,13.19371728,12.76732984,12.76732984,TAKE_PROFIT
COST_020,ACE/USDT,2026-08-18T12:00:00+00:00,2026-08-18T12:30:12.661268+00:00,0.2162,0.1913,95.00000000,92.00000000,100.00000000,0.20000000,0.17696577,-11.51711378,-11.89407956,-11.89407956,STOP_LOSS
COST_020,CRCLB/USDT,2026-08-17T13:00:00+00:00,2026-08-18T13:00:00+00:00,74.22,72.38,90.00000000,100.00000000,100.00000000,0.20000000,0.19504177,-2.47911614,-2.87415791,-2.87415791,24H
COST_020,ACE/USDT,2026-08-18T12:30:12.661268+00:00,2026-08-18T13:00:00+00:00,0.1913,0.2238,76.00000000,83.00000000,100.00000000,0.20000000,0.23397804,16.98902248,16.55504443,16.55504443,TAKE_PROFIT
COST_020,HEMI/USDT,2026-08-17T14:00:00+00:00,2026-08-18T14:00:00+00:00,0.00692,0.00646,95.00000000,100.00000000,100.00000000,0.20000000,0.18670520,-6.64739884,-7.03410405,-7.03410405,STOP_LOSS
COST_020,RED/USDT,2026-08-18T11:00:00+00:00,2026-08-18T15:00:00+00:00,0.0993,0.0921,89.00000000,80.00000000,100.00000000,0.20000000,0.18549849,-7.25075529,-7.63625378,-7.63625378,STOP_LOSS
COST_020,PAXG/USDT,2026-08-17T16:00:00+00:00,2026-08-18T16:00:00+00:00,4418.14,4365.61,90.00000000,95.00000000,100.00000000,0.20000000,0.19762208,-1.18896187,-1.58658395,-1.58658395,24H
COST_020,ONG/USDT,2026-08-18T03:00:00+00:00,2026-08-18T17:00:00+00:00,0.05859,0.05542,84.00000000,84.00000000,100.00000000,0.20000000,0.18917904,-5.41047960,-5.79965864,-5.79965864,STOP_LOSS
COST_020,AAVE/USDT,2026-08-17T21:00:00+00:00,2026-08-18T21:00:00+00:00,89.04,88.29,79.00000000,79.00000000,100.00000000,0.20000000,0.19831536,-0.84231806,-1.24063342,-1.24063342,24H
COST_020,FDUSD/USDT,2026-08-18T04:00:00+00:00,2026-08-19T04:00:00+00:00,0.998,0.9979,78.00000000,73.00000000,100.00000000,0.20000000,0.19997996,-0.01002004,-0.41000000,-0.41000000,24H
COST_020,BTC/USDT,2026-08-18T05:00:00+00:00,2026-08-19T05:00:00+00:00,64242.76,64236.01,81.00000000,81.00000000,100.00000000,0.20000000,0.19997899,-0.01050702,-0.41048601,-0.41048601,24H
COST_020,POL/USDT,2026-08-18T09:00:00+00:00,2026-08-19T09:00:00+00:00,0.08099,0.08153,89.00000000,88.00000000,100.00000000,0.20000000,0.20133350,0.66674898,0.26541548,0.26541548,24H
COST_020,MUBARAK/USDT,2026-08-19T05:00:00+00:00,2026-08-19T10:00:00+00:00,0.01735,0.0192,87.00000000,87.00000000,100.00000000,0.20000000,0.22132565,10.66282421,10.24149856,10.24149856,TAKE_PROFIT
COST_020,ACE/USDT,2026-08-18T13:00:00+00:00,2026-08-19T12:00:00+00:00,0.2238,0.2061,90.00000000,92.00000000,100.00000000,0.20000000,0.18418231,-7.90884718,-8.29302949,-8.29302949,STOP_LOSS
COST_020,EUR/USDT,2026-08-18T13:00:00+00:00,2026-08-19T13:00:00+00:00,1.1594,1.1664,87.00000000,87.00000000,100.00000000,0.20000000,0.20120752,0.60376057,0.20255304,0.20255304,24H
COST_020,SOL/USDT,2026-08-18T14:00:00+00:00,2026-08-19T14:00:00+00:00,76.8,80.89,93.00000000,98.00000000,100.00000000,0.20000000,0.21065104,5.32552083,4.91486979,4.91486979,24H
COST_020,TREE/USDT,2026-08-19T12:00:00+00:00,2026-08-19T14:00:00+00:00,0.0343,0.0406,95.00000000,100.00000000,100.00000000,0.20000000,0.23673469,18.36734694,17.93061224,17.93061224,TAKE_PROFIT
COST_020,ETH/USDT,2026-08-18T15:00:00+00:00,2026-08-19T15:00:00+00:00,1917.7,2085.83,90.00000000,95.00000000,100.00000000,0.20000000,0.21753455,8.76727330,8.34973875,8.34973875,24H
COST_020,SPCXB/USDT,2026-08-18T16:00:00+00:00,2026-08-19T16:00:00+00:00,146.01,140.35,95.00000000,100.00000000,100.00000000,0.20000000,0.19224711,-3.87644682,-4.26869393,-4.26869393,24H
COST_020,TRX/USDT,2026-08-18T17:00:00+00:00,2026-08-19T17:00:00+00:00,0.3338,0.3327,84.00000000,84.00000000,100.00000000,0.20000000,0.19934092,-0.32953865,-0.72887957,-0.72887957,24H
COST_020,ARB/USDT,2026-08-19T09:00:00+00:00,2026-08-19T20:00:00+00:00,0.077,0.0847,84.00000000,84.00000000,100.00000000,0.20000000,0.22000000,10.00000000,9.58000000,9.58000000,TAKE_PROFIT
COST_020,PUMP/USDT,2026-08-18T21:00:00+00:00,2026-08-19T21:00:00+00:00,0.002972,0.003126,90.00000000,100.00000000,100.00000000,0.20000000,0.21036339,5.18169583,4.77133244,4.77133244,24H
COST_020,ONG/USDT,2026-08-19T04:00:00+00:00,2026-08-20T20:00:00+00:00,0.05948,0.17155,89.00000000,88.00000000,100.00000000,0.20000000,0.57683255,188.41627438,187.63944183,187.63944183,TAKE_PROFIT
COST_020,TAO/USDT,2026-08-20T23:00:00+00:00,2026-08-21T23:00:00+00:00,214.9,229.9,72.00000000,67.00000000,100.00000000,0.20000000,0.21395998,6.97999069,6.56603071,6.56603071,24H
COST_030,ACE/USDT,2026-07-18T15:00:00+00:00,2026-07-18T18:00:00+00:00,0.0729,0.0686,70.00000000,70.00000000,100.00000000,0.30000000,0.28230453,-5.89849108,-6.48079561,-6.48079561,STOP_LOSS
COST_030,DEXE/USDT,2026-07-18T13:00:00+00:00,2026-07-19T06:00:00+00:00,36.519,34.466,75.00000000,70.00000000,100.00000000,0.30000000,0.28313481,-5.62173115,-6.20486596,-6.20486596,STOP_LOSS
COST_030,CHIP/USDT,2026-07-18T13:00:00+00:00,2026-07-19T13:00:00+00:00,0.03159,0.03049,75.00000000,70.00000000,100.00000000,0.30000000,0.28955366,-3.48211459,-4.07166825,-4.07166825,24H
COST_030,ONG/USDT,2026-07-18T13:00:00+00:00,2026-07-19T13:00:00+00:00,0.0472,0.0474,70.00000000,65.00000000,100.00000000,0.30000000,0.30127119,0.42372881,-0.17754237,-0.17754237,24H
COST_030,ALLO/USDT,2026-07-18T14:00:00+00:00,2026-07-19T14:00:00+00:00,0.4592,0.4639,72.00000000,67.00000000,100.00000000,0.30000000,0.30307056,1.02351916,0.42044861,0.42044861,24H
COST_030,ZEC/USDT,2026-07-18T16:00:00+00:00,2026-07-19T16:00:00+00:00,556.73,551.43,70.00000000,65.00000000,100.00000000,0.30000000,0.29714404,-0.95198750,-1.54913154,-1.54913154,24H
COST_030,ETH/USDT,2026-07-18T18:00:00+00:00,2026-07-19T18:00:00+00:00,1857.54,1861.12,70.00000000,65.00000000,100.00000000,0.30000000,0.30057818,0.19272802,-0.40785017,-0.40785017,24H
COST_030,TAO/USDT,2026-07-18T19:00:00+00:00,2026-07-19T19:00:00+00:00,195.9,197.1,70.00000000,65.00000000,100.00000000,0.30000000,0.30183767,0.61255743,0.01071975,0.01071975,24H
COST_030,ACE/USDT,2026-07-19T20:00:00+00:00,2026-07-19T22:00:00+00:00,0.0712,0.0957,70.00000000,70.00000000,100.00000000,0.30000000,0.40323034,34.41011236,33.70688202,33.70688202,TAKE_PROFIT
COST_030,CRCLB/USDT,2026-07-19T01:00:00+00:00,2026-07-20T01:00:00+00:00,61.4,60.65,73.00000000,68.00000000,100.00000000,0.30000000,0.29633550,-1.22149837,-1.81783388,-1.81783388,24H
COST_030,OPN/USDT,2026-07-19T02:00:00+00:00,2026-07-20T02:00:00+00:00,0.0637,0.0616,70.00000000,65.00000000,100.00000000,0.30000000,0.29010989,-3.29670330,-3.88681319,-3.88681319,24H
COST_030,PEPE/USDT,2026-07-19T06:00:00+00:00,2026-07-20T06:00:00+00:00,2.8e-06,2.82e-06,73.00000000,68.00000000,100.00000000,0.30000000,0.30214286,0.71428571,0.11214286,0.11214286,24H
COST_030,HEMI/USDT,2026-07-19T13:00:00+00:00,2026-07-20T08:00:00+00:00,0.00457,0.00505,75.00000000,70.00000000,100.00000000,0.30000000,0.33150985,10.50328228,9.87177243,9.87177243,TAKE_PROFIT
COST_030,LTC/USDT,2026-07-19T13:00:00+00:00,2026-07-20T13:00:00+00:00,47.36,46.69,73.00000000,68.00000000,100.00000000,0.30000000,0.29575591,-1.41469595,-2.01045186,-2.01045186,24H
COST_030,GPS/USDT,2026-07-19T14:00:00+00:00,2026-07-20T14:00:00+00:00,0.00908,0.00905,70.00000000,65.00000000,100.00000000,0.30000000,0.29900881,-0.33039648,-0.92940529,-0.92940529,24H
COST_030,HEMI/USDT,2026-07-20T09:00:00+00:00,2026-07-20T14:00:00+00:00,0.00499,0.00561,70.00000000,70.00000000,100.00000000,0.30000000,0.33727455,12.42484970,11.78757515,11.78757515,TAKE_PROFIT
COST_030,EDEN/USDT,2026-07-19T16:00:00+00:00,2026-07-20T16:00:00+00:00,0.04415,0.04281,70.00000000,65.00000000,100.00000000,0.30000000,0.29089468,-3.03510759,-3.62600227,-3.62600227,24H
COST_030,ALLO/USDT,2026-07-20T16:00:00+00:00,2026-07-20T20:00:00+00:00,0.4872,0.4611,75.00000000,70.00000000,100.00000000,0.30000000,0.28392857,-5.35714286,-5.94107143,-5.94107143,STOP_LOSS
COST_030,EWYB/USDT,2026-07-19T22:00:00+00:00,2026-07-20T22:00:00+00:00,166.67,163.53,75.00000000,70.00000000,100.00000000,0.30000000,0.29434811,-1.88396232,-2.47831043,-2.47831043,24H
COST_030,MUB/USDT,2026-07-19T22:00:00+00:00,2026-07-20T22:00:00+00:00,867.11,873.22,73.00000000,68.00000000,100.00000000,0.30000000,0.30211392,0.70463955,0.10252563,0.10252563,24H
COST_030,ETH/USDT,2026-07-19T22:00:00+00:00,2026-07-20T22:00:00+00:00,1870.44,1895.72,70.00000000,65.00000000,100.00000000,0.30000000,0.30405466,1.35155365,0.74749898,0.74749898,24H
COST_030,TUT/USDT,2026-07-20T06:00:00+00:00,2026-07-21T00:00:00+00:00,0.01337,0.01477,70.00000000,65.00000000,100.00000000,0.30000000,0.33141361,10.47120419,9.83979058,9.83979058,TAKE_PROFIT
COST_030,LINK/USDT,2026-07-20T01:00:00+00:00,2026-07-21T01:00:00+00:00,8.422,8.592,73.00000000,68.00000000,100.00000000,0.30000000,0.30605557,2.01852292,1.41246735,1.41246735,24H
COST_030,HEMI/USDT,2026-07-20T22:00:00+00:00,2026-07-21T01:00:00+00:00,0.00686,0.00643,72.00000000,59.00000000,100.00000000,0.30000000,0.28119534,-6.26822157,-6.84941691,-6.84941691,STOP_LOSS
COST_030,MSTRB/USDT,2026-07-20T02:00:00+00:00,2026-07-21T02:00:00+00:00,95.95,99.27,70.00000000,65.00000000,100.00000000,0.30000000,0.31038041,3.46013549,2.84975508,2.84975508,24H
COST_030,DEXE/USDT,2026-07-21T00:00:00+00:00,2026-07-21T02:00:00+00:00,37.721,34.091,75.00000000,70.00000000,100.00000000,0.30000000,0.27113014,-9.62328676,-10.19441690,-10.19441690,STOP_LOSS
COST_030,TREE/USDT,2026-07-21T02:00:00+00:00,2026-07-21T06:00:00+00:00,0.0385,0.0475,72.00000000,67.00000000,100.00000000,0.30000000,0.37012987,23.37662338,22.70649351,22.70649351,TAKE_PROFIT
COST_030,SOXLB/USDT,2026-07-21T00:00:00+00:00,2026-07-21T08:00:00+00:00,139.06,153.96,73.00000000,68.00000000,100.00000000,0.30000000,0.33214440,10.71479937,10.08265497,10.08265497,TAKE_PROFIT
COST_030,NEAR/USDT,2026-07-20T13:00:00+00:00,2026-07-21T13:00:00+00:00,1.965,1.988,73.00000000,68.00000000,100.00000000,0.30000000,0.30351145,1.17048346,0.56697201,0.56697201,24H
COST_030,CRCLB/USDT,2026-07-20T14:00:00+00:00,2026-07-21T13:00:00+00:00,63.12,70.14,70.00000000,70.00000000,100.00000000,0.30000000,0.33336502,11.12167300,10.48830798,10.48830798,TAKE_PROFIT
COST_030,BMT/USDT,2026-07-20T15:00:00+00:00,2026-07-21T15:00:00+00:00,0.01184,0.01197,73.00000000,68.00000000,100.00000000,0.30000000,0.30329392,1.09797297,0.49467905,0.49467905,24H
COST_030,MUB/USDT,2026-07-21T01:00:00+00:00,2026-07-21T16:00:00+00:00,886.11,977.63,73.00000000,68.00000000,100.00000000,0.30000000,0.33098487,10.32828881,9.69730395,9.69730395,TAKE_PROFIT
COST_030,RARE/USDT,2026-07-20T20:00:00+00:00,2026-07-21T20:00:00+00:00,0.0128,0.0127,73.00000000,68.00000000,100.00000000,0.30000000,0.29765625,-0.78125000,-1.37890625,-1.37890625,24H
COST_030,RED/USDT,2026-07-21T01:00:00+00:00,2026-07-22T01:00:00+00:00,0.1032,0.1011,75.00000000,70.00000000,100.00000000,0.30000000,0.29389535,-2.03488372,-2.62877907,-2.62877907,24H
COST_030,EWYB/USDT,2026-07-21T02:00:00+00:00,2026-07-22T02:00:00+00:00,167.22,174.49,75.00000000,70.00000000,100.00000000,0.30000000,0.31304270,4.34756608,3.73452338,3.73452338,24H
COST_030,BICO/USDT,2026-07-21T02:00:00+00:00,2026-07-22T02:00:00+00:00,0.01401,0.01386,72.00000000,67.00000000,100.00000000,0.30000000,0.29678801,-1.07066381,-1.66745182,-1.66745182,24H
COST_030,SKHYB/USDT,2026-07-21T06:00:00+00:00,2026-07-22T06:00:00+00:00,160.21,163.65,72.00000000,67.00000000,100.00000000,0.30000000,0.30644155,2.14718182,1.54074028,1.54074028,24H
COST_030,GIGGLE/USDT,2026-07-21T08:00:00+00:00,2026-07-22T08:00:00+00:00,26.98,26.53,75.00000000,70.00000000,100.00000000,0.30000000,0.29499629,-1.66790215,-2.26289844,-2.26289844,24H
COST_030,TUT/USDT,2026-07-22T04:00:00+00:00,2026-07-22T10:00:00+00:00,0.01524,0.01412,70.00000000,65.00000000,100.00000000,0.30000000,0.27795276,-7.34908136,-7.92703412,-7.92703412,STOP_LOSS
COST_030,ALLO/USDT,2026-07-21T13:00:00+00:00,2026-07-22T13:00:00+00:00,0.4991,0.5038,75.00000000,70.00000000,100.00000000,0.30000000,0.30282509,0.94169505,0.33886997,0.33886997,24H
COST_030,SNDKB/USDT,2026-07-21T13:00:00+00:00,2026-07-22T13:00:00+00:00,1529.08,1577.19,70.00000000,70.00000000,100.00000000,0.30000000,0.30943901,3.14633636,2.53689735,2.53689735,24H
COST_030,MSTRB/USDT,2026-07-21T15:00:00+00:00,2026-07-22T15:00:00+00:00,102.67,99.78,73.00000000,68.00000000,100.00000000,0.30000000,0.29155547,-2.81484367,-3.40639914,-3.40639914,24H
COST_030,GRAM/USDT,2026-07-21T16:00:00+00:00,2026-07-22T16:00:00+00:00,1.518,1.517,72.00000000,67.00000000,100.00000000,0.30000000,0.29980237,-0.06587615,-0.66567852,-0.66567852,24H
COST_030,PORTAL/USDT,2026-07-21T22:00:00+00:00,2026-07-22T22:00:00+00:00,0.01106,0.01088,73.00000000,68.00000000,100.00000000,0.30000000,0.29511754,-1.62748644,-2.22260398,-2.22260398,24H
COST_030,CHIP/USDT,2026-07-22T02:00:00+00:00,2026-07-23T02:00:00+00:00,0.0306,0.03026,70.00000000,65.00000000,100.00000000,0.30000000,0.29666667,-1.11111111,-1.70777778,-1.70777778,24H
COST_030,BICO/USDT,2026-07-22T03:00:00+00:00,2026-07-23T03:00:00+00:00,0.01388,0.01377,73.00000000,68.00000000,100.00000000,0.30000000,0.29762248,-0.79250720,-1.39012968,-1.39012968,24H
COST_030,BEL/USDT,2026-07-22T06:00:00+00:00,2026-07-23T06:00:00+00:00,0.1042,0.1018,70.00000000,65.00000000,100.00000000,0.30000000,0.29309021,-2.30326296,-2.89635317,-2.89635317,24H
COST_030,ENA/USDT,2026-07-22T08:00:00+00:00,2026-07-23T08:00:00+00:00,0.0882,0.0919,70.00000000,65.00000000,100.00000000,0.30000000,0.31258503,4.19501134,3.58242630,3.58242630,24H
COST_030,ONDO/USDT,2026-07-22T10:00:00+00:00,2026-07-23T10:00:00+00:00,0.4109,0.4035,75.00000000,70.00000000,100.00000000,0.30000000,0.29459723,-1.80092480,-2.39552202,-2.39552202,24H
COST_030,AAVE/USDT,2026-07-22T13:00:00+00:00,2026-07-23T13:00:00+00:00,97.91,96.11,75.00000000,70.00000000,100.00000000,0.30000000,0.29448473,-1.83842304,-2.43290777,-2.43290777,24H
COST_030,MUB/USDT,2026-07-22T13:00:00+00:00,2026-07-23T13:00:00+00:00,972.31,977.98,75.00000000,70.00000000,100.00000000,0.30000000,0.30174944,0.58314735,-0.01860209,-0.01860209,24H
COST_030,ADA/USDT,2026-07-22T15:00:00+00:00,2026-07-23T15:00:00+00:00,0.1779,0.1705,75.00000000,70.00000000,100.00000000,0.30000000,0.28752108,-4.15964025,-4.74716133,-4.74716133,24H
COST_030,OPN/USDT,2026-07-23T06:00:00+00:00,2026-07-23T15:00:00+00:00,0.0718,0.0669,73.00000000,68.00000000,100.00000000,0.30000000,0.27952646,-6.82451253,-7.40403900,-7.40403900,STOP_LOSS
COST_030,WLD/USDT,2026-07-22T16:00:00+00:00,2026-07-23T16:00:00+00:00,0.3938,0.3766,75.00000000,70.00000000,100.00000000,0.30000000,0.28689690,-4.36769934,-4.95459624,-4.95459624,24H
COST_030,SKHYB/USDT,2026-07-23T00:00:00+00:00,2026-07-24T00:00:00+00:00,171.79,167.7,72.00000000,67.00000000,100.00000000,0.30000000,0.29285756,-2.38081378,-2.97367134,-2.97367134,24H
COST_030,RE/USDT,2026-07-23T16:00:00+00:00,2026-07-24T00:00:00+00:00,0.5261,0.5822,70.00000000,70.00000000,100.00000000,0.30000000,0.33199012,10.66337198,10.03138187,10.03138187,TAKE_PROFIT
COST_030,SNDKB/USDT,2026-07-23T16:00:00+00:00,2026-07-24T02:00:00+00:00,1667.76,1576.22,72.00000000,67.00000000,100.00000000,0.30000000,0.28353360,-5.48879935,-6.07233295,-6.07233295,STOP_LOSS
COST_030,SOXLB/USDT,2026-07-23T20:00:00+00:00,2026-07-24T02:00:00+00:00,162.95,151.66,75.00000000,70.00000000,100.00000000,0.30000000,0.27921448,-6.92850568,-7.50772016,-7.50772016,STOP_LOSS
COST_030,GRAM/USDT,2026-07-23T03:00:00+00:00,2026-07-24T03:00:00+00:00,1.516,1.455,73.00000000,68.00000000,100.00000000,0.30000000,0.28792876,-4.02374670,-4.61167546,-4.61167546,24H
COST_030,BMT/USDT,2026-07-23T05:00:00+00:00,2026-07-24T05:00:00+00:00,0.01262,0.01228,70.00000000,70.00000000,100.00000000,0.30000000,0.29191759,-2.69413629,-3.28605388,-3.28605388,24H
COST_030,TRUMP/USDT,2026-07-23T08:00:00+00:00,2026-07-24T08:00:00+00:00,1.639,1.598,75.00000000,70.00000000,100.00000000,0.30000000,0.29249542,-2.50152532,-3.09402074,-3.09402074,24H
COST_030,OPN/USDT,2026-07-24T05:00:00+00:00,2026-07-24T08:00:00+00:00,0.0694,0.0627,75.00000000,70.00000000,100.00000000,0.30000000,0.27103746,-9.65417867,-10.22521614,-10.22521614,STOP_LOSS
COST_030,KAITO/USDT,2026-07-23T10:00:00+00:00,2026-07-24T10:00:00+00:00,1.032,1.0396,75.00000000,70.00000000,100.00000000,0.30000000,0.30220930,0.73643411,0.13422481,0.13422481,24H
COST_030,KAITO/USDT,2026-07-24T10:00:00+00:00,2026-07-24T12:00:00+00:00,1.0396,0.9876,73.00000000,68.00000000,100.00000000,0.30000000,0.28499423,-5.00192382,-5.58691805,-5.58691805,STOP_LOSS
COST_030,PLUME/USDT,2026-07-23T13:00:00+00:00,2026-07-24T13:00:00+00:00,0.01146,0.01114,73.00000000,68.00000000,100.00000000,0.30000000,0.29162304,-2.79232112,-3.38394415,-3.38394415,24H
COST_030,ALLO/USDT,2026-07-24T11:00:00+00:00,2026-07-24T14:00:00+00:00,0.5096,0.47,70.00000000,65.00000000,100.00000000,0.30000000,0.27668760,-7.77080063,-8.34748823,-8.34748823,STOP_LOSS
COST_030,HOME/USDT,2026-07-24T14:00:00+00:00,2026-07-24T18:00:00+00:00,0.00689,0.00654,72.00000000,67.00000000,100.00000000,0.30000000,0.28476052,-5.07982583,-5.66458636,-5.66458636,STOP_LOSS
COST_030,HEI/USDT,2026-07-23T21:00:00+00:00,2026-07-24T21:00:00+00:00,0.103,0.0987,70.00000000,70.00000000,100.00000000,0.30000000,0.28747573,-4.17475728,-4.76223301,-4.76223301,24H
COST_030,XPL/USDT,2026-07-24T17:00:00+00:00,2026-07-25T03:00:00+00:00,0.08689,0.08214,75.00000000,70.00000000,100.00000000,0.30000000,0.28359995,-5.46668201,-6.05028197,-6.05028197,STOP_LOSS
COST_030,UNI/USDT,2026-07-24T05:00:00+00:00,2026-07-25T05:00:00+00:00,3.833,3.687,70.00000000,65.00000000,100.00000000,0.30000000,0.28857292,-3.80902687,-4.39759979,-4.39759979,24H
COST_030,HEMI/USDT,2026-07-24T19:00:00+00:00,2026-07-25T06:00:00+00:00,0.00532,0.00505,75.00000000,70.00000000,100.00000000,0.30000000,0.28477444,-5.07518797,-5.65996241,-5.65996241,STOP_LOSS
COST_030,RE/USDT,2026-07-25T07:00:00+00:00,2026-07-25T09:00:00+00:00,0.6078,0.5587,75.00000000,70.00000000,100.00000000,0.30000000,0.27576505,-8.07831524,-8.65408029,-8.65408029,STOP_LOSS
COST_030,GPS/USDT,2026-07-24T10:00:00+00:00,2026-07-25T10:00:00+00:00,0.00923,0.00958,70.00000000,65.00000000,100.00000000,0.30000000,0.31137595,3.79198267,3.18060672,3.18060672,24H
COST_030,PLUME/USDT,2026-07-24T14:00:00+00:00,2026-07-25T14:00:00+00:00,0.01141,0.01178,73.00000000,68.00000000,100.00000000,0.30000000,0.30972831,3.24276950,2.63304119,2.63304119,24H
COST_030,TUT/USDT,2026-07-24T21:00:00+00:00,2026-07-25T21:00:00+00:00,0.01452,0.01538,75.00000000,70.00000000,100.00000000,0.30000000,0.31776860,5.92286501,5.30509642,5.30509642,24H
COST_030,TREE/USDT,2026-07-25T00:00:00+00:00,2026-07-26T00:00:00+00:00,0.0394,0.0381,73.00000000,68.00000000,100.00000000,0.30000000,0.29010152,-3.29949239,-3.88959391,-3.88959391,24H
COST_030,ALPINE/USDT,2026-07-25T13:00:00+00:00,2026-07-26T13:00:00+00:00,0.314,0.315,75.00000000,70.00000000,100.00000000,0.30000000,0.30095541,0.31847134,-0.28248408,-0.28248408,24H
COST_030,PLUME/USDT,2026-07-25T15:00:00+00:00,2026-07-26T15:00:00+00:00,0.01177,0.01236,70.00000000,65.00000000,100.00000000,0.30000000,0.31503823,5.01274427,4.39770603,4.39770603,24H
COST_030,TRX/USDT,2026-07-25T16:00:00+00:00,2026-07-26T16:00:00+00:00,0.3321,0.333,70.00000000,65.00000000,100.00000000,0.30000000,0.30081301,0.27100271,-0.32981030,-0.32981030,24H
COST_030,MUBARAK/USDT,2026-07-25T19:00:00+00:00,2026-07-26T19:00:00+00:00,0.01076,0.0108,70.00000000,65.00000000,100.00000000,0.30000000,0.30111524,0.37174721,-0.22936803,-0.22936803,24H
COST_030,PEPE/USDT,2026-07-26T02:00:00+00:00,2026-07-27T02:00:00+00:00,2.86e-06,2.94e-06,70.00000000,70.00000000,100.00000000,0.30000000,0.30839161,2.79720280,2.18881119,2.18881119,24H
COST_030,DOT/USDT,2026-07-26T03:00:00+00:00,2026-07-27T03:00:00+00:00,0.82,0.818,70.00000000,65.00000000,100.00000000,0.30000000,0.29926829,-0.24390244,-0.84317073,-0.84317073,24H
COST_030,FIL/USDT,2026-07-26T04:00:00+00:00,2026-07-27T04:00:00+00:00,0.7416,0.7478,70.00000000,65.00000000,100.00000000,0.30000000,0.30250809,0.83603020,0.23352211,0.23352211,24H
COST_030,TAO/USDT,2026-07-26T04:00:00+00:00,2026-07-27T04:00:00+00:00,196.4,198.8,70.00000000,70.00000000,100.00000000,0.30000000,0.30366599,1.22199593,0.61832994,0.61832994,24H
COST_030,RARE/USDT,2026-07-26T09:00:00+00:00,2026-07-27T09:00:00+00:00,0.01279,0.01259,70.00000000,65.00000000,100.00000000,0.30000000,0.29530884,-1.56372166,-2.15903049,-2.15903049,24H
COST_030,LINK/USDT,2026-07-26T13:00:00+00:00,2026-07-27T13:00:00+00:00,8.458,8.772,70.00000000,65.00000000,100.00000000,0.30000000,0.31113738,3.71246157,3.10132419,3.10132419,24H
COST_030,EDEN/USDT,2026-07-27T09:00:00+00:00,2026-07-27T15:00:00+00:00,0.04471,0.04217,90.00000000,100.00000000,100.00000000,0.30000000,0.28295683,-5.68105569,-6.26401253,-6.26401253,STOP_LOSS
COST_030,ONDO/USDT,2026-07-26T16:00:00+00:00,2026-07-27T16:00:00+00:00,0.4062,0.4094,90.00000000,100.00000000,100.00000000,0.30000000,0.30236337,0.78778927,0.18542590,0.18542590,24H
COST_030,USDE/USDT,2026-07-26T16:00:00+00:00,2026-07-27T16:00:00+00:00,1.0009,1.0009,87.00000000,87.00000000,100.00000000,0.30000000,0.30000000,0.00000000,-0.60000000,-0.60000000,24H
COST_030,PLUME/USDT,2026-07-27T02:00:00+00:00,2026-07-27T17:00:00+00:00,0.01231,0.01166,90.00000000,95.00000000,100.00000000,0.30000000,0.28415922,-5.28025995,-5.86441917,-5.86441917,STOP_LOSS
COST_030,ENA/USDT,2026-07-27T13:00:00+00:00,2026-07-27T18:00:00+00:00,0.0923,0.0876,95.00000000,100.00000000,100.00000000,0.30000000,0.28472373,-5.09209101,-5.67681473,-5.67681473,STOP_LOSS
COST_030,USDC/USDT,2026-07-26T19:00:00+00:00,2026-07-27T19:00:00+00:00,1.00087,1.00084,87.00000000,87.00000000,100.00000000,0.30000000,0.29999101,-0.00299739,-0.60298840,-0.60298840,24H
COST_030,ALPINE/USDT,2026-07-27T03:00:00+00:00,2026-07-27T22:00:00+00:00,0.32,0.301,87.00000000,87.00000000,100.00000000,0.30000000,0.28218750,-5.93750000,-6.51968750,-6.51968750,STOP_LOSS
COST_030,KAITO/USDT,2026-07-27T15:00:00+00:00,2026-07-27T22:00:00+00:00,1.21,1.3423,84.00000000,84.00000000,100.00000000,0.30000000,0.33280165,10.93388430,10.30108264,10.30108264,TAKE_PROFIT
COST_030,CRCLB/USDT,2026-07-27T04:00:00+00:00,2026-07-28T04:00:00+00:00,63.92,63.19,87.00000000,87.00000000,100.00000000,0.30000000,0.29657384,-1.14205257,-1.73862641,-1.73862641,24H
COST_030,XUSD/USDT,2026-07-27T04:00:00+00:00,2026-07-28T04:00:00+00:00,1.0012,1.0012,87.00000000,87.00000000,100.00000000,0.30000000,0.30000000,0.00000000,-0.60000000,-0.60000000,24H
COST_030,PUMP/USDT,2026-07-27T19:00:00+00:00,2026-07-28T04:00:00+00:00,0.002128,0.002021,87.00000000,86.00000000,100.00000000,0.30000000,0.28491541,-5.02819549,-5.61311090,-5.61311090,STOP_LOSS
COST_030,KAITO/USDT,2026-07-27T22:00:00+00:00,2026-07-28T05:00:00+00:00,1.3423,1.2594,78.00000000,83.00000000,100.00000000,0.30000000,0.28147210,-6.17596662,-6.75743872,-6.75743872,STOP_LOSS
COST_030,KAITO/USDT,2026-07-28T05:00:00+00:00,2026-07-28T09:00:00+00:00,1.2594,1.1586,74.00000000,63.00000000,100.00000000,0.30000000,0.27598857,-8.00381134,-8.57979990,-8.57979990,STOP_LOSS
COST_030,TREE/USDT,2026-07-27T17:00:00+00:00,2026-07-28T13:00:00+00:00,0.0395,0.0374,87.00000000,86.00000000,100.00000000,0.30000000,0.28405063,-5.31645570,-5.90050633,-5.90050633,STOP_LOSS
COST_030,RLUSD/USDT,2026-07-27T16:00:00+00:00,2026-07-28T16:00:00+00:00,1.0013,1.0011,87.00000000,87.00000000,100.00000000,0.30000000,0.29994008,-0.01997403,-0.61991411,-0.61991411,24H
COST_030,MSTRB/USDT,2026-07-27T16:00:00+00:00,2026-07-28T16:00:00+00:00,97.4,98.12,81.00000000,86.00000000,100.00000000,0.30000000,0.30221766,0.73921971,0.13700205,0.13700205,24H
COST_030,BNB/USDT,2026-07-27T18:00:00+00:00,2026-07-28T18:00:00+00:00,575.37,569.62,87.00000000,86.00000000,100.00000000,0.30000000,0.29700193,-0.99935694,-1.59635886,-1.59635886,24H
COST_030,USD1/USDT,2026-07-27T22:00:00+00:00,2026-07-28T22:00:00+00:00,0.99985,0.99968,84.00000000,84.00000000,100.00000000,0.30000000,0.29994899,-0.01700255,-0.61695154,-0.61695154,24H
COST_030,FDUSD/USDT,2026-07-28T04:00:00+00:00,2026-07-29T04:00:00+00:00,0.9993,0.9983,87.00000000,87.00000000,100.00000000,0.30000000,0.29969979,-0.10007005,-0.69976984,-0.69976984,24H
COST_030,USDC/USDT,2026-07-28T04:00:00+00:00,2026-07-29T04:00:00+00:00,1.00097,1.00114,76.00000000,71.00000000,100.00000000,0.30000000,0.30005095,0.01698353,-0.58306742,-0.58306742,24H
COST_030,GPS/USDT,2026-07-28T04:00:00+00:00,2026-07-29T04:00:00+00:00,0.00927,0.00972,72.00000000,69.00000000,100.00000000,0.30000000,0.31456311,4.85436893,4.23980583,4.23980583,24H
COST_030,U/USDT,2026-07-28T13:00:00+00:00,2026-07-29T13:00:00+00:00,1.0008,1.0008,87.00000000,87.00000000,100.00000000,0.30000000,0.30000000,0.00000000,-0.60000000,-0.60000000,24H
COST_030,AAVE/USDT,2026-07-28T16:00:00+00:00,2026-07-29T16:00:00+00:00,101.26,98.73,95.00000000,100.00000000,100.00000000,0.30000000,0.29250444,-2.49851866,-3.09102311,-3.09102311,24H
COST_030,ONDO/USDT,2026-07-28T16:00:00+00:00,2026-07-29T16:00:00+00:00,0.4088,0.3937,89.00000000,88.00000000,100.00000000,0.30000000,0.28891879,-3.69373777,-4.28265656,-4.28265656,24H
COST_030,PLUME/USDT,2026-07-28T18:00:00+00:00,2026-07-29T18:00:00+00:00,0.01219,0.01212,89.00000000,88.00000000,100.00000000,0.30000000,0.29827728,-0.57424118,-1.17251846,-1.17251846,24H
COST_030,RE/USDT,2026-07-29T16:00:00+00:00,2026-07-29T18:00:00+00:00,0.4686,0.5159,79.00000000,76.00000000,100.00000000,0.30000000,0.33028169,10.09389671,9.46361502,9.46361502,TAKE_PROFIT
COST_030,RLUSD/USDT,2026-07-28T22:00:00+00:00,2026-07-29T22:00:00+00:00,1.0012,1.0012,76.00000000,71.00000000,100.00000000,0.30000000,0.30000000,0.00000000,-0.60000000,-0.60000000,24H
COST_030,KAITO/USDT,2026-07-29T04:00:00+00:00,2026-07-30T03:00:00+00:00,1.264,1.1818,89.00000000,88.00000000,100.00000000,0.30000000,0.28049051,-6.50316456,-7.08365506,-7.08365506,STOP_LOSS
COST_030,GPS/USDT,2026-07-29T04:00:00+00:00,2026-07-30T04:00:00+00:00,0.00972,0.00982,90.00000000,95.00000000,100.00000000,0.30000000,0.30308642,1.02880658,0.42572016,0.42572016,24H
COST_030,USDC/USDT,2026-07-29T04:00:00+00:00,2026-07-30T04:00:00+00:00,1.00114,1.00112,84.00000000,84.00000000,100.00000000,0.30000000,0.29999401,-0.00199772,-0.60199173,-0.60199173,24H
COST_030,UNI/USDT,2026-07-29T13:00:00+00:00,2026-07-30T13:00:00+00:00,4.048,4.289,85.00000000,90.00000000,100.00000000,0.30000000,0.31786067,5.95355731,5.33569664,5.33569664,24H
COST_030,U/USDT,2026-07-29T16:00:00+00:00,2026-07-30T16:00:00+00:00,1.0009,1.0007,87.00000000,87.00000000,100.00000000,0.30000000,0.29994005,-0.01998202,-0.61992207,-0.61992207,24H
COST_030,GPS/USDT,2026-07-30T04:00:00+00:00,2026-07-30T17:00:00+00:00,0.00982,0.0092,82.00000000,82.00000000,100.00000000,0.30000000,0.28105906,-6.31364562,-6.89470468,-6.89470468,STOP_LOSS
COST_030,ADA/USDT,2026-07-29T18:00:00+00:00,2026-07-30T18:00:00+00:00,0.1679,0.1723,84.00000000,89.00000000,100.00000000,0.30000000,0.30786182,2.62060750,2.01274568,2.01274568,24H
COST_030,PLUME/USDT,2026-07-29T18:00:00+00:00,2026-07-30T18:00:00+00:00,0.01212,0.01165,84.00000000,84.00000000,100.00000000,0.30000000,0.28836634,-3.87788779,-4.46625413,-4.46625413,24H
COST_030,ONDO/USDT,2026-07-29T22:00:00+00:00,2026-07-30T22:00:00+00:00,0.4051,0.4168,74.00000000,63.00000000,100.00000000,0.30000000,0.30866453,2.88817576,2.27951123,2.27951123,24H
COST_030,ALPINE/USDT,2026-07-30T03:00:00+00:00,2026-07-31T03:00:00+00:00,0.32,0.314,93.00000000,98.00000000,100.00000000,0.30000000,0.29437500,-1.87500000,-2.46937500,-2.46937500,24H
COST_030,USD1/USDT,2026-07-30T04:00:00+00:00,2026-07-31T04:00:00+00:00,1.00003,0.99997,87.00000000,87.00000000,100.00000000,0.30000000,0.29998200,-0.00599982,-0.60598182,-0.60598182,24H
COST_030,MUBARAK/USDT,2026-07-31T04:00:00+00:00,2026-07-31T11:00:00+00:00,0.0121,0.01333,95.00000000,100.00000000,100.00000000,0.30000000,0.33049587,10.16528926,9.53479339,9.53479339,TAKE_PROFIT
COST_030,PAXG/USDT,2026-07-30T13:00:00+00:00,2026-07-31T13:00:00+00:00,4105.88,4027.22,93.00000000,98.00000000,100.00000000,0.30000000,0.29425263,-1.91578906,-2.51004170,-2.51004170,24H
COST_030,AAVE/USDT,2026-07-30T16:00:00+00:00,2026-07-31T16:00:00+00:00,100.23,96.59,90.00000000,95.00000000,100.00000000,0.30000000,0.28910506,-3.63164721,-4.22075227,-4.22075227,24H
COST_030,PUMP/USDT,2026-07-30T17:00:00+00:00,2026-07-31T17:00:00+00:00,0.001972,0.002139,87.00000000,86.00000000,100.00000000,0.30000000,0.32540568,8.46855984,7.84315416,7.84315416,24H
COST_030,FIL/USDT,2026-07-30T18:00:00+00:00,2026-07-31T18:00:00+00:00,0.7153,0.7209,89.00000000,89.00000000,100.00000000,0.30000000,0.30234866,0.78288830,0.18053963,0.18053963,24H
COST_030,TUT/USDT,2026-07-30T18:00:00+00:00,2026-07-31T18:00:00+00:00,0.01494,0.01637,82.00000000,82.00000000,100.00000000,0.30000000,0.32871486,9.57161981,8.94290495,8.94290495,24H
COST_030,SOXLB/USDT,2026-07-30T22:00:00+00:00,2026-07-31T19:00:00+00:00,122.59,114.81,84.00000000,89.00000000,100.00000000,0.30000000,0.28096093,-6.34635778,-6.92731870,-6.92731870,STOP_LOSS
COST_030,MUBARAK/USDT,2026-07-31T16:00:00+00:00,2026-07-31T20:00:00+00:00,0.01371,0.01259,90.00000000,100.00000000,100.00000000,0.30000000,0.27549234,-8.16921955,-8.74471189,-8.74471189,STOP_LOSS
COST_030,BEL/USDT,2026-07-31T03:00:00+00:00,2026-08-01T03:00:00+00:00,0.0969,0.0974,89.00000000,89.00000000,100.00000000,0.30000000,0.30154799,0.51599587,-0.08555212,-0.08555212,24H
COST_030,ALPINE/USDT,2026-07-31T11:00:00+00:00,2026-08-01T11:00:00+00:00,0.319,0.321,95.00000000,100.00000000,100.00000000,0.30000000,0.30188088,0.62695925,0.02507837,0.02507837,24H
COST_030,HOME/USDT,2026-07-31T19:00:00+00:00,2026-08-01T11:00:00+00:00,0.0055,0.0062,78.00000000,73.00000000,100.00000000,0.30000000,0.33818182,12.72727273,12.08909091,12.08909091,TAKE_PROFIT
COST_030,USD1/USDT,2026-07-31T13:00:00+00:00,2026-08-01T13:00:00+00:00,1.00007,0.9999,76.00000000,71.00000000,100.00000000,0.30000000,0.29994900,-0.01699881,-0.61694781,-0.61694781,24H
COST_030,HOME/USDT,2026-08-01T11:00:00+00:00,2026-08-01T16:00:00+00:00,0.0062,0.00575,84.00000000,89.00000000,100.00000000,0.30000000,0.27822581,-7.25806452,-7.83629032,-7.83629032,STOP_LOSS
COST_030,EURI/USDT,2026-07-31T17:00:00+00:00,2026-08-01T17:00:00+00:00,1.1539,1.1526,90.00000000,95.00000000,100.00000000,0.30000000,0.29966202,-0.11266141,-0.71232342,-0.71232342,24H
COST_030,ADA/USDT,2026-07-31T18:00:00+00:00,2026-08-01T18:00:00+00:00,0.1722,0.1714,89.00000000,88.00000000,100.00000000,0.30000000,0.29860627,-0.46457607,-1.06318235,-1.06318235,24H
COST_030,PUMP/USDT,2026-07-31T18:00:00+00:00,2026-08-01T18:00:00+00:00,0.002123,0.002072,79.00000000,74.00000000,100.00000000,0.30000000,0.29279322,-2.40226095,-2.99505417,-2.99505417,24H
COST_030,EUR/USDT,2026-07-31T20:00:00+00:00,2026-08-01T20:00:00+00:00,1.1535,1.1531,84.00000000,84.00000000,100.00000000,0.30000000,0.29989597,-0.03467707,-0.63457304,-0.63457304,24H
COST_030,HOME/USDT,2026-08-01T18:00:00+00:00,2026-08-02T01:00:00+00:00,0.00604,0.00672,89.00000000,89.00000000,100.00000000,0.30000000,0.33377483,11.25827815,10.62450331,10.62450331,TAKE_PROFIT
COST_030,TAO/USDT,2026-08-01T03:00:00+00:00,2026-08-02T03:00:00+00:00,197.7,194.1,89.00000000,88.00000000,100.00000000,0.30000000,0.29453718,-1.82094082,-2.41547800,-2.41547800,24H
COST_030,PUMP/USDT,2026-08-02T01:00:00+00:00,2026-08-02T10:00:00+00:00,0.002265,0.002146,95.00000000,100.00000000,100.00000000,0.30000000,0.28423841,-5.25386313,-5.83810155,-5.83810155,STOP_LOSS
COST_030,TUT/USDT,2026-08-01T11:00:00+00:00,2026-08-02T11:00:00+00:00,0.01758,0.01742,90.00000000,100.00000000,100.00000000,0.30000000,0.29726962,-0.91012514,-1.50739477,-1.50739477,24H
COST_030,GPS/USDT,2026-08-01T13:00:00+00:00,2026-08-02T13:00:00+00:00,0.00946,0.00943,83.00000000,85.00000000,100.00000000,0.30000000,0.29904863,-0.31712474,-0.91617336,-0.91617336,24H
COST_030,KAITO/USDT,2026-08-01T18:00:00+00:00,2026-08-02T13:00:00+00:00,1.2084,1.0894,95.00000000,100.00000000,100.00000000,0.30000000,0.27045680,-9.84773254,-10.41818934,-10.41818934,STOP_LOSS
COST_030,GIGGLE/USDT,2026-08-02T13:00:00+00:00,2026-08-02T15:00:00+00:00,44.4,42.15,84.00000000,76.00000000,100.00000000,0.30000000,0.28479730,-5.06756757,-5.65236486,-5.65236486,STOP_LOSS
COST_030,PEPE/USDT,2026-08-01T16:00:00+00:00,2026-08-02T16:00:00+00:00,2.78e-06,2.91e-06,87.00000000,87.00000000,100.00000000,0.30000000,0.31402878,4.67625899,4.06223022,4.06223022,24H
COST_030,ALPINE/USDT,2026-08-01T17:00:00+00:00,2026-08-02T17:00:00+00:00,0.328,0.319,93.00000000,98.00000000,100.00000000,0.30000000,0.29176829,-2.74390244,-3.33567073,-3.33567073,24H
COST_030,HOME/USDT,2026-08-02T10:00:00+00:00,2026-08-02T17:00:00+00:00,0.00784,0.00898,95.00000000,92.00000000,100.00000000,0.30000000,0.34362245,14.54081633,13.89719388,13.89719388,TAKE_PROFIT
COST_030,ADA/USDT,2026-08-01T20:00:00+00:00,2026-08-02T20:00:00+00:00,0.1732,0.1874,72.00000000,59.00000000,100.00000000,0.30000000,0.32459584,8.19861432,7.57401848,7.57401848,24H
COST_030,BICO/USDT,2026-08-02T15:00:00+00:00,2026-08-02T20:00:00+00:00,0.01213,0.01353,87.00000000,87.00000000,100.00000000,0.30000000,0.33462490,11.54163232,10.90700742,10.90700742,TAKE_PROFIT
COST_030,EWYB/USDT,2026-08-02T03:00:00+00:00,2026-08-03T03:00:00+00:00,160.35,161.16,89.00000000,89.00000000,100.00000000,0.30000000,0.30151543,0.50514500,-0.09637044,-0.09637044,24H
COST_030,TUT/USDT,2026-08-02T20:00:00+00:00,2026-08-03T07:00:00+00:00,0.01766,0.01954,78.00000000,65.00000000,100.00000000,0.30000000,0.33193658,10.64552661,10.01359003,10.01359003,TAKE_PROFIT
COST_030,SKHYB/USDT,2026-08-02T17:00:00+00:00,2026-08-03T10:00:00+00:00,148.35,140.28,84.00000000,84.00000000,100.00000000,0.30000000,0.28368049,-5.43983822,-6.02351871,-6.02351871,STOP_LOSS
COST_030,EUR/USDT,2026-08-02T11:00:00+00:00,2026-08-03T11:00:00+00:00,1.1541,1.1544,87.00000000,87.00000000,100.00000000,0.30000000,0.30007798,0.02599428,-0.57408370,-0.57408370,24H
COST_030,KORUB/USDT,2026-08-02T17:00:00+00:00,2026-08-03T11:00:00+00:00,15.66,14.58,81.00000000,81.00000000,100.00000000,0.30000000,0.27931034,-6.89655172,-7.47586207,-7.47586207,STOP_LOSS
COST_030,FIL/USDT,2026-08-02T13:00:00+00:00,2026-08-03T13:00:00+00:00,0.72,0.7249,84.00000000,84.00000000,100.00000000,0.30000000,0.30204167,0.68055556,0.07851389,0.07851389,24H
COST_030,ALLO/USDT,2026-08-03T11:00:00+00:00,2026-08-03T13:00:00+00:00,0.292,0.2598,89.00000000,89.00000000,100.00000000,0.30000000,0.26691781,-11.02739726,-11.59431507,-11.59431507,STOP_LOSS
COST_030,MUBARAK/USDT,2026-08-02T16:00:00+00:00,2026-08-03T16:00:00+00:00,0.01273,0.01266,92.00000000,97.00000000,100.00000000,0.30000000,0.29835035,-0.54988217,-1.14823252,-1.14823252,24H
COST_030,BNB/USDT,2026-08-02T20:00:00+00:00,2026-08-03T20:00:00+00:00,589.5,591.11,76.00000000,71.00000000,100.00000000,0.30000000,0.30081934,0.27311281,-0.32770653,-0.32770653,24H
COST_030,USD1/USDT,2026-08-03T03:00:00+00:00,2026-08-04T03:00:00+00:00,1.00003,1.00004,84.00000000,84.00000000,100.00000000,0.30000000,0.30000300,0.00099997,-0.59900303,-0.59900303,24H
COST_030,HOME/USDT,2026-08-03T16:00:00+00:00,2026-08-04T03:00:00+00:00,0.00781,0.00728,95.00000000,100.00000000,100.00000000,0.30000000,0.27964149,-6.78617157,-7.36581306,-7.36581306,STOP_LOSS
COST_030,BMT/USDT,2026-08-03T07:00:00+00:00,2026-08-04T07:00:00+00:00,0.0119,0.01181,92.00000000,97.00000000,100.00000000,0.30000000,0.29773109,-0.75630252,-1.35403361,-1.35403361,24H
COST_030,HOME/USDT,2026-08-04T07:00:00+00:00,2026-08-04T08:00:00+00:00,0.00949,0.00878,87.00000000,84.00000000,100.00000000,0.30000000,0.27755532,-7.48155954,-8.05911486,-8.05911486,STOP_LOSS
COST_030,ENA/USDT,2026-08-03T10:00:00+00:00,2026-08-04T10:00:00+00:00,0.09,0.091,95.00000000,100.00000000,100.00000000,0.30000000,0.30333333,1.11111111,0.50777778,0.50777778,24H
COST_030,ADA/USDT,2026-08-03T11:00:00+00:00,2026-08-04T11:00:00+00:00,0.1865,0.1945,89.00000000,88.00000000,100.00000000,0.30000000,0.31286863,4.28954424,3.67667560,3.67667560,24H
COST_030,PEPE/USDT,2026-08-03T13:00:00+00:00,2026-08-04T13:00:00+00:00,2.91e-06,2.89e-06,95.00000000,100.00000000,100.00000000,0.30000000,0.29793814,-0.68728522,-1.28522337,-1.28522337,24H
COST_030,RARE/USDT,2026-08-03T13:00:00+00:00,2026-08-04T13:00:00+00:00,0.01207,0.01172,89.00000000,89.00000000,100.00000000,0.30000000,0.29130075,-2.89975145,-3.49105220,-3.49105220,24H
COST_030,BICO/USDT,2026-08-04T08:00:00+00:00,2026-08-04T16:00:00+00:00,0.01799,0.02055,89.00000000,80.00000000,100.00000000,0.30000000,0.34269038,14.23012785,13.58743747,13.58743747,TAKE_PROFIT
COST_030,SPCXB/USDT,2026-08-03T20:00:00+00:00,2026-08-04T20:00:00+00:00,114.51,117.5,83.00000000,82.00000000,100.00000000,0.30000000,0.30783338,2.61112567,2.00329229,2.00329229,24H
COST_030,PUMP/USDT,2026-08-04T03:00:00+00:00,2026-08-04T20:00:00+00:00,0.002187,0.002522,84.00000000,84.00000000,100.00000000,0.30000000,0.34595336,15.31778692,14.67183356,14.67183356,TAKE_PROFIT
COST_030,ACE/USDT,2026-08-04T10:00:00+00:00,2026-08-05T01:00:00+00:00,0.0671,0.0742,89.00000000,89.00000000,100.00000000,0.30000000,0.33174367,10.58122206,9.94947839,9.94947839,TAKE_PROFIT
COST_030,ARB/USDT,2026-08-04T03:00:00+00:00,2026-08-05T03:00:00+00:00,0.0831,0.0806,84.00000000,84.00000000,100.00000000,0.30000000,0.29097473,-3.00842359,-3.59939832,-3.59939832,24H
COST_030,BICO/USDT,2026-08-04T20:00:00+00:00,2026-08-05T05:00:00+00:00,0.02131,0.02718,84.00000000,80.00000000,100.00000000,0.30000000,0.38263726,27.54575317,26.86311591,26.86311591,TAKE_PROFIT
COST_030,KORUB/USDT,2026-08-05T01:00:00+00:00,2026-08-05T08:00:00+00:00,19.11,18.07,92.00000000,97.00000000,100.00000000,0.30000000,0.28367347,-5.44217687,-6.02585034,-6.02585034,STOP_LOSS
COST_030,BMT/USDT,2026-08-04T11:00:00+00:00,2026-08-05T11:00:00+00:00,0.0119,0.0124,90.00000000,95.00000000,100.00000000,0.30000000,0.31260504,4.20168067,3.58907563,3.58907563,24H
COST_030,EWYB/USDT,2026-08-04T13:00:00+00:00,2026-08-05T13:00:00+00:00,168.08,171.47,95.00000000,100.00000000,100.00000000,0.30000000,0.30605069,2.01689672,1.41084603,1.41084603,24H
COST_030,PORTAL/USDT,2026-08-04T13:00:00+00:00,2026-08-05T13:00:00+00:00,0.01059,0.01086,95.00000000,100.00000000,100.00000000,0.30000000,0.30764873,2.54957507,1.94192635,1.94192635,24H
COST_030,MUBARAK/USDT,2026-08-04T16:00:00+00:00,2026-08-05T16:00:00+00:00,0.01305,0.01317,95.00000000,100.00000000,100.00000000,0.30000000,0.30275862,0.91954023,0.31678161,0.31678161,24H
COST_030,SNXXB/USDT,2026-08-05T16:00:00+00:00,2026-08-05T19:00:00+00:00,12.64,11.41,95.00000000,100.00000000,100.00000000,0.30000000,0.27080696,-9.73101266,-10.30181962,-10.30181962,STOP_LOSS
COST_030,GALA/USDT,2026-08-04T20:00:00+00:00,2026-08-05T20:00:00+00:00,0.001814,0.001795,87.00000000,87.00000000,100.00000000,0.30000000,0.29685777,-1.04740904,-1.64426681,-1.64426681,24H
COST_030,KORUB/USDT,2026-08-05T13:00:00+00:00,2026-08-05T21:00:00+00:00,19.25,18.09,95.00000000,100.00000000,100.00000000,0.30000000,0.28192208,-6.02597403,-6.60789610,-6.60789610,STOP_LOSS
COST_030,ZEC/USDT,2026-08-05T03:00:00+00:00,2026-08-06T03:00:00+00:00,512.98,509.38,87.00000000,86.00000000,100.00000000,0.30000000,0.29789465,-0.70178175,-1.29967640,-1.29967640,24H
COST_030,HEMI/USDT,2026-08-05T05:00:00+00:00,2026-08-06T05:00:00+00:00,0.00482,0.005,95.00000000,100.00000000,100.00000000,0.30000000,0.31120332,3.73443983,3.12323651,3.12323651,24H
COST_030,MUBARAK/USDT,2026-08-05T21:00:00+00:00,2026-08-06T05:00:00+00:00,0.01397,0.01324,95.00000000,100.00000000,100.00000000,0.30000000,0.28432355,-5.22548318,-5.80980673,-5.80980673,STOP_LOSS
COST_030,BICO/USDT,2026-08-06T05:00:00+00:00,2026-08-06T06:00:00+00:00,0.02993,0.0283,89.00000000,80.00000000,100.00000000,0.30000000,0.28366188,-5.44604076,-6.02970264,-6.02970264,STOP_LOSS
COST_030,ADA/USDT,2026-08-05T08:00:00+00:00,2026-08-06T08:00:00+00:00,0.1939,0.1895,87.00000000,86.00000000,100.00000000,0.30000000,0.29319237,-2.26921093,-2.86240330,-2.86240330,24H
COST_030,EWYB/USDT,2026-08-05T13:00:00+00:00,2026-08-06T10:00:00+00:00,171.47,162.5,95.00000000,100.00000000,100.00000000,0.30000000,0.28430629,-5.23123578,-5.81554208,-5.81554208,STOP_LOSS
COST_030,EURI/USDT,2026-08-05T11:00:00+00:00,2026-08-06T11:00:00+00:00,1.1558,1.1549,87.00000000,87.00000000,100.00000000,0.30000000,0.29976640,-0.07786814,-0.67763454,-0.67763454,24H
COST_030,HOME/USDT,2026-08-06T08:00:00+00:00,2026-08-06T11:00:00+00:00,0.00933,0.01049,89.00000000,88.00000000,100.00000000,0.30000000,0.33729904,12.43301179,11.79571275,11.79571275,TAKE_PROFIT
COST_030,HOME/USDT,2026-08-06T11:00:00+00:00,2026-08-06T15:00:00+00:00,0.01049,0.00972,95.00000000,92.00000000,100.00000000,0.30000000,0.27797903,-7.34032412,-7.91830315,-7.91830315,STOP_LOSS
COST_030,PORTAL/USDT,2026-08-05T19:00:00+00:00,2026-08-06T16:00:00+00:00,0.01125,0.01264,95.00000000,100.00000000,100.00000000,0.30000000,0.33706667,12.35555556,11.71848889,11.71848889,TAKE_PROFIT
COST_030,ALPINE/USDT,2026-08-05T20:00:00+00:00,2026-08-06T20:00:00+00:00,0.32,0.319,90.00000000,95.00000000,100.00000000,0.30000000,0.29906250,-0.31250000,-0.91156250,-0.91156250,24H
COST_030,BMT/USDT,2026-08-06T03:00:00+00:00,2026-08-07T03:00:00+00:00,0.01246,0.01269,93.00000000,98.00000000,100.00000000,0.30000000,0.30553772,1.84590690,1.24036918,1.24036918,24H
COST_030,ONG/USDT,2026-08-06T05:00:00+00:00,2026-08-07T05:00:00+00:00,0.04253,0.04273,89.00000000,89.00000000,100.00000000,0.30000000,0.30141077,0.47025629,-0.13115448,-0.13115448,24H
COST_030,ENA/USDT,2026-08-06T06:00:00+00:00,2026-08-07T06:00:00+00:00,0.0925,0.093,89.00000000,88.00000000,100.00000000,0.30000000,0.30162162,0.54054054,-0.06108108,-0.06108108,24H
COST_030,TUT/USDT,2026-08-07T03:00:00+00:00,2026-08-07T06:00:00+00:00,0.02763,0.03044,95.00000000,100.00000000,100.00000000,0.30000000,0.33051031,10.17010496,9.53959464,9.53959464,TAKE_PROFIT
COST_030,ACE/USDT,2026-08-07T06:00:00+00:00,2026-08-07T07:00:00+00:00,0.1362,0.1578,89.00000000,80.00000000,100.00000000,0.30000000,0.34757709,15.85903084,15.21145374,15.21145374,TAKE_PROFIT
COST_030,GPS/USDT,2026-08-06T10:00:00+00:00,2026-08-07T10:00:00+00:00,0.0095,0.00956,90.00000000,95.00000000,100.00000000,0.30000000,0.30189474,0.63157895,0.02968421,0.02968421,24H
COST_030,EDEN/USDT,2026-08-06T11:00:00+00:00,2026-08-07T11:00:00+00:00,0.0395,0.04135,89.00000000,89.00000000,100.00000000,0.30000000,0.31405063,4.68354430,4.06949367,4.06949367,24H
COST_030,CRCLB/USDT,2026-08-06T15:00:00+00:00,2026-08-07T15:00:00+00:00,65.41,66.78,95.00000000,100.00000000,100.00000000,0.30000000,0.30628344,2.09448097,1.48819752,1.48819752,24H
COST_030,ADA/USDT,2026-08-06T16:00:00+00:00,2026-08-07T16:00:00+00:00,0.2068,0.1993,90.00000000,100.00000000,100.00000000,0.30000000,0.28911992,-3.62669246,-4.21581238,-4.21581238,24H
COST_030,CHIP/USDT,2026-08-06T20:00:00+00:00,2026-08-07T20:00:00+00:00,0.02536,0.02502,87.00000000,87.00000000,100.00000000,0.30000000,0.29597792,-1.34069401,-1.93667192,-1.93667192,24H
COST_030,HEMI/USDT,2026-08-07T10:00:00+00:00,2026-08-07T21:00:00+00:00,0.00541,0.00512,92.00000000,97.00000000,100.00000000,0.30000000,0.28391867,-5.36044362,-5.94436229,-5.94436229,STOP_LOSS
COST_030,BICO/USDT,2026-08-07T15:00:00+00:00,2026-08-08T03:00:00+00:00,0.05296,0.05893,89.00000000,80.00000000,100.00000000,0.30000000,0.33381798,11.27265861,10.63884063,10.63884063,TAKE_PROFIT
COST_030,RARE/USDT,2026-08-07T05:00:00+00:00,2026-08-08T05:00:00+00:00,0.0127,0.01232,90.00000000,100.00000000,100.00000000,0.30000000,0.29102362,-2.99212598,-3.58314961,-3.58314961,24H
COST_030,PAXG/USDT,2026-08-07T06:00:00+00:00,2026-08-08T06:00:00+00:00,4291.5,4337.99,90.00000000,95.00000000,100.00000000,0.30000000,0.30324991,1.08330421,0.48005429,0.48005429,24H
COST_030,BMT/USDT,2026-08-07T07:00:00+00:00,2026-08-08T07:00:00+00:00,0.01297,0.01277,92.00000000,97.00000000,100.00000000,0.30000000,0.29537394,-1.54202005,-2.13739399,-2.13739399,24H
COST_030,MSTRB/USDT,2026-08-07T11:00:00+00:00,2026-08-08T11:00:00+00:00,98.72,101.15,93.00000000,98.00000000,100.00000000,0.30000000,0.30738452,2.46150729,1.85412277,1.85412277,24H
COST_030,LTC/USDT,2026-08-07T15:00:00+00:00,2026-08-08T15:00:00+00:00,45.96,45.88,90.00000000,95.00000000,100.00000000,0.30000000,0.29947781,-0.17406440,-0.77354221,-0.77354221,24H
COST_030,ACE/USDT,2026-08-08T15:00:00+00:00,2026-08-08T16:00:00+00:00,0.1407,0.1584,95.00000000,92.00000000,100.00000000,0.30000000,0.33773987,12.57995736,11.94221748,11.94221748,TAKE_PROFIT
COST_030,ADA/USDT,2026-08-07T20:00:00+00:00,2026-08-08T20:00:00+00:00,0.2024,0.2005,82.00000000,82.00000000,100.00000000,0.30000000,0.29718379,-0.93873518,-1.53591897,-1.53591897,24H
COST_030,BCH/USDT,2026-08-07T21:00:00+00:00,2026-08-08T21:00:00+00:00,215.8,216.4,81.00000000,80.00000000,100.00000000,0.30000000,0.30083411,0.27803522,-0.32279889,-0.32279889,24H
COST_030,BICO/USDT,2026-08-08T03:00:00+00:00,2026-08-09T00:00:00+00:00,0.05893,0.06662,89.00000000,80.00000000,100.00000000,0.30000000,0.33914814,13.04938062,12.41023248,12.41023248,TAKE_PROFIT
COST_030,MUBARAK/USDT,2026-08-08T11:00:00+00:00,2026-08-09T04:00:00+00:00,0.01469,0.01668,93.00000000,98.00000000,100.00000000,0.30000000,0.34063989,13.54663036,12.90599047,12.90599047,TAKE_PROFIT
COST_030,OPN/USDT,2026-08-08T05:00:00+00:00,2026-08-09T05:00:00+00:00,0.0553,0.0543,90.00000000,100.00000000,100.00000000,0.30000000,0.29457505,-1.80831826,-2.40289331,-2.40289331,24H
COST_030,TAO/USDT,2026-08-08T06:00:00+00:00,2026-08-09T06:00:00+00:00,197.4,205.4,90.00000000,95.00000000,100.00000000,0.30000000,0.31215805,4.05268490,3.44052685,3.44052685,24H
COST_030,RARE/USDT,2026-08-08T07:00:00+00:00,2026-08-09T07:00:00+00:00,0.01242,0.01339,93.00000000,98.00000000,100.00000000,0.30000000,0.32342995,7.80998390,7.18655395,7.18655395,24H
COST_030,BICO/USDT,2026-08-09T00:00:00+00:00,2026-08-09T08:00:00+00:00,0.06662,0.05181,92.00000000,89.00000000,100.00000000,0.30000000,0.23330832,-22.23056139,-22.76386971,-22.76386971,STOP_LOSS
COST_030,BMT/USDT,2026-08-09T08:00:00+00:00,2026-08-09T09:00:00+00:00,0.01948,0.02397,90.00000000,92.00000000,100.00000000,0.30000000,0.36914784,23.04928131,22.38013347,22.38013347,TAKE_PROFIT
COST_030,HOME/USDT,2026-08-09T05:00:00+00:00,2026-08-09T14:00:00+00:00,0.00961,0.00912,92.00000000,97.00000000,100.00000000,0.30000000,0.28470343,-5.09885536,-5.68355879,-5.68355879,STOP_LOSS
COST_030,MUBARAK/USDT,2026-08-09T09:00:00+00:00,2026-08-09T15:00:00+00:00,0.01897,0.02193,95.00000000,92.00000000,100.00000000,0.30000000,0.34681075,15.60358461,14.95677385,14.95677385,TAKE_PROFIT
COST_030,BEL/USDT,2026-08-08T16:00:00+00:00,2026-08-09T16:00:00+00:00,0.1078,0.1117,90.00000000,95.00000000,100.00000000,0.30000000,0.31085343,3.61781076,3.00695733,3.00695733,24H
COST_030,ONG/USDT,2026-08-08T16:00:00+00:00,2026-08-09T16:00:00+00:00,0.04311,0.04355,90.00000000,95.00000000,100.00000000,0.30000000,0.30306193,1.02064486,0.41758293,0.41758293,24H
COST_030,SPCXB/USDT,2026-08-08T20:00:00+00:00,2026-08-09T20:00:00+00:00,135.22,136.68,93.00000000,98.00000000,100.00000000,0.30000000,0.30323917,1.07972193,0.47648277,0.47648277,24H
COST_030,PORTAL/USDT,2026-08-08T21:00:00+00:00,2026-08-09T21:00:00+00:00,0.01177,0.01148,90.00000000,100.00000000,100.00000000,0.30000000,0.29260833,-2.46389125,-3.05649958,-3.05649958,24H
COST_030,EURI/USDT,2026-08-09T04:00:00+00:00,2026-08-10T04:00:00+00:00,1.1559,1.1554,84.00000000,84.00000000,100.00000000,0.30000000,0.29987023,-0.04325634,-0.64312657,-0.64312657,24H
COST_030,TREE/USDT,2026-08-09T06:00:00+00:00,2026-08-10T06:00:00+00:00,0.0379,0.0375,93.00000000,98.00000000,100.00000000,0.30000000,0.29683377,-1.05540897,-1.65224274,-1.65224274,24H
COST_030,HEMI/USDT,2026-08-09T07:00:00+00:00,2026-08-10T07:00:00+00:00,0.00557,0.00549,95.00000000,100.00000000,100.00000000,0.30000000,0.29569120,-1.43626571,-2.03195691,-2.03195691,24H
COST_030,BEL/USDT,2026-08-09T21:00:00+00:00,2026-08-10T09:00:00+00:00,0.113,0.1069,87.00000000,87.00000000,100.00000000,0.30000000,0.28380531,-5.39823009,-5.98203540,-5.98203540,STOP_LOSS
COST_030,KORUB/USDT,2026-08-09T15:00:00+00:00,2026-08-10T12:00:00+00:00,17.41,16.21,90.00000000,95.00000000,100.00000000,0.30000000,0.27932223,-6.89259047,-7.47191269,-7.47191269,STOP_LOSS
COST_030,ALPINE/USDT,2026-08-09T14:00:00+00:00,2026-08-10T14:00:00+00:00,0.337,0.33,87.00000000,87.00000000,100.00000000,0.30000000,0.29376855,-2.07715134,-2.67091988,-2.67091988,24H
COST_030,HOME/USDT,2026-08-10T06:00:00+00:00,2026-08-10T15:00:00+00:00,0.00961,0.01189,92.00000000,97.00000000,100.00000000,0.30000000,0.37117586,23.72528616,23.05411030,23.05411030,TAKE_PROFIT
COST_030,CRCLB/USDT,2026-08-09T16:00:00+00:00,2026-08-10T16:00:00+00:00,68.32,65.86,90.00000000,95.00000000,100.00000000,0.30000000,0.28919789,-3.60070258,-4.18990047,-4.18990047,24H
COST_030,TRUMP/USDT,2026-08-09T16:00:00+00:00,2026-08-10T16:00:00+00:00,1.521,1.486,90.00000000,100.00000000,100.00000000,0.30000000,0.29309665,-2.30111769,-2.89421433,-2.89421433,24H
COST_030,RE/USDT,2026-08-10T12:00:00+00:00,2026-08-10T19:00:00+00:00,0.4334,0.409,89.00000000,89.00000000,100.00000000,0.30000000,0.28311029,-5.62990309,-6.21301338,-6.21301338,STOP_LOSS
COST_030,EUR/USDT,2026-08-09T20:00:00+00:00,2026-08-10T20:00:00+00:00,1.1565,1.1553,84.00000000,84.00000000,100.00000000,0.30000000,0.29968872,-0.10376135,-0.70345006,-0.70345006,24H
COST_030,ALLO/USDT,2026-08-10T16:00:00+00:00,2026-08-10T22:00:00+00:00,0.3267,0.3081,95.00000000,100.00000000,100.00000000,0.30000000,0.28292011,-5.69329660,-6.27621671,-6.27621671,STOP_LOSS
COST_030,MUBARAK/USDT,2026-08-10T15:00:00+00:00,2026-08-11T01:00:00+00:00,0.02176,0.01974,89.00000000,80.00000000,100.00000000,0.30000000,0.27215074,-9.28308824,-9.85523897,-9.85523897,STOP_LOSS
COST_030,EDEN/USDT,2026-08-10T04:00:00+00:00,2026-08-11T04:00:00+00:00,0.04497,0.04374,92.00000000,97.00000000,100.00000000,0.30000000,0.29179453,-2.73515677,-3.32695130,-3.32695130,24H
COST_030,XPL/USDT,2026-08-10T07:00:00+00:00,2026-08-11T07:00:00+00:00,0.08032,0.07935,95.00000000,100.00000000,100.00000000,0.30000000,0.29637699,-1.20766932,-1.80404631,-1.80404631,24H
COST_030,SPCXB/USDT,2026-08-10T09:00:00+00:00,2026-08-11T09:00:00+00:00,136.24,136.9,93.00000000,98.00000000,100.00000000,0.30000000,0.30145332,0.48443922,-0.11701409,-0.11701409,24H
COST_030,RARE/USDT,2026-08-10T20:00:00+00:00,2026-08-11T09:00:00+00:00,0.01368,0.01212,87.00000000,86.00000000,100.00000000,0.30000000,0.26578947,-11.40350877,-11.96929825,-11.96929825,STOP_LOSS
COST_030,PORTAL/USDT,2026-08-10T14:00:00+00:00,2026-08-11T14:00:00+00:00,0.01178,0.01116,95.00000000,100.00000000,100.00000000,0.30000000,0.28421053,-5.26315789,-5.84736842,-5.84736842,STOP_LOSS
COST_030,PAXG/USDT,2026-08-10T16:00:00+00:00,2026-08-11T16:00:00+00:00,4348.17,4380.62,87.00000000,87.00000000,100.00000000,0.30000000,0.30223887,0.74629097,0.14405210,0.14405210,24H
COST_030,PUMP/USDT,2026-08-10T19:00:00+00:00,2026-08-11T19:00:00+00:00,0.00282,0.00272,87.00000000,86.00000000,100.00000000,0.30000000,0.28936170,-3.54609929,-4.13546099,-4.13546099,24H
COST_030,WLD/USDT,2026-08-10T22:00:00+00:00,2026-08-11T22:00:00+00:00,0.3369,0.3362,79.00000000,74.00000000,100.00000000,0.30000000,0.29937667,-0.20777679,-0.80715346,-0.80715346,24H
COST_030,LINK/USDT,2026-08-11T01:00:00+00:00,2026-08-12T01:00:00+00:00,8.428,8.787,93.00000000,98.00000000,100.00000000,0.30000000,0.31277883,4.25961082,3.64683199,3.64683199,24H
COST_030,TRUMP/USDT,2026-08-11T04:00:00+00:00,2026-08-12T04:00:00+00:00,1.53,1.487,92.00000000,97.00000000,100.00000000,0.30000000,0.29156863,-2.81045752,-3.40202614,-3.40202614,24H
COST_030,GIGGLE/USDT,2026-08-11T16:00:00+00:00,2026-08-12T04:00:00+00:00,37.43,35.43,95.00000000,100.00000000,100.00000000,0.30000000,0.28397008,-5.34330751,-5.92727758,-5.92727758,STOP_LOSS
COST_030,TRX/USDT,2026-08-11T07:00:00+00:00,2026-08-12T07:00:00+00:00,0.3321,0.3362,87.00000000,87.00000000,100.00000000,0.30000000,0.30370370,1.23456790,0.63086420,0.63086420,24H
COST_030,BNB/USDT,2026-08-11T09:00:00+00:00,2026-08-12T09:00:00+00:00,607.19,613.7,87.00000000,86.00000000,100.00000000,0.30000000,0.30321646,1.07215204,0.46893559,0.46893559,24H
COST_030,KORUB/USDT,2026-08-11T14:00:00+00:00,2026-08-12T12:00:00+00:00,17.95,19.83,89.00000000,88.00000000,100.00000000,0.30000000,0.33142061,10.47353760,9.84211699,9.84211699,TAKE_PROFIT
COST_030,PLUME/USDT,2026-08-12T07:00:00+00:00,2026-08-12T17:00:00+00:00,0.01243,0.01172,92.00000000,97.00000000,100.00000000,0.30000000,0.28286404,-5.71198713,-6.29485117,-6.29485117,STOP_LOSS
COST_030,EDEN/USDT,2026-08-11T19:00:00+00:00,2026-08-12T19:00:00+00:00,0.04461,0.04504,84.00000000,84.00000000,100.00000000,0.30000000,0.30289173,0.96390944,0.36101771,0.36101771,24H
COST_030,DOGE/USDT,2026-08-11T22:00:00+00:00,2026-08-12T22:00:00+00:00,0.07235,0.06946,87.00000000,92.00000000,100.00000000,0.30000000,0.28801659,-3.99447132,-4.58248791,-4.58248791,24H
COST_030,WLD/USDT,2026-08-12T01:00:00+00:00,2026-08-13T01:00:00+00:00,0.3406,0.3298,90.00000000,95.00000000,100.00000000,0.30000000,0.29048738,-3.17087493,-3.76136230,-3.76136230,24H
COST_030,RE/USDT,2026-08-12T04:00:00+00:00,2026-08-13T04:00:00+00:00,0.436,0.4388,90.00000000,95.00000000,100.00000000,0.30000000,0.30192661,0.64220183,0.04027523,0.04027523,24H
COST_030,GRAM/USDT,2026-08-12T04:00:00+00:00,2026-08-13T04:00:00+00:00,1.361,1.338,81.00000000,80.00000000,100.00000000,0.30000000,0.29493020,-1.68993387,-2.28486407,-2.28486407,24H
COST_030,GPS/USDT,2026-08-12T09:00:00+00:00,2026-08-13T09:00:00+00:00,0.00981,0.01014,90.00000000,100.00000000,100.00000000,0.30000000,0.31009174,3.36391437,2.75382263,2.75382263,24H
COST_030,LINK/USDT,2026-08-12T12:00:00+00:00,2026-08-13T12:00:00+00:00,8.849,8.782,93.00000000,98.00000000,100.00000000,0.30000000,0.29772856,-0.75714770,-1.35487626,-1.35487626,24H
COST_030,HOME/USDT,2026-08-13T01:00:00+00:00,2026-08-13T12:00:00+00:00,0.00985,0.01114,89.00000000,88.00000000,100.00000000,0.30000000,0.33928934,13.09644670,12.45715736,12.45715736,TAKE_PROFIT
COST_030,SNDKB/USDT,2026-08-13T12:00:00+00:00,2026-08-13T15:00:00+00:00,1353.63,1532.99,90.00000000,95.00000000,100.00000000,0.30000000,0.33975089,13.25029735,12.61054646,12.61054646,TAKE_PROFIT
COST_030,RLUSD/USDT,2026-08-12T17:00:00+00:00,2026-08-13T17:00:00+00:00,1.0011,1.001,84.00000000,84.00000000,100.00000000,0.30000000,0.29997003,-0.00998901,-0.60995905,-0.60995905,24H
COST_030,EDEN/USDT,2026-08-12T22:00:00+00:00,2026-08-13T17:00:00+00:00,0.04569,0.05225,82.00000000,82.00000000,100.00000000,0.30000000,0.34307288,14.35762749,13.71455461,13.71455461,TAKE_PROFIT
COST_030,HOME/USDT,2026-08-13T12:00:00+00:00,2026-08-13T18:00:00+00:00,0.01114,0.01044,90.00000000,100.00000000,100.00000000,0.30000000,0.28114901,-6.28366248,-6.86481149,-6.86481149,STOP_LOSS
COST_030,EDEN/USDT,2026-08-13T17:00:00+00:00,2026-08-13T18:00:00+00:00,0.05225,0.05933,78.00000000,83.00000000,100.00000000,0.30000000,0.34065072,13.55023923,12.90958852,12.90958852,TAKE_PROFIT
COST_030,CRCLB/USDT,2026-08-12T19:00:00+00:00,2026-08-13T19:00:00+00:00,71.34,75.48,84.00000000,84.00000000,100.00000000,0.30000000,0.31740959,5.80319596,5.18578638,5.18578638,24H
COST_030,ACE/USDT,2026-08-13T17:00:00+00:00,2026-08-14T01:00:00+00:00,0.1152,0.1349,89.00000000,88.00000000,100.00000000,0.30000000,0.35130208,17.10069444,16.44939236,16.44939236,TAKE_PROFIT
COST_030,AVAX/USDT,2026-08-13T04:00:00+00:00,2026-08-14T04:00:00+00:00,6.505,6.433,86.00000000,86.00000000,100.00000000,0.30000000,0.29667948,-1.10684089,-1.70352037,-1.70352037,24H
COST_030,PUMP/USDT,2026-08-13T04:00:00+00:00,2026-08-14T04:00:00+00:00,0.002772,0.002918,82.00000000,82.00000000,100.00000000,0.30000000,0.31580087,5.26695527,4.65115440,4.65115440,24H
COST_030,RE/USDT,2026-08-13T09:00:00+00:00,2026-08-14T09:00:00+00:00,0.4494,0.4391,95.00000000,100.00000000,100.00000000,0.30000000,0.29312417,-2.29194482,-2.88506898,-2.88506898,24H
COST_030,DEXE/USDT,2026-08-13T18:00:00+00:00,2026-08-14T09:00:00+00:00,2.06,1.937,79.00000000,76.00000000,100.00000000,0.30000000,0.28208738,-5.97087379,-6.55296117,-6.55296117,STOP_LOSS
COST_030,CRCLB/USDT,2026-08-13T19:00:00+00:00,2026-08-14T14:00:00+00:00,75.48,71.49,90.00000000,100.00000000,100.00000000,0.30000000,0.28414149,-5.28616852,-5.87031002,-5.87031002,STOP_LOSS
COST_030,TAO/USDT,2026-08-14T01:00:00+00:00,2026-08-14T14:00:00+00:00,204.9,193.9,87.00000000,87.00000000,100.00000000,0.30000000,0.28389458,-5.36847243,-5.95236701,-5.95236701,STOP_LOSS
COST_030,WLD/USDT,2026-08-13T15:00:00+00:00,2026-08-14T15:00:00+00:00,0.3468,0.346,90.00000000,95.00000000,100.00000000,0.30000000,0.29930796,-0.23068051,-0.82998847,-0.82998847,24H
COST_030,HEI/USDT,2026-08-14T14:00:00+00:00,2026-08-14T15:00:00+00:00,0.153,0.1446,84.00000000,89.00000000,100.00000000,0.30000000,0.28352941,-5.49019608,-6.07372549,-6.07372549,STOP_LOSS
COST_030,PLUME/USDT,2026-08-13T17:00:00+00:00,2026-08-14T17:00:00+00:00,0.01251,0.01249,90.00000000,100.00000000,100.00000000,0.30000000,0.29952038,-0.15987210,-0.75939249,-0.75939249,24H
COST_030,RLUSD/USDT,2026-08-13T18:00:00+00:00,2026-08-14T18:00:00+00:00,1.0011,1.0012,87.00000000,87.00000000,100.00000000,0.30000000,0.30002997,0.00998901,-0.59004095,-0.59004095,24H
COST_030,HEI/USDT,2026-08-14T15:00:00+00:00,2026-08-14T18:00:00+00:00,0.1446,0.1335,89.00000000,81.00000000,100.00000000,0.30000000,0.27697095,-7.67634855,-8.25331950,-8.25331950,STOP_LOSS
COST_030,EDEN/USDT,2026-08-14T18:00:00+00:00,2026-08-15T00:00:00+00:00,0.06159,0.05846,84.00000000,76.00000000,100.00000000,0.30000000,0.28475402,-5.08199383,-5.66674785,-5.66674785,STOP_LOSS
COST_030,PUMP/USDT,2026-08-14T04:00:00+00:00,2026-08-15T03:00:00+00:00,0.002918,0.00274,87.00000000,86.00000000,100.00000000,0.30000000,0.28169979,-6.10006854,-6.68176833,-6.68176833,STOP_LOSS
COST_030,USDC/USDT,2026-08-14T04:00:00+00:00,2026-08-15T04:00:00+00:00,1.00088,1.00088,87.00000000,87.00000000,100.00000000,0.30000000,0.30000000,0.00000000,-0.60000000,-0.60000000,24H
COST_030,KORUB/USDT,2026-08-14T09:00:00+00:00,2026-08-15T09:00:00+00:00,22.26,21.65,89.00000000,88.00000000,100.00000000,0.30000000,0.29177898,-2.74034142,-3.33212040,-3.33212040,24H
COST_030,SOXLB/USDT,2026-08-14T09:00:00+00:00,2026-08-15T09:00:00+00:00,146.06,143.94,87.00000000,86.00000000,100.00000000,0.30000000,0.29564563,-1.45145830,-2.04710393,-2.04710393,24H
COST_030,MUB/USDT,2026-08-14T14:00:00+00:00,2026-08-15T14:00:00+00:00,969.36,976.11,83.00000000,75.00000000,100.00000000,0.30000000,0.30208901,0.69633573,0.09424672,0.09424672,24H
COST_030,HEMI/USDT,2026-08-15T09:00:00+00:00,2026-08-15T14:00:00+00:00,0.00533,0.00661,89.00000000,89.00000000,100.00000000,0.30000000,0.37204503,24.01500938,23.34296435,23.34296435,TAKE_PROFIT
COST_030,WLD/USDT,2026-08-14T15:00:00+00:00,2026-08-15T15:00:00+00:00,0.346,0.3458,89.00000000,88.00000000,100.00000000,0.30000000,0.29982659,-0.05780347,-0.65763006,-0.65763006,24H
COST_030,LINK/USDT,2026-08-14T18:00:00+00:00,2026-08-15T18:00:00+00:00,8.946,9.55,93.00000000,98.00000000,100.00000000,0.30000000,0.32025486,6.75162084,6.13136597,6.13136597,24H
COST_030,RED/USDT,2026-08-15T18:00:00+00:00,2026-08-15T21:00:00+00:00,0.0911,0.1067,90.00000000,100.00000000,100.00000000,0.30000000,0.35137212,17.12403952,16.47266740,16.47266740,TAKE_PROFIT
COST_030,AVAX/USDT,2026-08-15T04:00:00+00:00,2026-08-15T22:00:00+00:00,6.723,6.377,87.00000000,92.00000000,100.00000000,0.30000000,0.28456046,-5.14651197,-5.73107244,-5.73107244,STOP_LOSS
COST_030,CHIP/USDT,2026-08-15T14:00:00+00:00,2026-08-15T22:00:00+00:00,0.02506,0.02773,84.00000000,89.00000000,100.00000000,0.30000000,0.33196329,10.65442937,10.02246608,10.02246608,TAKE_PROFIT
COST_030,RE/USDT,2026-08-15T00:00:00+00:00,2026-08-16T00:00:00+00:00,0.4576,0.4645,92.00000000,97.00000000,100.00000000,0.30000000,0.30452360,1.50786713,0.90334353,0.90334353,24H
COST_030,RED/USDT,2026-08-15T22:00:00+00:00,2026-08-16T00:00:00+00:00,0.0941,0.0893,95.00000000,100.00000000,100.00000000,0.30000000,0.28469713,-5.10095643,-5.68565356,-5.68565356,STOP_LOSS
COST_030,HEMI/USDT,2026-08-15T14:00:00+00:00,2026-08-16T02:00:00+00:00,0.00661,0.00742,90.00000000,92.00000000,100.00000000,0.30000000,0.33676248,12.25416036,11.61739788,11.61739788,TAKE_PROFIT
COST_030,PLUME/USDT,2026-08-15T03:00:00+00:00,2026-08-16T03:00:00+00:00,0.01296,0.01293,95.00000000,100.00000000,100.00000000,0.30000000,0.29930556,-0.23148148,-0.83078704,-0.83078704,24H
COST_030,HEMI/USDT,2026-08-16T03:00:00+00:00,2026-08-16T07:00:00+00:00,0.00782,0.00864,92.00000000,89.00000000,100.00000000,0.30000000,0.33145780,10.48593350,9.85447570,9.85447570,TAKE_PROFIT
COST_030,HEMI/USDT,2026-08-16T07:00:00+00:00,2026-08-16T08:00:00+00:00,0.00864,0.00819,84.00000000,80.00000000,100.00000000,0.30000000,0.28437500,-5.20833333,-5.79270833,-5.79270833,STOP_LOSS
COST_030,U/USDT,2026-08-15T09:00:00+00:00,2026-08-16T09:00:00+00:00,1.0005,1.0004,84.00000000,84.00000000,100.00000000,0.30000000,0.29997001,-0.00999500,-0.60996502,-0.60996502,24H
COST_030,RE/USDT,2026-08-16T00:00:00+00:00,2026-08-16T12:00:00+00:00,0.4645,0.4389,89.00000000,88.00000000,100.00000000,0.30000000,0.28346609,-5.51130248,-6.09476857,-6.09476857,STOP_LOSS
COST_030,GPS/USDT,2026-08-16T02:00:00+00:00,2026-08-16T13:00:00+00:00,0.01063,0.01004,90.00000000,95.00000000,100.00000000,0.30000000,0.28334901,-5.55032926,-6.13367827,-6.13367827,STOP_LOSS
COST_030,EWYB/USDT,2026-08-15T15:00:00+00:00,2026-08-16T15:00:00+00:00,180.03,180.87,87.00000000,87.00000000,100.00000000,0.30000000,0.30139977,0.46658890,-0.13481086,-0.13481086,24H
COST_030,BEL/USDT,2026-08-16T09:00:00+00:00,2026-08-16T18:00:00+00:00,0.1072,0.1222,93.00000000,98.00000000,100.00000000,0.30000000,0.34197761,13.99253731,13.35055970,13.35055970,TAKE_PROFIT
COST_030,ONG/USDT,2026-08-15T21:00:00+00:00,2026-08-16T20:00:00+00:00,0.04832,0.05431,84.00000000,84.00000000,100.00000000,0.30000000,0.33718957,12.39652318,11.75933361,11.75933361,TAKE_PROFIT
COST_030,KORUB/USDT,2026-08-15T21:00:00+00:00,2026-08-16T21:00:00+00:00,21.81,21.98,81.00000000,80.00000000,100.00000000,0.30000000,0.30233838,0.77945896,0.17712059,0.17712059,24H
COST_030,OPN/USDT,2026-08-15T22:00:00+00:00,2026-08-16T22:00:00+00:00,0.0512,0.0513,87.00000000,87.00000000,100.00000000,0.30000000,0.30058594,0.19531250,-0.40527344,-0.40527344,24H
COST_030,WLFI/USDT,2026-08-16T00:00:00+00:00,2026-08-17T00:00:00+00:00,0.0578,0.0598,92.00000000,97.00000000,100.00000000,0.30000000,0.31038062,3.46020761,2.84982699,2.84982699,24H
COST_030,XPL/USDT,2026-08-16T08:00:00+00:00,2026-08-17T08:00:00+00:00,0.07803,0.07685,87.00000000,87.00000000,100.00000000,0.30000000,0.29546328,-1.51223888,-2.10770217,-2.10770217,24H
COST_030,PLUME/USDT,2026-08-16T13:00:00+00:00,2026-08-17T11:00:00+00:00,0.01317,0.01251,87.00000000,87.00000000,100.00000000,0.30000000,0.28496583,-5.01138952,-5.59635535,-5.59635535,STOP_LOSS
COST_030,RLUSD/USDT,2026-08-16T12:00:00+00:00,2026-08-17T12:00:00+00:00,1.0012,1.0012,84.00000000,84.00000000,100.00000000,0.30000000,0.30000000,0.00000000,-0.60000000,-0.60000000,24H
COST_030,SNXXB/USDT,2026-08-16T18:00:00+00:00,2026-08-17T13:00:00+00:00,16.67,18.97,93.00000000,98.00000000,100.00000000,0.30000000,0.34139172,13.79724055,13.15584883,13.15584883,TAKE_PROFIT
COST_030,WLD/USDT,2026-08-16T15:00:00+00:00,2026-08-17T15:00:00+00:00,0.3585,0.3607,95.00000000,100.00000000,100.00000000,0.30000000,0.30184100,0.61366806,0.01182706,0.01182706,24H
COST_030,CHIP/USDT,2026-08-17T08:00:00+00:00,2026-08-17T18:00:00+00:00,0.02993,0.02814,95.00000000,100.00000000,100.00000000,0.30000000,0.28205814,-5.98062145,-6.56267959,-6.56267959,STOP_LOSS
COST_030,BEL/USDT,2026-08-16T20:00:00+00:00,2026-08-17T20:00:00+00:00,0.1115,0.1082,87.00000000,87.00000000,100.00000000,0.30000000,0.29112108,-2.95964126,-3.55076233,-3.55076233,24H
COST_030,RARE/USDT,2026-08-16T21:00:00+00:00,2026-08-17T21:00:00+00:00,0.01217,0.01231,87.00000000,87.00000000,100.00000000,0.30000000,0.30345111,1.15036976,0.54691865,0.54691865,24H
COST_030,MUBARAK/USDT,2026-08-17T00:00:00+00:00,2026-08-17T21:00:00+00:00,0.0175,0.01661,92.00000000,97.00000000,100.00000000,0.30000000,0.28474286,-5.08571429,-5.67045714,-5.67045714,STOP_LOSS
COST_030,EUR/USDT,2026-08-16T22:00:00+00:00,2026-08-17T22:00:00+00:00,1.1583,1.159,81.00000000,80.00000000,100.00000000,0.30000000,0.30018130,0.06043339,-0.53974791,-0.53974791,24H
COST_030,SNXXB/USDT,2026-08-17T22:00:00+00:00,2026-08-18T01:00:00+00:00,19.6,18.22,89.00000000,88.00000000,100.00000000,0.30000000,0.27887755,-7.04081633,-7.61969388,-7.61969388,STOP_LOSS
COST_030,GPS/USDT,2026-08-17T12:00:00+00:00,2026-08-18T05:00:00+00:00,0.01554,0.0172,92.00000000,89.00000000,100.00000000,0.30000000,0.33204633,10.68211068,10.05006435,10.05006435,TAKE_PROFIT
COST_030,BMT/USDT,2026-08-17T18:00:00+00:00,2026-08-18T05:00:00+00:00,0.01605,0.01519,89.00000000,89.00000000,100.00000000,0.30000000,0.28392523,-5.35825545,-5.94218069,-5.94218069,STOP_LOSS
COST_030,EDEN/USDT,2026-08-18T05:00:00+00:00,2026-08-18T07:00:00+00:00,0.05105,0.05792,92.00000000,97.00000000,100.00000000,0.30000000,0.34037218,13.45739471,12.81702253,12.81702253,TAKE_PROFIT
COST_030,OPN/USDT,2026-08-17T20:00:00+00:00,2026-08-18T09:00:00+00:00,0.0527,0.0587,84.00000000,84.00000000,100.00000000,0.30000000,0.33415560,11.38519924,10.75104364,10.75104364,TAKE_PROFIT
COST_030,LINK/USDT,2026-08-17T11:00:00+00:00,2026-08-18T11:00:00+00:00,9.516,9.445,87.00000000,86.00000000,100.00000000,0.30000000,0.29776166,-0.74611181,-1.34387348,-1.34387348,24H
COST_030,ACE/USDT,2026-08-18T07:00:00+00:00,2026-08-18T12:00:00+00:00,0.191,0.2162,95.00000000,92.00000000,100.00000000,0.30000000,0.33958115,13.19371728,12.55413613,12.55413613,TAKE_PROFIT
COST_030,ACE/USDT,2026-08-18T12:00:00+00:00,2026-08-18T12:30:12.661268+00:00,0.2162,0.1913,95.00000000,92.00000000,100.00000000,0.30000000,0.26544866,-11.51711378,-12.08256244,-12.08256244,STOP_LOSS
COST_030,CRCLB/USDT,2026-08-17T13:00:00+00:00,2026-08-18T13:00:00+00:00,74.22,72.38,90.00000000,100.00000000,100.00000000,0.30000000,0.29256265,-2.47911614,-3.07167879,-3.07167879,24H
COST_030,ACE/USDT,2026-08-18T12:30:12.661268+00:00,2026-08-18T13:00:00+00:00,0.1913,0.2238,76.00000000,83.00000000,100.00000000,0.30000000,0.35096707,16.98902248,16.33805541,16.33805541,TAKE_PROFIT
COST_030,HEMI/USDT,2026-08-17T15:00:00+00:00,2026-08-18T14:00:00+00:00,0.00689,0.00646,92.00000000,97.00000000,100.00000000,0.30000000,0.28127721,-6.24092888,-6.82220610,-6.82220610,STOP_LOSS
COST_030,RED/USDT,2026-08-18T11:00:00+00:00,2026-08-18T15:00:00+00:00,0.0993,0.0921,89.00000000,80.00000000,100.00000000,0.30000000,0.27824773,-7.25075529,-7.82900302,-7.82900302,STOP_LOSS
COST_030,ONG/USDT,2026-08-18T01:00:00+00:00,2026-08-18T18:00:00+00:00,0.05805,0.05479,95.00000000,100.00000000,100.00000000,0.30000000,0.28315245,-5.61584841,-6.19900086,-6.19900086,STOP_LOSS
COST_030,AAVE/USDT,2026-08-17T21:00:00+00:00,2026-08-18T21:00:00+00:00,89.04,88.29,79.00000000,79.00000000,100.00000000,0.30000000,0.29747305,-0.84231806,-1.43979111,-1.43979111,24H
COST_030,ALLO/USDT,2026-08-17T21:00:00+00:00,2026-08-18T21:00:00+00:00,0.2909,0.2978,78.00000000,73.00000000,100.00000000,0.30000000,0.30711585,2.37194912,1.76483328,1.76483328,24H
COST_030,GPS/USDT,2026-08-18T18:00:00+00:00,2026-08-19T01:00:00+00:00,0.01835,0.0146,84.00000000,84.00000000,100.00000000,0.30000000,0.23869210,-20.43596730,-20.97465940,-20.97465940,STOP_LOSS
COST_030,BTC/USDT,2026-08-18T05:00:00+00:00,2026-08-19T05:00:00+00:00,64242.76,64236.01,81.00000000,81.00000000,100.00000000,0.30000000,0.29996848,-0.01050702,-0.61047550,-0.61047550,24H
COST_030,HEMI/USDT,2026-08-18T21:00:00+00:00,2026-08-19T05:00:00+00:00,0.00692,0.00832,84.00000000,84.00000000,100.00000000,0.30000000,0.36069364,20.23121387,19.57052023,19.57052023,TAKE_PROFIT
COST_030,POL/USDT,2026-08-18T09:00:00+00:00,2026-08-19T09:00:00+00:00,0.08099,0.08153,89.00000000,88.00000000,100.00000000,0.30000000,0.30200025,0.66674898,0.06474873,0.06474873,24H
COST_030,MUBARAK/USDT,2026-08-19T01:00:00+00:00,2026-08-19T09:00:00+00:00,0.0173,0.01908,80.00000000,72.00000000,100.00000000,0.30000000,0.33086705,10.28901734,9.65815029,9.65815029,TAKE_PROFIT
COST_030,ACE/USDT,2026-08-18T13:00:00+00:00,2026-08-19T12:00:00+00:00,0.2238,0.2061,90.00000000,92.00000000,100.00000000,0.30000000,0.27627346,-7.90884718,-8.48512064,-8.48512064,STOP_LOSS
COST_030,EUR/USDT,2026-08-18T13:00:00+00:00,2026-08-19T13:00:00+00:00,1.1594,1.1664,87.00000000,87.00000000,100.00000000,0.30000000,0.30181128,0.60376057,0.00194928,0.00194928,24H
COST_030,SOL/USDT,2026-08-18T14:00:00+00:00,2026-08-19T14:00:00+00:00,76.8,80.89,93.00000000,98.00000000,100.00000000,0.30000000,0.31597656,5.32552083,4.70954427,4.70954427,24H
COST_030,TREE/USDT,2026-08-19T12:00:00+00:00,2026-08-19T14:00:00+00:00,0.0343,0.0406,95.00000000,100.00000000,100.00000000,0.30000000,0.35510204,18.36734694,17.71224490,17.71224490,TAKE_PROFIT
COST_030,ETH/USDT,2026-08-18T15:00:00+00:00,2026-08-19T15:00:00+00:00,1917.7,2085.83,90.00000000,95.00000000,100.00000000,0.30000000,0.32630182,8.76727330,8.14097148,8.14097148,24H
COST_030,RE/USDT,2026-08-19T09:00:00+00:00,2026-08-19T15:00:00+00:00,0.4022,0.4585,79.00000000,76.00000000,100.00000000,0.30000000,0.34199403,13.99801094,13.35601691,13.35601691,TAKE_PROFIT
COST_030,ARB/USDT,2026-08-19T05:00:00+00:00,2026-08-19T19:00:00+00:00,0.0756,0.0834,78.00000000,73.00000000,100.00000000,0.30000000,0.33095238,10.31746032,9.68650794,9.68650794,TAKE_PROFIT
COST_030,ENA/USDT,2026-08-19T09:00:00+00:00,2026-08-19T20:00:00+00:00,0.0842,0.0928,78.00000000,72.00000000,100.00000000,0.30000000,0.33064133,10.21377672,9.58313539,9.58313539,TAKE_PROFIT
COST_030,PUMP/USDT,2026-08-18T21:00:00+00:00,2026-08-19T21:00:00+00:00,0.002972,0.003126,90.00000000,100.00000000,100.00000000,0.30000000,0.31554509,5.18169583,4.56615074,4.56615074,24H
COST_030,ONG/USDT,2026-08-19T05:00:00+00:00,2026-08-20T20:00:00+00:00,0.06047,0.17155,95.00000000,100.00000000,100.00000000,0.30000000,0.85108318,183.69439391,182.54331073,182.54331073,TAKE_PROFIT
COST_030,DOGE/USDT,2026-08-21T00:00:00+00:00,2026-08-21T21:00:00+00:00,0.0813,0.09169,70.00000000,65.00000000,100.00000000,0.30000000,0.33833948,12.77982780,12.14148831,12.14148831,TAKE_PROFIT
COST_030,TAO/USDT,2026-08-20T23:00:00+00:00,2026-08-21T23:00:00+00:00,214.9,229.9,72.00000000,67.00000000,100.00000000,0.30000000,0.32093997,6.97999069,6.35905072,6.35905072,24H
SCORE72_SL5TP10,ACE/USDT,2026-07-18T16:00:00+00:00,2026-07-18T20:00:00+00:00,0.0711,0.0662,75.00000000,70.00000000,100.00000000,0.10000000,0.09310830,-6.89170183,-7.08481013,-7.08481013,STOP_LOSS
SCORE72_SL5TP10,DEXE/USDT,2026-07-18T13:00:00+00:00,2026-07-19T06:00:00+00:00,36.519,34.466,75.00000000,70.00000000,100.00000000,0.10000000,0.09437827,-5.62173115,-5.81610942,-5.81610942,STOP_LOSS
SCORE72_SL5TP10,CHIP/USDT,2026-07-18T13:00:00+00:00,2026-07-19T13:00:00+00:00,0.03159,0.03049,75.00000000,70.00000000,100.00000000,0.10000000,0.09651789,-3.48211459,-3.67863248,-3.67863248,24H
SCORE72_SL5TP10,ALLO/USDT,2026-07-18T14:00:00+00:00,2026-07-19T14:00:00+00:00,0.4592,0.4639,72.00000000,67.00000000,100.00000000,0.10000000,0.10102352,1.02351916,0.82249564,0.82249564,24H
SCORE72_SL5TP10,HOME/USDT,2026-07-19T11:00:00+00:00,2026-07-19T16:00:00+00:00,0.00828,0.00774,72.00000000,67.00000000,100.00000000,0.10000000,0.09347826,-6.52173913,-6.71521739,-6.71521739,STOP_LOSS
SCORE72_SL5TP10,PUMP/USDT,2026-07-19T17:00:00+00:00,2026-07-19T21:00:00+00:00,0.001694,0.001928,73.00000000,68.00000000,100.00000000,0.10000000,0.11381346,13.81345927,13.59964581,13.59964581,TAKE_PROFIT
SCORE72_SL5TP10,CRCLB/USDT,2026-07-19T01:00:00+00:00,2026-07-20T01:00:00+00:00,61.4,60.65,73.00000000,68.00000000,100.00000000,0.10000000,0.09877850,-1.22149837,-1.42027687,-1.42027687,24H
SCORE72_SL5TP10,ONG/USDT,2026-07-19T02:00:00+00:00,2026-07-20T02:00:00+00:00,0.04859,0.04751,75.00000000,70.00000000,100.00000000,0.10000000,0.09777732,-2.22267956,-2.42045688,-2.42045688,24H
SCORE72_SL5TP10,PEPE/USDT,2026-07-19T06:00:00+00:00,2026-07-20T06:00:00+00:00,2.8e-06,2.82e-06,73.00000000,68.00000000,100.00000000,0.10000000,0.10071429,0.71428571,0.51357143,0.51357143,24H
SCORE72_SL5TP10,TAO/USDT,2026-07-19T06:00:00+00:00,2026-07-20T06:00:00+00:00,198.7,194.3,73.00000000,68.00000000,100.00000000,0.10000000,0.09778561,-2.21439356,-2.41217916,-2.41217916,24H
SCORE72_SL5TP10,HEMI/USDT,2026-07-19T13:00:00+00:00,2026-07-20T08:00:00+00:00,0.00457,0.00505,75.00000000,70.00000000,100.00000000,0.10000000,0.11050328,10.50328228,10.29277899,10.29277899,TAKE_PROFIT
SCORE72_SL5TP10,SUI/USDT,2026-07-19T10:00:00+00:00,2026-07-20T10:00:00+00:00,0.7543,0.7451,73.00000000,68.00000000,100.00000000,0.10000000,0.09878033,-1.21967387,-1.41845420,-1.41845420,24H
SCORE72_SL5TP10,EDEN/USDT,2026-07-19T11:00:00+00:00,2026-07-20T11:00:00+00:00,0.04335,0.04326,73.00000000,68.00000000,100.00000000,0.10000000,0.09979239,-0.20761246,-0.40740484,-0.40740484,24H
SCORE72_SL5TP10,ALLO/USDT,2026-07-19T15:00:00+00:00,2026-07-20T12:00:00+00:00,0.4711,0.4468,72.00000000,67.00000000,100.00000000,0.10000000,0.09484186,-5.15814052,-5.35298238,-5.35298238,STOP_LOSS
SCORE72_SL5TP10,EWYB/USDT,2026-07-19T22:00:00+00:00,2026-07-20T22:00:00+00:00,166.67,163.53,75.00000000,70.00000000,100.00000000,0.10000000,0.09811604,-1.88396232,-2.08207836,-2.08207836,24H
SCORE72_SL5TP10,LINK/USDT,2026-07-20T01:00:00+00:00,2026-07-21T01:00:00+00:00,8.422,8.592,73.00000000,68.00000000,100.00000000,0.10000000,0.10201852,2.01852292,1.81650439,1.81650439,24H
SCORE72_SL5TP10,HEMI/USDT,2026-07-20T22:00:00+00:00,2026-07-21T01:00:00+00:00,0.00686,0.00643,72.00000000,59.00000000,100.00000000,0.10000000,0.09373178,-6.26822157,-6.46195335,-6.46195335,STOP_LOSS
SCORE72_SL5TP10,TUT/USDT,2026-07-20T05:00:00+00:00,2026-07-21T03:00:00+00:00,0.01353,0.01501,72.00000000,67.00000000,100.00000000,0.10000000,0.11093865,10.93865484,10.72771619,10.72771619,TAKE_PROFIT
SCORE72_SL5TP10,SNDKB/USDT,2026-07-20T10:00:00+00:00,2026-07-21T10:00:00+00:00,1409.95,1499.3,75.00000000,70.00000000,100.00000000,0.10000000,0.10633710,6.33710415,6.13076705,6.13076705,24H
SCORE72_SL5TP10,PEPE/USDT,2026-07-20T11:00:00+00:00,2026-07-21T11:00:00+00:00,2.92e-06,2.92e-06,75.00000000,70.00000000,100.00000000,0.10000000,0.10000000,0.00000000,-0.20000000,-0.20000000,24H
SCORE72_SL5TP10,ETH/USDT,2026-07-20T11:00:00+00:00,2026-07-21T11:00:00+00:00,1893.2,1935.69,73.00000000,68.00000000,100.00000000,0.10000000,0.10224435,2.24434819,2.04210385,2.04210385,24H
SCORE72_SL5TP10,SUI/USDT,2026-07-20T11:00:00+00:00,2026-07-21T11:00:00+00:00,0.7547,0.7694,73.00000000,68.00000000,100.00000000,0.10000000,0.10194779,1.94779383,1.74584603,1.74584603,24H
SCORE72_SL5TP10,XRP/USDT,2026-07-20T11:00:00+00:00,2026-07-21T11:00:00+00:00,1.1059,1.1363,73.00000000,68.00000000,100.00000000,0.10000000,0.10274889,2.74889230,2.54614341,2.54614341,24H
SCORE72_SL5TP10,NEAR/USDT,2026-07-20T13:00:00+00:00,2026-07-21T13:00:00+00:00,1.965,1.988,73.00000000,68.00000000,100.00000000,0.10000000,0.10117048,1.17048346,0.96931298,0.96931298,24H
SCORE72_SL5TP10,MUB/USDT,2026-07-21T01:00:00+00:00,2026-07-21T16:00:00+00:00,886.11,977.63,73.00000000,68.00000000,100.00000000,0.10000000,0.11032829,10.32828881,10.11796052,10.11796052,TAKE_PROFIT
SCORE72_SL5TP10,RED/USDT,2026-07-21T01:00:00+00:00,2026-07-22T01:00:00+00:00,0.1032,0.1011,75.00000000,70.00000000,100.00000000,0.10000000,0.09796512,-2.03488372,-2.23284884,-2.23284884,24H
SCORE72_SL5TP10,EWYB/USDT,2026-07-21T03:00:00+00:00,2026-07-22T03:00:00+00:00,169.44,173.83,75.00000000,70.00000000,100.00000000,0.10000000,0.10259089,2.59088763,2.38829674,2.38829674,24H
SCORE72_SL5TP10,OPN/USDT,2026-07-22T05:00:00+00:00,2026-07-22T09:00:00+00:00,0.0695,0.0653,72.00000000,67.00000000,100.00000000,0.10000000,0.09395683,-6.04316547,-6.23712230,-6.23712230,STOP_LOSS
SCORE72_SL5TP10,GIGGLE/USDT,2026-07-21T10:00:00+00:00,2026-07-22T10:00:00+00:00,26.85,26.34,73.00000000,68.00000000,100.00000000,0.10000000,0.09810056,-1.89944134,-2.09754190,-2.09754190,24H
SCORE72_SL5TP10,XPL/USDT,2026-07-21T11:00:00+00:00,2026-07-22T11:00:00+00:00,0.08624,0.08443,73.00000000,68.00000000,100.00000000,0.10000000,0.09790121,-2.09879406,-2.29669527,-2.29669527,24H
SCORE72_SL5TP10,ALLO/USDT,2026-07-21T11:00:00+00:00,2026-07-22T11:00:00+00:00,0.4945,0.5002,72.00000000,67.00000000,100.00000000,0.10000000,0.10115268,1.15267947,0.95152679,0.95152679,24H
SCORE72_SL5TP10,SOXLB/USDT,2026-07-21T14:00:00+00:00,2026-07-22T11:00:00+00:00,154.98,146.09,73.00000000,68.00000000,100.00000000,0.10000000,0.09426378,-5.73622403,-5.93048780,-5.93048780,STOP_LOSS
SCORE72_SL5TP10,ALPINE/USDT,2026-07-21T12:00:00+00:00,2026-07-22T12:00:00+00:00,0.312,0.311,73.00000000,68.00000000,100.00000000,0.10000000,0.09967949,-0.32051282,-0.52019231,-0.52019231,24H
SCORE72_SL5TP10,SKHYB/USDT,2026-07-21T13:00:00+00:00,2026-07-22T13:00:00+00:00,163.9,168.61,73.00000000,68.00000000,100.00000000,0.10000000,0.10287370,2.87370348,2.67082977,2.67082977,24H
SCORE72_SL5TP10,LTC/USDT,2026-07-21T14:00:00+00:00,2026-07-22T14:00:00+00:00,47.81,46.79,73.00000000,68.00000000,100.00000000,0.10000000,0.09786656,-2.13344489,-2.33131144,-2.33131144,24H
SCORE72_SL5TP10,GRAM/USDT,2026-07-21T16:00:00+00:00,2026-07-22T16:00:00+00:00,1.518,1.517,72.00000000,67.00000000,100.00000000,0.10000000,0.09993412,-0.06587615,-0.26581028,-0.26581028,24H
SCORE72_SL5TP10,BICO/USDT,2026-07-22T03:00:00+00:00,2026-07-23T03:00:00+00:00,0.01388,0.01377,73.00000000,68.00000000,100.00000000,0.10000000,0.09920749,-0.79250720,-0.99171470,-0.99171470,24H
SCORE72_SL5TP10,PLUME/USDT,2026-07-22T09:00:00+00:00,2026-07-23T06:00:00+00:00,0.01178,0.01111,73.00000000,68.00000000,100.00000000,0.10000000,0.09431239,-5.68760611,-5.88191851,-5.88191851,STOP_LOSS
SCORE72_SL5TP10,ONDO/USDT,2026-07-22T10:00:00+00:00,2026-07-23T10:00:00+00:00,0.4109,0.4035,75.00000000,70.00000000,100.00000000,0.10000000,0.09819908,-1.80092480,-1.99912387,-1.99912387,24H
SCORE72_SL5TP10,ENA/USDT,2026-07-22T11:00:00+00:00,2026-07-23T11:00:00+00:00,0.0888,0.0916,75.00000000,70.00000000,100.00000000,0.10000000,0.10315315,3.15315315,2.95000000,2.95000000,24H
SCORE72_SL5TP10,UNI/USDT,2026-07-22T11:00:00+00:00,2026-07-23T11:00:00+00:00,3.785,3.83,75.00000000,70.00000000,100.00000000,0.10000000,0.10118890,1.18890357,0.98771466,0.98771466,24H
SCORE72_SL5TP10,CHIP/USDT,2026-07-22T12:00:00+00:00,2026-07-23T12:00:00+00:00,0.0311,0.03006,75.00000000,70.00000000,100.00000000,0.10000000,0.09665595,-3.34405145,-3.54070740,-3.54070740,24H
SCORE72_SL5TP10,AAVE/USDT,2026-07-22T13:00:00+00:00,2026-07-23T13:00:00+00:00,97.91,96.11,75.00000000,70.00000000,100.00000000,0.10000000,0.09816158,-1.83842304,-2.03658462,-2.03658462,24H
SCORE72_SL5TP10,SKHYB/USDT,2026-07-22T14:00:00+00:00,2026-07-23T14:00:00+00:00,166.79,172.97,75.00000000,70.00000000,100.00000000,0.10000000,0.10370526,3.70525811,3.50155285,3.50155285,24H
SCORE72_SL5TP10,OPN/USDT,2026-07-23T06:00:00+00:00,2026-07-23T15:00:00+00:00,0.0718,0.0669,73.00000000,68.00000000,100.00000000,0.10000000,0.09317549,-6.82451253,-7.01768802,-7.01768802,STOP_LOSS
SCORE72_SL5TP10,WLD/USDT,2026-07-22T16:00:00+00:00,2026-07-23T16:00:00+00:00,0.3938,0.3766,75.00000000,70.00000000,100.00000000,0.10000000,0.09563230,-4.36769934,-4.56333164,-4.56333164,24H
SCORE72_SL5TP10,SNDKB/USDT,2026-07-23T16:00:00+00:00,2026-07-24T02:00:00+00:00,1667.76,1576.22,72.00000000,67.00000000,100.00000000,0.10000000,0.09451120,-5.48879935,-5.68331055,-5.68331055,STOP_LOSS
SCORE72_SL5TP10,SOXLB/USDT,2026-07-23T20:00:00+00:00,2026-07-24T02:00:00+00:00,162.95,151.66,75.00000000,70.00000000,100.00000000,0.10000000,0.09307149,-6.92850568,-7.12157717,-7.12157717,STOP_LOSS
SCORE72_SL5TP10,GRAM/USDT,2026-07-23T03:00:00+00:00,2026-07-24T03:00:00+00:00,1.516,1.455,73.00000000,68.00000000,100.00000000,0.10000000,0.09597625,-4.02374670,-4.21972296,-4.21972296,24H
SCORE72_SL5TP10,OPN/USDT,2026-07-24T05:00:00+00:00,2026-07-24T08:00:00+00:00,0.0694,0.0627,75.00000000,70.00000000,100.00000000,0.10000000,0.09034582,-9.65417867,-9.84452450,-9.84452450,STOP_LOSS
SCORE72_SL5TP10,KAITO/USDT,2026-07-23T10:00:00+00:00,2026-07-24T10:00:00+00:00,1.032,1.0396,75.00000000,70.00000000,100.00000000,0.10000000,0.10073643,0.73643411,0.53569767,0.53569767,24H
SCORE72_SL5TP10,PLUME/USDT,2026-07-23T12:00:00+00:00,2026-07-24T12:00:00+00:00,0.01154,0.01121,75.00000000,70.00000000,100.00000000,0.10000000,0.09714038,-2.85961872,-3.05675910,-3.05675910,24H
SCORE72_SL5TP10,KAITO/USDT,2026-07-24T10:00:00+00:00,2026-07-24T12:00:00+00:00,1.0396,0.9876,73.00000000,68.00000000,100.00000000,0.10000000,0.09499808,-5.00192382,-5.19692189,-5.19692189,STOP_LOSS
SCORE72_SL5TP10,BMT/USDT,2026-07-23T13:00:00+00:00,2026-07-24T13:00:00+00:00,0.01269,0.01204,73.00000000,68.00000000,100.00000000,0.10000000,0.09487786,-5.12214342,-5.31702128,-5.31702128,STOP_LOSS
SCORE72_SL5TP10,HEI/USDT,2026-07-24T04:00:00+00:00,2026-07-24T17:00:00+00:00,0.1056,0.0995,72.00000000,67.00000000,100.00000000,0.10000000,0.09422348,-5.77651515,-5.97073864,-5.97073864,STOP_LOSS
SCORE72_SL5TP10,HOME/USDT,2026-07-24T14:00:00+00:00,2026-07-24T18:00:00+00:00,0.00689,0.00654,72.00000000,67.00000000,100.00000000,0.10000000,0.09492017,-5.07982583,-5.27474601,-5.27474601,STOP_LOSS
SCORE72_SL5TP10,XPL/USDT,2026-07-24T17:00:00+00:00,2026-07-25T03:00:00+00:00,0.08689,0.08214,75.00000000,70.00000000,100.00000000,0.10000000,0.09453332,-5.46668201,-5.66121533,-5.66121533,STOP_LOSS
SCORE72_SL5TP10,UNI/USDT,2026-07-24T06:00:00+00:00,2026-07-25T06:00:00+00:00,3.858,3.679,75.00000000,70.00000000,100.00000000,0.10000000,0.09536029,-4.63970969,-4.83506998,-4.83506998,24H
SCORE72_SL5TP10,HEMI/USDT,2026-07-24T19:00:00+00:00,2026-07-25T06:00:00+00:00,0.00532,0.00505,75.00000000,70.00000000,100.00000000,0.10000000,0.09492481,-5.07518797,-5.27011278,-5.27011278,STOP_LOSS
SCORE72_SL5TP10,RE/USDT,2026-07-25T07:00:00+00:00,2026-07-25T09:00:00+00:00,0.6078,0.5587,75.00000000,70.00000000,100.00000000,0.10000000,0.09192168,-8.07831524,-8.27023692,-8.27023692,STOP_LOSS
SCORE72_SL5TP10,PLUME/USDT,2026-07-24T14:00:00+00:00,2026-07-25T14:00:00+00:00,0.01141,0.01178,73.00000000,68.00000000,100.00000000,0.10000000,0.10324277,3.24276950,3.03952673,3.03952673,24H
SCORE72_SL5TP10,GPS/USDT,2026-07-24T15:00:00+00:00,2026-07-25T15:00:00+00:00,0.00935,0.00934,75.00000000,70.00000000,100.00000000,0.10000000,0.09989305,-0.10695187,-0.30684492,-0.30684492,24H
SCORE72_SL5TP10,TUT/USDT,2026-07-24T21:00:00+00:00,2026-07-25T21:00:00+00:00,0.01452,0.01538,75.00000000,70.00000000,100.00000000,0.10000000,0.10592287,5.92286501,5.71694215,5.71694215,24H
SCORE72_SL5TP10,TREE/USDT,2026-07-25T00:00:00+00:00,2026-07-26T00:00:00+00:00,0.0394,0.0381,73.00000000,68.00000000,100.00000000,0.10000000,0.09670051,-3.29949239,-3.49619289,-3.49619289,24H
SCORE72_SL5TP10,ALPINE/USDT,2026-07-25T13:00:00+00:00,2026-07-26T13:00:00+00:00,0.314,0.315,75.00000000,70.00000000,100.00000000,0.10000000,0.10031847,0.31847134,0.11815287,0.11815287,24H
SCORE72_SL5TP10,PLUME/USDT,2026-07-26T00:00:00+00:00,2026-07-27T00:00:00+00:00,0.01208,0.01206,75.00000000,70.00000000,100.00000000,0.10000000,0.09983444,-0.16556291,-0.36539735,-0.36539735,24H
SCORE72_SL5TP10,MUBARAK/USDT,2026-07-26T02:00:00+00:00,2026-07-27T02:00:00+00:00,0.01087,0.01097,73.00000000,68.00000000,100.00000000,0.10000000,0.10091996,0.91996320,0.71904324,0.71904324,24H
SCORE72_SL5TP10,TUT/USDT,2026-07-26T11:00:00+00:00,2026-07-27T11:00:00+00:00,0.01586,0.01599,72.00000000,67.00000000,100.00000000,0.10000000,0.10081967,0.81967213,0.61885246,0.61885246,24H
SCORE72_SL5TP10,SOXLB/USDT,2026-07-27T00:00:00+00:00,2026-07-27T13:00:00+00:00,146.06,132.14,93.00000000,98.00000000,100.00000000,0.10000000,0.09046967,-9.53033000,-9.72079967,-9.72079967,STOP_LOSS
SCORE72_SL5TP10,ONDO/USDT,2026-07-26T16:00:00+00:00,2026-07-27T16:00:00+00:00,0.4062,0.4094,90.00000000,100.00000000,100.00000000,0.10000000,0.10078779,0.78778927,0.58700148,0.58700148,24H
SCORE72_SL5TP10,USDE/USDT,2026-07-26T16:00:00+00:00,2026-07-27T16:00:00+00:00,1.0009,1.0009,87.00000000,87.00000000,100.00000000,0.10000000,0.10000000,0.00000000,-0.20000000,-0.20000000,24H
SCORE72_SL5TP10,PAXG/USDT,2026-07-26T16:00:00+00:00,2026-07-27T16:00:00+00:00,4063.01,4078.89,84.00000000,84.00000000,100.00000000,0.10000000,0.10039084,0.39084324,0.19045240,0.19045240,24H
SCORE72_SL5TP10,AAVE/USDT,2026-07-26T16:00:00+00:00,2026-07-27T16:00:00+00:00,97,99.73,82.00000000,86.00000000,100.00000000,0.10000000,0.10281443,2.81443299,2.61161856,2.61161856,24H
SCORE72_SL5TP10,UNI/USDT,2026-07-26T16:00:00+00:00,2026-07-27T16:00:00+00:00,3.912,3.854,82.00000000,87.00000000,100.00000000,0.10000000,0.09851738,-1.48261759,-1.68113497,-1.68113497,24H
SCORE72_SL5TP10,BNB/USDT,2026-07-26T16:00:00+00:00,2026-07-27T16:00:00+00:00,573.34,571.82,81.00000000,80.00000000,100.00000000,0.10000000,0.09973489,-0.26511320,-0.46484808,-0.46484808,24H
SCORE72_SL5TP10,PLUME/USDT,2026-07-27T02:00:00+00:00,2026-07-27T17:00:00+00:00,0.01231,0.01166,90.00000000,95.00000000,100.00000000,0.10000000,0.09471974,-5.28025995,-5.47497969,-5.47497969,STOP_LOSS
SCORE72_SL5TP10,KAITO/USDT,2026-07-27T16:00:00+00:00,2026-07-28T09:00:00+00:00,1.2228,1.1586,79.00000000,79.00000000,100.00000000,0.10000000,0.09474975,-5.25024534,-5.44499509,-5.44499509,STOP_LOSS
SCORE72_SL5TP10,ONDO/USDT,2026-07-27T16:00:00+00:00,2026-07-28T10:00:00+00:00,0.4094,0.3866,77.00000000,63.00000000,100.00000000,0.10000000,0.09443087,-5.56912555,-5.76355642,-5.76355642,STOP_LOSS
SCORE72_SL5TP10,BCH/USDT,2026-07-27T11:00:00+00:00,2026-07-28T11:00:00+00:00,219.2,212.7,87.00000000,87.00000000,100.00000000,0.10000000,0.09703467,-2.96532847,-3.16236314,-3.16236314,24H
SCORE72_SL5TP10,TREE/USDT,2026-07-27T17:00:00+00:00,2026-07-28T13:00:00+00:00,0.0395,0.0374,87.00000000,86.00000000,100.00000000,0.10000000,0.09468354,-5.31645570,-5.51113924,-5.51113924,STOP_LOSS
SCORE72_SL5TP10,RLUSD/USDT,2026-07-27T16:00:00+00:00,2026-07-28T16:00:00+00:00,1.0013,1.0011,87.00000000,87.00000000,100.00000000,0.10000000,0.09998003,-0.01997403,-0.21995406,-0.21995406,24H
SCORE72_SL5TP10,MSTRB/USDT,2026-07-27T16:00:00+00:00,2026-07-28T16:00:00+00:00,97.4,98.12,81.00000000,86.00000000,100.00000000,0.10000000,0.10073922,0.73921971,0.53848049,0.53848049,24H
SCORE72_SL5TP10,USD1/USDT,2026-07-27T16:00:00+00:00,2026-07-28T16:00:00+00:00,0.9999,0.99978,81.00000000,80.00000000,100.00000000,0.10000000,0.09998800,-0.01200120,-0.21198920,-0.21198920,24H
SCORE72_SL5TP10,USDC/USDT,2026-07-27T16:00:00+00:00,2026-07-28T16:00:00+00:00,1.00095,1.00085,81.00000000,80.00000000,100.00000000,0.10000000,0.09999001,-0.00999051,-0.20998052,-0.20998052,24H
SCORE72_SL5TP10,GPS/USDT,2026-07-28T09:00:00+00:00,2026-07-29T09:00:00+00:00,0.00949,0.00963,92.00000000,97.00000000,100.00000000,0.10000000,0.10147524,1.47523709,1.27376185,1.27376185,24H
SCORE72_SL5TP10,XUSD/USDT,2026-07-28T10:00:00+00:00,2026-07-29T10:00:00+00:00,1.0014,1.0012,87.00000000,87.00000000,100.00000000,0.10000000,0.09998003,-0.01997204,-0.21995207,-0.21995207,24H
SCORE72_SL5TP10,UNI/USDT,2026-07-28T11:00:00+00:00,2026-07-29T11:00:00+00:00,3.821,4.049,85.00000000,87.00000000,100.00000000,0.10000000,0.10596702,5.96702434,5.76105731,5.76105731,24H
SCORE72_SL5TP10,U/USDT,2026-07-28T13:00:00+00:00,2026-07-29T13:00:00+00:00,1.0008,1.0008,87.00000000,87.00000000,100.00000000,0.10000000,0.10000000,0.00000000,-0.20000000,-0.20000000,24H
SCORE72_SL5TP10,AAVE/USDT,2026-07-28T16:00:00+00:00,2026-07-29T16:00:00+00:00,101.26,98.73,95.00000000,100.00000000,100.00000000,0.10000000,0.09750148,-2.49851866,-2.69602015,-2.69602015,24H
SCORE72_SL5TP10,ONDO/USDT,2026-07-28T16:00:00+00:00,2026-07-29T16:00:00+00:00,0.4088,0.3937,89.00000000,88.00000000,100.00000000,0.10000000,0.09630626,-3.69373777,-3.89004403,-3.89004403,24H
SCORE72_SL5TP10,CRCLB/USDT,2026-07-28T16:00:00+00:00,2026-07-29T16:00:00+00:00,65.84,62.66,84.00000000,84.00000000,100.00000000,0.10000000,0.09517011,-4.82989064,-5.02506075,-5.02506075,24H
SCORE72_SL5TP10,AVAX/USDT,2026-07-28T16:00:00+00:00,2026-07-29T16:00:00+00:00,6.56,6.385,77.00000000,73.00000000,100.00000000,0.10000000,0.09733232,-2.66768293,-2.86501524,-2.86501524,24H
SCORE72_SL5TP10,RE/USDT,2026-07-29T16:00:00+00:00,2026-07-29T18:00:00+00:00,0.4686,0.5159,79.00000000,76.00000000,100.00000000,0.10000000,0.11009390,10.09389671,9.88380282,9.88380282,TAKE_PROFIT
SCORE72_SL5TP10,MSTRB/USDT,2026-07-29T09:00:00+00:00,2026-07-29T20:00:00+00:00,98.27,92.93,90.00000000,95.00000000,100.00000000,0.10000000,0.09456599,-5.43400834,-5.62857434,-5.62857434,STOP_LOSS
SCORE72_SL5TP10,KAITO/USDT,2026-07-29T16:00:00+00:00,2026-07-29T22:00:00+00:00,1.3585,1.2739,90.00000000,100.00000000,100.00000000,0.10000000,0.09377254,-6.22745675,-6.42122930,-6.42122930,STOP_LOSS
SCORE72_SL5TP10,RE/USDT,2026-07-29T20:00:00+00:00,2026-07-30T08:00:00+00:00,0.5047,0.4758,89.00000000,89.00000000,100.00000000,0.10000000,0.09427383,-5.72617396,-5.92044779,-5.92044779,STOP_LOSS
SCORE72_SL5TP10,MUBARAK/USDT,2026-07-29T10:00:00+00:00,2026-07-30T10:00:00+00:00,0.01135,0.01113,89.00000000,89.00000000,100.00000000,0.10000000,0.09806167,-1.93832599,-2.13638767,-2.13638767,24H
SCORE72_SL5TP10,UNI/USDT,2026-07-29T11:00:00+00:00,2026-07-30T11:00:00+00:00,4.049,4.13,90.00000000,100.00000000,100.00000000,0.10000000,0.10200049,2.00049395,1.79849346,1.79849346,24H
SCORE72_SL5TP10,GPS/USDT,2026-07-29T13:00:00+00:00,2026-07-30T13:00:00+00:00,0.00979,0.00991,93.00000000,98.00000000,100.00000000,0.10000000,0.10122574,1.22574055,1.02451481,1.02451481,24H
SCORE72_SL5TP10,U/USDT,2026-07-29T16:00:00+00:00,2026-07-30T16:00:00+00:00,1.0009,1.0007,87.00000000,87.00000000,100.00000000,0.10000000,0.09998002,-0.01998202,-0.21996203,-0.21996203,24H
SCORE72_SL5TP10,RLUSD/USDT,2026-07-29T16:00:00+00:00,2026-07-30T16:00:00+00:00,1.0014,1.001,81.00000000,80.00000000,100.00000000,0.10000000,0.09996006,-0.03994408,-0.23990413,-0.23990413,24H
SCORE72_SL5TP10,ADA/USDT,2026-07-29T18:00:00+00:00,2026-07-30T18:00:00+00:00,0.1679,0.1723,84.00000000,89.00000000,100.00000000,0.10000000,0.10262061,2.62060750,2.41798690,2.41798690,24H
SCORE72_SL5TP10,ONDO/USDT,2026-07-29T22:00:00+00:00,2026-07-30T22:00:00+00:00,0.4051,0.4168,74.00000000,63.00000000,100.00000000,0.10000000,0.10288818,2.88817576,2.68528758,2.68528758,24H
SCORE72_SL5TP10,MUBARAK/USDT,2026-07-30T11:00:00+00:00,2026-07-31T07:00:00+00:00,0.01142,0.01316,95.00000000,100.00000000,100.00000000,0.10000000,0.11523643,15.23642732,15.02119089,15.02119089,TAKE_PROFIT
SCORE72_SL5TP10,BNB/USDT,2026-07-30T08:00:00+00:00,2026-07-31T08:00:00+00:00,578.76,592.74,90.00000000,95.00000000,100.00000000,0.10000000,0.10241551,2.41550902,2.21309351,2.21309351,24H
SCORE72_SL5TP10,PAXG/USDT,2026-07-30T10:00:00+00:00,2026-07-31T10:00:00+00:00,4076.31,4054.75,81.00000000,81.00000000,100.00000000,0.10000000,0.09947109,-0.52890972,-0.72838082,-0.72838082,24H
SCORE72_SL5TP10,SPCXB/USDT,2026-07-30T13:00:00+00:00,2026-07-31T13:00:00+00:00,117.25,109.44,89.00000000,89.00000000,100.00000000,0.10000000,0.09333902,-6.66098081,-6.85431983,-6.85431983,STOP_LOSS
SCORE72_SL5TP10,AAVE/USDT,2026-07-30T16:00:00+00:00,2026-07-31T16:00:00+00:00,100.23,96.59,90.00000000,95.00000000,100.00000000,0.10000000,0.09636835,-3.63164721,-3.82801556,-3.82801556,24H
SCORE72_SL5TP10,SUI/USDT,2026-07-30T16:00:00+00:00,2026-07-31T16:00:00+00:00,0.7013,0.6843,84.00000000,84.00000000,100.00000000,0.10000000,0.09757593,-2.42406959,-2.62164552,-2.62164552,24H
SCORE72_SL5TP10,FIL/USDT,2026-07-30T18:00:00+00:00,2026-07-31T18:00:00+00:00,0.7153,0.7209,89.00000000,89.00000000,100.00000000,0.10000000,0.10078289,0.78288830,0.58210541,0.58210541,24H
SCORE72_SL5TP10,MUBARAK/USDT,2026-07-31T16:00:00+00:00,2026-07-31T20:00:00+00:00,0.01371,0.01259,90.00000000,100.00000000,100.00000000,0.10000000,0.09183078,-8.16921955,-8.36105033,-8.36105033,STOP_LOSS
SCORE72_SL5TP10,PUMP/USDT,2026-07-30T22:00:00+00:00,2026-07-31T22:00:00+00:00,0.001999,0.002031,87.00000000,86.00000000,100.00000000,0.10000000,0.10160080,1.60080040,1.39919960,1.39919960,24H
SCORE72_SL5TP10,TUT/USDT,2026-07-31T07:00:00+00:00,2026-08-01T07:00:00+00:00,0.01537,0.01591,95.00000000,100.00000000,100.00000000,0.10000000,0.10351334,3.51333767,3.30982433,3.30982433,24H
SCORE72_SL5TP10,UNI/USDT,2026-07-31T22:00:00+00:00,2026-08-01T07:00:00+00:00,4.334,4.099,82.00000000,82.00000000,100.00000000,0.10000000,0.09457776,-5.42224273,-5.61682049,-5.61682049,STOP_LOSS
SCORE72_SL5TP10,BMT/USDT,2026-07-31T08:00:00+00:00,2026-08-01T08:00:00+00:00,0.01145,0.01176,87.00000000,87.00000000,100.00000000,0.10000000,0.10270742,2.70742358,2.50471616,2.50471616,24H
SCORE72_SL5TP10,GIGGLE/USDT,2026-08-01T07:00:00+00:00,2026-08-01T09:00:00+00:00,48.7,45.2,89.00000000,80.00000000,100.00000000,0.10000000,0.09281314,-7.18685832,-7.37967146,-7.37967146,STOP_LOSS
SCORE72_SL5TP10,ALPINE/USDT,2026-07-31T10:00:00+00:00,2026-08-01T10:00:00+00:00,0.316,0.32,84.00000000,84.00000000,100.00000000,0.10000000,0.10126582,1.26582278,1.06455696,1.06455696,24H
SCORE72_SL5TP10,USD1/USDT,2026-07-31T13:00:00+00:00,2026-08-01T13:00:00+00:00,1.00007,0.9999,76.00000000,71.00000000,100.00000000,0.10000000,0.09998300,-0.01699881,-0.21698181,-0.21698181,24H
SCORE72_SL5TP10,ADA/USDT,2026-07-31T16:00:00+00:00,2026-08-01T16:00:00+00:00,0.1709,0.1742,84.00000000,83.00000000,100.00000000,0.10000000,0.10193095,1.93095377,1.72902282,1.72902282,24H
SCORE72_SL5TP10,EURI/USDT,2026-07-31T18:00:00+00:00,2026-08-01T18:00:00+00:00,1.1533,1.1524,84.00000000,84.00000000,100.00000000,0.10000000,0.09992196,-0.07803694,-0.27795890,-0.27795890,24H
SCORE72_SL5TP10,EUR/USDT,2026-07-31T20:00:00+00:00,2026-08-01T20:00:00+00:00,1.1535,1.1531,84.00000000,84.00000000,100.00000000,0.10000000,0.09996532,-0.03467707,-0.23464239,-0.23464239,24H
SCORE72_SL5TP10,HOME/USDT,2026-08-01T09:00:00+00:00,2026-08-02T00:00:00+00:00,0.00591,0.00658,84.00000000,89.00000000,100.00000000,0.10000000,0.11133672,11.33671743,11.12538071,11.12538071,TAKE_PROFIT
SCORE72_SL5TP10,USDE/USDT,2026-08-01T07:00:00+00:00,2026-08-02T07:00:00+00:00,1.0009,1.0005,84.00000000,84.00000000,100.00000000,0.10000000,0.09996004,-0.03996403,-0.23992407,-0.23992407,24H
SCORE72_SL5TP10,TUT/USDT,2026-08-01T08:00:00+00:00,2026-08-02T08:00:00+00:00,0.0166,0.0175,95.00000000,100.00000000,100.00000000,0.10000000,0.10542169,5.42168675,5.21626506,5.21626506,24H
SCORE72_SL5TP10,BMT/USDT,2026-08-01T10:00:00+00:00,2026-08-02T10:00:00+00:00,0.01188,0.01177,78.00000000,72.00000000,100.00000000,0.10000000,0.09907407,-0.92592593,-1.12500000,-1.12500000,24H
SCORE72_SL5TP10,GPS/USDT,2026-08-01T13:00:00+00:00,2026-08-02T13:00:00+00:00,0.00946,0.00943,83.00000000,85.00000000,100.00000000,0.10000000,0.09968288,-0.31712474,-0.51680761,-0.51680761,24H
SCORE72_SL5TP10,KAITO/USDT,2026-08-01T18:00:00+00:00,2026-08-02T13:00:00+00:00,1.2084,1.0894,95.00000000,100.00000000,100.00000000,0.10000000,0.09015227,-9.84773254,-10.03788481,-10.03788481,STOP_LOSS
SCORE72_SL5TP10,GIGGLE/USDT,2026-08-02T13:00:00+00:00,2026-08-02T15:00:00+00:00,44.4,42.15,84.00000000,76.00000000,100.00000000,0.10000000,0.09493243,-5.06756757,-5.26250000,-5.26250000,STOP_LOSS
SCORE72_SL5TP10,PEPE/USDT,2026-08-01T16:00:00+00:00,2026-08-02T16:00:00+00:00,2.78e-06,2.91e-06,87.00000000,87.00000000,100.00000000,0.10000000,0.10467626,4.67625899,4.47158273,4.47158273,24H
SCORE72_SL5TP10,HOME/USDT,2026-08-02T10:00:00+00:00,2026-08-02T17:00:00+00:00,0.00784,0.00898,95.00000000,92.00000000,100.00000000,0.10000000,0.11454082,14.54081633,14.32627551,14.32627551,TAKE_PROFIT
SCORE72_SL5TP10,ADA/USDT,2026-08-01T20:00:00+00:00,2026-08-02T20:00:00+00:00,0.1732,0.1874,72.00000000,59.00000000,100.00000000,0.10000000,0.10819861,8.19861432,7.99041570,7.99041570,24H
SCORE72_SL5TP10,BICO/USDT,2026-08-02T15:00:00+00:00,2026-08-02T20:00:00+00:00,0.01213,0.01353,87.00000000,87.00000000,100.00000000,0.10000000,0.11154163,11.54163232,11.33009068,11.33009068,TAKE_PROFIT
SCORE72_SL5TP10,ARB/USDT,2026-08-02T00:00:00+00:00,2026-08-03T00:00:00+00:00,0.0793,0.0812,87.00000000,87.00000000,100.00000000,0.10000000,0.10239596,2.39596469,2.19356873,2.19356873,24H
SCORE72_SL5TP10,PAXG/USDT,2026-08-02T07:00:00+00:00,2026-08-03T07:00:00+00:00,4059.7,4058.76,87.00000000,87.00000000,100.00000000,0.10000000,0.09997685,-0.02315442,-0.22313127,-0.22313127,24H
SCORE72_SL5TP10,TUT/USDT,2026-08-02T20:00:00+00:00,2026-08-03T07:00:00+00:00,0.01766,0.01954,78.00000000,65.00000000,100.00000000,0.10000000,0.11064553,10.64552661,10.43488109,10.43488109,TAKE_PROFIT
SCORE72_SL5TP10,MUB/USDT,2026-08-02T08:00:00+00:00,2026-08-03T08:00:00+00:00,848.47,822.6,87.00000000,87.00000000,100.00000000,0.10000000,0.09695098,-3.04901764,-3.24596863,-3.24596863,24H
SCORE72_SL5TP10,SNXXB/USDT,2026-08-03T00:00:00+00:00,2026-08-03T09:00:00+00:00,10.02,9.38,89.00000000,89.00000000,100.00000000,0.10000000,0.09361277,-6.38722555,-6.58083832,-6.58083832,STOP_LOSS
SCORE72_SL5TP10,SKHYB/USDT,2026-08-02T17:00:00+00:00,2026-08-03T10:00:00+00:00,148.35,140.28,84.00000000,84.00000000,100.00000000,0.10000000,0.09456016,-5.43983822,-5.63439838,-5.63439838,STOP_LOSS
SCORE72_SL5TP10,FIL/USDT,2026-08-02T13:00:00+00:00,2026-08-03T13:00:00+00:00,0.72,0.7249,84.00000000,84.00000000,100.00000000,0.10000000,0.10068056,0.68055556,0.47987500,0.47987500,24H
SCORE72_SL5TP10,BICO/USDT,2026-08-03T10:00:00+00:00,2026-08-03T13:00:00+00:00,0.01749,0.01962,90.00000000,92.00000000,100.00000000,0.10000000,0.11217839,12.17838765,11.96620926,11.96620926,TAKE_PROFIT
SCORE72_SL5TP10,GIGGLE/USDT,2026-08-03T07:00:00+00:00,2026-08-03T15:00:00+00:00,43.21,40.17,89.00000000,88.00000000,100.00000000,0.10000000,0.09296459,-7.03540847,-7.22837306,-7.22837306,STOP_LOSS
SCORE72_SL5TP10,MUBARAK/USDT,2026-08-02T16:00:00+00:00,2026-08-03T16:00:00+00:00,0.01273,0.01266,92.00000000,97.00000000,100.00000000,0.10000000,0.09945012,-0.54988217,-0.74933229,-0.74933229,24H
SCORE72_SL5TP10,HOME/USDT,2026-08-03T15:00:00+00:00,2026-08-03T19:00:00+00:00,0.00751,0.00835,92.00000000,97.00000000,100.00000000,0.10000000,0.11118509,11.18508655,10.97390146,10.97390146,TAKE_PROFIT
SCORE72_SL5TP10,EUR/USDT,2026-08-02T20:00:00+00:00,2026-08-03T20:00:00+00:00,1.1551,1.1518,82.00000000,87.00000000,100.00000000,0.10000000,0.09971431,-0.28568955,-0.48540386,-0.48540386,24H
SCORE72_SL5TP10,TUT/USDT,2026-08-03T09:00:00+00:00,2026-08-04T04:00:00+00:00,0.0196,0.02277,90.00000000,100.00000000,100.00000000,0.10000000,0.11617347,16.17346939,15.95729592,15.95729592,TAKE_PROFIT
SCORE72_SL5TP10,OPN/USDT,2026-08-03T16:00:00+00:00,2026-08-04T06:00:00+00:00,0.0506,0.0559,89.00000000,89.00000000,100.00000000,0.10000000,0.11047431,10.47430830,10.26383399,10.26383399,TAKE_PROFIT
SCORE72_SL5TP10,BMT/USDT,2026-08-03T07:00:00+00:00,2026-08-04T07:00:00+00:00,0.0119,0.01181,92.00000000,97.00000000,100.00000000,0.10000000,0.09924370,-0.75630252,-0.95554622,-0.95554622,24H
SCORE72_SL5TP10,ENA/USDT,2026-08-03T08:00:00+00:00,2026-08-04T08:00:00+00:00,0.0895,0.0911,90.00000000,95.00000000,100.00000000,0.10000000,0.10178771,1.78770950,1.58592179,1.58592179,24H
SCORE72_SL5TP10,HOME/USDT,2026-08-04T04:00:00+00:00,2026-08-04T11:00:00+00:00,0.00871,0.00966,95.00000000,92.00000000,100.00000000,0.10000000,0.11090700,10.90700344,10.69609644,10.69609644,TAKE_PROFIT
SCORE72_SL5TP10,ADA/USDT,2026-08-03T13:00:00+00:00,2026-08-04T13:00:00+00:00,0.1946,0.1919,95.00000000,100.00000000,100.00000000,0.10000000,0.09861254,-1.38746146,-1.58607400,-1.58607400,24H
SCORE72_SL5TP10,PEPE/USDT,2026-08-03T13:00:00+00:00,2026-08-04T13:00:00+00:00,2.91e-06,2.89e-06,95.00000000,100.00000000,100.00000000,0.10000000,0.09931271,-0.68728522,-0.88659794,-0.88659794,24H
SCORE72_SL5TP10,BICO/USDT,2026-08-04T07:00:00+00:00,2026-08-04T16:00:00+00:00,0.01741,0.02055,84.00000000,76.00000000,100.00000000,0.10000000,0.11803561,18.03561172,17.81757611,17.81757611,TAKE_PROFIT
SCORE72_SL5TP10,PUMP/USDT,2026-08-03T19:00:00+00:00,2026-08-04T19:00:00+00:00,0.002184,0.002402,89.00000000,88.00000000,100.00000000,0.10000000,0.10998168,9.98168498,9.77170330,9.77170330,24H
SCORE72_SL5TP10,SPCXB/USDT,2026-08-03T20:00:00+00:00,2026-08-04T20:00:00+00:00,114.51,117.5,83.00000000,82.00000000,100.00000000,0.10000000,0.10261113,2.61112567,2.40851454,2.40851454,24H
SCORE72_SL5TP10,GALA/USDT,2026-08-04T04:00:00+00:00,2026-08-05T04:00:00+00:00,0.001819,0.001778,87.00000000,87.00000000,100.00000000,0.10000000,0.09774601,-2.25398571,-2.45173172,-2.45173172,24H
SCORE72_SL5TP10,EWYB/USDT,2026-08-04T06:00:00+00:00,2026-08-05T06:00:00+00:00,163.43,170.31,93.00000000,98.00000000,100.00000000,0.10000000,0.10420975,4.20975341,4.00554366,4.00554366,24H
SCORE72_SL5TP10,MUB/USDT,2026-08-04T08:00:00+00:00,2026-08-05T08:00:00+00:00,855.48,878.01,89.00000000,89.00000000,100.00000000,0.10000000,0.10263361,2.63360920,2.43097559,2.43097559,24H
SCORE72_SL5TP10,BMT/USDT,2026-08-04T11:00:00+00:00,2026-08-05T11:00:00+00:00,0.0119,0.0124,90.00000000,95.00000000,100.00000000,0.10000000,0.10420168,4.20168067,3.99747899,3.99747899,24H
SCORE72_SL5TP10,PORTAL/USDT,2026-08-04T13:00:00+00:00,2026-08-05T13:00:00+00:00,0.01059,0.01086,95.00000000,100.00000000,100.00000000,0.10000000,0.10254958,2.54957507,2.34702550,2.34702550,24H
SCORE72_SL5TP10,SNDKB/USDT,2026-08-04T13:00:00+00:00,2026-08-05T13:00:00+00:00,1383.52,1438.45,95.00000000,100.00000000,100.00000000,0.10000000,0.10397031,3.97030762,3.76633731,3.76633731,24H
SCORE72_SL5TP10,MUBARAK/USDT,2026-08-04T16:00:00+00:00,2026-08-05T16:00:00+00:00,0.01305,0.01317,95.00000000,100.00000000,100.00000000,0.10000000,0.10091954,0.91954023,0.71862069,0.71862069,24H
SCORE72_SL5TP10,TUT/USDT,2026-08-05T06:00:00+00:00,2026-08-05T18:00:00+00:00,0.02495,0.0291,89.00000000,88.00000000,100.00000000,0.10000000,0.11663327,16.63326653,16.41663327,16.41663327,TAKE_PROFIT
SCORE72_SL5TP10,CHIP/USDT,2026-08-04T19:00:00+00:00,2026-08-05T19:00:00+00:00,0.02539,0.02483,86.00000000,86.00000000,100.00000000,0.10000000,0.09779441,-2.20559275,-2.40338716,-2.40338716,24H
SCORE72_SL5TP10,SNXXB/USDT,2026-08-05T16:00:00+00:00,2026-08-05T19:00:00+00:00,12.64,11.41,95.00000000,100.00000000,100.00000000,0.10000000,0.09026899,-9.73101266,-9.92128165,-9.92128165,STOP_LOSS
SCORE72_SL5TP10,ACE/USDT,2026-08-04T20:00:00+00:00,2026-08-05T20:00:00+00:00,0.0718,0.0697,87.00000000,87.00000000,100.00000000,0.10000000,0.09707521,-2.92479109,-3.12186630,-3.12186630,24H
SCORE72_SL5TP10,KORUB/USDT,2026-08-05T13:00:00+00:00,2026-08-05T21:00:00+00:00,19.25,18.09,95.00000000,100.00000000,100.00000000,0.10000000,0.09397403,-6.02597403,-6.21994805,-6.21994805,STOP_LOSS
SCORE72_SL5TP10,HEMI/USDT,2026-08-05T04:00:00+00:00,2026-08-06T04:00:00+00:00,0.00478,0.00499,92.00000000,97.00000000,100.00000000,0.10000000,0.10439331,4.39330544,4.18891213,4.18891213,24H
SCORE72_SL5TP10,MUBARAK/USDT,2026-08-05T21:00:00+00:00,2026-08-06T05:00:00+00:00,0.01397,0.01324,95.00000000,100.00000000,100.00000000,0.10000000,0.09477452,-5.22548318,-5.42025770,-5.42025770,STOP_LOSS
SCORE72_SL5TP10,BICO/USDT,2026-08-06T04:00:00+00:00,2026-08-06T06:00:00+00:00,0.03012,0.0283,84.00000000,76.00000000,100.00000000,0.10000000,0.09395750,-6.04249668,-6.23645418,-6.23645418,STOP_LOSS
SCORE72_SL5TP10,ADA/USDT,2026-08-05T08:00:00+00:00,2026-08-06T08:00:00+00:00,0.1939,0.1895,87.00000000,86.00000000,100.00000000,0.10000000,0.09773079,-2.26921093,-2.46694172,-2.46694172,24H
SCORE72_SL5TP10,EWYB/USDT,2026-08-05T13:00:00+00:00,2026-08-06T10:00:00+00:00,171.47,162.5,95.00000000,100.00000000,100.00000000,0.10000000,0.09476876,-5.23123578,-5.42600455,-5.42600455,STOP_LOSS
SCORE72_SL5TP10,EURI/USDT,2026-08-05T11:00:00+00:00,2026-08-06T11:00:00+00:00,1.1558,1.1549,87.00000000,87.00000000,100.00000000,0.10000000,0.09992213,-0.07786814,-0.27779028,-0.27779028,24H
SCORE72_SL5TP10,HOME/USDT,2026-08-06T08:00:00+00:00,2026-08-06T11:00:00+00:00,0.00933,0.01049,89.00000000,88.00000000,100.00000000,0.10000000,0.11243301,12.43301179,12.22057878,12.22057878,TAKE_PROFIT
SCORE72_SL5TP10,HOME/USDT,2026-08-06T11:00:00+00:00,2026-08-06T15:00:00+00:00,0.01049,0.00972,95.00000000,92.00000000,100.00000000,0.10000000,0.09265968,-7.34032412,-7.53298379,-7.53298379,STOP_LOSS
SCORE72_SL5TP10,PORTAL/USDT,2026-08-05T19:00:00+00:00,2026-08-06T16:00:00+00:00,0.01125,0.01264,95.00000000,100.00000000,100.00000000,0.10000000,0.11235556,12.35555556,12.14320000,12.14320000,TAKE_PROFIT
SCORE72_SL5TP10,ALPINE/USDT,2026-08-05T18:00:00+00:00,2026-08-06T18:00:00+00:00,0.319,0.318,84.00000000,83.00000000,100.00000000,0.10000000,0.09968652,-0.31347962,-0.51316614,-0.51316614,24H
SCORE72_SL5TP10,MSTRB/USDT,2026-08-05T19:00:00+00:00,2026-08-06T19:00:00+00:00,98.4,96.84,89.00000000,88.00000000,100.00000000,0.10000000,0.09841463,-1.58536585,-1.78378049,-1.78378049,24H
SCORE72_SL5TP10,BCH/USDT,2026-08-05T20:00:00+00:00,2026-08-06T20:00:00+00:00,216.8,213.5,87.00000000,86.00000000,100.00000000,0.10000000,0.09847786,-1.52214022,-1.72061808,-1.72061808,24H
SCORE72_SL5TP10,ONG/USDT,2026-08-06T05:00:00+00:00,2026-08-07T05:00:00+00:00,0.04253,0.04273,89.00000000,89.00000000,100.00000000,0.10000000,0.10047026,0.47025629,0.26978603,0.26978603,24H
SCORE72_SL5TP10,ENA/USDT,2026-08-06T06:00:00+00:00,2026-08-07T06:00:00+00:00,0.0925,0.093,89.00000000,88.00000000,100.00000000,0.10000000,0.10054054,0.54054054,0.34000000,0.34000000,24H
SCORE72_SL5TP10,GPS/USDT,2026-08-06T10:00:00+00:00,2026-08-07T10:00:00+00:00,0.0095,0.00956,90.00000000,95.00000000,100.00000000,0.10000000,0.10063158,0.63157895,0.43094737,0.43094737,24H
SCORE72_SL5TP10,EDEN/USDT,2026-08-06T11:00:00+00:00,2026-08-07T11:00:00+00:00,0.0395,0.04135,89.00000000,89.00000000,100.00000000,0.10000000,0.10468354,4.68354430,4.47886076,4.47886076,24H
SCORE72_SL5TP10,CRCLB/USDT,2026-08-06T15:00:00+00:00,2026-08-07T15:00:00+00:00,65.41,66.78,95.00000000,100.00000000,100.00000000,0.10000000,0.10209448,2.09448097,1.89238649,1.89238649,24H
SCORE72_SL5TP10,ADA/USDT,2026-08-06T16:00:00+00:00,2026-08-07T16:00:00+00:00,0.2068,0.1993,90.00000000,100.00000000,100.00000000,0.10000000,0.09637331,-3.62669246,-3.82306576,-3.82306576,24H
SCORE72_SL5TP10,HEMI/USDT,2026-08-06T18:00:00+00:00,2026-08-07T18:00:00+00:00,0.00526,0.00522,89.00000000,88.00000000,100.00000000,0.10000000,0.09923954,-0.76045627,-0.95969582,-0.95969582,24H
SCORE72_SL5TP10,PUMP/USDT,2026-08-06T19:00:00+00:00,2026-08-07T19:00:00+00:00,0.00238,0.002347,84.00000000,84.00000000,100.00000000,0.10000000,0.09861345,-1.38655462,-1.58516807,-1.58516807,24H
SCORE72_SL5TP10,CHIP/USDT,2026-08-06T20:00:00+00:00,2026-08-07T20:00:00+00:00,0.02536,0.02502,87.00000000,87.00000000,100.00000000,0.10000000,0.09865931,-1.34069401,-1.53935331,-1.53935331,24H
SCORE72_SL5TP10,ENA/USDT,2026-08-07T10:00:00+00:00,2026-08-07T22:00:00+00:00,0.0968,0.0915,90.00000000,100.00000000,100.00000000,0.10000000,0.09452479,-5.47520661,-5.66973140,-5.66973140,STOP_LOSS
SCORE72_SL5TP10,TUT/USDT,2026-08-07T19:00:00+00:00,2026-08-08T03:00:00+00:00,0.03734,0.04283,89.00000000,80.00000000,100.00000000,0.10000000,0.11470273,14.70273166,14.48802892,14.48802892,TAKE_PROFIT
SCORE72_SL5TP10,BICO/USDT,2026-08-07T22:00:00+00:00,2026-08-08T04:00:00+00:00,0.05456,0.06035,78.00000000,57.00000000,100.00000000,0.10000000,0.11061217,10.61217009,10.40155792,10.40155792,TAKE_PROFIT
SCORE72_SL5TP10,RARE/USDT,2026-08-07T05:00:00+00:00,2026-08-08T05:00:00+00:00,0.0127,0.01232,90.00000000,100.00000000,100.00000000,0.10000000,0.09700787,-2.99212598,-3.18913386,-3.18913386,24H
SCORE72_SL5TP10,PAXG/USDT,2026-08-07T06:00:00+00:00,2026-08-08T06:00:00+00:00,4291.5,4337.99,90.00000000,95.00000000,100.00000000,0.10000000,0.10108330,1.08330421,0.88222090,0.88222090,24H
SCORE72_SL5TP10,MSTRB/USDT,2026-08-07T11:00:00+00:00,2026-08-08T11:00:00+00:00,98.72,101.15,93.00000000,98.00000000,100.00000000,0.10000000,0.10246151,2.46150729,2.25904579,2.25904579,24H
SCORE72_SL5TP10,RE/USDT,2026-08-08T05:00:00+00:00,2026-08-08T11:00:00+00:00,0.4102,0.4529,89.00000000,89.00000000,100.00000000,0.10000000,0.11040956,10.40955631,10.19914676,10.19914676,TAKE_PROFIT
SCORE72_SL5TP10,LTC/USDT,2026-08-07T15:00:00+00:00,2026-08-08T15:00:00+00:00,45.96,45.88,90.00000000,95.00000000,100.00000000,0.10000000,0.09982594,-0.17406440,-0.37389034,-0.37389034,24H
SCORE72_SL5TP10,GPS/USDT,2026-08-07T16:00:00+00:00,2026-08-08T16:00:00+00:00,0.00987,0.00982,90.00000000,95.00000000,100.00000000,0.10000000,0.09949341,-0.50658561,-0.70607903,-0.70607903,24H
SCORE72_SL5TP10,ACE/USDT,2026-08-08T15:00:00+00:00,2026-08-08T16:00:00+00:00,0.1407,0.1584,95.00000000,92.00000000,100.00000000,0.10000000,0.11257996,12.57995736,12.36737740,12.36737740,TAKE_PROFIT
SCORE72_SL5TP10,BEL/USDT,2026-08-07T18:00:00+00:00,2026-08-08T18:00:00+00:00,0.1017,0.108,87.00000000,87.00000000,100.00000000,0.10000000,0.10619469,6.19469027,5.98849558,5.98849558,24H
SCORE72_SL5TP10,ADA/USDT,2026-08-07T20:00:00+00:00,2026-08-08T20:00:00+00:00,0.2024,0.2005,82.00000000,82.00000000,100.00000000,0.10000000,0.09906126,-0.93873518,-1.13779644,-1.13779644,24H
SCORE72_SL5TP10,MUBARAK/USDT,2026-08-08T04:00:00+00:00,2026-08-09T02:00:00+00:00,0.01436,0.01589,87.00000000,86.00000000,100.00000000,0.10000000,0.11065460,10.65459610,10.44394150,10.44394150,TAKE_PROFIT
SCORE72_SL5TP10,ACE/USDT,2026-08-08T18:00:00+00:00,2026-08-09T02:00:00+00:00,0.1445,0.1279,89.00000000,80.00000000,100.00000000,0.10000000,0.08851211,-11.48788927,-11.67640138,-11.67640138,STOP_LOSS
SCORE72_SL5TP10,OPN/USDT,2026-08-08T03:00:00+00:00,2026-08-09T03:00:00+00:00,0.0536,0.0541,89.00000000,88.00000000,100.00000000,0.10000000,0.10093284,0.93283582,0.73190299,0.73190299,24H
SCORE72_SL5TP10,TAO/USDT,2026-08-08T06:00:00+00:00,2026-08-09T06:00:00+00:00,197.4,205.4,90.00000000,95.00000000,100.00000000,0.10000000,0.10405268,4.05268490,3.84863222,3.84863222,24H
SCORE72_SL5TP10,BICO/USDT,2026-08-09T03:00:00+00:00,2026-08-09T08:00:00+00:00,0.06855,0.05181,84.00000000,76.00000000,100.00000000,0.10000000,0.07557987,-24.42013129,-24.59571116,-24.59571116,STOP_LOSS
SCORE72_SL5TP10,HEMI/USDT,2026-08-08T11:00:00+00:00,2026-08-09T11:00:00+00:00,0.00536,0.00553,92.00000000,97.00000000,100.00000000,0.10000000,0.10317164,3.17164179,2.96847015,2.96847015,24H
SCORE72_SL5TP10,TREE/USDT,2026-08-08T11:00:00+00:00,2026-08-09T11:00:00+00:00,0.0368,0.038,90.00000000,95.00000000,100.00000000,0.10000000,0.10326087,3.26086957,3.05760870,3.05760870,24H
SCORE72_SL5TP10,MUBARAK/USDT,2026-08-09T11:00:00+00:00,2026-08-09T12:00:00+00:00,0.01966,0.01844,89.00000000,80.00000000,100.00000000,0.10000000,0.09379451,-6.20549339,-6.39928789,-6.39928789,STOP_LOSS
SCORE72_SL5TP10,ONG/USDT,2026-08-08T16:00:00+00:00,2026-08-09T16:00:00+00:00,0.04311,0.04355,90.00000000,95.00000000,100.00000000,0.10000000,0.10102064,1.02064486,0.81962422,0.81962422,24H
SCORE72_SL5TP10,PEPE/USDT,2026-08-08T16:00:00+00:00,2026-08-09T16:00:00+00:00,2.89e-06,2.89e-06,90.00000000,95.00000000,100.00000000,0.10000000,0.10000000,0.00000000,-0.20000000,-0.20000000,24H
SCORE72_SL5TP10,PORTAL/USDT,2026-08-08T18:00:00+00:00,2026-08-09T18:00:00+00:00,0.01142,0.01144,95.00000000,100.00000000,100.00000000,0.10000000,0.10017513,0.17513135,-0.02504378,-0.02504378,24H
SCORE72_SL5TP10,SPCXB/USDT,2026-08-08T20:00:00+00:00,2026-08-09T20:00:00+00:00,135.22,136.68,93.00000000,98.00000000,100.00000000,0.10000000,0.10107972,1.07972193,0.87864221,0.87864221,24H
SCORE72_SL5TP10,PUMP/USDT,2026-08-09T02:00:00+00:00,2026-08-10T00:00:00+00:00,0.002477,0.002748,87.00000000,92.00000000,100.00000000,0.10000000,0.11094065,10.94065402,10.72971336,10.72971336,TAKE_PROFIT
SCORE72_SL5TP10,RARE/USDT,2026-08-09T02:00:00+00:00,2026-08-10T02:00:00+00:00,0.01326,0.01373,87.00000000,86.00000000,100.00000000,0.10000000,0.10354449,3.54449472,3.34095023,3.34095023,24H
SCORE72_SL5TP10,KORUB/USDT,2026-08-09T18:00:00+00:00,2026-08-10T04:00:00+00:00,17.63,16.58,90.00000000,95.00000000,100.00000000,0.10000000,0.09404424,-5.95575723,-6.14980147,-6.14980147,STOP_LOSS
SCORE72_SL5TP10,ALPINE/USDT,2026-08-09T06:00:00+00:00,2026-08-10T06:00:00+00:00,0.336,0.331,90.00000000,95.00000000,100.00000000,0.10000000,0.09851190,-1.48809524,-1.68660714,-1.68660714,24H
SCORE72_SL5TP10,TRX/USDT,2026-08-09T11:00:00+00:00,2026-08-10T11:00:00+00:00,0.3299,0.3316,84.00000000,84.00000000,100.00000000,0.10000000,0.10051531,0.51530767,0.31479236,0.31479236,24H
SCORE72_SL5TP10,SOXLB/USDT,2026-08-09T12:00:00+00:00,2026-08-10T12:00:00+00:00,142.46,140.05,87.00000000,87.00000000,100.00000000,0.10000000,0.09830830,-1.69170293,-1.89001123,-1.89001123,24H
SCORE72_SL5TP10,HOME/USDT,2026-08-10T06:00:00+00:00,2026-08-10T15:00:00+00:00,0.00961,0.01189,92.00000000,97.00000000,100.00000000,0.10000000,0.12372529,23.72528616,23.50156087,23.50156087,TAKE_PROFIT
SCORE72_SL5TP10,CRCLB/USDT,2026-08-09T16:00:00+00:00,2026-08-10T16:00:00+00:00,68.32,65.86,90.00000000,95.00000000,100.00000000,0.10000000,0.09639930,-3.60070258,-3.79710187,-3.79710187,24H
SCORE72_SL5TP10,TRUMP/USDT,2026-08-09T16:00:00+00:00,2026-08-10T16:00:00+00:00,1.521,1.486,90.00000000,100.00000000,100.00000000,0.10000000,0.09769888,-2.30111769,-2.49881657,-2.49881657,24H
SCORE72_SL5TP10,RE/USDT,2026-08-10T12:00:00+00:00,2026-08-10T19:00:00+00:00,0.4334,0.409,89.00000000,89.00000000,100.00000000,0.10000000,0.09437010,-5.62990309,-5.82427319,-5.82427319,STOP_LOSS
SCORE72_SL5TP10,EUR/USDT,2026-08-09T20:00:00+00:00,2026-08-10T20:00:00+00:00,1.1565,1.1553,84.00000000,84.00000000,100.00000000,0.10000000,0.09989624,-0.10376135,-0.30365759,-0.30365759,24H
SCORE72_SL5TP10,ALLO/USDT,2026-08-10T16:00:00+00:00,2026-08-10T22:00:00+00:00,0.3267,0.3081,95.00000000,100.00000000,100.00000000,0.10000000,0.09430670,-5.69329660,-5.88760331,-5.88760331,STOP_LOSS
SCORE72_SL5TP10,PUMP/USDT,2026-08-10T00:00:00+00:00,2026-08-11T00:00:00+00:00,0.002748,0.002749,87.00000000,92.00000000,100.00000000,0.10000000,0.10003639,0.03639010,-0.16364629,-0.16364629,24H
SCORE72_SL5TP10,MUBARAK/USDT,2026-08-10T15:00:00+00:00,2026-08-11T01:00:00+00:00,0.02176,0.01974,89.00000000,80.00000000,100.00000000,0.10000000,0.09071691,-9.28308824,-9.47380515,-9.47380515,STOP_LOSS
SCORE72_SL5TP10,EDEN/USDT,2026-08-10T02:00:00+00:00,2026-08-11T02:00:00+00:00,0.04511,0.04334,95.00000000,100.00000000,100.00000000,0.10000000,0.09607626,-3.92374196,-4.11981822,-4.11981822,24H
SCORE72_SL5TP10,TREE/USDT,2026-08-10T04:00:00+00:00,2026-08-11T04:00:00+00:00,0.0377,0.0364,90.00000000,95.00000000,100.00000000,0.10000000,0.09655172,-3.44827586,-3.64482759,-3.64482759,24H
SCORE72_SL5TP10,RARE/USDT,2026-08-10T20:00:00+00:00,2026-08-11T09:00:00+00:00,0.01368,0.01212,87.00000000,86.00000000,100.00000000,0.10000000,0.08859649,-11.40350877,-11.59210526,-11.59210526,STOP_LOSS
SCORE72_SL5TP10,SPCXB/USDT,2026-08-10T11:00:00+00:00,2026-08-11T11:00:00+00:00,138.81,137.27,90.00000000,100.00000000,100.00000000,0.10000000,0.09889057,-1.10943016,-1.30832073,-1.30832073,24H
SCORE72_SL5TP10,PORTAL/USDT,2026-08-10T15:00:00+00:00,2026-08-11T14:00:00+00:00,0.01185,0.01116,95.00000000,100.00000000,100.00000000,0.10000000,0.09417722,-5.82278481,-6.01696203,-6.01696203,STOP_LOSS
SCORE72_SL5TP10,XPL/USDT,2026-08-11T01:00:00+00:00,2026-08-11T15:00:00+00:00,0.0802,0.07605,89.00000000,88.00000000,100.00000000,0.10000000,0.09482544,-5.17456359,-5.36938903,-5.36938903,STOP_LOSS
SCORE72_SL5TP10,PAXG/USDT,2026-08-10T16:00:00+00:00,2026-08-11T16:00:00+00:00,4348.17,4380.62,87.00000000,87.00000000,100.00000000,0.10000000,0.10074629,0.74629097,0.54554468,0.54554468,24H
SCORE72_SL5TP10,WLD/USDT,2026-08-10T22:00:00+00:00,2026-08-11T22:00:00+00:00,0.3369,0.3362,79.00000000,74.00000000,100.00000000,0.10000000,0.09979222,-0.20777679,-0.40756901,-0.40756901,24H
SCORE72_SL5TP10,LINK/USDT,2026-08-11T00:00:00+00:00,2026-08-12T00:00:00+00:00,8.335,8.76,90.00000000,95.00000000,100.00000000,0.10000000,0.10509898,5.09898020,4.89388122,4.89388122,24H
SCORE72_SL5TP10,TRUMP/USDT,2026-08-11T02:00:00+00:00,2026-08-12T02:00:00+00:00,1.51,1.492,90.00000000,95.00000000,100.00000000,0.10000000,0.09880795,-1.19205298,-1.39086093,-1.39086093,24H
SCORE72_SL5TP10,ENA/USDT,2026-08-11T04:00:00+00:00,2026-08-12T04:00:00+00:00,0.0903,0.0898,90.00000000,95.00000000,100.00000000,0.10000000,0.09944629,-0.55370986,-0.75315615,-0.75315615,24H
SCORE72_SL5TP10,BNB/USDT,2026-08-11T09:00:00+00:00,2026-08-12T09:00:00+00:00,607.19,613.7,87.00000000,86.00000000,100.00000000,0.10000000,0.10107215,1.07215204,0.87107989,0.87107989,24H
SCORE72_SL5TP10,GIGGLE/USDT,2026-08-11T11:00:00+00:00,2026-08-12T11:00:00+00:00,36.09,34.97,89.00000000,89.00000000,100.00000000,0.10000000,0.09689665,-3.10335273,-3.30024938,-3.30024938,24H
SCORE72_SL5TP10,KORUB/USDT,2026-08-11T14:00:00+00:00,2026-08-12T12:00:00+00:00,17.95,19.83,89.00000000,88.00000000,100.00000000,0.10000000,0.11047354,10.47353760,10.26306407,10.26306407,TAKE_PROFIT
SCORE72_SL5TP10,CRCLB/USDT,2026-08-11T15:00:00+00:00,2026-08-12T15:00:00+00:00,70.73,69.44,90.00000000,100.00000000,100.00000000,0.10000000,0.09817616,-1.82383713,-2.02201329,-2.02201329,24H
SCORE72_SL5TP10,DOGE/USDT,2026-08-11T16:00:00+00:00,2026-08-12T16:00:00+00:00,0.07052,0.07087,80.00000000,72.00000000,100.00000000,0.10000000,0.10049631,0.49631310,0.29581679,0.29581679,24H
SCORE72_SL5TP10,HOME/USDT,2026-08-11T22:00:00+00:00,2026-08-12T22:00:00+00:00,0.00922,0.00935,82.00000000,84.00000000,100.00000000,0.10000000,0.10140998,1.40997831,1.20856833,1.20856833,24H
SCORE72_SL5TP10,EWYB/USDT,2026-08-12T00:00:00+00:00,2026-08-13T00:00:00+00:00,168.59,177.19,90.00000000,95.00000000,100.00000000,0.10000000,0.10510113,5.10113293,4.89603179,4.89603179,24H
SCORE72_SL5TP10,WLD/USDT,2026-08-12T02:00:00+00:00,2026-08-13T02:00:00+00:00,0.3452,0.3303,95.00000000,100.00000000,100.00000000,0.10000000,0.09568366,-4.31633835,-4.51202202,-4.51202202,24H
SCORE72_SL5TP10,RE/USDT,2026-08-12T04:00:00+00:00,2026-08-13T04:00:00+00:00,0.436,0.4388,90.00000000,95.00000000,100.00000000,0.10000000,0.10064220,0.64220183,0.44155963,0.44155963,24H
SCORE72_SL5TP10,HOME/USDT,2026-08-12T22:00:00+00:00,2026-08-13T06:00:00+00:00,0.00935,0.01036,79.00000000,75.00000000,100.00000000,0.10000000,0.11080214,10.80213904,10.59133690,10.59133690,TAKE_PROFIT
SCORE72_SL5TP10,GPS/USDT,2026-08-12T09:00:00+00:00,2026-08-13T09:00:00+00:00,0.00981,0.01014,90.00000000,100.00000000,100.00000000,0.10000000,0.10336391,3.36391437,3.16055046,3.16055046,24H
SCORE72_SL5TP10,RLUSD/USDT,2026-08-12T11:00:00+00:00,2026-08-13T11:00:00+00:00,1.001,1.0011,84.00000000,84.00000000,100.00000000,0.10000000,0.10000999,0.00999001,-0.19001998,-0.19001998,24H
SCORE72_SL5TP10,LINK/USDT,2026-08-12T12:00:00+00:00,2026-08-13T12:00:00+00:00,8.849,8.782,93.00000000,98.00000000,100.00000000,0.10000000,0.09924285,-0.75714770,-0.95639055,-0.95639055,24H
SCORE72_SL5TP10,EDEN/USDT,2026-08-12T15:00:00+00:00,2026-08-13T15:00:00+00:00,0.04512,0.04974,95.00000000,100.00000000,100.00000000,0.10000000,0.11023936,10.23936170,10.02912234,10.02912234,TAKE_PROFIT
SCORE72_SL5TP10,SNXXB/USDT,2026-08-13T11:00:00+00:00,2026-08-13T15:00:00+00:00,11.29,14.2,87.00000000,86.00000000,100.00000000,0.10000000,0.12577502,25.77502214,25.54924712,25.54924712,TAKE_PROFIT
SCORE72_SL5TP10,SNDKB/USDT,2026-08-13T12:00:00+00:00,2026-08-13T15:00:00+00:00,1353.63,1532.99,90.00000000,95.00000000,100.00000000,0.10000000,0.11325030,13.25029735,13.03704705,13.03704705,TAKE_PROFIT
SCORE72_SL5TP10,USDE/USDT,2026-08-12T16:00:00+00:00,2026-08-13T16:00:00+00:00,1.0008,1.0007,87.00000000,87.00000000,100.00000000,0.10000000,0.09999001,-0.00999201,-0.20998201,-0.20998201,24H
SCORE72_SL5TP10,EDEN/USDT,2026-08-13T15:00:00+00:00,2026-08-13T18:00:00+00:00,0.04974,0.05933,90.00000000,100.00000000,100.00000000,0.10000000,0.11928026,19.28025734,19.06097708,19.06097708,TAKE_PROFIT
SCORE72_SL5TP10,WLFI/USDT,2026-08-13T00:00:00+00:00,2026-08-14T00:00:00+00:00,0.0553,0.0549,87.00000000,87.00000000,100.00000000,0.10000000,0.09927667,-0.72332731,-0.92260398,-0.92260398,24H
SCORE72_SL5TP10,ACE/USDT,2026-08-13T16:00:00+00:00,2026-08-14T01:00:00+00:00,0.1154,0.1349,95.00000000,100.00000000,100.00000000,0.10000000,0.11689775,16.89774697,16.68084922,16.68084922,TAKE_PROFIT
SCORE72_SL5TP10,PUMP/USDT,2026-08-13T02:00:00+00:00,2026-08-14T02:00:00+00:00,0.002755,0.002974,87.00000000,86.00000000,100.00000000,0.10000000,0.10794918,7.94918330,7.74123412,7.74123412,24H
SCORE72_SL5TP10,AVAX/USDT,2026-08-13T04:00:00+00:00,2026-08-14T04:00:00+00:00,6.505,6.433,86.00000000,86.00000000,100.00000000,0.10000000,0.09889316,-1.10684089,-1.30573405,-1.30573405,24H
SCORE72_SL5TP10,HOME/USDT,2026-08-13T06:00:00+00:00,2026-08-14T06:00:00+00:00,0.01036,0.0114,90.00000000,100.00000000,100.00000000,0.10000000,0.11003861,10.03861004,9.82857143,9.82857143,TAKE_PROFIT
SCORE72_SL5TP10,ACE/USDT,2026-08-14T02:00:00+00:00,2026-08-14T06:00:00+00:00,0.1279,0.1427,95.00000000,100.00000000,100.00000000,0.10000000,0.11157154,11.57154027,11.35996873,11.35996873,TAKE_PROFIT
SCORE72_SL5TP10,RE/USDT,2026-08-13T09:00:00+00:00,2026-08-14T09:00:00+00:00,0.4494,0.4391,95.00000000,100.00000000,100.00000000,0.10000000,0.09770806,-2.29194482,-2.48965287,-2.48965287,24H
SCORE72_SL5TP10,HOME/USDT,2026-08-14T06:00:00+00:00,2026-08-14T12:00:00+00:00,0.0114,0.0104,84.00000000,84.00000000,100.00000000,0.10000000,0.09122807,-8.77192982,-8.96315789,-8.96315789,STOP_LOSS
SCORE72_SL5TP10,TAO/USDT,2026-08-14T01:00:00+00:00,2026-08-14T14:00:00+00:00,204.9,193.9,87.00000000,87.00000000,100.00000000,0.10000000,0.09463153,-5.36847243,-5.56310395,-5.56310395,STOP_LOSS
SCORE72_SL5TP10,WLD/USDT,2026-08-13T15:00:00+00:00,2026-08-14T15:00:00+00:00,0.3468,0.346,90.00000000,95.00000000,100.00000000,0.10000000,0.09976932,-0.23068051,-0.43044983,-0.43044983,24H
SCORE72_SL5TP10,SOXLB/USDT,2026-08-13T15:00:00+00:00,2026-08-14T15:00:00+00:00,149.63,140.58,89.00000000,88.00000000,100.00000000,0.10000000,0.09395175,-6.04825236,-6.24220410,-6.24220410,STOP_LOSS
SCORE72_SL5TP10,KORUB/USDT,2026-08-13T15:00:00+00:00,2026-08-14T15:00:00+00:00,21.32,21.48,87.00000000,92.00000000,100.00000000,0.10000000,0.10075047,0.75046904,0.54971857,0.54971857,24H
SCORE72_SL5TP10,HEI/USDT,2026-08-14T14:00:00+00:00,2026-08-14T15:00:00+00:00,0.153,0.1446,84.00000000,89.00000000,100.00000000,0.10000000,0.09450980,-5.49019608,-5.68470588,-5.68470588,STOP_LOSS
SCORE72_SL5TP10,PLUME/USDT,2026-08-14T12:00:00+00:00,2026-08-14T16:00:00+00:00,0.01319,0.01249,92.00000000,97.00000000,100.00000000,0.10000000,0.09469295,-5.30705080,-5.50174375,-5.50174375,STOP_LOSS
SCORE72_SL5TP10,CRCLB/USDT,2026-08-13T18:00:00+00:00,2026-08-14T18:00:00+00:00,73.57,71.64,92.00000000,97.00000000,100.00000000,0.10000000,0.09737665,-2.62335191,-2.82072856,-2.82072856,24H
SCORE72_SL5TP10,HEI/USDT,2026-08-14T15:00:00+00:00,2026-08-14T18:00:00+00:00,0.1446,0.1335,89.00000000,81.00000000,100.00000000,0.10000000,0.09232365,-7.67634855,-7.86867220,-7.86867220,STOP_LOSS
SCORE72_SL5TP10,SNXXB/USDT,2026-08-14T06:00:00+00:00,2026-08-14T20:00:00+00:00,14.72,16.25,90.00000000,100.00000000,100.00000000,0.10000000,0.11039402,10.39402174,10.18362772,10.18362772,TAKE_PROFIT
SCORE72_SL5TP10,RLUSD/USDT,2026-08-14T00:00:00+00:00,2026-08-15T00:00:00+00:00,1.0012,1.001,87.00000000,87.00000000,100.00000000,0.10000000,0.09998002,-0.01997603,-0.21995605,-0.21995605,24H
SCORE72_SL5TP10,EDEN/USDT,2026-08-14T18:00:00+00:00,2026-08-15T00:00:00+00:00,0.06159,0.05846,84.00000000,76.00000000,100.00000000,0.10000000,0.09491801,-5.08199383,-5.27691184,-5.27691184,STOP_LOSS
SCORE72_SL5TP10,PUMP/USDT,2026-08-14T04:00:00+00:00,2026-08-15T03:00:00+00:00,0.002918,0.00274,87.00000000,86.00000000,100.00000000,0.10000000,0.09389993,-6.10006854,-6.29396847,-6.29396847,STOP_LOSS
SCORE72_SL5TP10,U/USDT,2026-08-14T09:00:00+00:00,2026-08-15T09:00:00+00:00,1.0005,1.0005,87.00000000,87.00000000,100.00000000,0.10000000,0.10000000,0.00000000,-0.20000000,-0.20000000,24H
SCORE72_SL5TP10,HEMI/USDT,2026-08-15T09:00:00+00:00,2026-08-15T14:00:00+00:00,0.00533,0.00661,89.00000000,89.00000000,100.00000000,0.10000000,0.12401501,24.01500938,23.79099437,23.79099437,TAKE_PROFIT
SCORE72_SL5TP10,WLD/USDT,2026-08-14T15:00:00+00:00,2026-08-15T15:00:00+00:00,0.346,0.3458,89.00000000,88.00000000,100.00000000,0.10000000,0.09994220,-0.05780347,-0.25774566,-0.25774566,24H
SCORE72_SL5TP10,WLFI/USDT,2026-08-14T15:00:00+00:00,2026-08-15T15:00:00+00:00,0.0555,0.0562,87.00000000,86.00000000,100.00000000,0.10000000,0.10126126,1.26126126,1.06000000,1.06000000,24H
SCORE72_SL5TP10,BEL/USDT,2026-08-14T15:00:00+00:00,2026-08-15T15:00:00+00:00,0.1053,0.1073,85.00000000,87.00000000,100.00000000,0.10000000,0.10189934,1.89933523,1.69743590,1.69743590,24H
SCORE72_SL5TP10,LINK/USDT,2026-08-14T16:00:00+00:00,2026-08-15T16:00:00+00:00,8.877,9.614,84.00000000,84.00000000,100.00000000,0.10000000,0.10830235,8.30235440,8.09405204,8.09405204,24H
SCORE72_SL5TP10,XPL/USDT,2026-08-14T18:00:00+00:00,2026-08-15T18:00:00+00:00,0.07668,0.07679,84.00000000,84.00000000,100.00000000,0.10000000,0.10014345,0.14345331,-0.05669014,-0.05669014,24H
SCORE72_SL5TP10,ONG/USDT,2026-08-14T20:00:00+00:00,2026-08-15T20:00:00+00:00,0.04511,0.0488,80.00000000,72.00000000,100.00000000,0.10000000,0.10818000,8.18000443,7.97182443,7.97182443,24H
SCORE72_SL5TP10,RED/USDT,2026-08-15T18:00:00+00:00,2026-08-15T21:00:00+00:00,0.0911,0.1067,90.00000000,100.00000000,100.00000000,0.10000000,0.11712404,17.12403952,16.90691548,16.90691548,TAKE_PROFIT
SCORE72_SL5TP10,CHIP/USDT,2026-08-15T16:00:00+00:00,2026-08-15T22:00:00+00:00,0.02511,0.02773,92.00000000,97.00000000,100.00000000,0.10000000,0.11043409,10.43409000,10.22365591,10.22365591,TAKE_PROFIT
SCORE72_SL5TP10,RE/USDT,2026-08-15T00:00:00+00:00,2026-08-16T00:00:00+00:00,0.4576,0.4645,92.00000000,97.00000000,100.00000000,0.10000000,0.10150787,1.50786713,1.30635927,1.30635927,24H
SCORE72_SL5TP10,EURI/USDT,2026-08-15T00:00:00+00:00,2026-08-16T00:00:00+00:00,1.1574,1.1571,84.00000000,84.00000000,100.00000000,0.10000000,0.09997408,-0.02592017,-0.22589425,-0.22589425,24H
SCORE72_SL5TP10,RED/USDT,2026-08-15T22:00:00+00:00,2026-08-16T00:00:00+00:00,0.0941,0.0893,95.00000000,100.00000000,100.00000000,0.10000000,0.09489904,-5.10095643,-5.29585547,-5.29585547,STOP_LOSS
SCORE72_SL5TP10,HEMI/USDT,2026-08-15T14:00:00+00:00,2026-08-16T02:00:00+00:00,0.00661,0.00742,90.00000000,92.00000000,100.00000000,0.10000000,0.11225416,12.25416036,12.04190620,12.04190620,TAKE_PROFIT
SCORE72_SL5TP10,PLUME/USDT,2026-08-15T03:00:00+00:00,2026-08-16T03:00:00+00:00,0.01296,0.01293,95.00000000,100.00000000,100.00000000,0.10000000,0.09976852,-0.23148148,-0.43125000,-0.43125000,24H
SCORE72_SL5TP10,HEMI/USDT,2026-08-16T03:00:00+00:00,2026-08-16T07:00:00+00:00,0.00782,0.00864,92.00000000,89.00000000,100.00000000,0.10000000,0.11048593,10.48593350,10.27544757,10.27544757,TAKE_PROFIT
SCORE72_SL5TP10,HEMI/USDT,2026-08-16T07:00:00+00:00,2026-08-16T08:00:00+00:00,0.00864,0.00819,84.00000000,80.00000000,100.00000000,0.10000000,0.09479167,-5.20833333,-5.40312500,-5.40312500,STOP_LOSS
SCORE72_SL5TP10,RE/USDT,2026-08-16T00:00:00+00:00,2026-08-16T12:00:00+00:00,0.4645,0.4389,89.00000000,88.00000000,100.00000000,0.10000000,0.09448870,-5.51130248,-5.70579117,-5.70579117,STOP_LOSS
SCORE72_SL5TP10,GPS/USDT,2026-08-16T02:00:00+00:00,2026-08-16T13:00:00+00:00,0.01063,0.01004,90.00000000,95.00000000,100.00000000,0.10000000,0.09444967,-5.55032926,-5.74477893,-5.74477893,STOP_LOSS
SCORE72_SL5TP10,EWYB/USDT,2026-08-15T15:00:00+00:00,2026-08-16T15:00:00+00:00,180.03,180.87,87.00000000,87.00000000,100.00000000,0.10000000,0.10046659,0.46658890,0.26612231,0.26612231,24H
SCORE72_SL5TP10,USDC/USDT,2026-08-15T15:00:00+00:00,2026-08-16T15:00:00+00:00,1.00094,1.00098,87.00000000,87.00000000,100.00000000,0.10000000,0.10000400,0.00399624,-0.19600775,-0.19600775,24H
SCORE72_SL5TP10,WLD/USDT,2026-08-15T15:00:00+00:00,2026-08-16T15:00:00+00:00,0.3458,0.3585,87.00000000,87.00000000,100.00000000,0.10000000,0.10367264,3.67264315,3.46897050,3.46897050,24H
SCORE72_SL5TP10,PORTAL/USDT,2026-08-16T15:00:00+00:00,2026-08-16T17:00:00+00:00,0.01336,0.01493,92.00000000,89.00000000,100.00000000,0.10000000,0.11175150,11.75149701,11.53974551,11.53974551,TAKE_PROFIT
SCORE72_SL5TP10,BEL/USDT,2026-08-16T12:00:00+00:00,2026-08-16T18:00:00+00:00,0.107,0.1222,87.00000000,86.00000000,100.00000000,0.10000000,0.11420561,14.20560748,13.99140187,13.99140187,TAKE_PROFIT
SCORE72_SL5TP10,ALPINE/USDT,2026-08-15T20:00:00+00:00,2026-08-16T20:00:00+00:00,0.32,0.317,89.00000000,89.00000000,100.00000000,0.10000000,0.09906250,-0.93750000,-1.13656250,-1.13656250,24H
SCORE72_SL5TP10,ONG/USDT,2026-08-15T21:00:00+00:00,2026-08-16T20:00:00+00:00,0.04832,0.05431,84.00000000,84.00000000,100.00000000,0.10000000,0.11239652,12.39652318,12.18412666,12.18412666,TAKE_PROFIT
SCORE72_SL5TP10,WLFI/USDT,2026-08-16T00:00:00+00:00,2026-08-17T00:00:00+00:00,0.0578,0.0598,92.00000000,97.00000000,100.00000000,0.10000000,0.10346021,3.46020761,3.25674740,3.25674740,24H
SCORE72_SL5TP10,PAXG/USDT,2026-08-16T00:00:00+00:00,2026-08-17T00:00:00+00:00,4378.97,4397.91,87.00000000,87.00000000,100.00000000,0.10000000,0.10043252,0.43252180,0.23208928,0.23208928,24H
SCORE72_SL5TP10,ONG/USDT,2026-08-16T20:00:00+00:00,2026-08-17T01:00:00+00:00,0.05431,0.06082,84.00000000,84.00000000,100.00000000,0.10000000,0.11198674,11.98674277,11.77475603,11.77475603,TAKE_PROFIT
SCORE72_SL5TP10,GPS/USDT,2026-08-17T01:00:00+00:00,2026-08-17T03:00:00+00:00,0.01195,0.01394,95.00000000,100.00000000,100.00000000,0.10000000,0.11665272,16.65271967,16.43606695,16.43606695,TAKE_PROFIT
SCORE72_SL5TP10,XPL/USDT,2026-08-16T08:00:00+00:00,2026-08-17T08:00:00+00:00,0.07803,0.07685,87.00000000,87.00000000,100.00000000,0.10000000,0.09848776,-1.51223888,-1.71072664,-1.71072664,24H
SCORE72_SL5TP10,PLUME/USDT,2026-08-16T13:00:00+00:00,2026-08-17T11:00:00+00:00,0.01317,0.01251,87.00000000,87.00000000,100.00000000,0.10000000,0.09498861,-5.01138952,-5.20637813,-5.20637813,STOP_LOSS
SCORE72_SL5TP10,SNXXB/USDT,2026-08-16T18:00:00+00:00,2026-08-17T13:00:00+00:00,16.67,18.97,93.00000000,98.00000000,100.00000000,0.10000000,0.11379724,13.79724055,13.58344331,13.58344331,TAKE_PROFIT
SCORE72_SL5TP10,KORUB/USDT,2026-08-17T03:00:00+00:00,2026-08-17T14:00:00+00:00,22.59,25.04,90.00000000,100.00000000,100.00000000,0.10000000,0.11084551,10.84550686,10.63466135,10.63466135,TAKE_PROFIT
SCORE72_SL5TP10,WLD/USDT,2026-08-16T15:00:00+00:00,2026-08-17T15:00:00+00:00,0.3585,0.3607,95.00000000,100.00000000,100.00000000,0.10000000,0.10061367,0.61366806,0.41305439,0.41305439,24H
SCORE72_SL5TP10,SOXLB/USDT,2026-08-16T15:00:00+00:00,2026-08-17T15:00:00+00:00,145.14,156.05,87.00000000,87.00000000,100.00000000,0.10000000,0.10751688,7.51688025,7.30936337,7.30936337,24H
SCORE72_SL5TP10,ACE/USDT,2026-08-17T11:00:00+00:00,2026-08-17T15:00:00+00:00,0.1908,0.1774,85.00000000,79.00000000,100.00000000,0.10000000,0.09297694,-7.02306080,-7.21603774,-7.21603774,STOP_LOSS
SCORE72_SL5TP10,TUT/USDT,2026-08-17T15:00:00+00:00,2026-08-17T15:41:47.352932+00:00,0.04442,0.03802,89.00000000,81.00000000,100.00000000,0.10000000,0.08559208,-14.40792436,-14.59351643,-14.59351643,STOP_LOSS
SCORE72_SL5TP10,LINK/USDT,2026-08-16T17:00:00+00:00,2026-08-17T17:00:00+00:00,9.438,9.502,93.00000000,98.00000000,100.00000000,0.10000000,0.10067811,0.67810977,0.47743166,0.47743166,24H
SCORE72_SL5TP10,CHIP/USDT,2026-08-17T08:00:00+00:00,2026-08-17T18:00:00+00:00,0.02993,0.02814,95.00000000,100.00000000,100.00000000,0.10000000,0.09401938,-5.98062145,-6.17464083,-6.17464083,STOP_LOSS
SCORE72_SL5TP10,BEL/USDT,2026-08-16T20:00:00+00:00,2026-08-17T20:00:00+00:00,0.1115,0.1082,87.00000000,87.00000000,100.00000000,0.10000000,0.09704036,-2.95964126,-3.15668161,-3.15668161,24H
SCORE72_SL5TP10,MUBARAK/USDT,2026-08-17T00:00:00+00:00,2026-08-17T21:00:00+00:00,0.0175,0.01661,92.00000000,97.00000000,100.00000000,0.10000000,0.09491429,-5.08571429,-5.28062857,-5.28062857,STOP_LOSS
SCORE72_SL5TP10,EDEN/USDT,2026-08-17T18:00:00+00:00,2026-08-17T21:00:00+00:00,0.0499,0.04702,89.00000000,88.00000000,100.00000000,0.10000000,0.09422846,-5.77154309,-5.96577154,-5.96577154,STOP_LOSS
SCORE72_SL5TP10,MUB/USDT,2026-08-17T00:00:00+00:00,2026-08-18T00:00:00+00:00,984.22,1018.7,90.00000000,95.00000000,100.00000000,0.10000000,0.10350328,3.50328179,3.29977850,3.29977850,24H
SCORE72_SL5TP10,SNXXB/USDT,2026-08-17T15:00:00+00:00,2026-08-18T02:00:00+00:00,18.98,17.61,92.00000000,97.00000000,100.00000000,0.10000000,0.09278188,-7.21812434,-7.41090622,-7.41090622,STOP_LOSS
SCORE72_SL5TP10,BMT/USDT,2026-08-17T17:00:00+00:00,2026-08-18T03:00:00+00:00,0.01665,0.01562,89.00000000,89.00000000,100.00000000,0.10000000,0.09381381,-6.18618619,-6.38000000,-6.38000000,STOP_LOSS
SCORE72_SL5TP10,TUT/USDT,2026-08-18T03:00:00+00:00,2026-08-18T04:00:00+00:00,0.04811,0.03964,83.00000000,74.00000000,100.00000000,0.10000000,0.08239451,-17.60548742,-17.78788194,-17.78788194,STOP_LOSS
SCORE72_SL5TP10,EDEN/USDT,2026-08-18T02:00:00+00:00,2026-08-18T07:00:00+00:00,0.05028,0.05792,89.00000000,88.00000000,100.00000000,0.10000000,0.11519491,15.19490851,14.97971360,14.97971360,TAKE_PROFIT
SCORE72_SL5TP10,SNDKB/USDT,2026-08-17T15:00:00+00:00,2026-08-18T08:00:00+00:00,1784.63,1684.65,92.00000000,97.00000000,100.00000000,0.10000000,0.09439772,-5.60228171,-5.79667942,-5.79667942,STOP_LOSS
SCORE72_SL5TP10,OPN/USDT,2026-08-17T20:00:00+00:00,2026-08-18T09:00:00+00:00,0.0527,0.0587,84.00000000,84.00000000,100.00000000,0.10000000,0.11138520,11.38519924,11.17381404,11.17381404,TAKE_PROFIT
SCORE72_SL5TP10,ACE/USDT,2026-08-18T07:00:00+00:00,2026-08-18T12:00:00+00:00,0.191,0.2162,95.00000000,92.00000000,100.00000000,0.10000000,0.11319372,13.19371728,12.98052356,12.98052356,TAKE_PROFIT
SCORE72_SL5TP10,ACE/USDT,2026-08-18T12:00:00+00:00,2026-08-18T12:30:12.661268+00:00,0.2162,0.1913,95.00000000,92.00000000,100.00000000,0.10000000,0.08848289,-11.51711378,-11.70559667,-11.70559667,STOP_LOSS
SCORE72_SL5TP10,CRCLB/USDT,2026-08-17T13:00:00+00:00,2026-08-18T13:00:00+00:00,74.22,72.38,90.00000000,100.00000000,100.00000000,0.10000000,0.09752088,-2.47911614,-2.67663703,-2.67663703,24H
SCORE72_SL5TP10,CHIP/USDT,2026-08-18T09:00:00+00:00,2026-08-18T13:00:00+00:00,0.0286,0.02712,84.00000000,84.00000000,100.00000000,0.10000000,0.09482517,-5.17482517,-5.36965035,-5.36965035,STOP_LOSS
SCORE72_SL5TP10,ACE/USDT,2026-08-18T12:30:12.661268+00:00,2026-08-18T13:00:00+00:00,0.1913,0.2238,76.00000000,83.00000000,100.00000000,0.10000000,0.11698902,16.98902248,16.77203346,16.77203346,TAKE_PROFIT
SCORE72_SL5TP10,HEMI/USDT,2026-08-17T14:00:00+00:00,2026-08-18T14:00:00+00:00,0.00692,0.00646,95.00000000,100.00000000,100.00000000,0.10000000,0.09335260,-6.64739884,-6.84075145,-6.84075145,STOP_LOSS
SCORE72_SL5TP10,ALLO/USDT,2026-08-17T15:41:47.979890+00:00,2026-08-18T16:00:00+00:00,0.28,0.2998,89.00000000,100.00000000,100.00000000,0.10000000,0.10707143,7.07142857,6.86435714,6.86435714,24H
SCORE72_SL5TP10,AAVE/USDT,2026-08-17T21:00:00+00:00,2026-08-18T21:00:00+00:00,89.04,88.29,79.00000000,79.00000000,100.00000000,0.10000000,0.09915768,-0.84231806,-1.04147574,-1.04147574,24H
SCORE72_SL5TP10,POL/USDT,2026-08-17T21:00:00+00:00,2026-08-18T21:00:00+00:00,0.07997,0.0818,78.00000000,65.00000000,100.00000000,0.10000000,0.10228836,2.28835813,2.08606978,2.08606978,24H
SCORE72_SL5TP10,ONG/USDT,2026-08-18T00:00:00+00:00,2026-08-19T00:00:00+00:00,0.05516,0.05752,89.00000000,88.00000000,100.00000000,0.10000000,0.10427846,4.27846265,4.07418419,4.07418419,24H
SCORE72_SL5TP10,FDUSD/USDT,2026-08-18T04:00:00+00:00,2026-08-19T04:00:00+00:00,0.998,0.9979,78.00000000,73.00000000,100.00000000,0.10000000,0.09998998,-0.01002004,-0.21001002,-0.21001002,24H
SCORE72_SL5TP10,HEMI/USDT,2026-08-18T21:00:00+00:00,2026-08-19T05:00:00+00:00,0.00692,0.00832,84.00000000,84.00000000,100.00000000,0.10000000,0.12023121,20.23121387,20.01098266,20.01098266,TAKE_PROFIT
SCORE72_SL5TP10,ARB/USDT,2026-08-18T08:00:00+00:00,2026-08-19T08:00:00+00:00,0.0759,0.0773,89.00000000,89.00000000,100.00000000,0.10000000,0.10184453,1.84453228,1.64268775,1.64268775,24H
SCORE72_SL5TP10,ONG/USDT,2026-08-19T00:00:00+00:00,2026-08-19T09:00:00+00:00,0.05752,0.06342,87.00000000,87.00000000,100.00000000,0.10000000,0.11025730,10.25730181,10.04704451,10.04704451,TAKE_PROFIT
SCORE72_SL5TP10,MUBARAK/USDT,2026-08-19T04:00:00+00:00,2026-08-19T09:00:00+00:00,0.01709,0.01908,77.00000000,63.00000000,100.00000000,0.10000000,0.11164424,11.64423640,11.43259216,11.43259216,TAKE_PROFIT
SCORE72_SL5TP10,ACE/USDT,2026-08-18T13:00:00+00:00,2026-08-19T12:00:00+00:00,0.2238,0.2061,90.00000000,92.00000000,100.00000000,0.10000000,0.09209115,-7.90884718,-8.10093834,-8.10093834,STOP_LOSS
SCORE72_SL5TP10,BTC/USDT,2026-08-18T13:00:00+00:00,2026-08-19T13:00:00+00:00,64219.99,65012.12,87.00000000,87.00000000,100.00000000,0.10000000,0.10123346,1.23346329,1.03222982,1.03222982,24H
SCORE72_SL5TP10,EUR/USDT,2026-08-18T13:00:00+00:00,2026-08-19T13:00:00+00:00,1.1594,1.1664,87.00000000,87.00000000,100.00000000,0.10000000,0.10060376,0.60376057,0.40315681,0.40315681,24H
SCORE72_SL5TP10,SOL/USDT,2026-08-18T14:00:00+00:00,2026-08-19T14:00:00+00:00,76.8,80.89,93.00000000,98.00000000,100.00000000,0.10000000,0.10532552,5.32552083,5.12019531,5.12019531,24H
SCORE72_SL5TP10,TREE/USDT,2026-08-19T12:00:00+00:00,2026-08-19T14:00:00+00:00,0.0343,0.0406,95.00000000,100.00000000,100.00000000,0.10000000,0.11836735,18.36734694,18.14897959,18.14897959,TAKE_PROFIT
SCORE72_SL5TP10,RE/USDT,2026-08-19T09:00:00+00:00,2026-08-19T15:00:00+00:00,0.4022,0.4585,79.00000000,76.00000000,100.00000000,0.10000000,0.11399801,13.99801094,13.78401293,13.78401293,TAKE_PROFIT
SCORE72_SL5TP10,SPCXB/USDT,2026-08-18T16:00:00+00:00,2026-08-19T16:00:00+00:00,146.01,140.35,95.00000000,100.00000000,100.00000000,0.10000000,0.09612355,-3.87644682,-4.07257037,-4.07257037,24H
SCORE72_SL5TP10,ONG/USDT,2026-08-19T09:00:00+00:00,2026-08-19T17:00:00+00:00,0.06342,0.05998,87.00000000,92.00000000,100.00000000,0.10000000,0.09457584,-5.42415642,-5.61873226,-5.61873226,STOP_LOSS
SCORE72_SL5TP10,TRUMP/USDT,2026-08-19T14:00:00+00:00,2026-08-19T20:00:00+00:00,1.424,1.585,84.00000000,84.00000000,100.00000000,0.10000000,0.11130618,11.30617978,11.09487360,11.09487360,TAKE_PROFIT
SCORE72_SL5TP10,PUMP/USDT,2026-08-18T21:00:00+00:00,2026-08-19T21:00:00+00:00,0.002972,0.003126,90.00000000,100.00000000,100.00000000,0.10000000,0.10518170,5.18169583,4.97651413,4.97651413,24H
SCORE72_SL5TP10,ARB/USDT,2026-08-19T08:00:00+00:00,2026-08-19T21:00:00+00:00,0.0773,0.0891,84.00000000,89.00000000,100.00000000,0.10000000,0.11526520,15.26520052,15.04993532,15.04993532,TAKE_PROFIT
SCORE72_SL5TP10,ONG/USDT,2026-08-19T21:00:00+00:00,2026-08-20T20:00:00+00:00,0.06122,0.17155,80.00000000,72.00000000,100.00000000,0.10000000,0.28021888,180.21888272,179.83866384,179.83866384,TAKE_PROFIT
SCORE72_SL5TP10,TAO/USDT,2026-08-20T23:00:00+00:00,2026-08-21T23:00:00+00:00,214.9,229.9,72.00000000,67.00000000,100.00000000,0.10000000,0.10697999,6.97999069,6.77301070,6.77301070,24H
REMOVE_TOP5,ACE/USDT,2026-07-18T15:00:00+00:00,2026-07-18T18:00:00+00:00,0.0729,0.0686,70.00000000,70.00000000,100.00000000,0.10000000,0.09410151,-5.89849108,-6.09259259,-6.09259259,STOP_LOSS
REMOVE_TOP5,DEXE/USDT,2026-07-18T13:00:00+00:00,2026-07-19T06:00:00+00:00,36.519,34.466,75.00000000,70.00000000,100.00000000,0.10000000,0.09437827,-5.62173115,-5.81610942,-5.81610942,STOP_LOSS
REMOVE_TOP5,CHIP/USDT,2026-07-18T13:00:00+00:00,2026-07-19T13:00:00+00:00,0.03159,0.03049,75.00000000,70.00000000,100.00000000,0.10000000,0.09651789,-3.48211459,-3.67863248,-3.67863248,24H
REMOVE_TOP5,ONG/USDT,2026-07-18T13:00:00+00:00,2026-07-19T13:00:00+00:00,0.0472,0.0474,70.00000000,65.00000000,100.00000000,0.10000000,0.10042373,0.42372881,0.22330508,0.22330508,24H
REMOVE_TOP5,ALLO/USDT,2026-07-18T14:00:00+00:00,2026-07-19T14:00:00+00:00,0.4592,0.4639,72.00000000,67.00000000,100.00000000,0.10000000,0.10102352,1.02351916,0.82249564,0.82249564,24H
REMOVE_TOP5,ZEC/USDT,2026-07-18T16:00:00+00:00,2026-07-19T16:00:00+00:00,556.73,551.43,70.00000000,65.00000000,100.00000000,0.10000000,0.09904801,-0.95198750,-1.15103551,-1.15103551,24H
REMOVE_TOP5,ETH/USDT,2026-07-18T18:00:00+00:00,2026-07-19T18:00:00+00:00,1857.54,1861.12,70.00000000,65.00000000,100.00000000,0.10000000,0.10019273,0.19272802,-0.00746471,-0.00746471,24H
REMOVE_TOP5,TAO/USDT,2026-07-18T19:00:00+00:00,2026-07-19T19:00:00+00:00,195.9,197.1,70.00000000,65.00000000,100.00000000,0.10000000,0.10061256,0.61255743,0.41194487,0.41194487,24H
REMOVE_TOP5,CRCLB/USDT,2026-07-19T01:00:00+00:00,2026-07-20T01:00:00+00:00,61.4,60.65,73.00000000,68.00000000,100.00000000,0.10000000,0.09877850,-1.22149837,-1.42027687,-1.42027687,24H
REMOVE_TOP5,OPN/USDT,2026-07-19T02:00:00+00:00,2026-07-20T02:00:00+00:00,0.0637,0.0616,70.00000000,65.00000000,100.00000000,0.10000000,0.09670330,-3.29670330,-3.49340659,-3.49340659,24H
REMOVE_TOP5,PEPE/USDT,2026-07-19T06:00:00+00:00,2026-07-20T06:00:00+00:00,2.8e-06,2.82e-06,73.00000000,68.00000000,100.00000000,0.10000000,0.10071429,0.71428571,0.51357143,0.51357143,24H
REMOVE_TOP5,HEMI/USDT,2026-07-19T13:00:00+00:00,2026-07-20T08:00:00+00:00,0.00457,0.00505,75.00000000,70.00000000,100.00000000,0.10000000,0.11050328,10.50328228,10.29277899,10.29277899,TAKE_PROFIT
REMOVE_TOP5,LTC/USDT,2026-07-19T13:00:00+00:00,2026-07-20T13:00:00+00:00,47.36,46.69,73.00000000,68.00000000,100.00000000,0.10000000,0.09858530,-1.41469595,-1.61328125,-1.61328125,24H
REMOVE_TOP5,GPS/USDT,2026-07-19T14:00:00+00:00,2026-07-20T14:00:00+00:00,0.00908,0.00905,70.00000000,65.00000000,100.00000000,0.10000000,0.09966960,-0.33039648,-0.53006608,-0.53006608,24H
REMOVE_TOP5,HEMI/USDT,2026-07-20T09:00:00+00:00,2026-07-20T14:00:00+00:00,0.00499,0.00561,70.00000000,70.00000000,100.00000000,0.10000000,0.11242485,12.42484970,12.21242485,12.21242485,TAKE_PROFIT
REMOVE_TOP5,EDEN/USDT,2026-07-19T16:00:00+00:00,2026-07-20T16:00:00+00:00,0.04415,0.04281,70.00000000,65.00000000,100.00000000,0.10000000,0.09696489,-3.03510759,-3.23207248,-3.23207248,24H
REMOVE_TOP5,ALLO/USDT,2026-07-20T16:00:00+00:00,2026-07-20T20:00:00+00:00,0.4872,0.4611,75.00000000,70.00000000,100.00000000,0.10000000,0.09464286,-5.35714286,-5.55178571,-5.55178571,STOP_LOSS
REMOVE_TOP5,EWYB/USDT,2026-07-19T22:00:00+00:00,2026-07-20T22:00:00+00:00,166.67,163.53,75.00000000,70.00000000,100.00000000,0.10000000,0.09811604,-1.88396232,-2.08207836,-2.08207836,24H
REMOVE_TOP5,MUB/USDT,2026-07-19T22:00:00+00:00,2026-07-20T22:00:00+00:00,867.11,873.22,73.00000000,68.00000000,100.00000000,0.10000000,0.10070464,0.70463955,0.50393491,0.50393491,24H
REMOVE_TOP5,ETH/USDT,2026-07-19T22:00:00+00:00,2026-07-20T22:00:00+00:00,1870.44,1895.72,70.00000000,65.00000000,100.00000000,0.10000000,0.10135155,1.35155365,1.15020209,1.15020209,24H
REMOVE_TOP5,TUT/USDT,2026-07-20T06:00:00+00:00,2026-07-21T00:00:00+00:00,0.01337,0.01477,70.00000000,65.00000000,100.00000000,0.10000000,0.11047120,10.47120419,10.26073298,10.26073298,TAKE_PROFIT
REMOVE_TOP5,LINK/USDT,2026-07-20T01:00:00+00:00,2026-07-21T01:00:00+00:00,8.422,8.592,73.00000000,68.00000000,100.00000000,0.10000000,0.10201852,2.01852292,1.81650439,1.81650439,24H
REMOVE_TOP5,HEMI/USDT,2026-07-20T22:00:00+00:00,2026-07-21T01:00:00+00:00,0.00686,0.00643,72.00000000,59.00000000,100.00000000,0.10000000,0.09373178,-6.26822157,-6.46195335,-6.46195335,STOP_LOSS
REMOVE_TOP5,MSTRB/USDT,2026-07-20T02:00:00+00:00,2026-07-21T02:00:00+00:00,95.95,99.27,70.00000000,65.00000000,100.00000000,0.10000000,0.10346014,3.46013549,3.25667535,3.25667535,24H
REMOVE_TOP5,DEXE/USDT,2026-07-21T00:00:00+00:00,2026-07-21T02:00:00+00:00,37.721,34.091,75.00000000,70.00000000,100.00000000,0.10000000,0.09037671,-9.62328676,-9.81366348,-9.81366348,STOP_LOSS
REMOVE_TOP5,TREE/USDT,2026-07-21T02:00:00+00:00,2026-07-21T06:00:00+00:00,0.0385,0.0475,72.00000000,67.00000000,100.00000000,0.10000000,0.12337662,23.37662338,23.15324675,23.15324675,TAKE_PROFIT
REMOVE_TOP5,SOXLB/USDT,2026-07-21T00:00:00+00:00,2026-07-21T08:00:00+00:00,139.06,153.96,73.00000000,68.00000000,100.00000000,0.10000000,0.11071480,10.71479937,10.50408457,10.50408457,TAKE_PROFIT
REMOVE_TOP5,NEAR/USDT,2026-07-20T13:00:00+00:00,2026-07-21T13:00:00+00:00,1.965,1.988,73.00000000,68.00000000,100.00000000,0.10000000,0.10117048,1.17048346,0.96931298,0.96931298,24H
REMOVE_TOP5,CRCLB/USDT,2026-07-20T14:00:00+00:00,2026-07-21T13:00:00+00:00,63.12,70.14,70.00000000,70.00000000,100.00000000,0.10000000,0.11112167,11.12167300,10.91055133,10.91055133,TAKE_PROFIT
REMOVE_TOP5,BMT/USDT,2026-07-20T15:00:00+00:00,2026-07-21T15:00:00+00:00,0.01184,0.01197,73.00000000,68.00000000,100.00000000,0.10000000,0.10109797,1.09797297,0.89687500,0.89687500,24H
REMOVE_TOP5,MUB/USDT,2026-07-21T01:00:00+00:00,2026-07-21T16:00:00+00:00,886.11,977.63,73.00000000,68.00000000,100.00000000,0.10000000,0.11032829,10.32828881,10.11796052,10.11796052,TAKE_PROFIT
REMOVE_TOP5,RARE/USDT,2026-07-20T20:00:00+00:00,2026-07-21T20:00:00+00:00,0.0128,0.0127,73.00000000,68.00000000,100.00000000,0.10000000,0.09921875,-0.78125000,-0.98046875,-0.98046875,24H
REMOVE_TOP5,RED/USDT,2026-07-21T01:00:00+00:00,2026-07-22T01:00:00+00:00,0.1032,0.1011,75.00000000,70.00000000,100.00000000,0.10000000,0.09796512,-2.03488372,-2.23284884,-2.23284884,24H
REMOVE_TOP5,EWYB/USDT,2026-07-21T02:00:00+00:00,2026-07-22T02:00:00+00:00,167.22,174.49,75.00000000,70.00000000,100.00000000,0.10000000,0.10434757,4.34756608,4.14321851,4.14321851,24H
REMOVE_TOP5,BICO/USDT,2026-07-21T02:00:00+00:00,2026-07-22T02:00:00+00:00,0.01401,0.01386,72.00000000,67.00000000,100.00000000,0.10000000,0.09892934,-1.07066381,-1.26959315,-1.26959315,24H
REMOVE_TOP5,SKHYB/USDT,2026-07-21T06:00:00+00:00,2026-07-22T06:00:00+00:00,160.21,163.65,72.00000000,67.00000000,100.00000000,0.10000000,0.10214718,2.14718182,1.94503464,1.94503464,24H
REMOVE_TOP5,GIGGLE/USDT,2026-07-21T08:00:00+00:00,2026-07-22T08:00:00+00:00,26.98,26.53,75.00000000,70.00000000,100.00000000,0.10000000,0.09833210,-1.66790215,-1.86623425,-1.86623425,24H
REMOVE_TOP5,TUT/USDT,2026-07-22T04:00:00+00:00,2026-07-22T10:00:00+00:00,0.01524,0.01412,70.00000000,65.00000000,100.00000000,0.10000000,0.09265092,-7.34908136,-7.54173228,-7.54173228,STOP_LOSS
REMOVE_TOP5,ALLO/USDT,2026-07-21T13:00:00+00:00,2026-07-22T13:00:00+00:00,0.4991,0.5038,75.00000000,70.00000000,100.00000000,0.10000000,0.10094170,0.94169505,0.74075336,0.74075336,24H
REMOVE_TOP5,SNDKB/USDT,2026-07-21T13:00:00+00:00,2026-07-22T13:00:00+00:00,1529.08,1577.19,70.00000000,70.00000000,100.00000000,0.10000000,0.10314634,3.14633636,2.94319002,2.94319002,24H
REMOVE_TOP5,MSTRB/USDT,2026-07-21T15:00:00+00:00,2026-07-22T15:00:00+00:00,102.67,99.78,73.00000000,68.00000000,100.00000000,0.10000000,0.09718516,-2.81484367,-3.01202883,-3.01202883,24H
REMOVE_TOP5,GRAM/USDT,2026-07-21T16:00:00+00:00,2026-07-22T16:00:00+00:00,1.518,1.517,72.00000000,67.00000000,100.00000000,0.10000000,0.09993412,-0.06587615,-0.26581028,-0.26581028,24H
REMOVE_TOP5,PORTAL/USDT,2026-07-21T22:00:00+00:00,2026-07-22T22:00:00+00:00,0.01106,0.01088,73.00000000,68.00000000,100.00000000,0.10000000,0.09837251,-1.62748644,-1.82585895,-1.82585895,24H
REMOVE_TOP5,CHIP/USDT,2026-07-22T02:00:00+00:00,2026-07-23T02:00:00+00:00,0.0306,0.03026,70.00000000,65.00000000,100.00000000,0.10000000,0.09888889,-1.11111111,-1.31000000,-1.31000000,24H
REMOVE_TOP5,BICO/USDT,2026-07-22T03:00:00+00:00,2026-07-23T03:00:00+00:00,0.01388,0.01377,73.00000000,68.00000000,100.00000000,0.10000000,0.09920749,-0.79250720,-0.99171470,-0.99171470,24H
REMOVE_TOP5,BEL/USDT,2026-07-22T06:00:00+00:00,2026-07-23T06:00:00+00:00,0.1042,0.1018,70.00000000,65.00000000,100.00000000,0.10000000,0.09769674,-2.30326296,-2.50095969,-2.50095969,24H
REMOVE_TOP5,ENA/USDT,2026-07-22T08:00:00+00:00,2026-07-23T08:00:00+00:00,0.0882,0.0919,70.00000000,65.00000000,100.00000000,0.10000000,0.10419501,4.19501134,3.99081633,3.99081633,24H
REMOVE_TOP5,ONDO/USDT,2026-07-22T10:00:00+00:00,2026-07-23T10:00:00+00:00,0.4109,0.4035,75.00000000,70.00000000,100.00000000,0.10000000,0.09819908,-1.80092480,-1.99912387,-1.99912387,24H
REMOVE_TOP5,AAVE/USDT,2026-07-22T13:00:00+00:00,2026-07-23T13:00:00+00:00,97.91,96.11,75.00000000,70.00000000,100.00000000,0.10000000,0.09816158,-1.83842304,-2.03658462,-2.03658462,24H
REMOVE_TOP5,MUB/USDT,2026-07-22T13:00:00+00:00,2026-07-23T13:00:00+00:00,972.31,977.98,75.00000000,70.00000000,100.00000000,0.10000000,0.10058315,0.58314735,0.38256420,0.38256420,24H
REMOVE_TOP5,ADA/USDT,2026-07-22T15:00:00+00:00,2026-07-23T15:00:00+00:00,0.1779,0.1705,75.00000000,70.00000000,100.00000000,0.10000000,0.09584036,-4.15964025,-4.35548061,-4.35548061,24H
REMOVE_TOP5,OPN/USDT,2026-07-23T06:00:00+00:00,2026-07-23T15:00:00+00:00,0.0718,0.0669,73.00000000,68.00000000,100.00000000,0.10000000,0.09317549,-6.82451253,-7.01768802,-7.01768802,STOP_LOSS
REMOVE_TOP5,WLD/USDT,2026-07-22T16:00:00+00:00,2026-07-23T16:00:00+00:00,0.3938,0.3766,75.00000000,70.00000000,100.00000000,0.10000000,0.09563230,-4.36769934,-4.56333164,-4.56333164,24H
REMOVE_TOP5,SKHYB/USDT,2026-07-23T00:00:00+00:00,2026-07-24T00:00:00+00:00,171.79,167.7,72.00000000,67.00000000,100.00000000,0.10000000,0.09761919,-2.38081378,-2.57843297,-2.57843297,24H
REMOVE_TOP5,RE/USDT,2026-07-23T16:00:00+00:00,2026-07-24T00:00:00+00:00,0.5261,0.5822,70.00000000,70.00000000,100.00000000,0.10000000,0.11066337,10.66337198,10.45270861,10.45270861,TAKE_PROFIT
REMOVE_TOP5,SNDKB/USDT,2026-07-23T16:00:00+00:00,2026-07-24T02:00:00+00:00,1667.76,1576.22,72.00000000,67.00000000,100.00000000,0.10000000,0.09451120,-5.48879935,-5.68331055,-5.68331055,STOP_LOSS
REMOVE_TOP5,SOXLB/USDT,2026-07-23T20:00:00+00:00,2026-07-24T02:00:00+00:00,162.95,151.66,75.00000000,70.00000000,100.00000000,0.10000000,0.09307149,-6.92850568,-7.12157717,-7.12157717,STOP_LOSS
REMOVE_TOP5,GRAM/USDT,2026-07-23T03:00:00+00:00,2026-07-24T03:00:00+00:00,1.516,1.455,73.00000000,68.00000000,100.00000000,0.10000000,0.09597625,-4.02374670,-4.21972296,-4.21972296,24H
REMOVE_TOP5,BMT/USDT,2026-07-23T05:00:00+00:00,2026-07-24T05:00:00+00:00,0.01262,0.01228,70.00000000,70.00000000,100.00000000,0.10000000,0.09730586,-2.69413629,-2.89144216,-2.89144216,24H
REMOVE_TOP5,TRUMP/USDT,2026-07-23T08:00:00+00:00,2026-07-24T08:00:00+00:00,1.639,1.598,75.00000000,70.00000000,100.00000000,0.10000000,0.09749847,-2.50152532,-2.69902379,-2.69902379,24H
REMOVE_TOP5,OPN/USDT,2026-07-24T05:00:00+00:00,2026-07-24T08:00:00+00:00,0.0694,0.0627,75.00000000,70.00000000,100.00000000,0.10000000,0.09034582,-9.65417867,-9.84452450,-9.84452450,STOP_LOSS
REMOVE_TOP5,KAITO/USDT,2026-07-23T10:00:00+00:00,2026-07-24T10:00:00+00:00,1.032,1.0396,75.00000000,70.00000000,100.00000000,0.10000000,0.10073643,0.73643411,0.53569767,0.53569767,24H
REMOVE_TOP5,KAITO/USDT,2026-07-24T10:00:00+00:00,2026-07-24T12:00:00+00:00,1.0396,0.9876,73.00000000,68.00000000,100.00000000,0.10000000,0.09499808,-5.00192382,-5.19692189,-5.19692189,STOP_LOSS
REMOVE_TOP5,PLUME/USDT,2026-07-23T13:00:00+00:00,2026-07-24T13:00:00+00:00,0.01146,0.01114,73.00000000,68.00000000,100.00000000,0.10000000,0.09720768,-2.79232112,-2.98952880,-2.98952880,24H
REMOVE_TOP5,ALLO/USDT,2026-07-24T11:00:00+00:00,2026-07-24T14:00:00+00:00,0.5096,0.47,70.00000000,65.00000000,100.00000000,0.10000000,0.09222920,-7.77080063,-7.96302983,-7.96302983,STOP_LOSS
REMOVE_TOP5,HOME/USDT,2026-07-24T14:00:00+00:00,2026-07-24T18:00:00+00:00,0.00689,0.00654,72.00000000,67.00000000,100.00000000,0.10000000,0.09492017,-5.07982583,-5.27474601,-5.27474601,STOP_LOSS
REMOVE_TOP5,HEI/USDT,2026-07-23T21:00:00+00:00,2026-07-24T21:00:00+00:00,0.103,0.0987,70.00000000,70.00000000,100.00000000,0.10000000,0.09582524,-4.17475728,-4.37058252,-4.37058252,24H
REMOVE_TOP5,XPL/USDT,2026-07-24T17:00:00+00:00,2026-07-25T03:00:00+00:00,0.08689,0.08214,75.00000000,70.00000000,100.00000000,0.10000000,0.09453332,-5.46668201,-5.66121533,-5.66121533,STOP_LOSS
REMOVE_TOP5,UNI/USDT,2026-07-24T05:00:00+00:00,2026-07-25T05:00:00+00:00,3.833,3.687,70.00000000,65.00000000,100.00000000,0.10000000,0.09619097,-3.80902687,-4.00521785,-4.00521785,24H
REMOVE_TOP5,HEMI/USDT,2026-07-24T19:00:00+00:00,2026-07-25T06:00:00+00:00,0.00532,0.00505,75.00000000,70.00000000,100.00000000,0.10000000,0.09492481,-5.07518797,-5.27011278,-5.27011278,STOP_LOSS
REMOVE_TOP5,RE/USDT,2026-07-25T07:00:00+00:00,2026-07-25T09:00:00+00:00,0.6078,0.5587,75.00000000,70.00000000,100.00000000,0.10000000,0.09192168,-8.07831524,-8.27023692,-8.27023692,STOP_LOSS
REMOVE_TOP5,GPS/USDT,2026-07-24T10:00:00+00:00,2026-07-25T10:00:00+00:00,0.00923,0.00958,70.00000000,65.00000000,100.00000000,0.10000000,0.10379198,3.79198267,3.58819068,3.58819068,24H
REMOVE_TOP5,PLUME/USDT,2026-07-24T14:00:00+00:00,2026-07-25T14:00:00+00:00,0.01141,0.01178,73.00000000,68.00000000,100.00000000,0.10000000,0.10324277,3.24276950,3.03952673,3.03952673,24H
REMOVE_TOP5,TUT/USDT,2026-07-24T21:00:00+00:00,2026-07-25T21:00:00+00:00,0.01452,0.01538,75.00000000,70.00000000,100.00000000,0.10000000,0.10592287,5.92286501,5.71694215,5.71694215,24H
REMOVE_TOP5,TREE/USDT,2026-07-25T00:00:00+00:00,2026-07-26T00:00:00+00:00,0.0394,0.0381,73.00000000,68.00000000,100.00000000,0.10000000,0.09670051,-3.29949239,-3.49619289,-3.49619289,24H
REMOVE_TOP5,ALPINE/USDT,2026-07-25T13:00:00+00:00,2026-07-26T13:00:00+00:00,0.314,0.315,75.00000000,70.00000000,100.00000000,0.10000000,0.10031847,0.31847134,0.11815287,0.11815287,24H
REMOVE_TOP5,PLUME/USDT,2026-07-25T15:00:00+00:00,2026-07-26T15:00:00+00:00,0.01177,0.01236,70.00000000,65.00000000,100.00000000,0.10000000,0.10501274,5.01274427,4.80773152,4.80773152,24H
REMOVE_TOP5,TRX/USDT,2026-07-25T16:00:00+00:00,2026-07-26T16:00:00+00:00,0.3321,0.333,70.00000000,65.00000000,100.00000000,0.10000000,0.10027100,0.27100271,0.07073171,0.07073171,24H
REMOVE_TOP5,MUBARAK/USDT,2026-07-25T19:00:00+00:00,2026-07-26T19:00:00+00:00,0.01076,0.0108,70.00000000,65.00000000,100.00000000,0.10000000,0.10037175,0.37174721,0.17137546,0.17137546,24H
REMOVE_TOP5,PEPE/USDT,2026-07-26T02:00:00+00:00,2026-07-27T02:00:00+00:00,2.86e-06,2.94e-06,70.00000000,70.00000000,100.00000000,0.10000000,0.10279720,2.79720280,2.59440559,2.59440559,24H
REMOVE_TOP5,DOT/USDT,2026-07-26T03:00:00+00:00,2026-07-27T03:00:00+00:00,0.82,0.818,70.00000000,65.00000000,100.00000000,0.10000000,0.09975610,-0.24390244,-0.44365854,-0.44365854,24H
REMOVE_TOP5,FIL/USDT,2026-07-26T04:00:00+00:00,2026-07-27T04:00:00+00:00,0.7416,0.7478,70.00000000,65.00000000,100.00000000,0.10000000,0.10083603,0.83603020,0.63519417,0.63519417,24H
REMOVE_TOP5,TAO/USDT,2026-07-26T04:00:00+00:00,2026-07-27T04:00:00+00:00,196.4,198.8,70.00000000,70.00000000,100.00000000,0.10000000,0.10122200,1.22199593,1.02077393,1.02077393,24H
REMOVE_TOP5,RARE/USDT,2026-07-26T09:00:00+00:00,2026-07-27T09:00:00+00:00,0.01279,0.01259,70.00000000,65.00000000,100.00000000,0.10000000,0.09843628,-1.56372166,-1.76215794,-1.76215794,24H
REMOVE_TOP5,LINK/USDT,2026-07-26T13:00:00+00:00,2026-07-27T13:00:00+00:00,8.458,8.772,70.00000000,65.00000000,100.00000000,0.10000000,0.10371246,3.71246157,3.50874911,3.50874911,24H
REMOVE_TOP5,EDEN/USDT,2026-07-27T09:00:00+00:00,2026-07-27T15:00:00+00:00,0.04471,0.04217,90.00000000,100.00000000,100.00000000,0.10000000,0.09431894,-5.68105569,-5.87537464,-5.87537464,STOP_LOSS
REMOVE_TOP5,ONDO/USDT,2026-07-26T16:00:00+00:00,2026-07-27T16:00:00+00:00,0.4062,0.4094,90.00000000,100.00000000,100.00000000,0.10000000,0.10078779,0.78778927,0.58700148,0.58700148,24H
REMOVE_TOP5,USDE/USDT,2026-07-26T16:00:00+00:00,2026-07-27T16:00:00+00:00,1.0009,1.0009,87.00000000,87.00000000,100.00000000,0.10000000,0.10000000,0.00000000,-0.20000000,-0.20000000,24H
REMOVE_TOP5,PLUME/USDT,2026-07-27T02:00:00+00:00,2026-07-27T17:00:00+00:00,0.01231,0.01166,90.00000000,95.00000000,100.00000000,0.10000000,0.09471974,-5.28025995,-5.47497969,-5.47497969,STOP_LOSS
REMOVE_TOP5,ENA/USDT,2026-07-27T13:00:00+00:00,2026-07-27T18:00:00+00:00,0.0923,0.0876,95.00000000,100.00000000,100.00000000,0.10000000,0.09490791,-5.09209101,-5.28699892,-5.28699892,STOP_LOSS
REMOVE_TOP5,USDC/USDT,2026-07-26T19:00:00+00:00,2026-07-27T19:00:00+00:00,1.00087,1.00084,87.00000000,87.00000000,100.00000000,0.10000000,0.09999700,-0.00299739,-0.20299439,-0.20299439,24H
REMOVE_TOP5,ALPINE/USDT,2026-07-27T03:00:00+00:00,2026-07-27T22:00:00+00:00,0.32,0.301,87.00000000,87.00000000,100.00000000,0.10000000,0.09406250,-5.93750000,-6.13156250,-6.13156250,STOP_LOSS
REMOVE_TOP5,KAITO/USDT,2026-07-27T15:00:00+00:00,2026-07-27T22:00:00+00:00,1.21,1.3423,84.00000000,84.00000000,100.00000000,0.10000000,0.11093388,10.93388430,10.72295041,10.72295041,TAKE_PROFIT
REMOVE_TOP5,CRCLB/USDT,2026-07-27T04:00:00+00:00,2026-07-28T04:00:00+00:00,63.92,63.19,87.00000000,87.00000000,100.00000000,0.10000000,0.09885795,-1.14205257,-1.34091051,-1.34091051,24H
REMOVE_TOP5,XUSD/USDT,2026-07-27T04:00:00+00:00,2026-07-28T04:00:00+00:00,1.0012,1.0012,87.00000000,87.00000000,100.00000000,0.10000000,0.10000000,0.00000000,-0.20000000,-0.20000000,24H
REMOVE_TOP5,PUMP/USDT,2026-07-27T19:00:00+00:00,2026-07-28T04:00:00+00:00,0.002128,0.002021,87.00000000,86.00000000,100.00000000,0.10000000,0.09497180,-5.02819549,-5.22316729,-5.22316729,STOP_LOSS
REMOVE_TOP5,KAITO/USDT,2026-07-27T22:00:00+00:00,2026-07-28T05:00:00+00:00,1.3423,1.2594,78.00000000,83.00000000,100.00000000,0.10000000,0.09382403,-6.17596662,-6.36979066,-6.36979066,STOP_LOSS
REMOVE_TOP5,KAITO/USDT,2026-07-28T05:00:00+00:00,2026-07-28T09:00:00+00:00,1.2594,1.1586,74.00000000,63.00000000,100.00000000,0.10000000,0.09199619,-8.00381134,-8.19580753,-8.19580753,STOP_LOSS
REMOVE_TOP5,TREE/USDT,2026-07-27T17:00:00+00:00,2026-07-28T13:00:00+00:00,0.0395,0.0374,87.00000000,86.00000000,100.00000000,0.10000000,0.09468354,-5.31645570,-5.51113924,-5.51113924,STOP_LOSS
REMOVE_TOP5,RLUSD/USDT,2026-07-27T16:00:00+00:00,2026-07-28T16:00:00+00:00,1.0013,1.0011,87.00000000,87.00000000,100.00000000,0.10000000,0.09998003,-0.01997403,-0.21995406,-0.21995406,24H
REMOVE_TOP5,MSTRB/USDT,2026-07-27T16:00:00+00:00,2026-07-28T16:00:00+00:00,97.4,98.12,81.00000000,86.00000000,100.00000000,0.10000000,0.10073922,0.73921971,0.53848049,0.53848049,24H
REMOVE_TOP5,BNB/USDT,2026-07-27T18:00:00+00:00,2026-07-28T18:00:00+00:00,575.37,569.62,87.00000000,86.00000000,100.00000000,0.10000000,0.09900064,-0.99935694,-1.19835758,-1.19835758,24H
REMOVE_TOP5,USD1/USDT,2026-07-27T22:00:00+00:00,2026-07-28T22:00:00+00:00,0.99985,0.99968,84.00000000,84.00000000,100.00000000,0.10000000,0.09998300,-0.01700255,-0.21698555,-0.21698555,24H
REMOVE_TOP5,FDUSD/USDT,2026-07-28T04:00:00+00:00,2026-07-29T04:00:00+00:00,0.9993,0.9983,87.00000000,87.00000000,100.00000000,0.10000000,0.09989993,-0.10007005,-0.29996998,-0.29996998,24H
REMOVE_TOP5,USDC/USDT,2026-07-28T04:00:00+00:00,2026-07-29T04:00:00+00:00,1.00097,1.00114,76.00000000,71.00000000,100.00000000,0.10000000,0.10001698,0.01698353,-0.18303346,-0.18303346,24H
REMOVE_TOP5,GPS/USDT,2026-07-28T04:00:00+00:00,2026-07-29T04:00:00+00:00,0.00927,0.00972,72.00000000,69.00000000,100.00000000,0.10000000,0.10485437,4.85436893,4.64951456,4.64951456,24H
REMOVE_TOP5,MUBARAK/USDT,2026-07-28T09:00:00+00:00,2026-07-29T09:00:00+00:00,0.01111,0.01131,89.00000000,89.00000000,100.00000000,0.10000000,0.10180018,1.80018002,1.59837984,1.59837984,24H
REMOVE_TOP5,U/USDT,2026-07-28T13:00:00+00:00,2026-07-29T13:00:00+00:00,1.0008,1.0008,87.00000000,87.00000000,100.00000000,0.10000000,0.10000000,0.00000000,-0.20000000,-0.20000000,24H
REMOVE_TOP5,AAVE/USDT,2026-07-28T16:00:00+00:00,2026-07-29T16:00:00+00:00,101.26,98.73,95.00000000,100.00000000,100.00000000,0.10000000,0.09750148,-2.49851866,-2.69602015,-2.69602015,24H
REMOVE_TOP5,ONDO/USDT,2026-07-28T16:00:00+00:00,2026-07-29T16:00:00+00:00,0.4088,0.3937,89.00000000,88.00000000,100.00000000,0.10000000,0.09630626,-3.69373777,-3.89004403,-3.89004403,24H
REMOVE_TOP5,PLUME/USDT,2026-07-28T18:00:00+00:00,2026-07-29T18:00:00+00:00,0.01219,0.01212,89.00000000,88.00000000,100.00000000,0.10000000,0.09942576,-0.57424118,-0.77366694,-0.77366694,24H
REMOVE_TOP5,RE/USDT,2026-07-29T16:00:00+00:00,2026-07-29T18:00:00+00:00,0.4686,0.5159,79.00000000,76.00000000,100.00000000,0.10000000,0.11009390,10.09389671,9.88380282,9.88380282,TAKE_PROFIT
REMOVE_TOP5,RLUSD/USDT,2026-07-28T22:00:00+00:00,2026-07-29T22:00:00+00:00,1.0012,1.0012,76.00000000,71.00000000,100.00000000,0.10000000,0.10000000,0.00000000,-0.20000000,-0.20000000,24H
REMOVE_TOP5,KAITO/USDT,2026-07-29T04:00:00+00:00,2026-07-30T03:00:00+00:00,1.264,1.1818,89.00000000,88.00000000,100.00000000,0.10000000,0.09349684,-6.50316456,-6.69666139,-6.69666139,STOP_LOSS
REMOVE_TOP5,GPS/USDT,2026-07-29T04:00:00+00:00,2026-07-30T04:00:00+00:00,0.00972,0.00982,90.00000000,95.00000000,100.00000000,0.10000000,0.10102881,1.02880658,0.82777778,0.82777778,24H
REMOVE_TOP5,USDC/USDT,2026-07-29T04:00:00+00:00,2026-07-30T04:00:00+00:00,1.00114,1.00112,84.00000000,84.00000000,100.00000000,0.10000000,0.09999800,-0.00199772,-0.20199572,-0.20199572,24H
REMOVE_TOP5,UNI/USDT,2026-07-29T09:00:00+00:00,2026-07-30T09:00:00+00:00,3.975,4.03,95.00000000,100.00000000,100.00000000,0.10000000,0.10138365,1.38364780,1.18226415,1.18226415,24H
REMOVE_TOP5,EURI/USDT,2026-07-29T13:00:00+00:00,2026-07-30T13:00:00+00:00,1.1398,1.1526,77.00000000,64.00000000,100.00000000,0.10000000,0.10112300,1.12300404,0.92188103,0.92188103,24H
REMOVE_TOP5,U/USDT,2026-07-29T16:00:00+00:00,2026-07-30T16:00:00+00:00,1.0009,1.0007,87.00000000,87.00000000,100.00000000,0.10000000,0.09998002,-0.01998202,-0.21996203,-0.21996203,24H
REMOVE_TOP5,GPS/USDT,2026-07-30T04:00:00+00:00,2026-07-30T17:00:00+00:00,0.00982,0.0092,82.00000000,82.00000000,100.00000000,0.10000000,0.09368635,-6.31364562,-6.50733198,-6.50733198,STOP_LOSS
REMOVE_TOP5,ADA/USDT,2026-07-29T18:00:00+00:00,2026-07-30T18:00:00+00:00,0.1679,0.1723,84.00000000,89.00000000,100.00000000,0.10000000,0.10262061,2.62060750,2.41798690,2.41798690,24H
REMOVE_TOP5,PLUME/USDT,2026-07-29T18:00:00+00:00,2026-07-30T18:00:00+00:00,0.01212,0.01165,84.00000000,84.00000000,100.00000000,0.10000000,0.09612211,-3.87788779,-4.07400990,-4.07400990,24H
REMOVE_TOP5,ONDO/USDT,2026-07-29T22:00:00+00:00,2026-07-30T22:00:00+00:00,0.4051,0.4168,74.00000000,63.00000000,100.00000000,0.10000000,0.10288818,2.88817576,2.68528758,2.68528758,24H
REMOVE_TOP5,ALPINE/USDT,2026-07-30T03:00:00+00:00,2026-07-31T03:00:00+00:00,0.32,0.314,93.00000000,98.00000000,100.00000000,0.10000000,0.09812500,-1.87500000,-2.07312500,-2.07312500,24H
REMOVE_TOP5,USD1/USDT,2026-07-30T04:00:00+00:00,2026-07-31T04:00:00+00:00,1.00003,0.99997,87.00000000,87.00000000,100.00000000,0.10000000,0.09999400,-0.00599982,-0.20599382,-0.20599382,24H
REMOVE_TOP5,BNB/USDT,2026-07-30T09:00:00+00:00,2026-07-31T09:00:00+00:00,579.84,590.49,87.00000000,86.00000000,100.00000000,0.10000000,0.10183671,1.83671358,1.63487686,1.63487686,24H
REMOVE_TOP5,MUBARAK/USDT,2026-07-31T04:00:00+00:00,2026-07-31T11:00:00+00:00,0.0121,0.01333,95.00000000,100.00000000,100.00000000,0.10000000,0.11016529,10.16528926,9.95512397,9.95512397,TAKE_PROFIT
REMOVE_TOP5,PAXG/USDT,2026-07-30T13:00:00+00:00,2026-07-31T13:00:00+00:00,4105.88,4027.22,93.00000000,98.00000000,100.00000000,0.10000000,0.09808421,-1.91578906,-2.11387327,-2.11387327,24H
REMOVE_TOP5,AAVE/USDT,2026-07-30T16:00:00+00:00,2026-07-31T16:00:00+00:00,100.23,96.59,90.00000000,95.00000000,100.00000000,0.10000000,0.09636835,-3.63164721,-3.82801556,-3.82801556,24H
REMOVE_TOP5,PUMP/USDT,2026-07-30T17:00:00+00:00,2026-07-31T17:00:00+00:00,0.001972,0.002139,87.00000000,86.00000000,100.00000000,0.10000000,0.10846856,8.46855984,8.26009128,8.26009128,24H
REMOVE_TOP5,GIGGLE/USDT,2026-07-31T13:00:00+00:00,2026-07-31T17:00:00+00:00,36.97,42.93,74.00000000,55.00000000,100.00000000,0.10000000,0.11612118,16.12117933,15.90505816,15.90505816,TAKE_PROFIT
REMOVE_TOP5,FIL/USDT,2026-07-30T18:00:00+00:00,2026-07-31T18:00:00+00:00,0.7153,0.7209,89.00000000,89.00000000,100.00000000,0.10000000,0.10078289,0.78288830,0.58210541,0.58210541,24H
REMOVE_TOP5,TUT/USDT,2026-07-30T18:00:00+00:00,2026-07-31T18:00:00+00:00,0.01494,0.01637,82.00000000,82.00000000,100.00000000,0.10000000,0.10957162,9.57161981,9.36204819,9.36204819,24H
REMOVE_TOP5,SOXLB/USDT,2026-07-30T22:00:00+00:00,2026-07-31T19:00:00+00:00,122.59,114.81,84.00000000,89.00000000,100.00000000,0.10000000,0.09365364,-6.34635778,-6.54001142,-6.54001142,STOP_LOSS
REMOVE_TOP5,MUBARAK/USDT,2026-07-31T16:00:00+00:00,2026-07-31T20:00:00+00:00,0.01371,0.01259,90.00000000,100.00000000,100.00000000,0.10000000,0.09183078,-8.16921955,-8.36105033,-8.36105033,STOP_LOSS
REMOVE_TOP5,BEL/USDT,2026-07-31T03:00:00+00:00,2026-08-01T03:00:00+00:00,0.0969,0.0974,89.00000000,89.00000000,100.00000000,0.10000000,0.10051600,0.51599587,0.31547988,0.31547988,24H
REMOVE_TOP5,ALPINE/USDT,2026-07-31T09:00:00+00:00,2026-08-01T09:00:00+00:00,0.318,0.321,90.00000000,95.00000000,100.00000000,0.10000000,0.10094340,0.94339623,0.74245283,0.74245283,24H
REMOVE_TOP5,USD1/USDT,2026-07-31T11:00:00+00:00,2026-08-01T11:00:00+00:00,1.00003,0.99989,81.00000000,80.00000000,100.00000000,0.10000000,0.09998600,-0.01399958,-0.21398558,-0.21398558,24H
REMOVE_TOP5,HOME/USDT,2026-07-31T19:00:00+00:00,2026-08-01T11:00:00+00:00,0.0055,0.0062,78.00000000,73.00000000,100.00000000,0.10000000,0.11272727,12.72727273,12.51454545,12.51454545,TAKE_PROFIT
REMOVE_TOP5,HOME/USDT,2026-08-01T11:00:00+00:00,2026-08-01T16:00:00+00:00,0.0062,0.00575,84.00000000,89.00000000,100.00000000,0.10000000,0.09274194,-7.25806452,-7.45080645,-7.45080645,STOP_LOSS
REMOVE_TOP5,EURI/USDT,2026-07-31T17:00:00+00:00,2026-08-01T17:00:00+00:00,1.1539,1.1526,90.00000000,95.00000000,100.00000000,0.10000000,0.09988734,-0.11266141,-0.31254875,-0.31254875,24H
REMOVE_TOP5,ADA/USDT,2026-07-31T17:00:00+00:00,2026-08-01T17:00:00+00:00,0.1713,0.1732,87.00000000,86.00000000,100.00000000,0.10000000,0.10110917,1.10916521,0.90805604,0.90805604,24H
REMOVE_TOP5,PUMP/USDT,2026-07-31T18:00:00+00:00,2026-08-01T18:00:00+00:00,0.002123,0.002072,79.00000000,74.00000000,100.00000000,0.10000000,0.09759774,-2.40226095,-2.59985869,-2.59985869,24H
REMOVE_TOP5,NEAR/USDT,2026-07-31T18:00:00+00:00,2026-08-01T18:00:00+00:00,1.702,1.66,78.00000000,73.00000000,100.00000000,0.10000000,0.09753231,-2.46768508,-2.66521739,-2.66521739,24H
REMOVE_TOP5,MUBARAK/USDT,2026-08-01T09:00:00+00:00,2026-08-01T19:00:00+00:00,0.01303,0.0121,81.00000000,80.00000000,100.00000000,0.10000000,0.09286262,-7.13737529,-7.33023791,-7.33023791,STOP_LOSS
REMOVE_TOP5,EUR/USDT,2026-07-31T20:00:00+00:00,2026-08-01T20:00:00+00:00,1.1535,1.1531,84.00000000,84.00000000,100.00000000,0.10000000,0.09996532,-0.03467707,-0.23464239,-0.23464239,24H
REMOVE_TOP5,HOME/USDT,2026-08-01T18:00:00+00:00,2026-08-02T01:00:00+00:00,0.00604,0.00672,89.00000000,89.00000000,100.00000000,0.10000000,0.11125828,11.25827815,11.04701987,11.04701987,TAKE_PROFIT
REMOVE_TOP5,TAO/USDT,2026-08-01T03:00:00+00:00,2026-08-02T03:00:00+00:00,197.7,194.1,89.00000000,88.00000000,100.00000000,0.10000000,0.09817906,-1.82094082,-2.01911988,-2.01911988,24H
REMOVE_TOP5,PUMP/USDT,2026-08-02T01:00:00+00:00,2026-08-02T10:00:00+00:00,0.002265,0.002146,95.00000000,100.00000000,100.00000000,0.10000000,0.09474614,-5.25386313,-5.44860927,-5.44860927,STOP_LOSS
REMOVE_TOP5,TUT/USDT,2026-08-01T11:00:00+00:00,2026-08-02T11:00:00+00:00,0.01758,0.01742,90.00000000,100.00000000,100.00000000,0.10000000,0.09908987,-0.91012514,-1.10921502,-1.10921502,24H
REMOVE_TOP5,KAITO/USDT,2026-08-01T18:00:00+00:00,2026-08-02T13:00:00+00:00,1.2084,1.0894,95.00000000,100.00000000,100.00000000,0.10000000,0.09015227,-9.84773254,-10.03788481,-10.03788481,STOP_LOSS
REMOVE_TOP5,PEPE/USDT,2026-08-01T16:00:00+00:00,2026-08-02T16:00:00+00:00,2.78e-06,2.91e-06,87.00000000,87.00000000,100.00000000,0.10000000,0.10467626,4.67625899,4.47158273,4.47158273,24H
REMOVE_TOP5,ALPINE/USDT,2026-08-01T17:00:00+00:00,2026-08-02T17:00:00+00:00,0.328,0.319,93.00000000,98.00000000,100.00000000,0.10000000,0.09725610,-2.74390244,-2.94115854,-2.94115854,24H
REMOVE_TOP5,DOT/USDT,2026-08-01T17:00:00+00:00,2026-08-02T17:00:00+00:00,0.775,0.798,81.00000000,81.00000000,100.00000000,0.10000000,0.10296774,2.96774194,2.76477419,2.76477419,24H
REMOVE_TOP5,HOME/USDT,2026-08-02T10:00:00+00:00,2026-08-02T17:00:00+00:00,0.00784,0.00898,95.00000000,92.00000000,100.00000000,0.10000000,0.11454082,14.54081633,14.32627551,14.32627551,TAKE_PROFIT
REMOVE_TOP5,ARB/USDT,2026-08-01T19:00:00+00:00,2026-08-02T19:00:00+00:00,0.0785,0.0816,81.00000000,81.00000000,100.00000000,0.10000000,0.10394904,3.94904459,3.74509554,3.74509554,24H
REMOVE_TOP5,ADA/USDT,2026-08-01T20:00:00+00:00,2026-08-02T20:00:00+00:00,0.1732,0.1874,72.00000000,59.00000000,100.00000000,0.10000000,0.10819861,8.19861432,7.99041570,7.99041570,24H
REMOVE_TOP5,EWYB/USDT,2026-08-02T03:00:00+00:00,2026-08-03T03:00:00+00:00,160.35,161.16,89.00000000,89.00000000,100.00000000,0.10000000,0.10050514,0.50514500,0.30463985,0.30463985,24H
REMOVE_TOP5,TUT/USDT,2026-08-02T20:00:00+00:00,2026-08-03T07:00:00+00:00,0.01766,0.01954,78.00000000,65.00000000,100.00000000,0.10000000,0.11064553,10.64552661,10.43488109,10.43488109,TAKE_PROFIT
REMOVE_TOP5,SKHYB/USDT,2026-08-02T17:00:00+00:00,2026-08-03T10:00:00+00:00,148.35,140.28,84.00000000,84.00000000,100.00000000,0.10000000,0.09456016,-5.43983822,-5.63439838,-5.63439838,STOP_LOSS
REMOVE_TOP5,MUB/USDT,2026-08-02T17:00:00+00:00,2026-08-03T10:00:00+00:00,849.37,805.57,81.00000000,80.00000000,100.00000000,0.10000000,0.09484324,-5.15676325,-5.35160648,-5.35160648,STOP_LOSS
REMOVE_TOP5,EUR/USDT,2026-08-02T11:00:00+00:00,2026-08-03T11:00:00+00:00,1.1541,1.1544,87.00000000,87.00000000,100.00000000,0.10000000,0.10002599,0.02599428,-0.17403171,-0.17403171,24H
REMOVE_TOP5,KORUB/USDT,2026-08-02T17:00:00+00:00,2026-08-03T11:00:00+00:00,15.66,14.58,81.00000000,81.00000000,100.00000000,0.10000000,0.09310345,-6.89655172,-7.08965517,-7.08965517,STOP_LOSS
REMOVE_TOP5,FIL/USDT,2026-08-02T13:00:00+00:00,2026-08-03T13:00:00+00:00,0.72,0.7249,84.00000000,84.00000000,100.00000000,0.10000000,0.10068056,0.68055556,0.47987500,0.47987500,24H
REMOVE_TOP5,BICO/USDT,2026-08-03T10:00:00+00:00,2026-08-03T13:00:00+00:00,0.01749,0.01962,90.00000000,92.00000000,100.00000000,0.10000000,0.11217839,12.17838765,11.96620926,11.96620926,TAKE_PROFIT
REMOVE_TOP5,ALLO/USDT,2026-08-03T11:00:00+00:00,2026-08-03T13:00:00+00:00,0.292,0.2598,89.00000000,89.00000000,100.00000000,0.10000000,0.08897260,-11.02739726,-11.21636986,-11.21636986,STOP_LOSS
REMOVE_TOP5,MUBARAK/USDT,2026-08-02T16:00:00+00:00,2026-08-03T16:00:00+00:00,0.01273,0.01266,92.00000000,97.00000000,100.00000000,0.10000000,0.09945012,-0.54988217,-0.74933229,-0.74933229,24H
REMOVE_TOP5,NEAR/USDT,2026-08-02T19:00:00+00:00,2026-08-03T19:00:00+00:00,1.707,1.742,84.00000000,84.00000000,100.00000000,0.10000000,0.10205038,2.05038079,1.84833040,1.84833040,24H
REMOVE_TOP5,USD1/USDT,2026-08-03T03:00:00+00:00,2026-08-04T03:00:00+00:00,1.00003,1.00004,84.00000000,84.00000000,100.00000000,0.10000000,0.10000100,0.00099997,-0.19900103,-0.19900103,24H
REMOVE_TOP5,HOME/USDT,2026-08-03T16:00:00+00:00,2026-08-04T03:00:00+00:00,0.00781,0.00728,95.00000000,100.00000000,100.00000000,0.10000000,0.09321383,-6.78617157,-6.97938540,-6.97938540,STOP_LOSS
REMOVE_TOP5,BMT/USDT,2026-08-03T07:00:00+00:00,2026-08-04T07:00:00+00:00,0.0119,0.01181,92.00000000,97.00000000,100.00000000,0.10000000,0.09924370,-0.75630252,-0.95554622,-0.95554622,24H
REMOVE_TOP5,HOME/USDT,2026-08-04T07:00:00+00:00,2026-08-04T08:00:00+00:00,0.00949,0.00878,87.00000000,84.00000000,100.00000000,0.10000000,0.09251844,-7.48155954,-7.67407798,-7.67407798,STOP_LOSS
REMOVE_TOP5,ENA/USDT,2026-08-03T10:00:00+00:00,2026-08-04T10:00:00+00:00,0.09,0.091,95.00000000,100.00000000,100.00000000,0.10000000,0.10111111,1.11111111,0.91000000,0.91000000,24H
REMOVE_TOP5,ADA/USDT,2026-08-03T11:00:00+00:00,2026-08-04T11:00:00+00:00,0.1865,0.1945,89.00000000,88.00000000,100.00000000,0.10000000,0.10428954,4.28954424,4.08525469,4.08525469,24H
REMOVE_TOP5,PEPE/USDT,2026-08-03T13:00:00+00:00,2026-08-04T13:00:00+00:00,2.91e-06,2.89e-06,95.00000000,100.00000000,100.00000000,0.10000000,0.09931271,-0.68728522,-0.88659794,-0.88659794,24H
REMOVE_TOP5,RARE/USDT,2026-08-03T13:00:00+00:00,2026-08-04T13:00:00+00:00,0.01207,0.01172,89.00000000,89.00000000,100.00000000,0.10000000,0.09710025,-2.89975145,-3.09685170,-3.09685170,24H
REMOVE_TOP5,BNB/USDT,2026-08-03T13:00:00+00:00,2026-08-04T13:00:00+00:00,588.21,589.18,87.00000000,87.00000000,100.00000000,0.10000000,0.10016491,0.16490709,-0.03525782,-0.03525782,24H
REMOVE_TOP5,BICO/USDT,2026-08-04T08:00:00+00:00,2026-08-04T16:00:00+00:00,0.01799,0.02055,89.00000000,80.00000000,100.00000000,0.10000000,0.11423013,14.23012785,14.01589772,14.01589772,TAKE_PROFIT
REMOVE_TOP5,PUMP/USDT,2026-08-03T19:00:00+00:00,2026-08-04T19:00:00+00:00,0.002184,0.002402,89.00000000,88.00000000,100.00000000,0.10000000,0.10998168,9.98168498,9.77170330,9.77170330,24H
REMOVE_TOP5,ACE/USDT,2026-08-04T10:00:00+00:00,2026-08-05T01:00:00+00:00,0.0671,0.0742,89.00000000,89.00000000,100.00000000,0.10000000,0.11058122,10.58122206,10.37064083,10.37064083,TAKE_PROFIT
REMOVE_TOP5,ARB/USDT,2026-08-04T03:00:00+00:00,2026-08-05T03:00:00+00:00,0.0831,0.0806,84.00000000,84.00000000,100.00000000,0.10000000,0.09699158,-3.00842359,-3.20541516,-3.20541516,24H
REMOVE_TOP5,DOT/USDT,2026-08-04T03:00:00+00:00,2026-08-05T03:00:00+00:00,0.84,0.846,82.00000000,86.00000000,100.00000000,0.10000000,0.10071429,0.71428571,0.51357143,0.51357143,24H
REMOVE_TOP5,BICO/USDT,2026-08-05T03:00:00+00:00,2026-08-05T05:00:00+00:00,0.0226,0.02718,84.00000000,76.00000000,100.00000000,0.10000000,0.12026549,20.26548673,20.04522124,20.04522124,TAKE_PROFIT
REMOVE_TOP5,KORUB/USDT,2026-08-05T01:00:00+00:00,2026-08-05T08:00:00+00:00,19.11,18.07,92.00000000,97.00000000,100.00000000,0.10000000,0.09455782,-5.44217687,-5.63673469,-5.63673469,STOP_LOSS
REMOVE_TOP5,BMT/USDT,2026-08-04T11:00:00+00:00,2026-08-05T11:00:00+00:00,0.0119,0.0124,90.00000000,95.00000000,100.00000000,0.10000000,0.10420168,4.20168067,3.99747899,3.99747899,24H
REMOVE_TOP5,EWYB/USDT,2026-08-04T13:00:00+00:00,2026-08-05T13:00:00+00:00,168.08,171.47,95.00000000,100.00000000,100.00000000,0.10000000,0.10201690,2.01689672,1.81487982,1.81487982,24H
REMOVE_TOP5,PORTAL/USDT,2026-08-04T13:00:00+00:00,2026-08-05T13:00:00+00:00,0.01059,0.01086,95.00000000,100.00000000,100.00000000,0.10000000,0.10254958,2.54957507,2.34702550,2.34702550,24H
REMOVE_TOP5,SNDKB/USDT,2026-08-04T13:00:00+00:00,2026-08-05T13:00:00+00:00,1383.52,1438.45,95.00000000,100.00000000,100.00000000,0.10000000,0.10397031,3.97030762,3.76633731,3.76633731,24H
REMOVE_TOP5,MUBARAK/USDT,2026-08-04T16:00:00+00:00,2026-08-05T16:00:00+00:00,0.01305,0.01317,95.00000000,100.00000000,100.00000000,0.10000000,0.10091954,0.91954023,0.71862069,0.71862069,24H
REMOVE_TOP5,CHIP/USDT,2026-08-04T19:00:00+00:00,2026-08-05T19:00:00+00:00,0.02539,0.02483,86.00000000,86.00000000,100.00000000,0.10000000,0.09779441,-2.20559275,-2.40338716,-2.40338716,24H
REMOVE_TOP5,SNXXB/USDT,2026-08-05T16:00:00+00:00,2026-08-05T19:00:00+00:00,12.64,11.41,95.00000000,100.00000000,100.00000000,0.10000000,0.09026899,-9.73101266,-9.92128165,-9.92128165,STOP_LOSS
REMOVE_TOP5,FET/USDT,2026-08-05T05:00:00+00:00,2026-08-05T21:00:00+00:00,0.1517,0.1423,87.00000000,92.00000000,100.00000000,0.10000000,0.09380356,-6.19644034,-6.39024390,-6.39024390,STOP_LOSS
REMOVE_TOP5,KORUB/USDT,2026-08-05T13:00:00+00:00,2026-08-05T21:00:00+00:00,19.25,18.09,95.00000000,100.00000000,100.00000000,0.10000000,0.09397403,-6.02597403,-6.21994805,-6.21994805,STOP_LOSS
REMOVE_TOP5,MUB/USDT,2026-08-05T13:00:00+00:00,2026-08-06T01:00:00+00:00,919,871.04,95.00000000,100.00000000,100.00000000,0.10000000,0.09478128,-5.21871600,-5.41349728,-5.41349728,STOP_LOSS
REMOVE_TOP5,ZEC/USDT,2026-08-05T03:00:00+00:00,2026-08-06T03:00:00+00:00,512.98,509.38,87.00000000,86.00000000,100.00000000,0.10000000,0.09929822,-0.70178175,-0.90107996,-0.90107996,24H
REMOVE_TOP5,HEMI/USDT,2026-08-05T05:00:00+00:00,2026-08-06T05:00:00+00:00,0.00482,0.005,95.00000000,100.00000000,100.00000000,0.10000000,0.10373444,3.73443983,3.53070539,3.53070539,24H
REMOVE_TOP5,MUBARAK/USDT,2026-08-05T21:00:00+00:00,2026-08-06T05:00:00+00:00,0.01397,0.01324,95.00000000,100.00000000,100.00000000,0.10000000,0.09477452,-5.22548318,-5.42025770,-5.42025770,STOP_LOSS
REMOVE_TOP5,BICO/USDT,2026-08-06T05:00:00+00:00,2026-08-06T06:00:00+00:00,0.02993,0.0283,89.00000000,80.00000000,100.00000000,0.10000000,0.09455396,-5.44604076,-5.64059472,-5.64059472,STOP_LOSS
REMOVE_TOP5,ADA/USDT,2026-08-05T08:00:00+00:00,2026-08-06T08:00:00+00:00,0.1939,0.1895,87.00000000,86.00000000,100.00000000,0.10000000,0.09773079,-2.26921093,-2.46694172,-2.46694172,24H
REMOVE_TOP5,EWYB/USDT,2026-08-05T13:00:00+00:00,2026-08-06T10:00:00+00:00,171.47,162.5,95.00000000,100.00000000,100.00000000,0.10000000,0.09476876,-5.23123578,-5.42600455,-5.42600455,STOP_LOSS
REMOVE_TOP5,EURI/USDT,2026-08-05T11:00:00+00:00,2026-08-06T11:00:00+00:00,1.1558,1.1549,87.00000000,87.00000000,100.00000000,0.10000000,0.09992213,-0.07786814,-0.27779028,-0.27779028,24H
REMOVE_TOP5,HOME/USDT,2026-08-06T08:00:00+00:00,2026-08-06T11:00:00+00:00,0.00933,0.01049,89.00000000,88.00000000,100.00000000,0.10000000,0.11243301,12.43301179,12.22057878,12.22057878,TAKE_PROFIT
REMOVE_TOP5,HOME/USDT,2026-08-06T11:00:00+00:00,2026-08-06T15:00:00+00:00,0.01049,0.00972,95.00000000,92.00000000,100.00000000,0.10000000,0.09265968,-7.34032412,-7.53298379,-7.53298379,STOP_LOSS
REMOVE_TOP5,PORTAL/USDT,2026-08-05T19:00:00+00:00,2026-08-06T16:00:00+00:00,0.01125,0.01264,95.00000000,100.00000000,100.00000000,0.10000000,0.11235556,12.35555556,12.14320000,12.14320000,TAKE_PROFIT
REMOVE_TOP5,MSTRB/USDT,2026-08-05T19:00:00+00:00,2026-08-06T19:00:00+00:00,98.4,96.84,89.00000000,88.00000000,100.00000000,0.10000000,0.09841463,-1.58536585,-1.78378049,-1.78378049,24H
REMOVE_TOP5,FDUSD/USDT,2026-08-06T01:00:00+00:00,2026-08-07T01:00:00+00:00,0.9982,0.9982,87.00000000,87.00000000,100.00000000,0.10000000,0.10000000,0.00000000,-0.20000000,-0.20000000,24H
REMOVE_TOP5,BMT/USDT,2026-08-06T03:00:00+00:00,2026-08-07T03:00:00+00:00,0.01246,0.01269,93.00000000,98.00000000,100.00000000,0.10000000,0.10184591,1.84590690,1.64406100,1.64406100,24H
REMOVE_TOP5,ONG/USDT,2026-08-06T05:00:00+00:00,2026-08-07T05:00:00+00:00,0.04253,0.04273,89.00000000,89.00000000,100.00000000,0.10000000,0.10047026,0.47025629,0.26978603,0.26978603,24H
REMOVE_TOP5,ENA/USDT,2026-08-06T06:00:00+00:00,2026-08-07T06:00:00+00:00,0.0925,0.093,89.00000000,88.00000000,100.00000000,0.10000000,0.10054054,0.54054054,0.34000000,0.34000000,24H
REMOVE_TOP5,TUT/USDT,2026-08-07T03:00:00+00:00,2026-08-07T06:00:00+00:00,0.02763,0.03044,95.00000000,100.00000000,100.00000000,0.10000000,0.11017010,10.17010496,9.95993485,9.95993485,TAKE_PROFIT
REMOVE_TOP5,ACE/USDT,2026-08-07T06:00:00+00:00,2026-08-07T07:00:00+00:00,0.1362,0.1578,89.00000000,80.00000000,100.00000000,0.10000000,0.11585903,15.85903084,15.64317181,15.64317181,TAKE_PROFIT
REMOVE_TOP5,GPS/USDT,2026-08-06T10:00:00+00:00,2026-08-07T10:00:00+00:00,0.0095,0.00956,90.00000000,95.00000000,100.00000000,0.10000000,0.10063158,0.63157895,0.43094737,0.43094737,24H
REMOVE_TOP5,EDEN/USDT,2026-08-06T11:00:00+00:00,2026-08-07T11:00:00+00:00,0.0395,0.04135,89.00000000,89.00000000,100.00000000,0.10000000,0.10468354,4.68354430,4.47886076,4.47886076,24H
REMOVE_TOP5,TUT/USDT,2026-08-07T07:00:00+00:00,2026-08-07T11:00:00+00:00,0.03089,0.03468,92.00000000,97.00000000,100.00000000,0.10000000,0.11226934,12.26934283,12.05707349,12.05707349,TAKE_PROFIT
REMOVE_TOP5,CRCLB/USDT,2026-08-06T15:00:00+00:00,2026-08-07T15:00:00+00:00,65.41,66.78,95.00000000,100.00000000,100.00000000,0.10000000,0.10209448,2.09448097,1.89238649,1.89238649,24H
REMOVE_TOP5,BICO/USDT,2026-08-07T11:00:00+00:00,2026-08-07T15:00:00+00:00,0.04798,0.05296,92.00000000,89.00000000,100.00000000,0.10000000,0.11037932,10.37932472,10.16894539,10.16894539,TAKE_PROFIT
REMOVE_TOP5,ADA/USDT,2026-08-06T16:00:00+00:00,2026-08-07T16:00:00+00:00,0.2068,0.1993,90.00000000,100.00000000,100.00000000,0.10000000,0.09637331,-3.62669246,-3.82306576,-3.82306576,24H
REMOVE_TOP5,PUMP/USDT,2026-08-06T19:00:00+00:00,2026-08-07T19:00:00+00:00,0.00238,0.002347,84.00000000,84.00000000,100.00000000,0.10000000,0.09861345,-1.38655462,-1.58516807,-1.58516807,24H
REMOVE_TOP5,HEMI/USDT,2026-08-07T10:00:00+00:00,2026-08-07T21:00:00+00:00,0.00541,0.00512,92.00000000,97.00000000,100.00000000,0.10000000,0.09463956,-5.36044362,-5.55508318,-5.55508318,STOP_LOSS
REMOVE_TOP5,OPN/USDT,2026-08-07T01:00:00+00:00,2026-08-08T01:00:00+00:00,0.0532,0.0521,81.00000000,80.00000000,100.00000000,0.10000000,0.09793233,-2.06766917,-2.26560150,-2.26560150,24H
REMOVE_TOP5,BICO/USDT,2026-08-07T15:00:00+00:00,2026-08-08T03:00:00+00:00,0.05296,0.05893,89.00000000,80.00000000,100.00000000,0.10000000,0.11127266,11.27265861,11.06138595,11.06138595,TAKE_PROFIT
REMOVE_TOP5,TUT/USDT,2026-08-07T19:00:00+00:00,2026-08-08T03:00:00+00:00,0.03734,0.04283,89.00000000,80.00000000,100.00000000,0.10000000,0.11470273,14.70273166,14.48802892,14.48802892,TAKE_PROFIT
REMOVE_TOP5,RARE/USDT,2026-08-07T05:00:00+00:00,2026-08-08T05:00:00+00:00,0.0127,0.01232,90.00000000,100.00000000,100.00000000,0.10000000,0.09700787,-2.99212598,-3.18913386,-3.18913386,24H
REMOVE_TOP5,PAXG/USDT,2026-08-07T06:00:00+00:00,2026-08-08T06:00:00+00:00,4291.5,4337.99,90.00000000,95.00000000,100.00000000,0.10000000,0.10108330,1.08330421,0.88222090,0.88222090,24H
REMOVE_TOP5,BMT/USDT,2026-08-07T07:00:00+00:00,2026-08-08T07:00:00+00:00,0.01297,0.01277,92.00000000,97.00000000,100.00000000,0.10000000,0.09845798,-1.54202005,-1.74047803,-1.74047803,24H
REMOVE_TOP5,MSTRB/USDT,2026-08-07T11:00:00+00:00,2026-08-08T11:00:00+00:00,98.72,101.15,93.00000000,98.00000000,100.00000000,0.10000000,0.10246151,2.46150729,2.25904579,2.25904579,24H
REMOVE_TOP5,RE/USDT,2026-08-08T05:00:00+00:00,2026-08-08T11:00:00+00:00,0.4102,0.4529,89.00000000,89.00000000,100.00000000,0.10000000,0.11040956,10.40955631,10.19914676,10.19914676,TAKE_PROFIT
REMOVE_TOP5,LTC/USDT,2026-08-07T15:00:00+00:00,2026-08-08T15:00:00+00:00,45.96,45.88,90.00000000,95.00000000,100.00000000,0.10000000,0.09982594,-0.17406440,-0.37389034,-0.37389034,24H
REMOVE_TOP5,GPS/USDT,2026-08-07T16:00:00+00:00,2026-08-08T16:00:00+00:00,0.00987,0.00982,90.00000000,95.00000000,100.00000000,0.10000000,0.09949341,-0.50658561,-0.70607903,-0.70607903,24H
REMOVE_TOP5,ACE/USDT,2026-08-08T15:00:00+00:00,2026-08-08T16:00:00+00:00,0.1407,0.1584,95.00000000,92.00000000,100.00000000,0.10000000,0.11257996,12.57995736,12.36737740,12.36737740,TAKE_PROFIT
REMOVE_TOP5,BCH/USDT,2026-08-07T21:00:00+00:00,2026-08-08T21:00:00+00:00,215.8,216.4,81.00000000,80.00000000,100.00000000,0.10000000,0.10027804,0.27803522,0.07775718,0.07775718,24H
REMOVE_TOP5,BICO/USDT,2026-08-08T03:00:00+00:00,2026-08-09T00:00:00+00:00,0.05893,0.06662,89.00000000,80.00000000,100.00000000,0.10000000,0.11304938,13.04938062,12.83633124,12.83633124,TAKE_PROFIT
REMOVE_TOP5,ALPINE/USDT,2026-08-08T01:00:00+00:00,2026-08-09T01:00:00+00:00,0.321,0.334,87.00000000,87.00000000,100.00000000,0.10000000,0.10404984,4.04984424,3.84579439,3.84579439,24H
REMOVE_TOP5,OPN/USDT,2026-08-08T03:00:00+00:00,2026-08-09T03:00:00+00:00,0.0536,0.0541,89.00000000,88.00000000,100.00000000,0.10000000,0.10093284,0.93283582,0.73190299,0.73190299,24H
REMOVE_TOP5,MUBARAK/USDT,2026-08-08T11:00:00+00:00,2026-08-09T04:00:00+00:00,0.01469,0.01668,93.00000000,98.00000000,100.00000000,0.10000000,0.11354663,13.54663036,13.33308373,13.33308373,TAKE_PROFIT
REMOVE_TOP5,TAO/USDT,2026-08-08T06:00:00+00:00,2026-08-09T06:00:00+00:00,197.4,205.4,90.00000000,95.00000000,100.00000000,0.10000000,0.10405268,4.05268490,3.84863222,3.84863222,24H
REMOVE_TOP5,RARE/USDT,2026-08-08T07:00:00+00:00,2026-08-09T07:00:00+00:00,0.01242,0.01339,93.00000000,98.00000000,100.00000000,0.10000000,0.10780998,7.80998390,7.60217391,7.60217391,24H
REMOVE_TOP5,BICO/USDT,2026-08-09T00:00:00+00:00,2026-08-09T08:00:00+00:00,0.06662,0.05181,92.00000000,89.00000000,100.00000000,0.10000000,0.07776944,-22.23056139,-22.40833083,-22.40833083,STOP_LOSS
REMOVE_TOP5,BMT/USDT,2026-08-09T08:00:00+00:00,2026-08-09T09:00:00+00:00,0.01948,0.02397,90.00000000,92.00000000,100.00000000,0.10000000,0.12304928,23.04928131,22.82623203,22.82623203,TAKE_PROFIT
REMOVE_TOP5,MUBARAK/USDT,2026-08-09T07:00:00+00:00,2026-08-09T10:00:00+00:00,0.0179,0.02001,95.00000000,92.00000000,100.00000000,0.10000000,0.11178771,11.78770950,11.57592179,11.57592179,TAKE_PROFIT
REMOVE_TOP5,HEMI/USDT,2026-08-08T11:00:00+00:00,2026-08-09T11:00:00+00:00,0.00536,0.00553,92.00000000,97.00000000,100.00000000,0.10000000,0.10317164,3.17164179,2.96847015,2.96847015,24H
REMOVE_TOP5,MUBARAK/USDT,2026-08-09T11:00:00+00:00,2026-08-09T12:00:00+00:00,0.01966,0.01844,89.00000000,80.00000000,100.00000000,0.10000000,0.09379451,-6.20549339,-6.39928789,-6.39928789,STOP_LOSS
REMOVE_TOP5,BEL/USDT,2026-08-08T16:00:00+00:00,2026-08-09T16:00:00+00:00,0.1078,0.1117,90.00000000,95.00000000,100.00000000,0.10000000,0.10361781,3.61781076,3.41419295,3.41419295,24H
REMOVE_TOP5,ONG/USDT,2026-08-08T16:00:00+00:00,2026-08-09T16:00:00+00:00,0.04311,0.04355,90.00000000,95.00000000,100.00000000,0.10000000,0.10102064,1.02064486,0.81962422,0.81962422,24H
REMOVE_TOP5,PORTAL/USDT,2026-08-08T21:00:00+00:00,2026-08-09T21:00:00+00:00,0.01177,0.01148,90.00000000,100.00000000,100.00000000,0.10000000,0.09753611,-2.46389125,-2.66142736,-2.66142736,24H
REMOVE_TOP5,PLUME/USDT,2026-08-09T01:00:00+00:00,2026-08-10T01:00:00+00:00,0.01205,0.01221,85.00000000,87.00000000,100.00000000,0.10000000,0.10132780,1.32780083,1.12647303,1.12647303,24H
REMOVE_TOP5,TREE/USDT,2026-08-09T03:00:00+00:00,2026-08-10T03:00:00+00:00,0.0375,0.0375,90.00000000,95.00000000,100.00000000,0.10000000,0.10000000,0.00000000,-0.20000000,-0.20000000,24H
REMOVE_TOP5,EURI/USDT,2026-08-09T04:00:00+00:00,2026-08-10T04:00:00+00:00,1.1559,1.1554,84.00000000,84.00000000,100.00000000,0.10000000,0.09995674,-0.04325634,-0.24321308,-0.24321308,24H
REMOVE_TOP5,ALPINE/USDT,2026-08-09T06:00:00+00:00,2026-08-10T06:00:00+00:00,0.336,0.331,90.00000000,95.00000000,100.00000000,0.10000000,0.09851190,-1.48809524,-1.68660714,-1.68660714,24H
REMOVE_TOP5,ZEC/USDT,2026-08-09T09:00:00+00:00,2026-08-10T09:00:00+00:00,521.11,504.51,95.00000000,100.00000000,100.00000000,0.10000000,0.09681449,-3.18550786,-3.38232235,-3.38232235,24H
REMOVE_TOP5,HEMI/USDT,2026-08-09T21:00:00+00:00,2026-08-10T09:00:00+00:00,0.00562,0.00525,90.00000000,95.00000000,100.00000000,0.10000000,0.09341637,-6.58362989,-6.77704626,-6.77704626,STOP_LOSS
REMOVE_TOP5,XAUT/USDT,2026-08-09T10:00:00+00:00,2026-08-10T10:00:00+00:00,4333.24,4316.43,87.00000000,87.00000000,100.00000000,0.10000000,0.09961207,-0.38793143,-0.58754350,-0.58754350,24H
REMOVE_TOP5,SOXLB/USDT,2026-08-09T12:00:00+00:00,2026-08-10T12:00:00+00:00,142.46,140.05,87.00000000,87.00000000,100.00000000,0.10000000,0.09830830,-1.69170293,-1.89001123,-1.89001123,24H
REMOVE_TOP5,CRCLB/USDT,2026-08-09T16:00:00+00:00,2026-08-10T16:00:00+00:00,68.32,65.86,90.00000000,95.00000000,100.00000000,0.10000000,0.09639930,-3.60070258,-3.79710187,-3.79710187,24H
REMOVE_TOP5,TRUMP/USDT,2026-08-09T16:00:00+00:00,2026-08-10T16:00:00+00:00,1.521,1.486,90.00000000,100.00000000,100.00000000,0.10000000,0.09769888,-2.30111769,-2.49881657,-2.49881657,24H
REMOVE_TOP5,RE/USDT,2026-08-10T10:00:00+00:00,2026-08-10T20:00:00+00:00,0.4269,0.4044,89.00000000,89.00000000,100.00000000,0.10000000,0.09472944,-5.27055517,-5.46528461,-5.46528461,STOP_LOSS
REMOVE_TOP5,ALLO/USDT,2026-08-10T16:00:00+00:00,2026-08-10T22:00:00+00:00,0.3267,0.3081,95.00000000,100.00000000,100.00000000,0.10000000,0.09430670,-5.69329660,-5.88760331,-5.88760331,STOP_LOSS
REMOVE_TOP5,PLUME/USDT,2026-08-10T01:00:00+00:00,2026-08-11T01:00:00+00:00,0.01221,0.01225,93.00000000,98.00000000,100.00000000,0.10000000,0.10032760,0.32760033,0.12727273,0.12727273,24H
REMOVE_TOP5,EDEN/USDT,2026-08-10T03:00:00+00:00,2026-08-11T03:00:00+00:00,0.04498,0.04385,89.00000000,88.00000000,100.00000000,0.10000000,0.09748777,-2.51222766,-2.70971543,-2.70971543,24H
REMOVE_TOP5,TREE/USDT,2026-08-10T04:00:00+00:00,2026-08-11T04:00:00+00:00,0.0377,0.0364,90.00000000,95.00000000,100.00000000,0.10000000,0.09655172,-3.44827586,-3.64482759,-3.64482759,24H
REMOVE_TOP5,SPCXB/USDT,2026-08-10T09:00:00+00:00,2026-08-11T09:00:00+00:00,136.24,136.9,93.00000000,98.00000000,100.00000000,0.10000000,0.10048444,0.48443922,0.28395479,0.28395479,24H
REMOVE_TOP5,WLD/USDT,2026-08-10T09:00:00+00:00,2026-08-11T09:00:00+00:00,0.343,0.3358,90.00000000,95.00000000,100.00000000,0.10000000,0.09790087,-2.09912536,-2.29702624,-2.29702624,24H
REMOVE_TOP5,RARE/USDT,2026-08-10T20:00:00+00:00,2026-08-11T09:00:00+00:00,0.01368,0.01212,87.00000000,86.00000000,100.00000000,0.10000000,0.08859649,-11.40350877,-11.59210526,-11.59210526,STOP_LOSS
REMOVE_TOP5,POL/USDT,2026-08-10T12:00:00+00:00,2026-08-11T12:00:00+00:00,0.07806,0.07553,83.00000000,75.00000000,100.00000000,0.10000000,0.09675890,-3.24109659,-3.43785550,-3.43785550,24H
REMOVE_TOP5,PORTAL/USDT,2026-08-10T15:00:00+00:00,2026-08-11T14:00:00+00:00,0.01185,0.01116,95.00000000,100.00000000,100.00000000,0.10000000,0.09417722,-5.82278481,-6.01696203,-6.01696203,STOP_LOSS
REMOVE_TOP5,PAXG/USDT,2026-08-10T16:00:00+00:00,2026-08-11T16:00:00+00:00,4348.17,4380.62,87.00000000,87.00000000,100.00000000,0.10000000,0.10074629,0.74629097,0.54554468,0.54554468,24H
REMOVE_TOP5,GIGGLE/USDT,2026-08-11T12:00:00+00:00,2026-08-11T20:00:00+00:00,35.3,38.86,92.00000000,97.00000000,100.00000000,0.10000000,0.11008499,10.08498584,9.87490085,9.87490085,TAKE_PROFIT
REMOVE_TOP5,PUMP/USDT,2026-08-10T22:00:00+00:00,2026-08-11T22:00:00+00:00,0.002809,0.002705,87.00000000,86.00000000,100.00000000,0.10000000,0.09629761,-3.70238519,-3.89868281,-3.89868281,24H
REMOVE_TOP5,LINK/USDT,2026-08-11T01:00:00+00:00,2026-08-12T01:00:00+00:00,8.428,8.787,93.00000000,98.00000000,100.00000000,0.10000000,0.10425961,4.25961082,4.05535121,4.05535121,24H
REMOVE_TOP5,TRUMP/USDT,2026-08-11T03:00:00+00:00,2026-08-12T03:00:00+00:00,1.518,1.49,95.00000000,100.00000000,100.00000000,0.10000000,0.09815547,-1.84453228,-2.04268775,-2.04268775,24H
REMOVE_TOP5,ENA/USDT,2026-08-11T04:00:00+00:00,2026-08-12T04:00:00+00:00,0.0903,0.0898,90.00000000,95.00000000,100.00000000,0.10000000,0.09944629,-0.55370986,-0.75315615,-0.75315615,24H
REMOVE_TOP5,BNB/USDT,2026-08-11T09:00:00+00:00,2026-08-12T09:00:00+00:00,607.19,613.7,87.00000000,86.00000000,100.00000000,0.10000000,0.10107215,1.07215204,0.87107989,0.87107989,24H
REMOVE_TOP5,DOGE/USDT,2026-08-11T09:00:00+00:00,2026-08-12T09:00:00+00:00,0.07059,0.07204,84.00000000,84.00000000,100.00000000,0.10000000,0.10205412,2.05411531,1.85206120,1.85206120,24H
REMOVE_TOP5,EDEN/USDT,2026-08-11T09:00:00+00:00,2026-08-12T09:00:00+00:00,0.04421,0.04442,84.00000000,83.00000000,100.00000000,0.10000000,0.10047501,0.47500565,0.27453065,0.27453065,24H
REMOVE_TOP5,KORUB/USDT,2026-08-11T14:00:00+00:00,2026-08-12T12:00:00+00:00,17.95,19.83,89.00000000,88.00000000,100.00000000,0.10000000,0.11047354,10.47353760,10.26306407,10.26306407,TAKE_PROFIT
REMOVE_TOP5,CRCLB/USDT,2026-08-11T16:00:00+00:00,2026-08-12T16:00:00+00:00,71.09,70.03,84.00000000,88.00000000,100.00000000,0.10000000,0.09850893,-1.49106766,-1.68957659,-1.68957659,24H
REMOVE_TOP5,SOL/USDT,2026-08-11T20:00:00+00:00,2026-08-12T20:00:00+00:00,76.05,75.93,80.00000000,82.00000000,100.00000000,0.10000000,0.09984221,-0.15779093,-0.35763314,-0.35763314,24H
REMOVE_TOP5,HOME/USDT,2026-08-11T22:00:00+00:00,2026-08-12T22:00:00+00:00,0.00922,0.00935,82.00000000,84.00000000,100.00000000,0.10000000,0.10140998,1.40997831,1.20856833,1.20856833,24H
REMOVE_TOP5,WLD/USDT,2026-08-12T01:00:00+00:00,2026-08-13T01:00:00+00:00,0.3406,0.3298,90.00000000,95.00000000,100.00000000,0.10000000,0.09682913,-3.17087493,-3.36770405,-3.36770405,24H
REMOVE_TOP5,RE/USDT,2026-08-12T03:00:00+00:00,2026-08-13T03:00:00+00:00,0.435,0.4353,89.00000000,88.00000000,100.00000000,0.10000000,0.10006897,0.06896552,-0.13110345,-0.13110345,24H
REMOVE_TOP5,GRAM/USDT,2026-08-12T04:00:00+00:00,2026-08-13T04:00:00+00:00,1.361,1.338,81.00000000,80.00000000,100.00000000,0.10000000,0.09831007,-1.68993387,-1.88824394,-1.88824394,24H
REMOVE_TOP5,HOME/USDT,2026-08-12T22:00:00+00:00,2026-08-13T06:00:00+00:00,0.00935,0.01036,79.00000000,75.00000000,100.00000000,0.10000000,0.11080214,10.80213904,10.59133690,10.59133690,TAKE_PROFIT
REMOVE_TOP5,GPS/USDT,2026-08-12T09:00:00+00:00,2026-08-13T09:00:00+00:00,0.00981,0.01014,90.00000000,100.00000000,100.00000000,0.10000000,0.10336391,3.36391437,3.16055046,3.16055046,24H
REMOVE_TOP5,PAXG/USDT,2026-08-12T09:00:00+00:00,2026-08-13T09:00:00+00:00,4413.47,4383.36,84.00000000,83.00000000,100.00000000,0.10000000,0.09931777,-0.68222963,-0.88154740,-0.88154740,24H
REMOVE_TOP5,SOXLB/USDT,2026-08-12T09:00:00+00:00,2026-08-13T09:00:00+00:00,140.47,142.68,84.00000000,88.00000000,100.00000000,0.10000000,0.10157329,1.57328967,1.37171638,1.37171638,24H
REMOVE_TOP5,LINK/USDT,2026-08-12T12:00:00+00:00,2026-08-13T12:00:00+00:00,8.849,8.782,93.00000000,98.00000000,100.00000000,0.10000000,0.09924285,-0.75714770,-0.95639055,-0.95639055,24H
REMOVE_TOP5,EDEN/USDT,2026-08-12T16:00:00+00:00,2026-08-13T15:00:00+00:00,0.04516,0.04974,93.00000000,98.00000000,100.00000000,0.10000000,0.11014172,10.14171833,9.93157662,9.93157662,TAKE_PROFIT
REMOVE_TOP5,SNDKB/USDT,2026-08-13T12:00:00+00:00,2026-08-13T15:00:00+00:00,1353.63,1532.99,90.00000000,95.00000000,100.00000000,0.10000000,0.11325030,13.25029735,13.03704705,13.03704705,TAKE_PROFIT
REMOVE_TOP5,EDEN/USDT,2026-08-13T15:00:00+00:00,2026-08-13T18:00:00+00:00,0.04974,0.05933,90.00000000,100.00000000,100.00000000,0.10000000,0.11928026,19.28025734,19.06097708,19.06097708,TAKE_PROFIT
REMOVE_TOP5,CRCLB/USDT,2026-08-12T20:00:00+00:00,2026-08-13T20:00:00+00:00,70.98,75.27,78.00000000,65.00000000,100.00000000,0.10000000,0.10604396,6.04395604,5.83791209,5.83791209,24H
REMOVE_TOP5,RLUSD/USDT,2026-08-13T01:00:00+00:00,2026-08-14T01:00:00+00:00,1.0011,1.001,87.00000000,87.00000000,100.00000000,0.10000000,0.09999001,-0.00998901,-0.20997902,-0.20997902,24H
REMOVE_TOP5,AVAX/USDT,2026-08-13T03:00:00+00:00,2026-08-14T03:00:00+00:00,6.512,6.417,79.00000000,76.00000000,100.00000000,0.10000000,0.09854115,-1.45884521,-1.65738636,-1.65738636,24H
REMOVE_TOP5,PUMP/USDT,2026-08-13T04:00:00+00:00,2026-08-14T04:00:00+00:00,0.002772,0.002918,82.00000000,82.00000000,100.00000000,0.10000000,0.10526696,5.26695527,5.06168831,5.06168831,24H
REMOVE_TOP5,HOME/USDT,2026-08-13T06:00:00+00:00,2026-08-14T06:00:00+00:00,0.01036,0.0114,90.00000000,100.00000000,100.00000000,0.10000000,0.11003861,10.03861004,9.82857143,9.82857143,TAKE_PROFIT
REMOVE_TOP5,ACE/USDT,2026-08-14T03:00:00+00:00,2026-08-14T07:00:00+00:00,0.1316,0.1493,87.00000000,92.00000000,100.00000000,0.10000000,0.11344985,13.44984802,13.23639818,13.23639818,TAKE_PROFIT
REMOVE_TOP5,RE/USDT,2026-08-13T09:00:00+00:00,2026-08-14T09:00:00+00:00,0.4494,0.4391,95.00000000,100.00000000,100.00000000,0.10000000,0.09770806,-2.29194482,-2.48965287,-2.48965287,24H
REMOVE_TOP5,WLD/USDT,2026-08-13T09:00:00+00:00,2026-08-14T09:00:00+00:00,0.3466,0.3357,95.00000000,100.00000000,100.00000000,0.10000000,0.09685516,-3.14483555,-3.34169071,-3.34169071,24H
REMOVE_TOP5,XUSD/USDT,2026-08-13T09:00:00+00:00,2026-08-14T09:00:00+00:00,1.001,1.0012,87.00000000,87.00000000,100.00000000,0.10000000,0.10001998,0.01998002,-0.18003996,-0.18003996,24H
REMOVE_TOP5,DEXE/USDT,2026-08-13T18:00:00+00:00,2026-08-14T09:00:00+00:00,2.06,1.937,79.00000000,76.00000000,100.00000000,0.10000000,0.09402913,-5.97087379,-6.16490291,-6.16490291,STOP_LOSS
REMOVE_TOP5,SOXLB/USDT,2026-08-13T15:00:00+00:00,2026-08-14T15:00:00+00:00,149.63,140.58,89.00000000,88.00000000,100.00000000,0.10000000,0.09395175,-6.04825236,-6.24220410,-6.24220410,STOP_LOSS
REMOVE_TOP5,HEI/USDT,2026-08-14T15:00:00+00:00,2026-08-14T18:00:00+00:00,0.1446,0.1335,89.00000000,81.00000000,100.00000000,0.10000000,0.09232365,-7.67634855,-7.86867220,-7.86867220,STOP_LOSS
REMOVE_TOP5,TAO/USDT,2026-08-13T20:00:00+00:00,2026-08-14T20:00:00+00:00,202.9,197.8,87.00000000,86.00000000,100.00000000,0.10000000,0.09748645,-2.51355347,-2.71103992,-2.71103992,24H
REMOVE_TOP5,EDEN/USDT,2026-08-14T18:00:00+00:00,2026-08-15T00:00:00+00:00,0.06159,0.05846,84.00000000,76.00000000,100.00000000,0.10000000,0.09491801,-5.08199383,-5.27691184,-5.27691184,STOP_LOSS
REMOVE_TOP5,RED/USDT,2026-08-14T01:00:00+00:00,2026-08-15T01:00:00+00:00,0.0891,0.0873,84.00000000,89.00000000,100.00000000,0.10000000,0.09797980,-2.02020202,-2.21818182,-2.21818182,24H
REMOVE_TOP5,LINK/USDT,2026-08-14T09:00:00+00:00,2026-08-15T02:00:00+00:00,8.82,9.725,84.00000000,84.00000000,100.00000000,0.10000000,0.11026077,10.26077098,10.05051020,10.05051020,TAKE_PROFIT
REMOVE_TOP5,PUMP/USDT,2026-08-14T04:00:00+00:00,2026-08-15T03:00:00+00:00,0.002918,0.00274,87.00000000,86.00000000,100.00000000,0.10000000,0.09389993,-6.10006854,-6.29396847,-6.29396847,STOP_LOSS
REMOVE_TOP5,KORUB/USDT,2026-08-14T06:00:00+00:00,2026-08-15T06:00:00+00:00,21.69,21.63,92.00000000,97.00000000,100.00000000,0.10000000,0.09972337,-0.27662517,-0.47634855,-0.47634855,24H
REMOVE_TOP5,WLFI/USDT,2026-08-14T07:00:00+00:00,2026-08-15T07:00:00+00:00,0.0555,0.0566,93.00000000,98.00000000,100.00000000,0.10000000,0.10198198,1.98198198,1.78000000,1.78000000,24H
REMOVE_TOP5,RLUSD/USDT,2026-08-14T09:00:00+00:00,2026-08-15T09:00:00+00:00,1.0011,1.0013,87.00000000,87.00000000,100.00000000,0.10000000,0.10001998,0.01997802,-0.18004195,-0.18004195,24H
REMOVE_TOP5,U/USDT,2026-08-14T09:00:00+00:00,2026-08-15T09:00:00+00:00,1.0005,1.0005,87.00000000,87.00000000,100.00000000,0.10000000,0.10000000,0.00000000,-0.20000000,-0.20000000,24H
REMOVE_TOP5,USDE/USDT,2026-08-14T09:00:00+00:00,2026-08-15T09:00:00+00:00,1.0008,1.001,87.00000000,87.00000000,100.00000000,0.10000000,0.10001998,0.01998401,-0.18003597,-0.18003597,24H
REMOVE_TOP5,ACE/USDT,2026-08-15T06:00:00+00:00,2026-08-15T09:00:00+00:00,0.2734,0.2131,89.00000000,80.00000000,100.00000000,0.10000000,0.07794440,-22.05559620,-22.23354060,-22.23354060,STOP_LOSS
REMOVE_TOP5,PLUME/USDT,2026-08-15T01:00:00+00:00,2026-08-15T10:00:00+00:00,0.0127,0.0141,89.00000000,88.00000000,100.00000000,0.10000000,0.11102362,11.02362205,10.81259843,10.81259843,TAKE_PROFIT
REMOVE_TOP5,CHIP/USDT,2026-08-15T03:00:00+00:00,2026-08-15T19:00:00+00:00,0.02362,0.02681,89.00000000,89.00000000,100.00000000,0.10000000,0.11350550,13.50550381,13.29199831,13.29199831,TAKE_PROFIT
REMOVE_TOP5,ONG/USDT,2026-08-14T20:00:00+00:00,2026-08-15T20:00:00+00:00,0.04511,0.0488,80.00000000,72.00000000,100.00000000,0.10000000,0.10818000,8.18000443,7.97182443,7.97182443,24H
REMOVE_TOP5,RE/USDT,2026-08-15T00:00:00+00:00,2026-08-16T00:00:00+00:00,0.4576,0.4645,92.00000000,97.00000000,100.00000000,0.10000000,0.10150787,1.50786713,1.30635927,1.30635927,24H
REMOVE_TOP5,XPL/USDT,2026-08-15T02:00:00+00:00,2026-08-16T02:00:00+00:00,0.07735,0.07672,89.00000000,89.00000000,100.00000000,0.10000000,0.09918552,-0.81447964,-1.01366516,-1.01366516,24H
REMOVE_TOP5,HEMI/USDT,2026-08-15T14:00:00+00:00,2026-08-16T02:00:00+00:00,0.00661,0.00742,90.00000000,92.00000000,100.00000000,0.10000000,0.11225416,12.25416036,12.04190620,12.04190620,TAKE_PROFIT
REMOVE_TOP5,GPS/USDT,2026-08-15T07:00:00+00:00,2026-08-16T07:00:00+00:00,0.01054,0.01114,83.00000000,75.00000000,100.00000000,0.10000000,0.10569260,5.69259962,5.48690702,5.48690702,24H
REMOVE_TOP5,U/USDT,2026-08-15T09:00:00+00:00,2026-08-16T09:00:00+00:00,1.0005,1.0004,84.00000000,84.00000000,100.00000000,0.10000000,0.09999000,-0.00999500,-0.20998501,-0.20998501,24H
REMOVE_TOP5,BNB/USDT,2026-08-15T09:00:00+00:00,2026-08-16T09:00:00+00:00,611.88,607.33,81.00000000,80.00000000,100.00000000,0.10000000,0.09925639,-0.74360986,-0.94286625,-0.94286625,24H
REMOVE_TOP5,EUR/USDT,2026-08-15T09:00:00+00:00,2026-08-16T09:00:00+00:00,1.1577,1.1575,81.00000000,80.00000000,100.00000000,0.10000000,0.09998272,-0.01727563,-0.21725836,-0.21725836,24H
REMOVE_TOP5,OPN/USDT,2026-08-15T10:00:00+00:00,2026-08-16T10:00:00+00:00,0.0498,0.0532,84.00000000,89.00000000,100.00000000,0.10000000,0.10682731,6.82730924,6.62048193,6.62048193,24H
REMOVE_TOP5,GPS/USDT,2026-08-16T07:00:00+00:00,2026-08-16T11:00:00+00:00,0.01114,0.0105,95.00000000,100.00000000,100.00000000,0.10000000,0.09425494,-5.74506284,-5.93931777,-5.93931777,STOP_LOSS
REMOVE_TOP5,BEL/USDT,2026-08-16T09:00:00+00:00,2026-08-16T18:00:00+00:00,0.1072,0.1222,93.00000000,98.00000000,100.00000000,0.10000000,0.11399254,13.99253731,13.77854478,13.77854478,TAKE_PROFIT
REMOVE_TOP5,SKHYB/USDT,2026-08-15T19:00:00+00:00,2026-08-16T19:00:00+00:00,167.66,167.91,87.00000000,87.00000000,100.00000000,0.10000000,0.10014911,0.14911130,-0.05103781,-0.05103781,24H
REMOVE_TOP5,ALPINE/USDT,2026-08-15T20:00:00+00:00,2026-08-16T20:00:00+00:00,0.32,0.317,89.00000000,89.00000000,100.00000000,0.10000000,0.09906250,-0.93750000,-1.13656250,-1.13656250,24H
REMOVE_TOP5,XPL/USDT,2026-08-16T09:00:00+00:00,2026-08-16T21:00:00+00:00,0.07827,0.07432,93.00000000,98.00000000,100.00000000,0.10000000,0.09495337,-5.04663345,-5.24158681,-5.24158681,STOP_LOSS
REMOVE_TOP5,PORTAL/USDT,2026-08-16T18:00:00+00:00,2026-08-16T22:00:00+00:00,0.01674,0.01866,90.00000000,92.00000000,100.00000000,0.10000000,0.11146953,11.46953405,11.25806452,11.25806452,TAKE_PROFIT
REMOVE_TOP5,WLFI/USDT,2026-08-16T00:00:00+00:00,2026-08-17T00:00:00+00:00,0.0578,0.0598,92.00000000,97.00000000,100.00000000,0.10000000,0.10346021,3.46020761,3.25674740,3.25674740,24H
REMOVE_TOP5,ONG/USDT,2026-08-16T02:00:00+00:00,2026-08-17T01:00:00+00:00,0.051,0.06082,90.00000000,87.00000000,100.00000000,0.10000000,0.11925490,19.25490196,19.03564706,19.03564706,TAKE_PROFIT
REMOVE_TOP5,SNXXB/USDT,2026-08-16T02:00:00+00:00,2026-08-17T02:00:00+00:00,16.54,17.69,88.00000000,93.00000000,100.00000000,0.10000000,0.10695284,6.95284160,6.74588875,6.74588875,24H
REMOVE_TOP5,GPS/USDT,2026-08-17T01:00:00+00:00,2026-08-17T03:00:00+00:00,0.01195,0.01394,95.00000000,100.00000000,100.00000000,0.10000000,0.11665272,16.65271967,16.43606695,16.43606695,TAKE_PROFIT
REMOVE_TOP5,CHIP/USDT,2026-08-16T09:00:00+00:00,2026-08-17T07:00:00+00:00,0.02897,0.03253,92.00000000,97.00000000,100.00000000,0.10000000,0.11228857,12.28857439,12.07628581,12.07628581,TAKE_PROFIT
REMOVE_TOP5,CHIP/USDT,2026-08-17T07:00:00+00:00,2026-08-17T08:00:00+00:00,0.03253,0.02993,90.00000000,100.00000000,100.00000000,0.10000000,0.09200738,-7.99262219,-8.18462957,-8.18462957,STOP_LOSS
REMOVE_TOP5,PLUME/USDT,2026-08-16T10:00:00+00:00,2026-08-17T10:00:00+00:00,0.01311,0.01258,87.00000000,86.00000000,100.00000000,0.10000000,0.09595728,-4.04271548,-4.23867277,-4.23867277,24H
REMOVE_TOP5,RLUSD/USDT,2026-08-16T12:00:00+00:00,2026-08-17T12:00:00+00:00,1.0012,1.0012,84.00000000,84.00000000,100.00000000,0.10000000,0.10000000,0.00000000,-0.20000000,-0.20000000,24H
REMOVE_TOP5,KORUB/USDT,2026-08-17T02:00:00+00:00,2026-08-17T14:00:00+00:00,22.24,25.04,93.00000000,98.00000000,100.00000000,0.10000000,0.11258993,12.58992806,12.37733813,12.37733813,TAKE_PROFIT
REMOVE_TOP5,ONG/USDT,2026-08-17T03:00:00+00:00,2026-08-17T14:00:00+00:00,0.05908,0.05489,89.00000000,88.00000000,100.00000000,0.10000000,0.09290792,-7.09207854,-7.28498646,-7.28498646,STOP_LOSS
REMOVE_TOP5,CHIP/USDT,2026-08-17T08:00:00+00:00,2026-08-17T18:00:00+00:00,0.02993,0.02814,95.00000000,100.00000000,100.00000000,0.10000000,0.09401938,-5.98062145,-6.17464083,-6.17464083,STOP_LOSS
REMOVE_TOP5,EUR/USDT,2026-08-16T19:00:00+00:00,2026-08-17T19:00:00+00:00,1.1577,1.1588,87.00000000,87.00000000,100.00000000,0.10000000,0.10009502,0.09501598,-0.10507904,-0.10507904,24H
REMOVE_TOP5,BEL/USDT,2026-08-16T20:00:00+00:00,2026-08-17T20:00:00+00:00,0.1115,0.1082,87.00000000,87.00000000,100.00000000,0.10000000,0.09704036,-2.95964126,-3.15668161,-3.15668161,24H
REMOVE_TOP5,RARE/USDT,2026-08-16T21:00:00+00:00,2026-08-17T21:00:00+00:00,0.01217,0.01231,87.00000000,87.00000000,100.00000000,0.10000000,0.10115037,1.15036976,0.94921939,0.94921939,24H
REMOVE_TOP5,MUBARAK/USDT,2026-08-17T00:00:00+00:00,2026-08-17T21:00:00+00:00,0.0175,0.01661,92.00000000,97.00000000,100.00000000,0.10000000,0.09491429,-5.08571429,-5.28062857,-5.28062857,STOP_LOSS
REMOVE_TOP5,EURI/USDT,2026-08-16T22:00:00+00:00,2026-08-17T22:00:00+00:00,1.1579,1.1588,76.00000000,71.00000000,100.00000000,0.10000000,0.10007773,0.07772692,-0.12235081,-0.12235081,24H
REMOVE_TOP5,SNXXB/USDT,2026-08-17T22:00:00+00:00,2026-08-18T01:00:00+00:00,19.6,18.22,89.00000000,88.00000000,100.00000000,0.10000000,0.09295918,-7.04081633,-7.23377551,-7.23377551,STOP_LOSS
REMOVE_TOP5,GPS/USDT,2026-08-17T12:00:00+00:00,2026-08-18T05:00:00+00:00,0.01554,0.0172,92.00000000,89.00000000,100.00000000,0.10000000,0.11068211,10.68211068,10.47142857,10.47142857,TAKE_PROFIT
REMOVE_TOP5,BMT/USDT,2026-08-17T18:00:00+00:00,2026-08-18T05:00:00+00:00,0.01605,0.01519,89.00000000,89.00000000,100.00000000,0.10000000,0.09464174,-5.35825545,-5.55289720,-5.55289720,STOP_LOSS
REMOVE_TOP5,EDEN/USDT,2026-08-18T05:00:00+00:00,2026-08-18T07:00:00+00:00,0.05105,0.05792,92.00000000,97.00000000,100.00000000,0.10000000,0.11345739,13.45739471,13.24393732,13.24393732,TAKE_PROFIT
REMOVE_TOP5,OPN/USDT,2026-08-17T20:00:00+00:00,2026-08-18T09:00:00+00:00,0.0527,0.0587,84.00000000,84.00000000,100.00000000,0.10000000,0.11138520,11.38519924,11.17381404,11.17381404,TAKE_PROFIT
REMOVE_TOP5,USDC/USDT,2026-08-17T10:00:00+00:00,2026-08-18T10:00:00+00:00,1.00097,1.00088,87.00000000,87.00000000,100.00000000,0.10000000,0.09999101,-0.00899128,-0.20898229,-0.20898229,24H
REMOVE_TOP5,ACE/USDT,2026-08-18T07:00:00+00:00,2026-08-18T12:00:00+00:00,0.191,0.2162,95.00000000,92.00000000,100.00000000,0.10000000,0.11319372,13.19371728,12.98052356,12.98052356,TAKE_PROFIT
REMOVE_TOP5,ACE/USDT,2026-08-18T12:00:00+00:00,2026-08-18T12:30:12.661268+00:00,0.2162,0.1913,95.00000000,92.00000000,100.00000000,0.10000000,0.08848289,-11.51711378,-11.70559667,-11.70559667,STOP_LOSS
REMOVE_TOP5,ACE/USDT,2026-08-18T12:30:12.661268+00:00,2026-08-18T13:00:00+00:00,0.1913,0.2238,76.00000000,83.00000000,100.00000000,0.10000000,0.11698902,16.98902248,16.77203346,16.77203346,TAKE_PROFIT
REMOVE_TOP5,HEMI/USDT,2026-08-17T14:00:00+00:00,2026-08-18T14:00:00+00:00,0.00692,0.00646,95.00000000,100.00000000,100.00000000,0.10000000,0.09335260,-6.64739884,-6.84075145,-6.84075145,STOP_LOSS
REMOVE_TOP5,CRCLB/USDT,2026-08-17T14:00:00+00:00,2026-08-18T14:00:00+00:00,74.31,72.15,90.00000000,100.00000000,100.00000000,0.10000000,0.09709326,-2.90674203,-3.10383528,-3.10383528,24H
REMOVE_TOP5,ONG/USDT,2026-08-18T01:00:00+00:00,2026-08-18T18:00:00+00:00,0.05805,0.05479,95.00000000,100.00000000,100.00000000,0.10000000,0.09438415,-5.61584841,-5.81023256,-5.81023256,STOP_LOSS
REMOVE_TOP5,POL/USDT,2026-08-17T19:00:00+00:00,2026-08-18T19:00:00+00:00,0.08002,0.08209,92.00000000,97.00000000,100.00000000,0.10000000,0.10258685,2.58685329,2.38426643,2.38426643,24H
REMOVE_TOP5,AAVE/USDT,2026-08-17T21:00:00+00:00,2026-08-18T21:00:00+00:00,89.04,88.29,79.00000000,79.00000000,100.00000000,0.10000000,0.09915768,-0.84231806,-1.04147574,-1.04147574,24H
REMOVE_TOP5,ALLO/USDT,2026-08-17T21:00:00+00:00,2026-08-18T21:00:00+00:00,0.2909,0.2978,78.00000000,73.00000000,100.00000000,0.10000000,0.10237195,2.37194912,2.16957717,2.16957717,24H
REMOVE_TOP5,GPS/USDT,2026-08-18T10:00:00+00:00,2026-08-19T01:00:00+00:00,0.01728,0.0146,89.00000000,80.00000000,100.00000000,0.10000000,0.08449074,-15.50925926,-15.69375000,-15.69375000,STOP_LOSS
REMOVE_TOP5,BTC/USDT,2026-08-18T05:00:00+00:00,2026-08-19T05:00:00+00:00,64242.76,64236.01,81.00000000,81.00000000,100.00000000,0.10000000,0.09998949,-0.01050702,-0.21049651,-0.21049651,24H
REMOVE_TOP5,HEMI/USDT,2026-08-18T21:00:00+00:00,2026-08-19T05:00:00+00:00,0.00692,0.00832,84.00000000,84.00000000,100.00000000,0.10000000,0.12023121,20.23121387,20.01098266,20.01098266,TAKE_PROFIT
REMOVE_TOP5,ARB/USDT,2026-08-18T09:00:00+00:00,2026-08-19T09:00:00+00:00,0.0755,0.077,87.00000000,87.00000000,100.00000000,0.10000000,0.10198675,1.98675497,1.78476821,1.78476821,24H
REMOVE_TOP5,MUBARAK/USDT,2026-08-19T01:00:00+00:00,2026-08-19T09:00:00+00:00,0.0173,0.01908,80.00000000,72.00000000,100.00000000,0.10000000,0.11028902,10.28901734,10.07872832,10.07872832,TAKE_PROFIT
REMOVE_TOP5,ONG/USDT,2026-08-18T21:00:00+00:00,2026-08-19T10:00:00+00:00,0.05776,0.06418,84.00000000,84.00000000,100.00000000,0.10000000,0.11111496,11.11495845,10.90384349,10.90384349,TAKE_PROFIT
REMOVE_TOP5,ACE/USDT,2026-08-18T13:00:00+00:00,2026-08-19T12:00:00+00:00,0.2238,0.2061,90.00000000,92.00000000,100.00000000,0.10000000,0.09209115,-7.90884718,-8.10093834,-8.10093834,STOP_LOSS
REMOVE_TOP5,SOL/USDT,2026-08-18T14:00:00+00:00,2026-08-19T14:00:00+00:00,76.8,80.89,93.00000000,98.00000000,100.00000000,0.10000000,0.10532552,5.32552083,5.12019531,5.12019531,24H
REMOVE_TOP5,ETH/USDT,2026-08-18T14:00:00+00:00,2026-08-19T14:00:00+00:00,1911.02,1970.6,90.00000000,95.00000000,100.00000000,0.10000000,0.10311771,3.11770677,2.91458907,2.91458907,24H
REMOVE_TOP5,TREE/USDT,2026-08-19T12:00:00+00:00,2026-08-19T14:00:00+00:00,0.0343,0.0406,95.00000000,100.00000000,100.00000000,0.10000000,0.11836735,18.36734694,18.14897959,18.14897959,TAKE_PROFIT
REMOVE_TOP5,RE/USDT,2026-08-19T09:00:00+00:00,2026-08-19T15:00:00+00:00,0.4022,0.4585,79.00000000,76.00000000,100.00000000,0.10000000,0.11399801,13.99801094,13.78401293,13.78401293,TAKE_PROFIT
REMOVE_TOP5,EDEN/USDT,2026-08-19T14:00:00+00:00,2026-08-19T15:00:00+00:00,0.05968,0.05515,95.00000000,100.00000000,100.00000000,0.10000000,0.09240952,-7.59048257,-7.78289209,-7.78289209,STOP_LOSS
REMOVE_TOP5,PUMP/USDT,2026-08-18T19:00:00+00:00,2026-08-19T16:00:00+00:00,0.00285,0.003162,82.00000000,82.00000000,100.00000000,0.10000000,0.11094737,10.94736842,10.73642105,10.73642105,TAKE_PROFIT
REMOVE_TOP5,LINK/USDT,2026-08-18T18:00:00+00:00,2026-08-19T18:00:00+00:00,9.516,9.991,79.00000000,74.00000000,100.00000000,0.10000000,0.10499159,4.99159311,4.78660151,4.78660151,24H
REMOVE_TOP5,ARB/USDT,2026-08-19T09:00:00+00:00,2026-08-19T20:00:00+00:00,0.077,0.0847,84.00000000,84.00000000,100.00000000,0.10000000,0.11000000,10.00000000,9.79000000,9.79000000,TAKE_PROFIT
REMOVE_TOP5,UNI/USDT,2026-08-19T05:00:00+00:00,2026-08-19T21:00:00+00:00,3.327,3.712,70.00000000,65.00000000,100.00000000,0.10000000,0.11157199,11.57198677,11.36041479,11.36041479,TAKE_PROFIT
REMOVE_TOP5,TAO/USDT,2026-08-20T23:00:00+00:00,2026-08-21T23:00:00+00:00,214.9,229.9,72.00000000,67.00000000,100.00000000,0.10000000,0.10697999,6.97999069,6.77301070,6.77301070,24H
REMOVE_TOP10,ACE/USDT,2026-07-18T15:00:00+00:00,2026-07-18T18:00:00+00:00,0.0729,0.0686,70.00000000,70.00000000,100.00000000,0.10000000,0.09410151,-5.89849108,-6.09259259,-6.09259259,STOP_LOSS
REMOVE_TOP10,DEXE/USDT,2026-07-18T13:00:00+00:00,2026-07-19T06:00:00+00:00,36.519,34.466,75.00000000,70.00000000,100.00000000,0.10000000,0.09437827,-5.62173115,-5.81610942,-5.81610942,STOP_LOSS
REMOVE_TOP10,CHIP/USDT,2026-07-18T13:00:00+00:00,2026-07-19T13:00:00+00:00,0.03159,0.03049,75.00000000,70.00000000,100.00000000,0.10000000,0.09651789,-3.48211459,-3.67863248,-3.67863248,24H
REMOVE_TOP10,ONG/USDT,2026-07-18T13:00:00+00:00,2026-07-19T13:00:00+00:00,0.0472,0.0474,70.00000000,65.00000000,100.00000000,0.10000000,0.10042373,0.42372881,0.22330508,0.22330508,24H
REMOVE_TOP10,ALLO/USDT,2026-07-18T14:00:00+00:00,2026-07-19T14:00:00+00:00,0.4592,0.4639,72.00000000,67.00000000,100.00000000,0.10000000,0.10102352,1.02351916,0.82249564,0.82249564,24H
REMOVE_TOP10,ZEC/USDT,2026-07-18T16:00:00+00:00,2026-07-19T16:00:00+00:00,556.73,551.43,70.00000000,65.00000000,100.00000000,0.10000000,0.09904801,-0.95198750,-1.15103551,-1.15103551,24H
REMOVE_TOP10,ETH/USDT,2026-07-18T18:00:00+00:00,2026-07-19T18:00:00+00:00,1857.54,1861.12,70.00000000,65.00000000,100.00000000,0.10000000,0.10019273,0.19272802,-0.00746471,-0.00746471,24H
REMOVE_TOP10,TAO/USDT,2026-07-18T19:00:00+00:00,2026-07-19T19:00:00+00:00,195.9,197.1,70.00000000,65.00000000,100.00000000,0.10000000,0.10061256,0.61255743,0.41194487,0.41194487,24H
REMOVE_TOP10,CRCLB/USDT,2026-07-19T01:00:00+00:00,2026-07-20T01:00:00+00:00,61.4,60.65,73.00000000,68.00000000,100.00000000,0.10000000,0.09877850,-1.22149837,-1.42027687,-1.42027687,24H
REMOVE_TOP10,OPN/USDT,2026-07-19T02:00:00+00:00,2026-07-20T02:00:00+00:00,0.0637,0.0616,70.00000000,65.00000000,100.00000000,0.10000000,0.09670330,-3.29670330,-3.49340659,-3.49340659,24H
REMOVE_TOP10,PEPE/USDT,2026-07-19T06:00:00+00:00,2026-07-20T06:00:00+00:00,2.8e-06,2.82e-06,73.00000000,68.00000000,100.00000000,0.10000000,0.10071429,0.71428571,0.51357143,0.51357143,24H
REMOVE_TOP10,HEMI/USDT,2026-07-19T13:00:00+00:00,2026-07-20T08:00:00+00:00,0.00457,0.00505,75.00000000,70.00000000,100.00000000,0.10000000,0.11050328,10.50328228,10.29277899,10.29277899,TAKE_PROFIT
REMOVE_TOP10,LTC/USDT,2026-07-19T13:00:00+00:00,2026-07-20T13:00:00+00:00,47.36,46.69,73.00000000,68.00000000,100.00000000,0.10000000,0.09858530,-1.41469595,-1.61328125,-1.61328125,24H
REMOVE_TOP10,GPS/USDT,2026-07-19T14:00:00+00:00,2026-07-20T14:00:00+00:00,0.00908,0.00905,70.00000000,65.00000000,100.00000000,0.10000000,0.09966960,-0.33039648,-0.53006608,-0.53006608,24H
REMOVE_TOP10,HEMI/USDT,2026-07-20T09:00:00+00:00,2026-07-20T14:00:00+00:00,0.00499,0.00561,70.00000000,70.00000000,100.00000000,0.10000000,0.11242485,12.42484970,12.21242485,12.21242485,TAKE_PROFIT
REMOVE_TOP10,EDEN/USDT,2026-07-19T16:00:00+00:00,2026-07-20T16:00:00+00:00,0.04415,0.04281,70.00000000,65.00000000,100.00000000,0.10000000,0.09696489,-3.03510759,-3.23207248,-3.23207248,24H
REMOVE_TOP10,ALLO/USDT,2026-07-20T16:00:00+00:00,2026-07-20T20:00:00+00:00,0.4872,0.4611,75.00000000,70.00000000,100.00000000,0.10000000,0.09464286,-5.35714286,-5.55178571,-5.55178571,STOP_LOSS
REMOVE_TOP10,EWYB/USDT,2026-07-19T22:00:00+00:00,2026-07-20T22:00:00+00:00,166.67,163.53,75.00000000,70.00000000,100.00000000,0.10000000,0.09811604,-1.88396232,-2.08207836,-2.08207836,24H
REMOVE_TOP10,MUB/USDT,2026-07-19T22:00:00+00:00,2026-07-20T22:00:00+00:00,867.11,873.22,73.00000000,68.00000000,100.00000000,0.10000000,0.10070464,0.70463955,0.50393491,0.50393491,24H
REMOVE_TOP10,ETH/USDT,2026-07-19T22:00:00+00:00,2026-07-20T22:00:00+00:00,1870.44,1895.72,70.00000000,65.00000000,100.00000000,0.10000000,0.10135155,1.35155365,1.15020209,1.15020209,24H
REMOVE_TOP10,TUT/USDT,2026-07-20T06:00:00+00:00,2026-07-21T00:00:00+00:00,0.01337,0.01477,70.00000000,65.00000000,100.00000000,0.10000000,0.11047120,10.47120419,10.26073298,10.26073298,TAKE_PROFIT
REMOVE_TOP10,LINK/USDT,2026-07-20T01:00:00+00:00,2026-07-21T01:00:00+00:00,8.422,8.592,73.00000000,68.00000000,100.00000000,0.10000000,0.10201852,2.01852292,1.81650439,1.81650439,24H
REMOVE_TOP10,HEMI/USDT,2026-07-20T22:00:00+00:00,2026-07-21T01:00:00+00:00,0.00686,0.00643,72.00000000,59.00000000,100.00000000,0.10000000,0.09373178,-6.26822157,-6.46195335,-6.46195335,STOP_LOSS
REMOVE_TOP10,MSTRB/USDT,2026-07-20T02:00:00+00:00,2026-07-21T02:00:00+00:00,95.95,99.27,70.00000000,65.00000000,100.00000000,0.10000000,0.10346014,3.46013549,3.25667535,3.25667535,24H
REMOVE_TOP10,DEXE/USDT,2026-07-21T00:00:00+00:00,2026-07-21T02:00:00+00:00,37.721,34.091,75.00000000,70.00000000,100.00000000,0.10000000,0.09037671,-9.62328676,-9.81366348,-9.81366348,STOP_LOSS
REMOVE_TOP10,SOXLB/USDT,2026-07-21T00:00:00+00:00,2026-07-21T08:00:00+00:00,139.06,153.96,73.00000000,68.00000000,100.00000000,0.10000000,0.11071480,10.71479937,10.50408457,10.50408457,TAKE_PROFIT
REMOVE_TOP10,NEAR/USDT,2026-07-20T13:00:00+00:00,2026-07-21T13:00:00+00:00,1.965,1.988,73.00000000,68.00000000,100.00000000,0.10000000,0.10117048,1.17048346,0.96931298,0.96931298,24H
REMOVE_TOP10,CRCLB/USDT,2026-07-20T14:00:00+00:00,2026-07-21T13:00:00+00:00,63.12,70.14,70.00000000,70.00000000,100.00000000,0.10000000,0.11112167,11.12167300,10.91055133,10.91055133,TAKE_PROFIT
REMOVE_TOP10,BMT/USDT,2026-07-20T15:00:00+00:00,2026-07-21T15:00:00+00:00,0.01184,0.01197,73.00000000,68.00000000,100.00000000,0.10000000,0.10109797,1.09797297,0.89687500,0.89687500,24H
REMOVE_TOP10,MUB/USDT,2026-07-21T01:00:00+00:00,2026-07-21T16:00:00+00:00,886.11,977.63,73.00000000,68.00000000,100.00000000,0.10000000,0.11032829,10.32828881,10.11796052,10.11796052,TAKE_PROFIT
REMOVE_TOP10,RARE/USDT,2026-07-20T20:00:00+00:00,2026-07-21T20:00:00+00:00,0.0128,0.0127,73.00000000,68.00000000,100.00000000,0.10000000,0.09921875,-0.78125000,-0.98046875,-0.98046875,24H
REMOVE_TOP10,RED/USDT,2026-07-21T01:00:00+00:00,2026-07-22T01:00:00+00:00,0.1032,0.1011,75.00000000,70.00000000,100.00000000,0.10000000,0.09796512,-2.03488372,-2.23284884,-2.23284884,24H
REMOVE_TOP10,EWYB/USDT,2026-07-21T02:00:00+00:00,2026-07-22T02:00:00+00:00,167.22,174.49,75.00000000,70.00000000,100.00000000,0.10000000,0.10434757,4.34756608,4.14321851,4.14321851,24H
REMOVE_TOP10,BICO/USDT,2026-07-21T02:00:00+00:00,2026-07-22T02:00:00+00:00,0.01401,0.01386,72.00000000,67.00000000,100.00000000,0.10000000,0.09892934,-1.07066381,-1.26959315,-1.26959315,24H
REMOVE_TOP10,SKHYB/USDT,2026-07-21T06:00:00+00:00,2026-07-22T06:00:00+00:00,160.21,163.65,72.00000000,67.00000000,100.00000000,0.10000000,0.10214718,2.14718182,1.94503464,1.94503464,24H
REMOVE_TOP10,GIGGLE/USDT,2026-07-21T08:00:00+00:00,2026-07-22T08:00:00+00:00,26.98,26.53,75.00000000,70.00000000,100.00000000,0.10000000,0.09833210,-1.66790215,-1.86623425,-1.86623425,24H
REMOVE_TOP10,TUT/USDT,2026-07-22T04:00:00+00:00,2026-07-22T10:00:00+00:00,0.01524,0.01412,70.00000000,65.00000000,100.00000000,0.10000000,0.09265092,-7.34908136,-7.54173228,-7.54173228,STOP_LOSS
REMOVE_TOP10,ALLO/USDT,2026-07-21T13:00:00+00:00,2026-07-22T13:00:00+00:00,0.4991,0.5038,75.00000000,70.00000000,100.00000000,0.10000000,0.10094170,0.94169505,0.74075336,0.74075336,24H
REMOVE_TOP10,SNDKB/USDT,2026-07-21T13:00:00+00:00,2026-07-22T13:00:00+00:00,1529.08,1577.19,70.00000000,70.00000000,100.00000000,0.10000000,0.10314634,3.14633636,2.94319002,2.94319002,24H
REMOVE_TOP10,MSTRB/USDT,2026-07-21T15:00:00+00:00,2026-07-22T15:00:00+00:00,102.67,99.78,73.00000000,68.00000000,100.00000000,0.10000000,0.09718516,-2.81484367,-3.01202883,-3.01202883,24H
REMOVE_TOP10,GRAM/USDT,2026-07-21T16:00:00+00:00,2026-07-22T16:00:00+00:00,1.518,1.517,72.00000000,67.00000000,100.00000000,0.10000000,0.09993412,-0.06587615,-0.26581028,-0.26581028,24H
REMOVE_TOP10,PORTAL/USDT,2026-07-21T22:00:00+00:00,2026-07-22T22:00:00+00:00,0.01106,0.01088,73.00000000,68.00000000,100.00000000,0.10000000,0.09837251,-1.62748644,-1.82585895,-1.82585895,24H
REMOVE_TOP10,CHIP/USDT,2026-07-22T02:00:00+00:00,2026-07-23T02:00:00+00:00,0.0306,0.03026,70.00000000,65.00000000,100.00000000,0.10000000,0.09888889,-1.11111111,-1.31000000,-1.31000000,24H
REMOVE_TOP10,BICO/USDT,2026-07-22T03:00:00+00:00,2026-07-23T03:00:00+00:00,0.01388,0.01377,73.00000000,68.00000000,100.00000000,0.10000000,0.09920749,-0.79250720,-0.99171470,-0.99171470,24H
REMOVE_TOP10,BEL/USDT,2026-07-22T06:00:00+00:00,2026-07-23T06:00:00+00:00,0.1042,0.1018,70.00000000,65.00000000,100.00000000,0.10000000,0.09769674,-2.30326296,-2.50095969,-2.50095969,24H
REMOVE_TOP10,ENA/USDT,2026-07-22T08:00:00+00:00,2026-07-23T08:00:00+00:00,0.0882,0.0919,70.00000000,65.00000000,100.00000000,0.10000000,0.10419501,4.19501134,3.99081633,3.99081633,24H
REMOVE_TOP10,ONDO/USDT,2026-07-22T10:00:00+00:00,2026-07-23T10:00:00+00:00,0.4109,0.4035,75.00000000,70.00000000,100.00000000,0.10000000,0.09819908,-1.80092480,-1.99912387,-1.99912387,24H
REMOVE_TOP10,AAVE/USDT,2026-07-22T13:00:00+00:00,2026-07-23T13:00:00+00:00,97.91,96.11,75.00000000,70.00000000,100.00000000,0.10000000,0.09816158,-1.83842304,-2.03658462,-2.03658462,24H
REMOVE_TOP10,MUB/USDT,2026-07-22T13:00:00+00:00,2026-07-23T13:00:00+00:00,972.31,977.98,75.00000000,70.00000000,100.00000000,0.10000000,0.10058315,0.58314735,0.38256420,0.38256420,24H
REMOVE_TOP10,ADA/USDT,2026-07-22T15:00:00+00:00,2026-07-23T15:00:00+00:00,0.1779,0.1705,75.00000000,70.00000000,100.00000000,0.10000000,0.09584036,-4.15964025,-4.35548061,-4.35548061,24H
REMOVE_TOP10,OPN/USDT,2026-07-23T06:00:00+00:00,2026-07-23T15:00:00+00:00,0.0718,0.0669,73.00000000,68.00000000,100.00000000,0.10000000,0.09317549,-6.82451253,-7.01768802,-7.01768802,STOP_LOSS
REMOVE_TOP10,WLD/USDT,2026-07-22T16:00:00+00:00,2026-07-23T16:00:00+00:00,0.3938,0.3766,75.00000000,70.00000000,100.00000000,0.10000000,0.09563230,-4.36769934,-4.56333164,-4.56333164,24H
REMOVE_TOP10,SKHYB/USDT,2026-07-23T00:00:00+00:00,2026-07-24T00:00:00+00:00,171.79,167.7,72.00000000,67.00000000,100.00000000,0.10000000,0.09761919,-2.38081378,-2.57843297,-2.57843297,24H
REMOVE_TOP10,RE/USDT,2026-07-23T16:00:00+00:00,2026-07-24T00:00:00+00:00,0.5261,0.5822,70.00000000,70.00000000,100.00000000,0.10000000,0.11066337,10.66337198,10.45270861,10.45270861,TAKE_PROFIT
REMOVE_TOP10,SNDKB/USDT,2026-07-23T16:00:00+00:00,2026-07-24T02:00:00+00:00,1667.76,1576.22,72.00000000,67.00000000,100.00000000,0.10000000,0.09451120,-5.48879935,-5.68331055,-5.68331055,STOP_LOSS
REMOVE_TOP10,SOXLB/USDT,2026-07-23T20:00:00+00:00,2026-07-24T02:00:00+00:00,162.95,151.66,75.00000000,70.00000000,100.00000000,0.10000000,0.09307149,-6.92850568,-7.12157717,-7.12157717,STOP_LOSS
REMOVE_TOP10,GRAM/USDT,2026-07-23T03:00:00+00:00,2026-07-24T03:00:00+00:00,1.516,1.455,73.00000000,68.00000000,100.00000000,0.10000000,0.09597625,-4.02374670,-4.21972296,-4.21972296,24H
REMOVE_TOP10,BMT/USDT,2026-07-23T05:00:00+00:00,2026-07-24T05:00:00+00:00,0.01262,0.01228,70.00000000,70.00000000,100.00000000,0.10000000,0.09730586,-2.69413629,-2.89144216,-2.89144216,24H
REMOVE_TOP10,TRUMP/USDT,2026-07-23T08:00:00+00:00,2026-07-24T08:00:00+00:00,1.639,1.598,75.00000000,70.00000000,100.00000000,0.10000000,0.09749847,-2.50152532,-2.69902379,-2.69902379,24H
REMOVE_TOP10,OPN/USDT,2026-07-24T05:00:00+00:00,2026-07-24T08:00:00+00:00,0.0694,0.0627,75.00000000,70.00000000,100.00000000,0.10000000,0.09034582,-9.65417867,-9.84452450,-9.84452450,STOP_LOSS
REMOVE_TOP10,KAITO/USDT,2026-07-23T10:00:00+00:00,2026-07-24T10:00:00+00:00,1.032,1.0396,75.00000000,70.00000000,100.00000000,0.10000000,0.10073643,0.73643411,0.53569767,0.53569767,24H
REMOVE_TOP10,KAITO/USDT,2026-07-24T10:00:00+00:00,2026-07-24T12:00:00+00:00,1.0396,0.9876,73.00000000,68.00000000,100.00000000,0.10000000,0.09499808,-5.00192382,-5.19692189,-5.19692189,STOP_LOSS
REMOVE_TOP10,PLUME/USDT,2026-07-23T13:00:00+00:00,2026-07-24T13:00:00+00:00,0.01146,0.01114,73.00000000,68.00000000,100.00000000,0.10000000,0.09720768,-2.79232112,-2.98952880,-2.98952880,24H
REMOVE_TOP10,ALLO/USDT,2026-07-24T11:00:00+00:00,2026-07-24T14:00:00+00:00,0.5096,0.47,70.00000000,65.00000000,100.00000000,0.10000000,0.09222920,-7.77080063,-7.96302983,-7.96302983,STOP_LOSS
REMOVE_TOP10,HOME/USDT,2026-07-24T14:00:00+00:00,2026-07-24T18:00:00+00:00,0.00689,0.00654,72.00000000,67.00000000,100.00000000,0.10000000,0.09492017,-5.07982583,-5.27474601,-5.27474601,STOP_LOSS
REMOVE_TOP10,HEI/USDT,2026-07-23T21:00:00+00:00,2026-07-24T21:00:00+00:00,0.103,0.0987,70.00000000,70.00000000,100.00000000,0.10000000,0.09582524,-4.17475728,-4.37058252,-4.37058252,24H
REMOVE_TOP10,XPL/USDT,2026-07-24T17:00:00+00:00,2026-07-25T03:00:00+00:00,0.08689,0.08214,75.00000000,70.00000000,100.00000000,0.10000000,0.09453332,-5.46668201,-5.66121533,-5.66121533,STOP_LOSS
REMOVE_TOP10,UNI/USDT,2026-07-24T05:00:00+00:00,2026-07-25T05:00:00+00:00,3.833,3.687,70.00000000,65.00000000,100.00000000,0.10000000,0.09619097,-3.80902687,-4.00521785,-4.00521785,24H
REMOVE_TOP10,HEMI/USDT,2026-07-24T19:00:00+00:00,2026-07-25T06:00:00+00:00,0.00532,0.00505,75.00000000,70.00000000,100.00000000,0.10000000,0.09492481,-5.07518797,-5.27011278,-5.27011278,STOP_LOSS
REMOVE_TOP10,RE/USDT,2026-07-25T07:00:00+00:00,2026-07-25T09:00:00+00:00,0.6078,0.5587,75.00000000,70.00000000,100.00000000,0.10000000,0.09192168,-8.07831524,-8.27023692,-8.27023692,STOP_LOSS
REMOVE_TOP10,GPS/USDT,2026-07-24T10:00:00+00:00,2026-07-25T10:00:00+00:00,0.00923,0.00958,70.00000000,65.00000000,100.00000000,0.10000000,0.10379198,3.79198267,3.58819068,3.58819068,24H
REMOVE_TOP10,PLUME/USDT,2026-07-24T14:00:00+00:00,2026-07-25T14:00:00+00:00,0.01141,0.01178,73.00000000,68.00000000,100.00000000,0.10000000,0.10324277,3.24276950,3.03952673,3.03952673,24H
REMOVE_TOP10,TUT/USDT,2026-07-24T21:00:00+00:00,2026-07-25T21:00:00+00:00,0.01452,0.01538,75.00000000,70.00000000,100.00000000,0.10000000,0.10592287,5.92286501,5.71694215,5.71694215,24H
REMOVE_TOP10,TREE/USDT,2026-07-25T00:00:00+00:00,2026-07-26T00:00:00+00:00,0.0394,0.0381,73.00000000,68.00000000,100.00000000,0.10000000,0.09670051,-3.29949239,-3.49619289,-3.49619289,24H
REMOVE_TOP10,ALPINE/USDT,2026-07-25T13:00:00+00:00,2026-07-26T13:00:00+00:00,0.314,0.315,75.00000000,70.00000000,100.00000000,0.10000000,0.10031847,0.31847134,0.11815287,0.11815287,24H
REMOVE_TOP10,PLUME/USDT,2026-07-25T15:00:00+00:00,2026-07-26T15:00:00+00:00,0.01177,0.01236,70.00000000,65.00000000,100.00000000,0.10000000,0.10501274,5.01274427,4.80773152,4.80773152,24H
REMOVE_TOP10,TRX/USDT,2026-07-25T16:00:00+00:00,2026-07-26T16:00:00+00:00,0.3321,0.333,70.00000000,65.00000000,100.00000000,0.10000000,0.10027100,0.27100271,0.07073171,0.07073171,24H
REMOVE_TOP10,MUBARAK/USDT,2026-07-25T19:00:00+00:00,2026-07-26T19:00:00+00:00,0.01076,0.0108,70.00000000,65.00000000,100.00000000,0.10000000,0.10037175,0.37174721,0.17137546,0.17137546,24H
REMOVE_TOP10,PEPE/USDT,2026-07-26T02:00:00+00:00,2026-07-27T02:00:00+00:00,2.86e-06,2.94e-06,70.00000000,70.00000000,100.00000000,0.10000000,0.10279720,2.79720280,2.59440559,2.59440559,24H
REMOVE_TOP10,DOT/USDT,2026-07-26T03:00:00+00:00,2026-07-27T03:00:00+00:00,0.82,0.818,70.00000000,65.00000000,100.00000000,0.10000000,0.09975610,-0.24390244,-0.44365854,-0.44365854,24H
REMOVE_TOP10,FIL/USDT,2026-07-26T04:00:00+00:00,2026-07-27T04:00:00+00:00,0.7416,0.7478,70.00000000,65.00000000,100.00000000,0.10000000,0.10083603,0.83603020,0.63519417,0.63519417,24H
REMOVE_TOP10,TAO/USDT,2026-07-26T04:00:00+00:00,2026-07-27T04:00:00+00:00,196.4,198.8,70.00000000,70.00000000,100.00000000,0.10000000,0.10122200,1.22199593,1.02077393,1.02077393,24H
REMOVE_TOP10,RARE/USDT,2026-07-26T09:00:00+00:00,2026-07-27T09:00:00+00:00,0.01279,0.01259,70.00000000,65.00000000,100.00000000,0.10000000,0.09843628,-1.56372166,-1.76215794,-1.76215794,24H
REMOVE_TOP10,LINK/USDT,2026-07-26T13:00:00+00:00,2026-07-27T13:00:00+00:00,8.458,8.772,70.00000000,65.00000000,100.00000000,0.10000000,0.10371246,3.71246157,3.50874911,3.50874911,24H
REMOVE_TOP10,EDEN/USDT,2026-07-27T09:00:00+00:00,2026-07-27T15:00:00+00:00,0.04471,0.04217,90.00000000,100.00000000,100.00000000,0.10000000,0.09431894,-5.68105569,-5.87537464,-5.87537464,STOP_LOSS
REMOVE_TOP10,ONDO/USDT,2026-07-26T16:00:00+00:00,2026-07-27T16:00:00+00:00,0.4062,0.4094,90.00000000,100.00000000,100.00000000,0.10000000,0.10078779,0.78778927,0.58700148,0.58700148,24H
REMOVE_TOP10,USDE/USDT,2026-07-26T16:00:00+00:00,2026-07-27T16:00:00+00:00,1.0009,1.0009,87.00000000,87.00000000,100.00000000,0.10000000,0.10000000,0.00000000,-0.20000000,-0.20000000,24H
REMOVE_TOP10,PLUME/USDT,2026-07-27T02:00:00+00:00,2026-07-27T17:00:00+00:00,0.01231,0.01166,90.00000000,95.00000000,100.00000000,0.10000000,0.09471974,-5.28025995,-5.47497969,-5.47497969,STOP_LOSS
REMOVE_TOP10,ENA/USDT,2026-07-27T13:00:00+00:00,2026-07-27T18:00:00+00:00,0.0923,0.0876,95.00000000,100.00000000,100.00000000,0.10000000,0.09490791,-5.09209101,-5.28699892,-5.28699892,STOP_LOSS
REMOVE_TOP10,USDC/USDT,2026-07-26T19:00:00+00:00,2026-07-27T19:00:00+00:00,1.00087,1.00084,87.00000000,87.00000000,100.00000000,0.10000000,0.09999700,-0.00299739,-0.20299439,-0.20299439,24H
REMOVE_TOP10,ALPINE/USDT,2026-07-27T03:00:00+00:00,2026-07-27T22:00:00+00:00,0.32,0.301,87.00000000,87.00000000,100.00000000,0.10000000,0.09406250,-5.93750000,-6.13156250,-6.13156250,STOP_LOSS
REMOVE_TOP10,KAITO/USDT,2026-07-27T15:00:00+00:00,2026-07-27T22:00:00+00:00,1.21,1.3423,84.00000000,84.00000000,100.00000000,0.10000000,0.11093388,10.93388430,10.72295041,10.72295041,TAKE_PROFIT
REMOVE_TOP10,CRCLB/USDT,2026-07-27T04:00:00+00:00,2026-07-28T04:00:00+00:00,63.92,63.19,87.00000000,87.00000000,100.00000000,0.10000000,0.09885795,-1.14205257,-1.34091051,-1.34091051,24H
REMOVE_TOP10,XUSD/USDT,2026-07-27T04:00:00+00:00,2026-07-28T04:00:00+00:00,1.0012,1.0012,87.00000000,87.00000000,100.00000000,0.10000000,0.10000000,0.00000000,-0.20000000,-0.20000000,24H
REMOVE_TOP10,PUMP/USDT,2026-07-27T19:00:00+00:00,2026-07-28T04:00:00+00:00,0.002128,0.002021,87.00000000,86.00000000,100.00000000,0.10000000,0.09497180,-5.02819549,-5.22316729,-5.22316729,STOP_LOSS
REMOVE_TOP10,KAITO/USDT,2026-07-27T22:00:00+00:00,2026-07-28T05:00:00+00:00,1.3423,1.2594,78.00000000,83.00000000,100.00000000,0.10000000,0.09382403,-6.17596662,-6.36979066,-6.36979066,STOP_LOSS
REMOVE_TOP10,KAITO/USDT,2026-07-28T05:00:00+00:00,2026-07-28T09:00:00+00:00,1.2594,1.1586,74.00000000,63.00000000,100.00000000,0.10000000,0.09199619,-8.00381134,-8.19580753,-8.19580753,STOP_LOSS
REMOVE_TOP10,TREE/USDT,2026-07-27T17:00:00+00:00,2026-07-28T13:00:00+00:00,0.0395,0.0374,87.00000000,86.00000000,100.00000000,0.10000000,0.09468354,-5.31645570,-5.51113924,-5.51113924,STOP_LOSS
REMOVE_TOP10,RLUSD/USDT,2026-07-27T16:00:00+00:00,2026-07-28T16:00:00+00:00,1.0013,1.0011,87.00000000,87.00000000,100.00000000,0.10000000,0.09998003,-0.01997403,-0.21995406,-0.21995406,24H
REMOVE_TOP10,MSTRB/USDT,2026-07-27T16:00:00+00:00,2026-07-28T16:00:00+00:00,97.4,98.12,81.00000000,86.00000000,100.00000000,0.10000000,0.10073922,0.73921971,0.53848049,0.53848049,24H
REMOVE_TOP10,BNB/USDT,2026-07-27T18:00:00+00:00,2026-07-28T18:00:00+00:00,575.37,569.62,87.00000000,86.00000000,100.00000000,0.10000000,0.09900064,-0.99935694,-1.19835758,-1.19835758,24H
REMOVE_TOP10,USD1/USDT,2026-07-27T22:00:00+00:00,2026-07-28T22:00:00+00:00,0.99985,0.99968,84.00000000,84.00000000,100.00000000,0.10000000,0.09998300,-0.01700255,-0.21698555,-0.21698555,24H
REMOVE_TOP10,FDUSD/USDT,2026-07-28T04:00:00+00:00,2026-07-29T04:00:00+00:00,0.9993,0.9983,87.00000000,87.00000000,100.00000000,0.10000000,0.09989993,-0.10007005,-0.29996998,-0.29996998,24H
REMOVE_TOP10,USDC/USDT,2026-07-28T04:00:00+00:00,2026-07-29T04:00:00+00:00,1.00097,1.00114,76.00000000,71.00000000,100.00000000,0.10000000,0.10001698,0.01698353,-0.18303346,-0.18303346,24H
REMOVE_TOP10,GPS/USDT,2026-07-28T04:00:00+00:00,2026-07-29T04:00:00+00:00,0.00927,0.00972,72.00000000,69.00000000,100.00000000,0.10000000,0.10485437,4.85436893,4.64951456,4.64951456,24H
REMOVE_TOP10,MUBARAK/USDT,2026-07-28T09:00:00+00:00,2026-07-29T09:00:00+00:00,0.01111,0.01131,89.00000000,89.00000000,100.00000000,0.10000000,0.10180018,1.80018002,1.59837984,1.59837984,24H
REMOVE_TOP10,U/USDT,2026-07-28T13:00:00+00:00,2026-07-29T13:00:00+00:00,1.0008,1.0008,87.00000000,87.00000000,100.00000000,0.10000000,0.10000000,0.00000000,-0.20000000,-0.20000000,24H
REMOVE_TOP10,AAVE/USDT,2026-07-28T16:00:00+00:00,2026-07-29T16:00:00+00:00,101.26,98.73,95.00000000,100.00000000,100.00000000,0.10000000,0.09750148,-2.49851866,-2.69602015,-2.69602015,24H
REMOVE_TOP10,ONDO/USDT,2026-07-28T16:00:00+00:00,2026-07-29T16:00:00+00:00,0.4088,0.3937,89.00000000,88.00000000,100.00000000,0.10000000,0.09630626,-3.69373777,-3.89004403,-3.89004403,24H
REMOVE_TOP10,PLUME/USDT,2026-07-28T18:00:00+00:00,2026-07-29T18:00:00+00:00,0.01219,0.01212,89.00000000,88.00000000,100.00000000,0.10000000,0.09942576,-0.57424118,-0.77366694,-0.77366694,24H
REMOVE_TOP10,RE/USDT,2026-07-29T16:00:00+00:00,2026-07-29T18:00:00+00:00,0.4686,0.5159,79.00000000,76.00000000,100.00000000,0.10000000,0.11009390,10.09389671,9.88380282,9.88380282,TAKE_PROFIT
REMOVE_TOP10,RLUSD/USDT,2026-07-28T22:00:00+00:00,2026-07-29T22:00:00+00:00,1.0012,1.0012,76.00000000,71.00000000,100.00000000,0.10000000,0.10000000,0.00000000,-0.20000000,-0.20000000,24H
REMOVE_TOP10,KAITO/USDT,2026-07-29T04:00:00+00:00,2026-07-30T03:00:00+00:00,1.264,1.1818,89.00000000,88.00000000,100.00000000,0.10000000,0.09349684,-6.50316456,-6.69666139,-6.69666139,STOP_LOSS
REMOVE_TOP10,GPS/USDT,2026-07-29T04:00:00+00:00,2026-07-30T04:00:00+00:00,0.00972,0.00982,90.00000000,95.00000000,100.00000000,0.10000000,0.10102881,1.02880658,0.82777778,0.82777778,24H
REMOVE_TOP10,USDC/USDT,2026-07-29T04:00:00+00:00,2026-07-30T04:00:00+00:00,1.00114,1.00112,84.00000000,84.00000000,100.00000000,0.10000000,0.09999800,-0.00199772,-0.20199572,-0.20199572,24H
REMOVE_TOP10,UNI/USDT,2026-07-29T09:00:00+00:00,2026-07-30T09:00:00+00:00,3.975,4.03,95.00000000,100.00000000,100.00000000,0.10000000,0.10138365,1.38364780,1.18226415,1.18226415,24H
REMOVE_TOP10,EURI/USDT,2026-07-29T13:00:00+00:00,2026-07-30T13:00:00+00:00,1.1398,1.1526,77.00000000,64.00000000,100.00000000,0.10000000,0.10112300,1.12300404,0.92188103,0.92188103,24H
REMOVE_TOP10,U/USDT,2026-07-29T16:00:00+00:00,2026-07-30T16:00:00+00:00,1.0009,1.0007,87.00000000,87.00000000,100.00000000,0.10000000,0.09998002,-0.01998202,-0.21996203,-0.21996203,24H
REMOVE_TOP10,GPS/USDT,2026-07-30T04:00:00+00:00,2026-07-30T17:00:00+00:00,0.00982,0.0092,82.00000000,82.00000000,100.00000000,0.10000000,0.09368635,-6.31364562,-6.50733198,-6.50733198,STOP_LOSS
REMOVE_TOP10,ADA/USDT,2026-07-29T18:00:00+00:00,2026-07-30T18:00:00+00:00,0.1679,0.1723,84.00000000,89.00000000,100.00000000,0.10000000,0.10262061,2.62060750,2.41798690,2.41798690,24H
REMOVE_TOP10,PLUME/USDT,2026-07-29T18:00:00+00:00,2026-07-30T18:00:00+00:00,0.01212,0.01165,84.00000000,84.00000000,100.00000000,0.10000000,0.09612211,-3.87788779,-4.07400990,-4.07400990,24H
REMOVE_TOP10,ONDO/USDT,2026-07-29T22:00:00+00:00,2026-07-30T22:00:00+00:00,0.4051,0.4168,74.00000000,63.00000000,100.00000000,0.10000000,0.10288818,2.88817576,2.68528758,2.68528758,24H
REMOVE_TOP10,ALPINE/USDT,2026-07-30T03:00:00+00:00,2026-07-31T03:00:00+00:00,0.32,0.314,93.00000000,98.00000000,100.00000000,0.10000000,0.09812500,-1.87500000,-2.07312500,-2.07312500,24H
REMOVE_TOP10,USD1/USDT,2026-07-30T04:00:00+00:00,2026-07-31T04:00:00+00:00,1.00003,0.99997,87.00000000,87.00000000,100.00000000,0.10000000,0.09999400,-0.00599982,-0.20599382,-0.20599382,24H
REMOVE_TOP10,BNB/USDT,2026-07-30T09:00:00+00:00,2026-07-31T09:00:00+00:00,579.84,590.49,87.00000000,86.00000000,100.00000000,0.10000000,0.10183671,1.83671358,1.63487686,1.63487686,24H
REMOVE_TOP10,MUBARAK/USDT,2026-07-31T04:00:00+00:00,2026-07-31T11:00:00+00:00,0.0121,0.01333,95.00000000,100.00000000,100.00000000,0.10000000,0.11016529,10.16528926,9.95512397,9.95512397,TAKE_PROFIT
REMOVE_TOP10,PAXG/USDT,2026-07-30T13:00:00+00:00,2026-07-31T13:00:00+00:00,4105.88,4027.22,93.00000000,98.00000000,100.00000000,0.10000000,0.09808421,-1.91578906,-2.11387327,-2.11387327,24H
REMOVE_TOP10,AAVE/USDT,2026-07-30T16:00:00+00:00,2026-07-31T16:00:00+00:00,100.23,96.59,90.00000000,95.00000000,100.00000000,0.10000000,0.09636835,-3.63164721,-3.82801556,-3.82801556,24H
REMOVE_TOP10,PUMP/USDT,2026-07-30T17:00:00+00:00,2026-07-31T17:00:00+00:00,0.001972,0.002139,87.00000000,86.00000000,100.00000000,0.10000000,0.10846856,8.46855984,8.26009128,8.26009128,24H
REMOVE_TOP10,GIGGLE/USDT,2026-07-31T13:00:00+00:00,2026-07-31T17:00:00+00:00,36.97,42.93,74.00000000,55.00000000,100.00000000,0.10000000,0.11612118,16.12117933,15.90505816,15.90505816,TAKE_PROFIT
REMOVE_TOP10,FIL/USDT,2026-07-30T18:00:00+00:00,2026-07-31T18:00:00+00:00,0.7153,0.7209,89.00000000,89.00000000,100.00000000,0.10000000,0.10078289,0.78288830,0.58210541,0.58210541,24H
REMOVE_TOP10,TUT/USDT,2026-07-30T18:00:00+00:00,2026-07-31T18:00:00+00:00,0.01494,0.01637,82.00000000,82.00000000,100.00000000,0.10000000,0.10957162,9.57161981,9.36204819,9.36204819,24H
REMOVE_TOP10,SOXLB/USDT,2026-07-30T22:00:00+00:00,2026-07-31T19:00:00+00:00,122.59,114.81,84.00000000,89.00000000,100.00000000,0.10000000,0.09365364,-6.34635778,-6.54001142,-6.54001142,STOP_LOSS
REMOVE_TOP10,MUBARAK/USDT,2026-07-31T16:00:00+00:00,2026-07-31T20:00:00+00:00,0.01371,0.01259,90.00000000,100.00000000,100.00000000,0.10000000,0.09183078,-8.16921955,-8.36105033,-8.36105033,STOP_LOSS
REMOVE_TOP10,BEL/USDT,2026-07-31T03:00:00+00:00,2026-08-01T03:00:00+00:00,0.0969,0.0974,89.00000000,89.00000000,100.00000000,0.10000000,0.10051600,0.51599587,0.31547988,0.31547988,24H
REMOVE_TOP10,ALPINE/USDT,2026-07-31T09:00:00+00:00,2026-08-01T09:00:00+00:00,0.318,0.321,90.00000000,95.00000000,100.00000000,0.10000000,0.10094340,0.94339623,0.74245283,0.74245283,24H
REMOVE_TOP10,USD1/USDT,2026-07-31T11:00:00+00:00,2026-08-01T11:00:00+00:00,1.00003,0.99989,81.00000000,80.00000000,100.00000000,0.10000000,0.09998600,-0.01399958,-0.21398558,-0.21398558,24H
REMOVE_TOP10,HOME/USDT,2026-07-31T19:00:00+00:00,2026-08-01T11:00:00+00:00,0.0055,0.0062,78.00000000,73.00000000,100.00000000,0.10000000,0.11272727,12.72727273,12.51454545,12.51454545,TAKE_PROFIT
REMOVE_TOP10,HOME/USDT,2026-08-01T11:00:00+00:00,2026-08-01T16:00:00+00:00,0.0062,0.00575,84.00000000,89.00000000,100.00000000,0.10000000,0.09274194,-7.25806452,-7.45080645,-7.45080645,STOP_LOSS
REMOVE_TOP10,EURI/USDT,2026-07-31T17:00:00+00:00,2026-08-01T17:00:00+00:00,1.1539,1.1526,90.00000000,95.00000000,100.00000000,0.10000000,0.09988734,-0.11266141,-0.31254875,-0.31254875,24H
REMOVE_TOP10,ADA/USDT,2026-07-31T17:00:00+00:00,2026-08-01T17:00:00+00:00,0.1713,0.1732,87.00000000,86.00000000,100.00000000,0.10000000,0.10110917,1.10916521,0.90805604,0.90805604,24H
REMOVE_TOP10,PUMP/USDT,2026-07-31T18:00:00+00:00,2026-08-01T18:00:00+00:00,0.002123,0.002072,79.00000000,74.00000000,100.00000000,0.10000000,0.09759774,-2.40226095,-2.59985869,-2.59985869,24H
REMOVE_TOP10,NEAR/USDT,2026-07-31T18:00:00+00:00,2026-08-01T18:00:00+00:00,1.702,1.66,78.00000000,73.00000000,100.00000000,0.10000000,0.09753231,-2.46768508,-2.66521739,-2.66521739,24H
REMOVE_TOP10,MUBARAK/USDT,2026-08-01T09:00:00+00:00,2026-08-01T19:00:00+00:00,0.01303,0.0121,81.00000000,80.00000000,100.00000000,0.10000000,0.09286262,-7.13737529,-7.33023791,-7.33023791,STOP_LOSS
REMOVE_TOP10,EUR/USDT,2026-07-31T20:00:00+00:00,2026-08-01T20:00:00+00:00,1.1535,1.1531,84.00000000,84.00000000,100.00000000,0.10000000,0.09996532,-0.03467707,-0.23464239,-0.23464239,24H
REMOVE_TOP10,HOME/USDT,2026-08-01T18:00:00+00:00,2026-08-02T01:00:00+00:00,0.00604,0.00672,89.00000000,89.00000000,100.00000000,0.10000000,0.11125828,11.25827815,11.04701987,11.04701987,TAKE_PROFIT
REMOVE_TOP10,TAO/USDT,2026-08-01T03:00:00+00:00,2026-08-02T03:00:00+00:00,197.7,194.1,89.00000000,88.00000000,100.00000000,0.10000000,0.09817906,-1.82094082,-2.01911988,-2.01911988,24H
REMOVE_TOP10,PUMP/USDT,2026-08-02T01:00:00+00:00,2026-08-02T10:00:00+00:00,0.002265,0.002146,95.00000000,100.00000000,100.00000000,0.10000000,0.09474614,-5.25386313,-5.44860927,-5.44860927,STOP_LOSS
REMOVE_TOP10,TUT/USDT,2026-08-01T11:00:00+00:00,2026-08-02T11:00:00+00:00,0.01758,0.01742,90.00000000,100.00000000,100.00000000,0.10000000,0.09908987,-0.91012514,-1.10921502,-1.10921502,24H
REMOVE_TOP10,KAITO/USDT,2026-08-01T18:00:00+00:00,2026-08-02T13:00:00+00:00,1.2084,1.0894,95.00000000,100.00000000,100.00000000,0.10000000,0.09015227,-9.84773254,-10.03788481,-10.03788481,STOP_LOSS
REMOVE_TOP10,PEPE/USDT,2026-08-01T16:00:00+00:00,2026-08-02T16:00:00+00:00,2.78e-06,2.91e-06,87.00000000,87.00000000,100.00000000,0.10000000,0.10467626,4.67625899,4.47158273,4.47158273,24H
REMOVE_TOP10,ALPINE/USDT,2026-08-01T17:00:00+00:00,2026-08-02T17:00:00+00:00,0.328,0.319,93.00000000,98.00000000,100.00000000,0.10000000,0.09725610,-2.74390244,-2.94115854,-2.94115854,24H
REMOVE_TOP10,DOT/USDT,2026-08-01T17:00:00+00:00,2026-08-02T17:00:00+00:00,0.775,0.798,81.00000000,81.00000000,100.00000000,0.10000000,0.10296774,2.96774194,2.76477419,2.76477419,24H
REMOVE_TOP10,HOME/USDT,2026-08-02T10:00:00+00:00,2026-08-02T17:00:00+00:00,0.00784,0.00898,95.00000000,92.00000000,100.00000000,0.10000000,0.11454082,14.54081633,14.32627551,14.32627551,TAKE_PROFIT
REMOVE_TOP10,ARB/USDT,2026-08-01T19:00:00+00:00,2026-08-02T19:00:00+00:00,0.0785,0.0816,81.00000000,81.00000000,100.00000000,0.10000000,0.10394904,3.94904459,3.74509554,3.74509554,24H
REMOVE_TOP10,ADA/USDT,2026-08-01T20:00:00+00:00,2026-08-02T20:00:00+00:00,0.1732,0.1874,72.00000000,59.00000000,100.00000000,0.10000000,0.10819861,8.19861432,7.99041570,7.99041570,24H
REMOVE_TOP10,EWYB/USDT,2026-08-02T03:00:00+00:00,2026-08-03T03:00:00+00:00,160.35,161.16,89.00000000,89.00000000,100.00000000,0.10000000,0.10050514,0.50514500,0.30463985,0.30463985,24H
REMOVE_TOP10,TUT/USDT,2026-08-02T20:00:00+00:00,2026-08-03T07:00:00+00:00,0.01766,0.01954,78.00000000,65.00000000,100.00000000,0.10000000,0.11064553,10.64552661,10.43488109,10.43488109,TAKE_PROFIT
REMOVE_TOP10,SKHYB/USDT,2026-08-02T17:00:00+00:00,2026-08-03T10:00:00+00:00,148.35,140.28,84.00000000,84.00000000,100.00000000,0.10000000,0.09456016,-5.43983822,-5.63439838,-5.63439838,STOP_LOSS
REMOVE_TOP10,MUB/USDT,2026-08-02T17:00:00+00:00,2026-08-03T10:00:00+00:00,849.37,805.57,81.00000000,80.00000000,100.00000000,0.10000000,0.09484324,-5.15676325,-5.35160648,-5.35160648,STOP_LOSS
REMOVE_TOP10,EUR/USDT,2026-08-02T11:00:00+00:00,2026-08-03T11:00:00+00:00,1.1541,1.1544,87.00000000,87.00000000,100.00000000,0.10000000,0.10002599,0.02599428,-0.17403171,-0.17403171,24H
REMOVE_TOP10,KORUB/USDT,2026-08-02T17:00:00+00:00,2026-08-03T11:00:00+00:00,15.66,14.58,81.00000000,81.00000000,100.00000000,0.10000000,0.09310345,-6.89655172,-7.08965517,-7.08965517,STOP_LOSS
REMOVE_TOP10,FIL/USDT,2026-08-02T13:00:00+00:00,2026-08-03T13:00:00+00:00,0.72,0.7249,84.00000000,84.00000000,100.00000000,0.10000000,0.10068056,0.68055556,0.47987500,0.47987500,24H
REMOVE_TOP10,BICO/USDT,2026-08-03T10:00:00+00:00,2026-08-03T13:00:00+00:00,0.01749,0.01962,90.00000000,92.00000000,100.00000000,0.10000000,0.11217839,12.17838765,11.96620926,11.96620926,TAKE_PROFIT
REMOVE_TOP10,ALLO/USDT,2026-08-03T11:00:00+00:00,2026-08-03T13:00:00+00:00,0.292,0.2598,89.00000000,89.00000000,100.00000000,0.10000000,0.08897260,-11.02739726,-11.21636986,-11.21636986,STOP_LOSS
REMOVE_TOP10,MUBARAK/USDT,2026-08-02T16:00:00+00:00,2026-08-03T16:00:00+00:00,0.01273,0.01266,92.00000000,97.00000000,100.00000000,0.10000000,0.09945012,-0.54988217,-0.74933229,-0.74933229,24H
REMOVE_TOP10,NEAR/USDT,2026-08-02T19:00:00+00:00,2026-08-03T19:00:00+00:00,1.707,1.742,84.00000000,84.00000000,100.00000000,0.10000000,0.10205038,2.05038079,1.84833040,1.84833040,24H
REMOVE_TOP10,USD1/USDT,2026-08-03T03:00:00+00:00,2026-08-04T03:00:00+00:00,1.00003,1.00004,84.00000000,84.00000000,100.00000000,0.10000000,0.10000100,0.00099997,-0.19900103,-0.19900103,24H
REMOVE_TOP10,HOME/USDT,2026-08-03T16:00:00+00:00,2026-08-04T03:00:00+00:00,0.00781,0.00728,95.00000000,100.00000000,100.00000000,0.10000000,0.09321383,-6.78617157,-6.97938540,-6.97938540,STOP_LOSS
REMOVE_TOP10,BMT/USDT,2026-08-03T07:00:00+00:00,2026-08-04T07:00:00+00:00,0.0119,0.01181,92.00000000,97.00000000,100.00000000,0.10000000,0.09924370,-0.75630252,-0.95554622,-0.95554622,24H
REMOVE_TOP10,HOME/USDT,2026-08-04T07:00:00+00:00,2026-08-04T08:00:00+00:00,0.00949,0.00878,87.00000000,84.00000000,100.00000000,0.10000000,0.09251844,-7.48155954,-7.67407798,-7.67407798,STOP_LOSS
REMOVE_TOP10,ENA/USDT,2026-08-03T10:00:00+00:00,2026-08-04T10:00:00+00:00,0.09,0.091,95.00000000,100.00000000,100.00000000,0.10000000,0.10111111,1.11111111,0.91000000,0.91000000,24H
REMOVE_TOP10,ADA/USDT,2026-08-03T11:00:00+00:00,2026-08-04T11:00:00+00:00,0.1865,0.1945,89.00000000,88.00000000,100.00000000,0.10000000,0.10428954,4.28954424,4.08525469,4.08525469,24H
REMOVE_TOP10,PEPE/USDT,2026-08-03T13:00:00+00:00,2026-08-04T13:00:00+00:00,2.91e-06,2.89e-06,95.00000000,100.00000000,100.00000000,0.10000000,0.09931271,-0.68728522,-0.88659794,-0.88659794,24H
REMOVE_TOP10,RARE/USDT,2026-08-03T13:00:00+00:00,2026-08-04T13:00:00+00:00,0.01207,0.01172,89.00000000,89.00000000,100.00000000,0.10000000,0.09710025,-2.89975145,-3.09685170,-3.09685170,24H
REMOVE_TOP10,BNB/USDT,2026-08-03T13:00:00+00:00,2026-08-04T13:00:00+00:00,588.21,589.18,87.00000000,87.00000000,100.00000000,0.10000000,0.10016491,0.16490709,-0.03525782,-0.03525782,24H
REMOVE_TOP10,BICO/USDT,2026-08-04T08:00:00+00:00,2026-08-04T16:00:00+00:00,0.01799,0.02055,89.00000000,80.00000000,100.00000000,0.10000000,0.11423013,14.23012785,14.01589772,14.01589772,TAKE_PROFIT
REMOVE_TOP10,PUMP/USDT,2026-08-03T19:00:00+00:00,2026-08-04T19:00:00+00:00,0.002184,0.002402,89.00000000,88.00000000,100.00000000,0.10000000,0.10998168,9.98168498,9.77170330,9.77170330,24H
REMOVE_TOP10,ACE/USDT,2026-08-04T10:00:00+00:00,2026-08-05T01:00:00+00:00,0.0671,0.0742,89.00000000,89.00000000,100.00000000,0.10000000,0.11058122,10.58122206,10.37064083,10.37064083,TAKE_PROFIT
REMOVE_TOP10,ARB/USDT,2026-08-04T03:00:00+00:00,2026-08-05T03:00:00+00:00,0.0831,0.0806,84.00000000,84.00000000,100.00000000,0.10000000,0.09699158,-3.00842359,-3.20541516,-3.20541516,24H
REMOVE_TOP10,DOT/USDT,2026-08-04T03:00:00+00:00,2026-08-05T03:00:00+00:00,0.84,0.846,82.00000000,86.00000000,100.00000000,0.10000000,0.10071429,0.71428571,0.51357143,0.51357143,24H
REMOVE_TOP10,KORUB/USDT,2026-08-05T01:00:00+00:00,2026-08-05T08:00:00+00:00,19.11,18.07,92.00000000,97.00000000,100.00000000,0.10000000,0.09455782,-5.44217687,-5.63673469,-5.63673469,STOP_LOSS
REMOVE_TOP10,BMT/USDT,2026-08-04T11:00:00+00:00,2026-08-05T11:00:00+00:00,0.0119,0.0124,90.00000000,95.00000000,100.00000000,0.10000000,0.10420168,4.20168067,3.99747899,3.99747899,24H
REMOVE_TOP10,EWYB/USDT,2026-08-04T13:00:00+00:00,2026-08-05T13:00:00+00:00,168.08,171.47,95.00000000,100.00000000,100.00000000,0.10000000,0.10201690,2.01689672,1.81487982,1.81487982,24H
REMOVE_TOP10,PORTAL/USDT,2026-08-04T13:00:00+00:00,2026-08-05T13:00:00+00:00,0.01059,0.01086,95.00000000,100.00000000,100.00000000,0.10000000,0.10254958,2.54957507,2.34702550,2.34702550,24H
REMOVE_TOP10,SNDKB/USDT,2026-08-04T13:00:00+00:00,2026-08-05T13:00:00+00:00,1383.52,1438.45,95.00000000,100.00000000,100.00000000,0.10000000,0.10397031,3.97030762,3.76633731,3.76633731,24H
REMOVE_TOP10,MUBARAK/USDT,2026-08-04T16:00:00+00:00,2026-08-05T16:00:00+00:00,0.01305,0.01317,95.00000000,100.00000000,100.00000000,0.10000000,0.10091954,0.91954023,0.71862069,0.71862069,24H
REMOVE_TOP10,CHIP/USDT,2026-08-04T19:00:00+00:00,2026-08-05T19:00:00+00:00,0.02539,0.02483,86.00000000,86.00000000,100.00000000,0.10000000,0.09779441,-2.20559275,-2.40338716,-2.40338716,24H
REMOVE_TOP10,SNXXB/USDT,2026-08-05T16:00:00+00:00,2026-08-05T19:00:00+00:00,12.64,11.41,95.00000000,100.00000000,100.00000000,0.10000000,0.09026899,-9.73101266,-9.92128165,-9.92128165,STOP_LOSS
REMOVE_TOP10,FET/USDT,2026-08-05T05:00:00+00:00,2026-08-05T21:00:00+00:00,0.1517,0.1423,87.00000000,92.00000000,100.00000000,0.10000000,0.09380356,-6.19644034,-6.39024390,-6.39024390,STOP_LOSS
REMOVE_TOP10,KORUB/USDT,2026-08-05T13:00:00+00:00,2026-08-05T21:00:00+00:00,19.25,18.09,95.00000000,100.00000000,100.00000000,0.10000000,0.09397403,-6.02597403,-6.21994805,-6.21994805,STOP_LOSS
REMOVE_TOP10,MUB/USDT,2026-08-05T13:00:00+00:00,2026-08-06T01:00:00+00:00,919,871.04,95.00000000,100.00000000,100.00000000,0.10000000,0.09478128,-5.21871600,-5.41349728,-5.41349728,STOP_LOSS
REMOVE_TOP10,ZEC/USDT,2026-08-05T03:00:00+00:00,2026-08-06T03:00:00+00:00,512.98,509.38,87.00000000,86.00000000,100.00000000,0.10000000,0.09929822,-0.70178175,-0.90107996,-0.90107996,24H
REMOVE_TOP10,HEMI/USDT,2026-08-05T05:00:00+00:00,2026-08-06T05:00:00+00:00,0.00482,0.005,95.00000000,100.00000000,100.00000000,0.10000000,0.10373444,3.73443983,3.53070539,3.53070539,24H
REMOVE_TOP10,MUBARAK/USDT,2026-08-05T21:00:00+00:00,2026-08-06T05:00:00+00:00,0.01397,0.01324,95.00000000,100.00000000,100.00000000,0.10000000,0.09477452,-5.22548318,-5.42025770,-5.42025770,STOP_LOSS
REMOVE_TOP10,BICO/USDT,2026-08-06T05:00:00+00:00,2026-08-06T06:00:00+00:00,0.02993,0.0283,89.00000000,80.00000000,100.00000000,0.10000000,0.09455396,-5.44604076,-5.64059472,-5.64059472,STOP_LOSS
REMOVE_TOP10,ADA/USDT,2026-08-05T08:00:00+00:00,2026-08-06T08:00:00+00:00,0.1939,0.1895,87.00000000,86.00000000,100.00000000,0.10000000,0.09773079,-2.26921093,-2.46694172,-2.46694172,24H
REMOVE_TOP10,EWYB/USDT,2026-08-05T13:00:00+00:00,2026-08-06T10:00:00+00:00,171.47,162.5,95.00000000,100.00000000,100.00000000,0.10000000,0.09476876,-5.23123578,-5.42600455,-5.42600455,STOP_LOSS
REMOVE_TOP10,EURI/USDT,2026-08-05T11:00:00+00:00,2026-08-06T11:00:00+00:00,1.1558,1.1549,87.00000000,87.00000000,100.00000000,0.10000000,0.09992213,-0.07786814,-0.27779028,-0.27779028,24H
REMOVE_TOP10,HOME/USDT,2026-08-06T08:00:00+00:00,2026-08-06T11:00:00+00:00,0.00933,0.01049,89.00000000,88.00000000,100.00000000,0.10000000,0.11243301,12.43301179,12.22057878,12.22057878,TAKE_PROFIT
REMOVE_TOP10,HOME/USDT,2026-08-06T11:00:00+00:00,2026-08-06T15:00:00+00:00,0.01049,0.00972,95.00000000,92.00000000,100.00000000,0.10000000,0.09265968,-7.34032412,-7.53298379,-7.53298379,STOP_LOSS
REMOVE_TOP10,PORTAL/USDT,2026-08-05T19:00:00+00:00,2026-08-06T16:00:00+00:00,0.01125,0.01264,95.00000000,100.00000000,100.00000000,0.10000000,0.11235556,12.35555556,12.14320000,12.14320000,TAKE_PROFIT
REMOVE_TOP10,MSTRB/USDT,2026-08-05T19:00:00+00:00,2026-08-06T19:00:00+00:00,98.4,96.84,89.00000000,88.00000000,100.00000000,0.10000000,0.09841463,-1.58536585,-1.78378049,-1.78378049,24H
REMOVE_TOP10,FDUSD/USDT,2026-08-06T01:00:00+00:00,2026-08-07T01:00:00+00:00,0.9982,0.9982,87.00000000,87.00000000,100.00000000,0.10000000,0.10000000,0.00000000,-0.20000000,-0.20000000,24H
REMOVE_TOP10,BMT/USDT,2026-08-06T03:00:00+00:00,2026-08-07T03:00:00+00:00,0.01246,0.01269,93.00000000,98.00000000,100.00000000,0.10000000,0.10184591,1.84590690,1.64406100,1.64406100,24H
REMOVE_TOP10,ONG/USDT,2026-08-06T05:00:00+00:00,2026-08-07T05:00:00+00:00,0.04253,0.04273,89.00000000,89.00000000,100.00000000,0.10000000,0.10047026,0.47025629,0.26978603,0.26978603,24H
REMOVE_TOP10,ENA/USDT,2026-08-06T06:00:00+00:00,2026-08-07T06:00:00+00:00,0.0925,0.093,89.00000000,88.00000000,100.00000000,0.10000000,0.10054054,0.54054054,0.34000000,0.34000000,24H
REMOVE_TOP10,TUT/USDT,2026-08-07T03:00:00+00:00,2026-08-07T06:00:00+00:00,0.02763,0.03044,95.00000000,100.00000000,100.00000000,0.10000000,0.11017010,10.17010496,9.95993485,9.95993485,TAKE_PROFIT
REMOVE_TOP10,ACE/USDT,2026-08-07T06:00:00+00:00,2026-08-07T07:00:00+00:00,0.1362,0.1578,89.00000000,80.00000000,100.00000000,0.10000000,0.11585903,15.85903084,15.64317181,15.64317181,TAKE_PROFIT
REMOVE_TOP10,GPS/USDT,2026-08-06T10:00:00+00:00,2026-08-07T10:00:00+00:00,0.0095,0.00956,90.00000000,95.00000000,100.00000000,0.10000000,0.10063158,0.63157895,0.43094737,0.43094737,24H
REMOVE_TOP10,EDEN/USDT,2026-08-06T11:00:00+00:00,2026-08-07T11:00:00+00:00,0.0395,0.04135,89.00000000,89.00000000,100.00000000,0.10000000,0.10468354,4.68354430,4.47886076,4.47886076,24H
REMOVE_TOP10,TUT/USDT,2026-08-07T07:00:00+00:00,2026-08-07T11:00:00+00:00,0.03089,0.03468,92.00000000,97.00000000,100.00000000,0.10000000,0.11226934,12.26934283,12.05707349,12.05707349,TAKE_PROFIT
REMOVE_TOP10,CRCLB/USDT,2026-08-06T15:00:00+00:00,2026-08-07T15:00:00+00:00,65.41,66.78,95.00000000,100.00000000,100.00000000,0.10000000,0.10209448,2.09448097,1.89238649,1.89238649,24H
REMOVE_TOP10,BICO/USDT,2026-08-07T11:00:00+00:00,2026-08-07T15:00:00+00:00,0.04798,0.05296,92.00000000,89.00000000,100.00000000,0.10000000,0.11037932,10.37932472,10.16894539,10.16894539,TAKE_PROFIT
REMOVE_TOP10,ADA/USDT,2026-08-06T16:00:00+00:00,2026-08-07T16:00:00+00:00,0.2068,0.1993,90.00000000,100.00000000,100.00000000,0.10000000,0.09637331,-3.62669246,-3.82306576,-3.82306576,24H
REMOVE_TOP10,PUMP/USDT,2026-08-06T19:00:00+00:00,2026-08-07T19:00:00+00:00,0.00238,0.002347,84.00000000,84.00000000,100.00000000,0.10000000,0.09861345,-1.38655462,-1.58516807,-1.58516807,24H
REMOVE_TOP10,HEMI/USDT,2026-08-07T10:00:00+00:00,2026-08-07T21:00:00+00:00,0.00541,0.00512,92.00000000,97.00000000,100.00000000,0.10000000,0.09463956,-5.36044362,-5.55508318,-5.55508318,STOP_LOSS
REMOVE_TOP10,OPN/USDT,2026-08-07T01:00:00+00:00,2026-08-08T01:00:00+00:00,0.0532,0.0521,81.00000000,80.00000000,100.00000000,0.10000000,0.09793233,-2.06766917,-2.26560150,-2.26560150,24H
REMOVE_TOP10,BICO/USDT,2026-08-07T15:00:00+00:00,2026-08-08T03:00:00+00:00,0.05296,0.05893,89.00000000,80.00000000,100.00000000,0.10000000,0.11127266,11.27265861,11.06138595,11.06138595,TAKE_PROFIT
REMOVE_TOP10,TUT/USDT,2026-08-07T19:00:00+00:00,2026-08-08T03:00:00+00:00,0.03734,0.04283,89.00000000,80.00000000,100.00000000,0.10000000,0.11470273,14.70273166,14.48802892,14.48802892,TAKE_PROFIT
REMOVE_TOP10,RARE/USDT,2026-08-07T05:00:00+00:00,2026-08-08T05:00:00+00:00,0.0127,0.01232,90.00000000,100.00000000,100.00000000,0.10000000,0.09700787,-2.99212598,-3.18913386,-3.18913386,24H
REMOVE_TOP10,PAXG/USDT,2026-08-07T06:00:00+00:00,2026-08-08T06:00:00+00:00,4291.5,4337.99,90.00000000,95.00000000,100.00000000,0.10000000,0.10108330,1.08330421,0.88222090,0.88222090,24H
REMOVE_TOP10,BMT/USDT,2026-08-07T07:00:00+00:00,2026-08-08T07:00:00+00:00,0.01297,0.01277,92.00000000,97.00000000,100.00000000,0.10000000,0.09845798,-1.54202005,-1.74047803,-1.74047803,24H
REMOVE_TOP10,MSTRB/USDT,2026-08-07T11:00:00+00:00,2026-08-08T11:00:00+00:00,98.72,101.15,93.00000000,98.00000000,100.00000000,0.10000000,0.10246151,2.46150729,2.25904579,2.25904579,24H
REMOVE_TOP10,RE/USDT,2026-08-08T05:00:00+00:00,2026-08-08T11:00:00+00:00,0.4102,0.4529,89.00000000,89.00000000,100.00000000,0.10000000,0.11040956,10.40955631,10.19914676,10.19914676,TAKE_PROFIT
REMOVE_TOP10,LTC/USDT,2026-08-07T15:00:00+00:00,2026-08-08T15:00:00+00:00,45.96,45.88,90.00000000,95.00000000,100.00000000,0.10000000,0.09982594,-0.17406440,-0.37389034,-0.37389034,24H
REMOVE_TOP10,GPS/USDT,2026-08-07T16:00:00+00:00,2026-08-08T16:00:00+00:00,0.00987,0.00982,90.00000000,95.00000000,100.00000000,0.10000000,0.09949341,-0.50658561,-0.70607903,-0.70607903,24H
REMOVE_TOP10,ACE/USDT,2026-08-08T15:00:00+00:00,2026-08-08T16:00:00+00:00,0.1407,0.1584,95.00000000,92.00000000,100.00000000,0.10000000,0.11257996,12.57995736,12.36737740,12.36737740,TAKE_PROFIT
REMOVE_TOP10,BCH/USDT,2026-08-07T21:00:00+00:00,2026-08-08T21:00:00+00:00,215.8,216.4,81.00000000,80.00000000,100.00000000,0.10000000,0.10027804,0.27803522,0.07775718,0.07775718,24H
REMOVE_TOP10,BICO/USDT,2026-08-08T03:00:00+00:00,2026-08-09T00:00:00+00:00,0.05893,0.06662,89.00000000,80.00000000,100.00000000,0.10000000,0.11304938,13.04938062,12.83633124,12.83633124,TAKE_PROFIT
REMOVE_TOP10,ALPINE/USDT,2026-08-08T01:00:00+00:00,2026-08-09T01:00:00+00:00,0.321,0.334,87.00000000,87.00000000,100.00000000,0.10000000,0.10404984,4.04984424,3.84579439,3.84579439,24H
REMOVE_TOP10,OPN/USDT,2026-08-08T03:00:00+00:00,2026-08-09T03:00:00+00:00,0.0536,0.0541,89.00000000,88.00000000,100.00000000,0.10000000,0.10093284,0.93283582,0.73190299,0.73190299,24H
REMOVE_TOP10,MUBARAK/USDT,2026-08-08T11:00:00+00:00,2026-08-09T04:00:00+00:00,0.01469,0.01668,93.00000000,98.00000000,100.00000000,0.10000000,0.11354663,13.54663036,13.33308373,13.33308373,TAKE_PROFIT
REMOVE_TOP10,TAO/USDT,2026-08-08T06:00:00+00:00,2026-08-09T06:00:00+00:00,197.4,205.4,90.00000000,95.00000000,100.00000000,0.10000000,0.10405268,4.05268490,3.84863222,3.84863222,24H
REMOVE_TOP10,RARE/USDT,2026-08-08T07:00:00+00:00,2026-08-09T07:00:00+00:00,0.01242,0.01339,93.00000000,98.00000000,100.00000000,0.10000000,0.10780998,7.80998390,7.60217391,7.60217391,24H
REMOVE_TOP10,BICO/USDT,2026-08-09T00:00:00+00:00,2026-08-09T08:00:00+00:00,0.06662,0.05181,92.00000000,89.00000000,100.00000000,0.10000000,0.07776944,-22.23056139,-22.40833083,-22.40833083,STOP_LOSS
REMOVE_TOP10,MUBARAK/USDT,2026-08-09T07:00:00+00:00,2026-08-09T10:00:00+00:00,0.0179,0.02001,95.00000000,92.00000000,100.00000000,0.10000000,0.11178771,11.78770950,11.57592179,11.57592179,TAKE_PROFIT
REMOVE_TOP10,HEMI/USDT,2026-08-08T11:00:00+00:00,2026-08-09T11:00:00+00:00,0.00536,0.00553,92.00000000,97.00000000,100.00000000,0.10000000,0.10317164,3.17164179,2.96847015,2.96847015,24H
REMOVE_TOP10,MUBARAK/USDT,2026-08-09T11:00:00+00:00,2026-08-09T12:00:00+00:00,0.01966,0.01844,89.00000000,80.00000000,100.00000000,0.10000000,0.09379451,-6.20549339,-6.39928789,-6.39928789,STOP_LOSS
REMOVE_TOP10,BEL/USDT,2026-08-08T16:00:00+00:00,2026-08-09T16:00:00+00:00,0.1078,0.1117,90.00000000,95.00000000,100.00000000,0.10000000,0.10361781,3.61781076,3.41419295,3.41419295,24H
REMOVE_TOP10,ONG/USDT,2026-08-08T16:00:00+00:00,2026-08-09T16:00:00+00:00,0.04311,0.04355,90.00000000,95.00000000,100.00000000,0.10000000,0.10102064,1.02064486,0.81962422,0.81962422,24H
REMOVE_TOP10,PORTAL/USDT,2026-08-08T21:00:00+00:00,2026-08-09T21:00:00+00:00,0.01177,0.01148,90.00000000,100.00000000,100.00000000,0.10000000,0.09753611,-2.46389125,-2.66142736,-2.66142736,24H
REMOVE_TOP10,PLUME/USDT,2026-08-09T01:00:00+00:00,2026-08-10T01:00:00+00:00,0.01205,0.01221,85.00000000,87.00000000,100.00000000,0.10000000,0.10132780,1.32780083,1.12647303,1.12647303,24H
REMOVE_TOP10,TREE/USDT,2026-08-09T03:00:00+00:00,2026-08-10T03:00:00+00:00,0.0375,0.0375,90.00000000,95.00000000,100.00000000,0.10000000,0.10000000,0.00000000,-0.20000000,-0.20000000,24H
REMOVE_TOP10,EURI/USDT,2026-08-09T04:00:00+00:00,2026-08-10T04:00:00+00:00,1.1559,1.1554,84.00000000,84.00000000,100.00000000,0.10000000,0.09995674,-0.04325634,-0.24321308,-0.24321308,24H
REMOVE_TOP10,ALPINE/USDT,2026-08-09T06:00:00+00:00,2026-08-10T06:00:00+00:00,0.336,0.331,90.00000000,95.00000000,100.00000000,0.10000000,0.09851190,-1.48809524,-1.68660714,-1.68660714,24H
REMOVE_TOP10,ZEC/USDT,2026-08-09T09:00:00+00:00,2026-08-10T09:00:00+00:00,521.11,504.51,95.00000000,100.00000000,100.00000000,0.10000000,0.09681449,-3.18550786,-3.38232235,-3.38232235,24H
REMOVE_TOP10,HEMI/USDT,2026-08-09T21:00:00+00:00,2026-08-10T09:00:00+00:00,0.00562,0.00525,90.00000000,95.00000000,100.00000000,0.10000000,0.09341637,-6.58362989,-6.77704626,-6.77704626,STOP_LOSS
REMOVE_TOP10,XAUT/USDT,2026-08-09T10:00:00+00:00,2026-08-10T10:00:00+00:00,4333.24,4316.43,87.00000000,87.00000000,100.00000000,0.10000000,0.09961207,-0.38793143,-0.58754350,-0.58754350,24H
REMOVE_TOP10,SOXLB/USDT,2026-08-09T12:00:00+00:00,2026-08-10T12:00:00+00:00,142.46,140.05,87.00000000,87.00000000,100.00000000,0.10000000,0.09830830,-1.69170293,-1.89001123,-1.89001123,24H
REMOVE_TOP10,CRCLB/USDT,2026-08-09T16:00:00+00:00,2026-08-10T16:00:00+00:00,68.32,65.86,90.00000000,95.00000000,100.00000000,0.10000000,0.09639930,-3.60070258,-3.79710187,-3.79710187,24H
REMOVE_TOP10,TRUMP/USDT,2026-08-09T16:00:00+00:00,2026-08-10T16:00:00+00:00,1.521,1.486,90.00000000,100.00000000,100.00000000,0.10000000,0.09769888,-2.30111769,-2.49881657,-2.49881657,24H
REMOVE_TOP10,RE/USDT,2026-08-10T10:00:00+00:00,2026-08-10T20:00:00+00:00,0.4269,0.4044,89.00000000,89.00000000,100.00000000,0.10000000,0.09472944,-5.27055517,-5.46528461,-5.46528461,STOP_LOSS
REMOVE_TOP10,ALLO/USDT,2026-08-10T16:00:00+00:00,2026-08-10T22:00:00+00:00,0.3267,0.3081,95.00000000,100.00000000,100.00000000,0.10000000,0.09430670,-5.69329660,-5.88760331,-5.88760331,STOP_LOSS
REMOVE_TOP10,PLUME/USDT,2026-08-10T01:00:00+00:00,2026-08-11T01:00:00+00:00,0.01221,0.01225,93.00000000,98.00000000,100.00000000,0.10000000,0.10032760,0.32760033,0.12727273,0.12727273,24H
REMOVE_TOP10,EDEN/USDT,2026-08-10T03:00:00+00:00,2026-08-11T03:00:00+00:00,0.04498,0.04385,89.00000000,88.00000000,100.00000000,0.10000000,0.09748777,-2.51222766,-2.70971543,-2.70971543,24H
REMOVE_TOP10,TREE/USDT,2026-08-10T04:00:00+00:00,2026-08-11T04:00:00+00:00,0.0377,0.0364,90.00000000,95.00000000,100.00000000,0.10000000,0.09655172,-3.44827586,-3.64482759,-3.64482759,24H
REMOVE_TOP10,SPCXB/USDT,2026-08-10T09:00:00+00:00,2026-08-11T09:00:00+00:00,136.24,136.9,93.00000000,98.00000000,100.00000000,0.10000000,0.10048444,0.48443922,0.28395479,0.28395479,24H
REMOVE_TOP10,WLD/USDT,2026-08-10T09:00:00+00:00,2026-08-11T09:00:00+00:00,0.343,0.3358,90.00000000,95.00000000,100.00000000,0.10000000,0.09790087,-2.09912536,-2.29702624,-2.29702624,24H
REMOVE_TOP10,RARE/USDT,2026-08-10T20:00:00+00:00,2026-08-11T09:00:00+00:00,0.01368,0.01212,87.00000000,86.00000000,100.00000000,0.10000000,0.08859649,-11.40350877,-11.59210526,-11.59210526,STOP_LOSS
REMOVE_TOP10,POL/USDT,2026-08-10T12:00:00+00:00,2026-08-11T12:00:00+00:00,0.07806,0.07553,83.00000000,75.00000000,100.00000000,0.10000000,0.09675890,-3.24109659,-3.43785550,-3.43785550,24H
REMOVE_TOP10,PORTAL/USDT,2026-08-10T15:00:00+00:00,2026-08-11T14:00:00+00:00,0.01185,0.01116,95.00000000,100.00000000,100.00000000,0.10000000,0.09417722,-5.82278481,-6.01696203,-6.01696203,STOP_LOSS
REMOVE_TOP10,PAXG/USDT,2026-08-10T16:00:00+00:00,2026-08-11T16:00:00+00:00,4348.17,4380.62,87.00000000,87.00000000,100.00000000,0.10000000,0.10074629,0.74629097,0.54554468,0.54554468,24H
REMOVE_TOP10,GIGGLE/USDT,2026-08-11T12:00:00+00:00,2026-08-11T20:00:00+00:00,35.3,38.86,92.00000000,97.00000000,100.00000000,0.10000000,0.11008499,10.08498584,9.87490085,9.87490085,TAKE_PROFIT
REMOVE_TOP10,PUMP/USDT,2026-08-10T22:00:00+00:00,2026-08-11T22:00:00+00:00,0.002809,0.002705,87.00000000,86.00000000,100.00000000,0.10000000,0.09629761,-3.70238519,-3.89868281,-3.89868281,24H
REMOVE_TOP10,LINK/USDT,2026-08-11T01:00:00+00:00,2026-08-12T01:00:00+00:00,8.428,8.787,93.00000000,98.00000000,100.00000000,0.10000000,0.10425961,4.25961082,4.05535121,4.05535121,24H
REMOVE_TOP10,TRUMP/USDT,2026-08-11T03:00:00+00:00,2026-08-12T03:00:00+00:00,1.518,1.49,95.00000000,100.00000000,100.00000000,0.10000000,0.09815547,-1.84453228,-2.04268775,-2.04268775,24H
REMOVE_TOP10,ENA/USDT,2026-08-11T04:00:00+00:00,2026-08-12T04:00:00+00:00,0.0903,0.0898,90.00000000,95.00000000,100.00000000,0.10000000,0.09944629,-0.55370986,-0.75315615,-0.75315615,24H
REMOVE_TOP10,BNB/USDT,2026-08-11T09:00:00+00:00,2026-08-12T09:00:00+00:00,607.19,613.7,87.00000000,86.00000000,100.00000000,0.10000000,0.10107215,1.07215204,0.87107989,0.87107989,24H
REMOVE_TOP10,DOGE/USDT,2026-08-11T09:00:00+00:00,2026-08-12T09:00:00+00:00,0.07059,0.07204,84.00000000,84.00000000,100.00000000,0.10000000,0.10205412,2.05411531,1.85206120,1.85206120,24H
REMOVE_TOP10,EDEN/USDT,2026-08-11T09:00:00+00:00,2026-08-12T09:00:00+00:00,0.04421,0.04442,84.00000000,83.00000000,100.00000000,0.10000000,0.10047501,0.47500565,0.27453065,0.27453065,24H
REMOVE_TOP10,KORUB/USDT,2026-08-11T14:00:00+00:00,2026-08-12T12:00:00+00:00,17.95,19.83,89.00000000,88.00000000,100.00000000,0.10000000,0.11047354,10.47353760,10.26306407,10.26306407,TAKE_PROFIT
REMOVE_TOP10,CRCLB/USDT,2026-08-11T16:00:00+00:00,2026-08-12T16:00:00+00:00,71.09,70.03,84.00000000,88.00000000,100.00000000,0.10000000,0.09850893,-1.49106766,-1.68957659,-1.68957659,24H
REMOVE_TOP10,SOL/USDT,2026-08-11T20:00:00+00:00,2026-08-12T20:00:00+00:00,76.05,75.93,80.00000000,82.00000000,100.00000000,0.10000000,0.09984221,-0.15779093,-0.35763314,-0.35763314,24H
REMOVE_TOP10,HOME/USDT,2026-08-11T22:00:00+00:00,2026-08-12T22:00:00+00:00,0.00922,0.00935,82.00000000,84.00000000,100.00000000,0.10000000,0.10140998,1.40997831,1.20856833,1.20856833,24H
REMOVE_TOP10,WLD/USDT,2026-08-12T01:00:00+00:00,2026-08-13T01:00:00+00:00,0.3406,0.3298,90.00000000,95.00000000,100.00000000,0.10000000,0.09682913,-3.17087493,-3.36770405,-3.36770405,24H
REMOVE_TOP10,RE/USDT,2026-08-12T03:00:00+00:00,2026-08-13T03:00:00+00:00,0.435,0.4353,89.00000000,88.00000000,100.00000000,0.10000000,0.10006897,0.06896552,-0.13110345,-0.13110345,24H
REMOVE_TOP10,GRAM/USDT,2026-08-12T04:00:00+00:00,2026-08-13T04:00:00+00:00,1.361,1.338,81.00000000,80.00000000,100.00000000,0.10000000,0.09831007,-1.68993387,-1.88824394,-1.88824394,24H
REMOVE_TOP10,HOME/USDT,2026-08-12T22:00:00+00:00,2026-08-13T06:00:00+00:00,0.00935,0.01036,79.00000000,75.00000000,100.00000000,0.10000000,0.11080214,10.80213904,10.59133690,10.59133690,TAKE_PROFIT
REMOVE_TOP10,GPS/USDT,2026-08-12T09:00:00+00:00,2026-08-13T09:00:00+00:00,0.00981,0.01014,90.00000000,100.00000000,100.00000000,0.10000000,0.10336391,3.36391437,3.16055046,3.16055046,24H
REMOVE_TOP10,PAXG/USDT,2026-08-12T09:00:00+00:00,2026-08-13T09:00:00+00:00,4413.47,4383.36,84.00000000,83.00000000,100.00000000,0.10000000,0.09931777,-0.68222963,-0.88154740,-0.88154740,24H
REMOVE_TOP10,SOXLB/USDT,2026-08-12T09:00:00+00:00,2026-08-13T09:00:00+00:00,140.47,142.68,84.00000000,88.00000000,100.00000000,0.10000000,0.10157329,1.57328967,1.37171638,1.37171638,24H
REMOVE_TOP10,LINK/USDT,2026-08-12T12:00:00+00:00,2026-08-13T12:00:00+00:00,8.849,8.782,93.00000000,98.00000000,100.00000000,0.10000000,0.09924285,-0.75714770,-0.95639055,-0.95639055,24H
REMOVE_TOP10,EDEN/USDT,2026-08-12T16:00:00+00:00,2026-08-13T15:00:00+00:00,0.04516,0.04974,93.00000000,98.00000000,100.00000000,0.10000000,0.11014172,10.14171833,9.93157662,9.93157662,TAKE_PROFIT
REMOVE_TOP10,SNDKB/USDT,2026-08-13T12:00:00+00:00,2026-08-13T15:00:00+00:00,1353.63,1532.99,90.00000000,95.00000000,100.00000000,0.10000000,0.11325030,13.25029735,13.03704705,13.03704705,TAKE_PROFIT
REMOVE_TOP10,CRCLB/USDT,2026-08-12T20:00:00+00:00,2026-08-13T20:00:00+00:00,70.98,75.27,78.00000000,65.00000000,100.00000000,0.10000000,0.10604396,6.04395604,5.83791209,5.83791209,24H
REMOVE_TOP10,RLUSD/USDT,2026-08-13T01:00:00+00:00,2026-08-14T01:00:00+00:00,1.0011,1.001,87.00000000,87.00000000,100.00000000,0.10000000,0.09999001,-0.00998901,-0.20997902,-0.20997902,24H
REMOVE_TOP10,AVAX/USDT,2026-08-13T03:00:00+00:00,2026-08-14T03:00:00+00:00,6.512,6.417,79.00000000,76.00000000,100.00000000,0.10000000,0.09854115,-1.45884521,-1.65738636,-1.65738636,24H
REMOVE_TOP10,PUMP/USDT,2026-08-13T04:00:00+00:00,2026-08-14T04:00:00+00:00,0.002772,0.002918,82.00000000,82.00000000,100.00000000,0.10000000,0.10526696,5.26695527,5.06168831,5.06168831,24H
REMOVE_TOP10,HOME/USDT,2026-08-13T06:00:00+00:00,2026-08-14T06:00:00+00:00,0.01036,0.0114,90.00000000,100.00000000,100.00000000,0.10000000,0.11003861,10.03861004,9.82857143,9.82857143,TAKE_PROFIT
REMOVE_TOP10,ACE/USDT,2026-08-14T03:00:00+00:00,2026-08-14T07:00:00+00:00,0.1316,0.1493,87.00000000,92.00000000,100.00000000,0.10000000,0.11344985,13.44984802,13.23639818,13.23639818,TAKE_PROFIT
REMOVE_TOP10,RE/USDT,2026-08-13T09:00:00+00:00,2026-08-14T09:00:00+00:00,0.4494,0.4391,95.00000000,100.00000000,100.00000000,0.10000000,0.09770806,-2.29194482,-2.48965287,-2.48965287,24H
REMOVE_TOP10,WLD/USDT,2026-08-13T09:00:00+00:00,2026-08-14T09:00:00+00:00,0.3466,0.3357,95.00000000,100.00000000,100.00000000,0.10000000,0.09685516,-3.14483555,-3.34169071,-3.34169071,24H
REMOVE_TOP10,XUSD/USDT,2026-08-13T09:00:00+00:00,2026-08-14T09:00:00+00:00,1.001,1.0012,87.00000000,87.00000000,100.00000000,0.10000000,0.10001998,0.01998002,-0.18003996,-0.18003996,24H
REMOVE_TOP10,DEXE/USDT,2026-08-13T18:00:00+00:00,2026-08-14T09:00:00+00:00,2.06,1.937,79.00000000,76.00000000,100.00000000,0.10000000,0.09402913,-5.97087379,-6.16490291,-6.16490291,STOP_LOSS
REMOVE_TOP10,SOXLB/USDT,2026-08-13T15:00:00+00:00,2026-08-14T15:00:00+00:00,149.63,140.58,89.00000000,88.00000000,100.00000000,0.10000000,0.09395175,-6.04825236,-6.24220410,-6.24220410,STOP_LOSS
REMOVE_TOP10,HEI/USDT,2026-08-14T15:00:00+00:00,2026-08-14T18:00:00+00:00,0.1446,0.1335,89.00000000,81.00000000,100.00000000,0.10000000,0.09232365,-7.67634855,-7.86867220,-7.86867220,STOP_LOSS
REMOVE_TOP10,TAO/USDT,2026-08-13T20:00:00+00:00,2026-08-14T20:00:00+00:00,202.9,197.8,87.00000000,86.00000000,100.00000000,0.10000000,0.09748645,-2.51355347,-2.71103992,-2.71103992,24H
REMOVE_TOP10,EDEN/USDT,2026-08-14T18:00:00+00:00,2026-08-15T00:00:00+00:00,0.06159,0.05846,84.00000000,76.00000000,100.00000000,0.10000000,0.09491801,-5.08199383,-5.27691184,-5.27691184,STOP_LOSS
REMOVE_TOP10,RED/USDT,2026-08-14T01:00:00+00:00,2026-08-15T01:00:00+00:00,0.0891,0.0873,84.00000000,89.00000000,100.00000000,0.10000000,0.09797980,-2.02020202,-2.21818182,-2.21818182,24H
REMOVE_TOP10,LINK/USDT,2026-08-14T09:00:00+00:00,2026-08-15T02:00:00+00:00,8.82,9.725,84.00000000,84.00000000,100.00000000,0.10000000,0.11026077,10.26077098,10.05051020,10.05051020,TAKE_PROFIT
REMOVE_TOP10,PUMP/USDT,2026-08-14T04:00:00+00:00,2026-08-15T03:00:00+00:00,0.002918,0.00274,87.00000000,86.00000000,100.00000000,0.10000000,0.09389993,-6.10006854,-6.29396847,-6.29396847,STOP_LOSS
REMOVE_TOP10,KORUB/USDT,2026-08-14T06:00:00+00:00,2026-08-15T06:00:00+00:00,21.69,21.63,92.00000000,97.00000000,100.00000000,0.10000000,0.09972337,-0.27662517,-0.47634855,-0.47634855,24H
REMOVE_TOP10,WLFI/USDT,2026-08-14T07:00:00+00:00,2026-08-15T07:00:00+00:00,0.0555,0.0566,93.00000000,98.00000000,100.00000000,0.10000000,0.10198198,1.98198198,1.78000000,1.78000000,24H
REMOVE_TOP10,RLUSD/USDT,2026-08-14T09:00:00+00:00,2026-08-15T09:00:00+00:00,1.0011,1.0013,87.00000000,87.00000000,100.00000000,0.10000000,0.10001998,0.01997802,-0.18004195,-0.18004195,24H
REMOVE_TOP10,U/USDT,2026-08-14T09:00:00+00:00,2026-08-15T09:00:00+00:00,1.0005,1.0005,87.00000000,87.00000000,100.00000000,0.10000000,0.10000000,0.00000000,-0.20000000,-0.20000000,24H
REMOVE_TOP10,USDE/USDT,2026-08-14T09:00:00+00:00,2026-08-15T09:00:00+00:00,1.0008,1.001,87.00000000,87.00000000,100.00000000,0.10000000,0.10001998,0.01998401,-0.18003597,-0.18003597,24H
REMOVE_TOP10,ACE/USDT,2026-08-15T06:00:00+00:00,2026-08-15T09:00:00+00:00,0.2734,0.2131,89.00000000,80.00000000,100.00000000,0.10000000,0.07794440,-22.05559620,-22.23354060,-22.23354060,STOP_LOSS
REMOVE_TOP10,PLUME/USDT,2026-08-15T01:00:00+00:00,2026-08-15T10:00:00+00:00,0.0127,0.0141,89.00000000,88.00000000,100.00000000,0.10000000,0.11102362,11.02362205,10.81259843,10.81259843,TAKE_PROFIT
REMOVE_TOP10,CHIP/USDT,2026-08-15T03:00:00+00:00,2026-08-15T19:00:00+00:00,0.02362,0.02681,89.00000000,89.00000000,100.00000000,0.10000000,0.11350550,13.50550381,13.29199831,13.29199831,TAKE_PROFIT
REMOVE_TOP10,ONG/USDT,2026-08-14T20:00:00+00:00,2026-08-15T20:00:00+00:00,0.04511,0.0488,80.00000000,72.00000000,100.00000000,0.10000000,0.10818000,8.18000443,7.97182443,7.97182443,24H
REMOVE_TOP10,RE/USDT,2026-08-15T00:00:00+00:00,2026-08-16T00:00:00+00:00,0.4576,0.4645,92.00000000,97.00000000,100.00000000,0.10000000,0.10150787,1.50786713,1.30635927,1.30635927,24H
REMOVE_TOP10,XPL/USDT,2026-08-15T02:00:00+00:00,2026-08-16T02:00:00+00:00,0.07735,0.07672,89.00000000,89.00000000,100.00000000,0.10000000,0.09918552,-0.81447964,-1.01366516,-1.01366516,24H
REMOVE_TOP10,HEMI/USDT,2026-08-15T14:00:00+00:00,2026-08-16T02:00:00+00:00,0.00661,0.00742,90.00000000,92.00000000,100.00000000,0.10000000,0.11225416,12.25416036,12.04190620,12.04190620,TAKE_PROFIT
REMOVE_TOP10,GPS/USDT,2026-08-15T07:00:00+00:00,2026-08-16T07:00:00+00:00,0.01054,0.01114,83.00000000,75.00000000,100.00000000,0.10000000,0.10569260,5.69259962,5.48690702,5.48690702,24H
REMOVE_TOP10,U/USDT,2026-08-15T09:00:00+00:00,2026-08-16T09:00:00+00:00,1.0005,1.0004,84.00000000,84.00000000,100.00000000,0.10000000,0.09999000,-0.00999500,-0.20998501,-0.20998501,24H
REMOVE_TOP10,BNB/USDT,2026-08-15T09:00:00+00:00,2026-08-16T09:00:00+00:00,611.88,607.33,81.00000000,80.00000000,100.00000000,0.10000000,0.09925639,-0.74360986,-0.94286625,-0.94286625,24H
REMOVE_TOP10,EUR/USDT,2026-08-15T09:00:00+00:00,2026-08-16T09:00:00+00:00,1.1577,1.1575,81.00000000,80.00000000,100.00000000,0.10000000,0.09998272,-0.01727563,-0.21725836,-0.21725836,24H
REMOVE_TOP10,OPN/USDT,2026-08-15T10:00:00+00:00,2026-08-16T10:00:00+00:00,0.0498,0.0532,84.00000000,89.00000000,100.00000000,0.10000000,0.10682731,6.82730924,6.62048193,6.62048193,24H
REMOVE_TOP10,GPS/USDT,2026-08-16T07:00:00+00:00,2026-08-16T11:00:00+00:00,0.01114,0.0105,95.00000000,100.00000000,100.00000000,0.10000000,0.09425494,-5.74506284,-5.93931777,-5.93931777,STOP_LOSS
REMOVE_TOP10,BEL/USDT,2026-08-16T09:00:00+00:00,2026-08-16T18:00:00+00:00,0.1072,0.1222,93.00000000,98.00000000,100.00000000,0.10000000,0.11399254,13.99253731,13.77854478,13.77854478,TAKE_PROFIT
REMOVE_TOP10,SKHYB/USDT,2026-08-15T19:00:00+00:00,2026-08-16T19:00:00+00:00,167.66,167.91,87.00000000,87.00000000,100.00000000,0.10000000,0.10014911,0.14911130,-0.05103781,-0.05103781,24H
REMOVE_TOP10,ALPINE/USDT,2026-08-15T20:00:00+00:00,2026-08-16T20:00:00+00:00,0.32,0.317,89.00000000,89.00000000,100.00000000,0.10000000,0.09906250,-0.93750000,-1.13656250,-1.13656250,24H
REMOVE_TOP10,XPL/USDT,2026-08-16T09:00:00+00:00,2026-08-16T21:00:00+00:00,0.07827,0.07432,93.00000000,98.00000000,100.00000000,0.10000000,0.09495337,-5.04663345,-5.24158681,-5.24158681,STOP_LOSS
REMOVE_TOP10,PORTAL/USDT,2026-08-16T18:00:00+00:00,2026-08-16T22:00:00+00:00,0.01674,0.01866,90.00000000,92.00000000,100.00000000,0.10000000,0.11146953,11.46953405,11.25806452,11.25806452,TAKE_PROFIT
REMOVE_TOP10,WLFI/USDT,2026-08-16T00:00:00+00:00,2026-08-17T00:00:00+00:00,0.0578,0.0598,92.00000000,97.00000000,100.00000000,0.10000000,0.10346021,3.46020761,3.25674740,3.25674740,24H
REMOVE_TOP10,ONG/USDT,2026-08-16T02:00:00+00:00,2026-08-17T01:00:00+00:00,0.051,0.06082,90.00000000,87.00000000,100.00000000,0.10000000,0.11925490,19.25490196,19.03564706,19.03564706,TAKE_PROFIT
REMOVE_TOP10,SNXXB/USDT,2026-08-16T02:00:00+00:00,2026-08-17T02:00:00+00:00,16.54,17.69,88.00000000,93.00000000,100.00000000,0.10000000,0.10695284,6.95284160,6.74588875,6.74588875,24H
REMOVE_TOP10,GPS/USDT,2026-08-17T01:00:00+00:00,2026-08-17T03:00:00+00:00,0.01195,0.01394,95.00000000,100.00000000,100.00000000,0.10000000,0.11665272,16.65271967,16.43606695,16.43606695,TAKE_PROFIT
REMOVE_TOP10,CHIP/USDT,2026-08-16T09:00:00+00:00,2026-08-17T07:00:00+00:00,0.02897,0.03253,92.00000000,97.00000000,100.00000000,0.10000000,0.11228857,12.28857439,12.07628581,12.07628581,TAKE_PROFIT
REMOVE_TOP10,CHIP/USDT,2026-08-17T07:00:00+00:00,2026-08-17T08:00:00+00:00,0.03253,0.02993,90.00000000,100.00000000,100.00000000,0.10000000,0.09200738,-7.99262219,-8.18462957,-8.18462957,STOP_LOSS
REMOVE_TOP10,PLUME/USDT,2026-08-16T10:00:00+00:00,2026-08-17T10:00:00+00:00,0.01311,0.01258,87.00000000,86.00000000,100.00000000,0.10000000,0.09595728,-4.04271548,-4.23867277,-4.23867277,24H
REMOVE_TOP10,RLUSD/USDT,2026-08-16T12:00:00+00:00,2026-08-17T12:00:00+00:00,1.0012,1.0012,84.00000000,84.00000000,100.00000000,0.10000000,0.10000000,0.00000000,-0.20000000,-0.20000000,24H
REMOVE_TOP10,KORUB/USDT,2026-08-17T02:00:00+00:00,2026-08-17T14:00:00+00:00,22.24,25.04,93.00000000,98.00000000,100.00000000,0.10000000,0.11258993,12.58992806,12.37733813,12.37733813,TAKE_PROFIT
REMOVE_TOP10,ONG/USDT,2026-08-17T03:00:00+00:00,2026-08-17T14:00:00+00:00,0.05908,0.05489,89.00000000,88.00000000,100.00000000,0.10000000,0.09290792,-7.09207854,-7.28498646,-7.28498646,STOP_LOSS
REMOVE_TOP10,CHIP/USDT,2026-08-17T08:00:00+00:00,2026-08-17T18:00:00+00:00,0.02993,0.02814,95.00000000,100.00000000,100.00000000,0.10000000,0.09401938,-5.98062145,-6.17464083,-6.17464083,STOP_LOSS
REMOVE_TOP10,EUR/USDT,2026-08-16T19:00:00+00:00,2026-08-17T19:00:00+00:00,1.1577,1.1588,87.00000000,87.00000000,100.00000000,0.10000000,0.10009502,0.09501598,-0.10507904,-0.10507904,24H
REMOVE_TOP10,BEL/USDT,2026-08-16T20:00:00+00:00,2026-08-17T20:00:00+00:00,0.1115,0.1082,87.00000000,87.00000000,100.00000000,0.10000000,0.09704036,-2.95964126,-3.15668161,-3.15668161,24H
REMOVE_TOP10,RARE/USDT,2026-08-16T21:00:00+00:00,2026-08-17T21:00:00+00:00,0.01217,0.01231,87.00000000,87.00000000,100.00000000,0.10000000,0.10115037,1.15036976,0.94921939,0.94921939,24H
REMOVE_TOP10,MUBARAK/USDT,2026-08-17T00:00:00+00:00,2026-08-17T21:00:00+00:00,0.0175,0.01661,92.00000000,97.00000000,100.00000000,0.10000000,0.09491429,-5.08571429,-5.28062857,-5.28062857,STOP_LOSS
REMOVE_TOP10,EURI/USDT,2026-08-16T22:00:00+00:00,2026-08-17T22:00:00+00:00,1.1579,1.1588,76.00000000,71.00000000,100.00000000,0.10000000,0.10007773,0.07772692,-0.12235081,-0.12235081,24H
REMOVE_TOP10,SNXXB/USDT,2026-08-17T22:00:00+00:00,2026-08-18T01:00:00+00:00,19.6,18.22,89.00000000,88.00000000,100.00000000,0.10000000,0.09295918,-7.04081633,-7.23377551,-7.23377551,STOP_LOSS
REMOVE_TOP10,GPS/USDT,2026-08-17T12:00:00+00:00,2026-08-18T05:00:00+00:00,0.01554,0.0172,92.00000000,89.00000000,100.00000000,0.10000000,0.11068211,10.68211068,10.47142857,10.47142857,TAKE_PROFIT
REMOVE_TOP10,BMT/USDT,2026-08-17T18:00:00+00:00,2026-08-18T05:00:00+00:00,0.01605,0.01519,89.00000000,89.00000000,100.00000000,0.10000000,0.09464174,-5.35825545,-5.55289720,-5.55289720,STOP_LOSS
REMOVE_TOP10,EDEN/USDT,2026-08-18T05:00:00+00:00,2026-08-18T07:00:00+00:00,0.05105,0.05792,92.00000000,97.00000000,100.00000000,0.10000000,0.11345739,13.45739471,13.24393732,13.24393732,TAKE_PROFIT
REMOVE_TOP10,OPN/USDT,2026-08-17T20:00:00+00:00,2026-08-18T09:00:00+00:00,0.0527,0.0587,84.00000000,84.00000000,100.00000000,0.10000000,0.11138520,11.38519924,11.17381404,11.17381404,TAKE_PROFIT
REMOVE_TOP10,USDC/USDT,2026-08-17T10:00:00+00:00,2026-08-18T10:00:00+00:00,1.00097,1.00088,87.00000000,87.00000000,100.00000000,0.10000000,0.09999101,-0.00899128,-0.20898229,-0.20898229,24H
REMOVE_TOP10,ACE/USDT,2026-08-18T07:00:00+00:00,2026-08-18T12:00:00+00:00,0.191,0.2162,95.00000000,92.00000000,100.00000000,0.10000000,0.11319372,13.19371728,12.98052356,12.98052356,TAKE_PROFIT
REMOVE_TOP10,ACE/USDT,2026-08-18T12:00:00+00:00,2026-08-18T12:30:12.661268+00:00,0.2162,0.1913,95.00000000,92.00000000,100.00000000,0.10000000,0.08848289,-11.51711378,-11.70559667,-11.70559667,STOP_LOSS
REMOVE_TOP10,ACE/USDT,2026-08-18T12:30:12.661268+00:00,2026-08-18T13:00:00+00:00,0.1913,0.2238,76.00000000,83.00000000,100.00000000,0.10000000,0.11698902,16.98902248,16.77203346,16.77203346,TAKE_PROFIT
REMOVE_TOP10,HEMI/USDT,2026-08-17T14:00:00+00:00,2026-08-18T14:00:00+00:00,0.00692,0.00646,95.00000000,100.00000000,100.00000000,0.10000000,0.09335260,-6.64739884,-6.84075145,-6.84075145,STOP_LOSS
REMOVE_TOP10,CRCLB/USDT,2026-08-17T14:00:00+00:00,2026-08-18T14:00:00+00:00,74.31,72.15,90.00000000,100.00000000,100.00000000,0.10000000,0.09709326,-2.90674203,-3.10383528,-3.10383528,24H
REMOVE_TOP10,ONG/USDT,2026-08-18T01:00:00+00:00,2026-08-18T18:00:00+00:00,0.05805,0.05479,95.00000000,100.00000000,100.00000000,0.10000000,0.09438415,-5.61584841,-5.81023256,-5.81023256,STOP_LOSS
REMOVE_TOP10,POL/USDT,2026-08-17T19:00:00+00:00,2026-08-18T19:00:00+00:00,0.08002,0.08209,92.00000000,97.00000000,100.00000000,0.10000000,0.10258685,2.58685329,2.38426643,2.38426643,24H
REMOVE_TOP10,AAVE/USDT,2026-08-17T21:00:00+00:00,2026-08-18T21:00:00+00:00,89.04,88.29,79.00000000,79.00000000,100.00000000,0.10000000,0.09915768,-0.84231806,-1.04147574,-1.04147574,24H
REMOVE_TOP10,ALLO/USDT,2026-08-17T21:00:00+00:00,2026-08-18T21:00:00+00:00,0.2909,0.2978,78.00000000,73.00000000,100.00000000,0.10000000,0.10237195,2.37194912,2.16957717,2.16957717,24H
REMOVE_TOP10,GPS/USDT,2026-08-18T10:00:00+00:00,2026-08-19T01:00:00+00:00,0.01728,0.0146,89.00000000,80.00000000,100.00000000,0.10000000,0.08449074,-15.50925926,-15.69375000,-15.69375000,STOP_LOSS
REMOVE_TOP10,BTC/USDT,2026-08-18T05:00:00+00:00,2026-08-19T05:00:00+00:00,64242.76,64236.01,81.00000000,81.00000000,100.00000000,0.10000000,0.09998949,-0.01050702,-0.21049651,-0.21049651,24H
REMOVE_TOP10,ARB/USDT,2026-08-18T09:00:00+00:00,2026-08-19T09:00:00+00:00,0.0755,0.077,87.00000000,87.00000000,100.00000000,0.10000000,0.10198675,1.98675497,1.78476821,1.78476821,24H
REMOVE_TOP10,MUBARAK/USDT,2026-08-19T01:00:00+00:00,2026-08-19T09:00:00+00:00,0.0173,0.01908,80.00000000,72.00000000,100.00000000,0.10000000,0.11028902,10.28901734,10.07872832,10.07872832,TAKE_PROFIT
REMOVE_TOP10,ONG/USDT,2026-08-18T21:00:00+00:00,2026-08-19T10:00:00+00:00,0.05776,0.06418,84.00000000,84.00000000,100.00000000,0.10000000,0.11111496,11.11495845,10.90384349,10.90384349,TAKE_PROFIT
REMOVE_TOP10,ACE/USDT,2026-08-18T13:00:00+00:00,2026-08-19T12:00:00+00:00,0.2238,0.2061,90.00000000,92.00000000,100.00000000,0.10000000,0.09209115,-7.90884718,-8.10093834,-8.10093834,STOP_LOSS
REMOVE_TOP10,SOL/USDT,2026-08-18T14:00:00+00:00,2026-08-19T14:00:00+00:00,76.8,80.89,93.00000000,98.00000000,100.00000000,0.10000000,0.10532552,5.32552083,5.12019531,5.12019531,24H
REMOVE_TOP10,ETH/USDT,2026-08-18T14:00:00+00:00,2026-08-19T14:00:00+00:00,1911.02,1970.6,90.00000000,95.00000000,100.00000000,0.10000000,0.10311771,3.11770677,2.91458907,2.91458907,24H
REMOVE_TOP10,TREE/USDT,2026-08-19T12:00:00+00:00,2026-08-19T14:00:00+00:00,0.0343,0.0406,95.00000000,100.00000000,100.00000000,0.10000000,0.11836735,18.36734694,18.14897959,18.14897959,TAKE_PROFIT
REMOVE_TOP10,RE/USDT,2026-08-19T09:00:00+00:00,2026-08-19T15:00:00+00:00,0.4022,0.4585,79.00000000,76.00000000,100.00000000,0.10000000,0.11399801,13.99801094,13.78401293,13.78401293,TAKE_PROFIT
REMOVE_TOP10,EDEN/USDT,2026-08-19T14:00:00+00:00,2026-08-19T15:00:00+00:00,0.05968,0.05515,95.00000000,100.00000000,100.00000000,0.10000000,0.09240952,-7.59048257,-7.78289209,-7.78289209,STOP_LOSS
REMOVE_TOP10,PUMP/USDT,2026-08-18T19:00:00+00:00,2026-08-19T16:00:00+00:00,0.00285,0.003162,82.00000000,82.00000000,100.00000000,0.10000000,0.11094737,10.94736842,10.73642105,10.73642105,TAKE_PROFIT
REMOVE_TOP10,LINK/USDT,2026-08-18T18:00:00+00:00,2026-08-19T18:00:00+00:00,9.516,9.991,79.00000000,74.00000000,100.00000000,0.10000000,0.10499159,4.99159311,4.78660151,4.78660151,24H
REMOVE_TOP10,ARB/USDT,2026-08-19T09:00:00+00:00,2026-08-19T20:00:00+00:00,0.077,0.0847,84.00000000,84.00000000,100.00000000,0.10000000,0.11000000,10.00000000,9.79000000,9.79000000,TAKE_PROFIT
REMOVE_TOP10,UNI/USDT,2026-08-19T05:00:00+00:00,2026-08-19T21:00:00+00:00,3.327,3.712,70.00000000,65.00000000,100.00000000,0.10000000,0.11157199,11.57198677,11.36041479,11.36041479,TAKE_PROFIT
REMOVE_TOP10,TAO/USDT,2026-08-20T23:00:00+00:00,2026-08-21T23:00:00+00:00,214.9,229.9,72.00000000,67.00000000,100.00000000,0.10000000,0.10697999,6.97999069,6.77301070,6.77301070,24H
REMOVE_TOP20,ACE/USDT,2026-07-18T15:00:00+00:00,2026-07-18T18:00:00+00:00,0.0729,0.0686,70.00000000,70.00000000,100.00000000,0.10000000,0.09410151,-5.89849108,-6.09259259,-6.09259259,STOP_LOSS
REMOVE_TOP20,DEXE/USDT,2026-07-18T13:00:00+00:00,2026-07-19T06:00:00+00:00,36.519,34.466,75.00000000,70.00000000,100.00000000,0.10000000,0.09437827,-5.62173115,-5.81610942,-5.81610942,STOP_LOSS
REMOVE_TOP20,CHIP/USDT,2026-07-18T13:00:00+00:00,2026-07-19T13:00:00+00:00,0.03159,0.03049,75.00000000,70.00000000,100.00000000,0.10000000,0.09651789,-3.48211459,-3.67863248,-3.67863248,24H
REMOVE_TOP20,ONG/USDT,2026-07-18T13:00:00+00:00,2026-07-19T13:00:00+00:00,0.0472,0.0474,70.00000000,65.00000000,100.00000000,0.10000000,0.10042373,0.42372881,0.22330508,0.22330508,24H
REMOVE_TOP20,ALLO/USDT,2026-07-18T14:00:00+00:00,2026-07-19T14:00:00+00:00,0.4592,0.4639,72.00000000,67.00000000,100.00000000,0.10000000,0.10102352,1.02351916,0.82249564,0.82249564,24H
REMOVE_TOP20,ZEC/USDT,2026-07-18T16:00:00+00:00,2026-07-19T16:00:00+00:00,556.73,551.43,70.00000000,65.00000000,100.00000000,0.10000000,0.09904801,-0.95198750,-1.15103551,-1.15103551,24H
REMOVE_TOP20,ETH/USDT,2026-07-18T18:00:00+00:00,2026-07-19T18:00:00+00:00,1857.54,1861.12,70.00000000,65.00000000,100.00000000,0.10000000,0.10019273,0.19272802,-0.00746471,-0.00746471,24H
REMOVE_TOP20,TAO/USDT,2026-07-18T19:00:00+00:00,2026-07-19T19:00:00+00:00,195.9,197.1,70.00000000,65.00000000,100.00000000,0.10000000,0.10061256,0.61255743,0.41194487,0.41194487,24H
REMOVE_TOP20,CRCLB/USDT,2026-07-19T01:00:00+00:00,2026-07-20T01:00:00+00:00,61.4,60.65,73.00000000,68.00000000,100.00000000,0.10000000,0.09877850,-1.22149837,-1.42027687,-1.42027687,24H
REMOVE_TOP20,OPN/USDT,2026-07-19T02:00:00+00:00,2026-07-20T02:00:00+00:00,0.0637,0.0616,70.00000000,65.00000000,100.00000000,0.10000000,0.09670330,-3.29670330,-3.49340659,-3.49340659,24H
REMOVE_TOP20,PEPE/USDT,2026-07-19T06:00:00+00:00,2026-07-20T06:00:00+00:00,2.8e-06,2.82e-06,73.00000000,68.00000000,100.00000000,0.10000000,0.10071429,0.71428571,0.51357143,0.51357143,24H
REMOVE_TOP20,HEMI/USDT,2026-07-19T13:00:00+00:00,2026-07-20T08:00:00+00:00,0.00457,0.00505,75.00000000,70.00000000,100.00000000,0.10000000,0.11050328,10.50328228,10.29277899,10.29277899,TAKE_PROFIT
REMOVE_TOP20,LTC/USDT,2026-07-19T13:00:00+00:00,2026-07-20T13:00:00+00:00,47.36,46.69,73.00000000,68.00000000,100.00000000,0.10000000,0.09858530,-1.41469595,-1.61328125,-1.61328125,24H
REMOVE_TOP20,GPS/USDT,2026-07-19T14:00:00+00:00,2026-07-20T14:00:00+00:00,0.00908,0.00905,70.00000000,65.00000000,100.00000000,0.10000000,0.09966960,-0.33039648,-0.53006608,-0.53006608,24H
REMOVE_TOP20,HEMI/USDT,2026-07-20T09:00:00+00:00,2026-07-20T14:00:00+00:00,0.00499,0.00561,70.00000000,70.00000000,100.00000000,0.10000000,0.11242485,12.42484970,12.21242485,12.21242485,TAKE_PROFIT
REMOVE_TOP20,EDEN/USDT,2026-07-19T16:00:00+00:00,2026-07-20T16:00:00+00:00,0.04415,0.04281,70.00000000,65.00000000,100.00000000,0.10000000,0.09696489,-3.03510759,-3.23207248,-3.23207248,24H
REMOVE_TOP20,ALLO/USDT,2026-07-20T16:00:00+00:00,2026-07-20T20:00:00+00:00,0.4872,0.4611,75.00000000,70.00000000,100.00000000,0.10000000,0.09464286,-5.35714286,-5.55178571,-5.55178571,STOP_LOSS
REMOVE_TOP20,EWYB/USDT,2026-07-19T22:00:00+00:00,2026-07-20T22:00:00+00:00,166.67,163.53,75.00000000,70.00000000,100.00000000,0.10000000,0.09811604,-1.88396232,-2.08207836,-2.08207836,24H
REMOVE_TOP20,MUB/USDT,2026-07-19T22:00:00+00:00,2026-07-20T22:00:00+00:00,867.11,873.22,73.00000000,68.00000000,100.00000000,0.10000000,0.10070464,0.70463955,0.50393491,0.50393491,24H
REMOVE_TOP20,ETH/USDT,2026-07-19T22:00:00+00:00,2026-07-20T22:00:00+00:00,1870.44,1895.72,70.00000000,65.00000000,100.00000000,0.10000000,0.10135155,1.35155365,1.15020209,1.15020209,24H
REMOVE_TOP20,TUT/USDT,2026-07-20T06:00:00+00:00,2026-07-21T00:00:00+00:00,0.01337,0.01477,70.00000000,65.00000000,100.00000000,0.10000000,0.11047120,10.47120419,10.26073298,10.26073298,TAKE_PROFIT
REMOVE_TOP20,LINK/USDT,2026-07-20T01:00:00+00:00,2026-07-21T01:00:00+00:00,8.422,8.592,73.00000000,68.00000000,100.00000000,0.10000000,0.10201852,2.01852292,1.81650439,1.81650439,24H
REMOVE_TOP20,HEMI/USDT,2026-07-20T22:00:00+00:00,2026-07-21T01:00:00+00:00,0.00686,0.00643,72.00000000,59.00000000,100.00000000,0.10000000,0.09373178,-6.26822157,-6.46195335,-6.46195335,STOP_LOSS
REMOVE_TOP20,MSTRB/USDT,2026-07-20T02:00:00+00:00,2026-07-21T02:00:00+00:00,95.95,99.27,70.00000000,65.00000000,100.00000000,0.10000000,0.10346014,3.46013549,3.25667535,3.25667535,24H
REMOVE_TOP20,DEXE/USDT,2026-07-21T00:00:00+00:00,2026-07-21T02:00:00+00:00,37.721,34.091,75.00000000,70.00000000,100.00000000,0.10000000,0.09037671,-9.62328676,-9.81366348,-9.81366348,STOP_LOSS
REMOVE_TOP20,SOXLB/USDT,2026-07-21T00:00:00+00:00,2026-07-21T08:00:00+00:00,139.06,153.96,73.00000000,68.00000000,100.00000000,0.10000000,0.11071480,10.71479937,10.50408457,10.50408457,TAKE_PROFIT
REMOVE_TOP20,NEAR/USDT,2026-07-20T13:00:00+00:00,2026-07-21T13:00:00+00:00,1.965,1.988,73.00000000,68.00000000,100.00000000,0.10000000,0.10117048,1.17048346,0.96931298,0.96931298,24H
REMOVE_TOP20,CRCLB/USDT,2026-07-20T14:00:00+00:00,2026-07-21T13:00:00+00:00,63.12,70.14,70.00000000,70.00000000,100.00000000,0.10000000,0.11112167,11.12167300,10.91055133,10.91055133,TAKE_PROFIT
REMOVE_TOP20,BMT/USDT,2026-07-20T15:00:00+00:00,2026-07-21T15:00:00+00:00,0.01184,0.01197,73.00000000,68.00000000,100.00000000,0.10000000,0.10109797,1.09797297,0.89687500,0.89687500,24H
REMOVE_TOP20,MUB/USDT,2026-07-21T01:00:00+00:00,2026-07-21T16:00:00+00:00,886.11,977.63,73.00000000,68.00000000,100.00000000,0.10000000,0.11032829,10.32828881,10.11796052,10.11796052,TAKE_PROFIT
REMOVE_TOP20,RARE/USDT,2026-07-20T20:00:00+00:00,2026-07-21T20:00:00+00:00,0.0128,0.0127,73.00000000,68.00000000,100.00000000,0.10000000,0.09921875,-0.78125000,-0.98046875,-0.98046875,24H
REMOVE_TOP20,RED/USDT,2026-07-21T01:00:00+00:00,2026-07-22T01:00:00+00:00,0.1032,0.1011,75.00000000,70.00000000,100.00000000,0.10000000,0.09796512,-2.03488372,-2.23284884,-2.23284884,24H
REMOVE_TOP20,EWYB/USDT,2026-07-21T02:00:00+00:00,2026-07-22T02:00:00+00:00,167.22,174.49,75.00000000,70.00000000,100.00000000,0.10000000,0.10434757,4.34756608,4.14321851,4.14321851,24H
REMOVE_TOP20,BICO/USDT,2026-07-21T02:00:00+00:00,2026-07-22T02:00:00+00:00,0.01401,0.01386,72.00000000,67.00000000,100.00000000,0.10000000,0.09892934,-1.07066381,-1.26959315,-1.26959315,24H
REMOVE_TOP20,SKHYB/USDT,2026-07-21T06:00:00+00:00,2026-07-22T06:00:00+00:00,160.21,163.65,72.00000000,67.00000000,100.00000000,0.10000000,0.10214718,2.14718182,1.94503464,1.94503464,24H
REMOVE_TOP20,GIGGLE/USDT,2026-07-21T08:00:00+00:00,2026-07-22T08:00:00+00:00,26.98,26.53,75.00000000,70.00000000,100.00000000,0.10000000,0.09833210,-1.66790215,-1.86623425,-1.86623425,24H
REMOVE_TOP20,TUT/USDT,2026-07-22T04:00:00+00:00,2026-07-22T10:00:00+00:00,0.01524,0.01412,70.00000000,65.00000000,100.00000000,0.10000000,0.09265092,-7.34908136,-7.54173228,-7.54173228,STOP_LOSS
REMOVE_TOP20,ALLO/USDT,2026-07-21T13:00:00+00:00,2026-07-22T13:00:00+00:00,0.4991,0.5038,75.00000000,70.00000000,100.00000000,0.10000000,0.10094170,0.94169505,0.74075336,0.74075336,24H
REMOVE_TOP20,SNDKB/USDT,2026-07-21T13:00:00+00:00,2026-07-22T13:00:00+00:00,1529.08,1577.19,70.00000000,70.00000000,100.00000000,0.10000000,0.10314634,3.14633636,2.94319002,2.94319002,24H
REMOVE_TOP20,MSTRB/USDT,2026-07-21T15:00:00+00:00,2026-07-22T15:00:00+00:00,102.67,99.78,73.00000000,68.00000000,100.00000000,0.10000000,0.09718516,-2.81484367,-3.01202883,-3.01202883,24H
REMOVE_TOP20,GRAM/USDT,2026-07-21T16:00:00+00:00,2026-07-22T16:00:00+00:00,1.518,1.517,72.00000000,67.00000000,100.00000000,0.10000000,0.09993412,-0.06587615,-0.26581028,-0.26581028,24H
REMOVE_TOP20,PORTAL/USDT,2026-07-21T22:00:00+00:00,2026-07-22T22:00:00+00:00,0.01106,0.01088,73.00000000,68.00000000,100.00000000,0.10000000,0.09837251,-1.62748644,-1.82585895,-1.82585895,24H
REMOVE_TOP20,CHIP/USDT,2026-07-22T02:00:00+00:00,2026-07-23T02:00:00+00:00,0.0306,0.03026,70.00000000,65.00000000,100.00000000,0.10000000,0.09888889,-1.11111111,-1.31000000,-1.31000000,24H
REMOVE_TOP20,BICO/USDT,2026-07-22T03:00:00+00:00,2026-07-23T03:00:00+00:00,0.01388,0.01377,73.00000000,68.00000000,100.00000000,0.10000000,0.09920749,-0.79250720,-0.99171470,-0.99171470,24H
REMOVE_TOP20,BEL/USDT,2026-07-22T06:00:00+00:00,2026-07-23T06:00:00+00:00,0.1042,0.1018,70.00000000,65.00000000,100.00000000,0.10000000,0.09769674,-2.30326296,-2.50095969,-2.50095969,24H
REMOVE_TOP20,ENA/USDT,2026-07-22T08:00:00+00:00,2026-07-23T08:00:00+00:00,0.0882,0.0919,70.00000000,65.00000000,100.00000000,0.10000000,0.10419501,4.19501134,3.99081633,3.99081633,24H
REMOVE_TOP20,ONDO/USDT,2026-07-22T10:00:00+00:00,2026-07-23T10:00:00+00:00,0.4109,0.4035,75.00000000,70.00000000,100.00000000,0.10000000,0.09819908,-1.80092480,-1.99912387,-1.99912387,24H
REMOVE_TOP20,AAVE/USDT,2026-07-22T13:00:00+00:00,2026-07-23T13:00:00+00:00,97.91,96.11,75.00000000,70.00000000,100.00000000,0.10000000,0.09816158,-1.83842304,-2.03658462,-2.03658462,24H
REMOVE_TOP20,MUB/USDT,2026-07-22T13:00:00+00:00,2026-07-23T13:00:00+00:00,972.31,977.98,75.00000000,70.00000000,100.00000000,0.10000000,0.10058315,0.58314735,0.38256420,0.38256420,24H
REMOVE_TOP20,ADA/USDT,2026-07-22T15:00:00+00:00,2026-07-23T15:00:00+00:00,0.1779,0.1705,75.00000000,70.00000000,100.00000000,0.10000000,0.09584036,-4.15964025,-4.35548061,-4.35548061,24H
REMOVE_TOP20,OPN/USDT,2026-07-23T06:00:00+00:00,2026-07-23T15:00:00+00:00,0.0718,0.0669,73.00000000,68.00000000,100.00000000,0.10000000,0.09317549,-6.82451253,-7.01768802,-7.01768802,STOP_LOSS
REMOVE_TOP20,WLD/USDT,2026-07-22T16:00:00+00:00,2026-07-23T16:00:00+00:00,0.3938,0.3766,75.00000000,70.00000000,100.00000000,0.10000000,0.09563230,-4.36769934,-4.56333164,-4.56333164,24H
REMOVE_TOP20,SKHYB/USDT,2026-07-23T00:00:00+00:00,2026-07-24T00:00:00+00:00,171.79,167.7,72.00000000,67.00000000,100.00000000,0.10000000,0.09761919,-2.38081378,-2.57843297,-2.57843297,24H
REMOVE_TOP20,RE/USDT,2026-07-23T16:00:00+00:00,2026-07-24T00:00:00+00:00,0.5261,0.5822,70.00000000,70.00000000,100.00000000,0.10000000,0.11066337,10.66337198,10.45270861,10.45270861,TAKE_PROFIT
REMOVE_TOP20,SNDKB/USDT,2026-07-23T16:00:00+00:00,2026-07-24T02:00:00+00:00,1667.76,1576.22,72.00000000,67.00000000,100.00000000,0.10000000,0.09451120,-5.48879935,-5.68331055,-5.68331055,STOP_LOSS
REMOVE_TOP20,SOXLB/USDT,2026-07-23T20:00:00+00:00,2026-07-24T02:00:00+00:00,162.95,151.66,75.00000000,70.00000000,100.00000000,0.10000000,0.09307149,-6.92850568,-7.12157717,-7.12157717,STOP_LOSS
REMOVE_TOP20,GRAM/USDT,2026-07-23T03:00:00+00:00,2026-07-24T03:00:00+00:00,1.516,1.455,73.00000000,68.00000000,100.00000000,0.10000000,0.09597625,-4.02374670,-4.21972296,-4.21972296,24H
REMOVE_TOP20,BMT/USDT,2026-07-23T05:00:00+00:00,2026-07-24T05:00:00+00:00,0.01262,0.01228,70.00000000,70.00000000,100.00000000,0.10000000,0.09730586,-2.69413629,-2.89144216,-2.89144216,24H
REMOVE_TOP20,TRUMP/USDT,2026-07-23T08:00:00+00:00,2026-07-24T08:00:00+00:00,1.639,1.598,75.00000000,70.00000000,100.00000000,0.10000000,0.09749847,-2.50152532,-2.69902379,-2.69902379,24H
REMOVE_TOP20,OPN/USDT,2026-07-24T05:00:00+00:00,2026-07-24T08:00:00+00:00,0.0694,0.0627,75.00000000,70.00000000,100.00000000,0.10000000,0.09034582,-9.65417867,-9.84452450,-9.84452450,STOP_LOSS
REMOVE_TOP20,KAITO/USDT,2026-07-23T10:00:00+00:00,2026-07-24T10:00:00+00:00,1.032,1.0396,75.00000000,70.00000000,100.00000000,0.10000000,0.10073643,0.73643411,0.53569767,0.53569767,24H
REMOVE_TOP20,KAITO/USDT,2026-07-24T10:00:00+00:00,2026-07-24T12:00:00+00:00,1.0396,0.9876,73.00000000,68.00000000,100.00000000,0.10000000,0.09499808,-5.00192382,-5.19692189,-5.19692189,STOP_LOSS
REMOVE_TOP20,PLUME/USDT,2026-07-23T13:00:00+00:00,2026-07-24T13:00:00+00:00,0.01146,0.01114,73.00000000,68.00000000,100.00000000,0.10000000,0.09720768,-2.79232112,-2.98952880,-2.98952880,24H
REMOVE_TOP20,ALLO/USDT,2026-07-24T11:00:00+00:00,2026-07-24T14:00:00+00:00,0.5096,0.47,70.00000000,65.00000000,100.00000000,0.10000000,0.09222920,-7.77080063,-7.96302983,-7.96302983,STOP_LOSS
REMOVE_TOP20,HOME/USDT,2026-07-24T14:00:00+00:00,2026-07-24T18:00:00+00:00,0.00689,0.00654,72.00000000,67.00000000,100.00000000,0.10000000,0.09492017,-5.07982583,-5.27474601,-5.27474601,STOP_LOSS
REMOVE_TOP20,HEI/USDT,2026-07-23T21:00:00+00:00,2026-07-24T21:00:00+00:00,0.103,0.0987,70.00000000,70.00000000,100.00000000,0.10000000,0.09582524,-4.17475728,-4.37058252,-4.37058252,24H
REMOVE_TOP20,XPL/USDT,2026-07-24T17:00:00+00:00,2026-07-25T03:00:00+00:00,0.08689,0.08214,75.00000000,70.00000000,100.00000000,0.10000000,0.09453332,-5.46668201,-5.66121533,-5.66121533,STOP_LOSS
REMOVE_TOP20,UNI/USDT,2026-07-24T05:00:00+00:00,2026-07-25T05:00:00+00:00,3.833,3.687,70.00000000,65.00000000,100.00000000,0.10000000,0.09619097,-3.80902687,-4.00521785,-4.00521785,24H
REMOVE_TOP20,HEMI/USDT,2026-07-24T19:00:00+00:00,2026-07-25T06:00:00+00:00,0.00532,0.00505,75.00000000,70.00000000,100.00000000,0.10000000,0.09492481,-5.07518797,-5.27011278,-5.27011278,STOP_LOSS
REMOVE_TOP20,RE/USDT,2026-07-25T07:00:00+00:00,2026-07-25T09:00:00+00:00,0.6078,0.5587,75.00000000,70.00000000,100.00000000,0.10000000,0.09192168,-8.07831524,-8.27023692,-8.27023692,STOP_LOSS
REMOVE_TOP20,GPS/USDT,2026-07-24T10:00:00+00:00,2026-07-25T10:00:00+00:00,0.00923,0.00958,70.00000000,65.00000000,100.00000000,0.10000000,0.10379198,3.79198267,3.58819068,3.58819068,24H
REMOVE_TOP20,PLUME/USDT,2026-07-24T14:00:00+00:00,2026-07-25T14:00:00+00:00,0.01141,0.01178,73.00000000,68.00000000,100.00000000,0.10000000,0.10324277,3.24276950,3.03952673,3.03952673,24H
REMOVE_TOP20,TUT/USDT,2026-07-24T21:00:00+00:00,2026-07-25T21:00:00+00:00,0.01452,0.01538,75.00000000,70.00000000,100.00000000,0.10000000,0.10592287,5.92286501,5.71694215,5.71694215,24H
REMOVE_TOP20,TREE/USDT,2026-07-25T00:00:00+00:00,2026-07-26T00:00:00+00:00,0.0394,0.0381,73.00000000,68.00000000,100.00000000,0.10000000,0.09670051,-3.29949239,-3.49619289,-3.49619289,24H
REMOVE_TOP20,ALPINE/USDT,2026-07-25T13:00:00+00:00,2026-07-26T13:00:00+00:00,0.314,0.315,75.00000000,70.00000000,100.00000000,0.10000000,0.10031847,0.31847134,0.11815287,0.11815287,24H
REMOVE_TOP20,PLUME/USDT,2026-07-25T15:00:00+00:00,2026-07-26T15:00:00+00:00,0.01177,0.01236,70.00000000,65.00000000,100.00000000,0.10000000,0.10501274,5.01274427,4.80773152,4.80773152,24H
REMOVE_TOP20,TRX/USDT,2026-07-25T16:00:00+00:00,2026-07-26T16:00:00+00:00,0.3321,0.333,70.00000000,65.00000000,100.00000000,0.10000000,0.10027100,0.27100271,0.07073171,0.07073171,24H
REMOVE_TOP20,MUBARAK/USDT,2026-07-25T19:00:00+00:00,2026-07-26T19:00:00+00:00,0.01076,0.0108,70.00000000,65.00000000,100.00000000,0.10000000,0.10037175,0.37174721,0.17137546,0.17137546,24H
REMOVE_TOP20,PEPE/USDT,2026-07-26T02:00:00+00:00,2026-07-27T02:00:00+00:00,2.86e-06,2.94e-06,70.00000000,70.00000000,100.00000000,0.10000000,0.10279720,2.79720280,2.59440559,2.59440559,24H
REMOVE_TOP20,DOT/USDT,2026-07-26T03:00:00+00:00,2026-07-27T03:00:00+00:00,0.82,0.818,70.00000000,65.00000000,100.00000000,0.10000000,0.09975610,-0.24390244,-0.44365854,-0.44365854,24H
REMOVE_TOP20,FIL/USDT,2026-07-26T04:00:00+00:00,2026-07-27T04:00:00+00:00,0.7416,0.7478,70.00000000,65.00000000,100.00000000,0.10000000,0.10083603,0.83603020,0.63519417,0.63519417,24H
REMOVE_TOP20,TAO/USDT,2026-07-26T04:00:00+00:00,2026-07-27T04:00:00+00:00,196.4,198.8,70.00000000,70.00000000,100.00000000,0.10000000,0.10122200,1.22199593,1.02077393,1.02077393,24H
REMOVE_TOP20,RARE/USDT,2026-07-26T09:00:00+00:00,2026-07-27T09:00:00+00:00,0.01279,0.01259,70.00000000,65.00000000,100.00000000,0.10000000,0.09843628,-1.56372166,-1.76215794,-1.76215794,24H
REMOVE_TOP20,LINK/USDT,2026-07-26T13:00:00+00:00,2026-07-27T13:00:00+00:00,8.458,8.772,70.00000000,65.00000000,100.00000000,0.10000000,0.10371246,3.71246157,3.50874911,3.50874911,24H
REMOVE_TOP20,EDEN/USDT,2026-07-27T09:00:00+00:00,2026-07-27T15:00:00+00:00,0.04471,0.04217,90.00000000,100.00000000,100.00000000,0.10000000,0.09431894,-5.68105569,-5.87537464,-5.87537464,STOP_LOSS
REMOVE_TOP20,ONDO/USDT,2026-07-26T16:00:00+00:00,2026-07-27T16:00:00+00:00,0.4062,0.4094,90.00000000,100.00000000,100.00000000,0.10000000,0.10078779,0.78778927,0.58700148,0.58700148,24H
REMOVE_TOP20,USDE/USDT,2026-07-26T16:00:00+00:00,2026-07-27T16:00:00+00:00,1.0009,1.0009,87.00000000,87.00000000,100.00000000,0.10000000,0.10000000,0.00000000,-0.20000000,-0.20000000,24H
REMOVE_TOP20,PLUME/USDT,2026-07-27T02:00:00+00:00,2026-07-27T17:00:00+00:00,0.01231,0.01166,90.00000000,95.00000000,100.00000000,0.10000000,0.09471974,-5.28025995,-5.47497969,-5.47497969,STOP_LOSS
REMOVE_TOP20,ENA/USDT,2026-07-27T13:00:00+00:00,2026-07-27T18:00:00+00:00,0.0923,0.0876,95.00000000,100.00000000,100.00000000,0.10000000,0.09490791,-5.09209101,-5.28699892,-5.28699892,STOP_LOSS
REMOVE_TOP20,USDC/USDT,2026-07-26T19:00:00+00:00,2026-07-27T19:00:00+00:00,1.00087,1.00084,87.00000000,87.00000000,100.00000000,0.10000000,0.09999700,-0.00299739,-0.20299439,-0.20299439,24H
REMOVE_TOP20,ALPINE/USDT,2026-07-27T03:00:00+00:00,2026-07-27T22:00:00+00:00,0.32,0.301,87.00000000,87.00000000,100.00000000,0.10000000,0.09406250,-5.93750000,-6.13156250,-6.13156250,STOP_LOSS
REMOVE_TOP20,KAITO/USDT,2026-07-27T15:00:00+00:00,2026-07-27T22:00:00+00:00,1.21,1.3423,84.00000000,84.00000000,100.00000000,0.10000000,0.11093388,10.93388430,10.72295041,10.72295041,TAKE_PROFIT
REMOVE_TOP20,CRCLB/USDT,2026-07-27T04:00:00+00:00,2026-07-28T04:00:00+00:00,63.92,63.19,87.00000000,87.00000000,100.00000000,0.10000000,0.09885795,-1.14205257,-1.34091051,-1.34091051,24H
REMOVE_TOP20,XUSD/USDT,2026-07-27T04:00:00+00:00,2026-07-28T04:00:00+00:00,1.0012,1.0012,87.00000000,87.00000000,100.00000000,0.10000000,0.10000000,0.00000000,-0.20000000,-0.20000000,24H
REMOVE_TOP20,PUMP/USDT,2026-07-27T19:00:00+00:00,2026-07-28T04:00:00+00:00,0.002128,0.002021,87.00000000,86.00000000,100.00000000,0.10000000,0.09497180,-5.02819549,-5.22316729,-5.22316729,STOP_LOSS
REMOVE_TOP20,KAITO/USDT,2026-07-27T22:00:00+00:00,2026-07-28T05:00:00+00:00,1.3423,1.2594,78.00000000,83.00000000,100.00000000,0.10000000,0.09382403,-6.17596662,-6.36979066,-6.36979066,STOP_LOSS
REMOVE_TOP20,KAITO/USDT,2026-07-28T05:00:00+00:00,2026-07-28T09:00:00+00:00,1.2594,1.1586,74.00000000,63.00000000,100.00000000,0.10000000,0.09199619,-8.00381134,-8.19580753,-8.19580753,STOP_LOSS
REMOVE_TOP20,TREE/USDT,2026-07-27T17:00:00+00:00,2026-07-28T13:00:00+00:00,0.0395,0.0374,87.00000000,86.00000000,100.00000000,0.10000000,0.09468354,-5.31645570,-5.51113924,-5.51113924,STOP_LOSS
REMOVE_TOP20,RLUSD/USDT,2026-07-27T16:00:00+00:00,2026-07-28T16:00:00+00:00,1.0013,1.0011,87.00000000,87.00000000,100.00000000,0.10000000,0.09998003,-0.01997403,-0.21995406,-0.21995406,24H
REMOVE_TOP20,MSTRB/USDT,2026-07-27T16:00:00+00:00,2026-07-28T16:00:00+00:00,97.4,98.12,81.00000000,86.00000000,100.00000000,0.10000000,0.10073922,0.73921971,0.53848049,0.53848049,24H
REMOVE_TOP20,BNB/USDT,2026-07-27T18:00:00+00:00,2026-07-28T18:00:00+00:00,575.37,569.62,87.00000000,86.00000000,100.00000000,0.10000000,0.09900064,-0.99935694,-1.19835758,-1.19835758,24H
REMOVE_TOP20,USD1/USDT,2026-07-27T22:00:00+00:00,2026-07-28T22:00:00+00:00,0.99985,0.99968,84.00000000,84.00000000,100.00000000,0.10000000,0.09998300,-0.01700255,-0.21698555,-0.21698555,24H
REMOVE_TOP20,FDUSD/USDT,2026-07-28T04:00:00+00:00,2026-07-29T04:00:00+00:00,0.9993,0.9983,87.00000000,87.00000000,100.00000000,0.10000000,0.09989993,-0.10007005,-0.29996998,-0.29996998,24H
REMOVE_TOP20,USDC/USDT,2026-07-28T04:00:00+00:00,2026-07-29T04:00:00+00:00,1.00097,1.00114,76.00000000,71.00000000,100.00000000,0.10000000,0.10001698,0.01698353,-0.18303346,-0.18303346,24H
REMOVE_TOP20,GPS/USDT,2026-07-28T04:00:00+00:00,2026-07-29T04:00:00+00:00,0.00927,0.00972,72.00000000,69.00000000,100.00000000,0.10000000,0.10485437,4.85436893,4.64951456,4.64951456,24H
REMOVE_TOP20,MUBARAK/USDT,2026-07-28T09:00:00+00:00,2026-07-29T09:00:00+00:00,0.01111,0.01131,89.00000000,89.00000000,100.00000000,0.10000000,0.10180018,1.80018002,1.59837984,1.59837984,24H
REMOVE_TOP20,U/USDT,2026-07-28T13:00:00+00:00,2026-07-29T13:00:00+00:00,1.0008,1.0008,87.00000000,87.00000000,100.00000000,0.10000000,0.10000000,0.00000000,-0.20000000,-0.20000000,24H
REMOVE_TOP20,AAVE/USDT,2026-07-28T16:00:00+00:00,2026-07-29T16:00:00+00:00,101.26,98.73,95.00000000,100.00000000,100.00000000,0.10000000,0.09750148,-2.49851866,-2.69602015,-2.69602015,24H
REMOVE_TOP20,ONDO/USDT,2026-07-28T16:00:00+00:00,2026-07-29T16:00:00+00:00,0.4088,0.3937,89.00000000,88.00000000,100.00000000,0.10000000,0.09630626,-3.69373777,-3.89004403,-3.89004403,24H
REMOVE_TOP20,PLUME/USDT,2026-07-28T18:00:00+00:00,2026-07-29T18:00:00+00:00,0.01219,0.01212,89.00000000,88.00000000,100.00000000,0.10000000,0.09942576,-0.57424118,-0.77366694,-0.77366694,24H
REMOVE_TOP20,RE/USDT,2026-07-29T16:00:00+00:00,2026-07-29T18:00:00+00:00,0.4686,0.5159,79.00000000,76.00000000,100.00000000,0.10000000,0.11009390,10.09389671,9.88380282,9.88380282,TAKE_PROFIT
REMOVE_TOP20,RLUSD/USDT,2026-07-28T22:00:00+00:00,2026-07-29T22:00:00+00:00,1.0012,1.0012,76.00000000,71.00000000,100.00000000,0.10000000,0.10000000,0.00000000,-0.20000000,-0.20000000,24H
REMOVE_TOP20,KAITO/USDT,2026-07-29T04:00:00+00:00,2026-07-30T03:00:00+00:00,1.264,1.1818,89.00000000,88.00000000,100.00000000,0.10000000,0.09349684,-6.50316456,-6.69666139,-6.69666139,STOP_LOSS
REMOVE_TOP20,GPS/USDT,2026-07-29T04:00:00+00:00,2026-07-30T04:00:00+00:00,0.00972,0.00982,90.00000000,95.00000000,100.00000000,0.10000000,0.10102881,1.02880658,0.82777778,0.82777778,24H
REMOVE_TOP20,USDC/USDT,2026-07-29T04:00:00+00:00,2026-07-30T04:00:00+00:00,1.00114,1.00112,84.00000000,84.00000000,100.00000000,0.10000000,0.09999800,-0.00199772,-0.20199572,-0.20199572,24H
REMOVE_TOP20,UNI/USDT,2026-07-29T09:00:00+00:00,2026-07-30T09:00:00+00:00,3.975,4.03,95.00000000,100.00000000,100.00000000,0.10000000,0.10138365,1.38364780,1.18226415,1.18226415,24H
REMOVE_TOP20,EURI/USDT,2026-07-29T13:00:00+00:00,2026-07-30T13:00:00+00:00,1.1398,1.1526,77.00000000,64.00000000,100.00000000,0.10000000,0.10112300,1.12300404,0.92188103,0.92188103,24H
REMOVE_TOP20,U/USDT,2026-07-29T16:00:00+00:00,2026-07-30T16:00:00+00:00,1.0009,1.0007,87.00000000,87.00000000,100.00000000,0.10000000,0.09998002,-0.01998202,-0.21996203,-0.21996203,24H
REMOVE_TOP20,GPS/USDT,2026-07-30T04:00:00+00:00,2026-07-30T17:00:00+00:00,0.00982,0.0092,82.00000000,82.00000000,100.00000000,0.10000000,0.09368635,-6.31364562,-6.50733198,-6.50733198,STOP_LOSS
REMOVE_TOP20,ADA/USDT,2026-07-29T18:00:00+00:00,2026-07-30T18:00:00+00:00,0.1679,0.1723,84.00000000,89.00000000,100.00000000,0.10000000,0.10262061,2.62060750,2.41798690,2.41798690,24H
REMOVE_TOP20,PLUME/USDT,2026-07-29T18:00:00+00:00,2026-07-30T18:00:00+00:00,0.01212,0.01165,84.00000000,84.00000000,100.00000000,0.10000000,0.09612211,-3.87788779,-4.07400990,-4.07400990,24H
REMOVE_TOP20,ONDO/USDT,2026-07-29T22:00:00+00:00,2026-07-30T22:00:00+00:00,0.4051,0.4168,74.00000000,63.00000000,100.00000000,0.10000000,0.10288818,2.88817576,2.68528758,2.68528758,24H
REMOVE_TOP20,ALPINE/USDT,2026-07-30T03:00:00+00:00,2026-07-31T03:00:00+00:00,0.32,0.314,93.00000000,98.00000000,100.00000000,0.10000000,0.09812500,-1.87500000,-2.07312500,-2.07312500,24H
REMOVE_TOP20,USD1/USDT,2026-07-30T04:00:00+00:00,2026-07-31T04:00:00+00:00,1.00003,0.99997,87.00000000,87.00000000,100.00000000,0.10000000,0.09999400,-0.00599982,-0.20599382,-0.20599382,24H
REMOVE_TOP20,BNB/USDT,2026-07-30T09:00:00+00:00,2026-07-31T09:00:00+00:00,579.84,590.49,87.00000000,86.00000000,100.00000000,0.10000000,0.10183671,1.83671358,1.63487686,1.63487686,24H
REMOVE_TOP20,MUBARAK/USDT,2026-07-31T04:00:00+00:00,2026-07-31T11:00:00+00:00,0.0121,0.01333,95.00000000,100.00000000,100.00000000,0.10000000,0.11016529,10.16528926,9.95512397,9.95512397,TAKE_PROFIT
REMOVE_TOP20,PAXG/USDT,2026-07-30T13:00:00+00:00,2026-07-31T13:00:00+00:00,4105.88,4027.22,93.00000000,98.00000000,100.00000000,0.10000000,0.09808421,-1.91578906,-2.11387327,-2.11387327,24H
REMOVE_TOP20,AAVE/USDT,2026-07-30T16:00:00+00:00,2026-07-31T16:00:00+00:00,100.23,96.59,90.00000000,95.00000000,100.00000000,0.10000000,0.09636835,-3.63164721,-3.82801556,-3.82801556,24H
REMOVE_TOP20,PUMP/USDT,2026-07-30T17:00:00+00:00,2026-07-31T17:00:00+00:00,0.001972,0.002139,87.00000000,86.00000000,100.00000000,0.10000000,0.10846856,8.46855984,8.26009128,8.26009128,24H
REMOVE_TOP20,FIL/USDT,2026-07-30T18:00:00+00:00,2026-07-31T18:00:00+00:00,0.7153,0.7209,89.00000000,89.00000000,100.00000000,0.10000000,0.10078289,0.78288830,0.58210541,0.58210541,24H
REMOVE_TOP20,TUT/USDT,2026-07-30T18:00:00+00:00,2026-07-31T18:00:00+00:00,0.01494,0.01637,82.00000000,82.00000000,100.00000000,0.10000000,0.10957162,9.57161981,9.36204819,9.36204819,24H
REMOVE_TOP20,SOXLB/USDT,2026-07-30T22:00:00+00:00,2026-07-31T19:00:00+00:00,122.59,114.81,84.00000000,89.00000000,100.00000000,0.10000000,0.09365364,-6.34635778,-6.54001142,-6.54001142,STOP_LOSS
REMOVE_TOP20,MUBARAK/USDT,2026-07-31T16:00:00+00:00,2026-07-31T20:00:00+00:00,0.01371,0.01259,90.00000000,100.00000000,100.00000000,0.10000000,0.09183078,-8.16921955,-8.36105033,-8.36105033,STOP_LOSS
REMOVE_TOP20,BEL/USDT,2026-07-31T03:00:00+00:00,2026-08-01T03:00:00+00:00,0.0969,0.0974,89.00000000,89.00000000,100.00000000,0.10000000,0.10051600,0.51599587,0.31547988,0.31547988,24H
REMOVE_TOP20,ALPINE/USDT,2026-07-31T09:00:00+00:00,2026-08-01T09:00:00+00:00,0.318,0.321,90.00000000,95.00000000,100.00000000,0.10000000,0.10094340,0.94339623,0.74245283,0.74245283,24H
REMOVE_TOP20,USD1/USDT,2026-07-31T11:00:00+00:00,2026-08-01T11:00:00+00:00,1.00003,0.99989,81.00000000,80.00000000,100.00000000,0.10000000,0.09998600,-0.01399958,-0.21398558,-0.21398558,24H
REMOVE_TOP20,HOME/USDT,2026-07-31T19:00:00+00:00,2026-08-01T11:00:00+00:00,0.0055,0.0062,78.00000000,73.00000000,100.00000000,0.10000000,0.11272727,12.72727273,12.51454545,12.51454545,TAKE_PROFIT
REMOVE_TOP20,HOME/USDT,2026-08-01T11:00:00+00:00,2026-08-01T16:00:00+00:00,0.0062,0.00575,84.00000000,89.00000000,100.00000000,0.10000000,0.09274194,-7.25806452,-7.45080645,-7.45080645,STOP_LOSS
REMOVE_TOP20,EURI/USDT,2026-07-31T17:00:00+00:00,2026-08-01T17:00:00+00:00,1.1539,1.1526,90.00000000,95.00000000,100.00000000,0.10000000,0.09988734,-0.11266141,-0.31254875,-0.31254875,24H
REMOVE_TOP20,ADA/USDT,2026-07-31T17:00:00+00:00,2026-08-01T17:00:00+00:00,0.1713,0.1732,87.00000000,86.00000000,100.00000000,0.10000000,0.10110917,1.10916521,0.90805604,0.90805604,24H
REMOVE_TOP20,PUMP/USDT,2026-07-31T18:00:00+00:00,2026-08-01T18:00:00+00:00,0.002123,0.002072,79.00000000,74.00000000,100.00000000,0.10000000,0.09759774,-2.40226095,-2.59985869,-2.59985869,24H
REMOVE_TOP20,NEAR/USDT,2026-07-31T18:00:00+00:00,2026-08-01T18:00:00+00:00,1.702,1.66,78.00000000,73.00000000,100.00000000,0.10000000,0.09753231,-2.46768508,-2.66521739,-2.66521739,24H
REMOVE_TOP20,MUBARAK/USDT,2026-08-01T09:00:00+00:00,2026-08-01T19:00:00+00:00,0.01303,0.0121,81.00000000,80.00000000,100.00000000,0.10000000,0.09286262,-7.13737529,-7.33023791,-7.33023791,STOP_LOSS
REMOVE_TOP20,EUR/USDT,2026-07-31T20:00:00+00:00,2026-08-01T20:00:00+00:00,1.1535,1.1531,84.00000000,84.00000000,100.00000000,0.10000000,0.09996532,-0.03467707,-0.23464239,-0.23464239,24H
REMOVE_TOP20,HOME/USDT,2026-08-01T18:00:00+00:00,2026-08-02T01:00:00+00:00,0.00604,0.00672,89.00000000,89.00000000,100.00000000,0.10000000,0.11125828,11.25827815,11.04701987,11.04701987,TAKE_PROFIT
REMOVE_TOP20,TAO/USDT,2026-08-01T03:00:00+00:00,2026-08-02T03:00:00+00:00,197.7,194.1,89.00000000,88.00000000,100.00000000,0.10000000,0.09817906,-1.82094082,-2.01911988,-2.01911988,24H
REMOVE_TOP20,PUMP/USDT,2026-08-02T01:00:00+00:00,2026-08-02T10:00:00+00:00,0.002265,0.002146,95.00000000,100.00000000,100.00000000,0.10000000,0.09474614,-5.25386313,-5.44860927,-5.44860927,STOP_LOSS
REMOVE_TOP20,TUT/USDT,2026-08-01T11:00:00+00:00,2026-08-02T11:00:00+00:00,0.01758,0.01742,90.00000000,100.00000000,100.00000000,0.10000000,0.09908987,-0.91012514,-1.10921502,-1.10921502,24H
REMOVE_TOP20,KAITO/USDT,2026-08-01T18:00:00+00:00,2026-08-02T13:00:00+00:00,1.2084,1.0894,95.00000000,100.00000000,100.00000000,0.10000000,0.09015227,-9.84773254,-10.03788481,-10.03788481,STOP_LOSS
REMOVE_TOP20,PEPE/USDT,2026-08-01T16:00:00+00:00,2026-08-02T16:00:00+00:00,2.78e-06,2.91e-06,87.00000000,87.00000000,100.00000000,0.10000000,0.10467626,4.67625899,4.47158273,4.47158273,24H
REMOVE_TOP20,ALPINE/USDT,2026-08-01T17:00:00+00:00,2026-08-02T17:00:00+00:00,0.328,0.319,93.00000000,98.00000000,100.00000000,0.10000000,0.09725610,-2.74390244,-2.94115854,-2.94115854,24H
REMOVE_TOP20,DOT/USDT,2026-08-01T17:00:00+00:00,2026-08-02T17:00:00+00:00,0.775,0.798,81.00000000,81.00000000,100.00000000,0.10000000,0.10296774,2.96774194,2.76477419,2.76477419,24H
REMOVE_TOP20,ARB/USDT,2026-08-01T19:00:00+00:00,2026-08-02T19:00:00+00:00,0.0785,0.0816,81.00000000,81.00000000,100.00000000,0.10000000,0.10394904,3.94904459,3.74509554,3.74509554,24H
REMOVE_TOP20,ADA/USDT,2026-08-01T20:00:00+00:00,2026-08-02T20:00:00+00:00,0.1732,0.1874,72.00000000,59.00000000,100.00000000,0.10000000,0.10819861,8.19861432,7.99041570,7.99041570,24H
REMOVE_TOP20,EWYB/USDT,2026-08-02T03:00:00+00:00,2026-08-03T03:00:00+00:00,160.35,161.16,89.00000000,89.00000000,100.00000000,0.10000000,0.10050514,0.50514500,0.30463985,0.30463985,24H
REMOVE_TOP20,TUT/USDT,2026-08-02T20:00:00+00:00,2026-08-03T07:00:00+00:00,0.01766,0.01954,78.00000000,65.00000000,100.00000000,0.10000000,0.11064553,10.64552661,10.43488109,10.43488109,TAKE_PROFIT
REMOVE_TOP20,SKHYB/USDT,2026-08-02T17:00:00+00:00,2026-08-03T10:00:00+00:00,148.35,140.28,84.00000000,84.00000000,100.00000000,0.10000000,0.09456016,-5.43983822,-5.63439838,-5.63439838,STOP_LOSS
REMOVE_TOP20,MUB/USDT,2026-08-02T17:00:00+00:00,2026-08-03T10:00:00+00:00,849.37,805.57,81.00000000,80.00000000,100.00000000,0.10000000,0.09484324,-5.15676325,-5.35160648,-5.35160648,STOP_LOSS
REMOVE_TOP20,EUR/USDT,2026-08-02T11:00:00+00:00,2026-08-03T11:00:00+00:00,1.1541,1.1544,87.00000000,87.00000000,100.00000000,0.10000000,0.10002599,0.02599428,-0.17403171,-0.17403171,24H
REMOVE_TOP20,KORUB/USDT,2026-08-02T17:00:00+00:00,2026-08-03T11:00:00+00:00,15.66,14.58,81.00000000,81.00000000,100.00000000,0.10000000,0.09310345,-6.89655172,-7.08965517,-7.08965517,STOP_LOSS
REMOVE_TOP20,FIL/USDT,2026-08-02T13:00:00+00:00,2026-08-03T13:00:00+00:00,0.72,0.7249,84.00000000,84.00000000,100.00000000,0.10000000,0.10068056,0.68055556,0.47987500,0.47987500,24H
REMOVE_TOP20,BICO/USDT,2026-08-03T10:00:00+00:00,2026-08-03T13:00:00+00:00,0.01749,0.01962,90.00000000,92.00000000,100.00000000,0.10000000,0.11217839,12.17838765,11.96620926,11.96620926,TAKE_PROFIT
REMOVE_TOP20,ALLO/USDT,2026-08-03T11:00:00+00:00,2026-08-03T13:00:00+00:00,0.292,0.2598,89.00000000,89.00000000,100.00000000,0.10000000,0.08897260,-11.02739726,-11.21636986,-11.21636986,STOP_LOSS
REMOVE_TOP20,MUBARAK/USDT,2026-08-02T16:00:00+00:00,2026-08-03T16:00:00+00:00,0.01273,0.01266,92.00000000,97.00000000,100.00000000,0.10000000,0.09945012,-0.54988217,-0.74933229,-0.74933229,24H
REMOVE_TOP20,NEAR/USDT,2026-08-02T19:00:00+00:00,2026-08-03T19:00:00+00:00,1.707,1.742,84.00000000,84.00000000,100.00000000,0.10000000,0.10205038,2.05038079,1.84833040,1.84833040,24H
REMOVE_TOP20,USD1/USDT,2026-08-03T03:00:00+00:00,2026-08-04T03:00:00+00:00,1.00003,1.00004,84.00000000,84.00000000,100.00000000,0.10000000,0.10000100,0.00099997,-0.19900103,-0.19900103,24H
REMOVE_TOP20,HOME/USDT,2026-08-03T16:00:00+00:00,2026-08-04T03:00:00+00:00,0.00781,0.00728,95.00000000,100.00000000,100.00000000,0.10000000,0.09321383,-6.78617157,-6.97938540,-6.97938540,STOP_LOSS
REMOVE_TOP20,BMT/USDT,2026-08-03T07:00:00+00:00,2026-08-04T07:00:00+00:00,0.0119,0.01181,92.00000000,97.00000000,100.00000000,0.10000000,0.09924370,-0.75630252,-0.95554622,-0.95554622,24H
REMOVE_TOP20,HOME/USDT,2026-08-04T07:00:00+00:00,2026-08-04T08:00:00+00:00,0.00949,0.00878,87.00000000,84.00000000,100.00000000,0.10000000,0.09251844,-7.48155954,-7.67407798,-7.67407798,STOP_LOSS
REMOVE_TOP20,ENA/USDT,2026-08-03T10:00:00+00:00,2026-08-04T10:00:00+00:00,0.09,0.091,95.00000000,100.00000000,100.00000000,0.10000000,0.10111111,1.11111111,0.91000000,0.91000000,24H
REMOVE_TOP20,ADA/USDT,2026-08-03T11:00:00+00:00,2026-08-04T11:00:00+00:00,0.1865,0.1945,89.00000000,88.00000000,100.00000000,0.10000000,0.10428954,4.28954424,4.08525469,4.08525469,24H
REMOVE_TOP20,PEPE/USDT,2026-08-03T13:00:00+00:00,2026-08-04T13:00:00+00:00,2.91e-06,2.89e-06,95.00000000,100.00000000,100.00000000,0.10000000,0.09931271,-0.68728522,-0.88659794,-0.88659794,24H
REMOVE_TOP20,RARE/USDT,2026-08-03T13:00:00+00:00,2026-08-04T13:00:00+00:00,0.01207,0.01172,89.00000000,89.00000000,100.00000000,0.10000000,0.09710025,-2.89975145,-3.09685170,-3.09685170,24H
REMOVE_TOP20,BNB/USDT,2026-08-03T13:00:00+00:00,2026-08-04T13:00:00+00:00,588.21,589.18,87.00000000,87.00000000,100.00000000,0.10000000,0.10016491,0.16490709,-0.03525782,-0.03525782,24H
REMOVE_TOP20,PUMP/USDT,2026-08-03T19:00:00+00:00,2026-08-04T19:00:00+00:00,0.002184,0.002402,89.00000000,88.00000000,100.00000000,0.10000000,0.10998168,9.98168498,9.77170330,9.77170330,24H
REMOVE_TOP20,ACE/USDT,2026-08-04T10:00:00+00:00,2026-08-05T01:00:00+00:00,0.0671,0.0742,89.00000000,89.00000000,100.00000000,0.10000000,0.11058122,10.58122206,10.37064083,10.37064083,TAKE_PROFIT
REMOVE_TOP20,ARB/USDT,2026-08-04T03:00:00+00:00,2026-08-05T03:00:00+00:00,0.0831,0.0806,84.00000000,84.00000000,100.00000000,0.10000000,0.09699158,-3.00842359,-3.20541516,-3.20541516,24H
REMOVE_TOP20,DOT/USDT,2026-08-04T03:00:00+00:00,2026-08-05T03:00:00+00:00,0.84,0.846,82.00000000,86.00000000,100.00000000,0.10000000,0.10071429,0.71428571,0.51357143,0.51357143,24H
REMOVE_TOP20,KORUB/USDT,2026-08-05T01:00:00+00:00,2026-08-05T08:00:00+00:00,19.11,18.07,92.00000000,97.00000000,100.00000000,0.10000000,0.09455782,-5.44217687,-5.63673469,-5.63673469,STOP_LOSS
REMOVE_TOP20,BMT/USDT,2026-08-04T11:00:00+00:00,2026-08-05T11:00:00+00:00,0.0119,0.0124,90.00000000,95.00000000,100.00000000,0.10000000,0.10420168,4.20168067,3.99747899,3.99747899,24H
REMOVE_TOP20,EWYB/USDT,2026-08-04T13:00:00+00:00,2026-08-05T13:00:00+00:00,168.08,171.47,95.00000000,100.00000000,100.00000000,0.10000000,0.10201690,2.01689672,1.81487982,1.81487982,24H
REMOVE_TOP20,PORTAL/USDT,2026-08-04T13:00:00+00:00,2026-08-05T13:00:00+00:00,0.01059,0.01086,95.00000000,100.00000000,100.00000000,0.10000000,0.10254958,2.54957507,2.34702550,2.34702550,24H
REMOVE_TOP20,SNDKB/USDT,2026-08-04T13:00:00+00:00,2026-08-05T13:00:00+00:00,1383.52,1438.45,95.00000000,100.00000000,100.00000000,0.10000000,0.10397031,3.97030762,3.76633731,3.76633731,24H
REMOVE_TOP20,MUBARAK/USDT,2026-08-04T16:00:00+00:00,2026-08-05T16:00:00+00:00,0.01305,0.01317,95.00000000,100.00000000,100.00000000,0.10000000,0.10091954,0.91954023,0.71862069,0.71862069,24H
REMOVE_TOP20,CHIP/USDT,2026-08-04T19:00:00+00:00,2026-08-05T19:00:00+00:00,0.02539,0.02483,86.00000000,86.00000000,100.00000000,0.10000000,0.09779441,-2.20559275,-2.40338716,-2.40338716,24H
REMOVE_TOP20,SNXXB/USDT,2026-08-05T16:00:00+00:00,2026-08-05T19:00:00+00:00,12.64,11.41,95.00000000,100.00000000,100.00000000,0.10000000,0.09026899,-9.73101266,-9.92128165,-9.92128165,STOP_LOSS
REMOVE_TOP20,FET/USDT,2026-08-05T05:00:00+00:00,2026-08-05T21:00:00+00:00,0.1517,0.1423,87.00000000,92.00000000,100.00000000,0.10000000,0.09380356,-6.19644034,-6.39024390,-6.39024390,STOP_LOSS
REMOVE_TOP20,KORUB/USDT,2026-08-05T13:00:00+00:00,2026-08-05T21:00:00+00:00,19.25,18.09,95.00000000,100.00000000,100.00000000,0.10000000,0.09397403,-6.02597403,-6.21994805,-6.21994805,STOP_LOSS
REMOVE_TOP20,MUB/USDT,2026-08-05T13:00:00+00:00,2026-08-06T01:00:00+00:00,919,871.04,95.00000000,100.00000000,100.00000000,0.10000000,0.09478128,-5.21871600,-5.41349728,-5.41349728,STOP_LOSS
REMOVE_TOP20,ZEC/USDT,2026-08-05T03:00:00+00:00,2026-08-06T03:00:00+00:00,512.98,509.38,87.00000000,86.00000000,100.00000000,0.10000000,0.09929822,-0.70178175,-0.90107996,-0.90107996,24H
REMOVE_TOP20,HEMI/USDT,2026-08-05T05:00:00+00:00,2026-08-06T05:00:00+00:00,0.00482,0.005,95.00000000,100.00000000,100.00000000,0.10000000,0.10373444,3.73443983,3.53070539,3.53070539,24H
REMOVE_TOP20,MUBARAK/USDT,2026-08-05T21:00:00+00:00,2026-08-06T05:00:00+00:00,0.01397,0.01324,95.00000000,100.00000000,100.00000000,0.10000000,0.09477452,-5.22548318,-5.42025770,-5.42025770,STOP_LOSS
REMOVE_TOP20,BICO/USDT,2026-08-06T05:00:00+00:00,2026-08-06T06:00:00+00:00,0.02993,0.0283,89.00000000,80.00000000,100.00000000,0.10000000,0.09455396,-5.44604076,-5.64059472,-5.64059472,STOP_LOSS
REMOVE_TOP20,ADA/USDT,2026-08-05T08:00:00+00:00,2026-08-06T08:00:00+00:00,0.1939,0.1895,87.00000000,86.00000000,100.00000000,0.10000000,0.09773079,-2.26921093,-2.46694172,-2.46694172,24H
REMOVE_TOP20,EWYB/USDT,2026-08-05T13:00:00+00:00,2026-08-06T10:00:00+00:00,171.47,162.5,95.00000000,100.00000000,100.00000000,0.10000000,0.09476876,-5.23123578,-5.42600455,-5.42600455,STOP_LOSS
REMOVE_TOP20,EURI/USDT,2026-08-05T11:00:00+00:00,2026-08-06T11:00:00+00:00,1.1558,1.1549,87.00000000,87.00000000,100.00000000,0.10000000,0.09992213,-0.07786814,-0.27779028,-0.27779028,24H
REMOVE_TOP20,HOME/USDT,2026-08-06T08:00:00+00:00,2026-08-06T11:00:00+00:00,0.00933,0.01049,89.00000000,88.00000000,100.00000000,0.10000000,0.11243301,12.43301179,12.22057878,12.22057878,TAKE_PROFIT
REMOVE_TOP20,HOME/USDT,2026-08-06T11:00:00+00:00,2026-08-06T15:00:00+00:00,0.01049,0.00972,95.00000000,92.00000000,100.00000000,0.10000000,0.09265968,-7.34032412,-7.53298379,-7.53298379,STOP_LOSS
REMOVE_TOP20,PORTAL/USDT,2026-08-05T19:00:00+00:00,2026-08-06T16:00:00+00:00,0.01125,0.01264,95.00000000,100.00000000,100.00000000,0.10000000,0.11235556,12.35555556,12.14320000,12.14320000,TAKE_PROFIT
REMOVE_TOP20,MSTRB/USDT,2026-08-05T19:00:00+00:00,2026-08-06T19:00:00+00:00,98.4,96.84,89.00000000,88.00000000,100.00000000,0.10000000,0.09841463,-1.58536585,-1.78378049,-1.78378049,24H
REMOVE_TOP20,FDUSD/USDT,2026-08-06T01:00:00+00:00,2026-08-07T01:00:00+00:00,0.9982,0.9982,87.00000000,87.00000000,100.00000000,0.10000000,0.10000000,0.00000000,-0.20000000,-0.20000000,24H
REMOVE_TOP20,BMT/USDT,2026-08-06T03:00:00+00:00,2026-08-07T03:00:00+00:00,0.01246,0.01269,93.00000000,98.00000000,100.00000000,0.10000000,0.10184591,1.84590690,1.64406100,1.64406100,24H
REMOVE_TOP20,ONG/USDT,2026-08-06T05:00:00+00:00,2026-08-07T05:00:00+00:00,0.04253,0.04273,89.00000000,89.00000000,100.00000000,0.10000000,0.10047026,0.47025629,0.26978603,0.26978603,24H
REMOVE_TOP20,ENA/USDT,2026-08-06T06:00:00+00:00,2026-08-07T06:00:00+00:00,0.0925,0.093,89.00000000,88.00000000,100.00000000,0.10000000,0.10054054,0.54054054,0.34000000,0.34000000,24H
REMOVE_TOP20,TUT/USDT,2026-08-07T03:00:00+00:00,2026-08-07T06:00:00+00:00,0.02763,0.03044,95.00000000,100.00000000,100.00000000,0.10000000,0.11017010,10.17010496,9.95993485,9.95993485,TAKE_PROFIT
REMOVE_TOP20,GPS/USDT,2026-08-06T10:00:00+00:00,2026-08-07T10:00:00+00:00,0.0095,0.00956,90.00000000,95.00000000,100.00000000,0.10000000,0.10063158,0.63157895,0.43094737,0.43094737,24H
REMOVE_TOP20,EDEN/USDT,2026-08-06T11:00:00+00:00,2026-08-07T11:00:00+00:00,0.0395,0.04135,89.00000000,89.00000000,100.00000000,0.10000000,0.10468354,4.68354430,4.47886076,4.47886076,24H
REMOVE_TOP20,TUT/USDT,2026-08-07T07:00:00+00:00,2026-08-07T11:00:00+00:00,0.03089,0.03468,92.00000000,97.00000000,100.00000000,0.10000000,0.11226934,12.26934283,12.05707349,12.05707349,TAKE_PROFIT
REMOVE_TOP20,CRCLB/USDT,2026-08-06T15:00:00+00:00,2026-08-07T15:00:00+00:00,65.41,66.78,95.00000000,100.00000000,100.00000000,0.10000000,0.10209448,2.09448097,1.89238649,1.89238649,24H
REMOVE_TOP20,BICO/USDT,2026-08-07T11:00:00+00:00,2026-08-07T15:00:00+00:00,0.04798,0.05296,92.00000000,89.00000000,100.00000000,0.10000000,0.11037932,10.37932472,10.16894539,10.16894539,TAKE_PROFIT
REMOVE_TOP20,ADA/USDT,2026-08-06T16:00:00+00:00,2026-08-07T16:00:00+00:00,0.2068,0.1993,90.00000000,100.00000000,100.00000000,0.10000000,0.09637331,-3.62669246,-3.82306576,-3.82306576,24H
REMOVE_TOP20,PUMP/USDT,2026-08-06T19:00:00+00:00,2026-08-07T19:00:00+00:00,0.00238,0.002347,84.00000000,84.00000000,100.00000000,0.10000000,0.09861345,-1.38655462,-1.58516807,-1.58516807,24H
REMOVE_TOP20,HEMI/USDT,2026-08-07T10:00:00+00:00,2026-08-07T21:00:00+00:00,0.00541,0.00512,92.00000000,97.00000000,100.00000000,0.10000000,0.09463956,-5.36044362,-5.55508318,-5.55508318,STOP_LOSS
REMOVE_TOP20,OPN/USDT,2026-08-07T01:00:00+00:00,2026-08-08T01:00:00+00:00,0.0532,0.0521,81.00000000,80.00000000,100.00000000,0.10000000,0.09793233,-2.06766917,-2.26560150,-2.26560150,24H
REMOVE_TOP20,BICO/USDT,2026-08-07T15:00:00+00:00,2026-08-08T03:00:00+00:00,0.05296,0.05893,89.00000000,80.00000000,100.00000000,0.10000000,0.11127266,11.27265861,11.06138595,11.06138595,TAKE_PROFIT
REMOVE_TOP20,RARE/USDT,2026-08-07T05:00:00+00:00,2026-08-08T05:00:00+00:00,0.0127,0.01232,90.00000000,100.00000000,100.00000000,0.10000000,0.09700787,-2.99212598,-3.18913386,-3.18913386,24H
REMOVE_TOP20,PAXG/USDT,2026-08-07T06:00:00+00:00,2026-08-08T06:00:00+00:00,4291.5,4337.99,90.00000000,95.00000000,100.00000000,0.10000000,0.10108330,1.08330421,0.88222090,0.88222090,24H
REMOVE_TOP20,BMT/USDT,2026-08-07T07:00:00+00:00,2026-08-08T07:00:00+00:00,0.01297,0.01277,92.00000000,97.00000000,100.00000000,0.10000000,0.09845798,-1.54202005,-1.74047803,-1.74047803,24H
REMOVE_TOP20,MSTRB/USDT,2026-08-07T11:00:00+00:00,2026-08-08T11:00:00+00:00,98.72,101.15,93.00000000,98.00000000,100.00000000,0.10000000,0.10246151,2.46150729,2.25904579,2.25904579,24H
REMOVE_TOP20,RE/USDT,2026-08-08T05:00:00+00:00,2026-08-08T11:00:00+00:00,0.4102,0.4529,89.00000000,89.00000000,100.00000000,0.10000000,0.11040956,10.40955631,10.19914676,10.19914676,TAKE_PROFIT
REMOVE_TOP20,LTC/USDT,2026-08-07T15:00:00+00:00,2026-08-08T15:00:00+00:00,45.96,45.88,90.00000000,95.00000000,100.00000000,0.10000000,0.09982594,-0.17406440,-0.37389034,-0.37389034,24H
REMOVE_TOP20,GPS/USDT,2026-08-07T16:00:00+00:00,2026-08-08T16:00:00+00:00,0.00987,0.00982,90.00000000,95.00000000,100.00000000,0.10000000,0.09949341,-0.50658561,-0.70607903,-0.70607903,24H
REMOVE_TOP20,ACE/USDT,2026-08-08T15:00:00+00:00,2026-08-08T16:00:00+00:00,0.1407,0.1584,95.00000000,92.00000000,100.00000000,0.10000000,0.11257996,12.57995736,12.36737740,12.36737740,TAKE_PROFIT
REMOVE_TOP20,BCH/USDT,2026-08-07T21:00:00+00:00,2026-08-08T21:00:00+00:00,215.8,216.4,81.00000000,80.00000000,100.00000000,0.10000000,0.10027804,0.27803522,0.07775718,0.07775718,24H
REMOVE_TOP20,BICO/USDT,2026-08-08T03:00:00+00:00,2026-08-09T00:00:00+00:00,0.05893,0.06662,89.00000000,80.00000000,100.00000000,0.10000000,0.11304938,13.04938062,12.83633124,12.83633124,TAKE_PROFIT
REMOVE_TOP20,ALPINE/USDT,2026-08-08T01:00:00+00:00,2026-08-09T01:00:00+00:00,0.321,0.334,87.00000000,87.00000000,100.00000000,0.10000000,0.10404984,4.04984424,3.84579439,3.84579439,24H
REMOVE_TOP20,OPN/USDT,2026-08-08T03:00:00+00:00,2026-08-09T03:00:00+00:00,0.0536,0.0541,89.00000000,88.00000000,100.00000000,0.10000000,0.10093284,0.93283582,0.73190299,0.73190299,24H
REMOVE_TOP20,MUBARAK/USDT,2026-08-08T11:00:00+00:00,2026-08-09T04:00:00+00:00,0.01469,0.01668,93.00000000,98.00000000,100.00000000,0.10000000,0.11354663,13.54663036,13.33308373,13.33308373,TAKE_PROFIT
REMOVE_TOP20,TAO/USDT,2026-08-08T06:00:00+00:00,2026-08-09T06:00:00+00:00,197.4,205.4,90.00000000,95.00000000,100.00000000,0.10000000,0.10405268,4.05268490,3.84863222,3.84863222,24H
REMOVE_TOP20,RARE/USDT,2026-08-08T07:00:00+00:00,2026-08-09T07:00:00+00:00,0.01242,0.01339,93.00000000,98.00000000,100.00000000,0.10000000,0.10780998,7.80998390,7.60217391,7.60217391,24H
REMOVE_TOP20,BICO/USDT,2026-08-09T00:00:00+00:00,2026-08-09T08:00:00+00:00,0.06662,0.05181,92.00000000,89.00000000,100.00000000,0.10000000,0.07776944,-22.23056139,-22.40833083,-22.40833083,STOP_LOSS
REMOVE_TOP20,MUBARAK/USDT,2026-08-09T07:00:00+00:00,2026-08-09T10:00:00+00:00,0.0179,0.02001,95.00000000,92.00000000,100.00000000,0.10000000,0.11178771,11.78770950,11.57592179,11.57592179,TAKE_PROFIT
REMOVE_TOP20,HEMI/USDT,2026-08-08T11:00:00+00:00,2026-08-09T11:00:00+00:00,0.00536,0.00553,92.00000000,97.00000000,100.00000000,0.10000000,0.10317164,3.17164179,2.96847015,2.96847015,24H
REMOVE_TOP20,MUBARAK/USDT,2026-08-09T11:00:00+00:00,2026-08-09T12:00:00+00:00,0.01966,0.01844,89.00000000,80.00000000,100.00000000,0.10000000,0.09379451,-6.20549339,-6.39928789,-6.39928789,STOP_LOSS
REMOVE_TOP20,BEL/USDT,2026-08-08T16:00:00+00:00,2026-08-09T16:00:00+00:00,0.1078,0.1117,90.00000000,95.00000000,100.00000000,0.10000000,0.10361781,3.61781076,3.41419295,3.41419295,24H
REMOVE_TOP20,ONG/USDT,2026-08-08T16:00:00+00:00,2026-08-09T16:00:00+00:00,0.04311,0.04355,90.00000000,95.00000000,100.00000000,0.10000000,0.10102064,1.02064486,0.81962422,0.81962422,24H
REMOVE_TOP20,PORTAL/USDT,2026-08-08T21:00:00+00:00,2026-08-09T21:00:00+00:00,0.01177,0.01148,90.00000000,100.00000000,100.00000000,0.10000000,0.09753611,-2.46389125,-2.66142736,-2.66142736,24H
REMOVE_TOP20,PLUME/USDT,2026-08-09T01:00:00+00:00,2026-08-10T01:00:00+00:00,0.01205,0.01221,85.00000000,87.00000000,100.00000000,0.10000000,0.10132780,1.32780083,1.12647303,1.12647303,24H
REMOVE_TOP20,TREE/USDT,2026-08-09T03:00:00+00:00,2026-08-10T03:00:00+00:00,0.0375,0.0375,90.00000000,95.00000000,100.00000000,0.10000000,0.10000000,0.00000000,-0.20000000,-0.20000000,24H
REMOVE_TOP20,EURI/USDT,2026-08-09T04:00:00+00:00,2026-08-10T04:00:00+00:00,1.1559,1.1554,84.00000000,84.00000000,100.00000000,0.10000000,0.09995674,-0.04325634,-0.24321308,-0.24321308,24H
REMOVE_TOP20,ALPINE/USDT,2026-08-09T06:00:00+00:00,2026-08-10T06:00:00+00:00,0.336,0.331,90.00000000,95.00000000,100.00000000,0.10000000,0.09851190,-1.48809524,-1.68660714,-1.68660714,24H
REMOVE_TOP20,ZEC/USDT,2026-08-09T09:00:00+00:00,2026-08-10T09:00:00+00:00,521.11,504.51,95.00000000,100.00000000,100.00000000,0.10000000,0.09681449,-3.18550786,-3.38232235,-3.38232235,24H
REMOVE_TOP20,HEMI/USDT,2026-08-09T21:00:00+00:00,2026-08-10T09:00:00+00:00,0.00562,0.00525,90.00000000,95.00000000,100.00000000,0.10000000,0.09341637,-6.58362989,-6.77704626,-6.77704626,STOP_LOSS
REMOVE_TOP20,XAUT/USDT,2026-08-09T10:00:00+00:00,2026-08-10T10:00:00+00:00,4333.24,4316.43,87.00000000,87.00000000,100.00000000,0.10000000,0.09961207,-0.38793143,-0.58754350,-0.58754350,24H
REMOVE_TOP20,SOXLB/USDT,2026-08-09T12:00:00+00:00,2026-08-10T12:00:00+00:00,142.46,140.05,87.00000000,87.00000000,100.00000000,0.10000000,0.09830830,-1.69170293,-1.89001123,-1.89001123,24H
REMOVE_TOP20,CRCLB/USDT,2026-08-09T16:00:00+00:00,2026-08-10T16:00:00+00:00,68.32,65.86,90.00000000,95.00000000,100.00000000,0.10000000,0.09639930,-3.60070258,-3.79710187,-3.79710187,24H
REMOVE_TOP20,TRUMP/USDT,2026-08-09T16:00:00+00:00,2026-08-10T16:00:00+00:00,1.521,1.486,90.00000000,100.00000000,100.00000000,0.10000000,0.09769888,-2.30111769,-2.49881657,-2.49881657,24H
REMOVE_TOP20,RE/USDT,2026-08-10T10:00:00+00:00,2026-08-10T20:00:00+00:00,0.4269,0.4044,89.00000000,89.00000000,100.00000000,0.10000000,0.09472944,-5.27055517,-5.46528461,-5.46528461,STOP_LOSS
REMOVE_TOP20,ALLO/USDT,2026-08-10T16:00:00+00:00,2026-08-10T22:00:00+00:00,0.3267,0.3081,95.00000000,100.00000000,100.00000000,0.10000000,0.09430670,-5.69329660,-5.88760331,-5.88760331,STOP_LOSS
REMOVE_TOP20,PLUME/USDT,2026-08-10T01:00:00+00:00,2026-08-11T01:00:00+00:00,0.01221,0.01225,93.00000000,98.00000000,100.00000000,0.10000000,0.10032760,0.32760033,0.12727273,0.12727273,24H
REMOVE_TOP20,EDEN/USDT,2026-08-10T03:00:00+00:00,2026-08-11T03:00:00+00:00,0.04498,0.04385,89.00000000,88.00000000,100.00000000,0.10000000,0.09748777,-2.51222766,-2.70971543,-2.70971543,24H
REMOVE_TOP20,TREE/USDT,2026-08-10T04:00:00+00:00,2026-08-11T04:00:00+00:00,0.0377,0.0364,90.00000000,95.00000000,100.00000000,0.10000000,0.09655172,-3.44827586,-3.64482759,-3.64482759,24H
REMOVE_TOP20,SPCXB/USDT,2026-08-10T09:00:00+00:00,2026-08-11T09:00:00+00:00,136.24,136.9,93.00000000,98.00000000,100.00000000,0.10000000,0.10048444,0.48443922,0.28395479,0.28395479,24H
REMOVE_TOP20,WLD/USDT,2026-08-10T09:00:00+00:00,2026-08-11T09:00:00+00:00,0.343,0.3358,90.00000000,95.00000000,100.00000000,0.10000000,0.09790087,-2.09912536,-2.29702624,-2.29702624,24H
REMOVE_TOP20,RARE/USDT,2026-08-10T20:00:00+00:00,2026-08-11T09:00:00+00:00,0.01368,0.01212,87.00000000,86.00000000,100.00000000,0.10000000,0.08859649,-11.40350877,-11.59210526,-11.59210526,STOP_LOSS
REMOVE_TOP20,POL/USDT,2026-08-10T12:00:00+00:00,2026-08-11T12:00:00+00:00,0.07806,0.07553,83.00000000,75.00000000,100.00000000,0.10000000,0.09675890,-3.24109659,-3.43785550,-3.43785550,24H
REMOVE_TOP20,PORTAL/USDT,2026-08-10T15:00:00+00:00,2026-08-11T14:00:00+00:00,0.01185,0.01116,95.00000000,100.00000000,100.00000000,0.10000000,0.09417722,-5.82278481,-6.01696203,-6.01696203,STOP_LOSS
REMOVE_TOP20,PAXG/USDT,2026-08-10T16:00:00+00:00,2026-08-11T16:00:00+00:00,4348.17,4380.62,87.00000000,87.00000000,100.00000000,0.10000000,0.10074629,0.74629097,0.54554468,0.54554468,24H
REMOVE_TOP20,GIGGLE/USDT,2026-08-11T12:00:00+00:00,2026-08-11T20:00:00+00:00,35.3,38.86,92.00000000,97.00000000,100.00000000,0.10000000,0.11008499,10.08498584,9.87490085,9.87490085,TAKE_PROFIT
REMOVE_TOP20,PUMP/USDT,2026-08-10T22:00:00+00:00,2026-08-11T22:00:00+00:00,0.002809,0.002705,87.00000000,86.00000000,100.00000000,0.10000000,0.09629761,-3.70238519,-3.89868281,-3.89868281,24H
REMOVE_TOP20,LINK/USDT,2026-08-11T01:00:00+00:00,2026-08-12T01:00:00+00:00,8.428,8.787,93.00000000,98.00000000,100.00000000,0.10000000,0.10425961,4.25961082,4.05535121,4.05535121,24H
REMOVE_TOP20,TRUMP/USDT,2026-08-11T03:00:00+00:00,2026-08-12T03:00:00+00:00,1.518,1.49,95.00000000,100.00000000,100.00000000,0.10000000,0.09815547,-1.84453228,-2.04268775,-2.04268775,24H
REMOVE_TOP20,ENA/USDT,2026-08-11T04:00:00+00:00,2026-08-12T04:00:00+00:00,0.0903,0.0898,90.00000000,95.00000000,100.00000000,0.10000000,0.09944629,-0.55370986,-0.75315615,-0.75315615,24H
REMOVE_TOP20,BNB/USDT,2026-08-11T09:00:00+00:00,2026-08-12T09:00:00+00:00,607.19,613.7,87.00000000,86.00000000,100.00000000,0.10000000,0.10107215,1.07215204,0.87107989,0.87107989,24H
REMOVE_TOP20,DOGE/USDT,2026-08-11T09:00:00+00:00,2026-08-12T09:00:00+00:00,0.07059,0.07204,84.00000000,84.00000000,100.00000000,0.10000000,0.10205412,2.05411531,1.85206120,1.85206120,24H
REMOVE_TOP20,EDEN/USDT,2026-08-11T09:00:00+00:00,2026-08-12T09:00:00+00:00,0.04421,0.04442,84.00000000,83.00000000,100.00000000,0.10000000,0.10047501,0.47500565,0.27453065,0.27453065,24H
REMOVE_TOP20,KORUB/USDT,2026-08-11T14:00:00+00:00,2026-08-12T12:00:00+00:00,17.95,19.83,89.00000000,88.00000000,100.00000000,0.10000000,0.11047354,10.47353760,10.26306407,10.26306407,TAKE_PROFIT
REMOVE_TOP20,CRCLB/USDT,2026-08-11T16:00:00+00:00,2026-08-12T16:00:00+00:00,71.09,70.03,84.00000000,88.00000000,100.00000000,0.10000000,0.09850893,-1.49106766,-1.68957659,-1.68957659,24H
REMOVE_TOP20,SOL/USDT,2026-08-11T20:00:00+00:00,2026-08-12T20:00:00+00:00,76.05,75.93,80.00000000,82.00000000,100.00000000,0.10000000,0.09984221,-0.15779093,-0.35763314,-0.35763314,24H
REMOVE_TOP20,HOME/USDT,2026-08-11T22:00:00+00:00,2026-08-12T22:00:00+00:00,0.00922,0.00935,82.00000000,84.00000000,100.00000000,0.10000000,0.10140998,1.40997831,1.20856833,1.20856833,24H
REMOVE_TOP20,WLD/USDT,2026-08-12T01:00:00+00:00,2026-08-13T01:00:00+00:00,0.3406,0.3298,90.00000000,95.00000000,100.00000000,0.10000000,0.09682913,-3.17087493,-3.36770405,-3.36770405,24H
REMOVE_TOP20,RE/USDT,2026-08-12T03:00:00+00:00,2026-08-13T03:00:00+00:00,0.435,0.4353,89.00000000,88.00000000,100.00000000,0.10000000,0.10006897,0.06896552,-0.13110345,-0.13110345,24H
REMOVE_TOP20,GRAM/USDT,2026-08-12T04:00:00+00:00,2026-08-13T04:00:00+00:00,1.361,1.338,81.00000000,80.00000000,100.00000000,0.10000000,0.09831007,-1.68993387,-1.88824394,-1.88824394,24H
REMOVE_TOP20,HOME/USDT,2026-08-12T22:00:00+00:00,2026-08-13T06:00:00+00:00,0.00935,0.01036,79.00000000,75.00000000,100.00000000,0.10000000,0.11080214,10.80213904,10.59133690,10.59133690,TAKE_PROFIT
REMOVE_TOP20,GPS/USDT,2026-08-12T09:00:00+00:00,2026-08-13T09:00:00+00:00,0.00981,0.01014,90.00000000,100.00000000,100.00000000,0.10000000,0.10336391,3.36391437,3.16055046,3.16055046,24H
REMOVE_TOP20,PAXG/USDT,2026-08-12T09:00:00+00:00,2026-08-13T09:00:00+00:00,4413.47,4383.36,84.00000000,83.00000000,100.00000000,0.10000000,0.09931777,-0.68222963,-0.88154740,-0.88154740,24H
REMOVE_TOP20,SOXLB/USDT,2026-08-12T09:00:00+00:00,2026-08-13T09:00:00+00:00,140.47,142.68,84.00000000,88.00000000,100.00000000,0.10000000,0.10157329,1.57328967,1.37171638,1.37171638,24H
REMOVE_TOP20,LINK/USDT,2026-08-12T12:00:00+00:00,2026-08-13T12:00:00+00:00,8.849,8.782,93.00000000,98.00000000,100.00000000,0.10000000,0.09924285,-0.75714770,-0.95639055,-0.95639055,24H
REMOVE_TOP20,EDEN/USDT,2026-08-12T16:00:00+00:00,2026-08-13T15:00:00+00:00,0.04516,0.04974,93.00000000,98.00000000,100.00000000,0.10000000,0.11014172,10.14171833,9.93157662,9.93157662,TAKE_PROFIT
REMOVE_TOP20,SNDKB/USDT,2026-08-13T12:00:00+00:00,2026-08-13T15:00:00+00:00,1353.63,1532.99,90.00000000,95.00000000,100.00000000,0.10000000,0.11325030,13.25029735,13.03704705,13.03704705,TAKE_PROFIT
REMOVE_TOP20,CRCLB/USDT,2026-08-12T20:00:00+00:00,2026-08-13T20:00:00+00:00,70.98,75.27,78.00000000,65.00000000,100.00000000,0.10000000,0.10604396,6.04395604,5.83791209,5.83791209,24H
REMOVE_TOP20,RLUSD/USDT,2026-08-13T01:00:00+00:00,2026-08-14T01:00:00+00:00,1.0011,1.001,87.00000000,87.00000000,100.00000000,0.10000000,0.09999001,-0.00998901,-0.20997902,-0.20997902,24H
REMOVE_TOP20,AVAX/USDT,2026-08-13T03:00:00+00:00,2026-08-14T03:00:00+00:00,6.512,6.417,79.00000000,76.00000000,100.00000000,0.10000000,0.09854115,-1.45884521,-1.65738636,-1.65738636,24H
REMOVE_TOP20,PUMP/USDT,2026-08-13T04:00:00+00:00,2026-08-14T04:00:00+00:00,0.002772,0.002918,82.00000000,82.00000000,100.00000000,0.10000000,0.10526696,5.26695527,5.06168831,5.06168831,24H
REMOVE_TOP20,HOME/USDT,2026-08-13T06:00:00+00:00,2026-08-14T06:00:00+00:00,0.01036,0.0114,90.00000000,100.00000000,100.00000000,0.10000000,0.11003861,10.03861004,9.82857143,9.82857143,TAKE_PROFIT
REMOVE_TOP20,ACE/USDT,2026-08-14T03:00:00+00:00,2026-08-14T07:00:00+00:00,0.1316,0.1493,87.00000000,92.00000000,100.00000000,0.10000000,0.11344985,13.44984802,13.23639818,13.23639818,TAKE_PROFIT
REMOVE_TOP20,RE/USDT,2026-08-13T09:00:00+00:00,2026-08-14T09:00:00+00:00,0.4494,0.4391,95.00000000,100.00000000,100.00000000,0.10000000,0.09770806,-2.29194482,-2.48965287,-2.48965287,24H
REMOVE_TOP20,WLD/USDT,2026-08-13T09:00:00+00:00,2026-08-14T09:00:00+00:00,0.3466,0.3357,95.00000000,100.00000000,100.00000000,0.10000000,0.09685516,-3.14483555,-3.34169071,-3.34169071,24H
REMOVE_TOP20,XUSD/USDT,2026-08-13T09:00:00+00:00,2026-08-14T09:00:00+00:00,1.001,1.0012,87.00000000,87.00000000,100.00000000,0.10000000,0.10001998,0.01998002,-0.18003996,-0.18003996,24H
REMOVE_TOP20,DEXE/USDT,2026-08-13T18:00:00+00:00,2026-08-14T09:00:00+00:00,2.06,1.937,79.00000000,76.00000000,100.00000000,0.10000000,0.09402913,-5.97087379,-6.16490291,-6.16490291,STOP_LOSS
REMOVE_TOP20,SOXLB/USDT,2026-08-13T15:00:00+00:00,2026-08-14T15:00:00+00:00,149.63,140.58,89.00000000,88.00000000,100.00000000,0.10000000,0.09395175,-6.04825236,-6.24220410,-6.24220410,STOP_LOSS
REMOVE_TOP20,HEI/USDT,2026-08-14T15:00:00+00:00,2026-08-14T18:00:00+00:00,0.1446,0.1335,89.00000000,81.00000000,100.00000000,0.10000000,0.09232365,-7.67634855,-7.86867220,-7.86867220,STOP_LOSS
REMOVE_TOP20,TAO/USDT,2026-08-13T20:00:00+00:00,2026-08-14T20:00:00+00:00,202.9,197.8,87.00000000,86.00000000,100.00000000,0.10000000,0.09748645,-2.51355347,-2.71103992,-2.71103992,24H
REMOVE_TOP20,EDEN/USDT,2026-08-14T18:00:00+00:00,2026-08-15T00:00:00+00:00,0.06159,0.05846,84.00000000,76.00000000,100.00000000,0.10000000,0.09491801,-5.08199383,-5.27691184,-5.27691184,STOP_LOSS
REMOVE_TOP20,RED/USDT,2026-08-14T01:00:00+00:00,2026-08-15T01:00:00+00:00,0.0891,0.0873,84.00000000,89.00000000,100.00000000,0.10000000,0.09797980,-2.02020202,-2.21818182,-2.21818182,24H
REMOVE_TOP20,LINK/USDT,2026-08-14T09:00:00+00:00,2026-08-15T02:00:00+00:00,8.82,9.725,84.00000000,84.00000000,100.00000000,0.10000000,0.11026077,10.26077098,10.05051020,10.05051020,TAKE_PROFIT
REMOVE_TOP20,PUMP/USDT,2026-08-14T04:00:00+00:00,2026-08-15T03:00:00+00:00,0.002918,0.00274,87.00000000,86.00000000,100.00000000,0.10000000,0.09389993,-6.10006854,-6.29396847,-6.29396847,STOP_LOSS
REMOVE_TOP20,KORUB/USDT,2026-08-14T06:00:00+00:00,2026-08-15T06:00:00+00:00,21.69,21.63,92.00000000,97.00000000,100.00000000,0.10000000,0.09972337,-0.27662517,-0.47634855,-0.47634855,24H
REMOVE_TOP20,WLFI/USDT,2026-08-14T07:00:00+00:00,2026-08-15T07:00:00+00:00,0.0555,0.0566,93.00000000,98.00000000,100.00000000,0.10000000,0.10198198,1.98198198,1.78000000,1.78000000,24H
REMOVE_TOP20,RLUSD/USDT,2026-08-14T09:00:00+00:00,2026-08-15T09:00:00+00:00,1.0011,1.0013,87.00000000,87.00000000,100.00000000,0.10000000,0.10001998,0.01997802,-0.18004195,-0.18004195,24H
REMOVE_TOP20,U/USDT,2026-08-14T09:00:00+00:00,2026-08-15T09:00:00+00:00,1.0005,1.0005,87.00000000,87.00000000,100.00000000,0.10000000,0.10000000,0.00000000,-0.20000000,-0.20000000,24H
REMOVE_TOP20,USDE/USDT,2026-08-14T09:00:00+00:00,2026-08-15T09:00:00+00:00,1.0008,1.001,87.00000000,87.00000000,100.00000000,0.10000000,0.10001998,0.01998401,-0.18003597,-0.18003597,24H
REMOVE_TOP20,ACE/USDT,2026-08-15T06:00:00+00:00,2026-08-15T09:00:00+00:00,0.2734,0.2131,89.00000000,80.00000000,100.00000000,0.10000000,0.07794440,-22.05559620,-22.23354060,-22.23354060,STOP_LOSS
REMOVE_TOP20,PLUME/USDT,2026-08-15T01:00:00+00:00,2026-08-15T10:00:00+00:00,0.0127,0.0141,89.00000000,88.00000000,100.00000000,0.10000000,0.11102362,11.02362205,10.81259843,10.81259843,TAKE_PROFIT
REMOVE_TOP20,CHIP/USDT,2026-08-15T03:00:00+00:00,2026-08-15T19:00:00+00:00,0.02362,0.02681,89.00000000,89.00000000,100.00000000,0.10000000,0.11350550,13.50550381,13.29199831,13.29199831,TAKE_PROFIT
REMOVE_TOP20,ONG/USDT,2026-08-14T20:00:00+00:00,2026-08-15T20:00:00+00:00,0.04511,0.0488,80.00000000,72.00000000,100.00000000,0.10000000,0.10818000,8.18000443,7.97182443,7.97182443,24H
REMOVE_TOP20,RE/USDT,2026-08-15T00:00:00+00:00,2026-08-16T00:00:00+00:00,0.4576,0.4645,92.00000000,97.00000000,100.00000000,0.10000000,0.10150787,1.50786713,1.30635927,1.30635927,24H
REMOVE_TOP20,XPL/USDT,2026-08-15T02:00:00+00:00,2026-08-16T02:00:00+00:00,0.07735,0.07672,89.00000000,89.00000000,100.00000000,0.10000000,0.09918552,-0.81447964,-1.01366516,-1.01366516,24H
REMOVE_TOP20,HEMI/USDT,2026-08-15T14:00:00+00:00,2026-08-16T02:00:00+00:00,0.00661,0.00742,90.00000000,92.00000000,100.00000000,0.10000000,0.11225416,12.25416036,12.04190620,12.04190620,TAKE_PROFIT
REMOVE_TOP20,GPS/USDT,2026-08-15T07:00:00+00:00,2026-08-16T07:00:00+00:00,0.01054,0.01114,83.00000000,75.00000000,100.00000000,0.10000000,0.10569260,5.69259962,5.48690702,5.48690702,24H
REMOVE_TOP20,U/USDT,2026-08-15T09:00:00+00:00,2026-08-16T09:00:00+00:00,1.0005,1.0004,84.00000000,84.00000000,100.00000000,0.10000000,0.09999000,-0.00999500,-0.20998501,-0.20998501,24H
REMOVE_TOP20,BNB/USDT,2026-08-15T09:00:00+00:00,2026-08-16T09:00:00+00:00,611.88,607.33,81.00000000,80.00000000,100.00000000,0.10000000,0.09925639,-0.74360986,-0.94286625,-0.94286625,24H
REMOVE_TOP20,EUR/USDT,2026-08-15T09:00:00+00:00,2026-08-16T09:00:00+00:00,1.1577,1.1575,81.00000000,80.00000000,100.00000000,0.10000000,0.09998272,-0.01727563,-0.21725836,-0.21725836,24H
REMOVE_TOP20,OPN/USDT,2026-08-15T10:00:00+00:00,2026-08-16T10:00:00+00:00,0.0498,0.0532,84.00000000,89.00000000,100.00000000,0.10000000,0.10682731,6.82730924,6.62048193,6.62048193,24H
REMOVE_TOP20,GPS/USDT,2026-08-16T07:00:00+00:00,2026-08-16T11:00:00+00:00,0.01114,0.0105,95.00000000,100.00000000,100.00000000,0.10000000,0.09425494,-5.74506284,-5.93931777,-5.93931777,STOP_LOSS
REMOVE_TOP20,BEL/USDT,2026-08-16T09:00:00+00:00,2026-08-16T18:00:00+00:00,0.1072,0.1222,93.00000000,98.00000000,100.00000000,0.10000000,0.11399254,13.99253731,13.77854478,13.77854478,TAKE_PROFIT
REMOVE_TOP20,SKHYB/USDT,2026-08-15T19:00:00+00:00,2026-08-16T19:00:00+00:00,167.66,167.91,87.00000000,87.00000000,100.00000000,0.10000000,0.10014911,0.14911130,-0.05103781,-0.05103781,24H
REMOVE_TOP20,ALPINE/USDT,2026-08-15T20:00:00+00:00,2026-08-16T20:00:00+00:00,0.32,0.317,89.00000000,89.00000000,100.00000000,0.10000000,0.09906250,-0.93750000,-1.13656250,-1.13656250,24H
REMOVE_TOP20,XPL/USDT,2026-08-16T09:00:00+00:00,2026-08-16T21:00:00+00:00,0.07827,0.07432,93.00000000,98.00000000,100.00000000,0.10000000,0.09495337,-5.04663345,-5.24158681,-5.24158681,STOP_LOSS
REMOVE_TOP20,PORTAL/USDT,2026-08-16T18:00:00+00:00,2026-08-16T22:00:00+00:00,0.01674,0.01866,90.00000000,92.00000000,100.00000000,0.10000000,0.11146953,11.46953405,11.25806452,11.25806452,TAKE_PROFIT
REMOVE_TOP20,WLFI/USDT,2026-08-16T00:00:00+00:00,2026-08-17T00:00:00+00:00,0.0578,0.0598,92.00000000,97.00000000,100.00000000,0.10000000,0.10346021,3.46020761,3.25674740,3.25674740,24H
REMOVE_TOP20,SNXXB/USDT,2026-08-16T02:00:00+00:00,2026-08-17T02:00:00+00:00,16.54,17.69,88.00000000,93.00000000,100.00000000,0.10000000,0.10695284,6.95284160,6.74588875,6.74588875,24H
REMOVE_TOP20,CHIP/USDT,2026-08-16T09:00:00+00:00,2026-08-17T07:00:00+00:00,0.02897,0.03253,92.00000000,97.00000000,100.00000000,0.10000000,0.11228857,12.28857439,12.07628581,12.07628581,TAKE_PROFIT
REMOVE_TOP20,CHIP/USDT,2026-08-17T07:00:00+00:00,2026-08-17T08:00:00+00:00,0.03253,0.02993,90.00000000,100.00000000,100.00000000,0.10000000,0.09200738,-7.99262219,-8.18462957,-8.18462957,STOP_LOSS
REMOVE_TOP20,PLUME/USDT,2026-08-16T10:00:00+00:00,2026-08-17T10:00:00+00:00,0.01311,0.01258,87.00000000,86.00000000,100.00000000,0.10000000,0.09595728,-4.04271548,-4.23867277,-4.23867277,24H
REMOVE_TOP20,RLUSD/USDT,2026-08-16T12:00:00+00:00,2026-08-17T12:00:00+00:00,1.0012,1.0012,84.00000000,84.00000000,100.00000000,0.10000000,0.10000000,0.00000000,-0.20000000,-0.20000000,24H
REMOVE_TOP20,KORUB/USDT,2026-08-17T02:00:00+00:00,2026-08-17T14:00:00+00:00,22.24,25.04,93.00000000,98.00000000,100.00000000,0.10000000,0.11258993,12.58992806,12.37733813,12.37733813,TAKE_PROFIT
REMOVE_TOP20,ONG/USDT,2026-08-17T03:00:00+00:00,2026-08-17T14:00:00+00:00,0.05908,0.05489,89.00000000,88.00000000,100.00000000,0.10000000,0.09290792,-7.09207854,-7.28498646,-7.28498646,STOP_LOSS
REMOVE_TOP20,CHIP/USDT,2026-08-17T08:00:00+00:00,2026-08-17T18:00:00+00:00,0.02993,0.02814,95.00000000,100.00000000,100.00000000,0.10000000,0.09401938,-5.98062145,-6.17464083,-6.17464083,STOP_LOSS
REMOVE_TOP20,EUR/USDT,2026-08-16T19:00:00+00:00,2026-08-17T19:00:00+00:00,1.1577,1.1588,87.00000000,87.00000000,100.00000000,0.10000000,0.10009502,0.09501598,-0.10507904,-0.10507904,24H
REMOVE_TOP20,BEL/USDT,2026-08-16T20:00:00+00:00,2026-08-17T20:00:00+00:00,0.1115,0.1082,87.00000000,87.00000000,100.00000000,0.10000000,0.09704036,-2.95964126,-3.15668161,-3.15668161,24H
REMOVE_TOP20,RARE/USDT,2026-08-16T21:00:00+00:00,2026-08-17T21:00:00+00:00,0.01217,0.01231,87.00000000,87.00000000,100.00000000,0.10000000,0.10115037,1.15036976,0.94921939,0.94921939,24H
REMOVE_TOP20,MUBARAK/USDT,2026-08-17T00:00:00+00:00,2026-08-17T21:00:00+00:00,0.0175,0.01661,92.00000000,97.00000000,100.00000000,0.10000000,0.09491429,-5.08571429,-5.28062857,-5.28062857,STOP_LOSS
REMOVE_TOP20,EURI/USDT,2026-08-16T22:00:00+00:00,2026-08-17T22:00:00+00:00,1.1579,1.1588,76.00000000,71.00000000,100.00000000,0.10000000,0.10007773,0.07772692,-0.12235081,-0.12235081,24H
REMOVE_TOP20,SNXXB/USDT,2026-08-17T22:00:00+00:00,2026-08-18T01:00:00+00:00,19.6,18.22,89.00000000,88.00000000,100.00000000,0.10000000,0.09295918,-7.04081633,-7.23377551,-7.23377551,STOP_LOSS
REMOVE_TOP20,GPS/USDT,2026-08-17T12:00:00+00:00,2026-08-18T05:00:00+00:00,0.01554,0.0172,92.00000000,89.00000000,100.00000000,0.10000000,0.11068211,10.68211068,10.47142857,10.47142857,TAKE_PROFIT
REMOVE_TOP20,BMT/USDT,2026-08-17T18:00:00+00:00,2026-08-18T05:00:00+00:00,0.01605,0.01519,89.00000000,89.00000000,100.00000000,0.10000000,0.09464174,-5.35825545,-5.55289720,-5.55289720,STOP_LOSS
REMOVE_TOP20,EDEN/USDT,2026-08-18T05:00:00+00:00,2026-08-18T07:00:00+00:00,0.05105,0.05792,92.00000000,97.00000000,100.00000000,0.10000000,0.11345739,13.45739471,13.24393732,13.24393732,TAKE_PROFIT
REMOVE_TOP20,OPN/USDT,2026-08-17T20:00:00+00:00,2026-08-18T09:00:00+00:00,0.0527,0.0587,84.00000000,84.00000000,100.00000000,0.10000000,0.11138520,11.38519924,11.17381404,11.17381404,TAKE_PROFIT
REMOVE_TOP20,USDC/USDT,2026-08-17T10:00:00+00:00,2026-08-18T10:00:00+00:00,1.00097,1.00088,87.00000000,87.00000000,100.00000000,0.10000000,0.09999101,-0.00899128,-0.20898229,-0.20898229,24H
REMOVE_TOP20,ACE/USDT,2026-08-18T07:00:00+00:00,2026-08-18T12:00:00+00:00,0.191,0.2162,95.00000000,92.00000000,100.00000000,0.10000000,0.11319372,13.19371728,12.98052356,12.98052356,TAKE_PROFIT
REMOVE_TOP20,ACE/USDT,2026-08-18T12:00:00+00:00,2026-08-18T12:30:12.661268+00:00,0.2162,0.1913,95.00000000,92.00000000,100.00000000,0.10000000,0.08848289,-11.51711378,-11.70559667,-11.70559667,STOP_LOSS
REMOVE_TOP20,HEMI/USDT,2026-08-17T14:00:00+00:00,2026-08-18T14:00:00+00:00,0.00692,0.00646,95.00000000,100.00000000,100.00000000,0.10000000,0.09335260,-6.64739884,-6.84075145,-6.84075145,STOP_LOSS
REMOVE_TOP20,CRCLB/USDT,2026-08-17T14:00:00+00:00,2026-08-18T14:00:00+00:00,74.31,72.15,90.00000000,100.00000000,100.00000000,0.10000000,0.09709326,-2.90674203,-3.10383528,-3.10383528,24H
REMOVE_TOP20,ONG/USDT,2026-08-18T01:00:00+00:00,2026-08-18T18:00:00+00:00,0.05805,0.05479,95.00000000,100.00000000,100.00000000,0.10000000,0.09438415,-5.61584841,-5.81023256,-5.81023256,STOP_LOSS
REMOVE_TOP20,POL/USDT,2026-08-17T19:00:00+00:00,2026-08-18T19:00:00+00:00,0.08002,0.08209,92.00000000,97.00000000,100.00000000,0.10000000,0.10258685,2.58685329,2.38426643,2.38426643,24H
REMOVE_TOP20,AAVE/USDT,2026-08-17T21:00:00+00:00,2026-08-18T21:00:00+00:00,89.04,88.29,79.00000000,79.00000000,100.00000000,0.10000000,0.09915768,-0.84231806,-1.04147574,-1.04147574,24H
REMOVE_TOP20,ALLO/USDT,2026-08-17T21:00:00+00:00,2026-08-18T21:00:00+00:00,0.2909,0.2978,78.00000000,73.00000000,100.00000000,0.10000000,0.10237195,2.37194912,2.16957717,2.16957717,24H
REMOVE_TOP20,GPS/USDT,2026-08-18T10:00:00+00:00,2026-08-19T01:00:00+00:00,0.01728,0.0146,89.00000000,80.00000000,100.00000000,0.10000000,0.08449074,-15.50925926,-15.69375000,-15.69375000,STOP_LOSS
REMOVE_TOP20,BTC/USDT,2026-08-18T05:00:00+00:00,2026-08-19T05:00:00+00:00,64242.76,64236.01,81.00000000,81.00000000,100.00000000,0.10000000,0.09998949,-0.01050702,-0.21049651,-0.21049651,24H
REMOVE_TOP20,ARB/USDT,2026-08-18T09:00:00+00:00,2026-08-19T09:00:00+00:00,0.0755,0.077,87.00000000,87.00000000,100.00000000,0.10000000,0.10198675,1.98675497,1.78476821,1.78476821,24H
REMOVE_TOP20,MUBARAK/USDT,2026-08-19T01:00:00+00:00,2026-08-19T09:00:00+00:00,0.0173,0.01908,80.00000000,72.00000000,100.00000000,0.10000000,0.11028902,10.28901734,10.07872832,10.07872832,TAKE_PROFIT
REMOVE_TOP20,ONG/USDT,2026-08-18T21:00:00+00:00,2026-08-19T10:00:00+00:00,0.05776,0.06418,84.00000000,84.00000000,100.00000000,0.10000000,0.11111496,11.11495845,10.90384349,10.90384349,TAKE_PROFIT
REMOVE_TOP20,ACE/USDT,2026-08-18T13:00:00+00:00,2026-08-19T12:00:00+00:00,0.2238,0.2061,90.00000000,92.00000000,100.00000000,0.10000000,0.09209115,-7.90884718,-8.10093834,-8.10093834,STOP_LOSS
REMOVE_TOP20,SOL/USDT,2026-08-18T14:00:00+00:00,2026-08-19T14:00:00+00:00,76.8,80.89,93.00000000,98.00000000,100.00000000,0.10000000,0.10532552,5.32552083,5.12019531,5.12019531,24H
REMOVE_TOP20,ETH/USDT,2026-08-18T14:00:00+00:00,2026-08-19T14:00:00+00:00,1911.02,1970.6,90.00000000,95.00000000,100.00000000,0.10000000,0.10311771,3.11770677,2.91458907,2.91458907,24H
REMOVE_TOP20,EDEN/USDT,2026-08-19T14:00:00+00:00,2026-08-19T15:00:00+00:00,0.05968,0.05515,95.00000000,100.00000000,100.00000000,0.10000000,0.09240952,-7.59048257,-7.78289209,-7.78289209,STOP_LOSS
REMOVE_TOP20,PUMP/USDT,2026-08-18T19:00:00+00:00,2026-08-19T16:00:00+00:00,0.00285,0.003162,82.00000000,82.00000000,100.00000000,0.10000000,0.11094737,10.94736842,10.73642105,10.73642105,TAKE_PROFIT
REMOVE_TOP20,LINK/USDT,2026-08-18T18:00:00+00:00,2026-08-19T18:00:00+00:00,9.516,9.991,79.00000000,74.00000000,100.00000000,0.10000000,0.10499159,4.99159311,4.78660151,4.78660151,24H
REMOVE_TOP20,ARB/USDT,2026-08-19T09:00:00+00:00,2026-08-19T20:00:00+00:00,0.077,0.0847,84.00000000,84.00000000,100.00000000,0.10000000,0.11000000,10.00000000,9.79000000,9.79000000,TAKE_PROFIT
REMOVE_TOP20,UNI/USDT,2026-08-19T05:00:00+00:00,2026-08-19T21:00:00+00:00,3.327,3.712,70.00000000,65.00000000,100.00000000,0.10000000,0.11157199,11.57198677,11.36041479,11.36041479,TAKE_PROFIT
REMOVE_TOP20,TAO/USDT,2026-08-20T23:00:00+00:00,2026-08-21T23:00:00+00:00,214.9,229.9,72.00000000,67.00000000,100.00000000,0.10000000,0.10697999,6.97999069,6.77301070,6.77301070,24H
CAP_20,ACE/USDT,2026-07-18T15:00:00+00:00,2026-07-18T18:00:00+00:00,0.0729,0.0686,70.00000000,70.00000000,100.00000000,0.10000000,0.09410151,-5.89849108,-6.09259259,-6.09259259,STOP_LOSS
CAP_20,DEXE/USDT,2026-07-18T13:00:00+00:00,2026-07-19T06:00:00+00:00,36.519,34.466,75.00000000,70.00000000,100.00000000,0.10000000,0.09437827,-5.62173115,-5.81610942,-5.81610942,STOP_LOSS
CAP_20,CHIP/USDT,2026-07-18T13:00:00+00:00,2026-07-19T13:00:00+00:00,0.03159,0.03049,75.00000000,70.00000000,100.00000000,0.10000000,0.09651789,-3.48211459,-3.67863248,-3.67863248,24H
CAP_20,ONG/USDT,2026-07-18T13:00:00+00:00,2026-07-19T13:00:00+00:00,0.0472,0.0474,70.00000000,65.00000000,100.00000000,0.10000000,0.10042373,0.42372881,0.22330508,0.22330508,24H
CAP_20,ALLO/USDT,2026-07-18T14:00:00+00:00,2026-07-19T14:00:00+00:00,0.4592,0.4639,72.00000000,67.00000000,100.00000000,0.10000000,0.10102352,1.02351916,0.82249564,0.82249564,24H
CAP_20,ZEC/USDT,2026-07-18T16:00:00+00:00,2026-07-19T16:00:00+00:00,556.73,551.43,70.00000000,65.00000000,100.00000000,0.10000000,0.09904801,-0.95198750,-1.15103551,-1.15103551,24H
CAP_20,ETH/USDT,2026-07-18T18:00:00+00:00,2026-07-19T18:00:00+00:00,1857.54,1861.12,70.00000000,65.00000000,100.00000000,0.10000000,0.10019273,0.19272802,-0.00746471,-0.00746471,24H
CAP_20,TAO/USDT,2026-07-18T19:00:00+00:00,2026-07-19T19:00:00+00:00,195.9,197.1,70.00000000,65.00000000,100.00000000,0.10000000,0.10061256,0.61255743,0.41194487,0.41194487,24H
CAP_20,ACE/USDT,2026-07-19T20:00:00+00:00,2026-07-19T22:00:00+00:00,0.0712,0.0957,70.00000000,70.00000000,100.00000000,0.10000000,0.13441011,34.41011236,20.00000000,20.00000000,TAKE_PROFIT
CAP_20,CRCLB/USDT,2026-07-19T01:00:00+00:00,2026-07-20T01:00:00+00:00,61.4,60.65,73.00000000,68.00000000,100.00000000,0.10000000,0.09877850,-1.22149837,-1.42027687,-1.42027687,24H
CAP_20,OPN/USDT,2026-07-19T02:00:00+00:00,2026-07-20T02:00:00+00:00,0.0637,0.0616,70.00000000,65.00000000,100.00000000,0.10000000,0.09670330,-3.29670330,-3.49340659,-3.49340659,24H
CAP_20,PEPE/USDT,2026-07-19T06:00:00+00:00,2026-07-20T06:00:00+00:00,2.8e-06,2.82e-06,73.00000000,68.00000000,100.00000000,0.10000000,0.10071429,0.71428571,0.51357143,0.51357143,24H
CAP_20,HEMI/USDT,2026-07-19T13:00:00+00:00,2026-07-20T08:00:00+00:00,0.00457,0.00505,75.00000000,70.00000000,100.00000000,0.10000000,0.11050328,10.50328228,10.29277899,10.29277899,TAKE_PROFIT
CAP_20,LTC/USDT,2026-07-19T13:00:00+00:00,2026-07-20T13:00:00+00:00,47.36,46.69,73.00000000,68.00000000,100.00000000,0.10000000,0.09858530,-1.41469595,-1.61328125,-1.61328125,24H
CAP_20,GPS/USDT,2026-07-19T14:00:00+00:00,2026-07-20T14:00:00+00:00,0.00908,0.00905,70.00000000,65.00000000,100.00000000,0.10000000,0.09966960,-0.33039648,-0.53006608,-0.53006608,24H
CAP_20,HEMI/USDT,2026-07-20T09:00:00+00:00,2026-07-20T14:00:00+00:00,0.00499,0.00561,70.00000000,70.00000000,100.00000000,0.10000000,0.11242485,12.42484970,12.21242485,12.21242485,TAKE_PROFIT
CAP_20,EDEN/USDT,2026-07-19T16:00:00+00:00,2026-07-20T16:00:00+00:00,0.04415,0.04281,70.00000000,65.00000000,100.00000000,0.10000000,0.09696489,-3.03510759,-3.23207248,-3.23207248,24H
CAP_20,ALLO/USDT,2026-07-20T16:00:00+00:00,2026-07-20T20:00:00+00:00,0.4872,0.4611,75.00000000,70.00000000,100.00000000,0.10000000,0.09464286,-5.35714286,-5.55178571,-5.55178571,STOP_LOSS
CAP_20,EWYB/USDT,2026-07-19T22:00:00+00:00,2026-07-20T22:00:00+00:00,166.67,163.53,75.00000000,70.00000000,100.00000000,0.10000000,0.09811604,-1.88396232,-2.08207836,-2.08207836,24H
CAP_20,MUB/USDT,2026-07-19T22:00:00+00:00,2026-07-20T22:00:00+00:00,867.11,873.22,73.00000000,68.00000000,100.00000000,0.10000000,0.10070464,0.70463955,0.50393491,0.50393491,24H
CAP_20,ETH/USDT,2026-07-19T22:00:00+00:00,2026-07-20T22:00:00+00:00,1870.44,1895.72,70.00000000,65.00000000,100.00000000,0.10000000,0.10135155,1.35155365,1.15020209,1.15020209,24H
CAP_20,TUT/USDT,2026-07-20T06:00:00+00:00,2026-07-21T00:00:00+00:00,0.01337,0.01477,70.00000000,65.00000000,100.00000000,0.10000000,0.11047120,10.47120419,10.26073298,10.26073298,TAKE_PROFIT
CAP_20,LINK/USDT,2026-07-20T01:00:00+00:00,2026-07-21T01:00:00+00:00,8.422,8.592,73.00000000,68.00000000,100.00000000,0.10000000,0.10201852,2.01852292,1.81650439,1.81650439,24H
CAP_20,HEMI/USDT,2026-07-20T22:00:00+00:00,2026-07-21T01:00:00+00:00,0.00686,0.00643,72.00000000,59.00000000,100.00000000,0.10000000,0.09373178,-6.26822157,-6.46195335,-6.46195335,STOP_LOSS
CAP_20,MSTRB/USDT,2026-07-20T02:00:00+00:00,2026-07-21T02:00:00+00:00,95.95,99.27,70.00000000,65.00000000,100.00000000,0.10000000,0.10346014,3.46013549,3.25667535,3.25667535,24H
CAP_20,DEXE/USDT,2026-07-21T00:00:00+00:00,2026-07-21T02:00:00+00:00,37.721,34.091,75.00000000,70.00000000,100.00000000,0.10000000,0.09037671,-9.62328676,-9.81366348,-9.81366348,STOP_LOSS
CAP_20,TREE/USDT,2026-07-21T02:00:00+00:00,2026-07-21T06:00:00+00:00,0.0385,0.0475,72.00000000,67.00000000,100.00000000,0.10000000,0.12337662,23.37662338,20.00000000,20.00000000,TAKE_PROFIT
CAP_20,SOXLB/USDT,2026-07-21T00:00:00+00:00,2026-07-21T08:00:00+00:00,139.06,153.96,73.00000000,68.00000000,100.00000000,0.10000000,0.11071480,10.71479937,10.50408457,10.50408457,TAKE_PROFIT
CAP_20,NEAR/USDT,2026-07-20T13:00:00+00:00,2026-07-21T13:00:00+00:00,1.965,1.988,73.00000000,68.00000000,100.00000000,0.10000000,0.10117048,1.17048346,0.96931298,0.96931298,24H
CAP_20,CRCLB/USDT,2026-07-20T14:00:00+00:00,2026-07-21T13:00:00+00:00,63.12,70.14,70.00000000,70.00000000,100.00000000,0.10000000,0.11112167,11.12167300,10.91055133,10.91055133,TAKE_PROFIT
CAP_20,BMT/USDT,2026-07-20T15:00:00+00:00,2026-07-21T15:00:00+00:00,0.01184,0.01197,73.00000000,68.00000000,100.00000000,0.10000000,0.10109797,1.09797297,0.89687500,0.89687500,24H
CAP_20,MUB/USDT,2026-07-21T01:00:00+00:00,2026-07-21T16:00:00+00:00,886.11,977.63,73.00000000,68.00000000,100.00000000,0.10000000,0.11032829,10.32828881,10.11796052,10.11796052,TAKE_PROFIT
CAP_20,RARE/USDT,2026-07-20T20:00:00+00:00,2026-07-21T20:00:00+00:00,0.0128,0.0127,73.00000000,68.00000000,100.00000000,0.10000000,0.09921875,-0.78125000,-0.98046875,-0.98046875,24H
CAP_20,RED/USDT,2026-07-21T01:00:00+00:00,2026-07-22T01:00:00+00:00,0.1032,0.1011,75.00000000,70.00000000,100.00000000,0.10000000,0.09796512,-2.03488372,-2.23284884,-2.23284884,24H
CAP_20,EWYB/USDT,2026-07-21T02:00:00+00:00,2026-07-22T02:00:00+00:00,167.22,174.49,75.00000000,70.00000000,100.00000000,0.10000000,0.10434757,4.34756608,4.14321851,4.14321851,24H
CAP_20,BICO/USDT,2026-07-21T02:00:00+00:00,2026-07-22T02:00:00+00:00,0.01401,0.01386,72.00000000,67.00000000,100.00000000,0.10000000,0.09892934,-1.07066381,-1.26959315,-1.26959315,24H
CAP_20,SKHYB/USDT,2026-07-21T06:00:00+00:00,2026-07-22T06:00:00+00:00,160.21,163.65,72.00000000,67.00000000,100.00000000,0.10000000,0.10214718,2.14718182,1.94503464,1.94503464,24H
CAP_20,GIGGLE/USDT,2026-07-21T08:00:00+00:00,2026-07-22T08:00:00+00:00,26.98,26.53,75.00000000,70.00000000,100.00000000,0.10000000,0.09833210,-1.66790215,-1.86623425,-1.86623425,24H
CAP_20,TUT/USDT,2026-07-22T04:00:00+00:00,2026-07-22T10:00:00+00:00,0.01524,0.01412,70.00000000,65.00000000,100.00000000,0.10000000,0.09265092,-7.34908136,-7.54173228,-7.54173228,STOP_LOSS
CAP_20,ALLO/USDT,2026-07-21T13:00:00+00:00,2026-07-22T13:00:00+00:00,0.4991,0.5038,75.00000000,70.00000000,100.00000000,0.10000000,0.10094170,0.94169505,0.74075336,0.74075336,24H
CAP_20,SNDKB/USDT,2026-07-21T13:00:00+00:00,2026-07-22T13:00:00+00:00,1529.08,1577.19,70.00000000,70.00000000,100.00000000,0.10000000,0.10314634,3.14633636,2.94319002,2.94319002,24H
CAP_20,MSTRB/USDT,2026-07-21T15:00:00+00:00,2026-07-22T15:00:00+00:00,102.67,99.78,73.00000000,68.00000000,100.00000000,0.10000000,0.09718516,-2.81484367,-3.01202883,-3.01202883,24H
CAP_20,GRAM/USDT,2026-07-21T16:00:00+00:00,2026-07-22T16:00:00+00:00,1.518,1.517,72.00000000,67.00000000,100.00000000,0.10000000,0.09993412,-0.06587615,-0.26581028,-0.26581028,24H
CAP_20,PORTAL/USDT,2026-07-21T22:00:00+00:00,2026-07-22T22:00:00+00:00,0.01106,0.01088,73.00000000,68.00000000,100.00000000,0.10000000,0.09837251,-1.62748644,-1.82585895,-1.82585895,24H
CAP_20,CHIP/USDT,2026-07-22T02:00:00+00:00,2026-07-23T02:00:00+00:00,0.0306,0.03026,70.00000000,65.00000000,100.00000000,0.10000000,0.09888889,-1.11111111,-1.31000000,-1.31000000,24H
CAP_20,BICO/USDT,2026-07-22T03:00:00+00:00,2026-07-23T03:00:00+00:00,0.01388,0.01377,73.00000000,68.00000000,100.00000000,0.10000000,0.09920749,-0.79250720,-0.99171470,-0.99171470,24H
CAP_20,BEL/USDT,2026-07-22T06:00:00+00:00,2026-07-23T06:00:00+00:00,0.1042,0.1018,70.00000000,65.00000000,100.00000000,0.10000000,0.09769674,-2.30326296,-2.50095969,-2.50095969,24H
CAP_20,ENA/USDT,2026-07-22T08:00:00+00:00,2026-07-23T08:00:00+00:00,0.0882,0.0919,70.00000000,65.00000000,100.00000000,0.10000000,0.10419501,4.19501134,3.99081633,3.99081633,24H
CAP_20,ONDO/USDT,2026-07-22T10:00:00+00:00,2026-07-23T10:00:00+00:00,0.4109,0.4035,75.00000000,70.00000000,100.00000000,0.10000000,0.09819908,-1.80092480,-1.99912387,-1.99912387,24H
CAP_20,AAVE/USDT,2026-07-22T13:00:00+00:00,2026-07-23T13:00:00+00:00,97.91,96.11,75.00000000,70.00000000,100.00000000,0.10000000,0.09816158,-1.83842304,-2.03658462,-2.03658462,24H
CAP_20,MUB/USDT,2026-07-22T13:00:00+00:00,2026-07-23T13:00:00+00:00,972.31,977.98,75.00000000,70.00000000,100.00000000,0.10000000,0.10058315,0.58314735,0.38256420,0.38256420,24H
CAP_20,ADA/USDT,2026-07-22T15:00:00+00:00,2026-07-23T15:00:00+00:00,0.1779,0.1705,75.00000000,70.00000000,100.00000000,0.10000000,0.09584036,-4.15964025,-4.35548061,-4.35548061,24H
CAP_20,OPN/USDT,2026-07-23T06:00:00+00:00,2026-07-23T15:00:00+00:00,0.0718,0.0669,73.00000000,68.00000000,100.00000000,0.10000000,0.09317549,-6.82451253,-7.01768802,-7.01768802,STOP_LOSS
CAP_20,WLD/USDT,2026-07-22T16:00:00+00:00,2026-07-23T16:00:00+00:00,0.3938,0.3766,75.00000000,70.00000000,100.00000000,0.10000000,0.09563230,-4.36769934,-4.56333164,-4.56333164,24H
CAP_20,SKHYB/USDT,2026-07-23T00:00:00+00:00,2026-07-24T00:00:00+00:00,171.79,167.7,72.00000000,67.00000000,100.00000000,0.10000000,0.09761919,-2.38081378,-2.57843297,-2.57843297,24H
CAP_20,RE/USDT,2026-07-23T16:00:00+00:00,2026-07-24T00:00:00+00:00,0.5261,0.5822,70.00000000,70.00000000,100.00000000,0.10000000,0.11066337,10.66337198,10.45270861,10.45270861,TAKE_PROFIT
CAP_20,SNDKB/USDT,2026-07-23T16:00:00+00:00,2026-07-24T02:00:00+00:00,1667.76,1576.22,72.00000000,67.00000000,100.00000000,0.10000000,0.09451120,-5.48879935,-5.68331055,-5.68331055,STOP_LOSS
CAP_20,SOXLB/USDT,2026-07-23T20:00:00+00:00,2026-07-24T02:00:00+00:00,162.95,151.66,75.00000000,70.00000000,100.00000000,0.10000000,0.09307149,-6.92850568,-7.12157717,-7.12157717,STOP_LOSS
CAP_20,GRAM/USDT,2026-07-23T03:00:00+00:00,2026-07-24T03:00:00+00:00,1.516,1.455,73.00000000,68.00000000,100.00000000,0.10000000,0.09597625,-4.02374670,-4.21972296,-4.21972296,24H
CAP_20,BMT/USDT,2026-07-23T05:00:00+00:00,2026-07-24T05:00:00+00:00,0.01262,0.01228,70.00000000,70.00000000,100.00000000,0.10000000,0.09730586,-2.69413629,-2.89144216,-2.89144216,24H
CAP_20,TRUMP/USDT,2026-07-23T08:00:00+00:00,2026-07-24T08:00:00+00:00,1.639,1.598,75.00000000,70.00000000,100.00000000,0.10000000,0.09749847,-2.50152532,-2.69902379,-2.69902379,24H
CAP_20,OPN/USDT,2026-07-24T05:00:00+00:00,2026-07-24T08:00:00+00:00,0.0694,0.0627,75.00000000,70.00000000,100.00000000,0.10000000,0.09034582,-9.65417867,-9.84452450,-9.84452450,STOP_LOSS
CAP_20,KAITO/USDT,2026-07-23T10:00:00+00:00,2026-07-24T10:00:00+00:00,1.032,1.0396,75.00000000,70.00000000,100.00000000,0.10000000,0.10073643,0.73643411,0.53569767,0.53569767,24H
CAP_20,KAITO/USDT,2026-07-24T10:00:00+00:00,2026-07-24T12:00:00+00:00,1.0396,0.9876,73.00000000,68.00000000,100.00000000,0.10000000,0.09499808,-5.00192382,-5.19692189,-5.19692189,STOP_LOSS
CAP_20,PLUME/USDT,2026-07-23T13:00:00+00:00,2026-07-24T13:00:00+00:00,0.01146,0.01114,73.00000000,68.00000000,100.00000000,0.10000000,0.09720768,-2.79232112,-2.98952880,-2.98952880,24H
CAP_20,ALLO/USDT,2026-07-24T11:00:00+00:00,2026-07-24T14:00:00+00:00,0.5096,0.47,70.00000000,65.00000000,100.00000000,0.10000000,0.09222920,-7.77080063,-7.96302983,-7.96302983,STOP_LOSS
CAP_20,HOME/USDT,2026-07-24T14:00:00+00:00,2026-07-24T18:00:00+00:00,0.00689,0.00654,72.00000000,67.00000000,100.00000000,0.10000000,0.09492017,-5.07982583,-5.27474601,-5.27474601,STOP_LOSS
CAP_20,HEI/USDT,2026-07-23T21:00:00+00:00,2026-07-24T21:00:00+00:00,0.103,0.0987,70.00000000,70.00000000,100.00000000,0.10000000,0.09582524,-4.17475728,-4.37058252,-4.37058252,24H
CAP_20,XPL/USDT,2026-07-24T17:00:00+00:00,2026-07-25T03:00:00+00:00,0.08689,0.08214,75.00000000,70.00000000,100.00000000,0.10000000,0.09453332,-5.46668201,-5.66121533,-5.66121533,STOP_LOSS
CAP_20,UNI/USDT,2026-07-24T05:00:00+00:00,2026-07-25T05:00:00+00:00,3.833,3.687,70.00000000,65.00000000,100.00000000,0.10000000,0.09619097,-3.80902687,-4.00521785,-4.00521785,24H
CAP_20,HEMI/USDT,2026-07-24T19:00:00+00:00,2026-07-25T06:00:00+00:00,0.00532,0.00505,75.00000000,70.00000000,100.00000000,0.10000000,0.09492481,-5.07518797,-5.27011278,-5.27011278,STOP_LOSS
CAP_20,RE/USDT,2026-07-25T07:00:00+00:00,2026-07-25T09:00:00+00:00,0.6078,0.5587,75.00000000,70.00000000,100.00000000,0.10000000,0.09192168,-8.07831524,-8.27023692,-8.27023692,STOP_LOSS
CAP_20,GPS/USDT,2026-07-24T10:00:00+00:00,2026-07-25T10:00:00+00:00,0.00923,0.00958,70.00000000,65.00000000,100.00000000,0.10000000,0.10379198,3.79198267,3.58819068,3.58819068,24H
CAP_20,PLUME/USDT,2026-07-24T14:00:00+00:00,2026-07-25T14:00:00+00:00,0.01141,0.01178,73.00000000,68.00000000,100.00000000,0.10000000,0.10324277,3.24276950,3.03952673,3.03952673,24H
CAP_20,TUT/USDT,2026-07-24T21:00:00+00:00,2026-07-25T21:00:00+00:00,0.01452,0.01538,75.00000000,70.00000000,100.00000000,0.10000000,0.10592287,5.92286501,5.71694215,5.71694215,24H
CAP_20,TREE/USDT,2026-07-25T00:00:00+00:00,2026-07-26T00:00:00+00:00,0.0394,0.0381,73.00000000,68.00000000,100.00000000,0.10000000,0.09670051,-3.29949239,-3.49619289,-3.49619289,24H
CAP_20,ALPINE/USDT,2026-07-25T13:00:00+00:00,2026-07-26T13:00:00+00:00,0.314,0.315,75.00000000,70.00000000,100.00000000,0.10000000,0.10031847,0.31847134,0.11815287,0.11815287,24H
CAP_20,PLUME/USDT,2026-07-25T15:00:00+00:00,2026-07-26T15:00:00+00:00,0.01177,0.01236,70.00000000,65.00000000,100.00000000,0.10000000,0.10501274,5.01274427,4.80773152,4.80773152,24H
CAP_20,TRX/USDT,2026-07-25T16:00:00+00:00,2026-07-26T16:00:00+00:00,0.3321,0.333,70.00000000,65.00000000,100.00000000,0.10000000,0.10027100,0.27100271,0.07073171,0.07073171,24H
CAP_20,MUBARAK/USDT,2026-07-25T19:00:00+00:00,2026-07-26T19:00:00+00:00,0.01076,0.0108,70.00000000,65.00000000,100.00000000,0.10000000,0.10037175,0.37174721,0.17137546,0.17137546,24H
CAP_20,PEPE/USDT,2026-07-26T02:00:00+00:00,2026-07-27T02:00:00+00:00,2.86e-06,2.94e-06,70.00000000,70.00000000,100.00000000,0.10000000,0.10279720,2.79720280,2.59440559,2.59440559,24H
CAP_20,DOT/USDT,2026-07-26T03:00:00+00:00,2026-07-27T03:00:00+00:00,0.82,0.818,70.00000000,65.00000000,100.00000000,0.10000000,0.09975610,-0.24390244,-0.44365854,-0.44365854,24H
CAP_20,FIL/USDT,2026-07-26T04:00:00+00:00,2026-07-27T04:00:00+00:00,0.7416,0.7478,70.00000000,65.00000000,100.00000000,0.10000000,0.10083603,0.83603020,0.63519417,0.63519417,24H
CAP_20,TAO/USDT,2026-07-26T04:00:00+00:00,2026-07-27T04:00:00+00:00,196.4,198.8,70.00000000,70.00000000,100.00000000,0.10000000,0.10122200,1.22199593,1.02077393,1.02077393,24H
CAP_20,RARE/USDT,2026-07-26T09:00:00+00:00,2026-07-27T09:00:00+00:00,0.01279,0.01259,70.00000000,65.00000000,100.00000000,0.10000000,0.09843628,-1.56372166,-1.76215794,-1.76215794,24H
CAP_20,LINK/USDT,2026-07-26T13:00:00+00:00,2026-07-27T13:00:00+00:00,8.458,8.772,70.00000000,65.00000000,100.00000000,0.10000000,0.10371246,3.71246157,3.50874911,3.50874911,24H
CAP_20,EDEN/USDT,2026-07-27T09:00:00+00:00,2026-07-27T15:00:00+00:00,0.04471,0.04217,90.00000000,100.00000000,100.00000000,0.10000000,0.09431894,-5.68105569,-5.87537464,-5.87537464,STOP_LOSS
CAP_20,ONDO/USDT,2026-07-26T16:00:00+00:00,2026-07-27T16:00:00+00:00,0.4062,0.4094,90.00000000,100.00000000,100.00000000,0.10000000,0.10078779,0.78778927,0.58700148,0.58700148,24H
CAP_20,USDE/USDT,2026-07-26T16:00:00+00:00,2026-07-27T16:00:00+00:00,1.0009,1.0009,87.00000000,87.00000000,100.00000000,0.10000000,0.10000000,0.00000000,-0.20000000,-0.20000000,24H
CAP_20,PLUME/USDT,2026-07-27T02:00:00+00:00,2026-07-27T17:00:00+00:00,0.01231,0.01166,90.00000000,95.00000000,100.00000000,0.10000000,0.09471974,-5.28025995,-5.47497969,-5.47497969,STOP_LOSS
CAP_20,ENA/USDT,2026-07-27T13:00:00+00:00,2026-07-27T18:00:00+00:00,0.0923,0.0876,95.00000000,100.00000000,100.00000000,0.10000000,0.09490791,-5.09209101,-5.28699892,-5.28699892,STOP_LOSS
CAP_20,USDC/USDT,2026-07-26T19:00:00+00:00,2026-07-27T19:00:00+00:00,1.00087,1.00084,87.00000000,87.00000000,100.00000000,0.10000000,0.09999700,-0.00299739,-0.20299439,-0.20299439,24H
CAP_20,ALPINE/USDT,2026-07-27T03:00:00+00:00,2026-07-27T22:00:00+00:00,0.32,0.301,87.00000000,87.00000000,100.00000000,0.10000000,0.09406250,-5.93750000,-6.13156250,-6.13156250,STOP_LOSS
CAP_20,KAITO/USDT,2026-07-27T15:00:00+00:00,2026-07-27T22:00:00+00:00,1.21,1.3423,84.00000000,84.00000000,100.00000000,0.10000000,0.11093388,10.93388430,10.72295041,10.72295041,TAKE_PROFIT
CAP_20,CRCLB/USDT,2026-07-27T04:00:00+00:00,2026-07-28T04:00:00+00:00,63.92,63.19,87.00000000,87.00000000,100.00000000,0.10000000,0.09885795,-1.14205257,-1.34091051,-1.34091051,24H
CAP_20,XUSD/USDT,2026-07-27T04:00:00+00:00,2026-07-28T04:00:00+00:00,1.0012,1.0012,87.00000000,87.00000000,100.00000000,0.10000000,0.10000000,0.00000000,-0.20000000,-0.20000000,24H
CAP_20,PUMP/USDT,2026-07-27T19:00:00+00:00,2026-07-28T04:00:00+00:00,0.002128,0.002021,87.00000000,86.00000000,100.00000000,0.10000000,0.09497180,-5.02819549,-5.22316729,-5.22316729,STOP_LOSS
CAP_20,KAITO/USDT,2026-07-27T22:00:00+00:00,2026-07-28T05:00:00+00:00,1.3423,1.2594,78.00000000,83.00000000,100.00000000,0.10000000,0.09382403,-6.17596662,-6.36979066,-6.36979066,STOP_LOSS
CAP_20,KAITO/USDT,2026-07-28T05:00:00+00:00,2026-07-28T09:00:00+00:00,1.2594,1.1586,74.00000000,63.00000000,100.00000000,0.10000000,0.09199619,-8.00381134,-8.19580753,-8.19580753,STOP_LOSS
CAP_20,TREE/USDT,2026-07-27T17:00:00+00:00,2026-07-28T13:00:00+00:00,0.0395,0.0374,87.00000000,86.00000000,100.00000000,0.10000000,0.09468354,-5.31645570,-5.51113924,-5.51113924,STOP_LOSS
CAP_20,RLUSD/USDT,2026-07-27T16:00:00+00:00,2026-07-28T16:00:00+00:00,1.0013,1.0011,87.00000000,87.00000000,100.00000000,0.10000000,0.09998003,-0.01997403,-0.21995406,-0.21995406,24H
CAP_20,MSTRB/USDT,2026-07-27T16:00:00+00:00,2026-07-28T16:00:00+00:00,97.4,98.12,81.00000000,86.00000000,100.00000000,0.10000000,0.10073922,0.73921971,0.53848049,0.53848049,24H
CAP_20,BNB/USDT,2026-07-27T18:00:00+00:00,2026-07-28T18:00:00+00:00,575.37,569.62,87.00000000,86.00000000,100.00000000,0.10000000,0.09900064,-0.99935694,-1.19835758,-1.19835758,24H
CAP_20,USD1/USDT,2026-07-27T22:00:00+00:00,2026-07-28T22:00:00+00:00,0.99985,0.99968,84.00000000,84.00000000,100.00000000,0.10000000,0.09998300,-0.01700255,-0.21698555,-0.21698555,24H
CAP_20,FDUSD/USDT,2026-07-28T04:00:00+00:00,2026-07-29T04:00:00+00:00,0.9993,0.9983,87.00000000,87.00000000,100.00000000,0.10000000,0.09989993,-0.10007005,-0.29996998,-0.29996998,24H
CAP_20,USDC/USDT,2026-07-28T04:00:00+00:00,2026-07-29T04:00:00+00:00,1.00097,1.00114,76.00000000,71.00000000,100.00000000,0.10000000,0.10001698,0.01698353,-0.18303346,-0.18303346,24H
CAP_20,GPS/USDT,2026-07-28T04:00:00+00:00,2026-07-29T04:00:00+00:00,0.00927,0.00972,72.00000000,69.00000000,100.00000000,0.10000000,0.10485437,4.85436893,4.64951456,4.64951456,24H
CAP_20,MUBARAK/USDT,2026-07-28T09:00:00+00:00,2026-07-29T09:00:00+00:00,0.01111,0.01131,89.00000000,89.00000000,100.00000000,0.10000000,0.10180018,1.80018002,1.59837984,1.59837984,24H
CAP_20,U/USDT,2026-07-28T13:00:00+00:00,2026-07-29T13:00:00+00:00,1.0008,1.0008,87.00000000,87.00000000,100.00000000,0.10000000,0.10000000,0.00000000,-0.20000000,-0.20000000,24H
CAP_20,AAVE/USDT,2026-07-28T16:00:00+00:00,2026-07-29T16:00:00+00:00,101.26,98.73,95.00000000,100.00000000,100.00000000,0.10000000,0.09750148,-2.49851866,-2.69602015,-2.69602015,24H
CAP_20,ONDO/USDT,2026-07-28T16:00:00+00:00,2026-07-29T16:00:00+00:00,0.4088,0.3937,89.00000000,88.00000000,100.00000000,0.10000000,0.09630626,-3.69373777,-3.89004403,-3.89004403,24H
CAP_20,PLUME/USDT,2026-07-28T18:00:00+00:00,2026-07-29T18:00:00+00:00,0.01219,0.01212,89.00000000,88.00000000,100.00000000,0.10000000,0.09942576,-0.57424118,-0.77366694,-0.77366694,24H
CAP_20,RE/USDT,2026-07-29T16:00:00+00:00,2026-07-29T18:00:00+00:00,0.4686,0.5159,79.00000000,76.00000000,100.00000000,0.10000000,0.11009390,10.09389671,9.88380282,9.88380282,TAKE_PROFIT
CAP_20,RLUSD/USDT,2026-07-28T22:00:00+00:00,2026-07-29T22:00:00+00:00,1.0012,1.0012,76.00000000,71.00000000,100.00000000,0.10000000,0.10000000,0.00000000,-0.20000000,-0.20000000,24H
CAP_20,KAITO/USDT,2026-07-29T04:00:00+00:00,2026-07-30T03:00:00+00:00,1.264,1.1818,89.00000000,88.00000000,100.00000000,0.10000000,0.09349684,-6.50316456,-6.69666139,-6.69666139,STOP_LOSS
CAP_20,GPS/USDT,2026-07-29T04:00:00+00:00,2026-07-30T04:00:00+00:00,0.00972,0.00982,90.00000000,95.00000000,100.00000000,0.10000000,0.10102881,1.02880658,0.82777778,0.82777778,24H
CAP_20,USDC/USDT,2026-07-29T04:00:00+00:00,2026-07-30T04:00:00+00:00,1.00114,1.00112,84.00000000,84.00000000,100.00000000,0.10000000,0.09999800,-0.00199772,-0.20199572,-0.20199572,24H
CAP_20,UNI/USDT,2026-07-29T09:00:00+00:00,2026-07-30T09:00:00+00:00,3.975,4.03,95.00000000,100.00000000,100.00000000,0.10000000,0.10138365,1.38364780,1.18226415,1.18226415,24H
CAP_20,EURI/USDT,2026-07-29T13:00:00+00:00,2026-07-30T13:00:00+00:00,1.1398,1.1526,77.00000000,64.00000000,100.00000000,0.10000000,0.10112300,1.12300404,0.92188103,0.92188103,24H
CAP_20,U/USDT,2026-07-29T16:00:00+00:00,2026-07-30T16:00:00+00:00,1.0009,1.0007,87.00000000,87.00000000,100.00000000,0.10000000,0.09998002,-0.01998202,-0.21996203,-0.21996203,24H
CAP_20,GPS/USDT,2026-07-30T04:00:00+00:00,2026-07-30T17:00:00+00:00,0.00982,0.0092,82.00000000,82.00000000,100.00000000,0.10000000,0.09368635,-6.31364562,-6.50733198,-6.50733198,STOP_LOSS
CAP_20,ADA/USDT,2026-07-29T18:00:00+00:00,2026-07-30T18:00:00+00:00,0.1679,0.1723,84.00000000,89.00000000,100.00000000,0.10000000,0.10262061,2.62060750,2.41798690,2.41798690,24H
CAP_20,PLUME/USDT,2026-07-29T18:00:00+00:00,2026-07-30T18:00:00+00:00,0.01212,0.01165,84.00000000,84.00000000,100.00000000,0.10000000,0.09612211,-3.87788779,-4.07400990,-4.07400990,24H
CAP_20,ONDO/USDT,2026-07-29T22:00:00+00:00,2026-07-30T22:00:00+00:00,0.4051,0.4168,74.00000000,63.00000000,100.00000000,0.10000000,0.10288818,2.88817576,2.68528758,2.68528758,24H
CAP_20,ALPINE/USDT,2026-07-30T03:00:00+00:00,2026-07-31T03:00:00+00:00,0.32,0.314,93.00000000,98.00000000,100.00000000,0.10000000,0.09812500,-1.87500000,-2.07312500,-2.07312500,24H
CAP_20,USD1/USDT,2026-07-30T04:00:00+00:00,2026-07-31T04:00:00+00:00,1.00003,0.99997,87.00000000,87.00000000,100.00000000,0.10000000,0.09999400,-0.00599982,-0.20599382,-0.20599382,24H
CAP_20,BNB/USDT,2026-07-30T09:00:00+00:00,2026-07-31T09:00:00+00:00,579.84,590.49,87.00000000,86.00000000,100.00000000,0.10000000,0.10183671,1.83671358,1.63487686,1.63487686,24H
CAP_20,MUBARAK/USDT,2026-07-31T04:00:00+00:00,2026-07-31T11:00:00+00:00,0.0121,0.01333,95.00000000,100.00000000,100.00000000,0.10000000,0.11016529,10.16528926,9.95512397,9.95512397,TAKE_PROFIT
CAP_20,PAXG/USDT,2026-07-30T13:00:00+00:00,2026-07-31T13:00:00+00:00,4105.88,4027.22,93.00000000,98.00000000,100.00000000,0.10000000,0.09808421,-1.91578906,-2.11387327,-2.11387327,24H
CAP_20,AAVE/USDT,2026-07-30T16:00:00+00:00,2026-07-31T16:00:00+00:00,100.23,96.59,90.00000000,95.00000000,100.00000000,0.10000000,0.09636835,-3.63164721,-3.82801556,-3.82801556,24H
CAP_20,PUMP/USDT,2026-07-30T17:00:00+00:00,2026-07-31T17:00:00+00:00,0.001972,0.002139,87.00000000,86.00000000,100.00000000,0.10000000,0.10846856,8.46855984,8.26009128,8.26009128,24H
CAP_20,GIGGLE/USDT,2026-07-31T13:00:00+00:00,2026-07-31T17:00:00+00:00,36.97,42.93,74.00000000,55.00000000,100.00000000,0.10000000,0.11612118,16.12117933,15.90505816,15.90505816,TAKE_PROFIT
CAP_20,FIL/USDT,2026-07-30T18:00:00+00:00,2026-07-31T18:00:00+00:00,0.7153,0.7209,89.00000000,89.00000000,100.00000000,0.10000000,0.10078289,0.78288830,0.58210541,0.58210541,24H
CAP_20,TUT/USDT,2026-07-30T18:00:00+00:00,2026-07-31T18:00:00+00:00,0.01494,0.01637,82.00000000,82.00000000,100.00000000,0.10000000,0.10957162,9.57161981,9.36204819,9.36204819,24H
CAP_20,SOXLB/USDT,2026-07-30T22:00:00+00:00,2026-07-31T19:00:00+00:00,122.59,114.81,84.00000000,89.00000000,100.00000000,0.10000000,0.09365364,-6.34635778,-6.54001142,-6.54001142,STOP_LOSS
CAP_20,MUBARAK/USDT,2026-07-31T16:00:00+00:00,2026-07-31T20:00:00+00:00,0.01371,0.01259,90.00000000,100.00000000,100.00000000,0.10000000,0.09183078,-8.16921955,-8.36105033,-8.36105033,STOP_LOSS
CAP_20,BEL/USDT,2026-07-31T03:00:00+00:00,2026-08-01T03:00:00+00:00,0.0969,0.0974,89.00000000,89.00000000,100.00000000,0.10000000,0.10051600,0.51599587,0.31547988,0.31547988,24H
CAP_20,ALPINE/USDT,2026-07-31T09:00:00+00:00,2026-08-01T09:00:00+00:00,0.318,0.321,90.00000000,95.00000000,100.00000000,0.10000000,0.10094340,0.94339623,0.74245283,0.74245283,24H
CAP_20,USD1/USDT,2026-07-31T11:00:00+00:00,2026-08-01T11:00:00+00:00,1.00003,0.99989,81.00000000,80.00000000,100.00000000,0.10000000,0.09998600,-0.01399958,-0.21398558,-0.21398558,24H
CAP_20,HOME/USDT,2026-07-31T19:00:00+00:00,2026-08-01T11:00:00+00:00,0.0055,0.0062,78.00000000,73.00000000,100.00000000,0.10000000,0.11272727,12.72727273,12.51454545,12.51454545,TAKE_PROFIT
CAP_20,HOME/USDT,2026-08-01T11:00:00+00:00,2026-08-01T16:00:00+00:00,0.0062,0.00575,84.00000000,89.00000000,100.00000000,0.10000000,0.09274194,-7.25806452,-7.45080645,-7.45080645,STOP_LOSS
CAP_20,EURI/USDT,2026-07-31T17:00:00+00:00,2026-08-01T17:00:00+00:00,1.1539,1.1526,90.00000000,95.00000000,100.00000000,0.10000000,0.09988734,-0.11266141,-0.31254875,-0.31254875,24H
CAP_20,ADA/USDT,2026-07-31T17:00:00+00:00,2026-08-01T17:00:00+00:00,0.1713,0.1732,87.00000000,86.00000000,100.00000000,0.10000000,0.10110917,1.10916521,0.90805604,0.90805604,24H
CAP_20,PUMP/USDT,2026-07-31T18:00:00+00:00,2026-08-01T18:00:00+00:00,0.002123,0.002072,79.00000000,74.00000000,100.00000000,0.10000000,0.09759774,-2.40226095,-2.59985869,-2.59985869,24H
CAP_20,NEAR/USDT,2026-07-31T18:00:00+00:00,2026-08-01T18:00:00+00:00,1.702,1.66,78.00000000,73.00000000,100.00000000,0.10000000,0.09753231,-2.46768508,-2.66521739,-2.66521739,24H
CAP_20,MUBARAK/USDT,2026-08-01T09:00:00+00:00,2026-08-01T19:00:00+00:00,0.01303,0.0121,81.00000000,80.00000000,100.00000000,0.10000000,0.09286262,-7.13737529,-7.33023791,-7.33023791,STOP_LOSS
CAP_20,EUR/USDT,2026-07-31T20:00:00+00:00,2026-08-01T20:00:00+00:00,1.1535,1.1531,84.00000000,84.00000000,100.00000000,0.10000000,0.09996532,-0.03467707,-0.23464239,-0.23464239,24H
CAP_20,HOME/USDT,2026-08-01T18:00:00+00:00,2026-08-02T01:00:00+00:00,0.00604,0.00672,89.00000000,89.00000000,100.00000000,0.10000000,0.11125828,11.25827815,11.04701987,11.04701987,TAKE_PROFIT
CAP_20,TAO/USDT,2026-08-01T03:00:00+00:00,2026-08-02T03:00:00+00:00,197.7,194.1,89.00000000,88.00000000,100.00000000,0.10000000,0.09817906,-1.82094082,-2.01911988,-2.01911988,24H
CAP_20,PUMP/USDT,2026-08-02T01:00:00+00:00,2026-08-02T10:00:00+00:00,0.002265,0.002146,95.00000000,100.00000000,100.00000000,0.10000000,0.09474614,-5.25386313,-5.44860927,-5.44860927,STOP_LOSS
CAP_20,TUT/USDT,2026-08-01T11:00:00+00:00,2026-08-02T11:00:00+00:00,0.01758,0.01742,90.00000000,100.00000000,100.00000000,0.10000000,0.09908987,-0.91012514,-1.10921502,-1.10921502,24H
CAP_20,KAITO/USDT,2026-08-01T18:00:00+00:00,2026-08-02T13:00:00+00:00,1.2084,1.0894,95.00000000,100.00000000,100.00000000,0.10000000,0.09015227,-9.84773254,-10.03788481,-10.03788481,STOP_LOSS
CAP_20,PEPE/USDT,2026-08-01T16:00:00+00:00,2026-08-02T16:00:00+00:00,2.78e-06,2.91e-06,87.00000000,87.00000000,100.00000000,0.10000000,0.10467626,4.67625899,4.47158273,4.47158273,24H
CAP_20,ALPINE/USDT,2026-08-01T17:00:00+00:00,2026-08-02T17:00:00+00:00,0.328,0.319,93.00000000,98.00000000,100.00000000,0.10000000,0.09725610,-2.74390244,-2.94115854,-2.94115854,24H
CAP_20,DOT/USDT,2026-08-01T17:00:00+00:00,2026-08-02T17:00:00+00:00,0.775,0.798,81.00000000,81.00000000,100.00000000,0.10000000,0.10296774,2.96774194,2.76477419,2.76477419,24H
CAP_20,HOME/USDT,2026-08-02T10:00:00+00:00,2026-08-02T17:00:00+00:00,0.00784,0.00898,95.00000000,92.00000000,100.00000000,0.10000000,0.11454082,14.54081633,14.32627551,14.32627551,TAKE_PROFIT
CAP_20,ARB/USDT,2026-08-01T19:00:00+00:00,2026-08-02T19:00:00+00:00,0.0785,0.0816,81.00000000,81.00000000,100.00000000,0.10000000,0.10394904,3.94904459,3.74509554,3.74509554,24H
CAP_20,ADA/USDT,2026-08-01T20:00:00+00:00,2026-08-02T20:00:00+00:00,0.1732,0.1874,72.00000000,59.00000000,100.00000000,0.10000000,0.10819861,8.19861432,7.99041570,7.99041570,24H
CAP_20,EWYB/USDT,2026-08-02T03:00:00+00:00,2026-08-03T03:00:00+00:00,160.35,161.16,89.00000000,89.00000000,100.00000000,0.10000000,0.10050514,0.50514500,0.30463985,0.30463985,24H
CAP_20,TUT/USDT,2026-08-02T20:00:00+00:00,2026-08-03T07:00:00+00:00,0.01766,0.01954,78.00000000,65.00000000,100.00000000,0.10000000,0.11064553,10.64552661,10.43488109,10.43488109,TAKE_PROFIT
CAP_20,SKHYB/USDT,2026-08-02T17:00:00+00:00,2026-08-03T10:00:00+00:00,148.35,140.28,84.00000000,84.00000000,100.00000000,0.10000000,0.09456016,-5.43983822,-5.63439838,-5.63439838,STOP_LOSS
CAP_20,MUB/USDT,2026-08-02T17:00:00+00:00,2026-08-03T10:00:00+00:00,849.37,805.57,81.00000000,80.00000000,100.00000000,0.10000000,0.09484324,-5.15676325,-5.35160648,-5.35160648,STOP_LOSS
CAP_20,EUR/USDT,2026-08-02T11:00:00+00:00,2026-08-03T11:00:00+00:00,1.1541,1.1544,87.00000000,87.00000000,100.00000000,0.10000000,0.10002599,0.02599428,-0.17403171,-0.17403171,24H
CAP_20,KORUB/USDT,2026-08-02T17:00:00+00:00,2026-08-03T11:00:00+00:00,15.66,14.58,81.00000000,81.00000000,100.00000000,0.10000000,0.09310345,-6.89655172,-7.08965517,-7.08965517,STOP_LOSS
CAP_20,FIL/USDT,2026-08-02T13:00:00+00:00,2026-08-03T13:00:00+00:00,0.72,0.7249,84.00000000,84.00000000,100.00000000,0.10000000,0.10068056,0.68055556,0.47987500,0.47987500,24H
CAP_20,BICO/USDT,2026-08-03T10:00:00+00:00,2026-08-03T13:00:00+00:00,0.01749,0.01962,90.00000000,92.00000000,100.00000000,0.10000000,0.11217839,12.17838765,11.96620926,11.96620926,TAKE_PROFIT
CAP_20,ALLO/USDT,2026-08-03T11:00:00+00:00,2026-08-03T13:00:00+00:00,0.292,0.2598,89.00000000,89.00000000,100.00000000,0.10000000,0.08897260,-11.02739726,-11.21636986,-11.21636986,STOP_LOSS
CAP_20,MUBARAK/USDT,2026-08-02T16:00:00+00:00,2026-08-03T16:00:00+00:00,0.01273,0.01266,92.00000000,97.00000000,100.00000000,0.10000000,0.09945012,-0.54988217,-0.74933229,-0.74933229,24H
CAP_20,NEAR/USDT,2026-08-02T19:00:00+00:00,2026-08-03T19:00:00+00:00,1.707,1.742,84.00000000,84.00000000,100.00000000,0.10000000,0.10205038,2.05038079,1.84833040,1.84833040,24H
CAP_20,USD1/USDT,2026-08-03T03:00:00+00:00,2026-08-04T03:00:00+00:00,1.00003,1.00004,84.00000000,84.00000000,100.00000000,0.10000000,0.10000100,0.00099997,-0.19900103,-0.19900103,24H
CAP_20,HOME/USDT,2026-08-03T16:00:00+00:00,2026-08-04T03:00:00+00:00,0.00781,0.00728,95.00000000,100.00000000,100.00000000,0.10000000,0.09321383,-6.78617157,-6.97938540,-6.97938540,STOP_LOSS
CAP_20,BMT/USDT,2026-08-03T07:00:00+00:00,2026-08-04T07:00:00+00:00,0.0119,0.01181,92.00000000,97.00000000,100.00000000,0.10000000,0.09924370,-0.75630252,-0.95554622,-0.95554622,24H
CAP_20,HOME/USDT,2026-08-04T07:00:00+00:00,2026-08-04T08:00:00+00:00,0.00949,0.00878,87.00000000,84.00000000,100.00000000,0.10000000,0.09251844,-7.48155954,-7.67407798,-7.67407798,STOP_LOSS
CAP_20,ENA/USDT,2026-08-03T10:00:00+00:00,2026-08-04T10:00:00+00:00,0.09,0.091,95.00000000,100.00000000,100.00000000,0.10000000,0.10111111,1.11111111,0.91000000,0.91000000,24H
CAP_20,ADA/USDT,2026-08-03T11:00:00+00:00,2026-08-04T11:00:00+00:00,0.1865,0.1945,89.00000000,88.00000000,100.00000000,0.10000000,0.10428954,4.28954424,4.08525469,4.08525469,24H
CAP_20,PEPE/USDT,2026-08-03T13:00:00+00:00,2026-08-04T13:00:00+00:00,2.91e-06,2.89e-06,95.00000000,100.00000000,100.00000000,0.10000000,0.09931271,-0.68728522,-0.88659794,-0.88659794,24H
CAP_20,RARE/USDT,2026-08-03T13:00:00+00:00,2026-08-04T13:00:00+00:00,0.01207,0.01172,89.00000000,89.00000000,100.00000000,0.10000000,0.09710025,-2.89975145,-3.09685170,-3.09685170,24H
CAP_20,BNB/USDT,2026-08-03T13:00:00+00:00,2026-08-04T13:00:00+00:00,588.21,589.18,87.00000000,87.00000000,100.00000000,0.10000000,0.10016491,0.16490709,-0.03525782,-0.03525782,24H
CAP_20,BICO/USDT,2026-08-04T08:00:00+00:00,2026-08-04T16:00:00+00:00,0.01799,0.02055,89.00000000,80.00000000,100.00000000,0.10000000,0.11423013,14.23012785,14.01589772,14.01589772,TAKE_PROFIT
CAP_20,PUMP/USDT,2026-08-03T19:00:00+00:00,2026-08-04T19:00:00+00:00,0.002184,0.002402,89.00000000,88.00000000,100.00000000,0.10000000,0.10998168,9.98168498,9.77170330,9.77170330,24H
CAP_20,ACE/USDT,2026-08-04T10:00:00+00:00,2026-08-05T01:00:00+00:00,0.0671,0.0742,89.00000000,89.00000000,100.00000000,0.10000000,0.11058122,10.58122206,10.37064083,10.37064083,TAKE_PROFIT
CAP_20,ARB/USDT,2026-08-04T03:00:00+00:00,2026-08-05T03:00:00+00:00,0.0831,0.0806,84.00000000,84.00000000,100.00000000,0.10000000,0.09699158,-3.00842359,-3.20541516,-3.20541516,24H
CAP_20,DOT/USDT,2026-08-04T03:00:00+00:00,2026-08-05T03:00:00+00:00,0.84,0.846,82.00000000,86.00000000,100.00000000,0.10000000,0.10071429,0.71428571,0.51357143,0.51357143,24H
CAP_20,BICO/USDT,2026-08-05T03:00:00+00:00,2026-08-05T05:00:00+00:00,0.0226,0.02718,84.00000000,76.00000000,100.00000000,0.10000000,0.12026549,20.26548673,20.00000000,20.00000000,TAKE_PROFIT
CAP_20,KORUB/USDT,2026-08-05T01:00:00+00:00,2026-08-05T08:00:00+00:00,19.11,18.07,92.00000000,97.00000000,100.00000000,0.10000000,0.09455782,-5.44217687,-5.63673469,-5.63673469,STOP_LOSS
CAP_20,BMT/USDT,2026-08-04T11:00:00+00:00,2026-08-05T11:00:00+00:00,0.0119,0.0124,90.00000000,95.00000000,100.00000000,0.10000000,0.10420168,4.20168067,3.99747899,3.99747899,24H
CAP_20,EWYB/USDT,2026-08-04T13:00:00+00:00,2026-08-05T13:00:00+00:00,168.08,171.47,95.00000000,100.00000000,100.00000000,0.10000000,0.10201690,2.01689672,1.81487982,1.81487982,24H
CAP_20,PORTAL/USDT,2026-08-04T13:00:00+00:00,2026-08-05T13:00:00+00:00,0.01059,0.01086,95.00000000,100.00000000,100.00000000,0.10000000,0.10254958,2.54957507,2.34702550,2.34702550,24H
CAP_20,SNDKB/USDT,2026-08-04T13:00:00+00:00,2026-08-05T13:00:00+00:00,1383.52,1438.45,95.00000000,100.00000000,100.00000000,0.10000000,0.10397031,3.97030762,3.76633731,3.76633731,24H
CAP_20,MUBARAK/USDT,2026-08-04T16:00:00+00:00,2026-08-05T16:00:00+00:00,0.01305,0.01317,95.00000000,100.00000000,100.00000000,0.10000000,0.10091954,0.91954023,0.71862069,0.71862069,24H
CAP_20,CHIP/USDT,2026-08-04T19:00:00+00:00,2026-08-05T19:00:00+00:00,0.02539,0.02483,86.00000000,86.00000000,100.00000000,0.10000000,0.09779441,-2.20559275,-2.40338716,-2.40338716,24H
CAP_20,SNXXB/USDT,2026-08-05T16:00:00+00:00,2026-08-05T19:00:00+00:00,12.64,11.41,95.00000000,100.00000000,100.00000000,0.10000000,0.09026899,-9.73101266,-9.92128165,-9.92128165,STOP_LOSS
CAP_20,FET/USDT,2026-08-05T05:00:00+00:00,2026-08-05T21:00:00+00:00,0.1517,0.1423,87.00000000,92.00000000,100.00000000,0.10000000,0.09380356,-6.19644034,-6.39024390,-6.39024390,STOP_LOSS
CAP_20,KORUB/USDT,2026-08-05T13:00:00+00:00,2026-08-05T21:00:00+00:00,19.25,18.09,95.00000000,100.00000000,100.00000000,0.10000000,0.09397403,-6.02597403,-6.21994805,-6.21994805,STOP_LOSS
CAP_20,MUB/USDT,2026-08-05T13:00:00+00:00,2026-08-06T01:00:00+00:00,919,871.04,95.00000000,100.00000000,100.00000000,0.10000000,0.09478128,-5.21871600,-5.41349728,-5.41349728,STOP_LOSS
CAP_20,ZEC/USDT,2026-08-05T03:00:00+00:00,2026-08-06T03:00:00+00:00,512.98,509.38,87.00000000,86.00000000,100.00000000,0.10000000,0.09929822,-0.70178175,-0.90107996,-0.90107996,24H
CAP_20,HEMI/USDT,2026-08-05T05:00:00+00:00,2026-08-06T05:00:00+00:00,0.00482,0.005,95.00000000,100.00000000,100.00000000,0.10000000,0.10373444,3.73443983,3.53070539,3.53070539,24H
CAP_20,MUBARAK/USDT,2026-08-05T21:00:00+00:00,2026-08-06T05:00:00+00:00,0.01397,0.01324,95.00000000,100.00000000,100.00000000,0.10000000,0.09477452,-5.22548318,-5.42025770,-5.42025770,STOP_LOSS
CAP_20,BICO/USDT,2026-08-06T05:00:00+00:00,2026-08-06T06:00:00+00:00,0.02993,0.0283,89.00000000,80.00000000,100.00000000,0.10000000,0.09455396,-5.44604076,-5.64059472,-5.64059472,STOP_LOSS
CAP_20,ADA/USDT,2026-08-05T08:00:00+00:00,2026-08-06T08:00:00+00:00,0.1939,0.1895,87.00000000,86.00000000,100.00000000,0.10000000,0.09773079,-2.26921093,-2.46694172,-2.46694172,24H
CAP_20,EWYB/USDT,2026-08-05T13:00:00+00:00,2026-08-06T10:00:00+00:00,171.47,162.5,95.00000000,100.00000000,100.00000000,0.10000000,0.09476876,-5.23123578,-5.42600455,-5.42600455,STOP_LOSS
CAP_20,EURI/USDT,2026-08-05T11:00:00+00:00,2026-08-06T11:00:00+00:00,1.1558,1.1549,87.00000000,87.00000000,100.00000000,0.10000000,0.09992213,-0.07786814,-0.27779028,-0.27779028,24H
CAP_20,HOME/USDT,2026-08-06T08:00:00+00:00,2026-08-06T11:00:00+00:00,0.00933,0.01049,89.00000000,88.00000000,100.00000000,0.10000000,0.11243301,12.43301179,12.22057878,12.22057878,TAKE_PROFIT
CAP_20,HOME/USDT,2026-08-06T11:00:00+00:00,2026-08-06T15:00:00+00:00,0.01049,0.00972,95.00000000,92.00000000,100.00000000,0.10000000,0.09265968,-7.34032412,-7.53298379,-7.53298379,STOP_LOSS
CAP_20,PORTAL/USDT,2026-08-05T19:00:00+00:00,2026-08-06T16:00:00+00:00,0.01125,0.01264,95.00000000,100.00000000,100.00000000,0.10000000,0.11235556,12.35555556,12.14320000,12.14320000,TAKE_PROFIT
CAP_20,MSTRB/USDT,2026-08-05T19:00:00+00:00,2026-08-06T19:00:00+00:00,98.4,96.84,89.00000000,88.00000000,100.00000000,0.10000000,0.09841463,-1.58536585,-1.78378049,-1.78378049,24H
CAP_20,FDUSD/USDT,2026-08-06T01:00:00+00:00,2026-08-07T01:00:00+00:00,0.9982,0.9982,87.00000000,87.00000000,100.00000000,0.10000000,0.10000000,0.00000000,-0.20000000,-0.20000000,24H
CAP_20,BMT/USDT,2026-08-06T03:00:00+00:00,2026-08-07T03:00:00+00:00,0.01246,0.01269,93.00000000,98.00000000,100.00000000,0.10000000,0.10184591,1.84590690,1.64406100,1.64406100,24H
CAP_20,ONG/USDT,2026-08-06T05:00:00+00:00,2026-08-07T05:00:00+00:00,0.04253,0.04273,89.00000000,89.00000000,100.00000000,0.10000000,0.10047026,0.47025629,0.26978603,0.26978603,24H
CAP_20,ENA/USDT,2026-08-06T06:00:00+00:00,2026-08-07T06:00:00+00:00,0.0925,0.093,89.00000000,88.00000000,100.00000000,0.10000000,0.10054054,0.54054054,0.34000000,0.34000000,24H
CAP_20,TUT/USDT,2026-08-07T03:00:00+00:00,2026-08-07T06:00:00+00:00,0.02763,0.03044,95.00000000,100.00000000,100.00000000,0.10000000,0.11017010,10.17010496,9.95993485,9.95993485,TAKE_PROFIT
CAP_20,ACE/USDT,2026-08-07T06:00:00+00:00,2026-08-07T07:00:00+00:00,0.1362,0.1578,89.00000000,80.00000000,100.00000000,0.10000000,0.11585903,15.85903084,15.64317181,15.64317181,TAKE_PROFIT
CAP_20,GPS/USDT,2026-08-06T10:00:00+00:00,2026-08-07T10:00:00+00:00,0.0095,0.00956,90.00000000,95.00000000,100.00000000,0.10000000,0.10063158,0.63157895,0.43094737,0.43094737,24H
CAP_20,EDEN/USDT,2026-08-06T11:00:00+00:00,2026-08-07T11:00:00+00:00,0.0395,0.04135,89.00000000,89.00000000,100.00000000,0.10000000,0.10468354,4.68354430,4.47886076,4.47886076,24H
CAP_20,TUT/USDT,2026-08-07T07:00:00+00:00,2026-08-07T11:00:00+00:00,0.03089,0.03468,92.00000000,97.00000000,100.00000000,0.10000000,0.11226934,12.26934283,12.05707349,12.05707349,TAKE_PROFIT
CAP_20,CRCLB/USDT,2026-08-06T15:00:00+00:00,2026-08-07T15:00:00+00:00,65.41,66.78,95.00000000,100.00000000,100.00000000,0.10000000,0.10209448,2.09448097,1.89238649,1.89238649,24H
CAP_20,BICO/USDT,2026-08-07T11:00:00+00:00,2026-08-07T15:00:00+00:00,0.04798,0.05296,92.00000000,89.00000000,100.00000000,0.10000000,0.11037932,10.37932472,10.16894539,10.16894539,TAKE_PROFIT
CAP_20,ADA/USDT,2026-08-06T16:00:00+00:00,2026-08-07T16:00:00+00:00,0.2068,0.1993,90.00000000,100.00000000,100.00000000,0.10000000,0.09637331,-3.62669246,-3.82306576,-3.82306576,24H
CAP_20,PUMP/USDT,2026-08-06T19:00:00+00:00,2026-08-07T19:00:00+00:00,0.00238,0.002347,84.00000000,84.00000000,100.00000000,0.10000000,0.09861345,-1.38655462,-1.58516807,-1.58516807,24H
CAP_20,HEMI/USDT,2026-08-07T10:00:00+00:00,2026-08-07T21:00:00+00:00,0.00541,0.00512,92.00000000,97.00000000,100.00000000,0.10000000,0.09463956,-5.36044362,-5.55508318,-5.55508318,STOP_LOSS
CAP_20,OPN/USDT,2026-08-07T01:00:00+00:00,2026-08-08T01:00:00+00:00,0.0532,0.0521,81.00000000,80.00000000,100.00000000,0.10000000,0.09793233,-2.06766917,-2.26560150,-2.26560150,24H
CAP_20,BICO/USDT,2026-08-07T15:00:00+00:00,2026-08-08T03:00:00+00:00,0.05296,0.05893,89.00000000,80.00000000,100.00000000,0.10000000,0.11127266,11.27265861,11.06138595,11.06138595,TAKE_PROFIT
CAP_20,TUT/USDT,2026-08-07T19:00:00+00:00,2026-08-08T03:00:00+00:00,0.03734,0.04283,89.00000000,80.00000000,100.00000000,0.10000000,0.11470273,14.70273166,14.48802892,14.48802892,TAKE_PROFIT
CAP_20,RARE/USDT,2026-08-07T05:00:00+00:00,2026-08-08T05:00:00+00:00,0.0127,0.01232,90.00000000,100.00000000,100.00000000,0.10000000,0.09700787,-2.99212598,-3.18913386,-3.18913386,24H
CAP_20,PAXG/USDT,2026-08-07T06:00:00+00:00,2026-08-08T06:00:00+00:00,4291.5,4337.99,90.00000000,95.00000000,100.00000000,0.10000000,0.10108330,1.08330421,0.88222090,0.88222090,24H
CAP_20,BMT/USDT,2026-08-07T07:00:00+00:00,2026-08-08T07:00:00+00:00,0.01297,0.01277,92.00000000,97.00000000,100.00000000,0.10000000,0.09845798,-1.54202005,-1.74047803,-1.74047803,24H
CAP_20,MSTRB/USDT,2026-08-07T11:00:00+00:00,2026-08-08T11:00:00+00:00,98.72,101.15,93.00000000,98.00000000,100.00000000,0.10000000,0.10246151,2.46150729,2.25904579,2.25904579,24H
CAP_20,RE/USDT,2026-08-08T05:00:00+00:00,2026-08-08T11:00:00+00:00,0.4102,0.4529,89.00000000,89.00000000,100.00000000,0.10000000,0.11040956,10.40955631,10.19914676,10.19914676,TAKE_PROFIT
CAP_20,LTC/USDT,2026-08-07T15:00:00+00:00,2026-08-08T15:00:00+00:00,45.96,45.88,90.00000000,95.00000000,100.00000000,0.10000000,0.09982594,-0.17406440,-0.37389034,-0.37389034,24H
CAP_20,GPS/USDT,2026-08-07T16:00:00+00:00,2026-08-08T16:00:00+00:00,0.00987,0.00982,90.00000000,95.00000000,100.00000000,0.10000000,0.09949341,-0.50658561,-0.70607903,-0.70607903,24H
CAP_20,ACE/USDT,2026-08-08T15:00:00+00:00,2026-08-08T16:00:00+00:00,0.1407,0.1584,95.00000000,92.00000000,100.00000000,0.10000000,0.11257996,12.57995736,12.36737740,12.36737740,TAKE_PROFIT
CAP_20,BCH/USDT,2026-08-07T21:00:00+00:00,2026-08-08T21:00:00+00:00,215.8,216.4,81.00000000,80.00000000,100.00000000,0.10000000,0.10027804,0.27803522,0.07775718,0.07775718,24H
CAP_20,BICO/USDT,2026-08-08T03:00:00+00:00,2026-08-09T00:00:00+00:00,0.05893,0.06662,89.00000000,80.00000000,100.00000000,0.10000000,0.11304938,13.04938062,12.83633124,12.83633124,TAKE_PROFIT
CAP_20,ALPINE/USDT,2026-08-08T01:00:00+00:00,2026-08-09T01:00:00+00:00,0.321,0.334,87.00000000,87.00000000,100.00000000,0.10000000,0.10404984,4.04984424,3.84579439,3.84579439,24H
CAP_20,OPN/USDT,2026-08-08T03:00:00+00:00,2026-08-09T03:00:00+00:00,0.0536,0.0541,89.00000000,88.00000000,100.00000000,0.10000000,0.10093284,0.93283582,0.73190299,0.73190299,24H
CAP_20,MUBARAK/USDT,2026-08-08T11:00:00+00:00,2026-08-09T04:00:00+00:00,0.01469,0.01668,93.00000000,98.00000000,100.00000000,0.10000000,0.11354663,13.54663036,13.33308373,13.33308373,TAKE_PROFIT
CAP_20,TAO/USDT,2026-08-08T06:00:00+00:00,2026-08-09T06:00:00+00:00,197.4,205.4,90.00000000,95.00000000,100.00000000,0.10000000,0.10405268,4.05268490,3.84863222,3.84863222,24H
CAP_20,RARE/USDT,2026-08-08T07:00:00+00:00,2026-08-09T07:00:00+00:00,0.01242,0.01339,93.00000000,98.00000000,100.00000000,0.10000000,0.10780998,7.80998390,7.60217391,7.60217391,24H
CAP_20,BICO/USDT,2026-08-09T00:00:00+00:00,2026-08-09T08:00:00+00:00,0.06662,0.05181,92.00000000,89.00000000,100.00000000,0.10000000,0.07776944,-22.23056139,-22.40833083,-22.40833083,STOP_LOSS
CAP_20,BMT/USDT,2026-08-09T08:00:00+00:00,2026-08-09T09:00:00+00:00,0.01948,0.02397,90.00000000,92.00000000,100.00000000,0.10000000,0.12304928,23.04928131,20.00000000,20.00000000,TAKE_PROFIT
CAP_20,MUBARAK/USDT,2026-08-09T07:00:00+00:00,2026-08-09T10:00:00+00:00,0.0179,0.02001,95.00000000,92.00000000,100.00000000,0.10000000,0.11178771,11.78770950,11.57592179,11.57592179,TAKE_PROFIT
CAP_20,HEMI/USDT,2026-08-08T11:00:00+00:00,2026-08-09T11:00:00+00:00,0.00536,0.00553,92.00000000,97.00000000,100.00000000,0.10000000,0.10317164,3.17164179,2.96847015,2.96847015,24H
CAP_20,MUBARAK/USDT,2026-08-09T11:00:00+00:00,2026-08-09T12:00:00+00:00,0.01966,0.01844,89.00000000,80.00000000,100.00000000,0.10000000,0.09379451,-6.20549339,-6.39928789,-6.39928789,STOP_LOSS
CAP_20,BEL/USDT,2026-08-08T16:00:00+00:00,2026-08-09T16:00:00+00:00,0.1078,0.1117,90.00000000,95.00000000,100.00000000,0.10000000,0.10361781,3.61781076,3.41419295,3.41419295,24H
CAP_20,ONG/USDT,2026-08-08T16:00:00+00:00,2026-08-09T16:00:00+00:00,0.04311,0.04355,90.00000000,95.00000000,100.00000000,0.10000000,0.10102064,1.02064486,0.81962422,0.81962422,24H
CAP_20,PORTAL/USDT,2026-08-08T21:00:00+00:00,2026-08-09T21:00:00+00:00,0.01177,0.01148,90.00000000,100.00000000,100.00000000,0.10000000,0.09753611,-2.46389125,-2.66142736,-2.66142736,24H
CAP_20,PLUME/USDT,2026-08-09T01:00:00+00:00,2026-08-10T01:00:00+00:00,0.01205,0.01221,85.00000000,87.00000000,100.00000000,0.10000000,0.10132780,1.32780083,1.12647303,1.12647303,24H
CAP_20,TREE/USDT,2026-08-09T03:00:00+00:00,2026-08-10T03:00:00+00:00,0.0375,0.0375,90.00000000,95.00000000,100.00000000,0.10000000,0.10000000,0.00000000,-0.20000000,-0.20000000,24H
CAP_20,EURI/USDT,2026-08-09T04:00:00+00:00,2026-08-10T04:00:00+00:00,1.1559,1.1554,84.00000000,84.00000000,100.00000000,0.10000000,0.09995674,-0.04325634,-0.24321308,-0.24321308,24H
CAP_20,ALPINE/USDT,2026-08-09T06:00:00+00:00,2026-08-10T06:00:00+00:00,0.336,0.331,90.00000000,95.00000000,100.00000000,0.10000000,0.09851190,-1.48809524,-1.68660714,-1.68660714,24H
CAP_20,ZEC/USDT,2026-08-09T09:00:00+00:00,2026-08-10T09:00:00+00:00,521.11,504.51,95.00000000,100.00000000,100.00000000,0.10000000,0.09681449,-3.18550786,-3.38232235,-3.38232235,24H
CAP_20,HEMI/USDT,2026-08-09T21:00:00+00:00,2026-08-10T09:00:00+00:00,0.00562,0.00525,90.00000000,95.00000000,100.00000000,0.10000000,0.09341637,-6.58362989,-6.77704626,-6.77704626,STOP_LOSS
CAP_20,XAUT/USDT,2026-08-09T10:00:00+00:00,2026-08-10T10:00:00+00:00,4333.24,4316.43,87.00000000,87.00000000,100.00000000,0.10000000,0.09961207,-0.38793143,-0.58754350,-0.58754350,24H
CAP_20,SOXLB/USDT,2026-08-09T12:00:00+00:00,2026-08-10T12:00:00+00:00,142.46,140.05,87.00000000,87.00000000,100.00000000,0.10000000,0.09830830,-1.69170293,-1.89001123,-1.89001123,24H
CAP_20,HOME/USDT,2026-08-10T06:00:00+00:00,2026-08-10T15:00:00+00:00,0.00961,0.01189,92.00000000,97.00000000,100.00000000,0.10000000,0.12372529,23.72528616,20.00000000,20.00000000,TAKE_PROFIT
CAP_20,CRCLB/USDT,2026-08-09T16:00:00+00:00,2026-08-10T16:00:00+00:00,68.32,65.86,90.00000000,95.00000000,100.00000000,0.10000000,0.09639930,-3.60070258,-3.79710187,-3.79710187,24H
CAP_20,TRUMP/USDT,2026-08-09T16:00:00+00:00,2026-08-10T16:00:00+00:00,1.521,1.486,90.00000000,100.00000000,100.00000000,0.10000000,0.09769888,-2.30111769,-2.49881657,-2.49881657,24H
CAP_20,RE/USDT,2026-08-10T10:00:00+00:00,2026-08-10T20:00:00+00:00,0.4269,0.4044,89.00000000,89.00000000,100.00000000,0.10000000,0.09472944,-5.27055517,-5.46528461,-5.46528461,STOP_LOSS
CAP_20,ALLO/USDT,2026-08-10T16:00:00+00:00,2026-08-10T22:00:00+00:00,0.3267,0.3081,95.00000000,100.00000000,100.00000000,0.10000000,0.09430670,-5.69329660,-5.88760331,-5.88760331,STOP_LOSS
CAP_20,PLUME/USDT,2026-08-10T01:00:00+00:00,2026-08-11T01:00:00+00:00,0.01221,0.01225,93.00000000,98.00000000,100.00000000,0.10000000,0.10032760,0.32760033,0.12727273,0.12727273,24H
CAP_20,EDEN/USDT,2026-08-10T03:00:00+00:00,2026-08-11T03:00:00+00:00,0.04498,0.04385,89.00000000,88.00000000,100.00000000,0.10000000,0.09748777,-2.51222766,-2.70971543,-2.70971543,24H
CAP_20,TREE/USDT,2026-08-10T04:00:00+00:00,2026-08-11T04:00:00+00:00,0.0377,0.0364,90.00000000,95.00000000,100.00000000,0.10000000,0.09655172,-3.44827586,-3.64482759,-3.64482759,24H
CAP_20,SPCXB/USDT,2026-08-10T09:00:00+00:00,2026-08-11T09:00:00+00:00,136.24,136.9,93.00000000,98.00000000,100.00000000,0.10000000,0.10048444,0.48443922,0.28395479,0.28395479,24H
CAP_20,WLD/USDT,2026-08-10T09:00:00+00:00,2026-08-11T09:00:00+00:00,0.343,0.3358,90.00000000,95.00000000,100.00000000,0.10000000,0.09790087,-2.09912536,-2.29702624,-2.29702624,24H
CAP_20,RARE/USDT,2026-08-10T20:00:00+00:00,2026-08-11T09:00:00+00:00,0.01368,0.01212,87.00000000,86.00000000,100.00000000,0.10000000,0.08859649,-11.40350877,-11.59210526,-11.59210526,STOP_LOSS
CAP_20,POL/USDT,2026-08-10T12:00:00+00:00,2026-08-11T12:00:00+00:00,0.07806,0.07553,83.00000000,75.00000000,100.00000000,0.10000000,0.09675890,-3.24109659,-3.43785550,-3.43785550,24H
CAP_20,PORTAL/USDT,2026-08-10T15:00:00+00:00,2026-08-11T14:00:00+00:00,0.01185,0.01116,95.00000000,100.00000000,100.00000000,0.10000000,0.09417722,-5.82278481,-6.01696203,-6.01696203,STOP_LOSS
CAP_20,PAXG/USDT,2026-08-10T16:00:00+00:00,2026-08-11T16:00:00+00:00,4348.17,4380.62,87.00000000,87.00000000,100.00000000,0.10000000,0.10074629,0.74629097,0.54554468,0.54554468,24H
CAP_20,GIGGLE/USDT,2026-08-11T12:00:00+00:00,2026-08-11T20:00:00+00:00,35.3,38.86,92.00000000,97.00000000,100.00000000,0.10000000,0.11008499,10.08498584,9.87490085,9.87490085,TAKE_PROFIT
CAP_20,PUMP/USDT,2026-08-10T22:00:00+00:00,2026-08-11T22:00:00+00:00,0.002809,0.002705,87.00000000,86.00000000,100.00000000,0.10000000,0.09629761,-3.70238519,-3.89868281,-3.89868281,24H
CAP_20,LINK/USDT,2026-08-11T01:00:00+00:00,2026-08-12T01:00:00+00:00,8.428,8.787,93.00000000,98.00000000,100.00000000,0.10000000,0.10425961,4.25961082,4.05535121,4.05535121,24H
CAP_20,TRUMP/USDT,2026-08-11T03:00:00+00:00,2026-08-12T03:00:00+00:00,1.518,1.49,95.00000000,100.00000000,100.00000000,0.10000000,0.09815547,-1.84453228,-2.04268775,-2.04268775,24H
CAP_20,ENA/USDT,2026-08-11T04:00:00+00:00,2026-08-12T04:00:00+00:00,0.0903,0.0898,90.00000000,95.00000000,100.00000000,0.10000000,0.09944629,-0.55370986,-0.75315615,-0.75315615,24H
CAP_20,BNB/USDT,2026-08-11T09:00:00+00:00,2026-08-12T09:00:00+00:00,607.19,613.7,87.00000000,86.00000000,100.00000000,0.10000000,0.10107215,1.07215204,0.87107989,0.87107989,24H
CAP_20,DOGE/USDT,2026-08-11T09:00:00+00:00,2026-08-12T09:00:00+00:00,0.07059,0.07204,84.00000000,84.00000000,100.00000000,0.10000000,0.10205412,2.05411531,1.85206120,1.85206120,24H
CAP_20,EDEN/USDT,2026-08-11T09:00:00+00:00,2026-08-12T09:00:00+00:00,0.04421,0.04442,84.00000000,83.00000000,100.00000000,0.10000000,0.10047501,0.47500565,0.27453065,0.27453065,24H
CAP_20,KORUB/USDT,2026-08-11T14:00:00+00:00,2026-08-12T12:00:00+00:00,17.95,19.83,89.00000000,88.00000000,100.00000000,0.10000000,0.11047354,10.47353760,10.26306407,10.26306407,TAKE_PROFIT
CAP_20,CRCLB/USDT,2026-08-11T16:00:00+00:00,2026-08-12T16:00:00+00:00,71.09,70.03,84.00000000,88.00000000,100.00000000,0.10000000,0.09850893,-1.49106766,-1.68957659,-1.68957659,24H
CAP_20,SOL/USDT,2026-08-11T20:00:00+00:00,2026-08-12T20:00:00+00:00,76.05,75.93,80.00000000,82.00000000,100.00000000,0.10000000,0.09984221,-0.15779093,-0.35763314,-0.35763314,24H
CAP_20,HOME/USDT,2026-08-11T22:00:00+00:00,2026-08-12T22:00:00+00:00,0.00922,0.00935,82.00000000,84.00000000,100.00000000,0.10000000,0.10140998,1.40997831,1.20856833,1.20856833,24H
CAP_20,WLD/USDT,2026-08-12T01:00:00+00:00,2026-08-13T01:00:00+00:00,0.3406,0.3298,90.00000000,95.00000000,100.00000000,0.10000000,0.09682913,-3.17087493,-3.36770405,-3.36770405,24H
CAP_20,RE/USDT,2026-08-12T03:00:00+00:00,2026-08-13T03:00:00+00:00,0.435,0.4353,89.00000000,88.00000000,100.00000000,0.10000000,0.10006897,0.06896552,-0.13110345,-0.13110345,24H
CAP_20,GRAM/USDT,2026-08-12T04:00:00+00:00,2026-08-13T04:00:00+00:00,1.361,1.338,81.00000000,80.00000000,100.00000000,0.10000000,0.09831007,-1.68993387,-1.88824394,-1.88824394,24H
CAP_20,HOME/USDT,2026-08-12T22:00:00+00:00,2026-08-13T06:00:00+00:00,0.00935,0.01036,79.00000000,75.00000000,100.00000000,0.10000000,0.11080214,10.80213904,10.59133690,10.59133690,TAKE_PROFIT
CAP_20,GPS/USDT,2026-08-12T09:00:00+00:00,2026-08-13T09:00:00+00:00,0.00981,0.01014,90.00000000,100.00000000,100.00000000,0.10000000,0.10336391,3.36391437,3.16055046,3.16055046,24H
CAP_20,PAXG/USDT,2026-08-12T09:00:00+00:00,2026-08-13T09:00:00+00:00,4413.47,4383.36,84.00000000,83.00000000,100.00000000,0.10000000,0.09931777,-0.68222963,-0.88154740,-0.88154740,24H
CAP_20,SOXLB/USDT,2026-08-12T09:00:00+00:00,2026-08-13T09:00:00+00:00,140.47,142.68,84.00000000,88.00000000,100.00000000,0.10000000,0.10157329,1.57328967,1.37171638,1.37171638,24H
CAP_20,LINK/USDT,2026-08-12T12:00:00+00:00,2026-08-13T12:00:00+00:00,8.849,8.782,93.00000000,98.00000000,100.00000000,0.10000000,0.09924285,-0.75714770,-0.95639055,-0.95639055,24H
CAP_20,EDEN/USDT,2026-08-12T16:00:00+00:00,2026-08-13T15:00:00+00:00,0.04516,0.04974,93.00000000,98.00000000,100.00000000,0.10000000,0.11014172,10.14171833,9.93157662,9.93157662,TAKE_PROFIT
CAP_20,SNDKB/USDT,2026-08-13T12:00:00+00:00,2026-08-13T15:00:00+00:00,1353.63,1532.99,90.00000000,95.00000000,100.00000000,0.10000000,0.11325030,13.25029735,13.03704705,13.03704705,TAKE_PROFIT
CAP_20,EDEN/USDT,2026-08-13T15:00:00+00:00,2026-08-13T18:00:00+00:00,0.04974,0.05933,90.00000000,100.00000000,100.00000000,0.10000000,0.11928026,19.28025734,19.06097708,19.06097708,TAKE_PROFIT
CAP_20,CRCLB/USDT,2026-08-12T20:00:00+00:00,2026-08-13T20:00:00+00:00,70.98,75.27,78.00000000,65.00000000,100.00000000,0.10000000,0.10604396,6.04395604,5.83791209,5.83791209,24H
CAP_20,RLUSD/USDT,2026-08-13T01:00:00+00:00,2026-08-14T01:00:00+00:00,1.0011,1.001,87.00000000,87.00000000,100.00000000,0.10000000,0.09999001,-0.00998901,-0.20997902,-0.20997902,24H
CAP_20,AVAX/USDT,2026-08-13T03:00:00+00:00,2026-08-14T03:00:00+00:00,6.512,6.417,79.00000000,76.00000000,100.00000000,0.10000000,0.09854115,-1.45884521,-1.65738636,-1.65738636,24H
CAP_20,PUMP/USDT,2026-08-13T04:00:00+00:00,2026-08-14T04:00:00+00:00,0.002772,0.002918,82.00000000,82.00000000,100.00000000,0.10000000,0.10526696,5.26695527,5.06168831,5.06168831,24H
CAP_20,HOME/USDT,2026-08-13T06:00:00+00:00,2026-08-14T06:00:00+00:00,0.01036,0.0114,90.00000000,100.00000000,100.00000000,0.10000000,0.11003861,10.03861004,9.82857143,9.82857143,TAKE_PROFIT
CAP_20,ACE/USDT,2026-08-14T03:00:00+00:00,2026-08-14T07:00:00+00:00,0.1316,0.1493,87.00000000,92.00000000,100.00000000,0.10000000,0.11344985,13.44984802,13.23639818,13.23639818,TAKE_PROFIT
CAP_20,RE/USDT,2026-08-13T09:00:00+00:00,2026-08-14T09:00:00+00:00,0.4494,0.4391,95.00000000,100.00000000,100.00000000,0.10000000,0.09770806,-2.29194482,-2.48965287,-2.48965287,24H
CAP_20,WLD/USDT,2026-08-13T09:00:00+00:00,2026-08-14T09:00:00+00:00,0.3466,0.3357,95.00000000,100.00000000,100.00000000,0.10000000,0.09685516,-3.14483555,-3.34169071,-3.34169071,24H
CAP_20,XUSD/USDT,2026-08-13T09:00:00+00:00,2026-08-14T09:00:00+00:00,1.001,1.0012,87.00000000,87.00000000,100.00000000,0.10000000,0.10001998,0.01998002,-0.18003996,-0.18003996,24H
CAP_20,DEXE/USDT,2026-08-13T18:00:00+00:00,2026-08-14T09:00:00+00:00,2.06,1.937,79.00000000,76.00000000,100.00000000,0.10000000,0.09402913,-5.97087379,-6.16490291,-6.16490291,STOP_LOSS
CAP_20,SOXLB/USDT,2026-08-13T15:00:00+00:00,2026-08-14T15:00:00+00:00,149.63,140.58,89.00000000,88.00000000,100.00000000,0.10000000,0.09395175,-6.04825236,-6.24220410,-6.24220410,STOP_LOSS
CAP_20,HEI/USDT,2026-08-14T15:00:00+00:00,2026-08-14T18:00:00+00:00,0.1446,0.1335,89.00000000,81.00000000,100.00000000,0.10000000,0.09232365,-7.67634855,-7.86867220,-7.86867220,STOP_LOSS
CAP_20,TAO/USDT,2026-08-13T20:00:00+00:00,2026-08-14T20:00:00+00:00,202.9,197.8,87.00000000,86.00000000,100.00000000,0.10000000,0.09748645,-2.51355347,-2.71103992,-2.71103992,24H
CAP_20,EDEN/USDT,2026-08-14T18:00:00+00:00,2026-08-15T00:00:00+00:00,0.06159,0.05846,84.00000000,76.00000000,100.00000000,0.10000000,0.09491801,-5.08199383,-5.27691184,-5.27691184,STOP_LOSS
CAP_20,RED/USDT,2026-08-14T01:00:00+00:00,2026-08-15T01:00:00+00:00,0.0891,0.0873,84.00000000,89.00000000,100.00000000,0.10000000,0.09797980,-2.02020202,-2.21818182,-2.21818182,24H
CAP_20,LINK/USDT,2026-08-14T09:00:00+00:00,2026-08-15T02:00:00+00:00,8.82,9.725,84.00000000,84.00000000,100.00000000,0.10000000,0.11026077,10.26077098,10.05051020,10.05051020,TAKE_PROFIT
CAP_20,PUMP/USDT,2026-08-14T04:00:00+00:00,2026-08-15T03:00:00+00:00,0.002918,0.00274,87.00000000,86.00000000,100.00000000,0.10000000,0.09389993,-6.10006854,-6.29396847,-6.29396847,STOP_LOSS
CAP_20,KORUB/USDT,2026-08-14T06:00:00+00:00,2026-08-15T06:00:00+00:00,21.69,21.63,92.00000000,97.00000000,100.00000000,0.10000000,0.09972337,-0.27662517,-0.47634855,-0.47634855,24H
CAP_20,WLFI/USDT,2026-08-14T07:00:00+00:00,2026-08-15T07:00:00+00:00,0.0555,0.0566,93.00000000,98.00000000,100.00000000,0.10000000,0.10198198,1.98198198,1.78000000,1.78000000,24H
CAP_20,RLUSD/USDT,2026-08-14T09:00:00+00:00,2026-08-15T09:00:00+00:00,1.0011,1.0013,87.00000000,87.00000000,100.00000000,0.10000000,0.10001998,0.01997802,-0.18004195,-0.18004195,24H
CAP_20,U/USDT,2026-08-14T09:00:00+00:00,2026-08-15T09:00:00+00:00,1.0005,1.0005,87.00000000,87.00000000,100.00000000,0.10000000,0.10000000,0.00000000,-0.20000000,-0.20000000,24H
CAP_20,USDE/USDT,2026-08-14T09:00:00+00:00,2026-08-15T09:00:00+00:00,1.0008,1.001,87.00000000,87.00000000,100.00000000,0.10000000,0.10001998,0.01998401,-0.18003597,-0.18003597,24H
CAP_20,ACE/USDT,2026-08-15T06:00:00+00:00,2026-08-15T09:00:00+00:00,0.2734,0.2131,89.00000000,80.00000000,100.00000000,0.10000000,0.07794440,-22.05559620,-22.23354060,-22.23354060,STOP_LOSS
CAP_20,PLUME/USDT,2026-08-15T01:00:00+00:00,2026-08-15T10:00:00+00:00,0.0127,0.0141,89.00000000,88.00000000,100.00000000,0.10000000,0.11102362,11.02362205,10.81259843,10.81259843,TAKE_PROFIT
CAP_20,HEMI/USDT,2026-08-15T09:00:00+00:00,2026-08-15T14:00:00+00:00,0.00533,0.00661,89.00000000,89.00000000,100.00000000,0.10000000,0.12401501,24.01500938,20.00000000,20.00000000,TAKE_PROFIT
CAP_20,CHIP/USDT,2026-08-15T03:00:00+00:00,2026-08-15T19:00:00+00:00,0.02362,0.02681,89.00000000,89.00000000,100.00000000,0.10000000,0.11350550,13.50550381,13.29199831,13.29199831,TAKE_PROFIT
CAP_20,ONG/USDT,2026-08-14T20:00:00+00:00,2026-08-15T20:00:00+00:00,0.04511,0.0488,80.00000000,72.00000000,100.00000000,0.10000000,0.10818000,8.18000443,7.97182443,7.97182443,24H
CAP_20,RE/USDT,2026-08-15T00:00:00+00:00,2026-08-16T00:00:00+00:00,0.4576,0.4645,92.00000000,97.00000000,100.00000000,0.10000000,0.10150787,1.50786713,1.30635927,1.30635927,24H
CAP_20,XPL/USDT,2026-08-15T02:00:00+00:00,2026-08-16T02:00:00+00:00,0.07735,0.07672,89.00000000,89.00000000,100.00000000,0.10000000,0.09918552,-0.81447964,-1.01366516,-1.01366516,24H
CAP_20,HEMI/USDT,2026-08-15T14:00:00+00:00,2026-08-16T02:00:00+00:00,0.00661,0.00742,90.00000000,92.00000000,100.00000000,0.10000000,0.11225416,12.25416036,12.04190620,12.04190620,TAKE_PROFIT
CAP_20,GPS/USDT,2026-08-15T07:00:00+00:00,2026-08-16T07:00:00+00:00,0.01054,0.01114,83.00000000,75.00000000,100.00000000,0.10000000,0.10569260,5.69259962,5.48690702,5.48690702,24H
CAP_20,U/USDT,2026-08-15T09:00:00+00:00,2026-08-16T09:00:00+00:00,1.0005,1.0004,84.00000000,84.00000000,100.00000000,0.10000000,0.09999000,-0.00999500,-0.20998501,-0.20998501,24H
CAP_20,BNB/USDT,2026-08-15T09:00:00+00:00,2026-08-16T09:00:00+00:00,611.88,607.33,81.00000000,80.00000000,100.00000000,0.10000000,0.09925639,-0.74360986,-0.94286625,-0.94286625,24H
CAP_20,EUR/USDT,2026-08-15T09:00:00+00:00,2026-08-16T09:00:00+00:00,1.1577,1.1575,81.00000000,80.00000000,100.00000000,0.10000000,0.09998272,-0.01727563,-0.21725836,-0.21725836,24H
CAP_20,OPN/USDT,2026-08-15T10:00:00+00:00,2026-08-16T10:00:00+00:00,0.0498,0.0532,84.00000000,89.00000000,100.00000000,0.10000000,0.10682731,6.82730924,6.62048193,6.62048193,24H
CAP_20,GPS/USDT,2026-08-16T07:00:00+00:00,2026-08-16T11:00:00+00:00,0.01114,0.0105,95.00000000,100.00000000,100.00000000,0.10000000,0.09425494,-5.74506284,-5.93931777,-5.93931777,STOP_LOSS
CAP_20,PORTAL/USDT,2026-08-16T11:00:00+00:00,2026-08-16T12:00:00+00:00,0.01226,0.016,90.00000000,100.00000000,100.00000000,0.10000000,0.13050571,30.50570962,20.00000000,20.00000000,TAKE_PROFIT
CAP_20,BEL/USDT,2026-08-16T09:00:00+00:00,2026-08-16T18:00:00+00:00,0.1072,0.1222,93.00000000,98.00000000,100.00000000,0.10000000,0.11399254,13.99253731,13.77854478,13.77854478,TAKE_PROFIT
CAP_20,SKHYB/USDT,2026-08-15T19:00:00+00:00,2026-08-16T19:00:00+00:00,167.66,167.91,87.00000000,87.00000000,100.00000000,0.10000000,0.10014911,0.14911130,-0.05103781,-0.05103781,24H
CAP_20,ALPINE/USDT,2026-08-15T20:00:00+00:00,2026-08-16T20:00:00+00:00,0.32,0.317,89.00000000,89.00000000,100.00000000,0.10000000,0.09906250,-0.93750000,-1.13656250,-1.13656250,24H
CAP_20,XPL/USDT,2026-08-16T09:00:00+00:00,2026-08-16T21:00:00+00:00,0.07827,0.07432,93.00000000,98.00000000,100.00000000,0.10000000,0.09495337,-5.04663345,-5.24158681,-5.24158681,STOP_LOSS
CAP_20,PORTAL/USDT,2026-08-16T18:00:00+00:00,2026-08-16T22:00:00+00:00,0.01674,0.01866,90.00000000,92.00000000,100.00000000,0.10000000,0.11146953,11.46953405,11.25806452,11.25806452,TAKE_PROFIT
CAP_20,WLFI/USDT,2026-08-16T00:00:00+00:00,2026-08-17T00:00:00+00:00,0.0578,0.0598,92.00000000,97.00000000,100.00000000,0.10000000,0.10346021,3.46020761,3.25674740,3.25674740,24H
CAP_20,ONG/USDT,2026-08-16T02:00:00+00:00,2026-08-17T01:00:00+00:00,0.051,0.06082,90.00000000,87.00000000,100.00000000,0.10000000,0.11925490,19.25490196,19.03564706,19.03564706,TAKE_PROFIT
CAP_20,SNXXB/USDT,2026-08-16T02:00:00+00:00,2026-08-17T02:00:00+00:00,16.54,17.69,88.00000000,93.00000000,100.00000000,0.10000000,0.10695284,6.95284160,6.74588875,6.74588875,24H
CAP_20,GPS/USDT,2026-08-17T01:00:00+00:00,2026-08-17T03:00:00+00:00,0.01195,0.01394,95.00000000,100.00000000,100.00000000,0.10000000,0.11665272,16.65271967,16.43606695,16.43606695,TAKE_PROFIT
CAP_20,CHIP/USDT,2026-08-16T09:00:00+00:00,2026-08-17T07:00:00+00:00,0.02897,0.03253,92.00000000,97.00000000,100.00000000,0.10000000,0.11228857,12.28857439,12.07628581,12.07628581,TAKE_PROFIT
CAP_20,CHIP/USDT,2026-08-17T07:00:00+00:00,2026-08-17T08:00:00+00:00,0.03253,0.02993,90.00000000,100.00000000,100.00000000,0.10000000,0.09200738,-7.99262219,-8.18462957,-8.18462957,STOP_LOSS
CAP_20,PLUME/USDT,2026-08-16T10:00:00+00:00,2026-08-17T10:00:00+00:00,0.01311,0.01258,87.00000000,86.00000000,100.00000000,0.10000000,0.09595728,-4.04271548,-4.23867277,-4.23867277,24H
CAP_20,RLUSD/USDT,2026-08-16T12:00:00+00:00,2026-08-17T12:00:00+00:00,1.0012,1.0012,84.00000000,84.00000000,100.00000000,0.10000000,0.10000000,0.00000000,-0.20000000,-0.20000000,24H
CAP_20,KORUB/USDT,2026-08-17T02:00:00+00:00,2026-08-17T14:00:00+00:00,22.24,25.04,93.00000000,98.00000000,100.00000000,0.10000000,0.11258993,12.58992806,12.37733813,12.37733813,TAKE_PROFIT
CAP_20,ONG/USDT,2026-08-17T03:00:00+00:00,2026-08-17T14:00:00+00:00,0.05908,0.05489,89.00000000,88.00000000,100.00000000,0.10000000,0.09290792,-7.09207854,-7.28498646,-7.28498646,STOP_LOSS
CAP_20,CHIP/USDT,2026-08-17T08:00:00+00:00,2026-08-17T18:00:00+00:00,0.02993,0.02814,95.00000000,100.00000000,100.00000000,0.10000000,0.09401938,-5.98062145,-6.17464083,-6.17464083,STOP_LOSS
CAP_20,EUR/USDT,2026-08-16T19:00:00+00:00,2026-08-17T19:00:00+00:00,1.1577,1.1588,87.00000000,87.00000000,100.00000000,0.10000000,0.10009502,0.09501598,-0.10507904,-0.10507904,24H
CAP_20,BEL/USDT,2026-08-16T20:00:00+00:00,2026-08-17T20:00:00+00:00,0.1115,0.1082,87.00000000,87.00000000,100.00000000,0.10000000,0.09704036,-2.95964126,-3.15668161,-3.15668161,24H
CAP_20,RARE/USDT,2026-08-16T21:00:00+00:00,2026-08-17T21:00:00+00:00,0.01217,0.01231,87.00000000,87.00000000,100.00000000,0.10000000,0.10115037,1.15036976,0.94921939,0.94921939,24H
CAP_20,MUBARAK/USDT,2026-08-17T00:00:00+00:00,2026-08-17T21:00:00+00:00,0.0175,0.01661,92.00000000,97.00000000,100.00000000,0.10000000,0.09491429,-5.08571429,-5.28062857,-5.28062857,STOP_LOSS
CAP_20,EURI/USDT,2026-08-16T22:00:00+00:00,2026-08-17T22:00:00+00:00,1.1579,1.1588,76.00000000,71.00000000,100.00000000,0.10000000,0.10007773,0.07772692,-0.12235081,-0.12235081,24H
CAP_20,SNXXB/USDT,2026-08-17T22:00:00+00:00,2026-08-18T01:00:00+00:00,19.6,18.22,89.00000000,88.00000000,100.00000000,0.10000000,0.09295918,-7.04081633,-7.23377551,-7.23377551,STOP_LOSS
CAP_20,GPS/USDT,2026-08-17T12:00:00+00:00,2026-08-18T05:00:00+00:00,0.01554,0.0172,92.00000000,89.00000000,100.00000000,0.10000000,0.11068211,10.68211068,10.47142857,10.47142857,TAKE_PROFIT
CAP_20,BMT/USDT,2026-08-17T18:00:00+00:00,2026-08-18T05:00:00+00:00,0.01605,0.01519,89.00000000,89.00000000,100.00000000,0.10000000,0.09464174,-5.35825545,-5.55289720,-5.55289720,STOP_LOSS
CAP_20,EDEN/USDT,2026-08-18T05:00:00+00:00,2026-08-18T07:00:00+00:00,0.05105,0.05792,92.00000000,97.00000000,100.00000000,0.10000000,0.11345739,13.45739471,13.24393732,13.24393732,TAKE_PROFIT
CAP_20,OPN/USDT,2026-08-17T20:00:00+00:00,2026-08-18T09:00:00+00:00,0.0527,0.0587,84.00000000,84.00000000,100.00000000,0.10000000,0.11138520,11.38519924,11.17381404,11.17381404,TAKE_PROFIT
CAP_20,USDC/USDT,2026-08-17T10:00:00+00:00,2026-08-18T10:00:00+00:00,1.00097,1.00088,87.00000000,87.00000000,100.00000000,0.10000000,0.09999101,-0.00899128,-0.20898229,-0.20898229,24H
CAP_20,ACE/USDT,2026-08-18T07:00:00+00:00,2026-08-18T12:00:00+00:00,0.191,0.2162,95.00000000,92.00000000,100.00000000,0.10000000,0.11319372,13.19371728,12.98052356,12.98052356,TAKE_PROFIT
CAP_20,ACE/USDT,2026-08-18T12:00:00+00:00,2026-08-18T12:30:12.661268+00:00,0.2162,0.1913,95.00000000,92.00000000,100.00000000,0.10000000,0.08848289,-11.51711378,-11.70559667,-11.70559667,STOP_LOSS
CAP_20,ACE/USDT,2026-08-18T12:30:12.661268+00:00,2026-08-18T13:00:00+00:00,0.1913,0.2238,76.00000000,83.00000000,100.00000000,0.10000000,0.11698902,16.98902248,16.77203346,16.77203346,TAKE_PROFIT
CAP_20,HEMI/USDT,2026-08-17T14:00:00+00:00,2026-08-18T14:00:00+00:00,0.00692,0.00646,95.00000000,100.00000000,100.00000000,0.10000000,0.09335260,-6.64739884,-6.84075145,-6.84075145,STOP_LOSS
CAP_20,CRCLB/USDT,2026-08-17T14:00:00+00:00,2026-08-18T14:00:00+00:00,74.31,72.15,90.00000000,100.00000000,100.00000000,0.10000000,0.09709326,-2.90674203,-3.10383528,-3.10383528,24H
CAP_20,ONG/USDT,2026-08-18T01:00:00+00:00,2026-08-18T18:00:00+00:00,0.05805,0.05479,95.00000000,100.00000000,100.00000000,0.10000000,0.09438415,-5.61584841,-5.81023256,-5.81023256,STOP_LOSS
CAP_20,POL/USDT,2026-08-17T19:00:00+00:00,2026-08-18T19:00:00+00:00,0.08002,0.08209,92.00000000,97.00000000,100.00000000,0.10000000,0.10258685,2.58685329,2.38426643,2.38426643,24H
CAP_20,AAVE/USDT,2026-08-17T21:00:00+00:00,2026-08-18T21:00:00+00:00,89.04,88.29,79.00000000,79.00000000,100.00000000,0.10000000,0.09915768,-0.84231806,-1.04147574,-1.04147574,24H
CAP_20,ALLO/USDT,2026-08-17T21:00:00+00:00,2026-08-18T21:00:00+00:00,0.2909,0.2978,78.00000000,73.00000000,100.00000000,0.10000000,0.10237195,2.37194912,2.16957717,2.16957717,24H
CAP_20,GPS/USDT,2026-08-18T10:00:00+00:00,2026-08-19T01:00:00+00:00,0.01728,0.0146,89.00000000,80.00000000,100.00000000,0.10000000,0.08449074,-15.50925926,-15.69375000,-15.69375000,STOP_LOSS
CAP_20,BTC/USDT,2026-08-18T05:00:00+00:00,2026-08-19T05:00:00+00:00,64242.76,64236.01,81.00000000,81.00000000,100.00000000,0.10000000,0.09998949,-0.01050702,-0.21049651,-0.21049651,24H
CAP_20,HEMI/USDT,2026-08-18T21:00:00+00:00,2026-08-19T05:00:00+00:00,0.00692,0.00832,84.00000000,84.00000000,100.00000000,0.10000000,0.12023121,20.23121387,20.00000000,20.00000000,TAKE_PROFIT
CAP_20,ARB/USDT,2026-08-18T09:00:00+00:00,2026-08-19T09:00:00+00:00,0.0755,0.077,87.00000000,87.00000000,100.00000000,0.10000000,0.10198675,1.98675497,1.78476821,1.78476821,24H
CAP_20,MUBARAK/USDT,2026-08-19T01:00:00+00:00,2026-08-19T09:00:00+00:00,0.0173,0.01908,80.00000000,72.00000000,100.00000000,0.10000000,0.11028902,10.28901734,10.07872832,10.07872832,TAKE_PROFIT
CAP_20,ONG/USDT,2026-08-18T21:00:00+00:00,2026-08-19T10:00:00+00:00,0.05776,0.06418,84.00000000,84.00000000,100.00000000,0.10000000,0.11111496,11.11495845,10.90384349,10.90384349,TAKE_PROFIT
CAP_20,ACE/USDT,2026-08-18T13:00:00+00:00,2026-08-19T12:00:00+00:00,0.2238,0.2061,90.00000000,92.00000000,100.00000000,0.10000000,0.09209115,-7.90884718,-8.10093834,-8.10093834,STOP_LOSS
CAP_20,SOL/USDT,2026-08-18T14:00:00+00:00,2026-08-19T14:00:00+00:00,76.8,80.89,93.00000000,98.00000000,100.00000000,0.10000000,0.10532552,5.32552083,5.12019531,5.12019531,24H
CAP_20,ETH/USDT,2026-08-18T14:00:00+00:00,2026-08-19T14:00:00+00:00,1911.02,1970.6,90.00000000,95.00000000,100.00000000,0.10000000,0.10311771,3.11770677,2.91458907,2.91458907,24H
CAP_20,TREE/USDT,2026-08-19T12:00:00+00:00,2026-08-19T14:00:00+00:00,0.0343,0.0406,95.00000000,100.00000000,100.00000000,0.10000000,0.11836735,18.36734694,18.14897959,18.14897959,TAKE_PROFIT
CAP_20,RE/USDT,2026-08-19T09:00:00+00:00,2026-08-19T15:00:00+00:00,0.4022,0.4585,79.00000000,76.00000000,100.00000000,0.10000000,0.11399801,13.99801094,13.78401293,13.78401293,TAKE_PROFIT
CAP_20,EDEN/USDT,2026-08-19T14:00:00+00:00,2026-08-19T15:00:00+00:00,0.05968,0.05515,95.00000000,100.00000000,100.00000000,0.10000000,0.09240952,-7.59048257,-7.78289209,-7.78289209,STOP_LOSS
CAP_20,PUMP/USDT,2026-08-18T19:00:00+00:00,2026-08-19T16:00:00+00:00,0.00285,0.003162,82.00000000,82.00000000,100.00000000,0.10000000,0.11094737,10.94736842,10.73642105,10.73642105,TAKE_PROFIT
CAP_20,LINK/USDT,2026-08-18T18:00:00+00:00,2026-08-19T18:00:00+00:00,9.516,9.991,79.00000000,74.00000000,100.00000000,0.10000000,0.10499159,4.99159311,4.78660151,4.78660151,24H
CAP_20,ARB/USDT,2026-08-19T09:00:00+00:00,2026-08-19T20:00:00+00:00,0.077,0.0847,84.00000000,84.00000000,100.00000000,0.10000000,0.11000000,10.00000000,9.79000000,9.79000000,TAKE_PROFIT
CAP_20,UNI/USDT,2026-08-19T05:00:00+00:00,2026-08-19T21:00:00+00:00,3.327,3.712,70.00000000,65.00000000,100.00000000,0.10000000,0.11157199,11.57198677,11.36041479,11.36041479,TAKE_PROFIT
CAP_20,ONG/USDT,2026-08-19T21:00:00+00:00,2026-08-20T20:00:00+00:00,0.06122,0.17155,80.00000000,72.00000000,100.00000000,0.10000000,0.28021888,180.21888272,20.00000000,20.00000000,TAKE_PROFIT
CAP_20,TAO/USDT,2026-08-20T23:00:00+00:00,2026-08-21T23:00:00+00:00,214.9,229.9,72.00000000,67.00000000,100.00000000,0.10000000,0.10697999,6.97999069,6.77301070,6.77301070,24H
CAP_30,ACE/USDT,2026-07-18T15:00:00+00:00,2026-07-18T18:00:00+00:00,0.0729,0.0686,70.00000000,70.00000000,100.00000000,0.10000000,0.09410151,-5.89849108,-6.09259259,-6.09259259,STOP_LOSS
CAP_30,DEXE/USDT,2026-07-18T13:00:00+00:00,2026-07-19T06:00:00+00:00,36.519,34.466,75.00000000,70.00000000,100.00000000,0.10000000,0.09437827,-5.62173115,-5.81610942,-5.81610942,STOP_LOSS
CAP_30,CHIP/USDT,2026-07-18T13:00:00+00:00,2026-07-19T13:00:00+00:00,0.03159,0.03049,75.00000000,70.00000000,100.00000000,0.10000000,0.09651789,-3.48211459,-3.67863248,-3.67863248,24H
CAP_30,ONG/USDT,2026-07-18T13:00:00+00:00,2026-07-19T13:00:00+00:00,0.0472,0.0474,70.00000000,65.00000000,100.00000000,0.10000000,0.10042373,0.42372881,0.22330508,0.22330508,24H
CAP_30,ALLO/USDT,2026-07-18T14:00:00+00:00,2026-07-19T14:00:00+00:00,0.4592,0.4639,72.00000000,67.00000000,100.00000000,0.10000000,0.10102352,1.02351916,0.82249564,0.82249564,24H
CAP_30,ZEC/USDT,2026-07-18T16:00:00+00:00,2026-07-19T16:00:00+00:00,556.73,551.43,70.00000000,65.00000000,100.00000000,0.10000000,0.09904801,-0.95198750,-1.15103551,-1.15103551,24H
CAP_30,ETH/USDT,2026-07-18T18:00:00+00:00,2026-07-19T18:00:00+00:00,1857.54,1861.12,70.00000000,65.00000000,100.00000000,0.10000000,0.10019273,0.19272802,-0.00746471,-0.00746471,24H
CAP_30,TAO/USDT,2026-07-18T19:00:00+00:00,2026-07-19T19:00:00+00:00,195.9,197.1,70.00000000,65.00000000,100.00000000,0.10000000,0.10061256,0.61255743,0.41194487,0.41194487,24H
CAP_30,ACE/USDT,2026-07-19T20:00:00+00:00,2026-07-19T22:00:00+00:00,0.0712,0.0957,70.00000000,70.00000000,100.00000000,0.10000000,0.13441011,34.41011236,30.00000000,30.00000000,TAKE_PROFIT
CAP_30,CRCLB/USDT,2026-07-19T01:00:00+00:00,2026-07-20T01:00:00+00:00,61.4,60.65,73.00000000,68.00000000,100.00000000,0.10000000,0.09877850,-1.22149837,-1.42027687,-1.42027687,24H
CAP_30,OPN/USDT,2026-07-19T02:00:00+00:00,2026-07-20T02:00:00+00:00,0.0637,0.0616,70.00000000,65.00000000,100.00000000,0.10000000,0.09670330,-3.29670330,-3.49340659,-3.49340659,24H
CAP_30,PEPE/USDT,2026-07-19T06:00:00+00:00,2026-07-20T06:00:00+00:00,2.8e-06,2.82e-06,73.00000000,68.00000000,100.00000000,0.10000000,0.10071429,0.71428571,0.51357143,0.51357143,24H
CAP_30,HEMI/USDT,2026-07-19T13:00:00+00:00,2026-07-20T08:00:00+00:00,0.00457,0.00505,75.00000000,70.00000000,100.00000000,0.10000000,0.11050328,10.50328228,10.29277899,10.29277899,TAKE_PROFIT
CAP_30,LTC/USDT,2026-07-19T13:00:00+00:00,2026-07-20T13:00:00+00:00,47.36,46.69,73.00000000,68.00000000,100.00000000,0.10000000,0.09858530,-1.41469595,-1.61328125,-1.61328125,24H
CAP_30,GPS/USDT,2026-07-19T14:00:00+00:00,2026-07-20T14:00:00+00:00,0.00908,0.00905,70.00000000,65.00000000,100.00000000,0.10000000,0.09966960,-0.33039648,-0.53006608,-0.53006608,24H
CAP_30,HEMI/USDT,2026-07-20T09:00:00+00:00,2026-07-20T14:00:00+00:00,0.00499,0.00561,70.00000000,70.00000000,100.00000000,0.10000000,0.11242485,12.42484970,12.21242485,12.21242485,TAKE_PROFIT
CAP_30,EDEN/USDT,2026-07-19T16:00:00+00:00,2026-07-20T16:00:00+00:00,0.04415,0.04281,70.00000000,65.00000000,100.00000000,0.10000000,0.09696489,-3.03510759,-3.23207248,-3.23207248,24H
CAP_30,ALLO/USDT,2026-07-20T16:00:00+00:00,2026-07-20T20:00:00+00:00,0.4872,0.4611,75.00000000,70.00000000,100.00000000,0.10000000,0.09464286,-5.35714286,-5.55178571,-5.55178571,STOP_LOSS
CAP_30,EWYB/USDT,2026-07-19T22:00:00+00:00,2026-07-20T22:00:00+00:00,166.67,163.53,75.00000000,70.00000000,100.00000000,0.10000000,0.09811604,-1.88396232,-2.08207836,-2.08207836,24H
CAP_30,MUB/USDT,2026-07-19T22:00:00+00:00,2026-07-20T22:00:00+00:00,867.11,873.22,73.00000000,68.00000000,100.00000000,0.10000000,0.10070464,0.70463955,0.50393491,0.50393491,24H
CAP_30,ETH/USDT,2026-07-19T22:00:00+00:00,2026-07-20T22:00:00+00:00,1870.44,1895.72,70.00000000,65.00000000,100.00000000,0.10000000,0.10135155,1.35155365,1.15020209,1.15020209,24H
CAP_30,TUT/USDT,2026-07-20T06:00:00+00:00,2026-07-21T00:00:00+00:00,0.01337,0.01477,70.00000000,65.00000000,100.00000000,0.10000000,0.11047120,10.47120419,10.26073298,10.26073298,TAKE_PROFIT
CAP_30,LINK/USDT,2026-07-20T01:00:00+00:00,2026-07-21T01:00:00+00:00,8.422,8.592,73.00000000,68.00000000,100.00000000,0.10000000,0.10201852,2.01852292,1.81650439,1.81650439,24H
CAP_30,HEMI/USDT,2026-07-20T22:00:00+00:00,2026-07-21T01:00:00+00:00,0.00686,0.00643,72.00000000,59.00000000,100.00000000,0.10000000,0.09373178,-6.26822157,-6.46195335,-6.46195335,STOP_LOSS
CAP_30,MSTRB/USDT,2026-07-20T02:00:00+00:00,2026-07-21T02:00:00+00:00,95.95,99.27,70.00000000,65.00000000,100.00000000,0.10000000,0.10346014,3.46013549,3.25667535,3.25667535,24H
CAP_30,DEXE/USDT,2026-07-21T00:00:00+00:00,2026-07-21T02:00:00+00:00,37.721,34.091,75.00000000,70.00000000,100.00000000,0.10000000,0.09037671,-9.62328676,-9.81366348,-9.81366348,STOP_LOSS
CAP_30,TREE/USDT,2026-07-21T02:00:00+00:00,2026-07-21T06:00:00+00:00,0.0385,0.0475,72.00000000,67.00000000,100.00000000,0.10000000,0.12337662,23.37662338,23.15324675,23.15324675,TAKE_PROFIT
CAP_30,SOXLB/USDT,2026-07-21T00:00:00+00:00,2026-07-21T08:00:00+00:00,139.06,153.96,73.00000000,68.00000000,100.00000000,0.10000000,0.11071480,10.71479937,10.50408457,10.50408457,TAKE_PROFIT
CAP_30,NEAR/USDT,2026-07-20T13:00:00+00:00,2026-07-21T13:00:00+00:00,1.965,1.988,73.00000000,68.00000000,100.00000000,0.10000000,0.10117048,1.17048346,0.96931298,0.96931298,24H
CAP_30,CRCLB/USDT,2026-07-20T14:00:00+00:00,2026-07-21T13:00:00+00:00,63.12,70.14,70.00000000,70.00000000,100.00000000,0.10000000,0.11112167,11.12167300,10.91055133,10.91055133,TAKE_PROFIT
CAP_30,BMT/USDT,2026-07-20T15:00:00+00:00,2026-07-21T15:00:00+00:00,0.01184,0.01197,73.00000000,68.00000000,100.00000000,0.10000000,0.10109797,1.09797297,0.89687500,0.89687500,24H
CAP_30,MUB/USDT,2026-07-21T01:00:00+00:00,2026-07-21T16:00:00+00:00,886.11,977.63,73.00000000,68.00000000,100.00000000,0.10000000,0.11032829,10.32828881,10.11796052,10.11796052,TAKE_PROFIT
CAP_30,RARE/USDT,2026-07-20T20:00:00+00:00,2026-07-21T20:00:00+00:00,0.0128,0.0127,73.00000000,68.00000000,100.00000000,0.10000000,0.09921875,-0.78125000,-0.98046875,-0.98046875,24H
CAP_30,RED/USDT,2026-07-21T01:00:00+00:00,2026-07-22T01:00:00+00:00,0.1032,0.1011,75.00000000,70.00000000,100.00000000,0.10000000,0.09796512,-2.03488372,-2.23284884,-2.23284884,24H
CAP_30,EWYB/USDT,2026-07-21T02:00:00+00:00,2026-07-22T02:00:00+00:00,167.22,174.49,75.00000000,70.00000000,100.00000000,0.10000000,0.10434757,4.34756608,4.14321851,4.14321851,24H
CAP_30,BICO/USDT,2026-07-21T02:00:00+00:00,2026-07-22T02:00:00+00:00,0.01401,0.01386,72.00000000,67.00000000,100.00000000,0.10000000,0.09892934,-1.07066381,-1.26959315,-1.26959315,24H
CAP_30,SKHYB/USDT,2026-07-21T06:00:00+00:00,2026-07-22T06:00:00+00:00,160.21,163.65,72.00000000,67.00000000,100.00000000,0.10000000,0.10214718,2.14718182,1.94503464,1.94503464,24H
CAP_30,GIGGLE/USDT,2026-07-21T08:00:00+00:00,2026-07-22T08:00:00+00:00,26.98,26.53,75.00000000,70.00000000,100.00000000,0.10000000,0.09833210,-1.66790215,-1.86623425,-1.86623425,24H
CAP_30,TUT/USDT,2026-07-22T04:00:00+00:00,2026-07-22T10:00:00+00:00,0.01524,0.01412,70.00000000,65.00000000,100.00000000,0.10000000,0.09265092,-7.34908136,-7.54173228,-7.54173228,STOP_LOSS
CAP_30,ALLO/USDT,2026-07-21T13:00:00+00:00,2026-07-22T13:00:00+00:00,0.4991,0.5038,75.00000000,70.00000000,100.00000000,0.10000000,0.10094170,0.94169505,0.74075336,0.74075336,24H
CAP_30,SNDKB/USDT,2026-07-21T13:00:00+00:00,2026-07-22T13:00:00+00:00,1529.08,1577.19,70.00000000,70.00000000,100.00000000,0.10000000,0.10314634,3.14633636,2.94319002,2.94319002,24H
CAP_30,MSTRB/USDT,2026-07-21T15:00:00+00:00,2026-07-22T15:00:00+00:00,102.67,99.78,73.00000000,68.00000000,100.00000000,0.10000000,0.09718516,-2.81484367,-3.01202883,-3.01202883,24H
CAP_30,GRAM/USDT,2026-07-21T16:00:00+00:00,2026-07-22T16:00:00+00:00,1.518,1.517,72.00000000,67.00000000,100.00000000,0.10000000,0.09993412,-0.06587615,-0.26581028,-0.26581028,24H
CAP_30,PORTAL/USDT,2026-07-21T22:00:00+00:00,2026-07-22T22:00:00+00:00,0.01106,0.01088,73.00000000,68.00000000,100.00000000,0.10000000,0.09837251,-1.62748644,-1.82585895,-1.82585895,24H
CAP_30,CHIP/USDT,2026-07-22T02:00:00+00:00,2026-07-23T02:00:00+00:00,0.0306,0.03026,70.00000000,65.00000000,100.00000000,0.10000000,0.09888889,-1.11111111,-1.31000000,-1.31000000,24H
CAP_30,BICO/USDT,2026-07-22T03:00:00+00:00,2026-07-23T03:00:00+00:00,0.01388,0.01377,73.00000000,68.00000000,100.00000000,0.10000000,0.09920749,-0.79250720,-0.99171470,-0.99171470,24H
CAP_30,BEL/USDT,2026-07-22T06:00:00+00:00,2026-07-23T06:00:00+00:00,0.1042,0.1018,70.00000000,65.00000000,100.00000000,0.10000000,0.09769674,-2.30326296,-2.50095969,-2.50095969,24H
CAP_30,ENA/USDT,2026-07-22T08:00:00+00:00,2026-07-23T08:00:00+00:00,0.0882,0.0919,70.00000000,65.00000000,100.00000000,0.10000000,0.10419501,4.19501134,3.99081633,3.99081633,24H
CAP_30,ONDO/USDT,2026-07-22T10:00:00+00:00,2026-07-23T10:00:00+00:00,0.4109,0.4035,75.00000000,70.00000000,100.00000000,0.10000000,0.09819908,-1.80092480,-1.99912387,-1.99912387,24H
CAP_30,AAVE/USDT,2026-07-22T13:00:00+00:00,2026-07-23T13:00:00+00:00,97.91,96.11,75.00000000,70.00000000,100.00000000,0.10000000,0.09816158,-1.83842304,-2.03658462,-2.03658462,24H
CAP_30,MUB/USDT,2026-07-22T13:00:00+00:00,2026-07-23T13:00:00+00:00,972.31,977.98,75.00000000,70.00000000,100.00000000,0.10000000,0.10058315,0.58314735,0.38256420,0.38256420,24H
CAP_30,ADA/USDT,2026-07-22T15:00:00+00:00,2026-07-23T15:00:00+00:00,0.1779,0.1705,75.00000000,70.00000000,100.00000000,0.10000000,0.09584036,-4.15964025,-4.35548061,-4.35548061,24H
CAP_30,OPN/USDT,2026-07-23T06:00:00+00:00,2026-07-23T15:00:00+00:00,0.0718,0.0669,73.00000000,68.00000000,100.00000000,0.10000000,0.09317549,-6.82451253,-7.01768802,-7.01768802,STOP_LOSS
CAP_30,WLD/USDT,2026-07-22T16:00:00+00:00,2026-07-23T16:00:00+00:00,0.3938,0.3766,75.00000000,70.00000000,100.00000000,0.10000000,0.09563230,-4.36769934,-4.56333164,-4.56333164,24H
CAP_30,SKHYB/USDT,2026-07-23T00:00:00+00:00,2026-07-24T00:00:00+00:00,171.79,167.7,72.00000000,67.00000000,100.00000000,0.10000000,0.09761919,-2.38081378,-2.57843297,-2.57843297,24H
CAP_30,RE/USDT,2026-07-23T16:00:00+00:00,2026-07-24T00:00:00+00:00,0.5261,0.5822,70.00000000,70.00000000,100.00000000,0.10000000,0.11066337,10.66337198,10.45270861,10.45270861,TAKE_PROFIT
CAP_30,SNDKB/USDT,2026-07-23T16:00:00+00:00,2026-07-24T02:00:00+00:00,1667.76,1576.22,72.00000000,67.00000000,100.00000000,0.10000000,0.09451120,-5.48879935,-5.68331055,-5.68331055,STOP_LOSS
CAP_30,SOXLB/USDT,2026-07-23T20:00:00+00:00,2026-07-24T02:00:00+00:00,162.95,151.66,75.00000000,70.00000000,100.00000000,0.10000000,0.09307149,-6.92850568,-7.12157717,-7.12157717,STOP_LOSS
CAP_30,GRAM/USDT,2026-07-23T03:00:00+00:00,2026-07-24T03:00:00+00:00,1.516,1.455,73.00000000,68.00000000,100.00000000,0.10000000,0.09597625,-4.02374670,-4.21972296,-4.21972296,24H
CAP_30,BMT/USDT,2026-07-23T05:00:00+00:00,2026-07-24T05:00:00+00:00,0.01262,0.01228,70.00000000,70.00000000,100.00000000,0.10000000,0.09730586,-2.69413629,-2.89144216,-2.89144216,24H
CAP_30,TRUMP/USDT,2026-07-23T08:00:00+00:00,2026-07-24T08:00:00+00:00,1.639,1.598,75.00000000,70.00000000,100.00000000,0.10000000,0.09749847,-2.50152532,-2.69902379,-2.69902379,24H
CAP_30,OPN/USDT,2026-07-24T05:00:00+00:00,2026-07-24T08:00:00+00:00,0.0694,0.0627,75.00000000,70.00000000,100.00000000,0.10000000,0.09034582,-9.65417867,-9.84452450,-9.84452450,STOP_LOSS
CAP_30,KAITO/USDT,2026-07-23T10:00:00+00:00,2026-07-24T10:00:00+00:00,1.032,1.0396,75.00000000,70.00000000,100.00000000,0.10000000,0.10073643,0.73643411,0.53569767,0.53569767,24H
CAP_30,KAITO/USDT,2026-07-24T10:00:00+00:00,2026-07-24T12:00:00+00:00,1.0396,0.9876,73.00000000,68.00000000,100.00000000,0.10000000,0.09499808,-5.00192382,-5.19692189,-5.19692189,STOP_LOSS
CAP_30,PLUME/USDT,2026-07-23T13:00:00+00:00,2026-07-24T13:00:00+00:00,0.01146,0.01114,73.00000000,68.00000000,100.00000000,0.10000000,0.09720768,-2.79232112,-2.98952880,-2.98952880,24H
CAP_30,ALLO/USDT,2026-07-24T11:00:00+00:00,2026-07-24T14:00:00+00:00,0.5096,0.47,70.00000000,65.00000000,100.00000000,0.10000000,0.09222920,-7.77080063,-7.96302983,-7.96302983,STOP_LOSS
CAP_30,HOME/USDT,2026-07-24T14:00:00+00:00,2026-07-24T18:00:00+00:00,0.00689,0.00654,72.00000000,67.00000000,100.00000000,0.10000000,0.09492017,-5.07982583,-5.27474601,-5.27474601,STOP_LOSS
CAP_30,HEI/USDT,2026-07-23T21:00:00+00:00,2026-07-24T21:00:00+00:00,0.103,0.0987,70.00000000,70.00000000,100.00000000,0.10000000,0.09582524,-4.17475728,-4.37058252,-4.37058252,24H
CAP_30,XPL/USDT,2026-07-24T17:00:00+00:00,2026-07-25T03:00:00+00:00,0.08689,0.08214,75.00000000,70.00000000,100.00000000,0.10000000,0.09453332,-5.46668201,-5.66121533,-5.66121533,STOP_LOSS
CAP_30,UNI/USDT,2026-07-24T05:00:00+00:00,2026-07-25T05:00:00+00:00,3.833,3.687,70.00000000,65.00000000,100.00000000,0.10000000,0.09619097,-3.80902687,-4.00521785,-4.00521785,24H
CAP_30,HEMI/USDT,2026-07-24T19:00:00+00:00,2026-07-25T06:00:00+00:00,0.00532,0.00505,75.00000000,70.00000000,100.00000000,0.10000000,0.09492481,-5.07518797,-5.27011278,-5.27011278,STOP_LOSS
CAP_30,RE/USDT,2026-07-25T07:00:00+00:00,2026-07-25T09:00:00+00:00,0.6078,0.5587,75.00000000,70.00000000,100.00000000,0.10000000,0.09192168,-8.07831524,-8.27023692,-8.27023692,STOP_LOSS
CAP_30,GPS/USDT,2026-07-24T10:00:00+00:00,2026-07-25T10:00:00+00:00,0.00923,0.00958,70.00000000,65.00000000,100.00000000,0.10000000,0.10379198,3.79198267,3.58819068,3.58819068,24H
CAP_30,PLUME/USDT,2026-07-24T14:00:00+00:00,2026-07-25T14:00:00+00:00,0.01141,0.01178,73.00000000,68.00000000,100.00000000,0.10000000,0.10324277,3.24276950,3.03952673,3.03952673,24H
CAP_30,TUT/USDT,2026-07-24T21:00:00+00:00,2026-07-25T21:00:00+00:00,0.01452,0.01538,75.00000000,70.00000000,100.00000000,0.10000000,0.10592287,5.92286501,5.71694215,5.71694215,24H
CAP_30,TREE/USDT,2026-07-25T00:00:00+00:00,2026-07-26T00:00:00+00:00,0.0394,0.0381,73.00000000,68.00000000,100.00000000,0.10000000,0.09670051,-3.29949239,-3.49619289,-3.49619289,24H
CAP_30,ALPINE/USDT,2026-07-25T13:00:00+00:00,2026-07-26T13:00:00+00:00,0.314,0.315,75.00000000,70.00000000,100.00000000,0.10000000,0.10031847,0.31847134,0.11815287,0.11815287,24H
CAP_30,PLUME/USDT,2026-07-25T15:00:00+00:00,2026-07-26T15:00:00+00:00,0.01177,0.01236,70.00000000,65.00000000,100.00000000,0.10000000,0.10501274,5.01274427,4.80773152,4.80773152,24H
CAP_30,TRX/USDT,2026-07-25T16:00:00+00:00,2026-07-26T16:00:00+00:00,0.3321,0.333,70.00000000,65.00000000,100.00000000,0.10000000,0.10027100,0.27100271,0.07073171,0.07073171,24H
CAP_30,MUBARAK/USDT,2026-07-25T19:00:00+00:00,2026-07-26T19:00:00+00:00,0.01076,0.0108,70.00000000,65.00000000,100.00000000,0.10000000,0.10037175,0.37174721,0.17137546,0.17137546,24H
CAP_30,PEPE/USDT,2026-07-26T02:00:00+00:00,2026-07-27T02:00:00+00:00,2.86e-06,2.94e-06,70.00000000,70.00000000,100.00000000,0.10000000,0.10279720,2.79720280,2.59440559,2.59440559,24H
CAP_30,DOT/USDT,2026-07-26T03:00:00+00:00,2026-07-27T03:00:00+00:00,0.82,0.818,70.00000000,65.00000000,100.00000000,0.10000000,0.09975610,-0.24390244,-0.44365854,-0.44365854,24H
CAP_30,FIL/USDT,2026-07-26T04:00:00+00:00,2026-07-27T04:00:00+00:00,0.7416,0.7478,70.00000000,65.00000000,100.00000000,0.10000000,0.10083603,0.83603020,0.63519417,0.63519417,24H
CAP_30,TAO/USDT,2026-07-26T04:00:00+00:00,2026-07-27T04:00:00+00:00,196.4,198.8,70.00000000,70.00000000,100.00000000,0.10000000,0.10122200,1.22199593,1.02077393,1.02077393,24H
CAP_30,RARE/USDT,2026-07-26T09:00:00+00:00,2026-07-27T09:00:00+00:00,0.01279,0.01259,70.00000000,65.00000000,100.00000000,0.10000000,0.09843628,-1.56372166,-1.76215794,-1.76215794,24H
CAP_30,LINK/USDT,2026-07-26T13:00:00+00:00,2026-07-27T13:00:00+00:00,8.458,8.772,70.00000000,65.00000000,100.00000000,0.10000000,0.10371246,3.71246157,3.50874911,3.50874911,24H
CAP_30,EDEN/USDT,2026-07-27T09:00:00+00:00,2026-07-27T15:00:00+00:00,0.04471,0.04217,90.00000000,100.00000000,100.00000000,0.10000000,0.09431894,-5.68105569,-5.87537464,-5.87537464,STOP_LOSS
CAP_30,ONDO/USDT,2026-07-26T16:00:00+00:00,2026-07-27T16:00:00+00:00,0.4062,0.4094,90.00000000,100.00000000,100.00000000,0.10000000,0.10078779,0.78778927,0.58700148,0.58700148,24H
CAP_30,USDE/USDT,2026-07-26T16:00:00+00:00,2026-07-27T16:00:00+00:00,1.0009,1.0009,87.00000000,87.00000000,100.00000000,0.10000000,0.10000000,0.00000000,-0.20000000,-0.20000000,24H
CAP_30,PLUME/USDT,2026-07-27T02:00:00+00:00,2026-07-27T17:00:00+00:00,0.01231,0.01166,90.00000000,95.00000000,100.00000000,0.10000000,0.09471974,-5.28025995,-5.47497969,-5.47497969,STOP_LOSS
CAP_30,ENA/USDT,2026-07-27T13:00:00+00:00,2026-07-27T18:00:00+00:00,0.0923,0.0876,95.00000000,100.00000000,100.00000000,0.10000000,0.09490791,-5.09209101,-5.28699892,-5.28699892,STOP_LOSS
CAP_30,USDC/USDT,2026-07-26T19:00:00+00:00,2026-07-27T19:00:00+00:00,1.00087,1.00084,87.00000000,87.00000000,100.00000000,0.10000000,0.09999700,-0.00299739,-0.20299439,-0.20299439,24H
CAP_30,ALPINE/USDT,2026-07-27T03:00:00+00:00,2026-07-27T22:00:00+00:00,0.32,0.301,87.00000000,87.00000000,100.00000000,0.10000000,0.09406250,-5.93750000,-6.13156250,-6.13156250,STOP_LOSS
CAP_30,KAITO/USDT,2026-07-27T15:00:00+00:00,2026-07-27T22:00:00+00:00,1.21,1.3423,84.00000000,84.00000000,100.00000000,0.10000000,0.11093388,10.93388430,10.72295041,10.72295041,TAKE_PROFIT
CAP_30,CRCLB/USDT,2026-07-27T04:00:00+00:00,2026-07-28T04:00:00+00:00,63.92,63.19,87.00000000,87.00000000,100.00000000,0.10000000,0.09885795,-1.14205257,-1.34091051,-1.34091051,24H
CAP_30,XUSD/USDT,2026-07-27T04:00:00+00:00,2026-07-28T04:00:00+00:00,1.0012,1.0012,87.00000000,87.00000000,100.00000000,0.10000000,0.10000000,0.00000000,-0.20000000,-0.20000000,24H
CAP_30,PUMP/USDT,2026-07-27T19:00:00+00:00,2026-07-28T04:00:00+00:00,0.002128,0.002021,87.00000000,86.00000000,100.00000000,0.10000000,0.09497180,-5.02819549,-5.22316729,-5.22316729,STOP_LOSS
CAP_30,KAITO/USDT,2026-07-27T22:00:00+00:00,2026-07-28T05:00:00+00:00,1.3423,1.2594,78.00000000,83.00000000,100.00000000,0.10000000,0.09382403,-6.17596662,-6.36979066,-6.36979066,STOP_LOSS
CAP_30,KAITO/USDT,2026-07-28T05:00:00+00:00,2026-07-28T09:00:00+00:00,1.2594,1.1586,74.00000000,63.00000000,100.00000000,0.10000000,0.09199619,-8.00381134,-8.19580753,-8.19580753,STOP_LOSS
CAP_30,TREE/USDT,2026-07-27T17:00:00+00:00,2026-07-28T13:00:00+00:00,0.0395,0.0374,87.00000000,86.00000000,100.00000000,0.10000000,0.09468354,-5.31645570,-5.51113924,-5.51113924,STOP_LOSS
CAP_30,RLUSD/USDT,2026-07-27T16:00:00+00:00,2026-07-28T16:00:00+00:00,1.0013,1.0011,87.00000000,87.00000000,100.00000000,0.10000000,0.09998003,-0.01997403,-0.21995406,-0.21995406,24H
CAP_30,MSTRB/USDT,2026-07-27T16:00:00+00:00,2026-07-28T16:00:00+00:00,97.4,98.12,81.00000000,86.00000000,100.00000000,0.10000000,0.10073922,0.73921971,0.53848049,0.53848049,24H
CAP_30,BNB/USDT,2026-07-27T18:00:00+00:00,2026-07-28T18:00:00+00:00,575.37,569.62,87.00000000,86.00000000,100.00000000,0.10000000,0.09900064,-0.99935694,-1.19835758,-1.19835758,24H
CAP_30,USD1/USDT,2026-07-27T22:00:00+00:00,2026-07-28T22:00:00+00:00,0.99985,0.99968,84.00000000,84.00000000,100.00000000,0.10000000,0.09998300,-0.01700255,-0.21698555,-0.21698555,24H
CAP_30,FDUSD/USDT,2026-07-28T04:00:00+00:00,2026-07-29T04:00:00+00:00,0.9993,0.9983,87.00000000,87.00000000,100.00000000,0.10000000,0.09989993,-0.10007005,-0.29996998,-0.29996998,24H
CAP_30,USDC/USDT,2026-07-28T04:00:00+00:00,2026-07-29T04:00:00+00:00,1.00097,1.00114,76.00000000,71.00000000,100.00000000,0.10000000,0.10001698,0.01698353,-0.18303346,-0.18303346,24H
CAP_30,GPS/USDT,2026-07-28T04:00:00+00:00,2026-07-29T04:00:00+00:00,0.00927,0.00972,72.00000000,69.00000000,100.00000000,0.10000000,0.10485437,4.85436893,4.64951456,4.64951456,24H
CAP_30,MUBARAK/USDT,2026-07-28T09:00:00+00:00,2026-07-29T09:00:00+00:00,0.01111,0.01131,89.00000000,89.00000000,100.00000000,0.10000000,0.10180018,1.80018002,1.59837984,1.59837984,24H
CAP_30,U/USDT,2026-07-28T13:00:00+00:00,2026-07-29T13:00:00+00:00,1.0008,1.0008,87.00000000,87.00000000,100.00000000,0.10000000,0.10000000,0.00000000,-0.20000000,-0.20000000,24H
CAP_30,AAVE/USDT,2026-07-28T16:00:00+00:00,2026-07-29T16:00:00+00:00,101.26,98.73,95.00000000,100.00000000,100.00000000,0.10000000,0.09750148,-2.49851866,-2.69602015,-2.69602015,24H
CAP_30,ONDO/USDT,2026-07-28T16:00:00+00:00,2026-07-29T16:00:00+00:00,0.4088,0.3937,89.00000000,88.00000000,100.00000000,0.10000000,0.09630626,-3.69373777,-3.89004403,-3.89004403,24H
CAP_30,PLUME/USDT,2026-07-28T18:00:00+00:00,2026-07-29T18:00:00+00:00,0.01219,0.01212,89.00000000,88.00000000,100.00000000,0.10000000,0.09942576,-0.57424118,-0.77366694,-0.77366694,24H
CAP_30,RE/USDT,2026-07-29T16:00:00+00:00,2026-07-29T18:00:00+00:00,0.4686,0.5159,79.00000000,76.00000000,100.00000000,0.10000000,0.11009390,10.09389671,9.88380282,9.88380282,TAKE_PROFIT
CAP_30,RLUSD/USDT,2026-07-28T22:00:00+00:00,2026-07-29T22:00:00+00:00,1.0012,1.0012,76.00000000,71.00000000,100.00000000,0.10000000,0.10000000,0.00000000,-0.20000000,-0.20000000,24H
CAP_30,KAITO/USDT,2026-07-29T04:00:00+00:00,2026-07-30T03:00:00+00:00,1.264,1.1818,89.00000000,88.00000000,100.00000000,0.10000000,0.09349684,-6.50316456,-6.69666139,-6.69666139,STOP_LOSS
CAP_30,GPS/USDT,2026-07-29T04:00:00+00:00,2026-07-30T04:00:00+00:00,0.00972,0.00982,90.00000000,95.00000000,100.00000000,0.10000000,0.10102881,1.02880658,0.82777778,0.82777778,24H
CAP_30,USDC/USDT,2026-07-29T04:00:00+00:00,2026-07-30T04:00:00+00:00,1.00114,1.00112,84.00000000,84.00000000,100.00000000,0.10000000,0.09999800,-0.00199772,-0.20199572,-0.20199572,24H
CAP_30,UNI/USDT,2026-07-29T09:00:00+00:00,2026-07-30T09:00:00+00:00,3.975,4.03,95.00000000,100.00000000,100.00000000,0.10000000,0.10138365,1.38364780,1.18226415,1.18226415,24H
CAP_30,EURI/USDT,2026-07-29T13:00:00+00:00,2026-07-30T13:00:00+00:00,1.1398,1.1526,77.00000000,64.00000000,100.00000000,0.10000000,0.10112300,1.12300404,0.92188103,0.92188103,24H
CAP_30,U/USDT,2026-07-29T16:00:00+00:00,2026-07-30T16:00:00+00:00,1.0009,1.0007,87.00000000,87.00000000,100.00000000,0.10000000,0.09998002,-0.01998202,-0.21996203,-0.21996203,24H
CAP_30,GPS/USDT,2026-07-30T04:00:00+00:00,2026-07-30T17:00:00+00:00,0.00982,0.0092,82.00000000,82.00000000,100.00000000,0.10000000,0.09368635,-6.31364562,-6.50733198,-6.50733198,STOP_LOSS
CAP_30,ADA/USDT,2026-07-29T18:00:00+00:00,2026-07-30T18:00:00+00:00,0.1679,0.1723,84.00000000,89.00000000,100.00000000,0.10000000,0.10262061,2.62060750,2.41798690,2.41798690,24H
CAP_30,PLUME/USDT,2026-07-29T18:00:00+00:00,2026-07-30T18:00:00+00:00,0.01212,0.01165,84.00000000,84.00000000,100.00000000,0.10000000,0.09612211,-3.87788779,-4.07400990,-4.07400990,24H
CAP_30,ONDO/USDT,2026-07-29T22:00:00+00:00,2026-07-30T22:00:00+00:00,0.4051,0.4168,74.00000000,63.00000000,100.00000000,0.10000000,0.10288818,2.88817576,2.68528758,2.68528758,24H
CAP_30,ALPINE/USDT,2026-07-30T03:00:00+00:00,2026-07-31T03:00:00+00:00,0.32,0.314,93.00000000,98.00000000,100.00000000,0.10000000,0.09812500,-1.87500000,-2.07312500,-2.07312500,24H
CAP_30,USD1/USDT,2026-07-30T04:00:00+00:00,2026-07-31T04:00:00+00:00,1.00003,0.99997,87.00000000,87.00000000,100.00000000,0.10000000,0.09999400,-0.00599982,-0.20599382,-0.20599382,24H
CAP_30,BNB/USDT,2026-07-30T09:00:00+00:00,2026-07-31T09:00:00+00:00,579.84,590.49,87.00000000,86.00000000,100.00000000,0.10000000,0.10183671,1.83671358,1.63487686,1.63487686,24H
CAP_30,MUBARAK/USDT,2026-07-31T04:00:00+00:00,2026-07-31T11:00:00+00:00,0.0121,0.01333,95.00000000,100.00000000,100.00000000,0.10000000,0.11016529,10.16528926,9.95512397,9.95512397,TAKE_PROFIT
CAP_30,PAXG/USDT,2026-07-30T13:00:00+00:00,2026-07-31T13:00:00+00:00,4105.88,4027.22,93.00000000,98.00000000,100.00000000,0.10000000,0.09808421,-1.91578906,-2.11387327,-2.11387327,24H
CAP_30,AAVE/USDT,2026-07-30T16:00:00+00:00,2026-07-31T16:00:00+00:00,100.23,96.59,90.00000000,95.00000000,100.00000000,0.10000000,0.09636835,-3.63164721,-3.82801556,-3.82801556,24H
CAP_30,PUMP/USDT,2026-07-30T17:00:00+00:00,2026-07-31T17:00:00+00:00,0.001972,0.002139,87.00000000,86.00000000,100.00000000,0.10000000,0.10846856,8.46855984,8.26009128,8.26009128,24H
CAP_30,GIGGLE/USDT,2026-07-31T13:00:00+00:00,2026-07-31T17:00:00+00:00,36.97,42.93,74.00000000,55.00000000,100.00000000,0.10000000,0.11612118,16.12117933,15.90505816,15.90505816,TAKE_PROFIT
CAP_30,FIL/USDT,2026-07-30T18:00:00+00:00,2026-07-31T18:00:00+00:00,0.7153,0.7209,89.00000000,89.00000000,100.00000000,0.10000000,0.10078289,0.78288830,0.58210541,0.58210541,24H
CAP_30,TUT/USDT,2026-07-30T18:00:00+00:00,2026-07-31T18:00:00+00:00,0.01494,0.01637,82.00000000,82.00000000,100.00000000,0.10000000,0.10957162,9.57161981,9.36204819,9.36204819,24H
CAP_30,SOXLB/USDT,2026-07-30T22:00:00+00:00,2026-07-31T19:00:00+00:00,122.59,114.81,84.00000000,89.00000000,100.00000000,0.10000000,0.09365364,-6.34635778,-6.54001142,-6.54001142,STOP_LOSS
CAP_30,MUBARAK/USDT,2026-07-31T16:00:00+00:00,2026-07-31T20:00:00+00:00,0.01371,0.01259,90.00000000,100.00000000,100.00000000,0.10000000,0.09183078,-8.16921955,-8.36105033,-8.36105033,STOP_LOSS
CAP_30,BEL/USDT,2026-07-31T03:00:00+00:00,2026-08-01T03:00:00+00:00,0.0969,0.0974,89.00000000,89.00000000,100.00000000,0.10000000,0.10051600,0.51599587,0.31547988,0.31547988,24H
CAP_30,ALPINE/USDT,2026-07-31T09:00:00+00:00,2026-08-01T09:00:00+00:00,0.318,0.321,90.00000000,95.00000000,100.00000000,0.10000000,0.10094340,0.94339623,0.74245283,0.74245283,24H
CAP_30,USD1/USDT,2026-07-31T11:00:00+00:00,2026-08-01T11:00:00+00:00,1.00003,0.99989,81.00000000,80.00000000,100.00000000,0.10000000,0.09998600,-0.01399958,-0.21398558,-0.21398558,24H
CAP_30,HOME/USDT,2026-07-31T19:00:00+00:00,2026-08-01T11:00:00+00:00,0.0055,0.0062,78.00000000,73.00000000,100.00000000,0.10000000,0.11272727,12.72727273,12.51454545,12.51454545,TAKE_PROFIT
CAP_30,HOME/USDT,2026-08-01T11:00:00+00:00,2026-08-01T16:00:00+00:00,0.0062,0.00575,84.00000000,89.00000000,100.00000000,0.10000000,0.09274194,-7.25806452,-7.45080645,-7.45080645,STOP_LOSS
CAP_30,EURI/USDT,2026-07-31T17:00:00+00:00,2026-08-01T17:00:00+00:00,1.1539,1.1526,90.00000000,95.00000000,100.00000000,0.10000000,0.09988734,-0.11266141,-0.31254875,-0.31254875,24H
CAP_30,ADA/USDT,2026-07-31T17:00:00+00:00,2026-08-01T17:00:00+00:00,0.1713,0.1732,87.00000000,86.00000000,100.00000000,0.10000000,0.10110917,1.10916521,0.90805604,0.90805604,24H
CAP_30,PUMP/USDT,2026-07-31T18:00:00+00:00,2026-08-01T18:00:00+00:00,0.002123,0.002072,79.00000000,74.00000000,100.00000000,0.10000000,0.09759774,-2.40226095,-2.59985869,-2.59985869,24H
CAP_30,NEAR/USDT,2026-07-31T18:00:00+00:00,2026-08-01T18:00:00+00:00,1.702,1.66,78.00000000,73.00000000,100.00000000,0.10000000,0.09753231,-2.46768508,-2.66521739,-2.66521739,24H
CAP_30,MUBARAK/USDT,2026-08-01T09:00:00+00:00,2026-08-01T19:00:00+00:00,0.01303,0.0121,81.00000000,80.00000000,100.00000000,0.10000000,0.09286262,-7.13737529,-7.33023791,-7.33023791,STOP_LOSS
CAP_30,EUR/USDT,2026-07-31T20:00:00+00:00,2026-08-01T20:00:00+00:00,1.1535,1.1531,84.00000000,84.00000000,100.00000000,0.10000000,0.09996532,-0.03467707,-0.23464239,-0.23464239,24H
CAP_30,HOME/USDT,2026-08-01T18:00:00+00:00,2026-08-02T01:00:00+00:00,0.00604,0.00672,89.00000000,89.00000000,100.00000000,0.10000000,0.11125828,11.25827815,11.04701987,11.04701987,TAKE_PROFIT
CAP_30,TAO/USDT,2026-08-01T03:00:00+00:00,2026-08-02T03:00:00+00:00,197.7,194.1,89.00000000,88.00000000,100.00000000,0.10000000,0.09817906,-1.82094082,-2.01911988,-2.01911988,24H
CAP_30,PUMP/USDT,2026-08-02T01:00:00+00:00,2026-08-02T10:00:00+00:00,0.002265,0.002146,95.00000000,100.00000000,100.00000000,0.10000000,0.09474614,-5.25386313,-5.44860927,-5.44860927,STOP_LOSS
CAP_30,TUT/USDT,2026-08-01T11:00:00+00:00,2026-08-02T11:00:00+00:00,0.01758,0.01742,90.00000000,100.00000000,100.00000000,0.10000000,0.09908987,-0.91012514,-1.10921502,-1.10921502,24H
CAP_30,KAITO/USDT,2026-08-01T18:00:00+00:00,2026-08-02T13:00:00+00:00,1.2084,1.0894,95.00000000,100.00000000,100.00000000,0.10000000,0.09015227,-9.84773254,-10.03788481,-10.03788481,STOP_LOSS
CAP_30,PEPE/USDT,2026-08-01T16:00:00+00:00,2026-08-02T16:00:00+00:00,2.78e-06,2.91e-06,87.00000000,87.00000000,100.00000000,0.10000000,0.10467626,4.67625899,4.47158273,4.47158273,24H
CAP_30,ALPINE/USDT,2026-08-01T17:00:00+00:00,2026-08-02T17:00:00+00:00,0.328,0.319,93.00000000,98.00000000,100.00000000,0.10000000,0.09725610,-2.74390244,-2.94115854,-2.94115854,24H
CAP_30,DOT/USDT,2026-08-01T17:00:00+00:00,2026-08-02T17:00:00+00:00,0.775,0.798,81.00000000,81.00000000,100.00000000,0.10000000,0.10296774,2.96774194,2.76477419,2.76477419,24H
CAP_30,HOME/USDT,2026-08-02T10:00:00+00:00,2026-08-02T17:00:00+00:00,0.00784,0.00898,95.00000000,92.00000000,100.00000000,0.10000000,0.11454082,14.54081633,14.32627551,14.32627551,TAKE_PROFIT
CAP_30,ARB/USDT,2026-08-01T19:00:00+00:00,2026-08-02T19:00:00+00:00,0.0785,0.0816,81.00000000,81.00000000,100.00000000,0.10000000,0.10394904,3.94904459,3.74509554,3.74509554,24H
CAP_30,ADA/USDT,2026-08-01T20:00:00+00:00,2026-08-02T20:00:00+00:00,0.1732,0.1874,72.00000000,59.00000000,100.00000000,0.10000000,0.10819861,8.19861432,7.99041570,7.99041570,24H
CAP_30,EWYB/USDT,2026-08-02T03:00:00+00:00,2026-08-03T03:00:00+00:00,160.35,161.16,89.00000000,89.00000000,100.00000000,0.10000000,0.10050514,0.50514500,0.30463985,0.30463985,24H
CAP_30,TUT/USDT,2026-08-02T20:00:00+00:00,2026-08-03T07:00:00+00:00,0.01766,0.01954,78.00000000,65.00000000,100.00000000,0.10000000,0.11064553,10.64552661,10.43488109,10.43488109,TAKE_PROFIT
CAP_30,SKHYB/USDT,2026-08-02T17:00:00+00:00,2026-08-03T10:00:00+00:00,148.35,140.28,84.00000000,84.00000000,100.00000000,0.10000000,0.09456016,-5.43983822,-5.63439838,-5.63439838,STOP_LOSS
CAP_30,MUB/USDT,2026-08-02T17:00:00+00:00,2026-08-03T10:00:00+00:00,849.37,805.57,81.00000000,80.00000000,100.00000000,0.10000000,0.09484324,-5.15676325,-5.35160648,-5.35160648,STOP_LOSS
CAP_30,EUR/USDT,2026-08-02T11:00:00+00:00,2026-08-03T11:00:00+00:00,1.1541,1.1544,87.00000000,87.00000000,100.00000000,0.10000000,0.10002599,0.02599428,-0.17403171,-0.17403171,24H
CAP_30,KORUB/USDT,2026-08-02T17:00:00+00:00,2026-08-03T11:00:00+00:00,15.66,14.58,81.00000000,81.00000000,100.00000000,0.10000000,0.09310345,-6.89655172,-7.08965517,-7.08965517,STOP_LOSS
CAP_30,FIL/USDT,2026-08-02T13:00:00+00:00,2026-08-03T13:00:00+00:00,0.72,0.7249,84.00000000,84.00000000,100.00000000,0.10000000,0.10068056,0.68055556,0.47987500,0.47987500,24H
CAP_30,BICO/USDT,2026-08-03T10:00:00+00:00,2026-08-03T13:00:00+00:00,0.01749,0.01962,90.00000000,92.00000000,100.00000000,0.10000000,0.11217839,12.17838765,11.96620926,11.96620926,TAKE_PROFIT
CAP_30,ALLO/USDT,2026-08-03T11:00:00+00:00,2026-08-03T13:00:00+00:00,0.292,0.2598,89.00000000,89.00000000,100.00000000,0.10000000,0.08897260,-11.02739726,-11.21636986,-11.21636986,STOP_LOSS
CAP_30,MUBARAK/USDT,2026-08-02T16:00:00+00:00,2026-08-03T16:00:00+00:00,0.01273,0.01266,92.00000000,97.00000000,100.00000000,0.10000000,0.09945012,-0.54988217,-0.74933229,-0.74933229,24H
CAP_30,NEAR/USDT,2026-08-02T19:00:00+00:00,2026-08-03T19:00:00+00:00,1.707,1.742,84.00000000,84.00000000,100.00000000,0.10000000,0.10205038,2.05038079,1.84833040,1.84833040,24H
CAP_30,USD1/USDT,2026-08-03T03:00:00+00:00,2026-08-04T03:00:00+00:00,1.00003,1.00004,84.00000000,84.00000000,100.00000000,0.10000000,0.10000100,0.00099997,-0.19900103,-0.19900103,24H
CAP_30,HOME/USDT,2026-08-03T16:00:00+00:00,2026-08-04T03:00:00+00:00,0.00781,0.00728,95.00000000,100.00000000,100.00000000,0.10000000,0.09321383,-6.78617157,-6.97938540,-6.97938540,STOP_LOSS
CAP_30,BMT/USDT,2026-08-03T07:00:00+00:00,2026-08-04T07:00:00+00:00,0.0119,0.01181,92.00000000,97.00000000,100.00000000,0.10000000,0.09924370,-0.75630252,-0.95554622,-0.95554622,24H
CAP_30,HOME/USDT,2026-08-04T07:00:00+00:00,2026-08-04T08:00:00+00:00,0.00949,0.00878,87.00000000,84.00000000,100.00000000,0.10000000,0.09251844,-7.48155954,-7.67407798,-7.67407798,STOP_LOSS
CAP_30,ENA/USDT,2026-08-03T10:00:00+00:00,2026-08-04T10:00:00+00:00,0.09,0.091,95.00000000,100.00000000,100.00000000,0.10000000,0.10111111,1.11111111,0.91000000,0.91000000,24H
CAP_30,ADA/USDT,2026-08-03T11:00:00+00:00,2026-08-04T11:00:00+00:00,0.1865,0.1945,89.00000000,88.00000000,100.00000000,0.10000000,0.10428954,4.28954424,4.08525469,4.08525469,24H
CAP_30,PEPE/USDT,2026-08-03T13:00:00+00:00,2026-08-04T13:00:00+00:00,2.91e-06,2.89e-06,95.00000000,100.00000000,100.00000000,0.10000000,0.09931271,-0.68728522,-0.88659794,-0.88659794,24H
CAP_30,RARE/USDT,2026-08-03T13:00:00+00:00,2026-08-04T13:00:00+00:00,0.01207,0.01172,89.00000000,89.00000000,100.00000000,0.10000000,0.09710025,-2.89975145,-3.09685170,-3.09685170,24H
CAP_30,BNB/USDT,2026-08-03T13:00:00+00:00,2026-08-04T13:00:00+00:00,588.21,589.18,87.00000000,87.00000000,100.00000000,0.10000000,0.10016491,0.16490709,-0.03525782,-0.03525782,24H
CAP_30,BICO/USDT,2026-08-04T08:00:00+00:00,2026-08-04T16:00:00+00:00,0.01799,0.02055,89.00000000,80.00000000,100.00000000,0.10000000,0.11423013,14.23012785,14.01589772,14.01589772,TAKE_PROFIT
CAP_30,PUMP/USDT,2026-08-03T19:00:00+00:00,2026-08-04T19:00:00+00:00,0.002184,0.002402,89.00000000,88.00000000,100.00000000,0.10000000,0.10998168,9.98168498,9.77170330,9.77170330,24H
CAP_30,ACE/USDT,2026-08-04T10:00:00+00:00,2026-08-05T01:00:00+00:00,0.0671,0.0742,89.00000000,89.00000000,100.00000000,0.10000000,0.11058122,10.58122206,10.37064083,10.37064083,TAKE_PROFIT
CAP_30,ARB/USDT,2026-08-04T03:00:00+00:00,2026-08-05T03:00:00+00:00,0.0831,0.0806,84.00000000,84.00000000,100.00000000,0.10000000,0.09699158,-3.00842359,-3.20541516,-3.20541516,24H
CAP_30,DOT/USDT,2026-08-04T03:00:00+00:00,2026-08-05T03:00:00+00:00,0.84,0.846,82.00000000,86.00000000,100.00000000,0.10000000,0.10071429,0.71428571,0.51357143,0.51357143,24H
CAP_30,BICO/USDT,2026-08-05T03:00:00+00:00,2026-08-05T05:00:00+00:00,0.0226,0.02718,84.00000000,76.00000000,100.00000000,0.10000000,0.12026549,20.26548673,20.04522124,20.04522124,TAKE_PROFIT
CAP_30,KORUB/USDT,2026-08-05T01:00:00+00:00,2026-08-05T08:00:00+00:00,19.11,18.07,92.00000000,97.00000000,100.00000000,0.10000000,0.09455782,-5.44217687,-5.63673469,-5.63673469,STOP_LOSS
CAP_30,BMT/USDT,2026-08-04T11:00:00+00:00,2026-08-05T11:00:00+00:00,0.0119,0.0124,90.00000000,95.00000000,100.00000000,0.10000000,0.10420168,4.20168067,3.99747899,3.99747899,24H
CAP_30,EWYB/USDT,2026-08-04T13:00:00+00:00,2026-08-05T13:00:00+00:00,168.08,171.47,95.00000000,100.00000000,100.00000000,0.10000000,0.10201690,2.01689672,1.81487982,1.81487982,24H
CAP_30,PORTAL/USDT,2026-08-04T13:00:00+00:00,2026-08-05T13:00:00+00:00,0.01059,0.01086,95.00000000,100.00000000,100.00000000,0.10000000,0.10254958,2.54957507,2.34702550,2.34702550,24H
CAP_30,SNDKB/USDT,2026-08-04T13:00:00+00:00,2026-08-05T13:00:00+00:00,1383.52,1438.45,95.00000000,100.00000000,100.00000000,0.10000000,0.10397031,3.97030762,3.76633731,3.76633731,24H
CAP_30,MUBARAK/USDT,2026-08-04T16:00:00+00:00,2026-08-05T16:00:00+00:00,0.01305,0.01317,95.00000000,100.00000000,100.00000000,0.10000000,0.10091954,0.91954023,0.71862069,0.71862069,24H
CAP_30,CHIP/USDT,2026-08-04T19:00:00+00:00,2026-08-05T19:00:00+00:00,0.02539,0.02483,86.00000000,86.00000000,100.00000000,0.10000000,0.09779441,-2.20559275,-2.40338716,-2.40338716,24H
CAP_30,SNXXB/USDT,2026-08-05T16:00:00+00:00,2026-08-05T19:00:00+00:00,12.64,11.41,95.00000000,100.00000000,100.00000000,0.10000000,0.09026899,-9.73101266,-9.92128165,-9.92128165,STOP_LOSS
CAP_30,FET/USDT,2026-08-05T05:00:00+00:00,2026-08-05T21:00:00+00:00,0.1517,0.1423,87.00000000,92.00000000,100.00000000,0.10000000,0.09380356,-6.19644034,-6.39024390,-6.39024390,STOP_LOSS
CAP_30,KORUB/USDT,2026-08-05T13:00:00+00:00,2026-08-05T21:00:00+00:00,19.25,18.09,95.00000000,100.00000000,100.00000000,0.10000000,0.09397403,-6.02597403,-6.21994805,-6.21994805,STOP_LOSS
CAP_30,MUB/USDT,2026-08-05T13:00:00+00:00,2026-08-06T01:00:00+00:00,919,871.04,95.00000000,100.00000000,100.00000000,0.10000000,0.09478128,-5.21871600,-5.41349728,-5.41349728,STOP_LOSS
CAP_30,ZEC/USDT,2026-08-05T03:00:00+00:00,2026-08-06T03:00:00+00:00,512.98,509.38,87.00000000,86.00000000,100.00000000,0.10000000,0.09929822,-0.70178175,-0.90107996,-0.90107996,24H
CAP_30,HEMI/USDT,2026-08-05T05:00:00+00:00,2026-08-06T05:00:00+00:00,0.00482,0.005,95.00000000,100.00000000,100.00000000,0.10000000,0.10373444,3.73443983,3.53070539,3.53070539,24H
CAP_30,MUBARAK/USDT,2026-08-05T21:00:00+00:00,2026-08-06T05:00:00+00:00,0.01397,0.01324,95.00000000,100.00000000,100.00000000,0.10000000,0.09477452,-5.22548318,-5.42025770,-5.42025770,STOP_LOSS
CAP_30,BICO/USDT,2026-08-06T05:00:00+00:00,2026-08-06T06:00:00+00:00,0.02993,0.0283,89.00000000,80.00000000,100.00000000,0.10000000,0.09455396,-5.44604076,-5.64059472,-5.64059472,STOP_LOSS
CAP_30,ADA/USDT,2026-08-05T08:00:00+00:00,2026-08-06T08:00:00+00:00,0.1939,0.1895,87.00000000,86.00000000,100.00000000,0.10000000,0.09773079,-2.26921093,-2.46694172,-2.46694172,24H
CAP_30,EWYB/USDT,2026-08-05T13:00:00+00:00,2026-08-06T10:00:00+00:00,171.47,162.5,95.00000000,100.00000000,100.00000000,0.10000000,0.09476876,-5.23123578,-5.42600455,-5.42600455,STOP_LOSS
CAP_30,EURI/USDT,2026-08-05T11:00:00+00:00,2026-08-06T11:00:00+00:00,1.1558,1.1549,87.00000000,87.00000000,100.00000000,0.10000000,0.09992213,-0.07786814,-0.27779028,-0.27779028,24H
CAP_30,HOME/USDT,2026-08-06T08:00:00+00:00,2026-08-06T11:00:00+00:00,0.00933,0.01049,89.00000000,88.00000000,100.00000000,0.10000000,0.11243301,12.43301179,12.22057878,12.22057878,TAKE_PROFIT
CAP_30,HOME/USDT,2026-08-06T11:00:00+00:00,2026-08-06T15:00:00+00:00,0.01049,0.00972,95.00000000,92.00000000,100.00000000,0.10000000,0.09265968,-7.34032412,-7.53298379,-7.53298379,STOP_LOSS
CAP_30,PORTAL/USDT,2026-08-05T19:00:00+00:00,2026-08-06T16:00:00+00:00,0.01125,0.01264,95.00000000,100.00000000,100.00000000,0.10000000,0.11235556,12.35555556,12.14320000,12.14320000,TAKE_PROFIT
CAP_30,MSTRB/USDT,2026-08-05T19:00:00+00:00,2026-08-06T19:00:00+00:00,98.4,96.84,89.00000000,88.00000000,100.00000000,0.10000000,0.09841463,-1.58536585,-1.78378049,-1.78378049,24H
CAP_30,FDUSD/USDT,2026-08-06T01:00:00+00:00,2026-08-07T01:00:00+00:00,0.9982,0.9982,87.00000000,87.00000000,100.00000000,0.10000000,0.10000000,0.00000000,-0.20000000,-0.20000000,24H
CAP_30,BMT/USDT,2026-08-06T03:00:00+00:00,2026-08-07T03:00:00+00:00,0.01246,0.01269,93.00000000,98.00000000,100.00000000,0.10000000,0.10184591,1.84590690,1.64406100,1.64406100,24H
CAP_30,ONG/USDT,2026-08-06T05:00:00+00:00,2026-08-07T05:00:00+00:00,0.04253,0.04273,89.00000000,89.00000000,100.00000000,0.10000000,0.10047026,0.47025629,0.26978603,0.26978603,24H
CAP_30,ENA/USDT,2026-08-06T06:00:00+00:00,2026-08-07T06:00:00+00:00,0.0925,0.093,89.00000000,88.00000000,100.00000000,0.10000000,0.10054054,0.54054054,0.34000000,0.34000000,24H
CAP_30,TUT/USDT,2026-08-07T03:00:00+00:00,2026-08-07T06:00:00+00:00,0.02763,0.03044,95.00000000,100.00000000,100.00000000,0.10000000,0.11017010,10.17010496,9.95993485,9.95993485,TAKE_PROFIT
CAP_30,ACE/USDT,2026-08-07T06:00:00+00:00,2026-08-07T07:00:00+00:00,0.1362,0.1578,89.00000000,80.00000000,100.00000000,0.10000000,0.11585903,15.85903084,15.64317181,15.64317181,TAKE_PROFIT
CAP_30,GPS/USDT,2026-08-06T10:00:00+00:00,2026-08-07T10:00:00+00:00,0.0095,0.00956,90.00000000,95.00000000,100.00000000,0.10000000,0.10063158,0.63157895,0.43094737,0.43094737,24H
CAP_30,EDEN/USDT,2026-08-06T11:00:00+00:00,2026-08-07T11:00:00+00:00,0.0395,0.04135,89.00000000,89.00000000,100.00000000,0.10000000,0.10468354,4.68354430,4.47886076,4.47886076,24H
CAP_30,TUT/USDT,2026-08-07T07:00:00+00:00,2026-08-07T11:00:00+00:00,0.03089,0.03468,92.00000000,97.00000000,100.00000000,0.10000000,0.11226934,12.26934283,12.05707349,12.05707349,TAKE_PROFIT
CAP_30,CRCLB/USDT,2026-08-06T15:00:00+00:00,2026-08-07T15:00:00+00:00,65.41,66.78,95.00000000,100.00000000,100.00000000,0.10000000,0.10209448,2.09448097,1.89238649,1.89238649,24H
CAP_30,BICO/USDT,2026-08-07T11:00:00+00:00,2026-08-07T15:00:00+00:00,0.04798,0.05296,92.00000000,89.00000000,100.00000000,0.10000000,0.11037932,10.37932472,10.16894539,10.16894539,TAKE_PROFIT
CAP_30,ADA/USDT,2026-08-06T16:00:00+00:00,2026-08-07T16:00:00+00:00,0.2068,0.1993,90.00000000,100.00000000,100.00000000,0.10000000,0.09637331,-3.62669246,-3.82306576,-3.82306576,24H
CAP_30,PUMP/USDT,2026-08-06T19:00:00+00:00,2026-08-07T19:00:00+00:00,0.00238,0.002347,84.00000000,84.00000000,100.00000000,0.10000000,0.09861345,-1.38655462,-1.58516807,-1.58516807,24H
CAP_30,HEMI/USDT,2026-08-07T10:00:00+00:00,2026-08-07T21:00:00+00:00,0.00541,0.00512,92.00000000,97.00000000,100.00000000,0.10000000,0.09463956,-5.36044362,-5.55508318,-5.55508318,STOP_LOSS
CAP_30,OPN/USDT,2026-08-07T01:00:00+00:00,2026-08-08T01:00:00+00:00,0.0532,0.0521,81.00000000,80.00000000,100.00000000,0.10000000,0.09793233,-2.06766917,-2.26560150,-2.26560150,24H
CAP_30,BICO/USDT,2026-08-07T15:00:00+00:00,2026-08-08T03:00:00+00:00,0.05296,0.05893,89.00000000,80.00000000,100.00000000,0.10000000,0.11127266,11.27265861,11.06138595,11.06138595,TAKE_PROFIT
CAP_30,TUT/USDT,2026-08-07T19:00:00+00:00,2026-08-08T03:00:00+00:00,0.03734,0.04283,89.00000000,80.00000000,100.00000000,0.10000000,0.11470273,14.70273166,14.48802892,14.48802892,TAKE_PROFIT
CAP_30,RARE/USDT,2026-08-07T05:00:00+00:00,2026-08-08T05:00:00+00:00,0.0127,0.01232,90.00000000,100.00000000,100.00000000,0.10000000,0.09700787,-2.99212598,-3.18913386,-3.18913386,24H
CAP_30,PAXG/USDT,2026-08-07T06:00:00+00:00,2026-08-08T06:00:00+00:00,4291.5,4337.99,90.00000000,95.00000000,100.00000000,0.10000000,0.10108330,1.08330421,0.88222090,0.88222090,24H
CAP_30,BMT/USDT,2026-08-07T07:00:00+00:00,2026-08-08T07:00:00+00:00,0.01297,0.01277,92.00000000,97.00000000,100.00000000,0.10000000,0.09845798,-1.54202005,-1.74047803,-1.74047803,24H
CAP_30,MSTRB/USDT,2026-08-07T11:00:00+00:00,2026-08-08T11:00:00+00:00,98.72,101.15,93.00000000,98.00000000,100.00000000,0.10000000,0.10246151,2.46150729,2.25904579,2.25904579,24H
CAP_30,RE/USDT,2026-08-08T05:00:00+00:00,2026-08-08T11:00:00+00:00,0.4102,0.4529,89.00000000,89.00000000,100.00000000,0.10000000,0.11040956,10.40955631,10.19914676,10.19914676,TAKE_PROFIT
CAP_30,LTC/USDT,2026-08-07T15:00:00+00:00,2026-08-08T15:00:00+00:00,45.96,45.88,90.00000000,95.00000000,100.00000000,0.10000000,0.09982594,-0.17406440,-0.37389034,-0.37389034,24H
CAP_30,GPS/USDT,2026-08-07T16:00:00+00:00,2026-08-08T16:00:00+00:00,0.00987,0.00982,90.00000000,95.00000000,100.00000000,0.10000000,0.09949341,-0.50658561,-0.70607903,-0.70607903,24H
CAP_30,ACE/USDT,2026-08-08T15:00:00+00:00,2026-08-08T16:00:00+00:00,0.1407,0.1584,95.00000000,92.00000000,100.00000000,0.10000000,0.11257996,12.57995736,12.36737740,12.36737740,TAKE_PROFIT
CAP_30,BCH/USDT,2026-08-07T21:00:00+00:00,2026-08-08T21:00:00+00:00,215.8,216.4,81.00000000,80.00000000,100.00000000,0.10000000,0.10027804,0.27803522,0.07775718,0.07775718,24H
CAP_30,BICO/USDT,2026-08-08T03:00:00+00:00,2026-08-09T00:00:00+00:00,0.05893,0.06662,89.00000000,80.00000000,100.00000000,0.10000000,0.11304938,13.04938062,12.83633124,12.83633124,TAKE_PROFIT
CAP_30,ALPINE/USDT,2026-08-08T01:00:00+00:00,2026-08-09T01:00:00+00:00,0.321,0.334,87.00000000,87.00000000,100.00000000,0.10000000,0.10404984,4.04984424,3.84579439,3.84579439,24H
CAP_30,OPN/USDT,2026-08-08T03:00:00+00:00,2026-08-09T03:00:00+00:00,0.0536,0.0541,89.00000000,88.00000000,100.00000000,0.10000000,0.10093284,0.93283582,0.73190299,0.73190299,24H
CAP_30,MUBARAK/USDT,2026-08-08T11:00:00+00:00,2026-08-09T04:00:00+00:00,0.01469,0.01668,93.00000000,98.00000000,100.00000000,0.10000000,0.11354663,13.54663036,13.33308373,13.33308373,TAKE_PROFIT
CAP_30,TAO/USDT,2026-08-08T06:00:00+00:00,2026-08-09T06:00:00+00:00,197.4,205.4,90.00000000,95.00000000,100.00000000,0.10000000,0.10405268,4.05268490,3.84863222,3.84863222,24H
CAP_30,RARE/USDT,2026-08-08T07:00:00+00:00,2026-08-09T07:00:00+00:00,0.01242,0.01339,93.00000000,98.00000000,100.00000000,0.10000000,0.10780998,7.80998390,7.60217391,7.60217391,24H
CAP_30,BICO/USDT,2026-08-09T00:00:00+00:00,2026-08-09T08:00:00+00:00,0.06662,0.05181,92.00000000,89.00000000,100.00000000,0.10000000,0.07776944,-22.23056139,-22.40833083,-22.40833083,STOP_LOSS
CAP_30,BMT/USDT,2026-08-09T08:00:00+00:00,2026-08-09T09:00:00+00:00,0.01948,0.02397,90.00000000,92.00000000,100.00000000,0.10000000,0.12304928,23.04928131,22.82623203,22.82623203,TAKE_PROFIT
CAP_30,MUBARAK/USDT,2026-08-09T07:00:00+00:00,2026-08-09T10:00:00+00:00,0.0179,0.02001,95.00000000,92.00000000,100.00000000,0.10000000,0.11178771,11.78770950,11.57592179,11.57592179,TAKE_PROFIT
CAP_30,HEMI/USDT,2026-08-08T11:00:00+00:00,2026-08-09T11:00:00+00:00,0.00536,0.00553,92.00000000,97.00000000,100.00000000,0.10000000,0.10317164,3.17164179,2.96847015,2.96847015,24H
CAP_30,MUBARAK/USDT,2026-08-09T11:00:00+00:00,2026-08-09T12:00:00+00:00,0.01966,0.01844,89.00000000,80.00000000,100.00000000,0.10000000,0.09379451,-6.20549339,-6.39928789,-6.39928789,STOP_LOSS
CAP_30,BEL/USDT,2026-08-08T16:00:00+00:00,2026-08-09T16:00:00+00:00,0.1078,0.1117,90.00000000,95.00000000,100.00000000,0.10000000,0.10361781,3.61781076,3.41419295,3.41419295,24H
CAP_30,ONG/USDT,2026-08-08T16:00:00+00:00,2026-08-09T16:00:00+00:00,0.04311,0.04355,90.00000000,95.00000000,100.00000000,0.10000000,0.10102064,1.02064486,0.81962422,0.81962422,24H
CAP_30,PORTAL/USDT,2026-08-08T21:00:00+00:00,2026-08-09T21:00:00+00:00,0.01177,0.01148,90.00000000,100.00000000,100.00000000,0.10000000,0.09753611,-2.46389125,-2.66142736,-2.66142736,24H
CAP_30,PLUME/USDT,2026-08-09T01:00:00+00:00,2026-08-10T01:00:00+00:00,0.01205,0.01221,85.00000000,87.00000000,100.00000000,0.10000000,0.10132780,1.32780083,1.12647303,1.12647303,24H
CAP_30,TREE/USDT,2026-08-09T03:00:00+00:00,2026-08-10T03:00:00+00:00,0.0375,0.0375,90.00000000,95.00000000,100.00000000,0.10000000,0.10000000,0.00000000,-0.20000000,-0.20000000,24H
CAP_30,EURI/USDT,2026-08-09T04:00:00+00:00,2026-08-10T04:00:00+00:00,1.1559,1.1554,84.00000000,84.00000000,100.00000000,0.10000000,0.09995674,-0.04325634,-0.24321308,-0.24321308,24H
CAP_30,ALPINE/USDT,2026-08-09T06:00:00+00:00,2026-08-10T06:00:00+00:00,0.336,0.331,90.00000000,95.00000000,100.00000000,0.10000000,0.09851190,-1.48809524,-1.68660714,-1.68660714,24H
CAP_30,ZEC/USDT,2026-08-09T09:00:00+00:00,2026-08-10T09:00:00+00:00,521.11,504.51,95.00000000,100.00000000,100.00000000,0.10000000,0.09681449,-3.18550786,-3.38232235,-3.38232235,24H
CAP_30,HEMI/USDT,2026-08-09T21:00:00+00:00,2026-08-10T09:00:00+00:00,0.00562,0.00525,90.00000000,95.00000000,100.00000000,0.10000000,0.09341637,-6.58362989,-6.77704626,-6.77704626,STOP_LOSS
CAP_30,XAUT/USDT,2026-08-09T10:00:00+00:00,2026-08-10T10:00:00+00:00,4333.24,4316.43,87.00000000,87.00000000,100.00000000,0.10000000,0.09961207,-0.38793143,-0.58754350,-0.58754350,24H
CAP_30,SOXLB/USDT,2026-08-09T12:00:00+00:00,2026-08-10T12:00:00+00:00,142.46,140.05,87.00000000,87.00000000,100.00000000,0.10000000,0.09830830,-1.69170293,-1.89001123,-1.89001123,24H
CAP_30,HOME/USDT,2026-08-10T06:00:00+00:00,2026-08-10T15:00:00+00:00,0.00961,0.01189,92.00000000,97.00000000,100.00000000,0.10000000,0.12372529,23.72528616,23.50156087,23.50156087,TAKE_PROFIT
CAP_30,CRCLB/USDT,2026-08-09T16:00:00+00:00,2026-08-10T16:00:00+00:00,68.32,65.86,90.00000000,95.00000000,100.00000000,0.10000000,0.09639930,-3.60070258,-3.79710187,-3.79710187,24H
CAP_30,TRUMP/USDT,2026-08-09T16:00:00+00:00,2026-08-10T16:00:00+00:00,1.521,1.486,90.00000000,100.00000000,100.00000000,0.10000000,0.09769888,-2.30111769,-2.49881657,-2.49881657,24H
CAP_30,RE/USDT,2026-08-10T10:00:00+00:00,2026-08-10T20:00:00+00:00,0.4269,0.4044,89.00000000,89.00000000,100.00000000,0.10000000,0.09472944,-5.27055517,-5.46528461,-5.46528461,STOP_LOSS
CAP_30,ALLO/USDT,2026-08-10T16:00:00+00:00,2026-08-10T22:00:00+00:00,0.3267,0.3081,95.00000000,100.00000000,100.00000000,0.10000000,0.09430670,-5.69329660,-5.88760331,-5.88760331,STOP_LOSS
CAP_30,PLUME/USDT,2026-08-10T01:00:00+00:00,2026-08-11T01:00:00+00:00,0.01221,0.01225,93.00000000,98.00000000,100.00000000,0.10000000,0.10032760,0.32760033,0.12727273,0.12727273,24H
CAP_30,EDEN/USDT,2026-08-10T03:00:00+00:00,2026-08-11T03:00:00+00:00,0.04498,0.04385,89.00000000,88.00000000,100.00000000,0.10000000,0.09748777,-2.51222766,-2.70971543,-2.70971543,24H
CAP_30,TREE/USDT,2026-08-10T04:00:00+00:00,2026-08-11T04:00:00+00:00,0.0377,0.0364,90.00000000,95.00000000,100.00000000,0.10000000,0.09655172,-3.44827586,-3.64482759,-3.64482759,24H
CAP_30,SPCXB/USDT,2026-08-10T09:00:00+00:00,2026-08-11T09:00:00+00:00,136.24,136.9,93.00000000,98.00000000,100.00000000,0.10000000,0.10048444,0.48443922,0.28395479,0.28395479,24H
CAP_30,WLD/USDT,2026-08-10T09:00:00+00:00,2026-08-11T09:00:00+00:00,0.343,0.3358,90.00000000,95.00000000,100.00000000,0.10000000,0.09790087,-2.09912536,-2.29702624,-2.29702624,24H
CAP_30,RARE/USDT,2026-08-10T20:00:00+00:00,2026-08-11T09:00:00+00:00,0.01368,0.01212,87.00000000,86.00000000,100.00000000,0.10000000,0.08859649,-11.40350877,-11.59210526,-11.59210526,STOP_LOSS
CAP_30,POL/USDT,2026-08-10T12:00:00+00:00,2026-08-11T12:00:00+00:00,0.07806,0.07553,83.00000000,75.00000000,100.00000000,0.10000000,0.09675890,-3.24109659,-3.43785550,-3.43785550,24H
CAP_30,PORTAL/USDT,2026-08-10T15:00:00+00:00,2026-08-11T14:00:00+00:00,0.01185,0.01116,95.00000000,100.00000000,100.00000000,0.10000000,0.09417722,-5.82278481,-6.01696203,-6.01696203,STOP_LOSS
CAP_30,PAXG/USDT,2026-08-10T16:00:00+00:00,2026-08-11T16:00:00+00:00,4348.17,4380.62,87.00000000,87.00000000,100.00000000,0.10000000,0.10074629,0.74629097,0.54554468,0.54554468,24H
CAP_30,GIGGLE/USDT,2026-08-11T12:00:00+00:00,2026-08-11T20:00:00+00:00,35.3,38.86,92.00000000,97.00000000,100.00000000,0.10000000,0.11008499,10.08498584,9.87490085,9.87490085,TAKE_PROFIT
CAP_30,PUMP/USDT,2026-08-10T22:00:00+00:00,2026-08-11T22:00:00+00:00,0.002809,0.002705,87.00000000,86.00000000,100.00000000,0.10000000,0.09629761,-3.70238519,-3.89868281,-3.89868281,24H
CAP_30,LINK/USDT,2026-08-11T01:00:00+00:00,2026-08-12T01:00:00+00:00,8.428,8.787,93.00000000,98.00000000,100.00000000,0.10000000,0.10425961,4.25961082,4.05535121,4.05535121,24H
CAP_30,TRUMP/USDT,2026-08-11T03:00:00+00:00,2026-08-12T03:00:00+00:00,1.518,1.49,95.00000000,100.00000000,100.00000000,0.10000000,0.09815547,-1.84453228,-2.04268775,-2.04268775,24H
CAP_30,ENA/USDT,2026-08-11T04:00:00+00:00,2026-08-12T04:00:00+00:00,0.0903,0.0898,90.00000000,95.00000000,100.00000000,0.10000000,0.09944629,-0.55370986,-0.75315615,-0.75315615,24H
CAP_30,BNB/USDT,2026-08-11T09:00:00+00:00,2026-08-12T09:00:00+00:00,607.19,613.7,87.00000000,86.00000000,100.00000000,0.10000000,0.10107215,1.07215204,0.87107989,0.87107989,24H
CAP_30,DOGE/USDT,2026-08-11T09:00:00+00:00,2026-08-12T09:00:00+00:00,0.07059,0.07204,84.00000000,84.00000000,100.00000000,0.10000000,0.10205412,2.05411531,1.85206120,1.85206120,24H
CAP_30,EDEN/USDT,2026-08-11T09:00:00+00:00,2026-08-12T09:00:00+00:00,0.04421,0.04442,84.00000000,83.00000000,100.00000000,0.10000000,0.10047501,0.47500565,0.27453065,0.27453065,24H
CAP_30,KORUB/USDT,2026-08-11T14:00:00+00:00,2026-08-12T12:00:00+00:00,17.95,19.83,89.00000000,88.00000000,100.00000000,0.10000000,0.11047354,10.47353760,10.26306407,10.26306407,TAKE_PROFIT
CAP_30,CRCLB/USDT,2026-08-11T16:00:00+00:00,2026-08-12T16:00:00+00:00,71.09,70.03,84.00000000,88.00000000,100.00000000,0.10000000,0.09850893,-1.49106766,-1.68957659,-1.68957659,24H
CAP_30,SOL/USDT,2026-08-11T20:00:00+00:00,2026-08-12T20:00:00+00:00,76.05,75.93,80.00000000,82.00000000,100.00000000,0.10000000,0.09984221,-0.15779093,-0.35763314,-0.35763314,24H
CAP_30,HOME/USDT,2026-08-11T22:00:00+00:00,2026-08-12T22:00:00+00:00,0.00922,0.00935,82.00000000,84.00000000,100.00000000,0.10000000,0.10140998,1.40997831,1.20856833,1.20856833,24H
CAP_30,WLD/USDT,2026-08-12T01:00:00+00:00,2026-08-13T01:00:00+00:00,0.3406,0.3298,90.00000000,95.00000000,100.00000000,0.10000000,0.09682913,-3.17087493,-3.36770405,-3.36770405,24H
CAP_30,RE/USDT,2026-08-12T03:00:00+00:00,2026-08-13T03:00:00+00:00,0.435,0.4353,89.00000000,88.00000000,100.00000000,0.10000000,0.10006897,0.06896552,-0.13110345,-0.13110345,24H
CAP_30,GRAM/USDT,2026-08-12T04:00:00+00:00,2026-08-13T04:00:00+00:00,1.361,1.338,81.00000000,80.00000000,100.00000000,0.10000000,0.09831007,-1.68993387,-1.88824394,-1.88824394,24H
CAP_30,HOME/USDT,2026-08-12T22:00:00+00:00,2026-08-13T06:00:00+00:00,0.00935,0.01036,79.00000000,75.00000000,100.00000000,0.10000000,0.11080214,10.80213904,10.59133690,10.59133690,TAKE_PROFIT
CAP_30,GPS/USDT,2026-08-12T09:00:00+00:00,2026-08-13T09:00:00+00:00,0.00981,0.01014,90.00000000,100.00000000,100.00000000,0.10000000,0.10336391,3.36391437,3.16055046,3.16055046,24H
CAP_30,PAXG/USDT,2026-08-12T09:00:00+00:00,2026-08-13T09:00:00+00:00,4413.47,4383.36,84.00000000,83.00000000,100.00000000,0.10000000,0.09931777,-0.68222963,-0.88154740,-0.88154740,24H
CAP_30,SOXLB/USDT,2026-08-12T09:00:00+00:00,2026-08-13T09:00:00+00:00,140.47,142.68,84.00000000,88.00000000,100.00000000,0.10000000,0.10157329,1.57328967,1.37171638,1.37171638,24H
CAP_30,LINK/USDT,2026-08-12T12:00:00+00:00,2026-08-13T12:00:00+00:00,8.849,8.782,93.00000000,98.00000000,100.00000000,0.10000000,0.09924285,-0.75714770,-0.95639055,-0.95639055,24H
CAP_30,EDEN/USDT,2026-08-12T16:00:00+00:00,2026-08-13T15:00:00+00:00,0.04516,0.04974,93.00000000,98.00000000,100.00000000,0.10000000,0.11014172,10.14171833,9.93157662,9.93157662,TAKE_PROFIT
CAP_30,SNDKB/USDT,2026-08-13T12:00:00+00:00,2026-08-13T15:00:00+00:00,1353.63,1532.99,90.00000000,95.00000000,100.00000000,0.10000000,0.11325030,13.25029735,13.03704705,13.03704705,TAKE_PROFIT
CAP_30,EDEN/USDT,2026-08-13T15:00:00+00:00,2026-08-13T18:00:00+00:00,0.04974,0.05933,90.00000000,100.00000000,100.00000000,0.10000000,0.11928026,19.28025734,19.06097708,19.06097708,TAKE_PROFIT
CAP_30,CRCLB/USDT,2026-08-12T20:00:00+00:00,2026-08-13T20:00:00+00:00,70.98,75.27,78.00000000,65.00000000,100.00000000,0.10000000,0.10604396,6.04395604,5.83791209,5.83791209,24H
CAP_30,RLUSD/USDT,2026-08-13T01:00:00+00:00,2026-08-14T01:00:00+00:00,1.0011,1.001,87.00000000,87.00000000,100.00000000,0.10000000,0.09999001,-0.00998901,-0.20997902,-0.20997902,24H
CAP_30,AVAX/USDT,2026-08-13T03:00:00+00:00,2026-08-14T03:00:00+00:00,6.512,6.417,79.00000000,76.00000000,100.00000000,0.10000000,0.09854115,-1.45884521,-1.65738636,-1.65738636,24H
CAP_30,PUMP/USDT,2026-08-13T04:00:00+00:00,2026-08-14T04:00:00+00:00,0.002772,0.002918,82.00000000,82.00000000,100.00000000,0.10000000,0.10526696,5.26695527,5.06168831,5.06168831,24H
CAP_30,HOME/USDT,2026-08-13T06:00:00+00:00,2026-08-14T06:00:00+00:00,0.01036,0.0114,90.00000000,100.00000000,100.00000000,0.10000000,0.11003861,10.03861004,9.82857143,9.82857143,TAKE_PROFIT
CAP_30,ACE/USDT,2026-08-14T03:00:00+00:00,2026-08-14T07:00:00+00:00,0.1316,0.1493,87.00000000,92.00000000,100.00000000,0.10000000,0.11344985,13.44984802,13.23639818,13.23639818,TAKE_PROFIT
CAP_30,RE/USDT,2026-08-13T09:00:00+00:00,2026-08-14T09:00:00+00:00,0.4494,0.4391,95.00000000,100.00000000,100.00000000,0.10000000,0.09770806,-2.29194482,-2.48965287,-2.48965287,24H
CAP_30,WLD/USDT,2026-08-13T09:00:00+00:00,2026-08-14T09:00:00+00:00,0.3466,0.3357,95.00000000,100.00000000,100.00000000,0.10000000,0.09685516,-3.14483555,-3.34169071,-3.34169071,24H
CAP_30,XUSD/USDT,2026-08-13T09:00:00+00:00,2026-08-14T09:00:00+00:00,1.001,1.0012,87.00000000,87.00000000,100.00000000,0.10000000,0.10001998,0.01998002,-0.18003996,-0.18003996,24H
CAP_30,DEXE/USDT,2026-08-13T18:00:00+00:00,2026-08-14T09:00:00+00:00,2.06,1.937,79.00000000,76.00000000,100.00000000,0.10000000,0.09402913,-5.97087379,-6.16490291,-6.16490291,STOP_LOSS
CAP_30,SOXLB/USDT,2026-08-13T15:00:00+00:00,2026-08-14T15:00:00+00:00,149.63,140.58,89.00000000,88.00000000,100.00000000,0.10000000,0.09395175,-6.04825236,-6.24220410,-6.24220410,STOP_LOSS
CAP_30,HEI/USDT,2026-08-14T15:00:00+00:00,2026-08-14T18:00:00+00:00,0.1446,0.1335,89.00000000,81.00000000,100.00000000,0.10000000,0.09232365,-7.67634855,-7.86867220,-7.86867220,STOP_LOSS
CAP_30,TAO/USDT,2026-08-13T20:00:00+00:00,2026-08-14T20:00:00+00:00,202.9,197.8,87.00000000,86.00000000,100.00000000,0.10000000,0.09748645,-2.51355347,-2.71103992,-2.71103992,24H
CAP_30,EDEN/USDT,2026-08-14T18:00:00+00:00,2026-08-15T00:00:00+00:00,0.06159,0.05846,84.00000000,76.00000000,100.00000000,0.10000000,0.09491801,-5.08199383,-5.27691184,-5.27691184,STOP_LOSS
CAP_30,RED/USDT,2026-08-14T01:00:00+00:00,2026-08-15T01:00:00+00:00,0.0891,0.0873,84.00000000,89.00000000,100.00000000,0.10000000,0.09797980,-2.02020202,-2.21818182,-2.21818182,24H
CAP_30,LINK/USDT,2026-08-14T09:00:00+00:00,2026-08-15T02:00:00+00:00,8.82,9.725,84.00000000,84.00000000,100.00000000,0.10000000,0.11026077,10.26077098,10.05051020,10.05051020,TAKE_PROFIT
CAP_30,PUMP/USDT,2026-08-14T04:00:00+00:00,2026-08-15T03:00:00+00:00,0.002918,0.00274,87.00000000,86.00000000,100.00000000,0.10000000,0.09389993,-6.10006854,-6.29396847,-6.29396847,STOP_LOSS
CAP_30,KORUB/USDT,2026-08-14T06:00:00+00:00,2026-08-15T06:00:00+00:00,21.69,21.63,92.00000000,97.00000000,100.00000000,0.10000000,0.09972337,-0.27662517,-0.47634855,-0.47634855,24H
CAP_30,WLFI/USDT,2026-08-14T07:00:00+00:00,2026-08-15T07:00:00+00:00,0.0555,0.0566,93.00000000,98.00000000,100.00000000,0.10000000,0.10198198,1.98198198,1.78000000,1.78000000,24H
CAP_30,RLUSD/USDT,2026-08-14T09:00:00+00:00,2026-08-15T09:00:00+00:00,1.0011,1.0013,87.00000000,87.00000000,100.00000000,0.10000000,0.10001998,0.01997802,-0.18004195,-0.18004195,24H
CAP_30,U/USDT,2026-08-14T09:00:00+00:00,2026-08-15T09:00:00+00:00,1.0005,1.0005,87.00000000,87.00000000,100.00000000,0.10000000,0.10000000,0.00000000,-0.20000000,-0.20000000,24H
CAP_30,USDE/USDT,2026-08-14T09:00:00+00:00,2026-08-15T09:00:00+00:00,1.0008,1.001,87.00000000,87.00000000,100.00000000,0.10000000,0.10001998,0.01998401,-0.18003597,-0.18003597,24H
CAP_30,ACE/USDT,2026-08-15T06:00:00+00:00,2026-08-15T09:00:00+00:00,0.2734,0.2131,89.00000000,80.00000000,100.00000000,0.10000000,0.07794440,-22.05559620,-22.23354060,-22.23354060,STOP_LOSS
CAP_30,PLUME/USDT,2026-08-15T01:00:00+00:00,2026-08-15T10:00:00+00:00,0.0127,0.0141,89.00000000,88.00000000,100.00000000,0.10000000,0.11102362,11.02362205,10.81259843,10.81259843,TAKE_PROFIT
CAP_30,HEMI/USDT,2026-08-15T09:00:00+00:00,2026-08-15T14:00:00+00:00,0.00533,0.00661,89.00000000,89.00000000,100.00000000,0.10000000,0.12401501,24.01500938,23.79099437,23.79099437,TAKE_PROFIT
CAP_30,CHIP/USDT,2026-08-15T03:00:00+00:00,2026-08-15T19:00:00+00:00,0.02362,0.02681,89.00000000,89.00000000,100.00000000,0.10000000,0.11350550,13.50550381,13.29199831,13.29199831,TAKE_PROFIT
CAP_30,ONG/USDT,2026-08-14T20:00:00+00:00,2026-08-15T20:00:00+00:00,0.04511,0.0488,80.00000000,72.00000000,100.00000000,0.10000000,0.10818000,8.18000443,7.97182443,7.97182443,24H
CAP_30,RE/USDT,2026-08-15T00:00:00+00:00,2026-08-16T00:00:00+00:00,0.4576,0.4645,92.00000000,97.00000000,100.00000000,0.10000000,0.10150787,1.50786713,1.30635927,1.30635927,24H
CAP_30,XPL/USDT,2026-08-15T02:00:00+00:00,2026-08-16T02:00:00+00:00,0.07735,0.07672,89.00000000,89.00000000,100.00000000,0.10000000,0.09918552,-0.81447964,-1.01366516,-1.01366516,24H
CAP_30,HEMI/USDT,2026-08-15T14:00:00+00:00,2026-08-16T02:00:00+00:00,0.00661,0.00742,90.00000000,92.00000000,100.00000000,0.10000000,0.11225416,12.25416036,12.04190620,12.04190620,TAKE_PROFIT
CAP_30,GPS/USDT,2026-08-15T07:00:00+00:00,2026-08-16T07:00:00+00:00,0.01054,0.01114,83.00000000,75.00000000,100.00000000,0.10000000,0.10569260,5.69259962,5.48690702,5.48690702,24H
CAP_30,U/USDT,2026-08-15T09:00:00+00:00,2026-08-16T09:00:00+00:00,1.0005,1.0004,84.00000000,84.00000000,100.00000000,0.10000000,0.09999000,-0.00999500,-0.20998501,-0.20998501,24H
CAP_30,BNB/USDT,2026-08-15T09:00:00+00:00,2026-08-16T09:00:00+00:00,611.88,607.33,81.00000000,80.00000000,100.00000000,0.10000000,0.09925639,-0.74360986,-0.94286625,-0.94286625,24H
CAP_30,EUR/USDT,2026-08-15T09:00:00+00:00,2026-08-16T09:00:00+00:00,1.1577,1.1575,81.00000000,80.00000000,100.00000000,0.10000000,0.09998272,-0.01727563,-0.21725836,-0.21725836,24H
CAP_30,OPN/USDT,2026-08-15T10:00:00+00:00,2026-08-16T10:00:00+00:00,0.0498,0.0532,84.00000000,89.00000000,100.00000000,0.10000000,0.10682731,6.82730924,6.62048193,6.62048193,24H
CAP_30,GPS/USDT,2026-08-16T07:00:00+00:00,2026-08-16T11:00:00+00:00,0.01114,0.0105,95.00000000,100.00000000,100.00000000,0.10000000,0.09425494,-5.74506284,-5.93931777,-5.93931777,STOP_LOSS
CAP_30,PORTAL/USDT,2026-08-16T11:00:00+00:00,2026-08-16T12:00:00+00:00,0.01226,0.016,90.00000000,100.00000000,100.00000000,0.10000000,0.13050571,30.50570962,30.00000000,30.00000000,TAKE_PROFIT
CAP_30,BEL/USDT,2026-08-16T09:00:00+00:00,2026-08-16T18:00:00+00:00,0.1072,0.1222,93.00000000,98.00000000,100.00000000,0.10000000,0.11399254,13.99253731,13.77854478,13.77854478,TAKE_PROFIT
CAP_30,SKHYB/USDT,2026-08-15T19:00:00+00:00,2026-08-16T19:00:00+00:00,167.66,167.91,87.00000000,87.00000000,100.00000000,0.10000000,0.10014911,0.14911130,-0.05103781,-0.05103781,24H
CAP_30,ALPINE/USDT,2026-08-15T20:00:00+00:00,2026-08-16T20:00:00+00:00,0.32,0.317,89.00000000,89.00000000,100.00000000,0.10000000,0.09906250,-0.93750000,-1.13656250,-1.13656250,24H
CAP_30,XPL/USDT,2026-08-16T09:00:00+00:00,2026-08-16T21:00:00+00:00,0.07827,0.07432,93.00000000,98.00000000,100.00000000,0.10000000,0.09495337,-5.04663345,-5.24158681,-5.24158681,STOP_LOSS
CAP_30,PORTAL/USDT,2026-08-16T18:00:00+00:00,2026-08-16T22:00:00+00:00,0.01674,0.01866,90.00000000,92.00000000,100.00000000,0.10000000,0.11146953,11.46953405,11.25806452,11.25806452,TAKE_PROFIT
CAP_30,WLFI/USDT,2026-08-16T00:00:00+00:00,2026-08-17T00:00:00+00:00,0.0578,0.0598,92.00000000,97.00000000,100.00000000,0.10000000,0.10346021,3.46020761,3.25674740,3.25674740,24H
CAP_30,ONG/USDT,2026-08-16T02:00:00+00:00,2026-08-17T01:00:00+00:00,0.051,0.06082,90.00000000,87.00000000,100.00000000,0.10000000,0.11925490,19.25490196,19.03564706,19.03564706,TAKE_PROFIT
CAP_30,SNXXB/USDT,2026-08-16T02:00:00+00:00,2026-08-17T02:00:00+00:00,16.54,17.69,88.00000000,93.00000000,100.00000000,0.10000000,0.10695284,6.95284160,6.74588875,6.74588875,24H
CAP_30,GPS/USDT,2026-08-17T01:00:00+00:00,2026-08-17T03:00:00+00:00,0.01195,0.01394,95.00000000,100.00000000,100.00000000,0.10000000,0.11665272,16.65271967,16.43606695,16.43606695,TAKE_PROFIT
CAP_30,CHIP/USDT,2026-08-16T09:00:00+00:00,2026-08-17T07:00:00+00:00,0.02897,0.03253,92.00000000,97.00000000,100.00000000,0.10000000,0.11228857,12.28857439,12.07628581,12.07628581,TAKE_PROFIT
CAP_30,CHIP/USDT,2026-08-17T07:00:00+00:00,2026-08-17T08:00:00+00:00,0.03253,0.02993,90.00000000,100.00000000,100.00000000,0.10000000,0.09200738,-7.99262219,-8.18462957,-8.18462957,STOP_LOSS
CAP_30,PLUME/USDT,2026-08-16T10:00:00+00:00,2026-08-17T10:00:00+00:00,0.01311,0.01258,87.00000000,86.00000000,100.00000000,0.10000000,0.09595728,-4.04271548,-4.23867277,-4.23867277,24H
CAP_30,RLUSD/USDT,2026-08-16T12:00:00+00:00,2026-08-17T12:00:00+00:00,1.0012,1.0012,84.00000000,84.00000000,100.00000000,0.10000000,0.10000000,0.00000000,-0.20000000,-0.20000000,24H
CAP_30,KORUB/USDT,2026-08-17T02:00:00+00:00,2026-08-17T14:00:00+00:00,22.24,25.04,93.00000000,98.00000000,100.00000000,0.10000000,0.11258993,12.58992806,12.37733813,12.37733813,TAKE_PROFIT
CAP_30,ONG/USDT,2026-08-17T03:00:00+00:00,2026-08-17T14:00:00+00:00,0.05908,0.05489,89.00000000,88.00000000,100.00000000,0.10000000,0.09290792,-7.09207854,-7.28498646,-7.28498646,STOP_LOSS
CAP_30,CHIP/USDT,2026-08-17T08:00:00+00:00,2026-08-17T18:00:00+00:00,0.02993,0.02814,95.00000000,100.00000000,100.00000000,0.10000000,0.09401938,-5.98062145,-6.17464083,-6.17464083,STOP_LOSS
CAP_30,EUR/USDT,2026-08-16T19:00:00+00:00,2026-08-17T19:00:00+00:00,1.1577,1.1588,87.00000000,87.00000000,100.00000000,0.10000000,0.10009502,0.09501598,-0.10507904,-0.10507904,24H
CAP_30,BEL/USDT,2026-08-16T20:00:00+00:00,2026-08-17T20:00:00+00:00,0.1115,0.1082,87.00000000,87.00000000,100.00000000,0.10000000,0.09704036,-2.95964126,-3.15668161,-3.15668161,24H
CAP_30,RARE/USDT,2026-08-16T21:00:00+00:00,2026-08-17T21:00:00+00:00,0.01217,0.01231,87.00000000,87.00000000,100.00000000,0.10000000,0.10115037,1.15036976,0.94921939,0.94921939,24H
CAP_30,MUBARAK/USDT,2026-08-17T00:00:00+00:00,2026-08-17T21:00:00+00:00,0.0175,0.01661,92.00000000,97.00000000,100.00000000,0.10000000,0.09491429,-5.08571429,-5.28062857,-5.28062857,STOP_LOSS
CAP_30,EURI/USDT,2026-08-16T22:00:00+00:00,2026-08-17T22:00:00+00:00,1.1579,1.1588,76.00000000,71.00000000,100.00000000,0.10000000,0.10007773,0.07772692,-0.12235081,-0.12235081,24H
CAP_30,SNXXB/USDT,2026-08-17T22:00:00+00:00,2026-08-18T01:00:00+00:00,19.6,18.22,89.00000000,88.00000000,100.00000000,0.10000000,0.09295918,-7.04081633,-7.23377551,-7.23377551,STOP_LOSS
CAP_30,GPS/USDT,2026-08-17T12:00:00+00:00,2026-08-18T05:00:00+00:00,0.01554,0.0172,92.00000000,89.00000000,100.00000000,0.10000000,0.11068211,10.68211068,10.47142857,10.47142857,TAKE_PROFIT
CAP_30,BMT/USDT,2026-08-17T18:00:00+00:00,2026-08-18T05:00:00+00:00,0.01605,0.01519,89.00000000,89.00000000,100.00000000,0.10000000,0.09464174,-5.35825545,-5.55289720,-5.55289720,STOP_LOSS
CAP_30,EDEN/USDT,2026-08-18T05:00:00+00:00,2026-08-18T07:00:00+00:00,0.05105,0.05792,92.00000000,97.00000000,100.00000000,0.10000000,0.11345739,13.45739471,13.24393732,13.24393732,TAKE_PROFIT
CAP_30,OPN/USDT,2026-08-17T20:00:00+00:00,2026-08-18T09:00:00+00:00,0.0527,0.0587,84.00000000,84.00000000,100.00000000,0.10000000,0.11138520,11.38519924,11.17381404,11.17381404,TAKE_PROFIT
CAP_30,USDC/USDT,2026-08-17T10:00:00+00:00,2026-08-18T10:00:00+00:00,1.00097,1.00088,87.00000000,87.00000000,100.00000000,0.10000000,0.09999101,-0.00899128,-0.20898229,-0.20898229,24H
CAP_30,ACE/USDT,2026-08-18T07:00:00+00:00,2026-08-18T12:00:00+00:00,0.191,0.2162,95.00000000,92.00000000,100.00000000,0.10000000,0.11319372,13.19371728,12.98052356,12.98052356,TAKE_PROFIT
CAP_30,ACE/USDT,2026-08-18T12:00:00+00:00,2026-08-18T12:30:12.661268+00:00,0.2162,0.1913,95.00000000,92.00000000,100.00000000,0.10000000,0.08848289,-11.51711378,-11.70559667,-11.70559667,STOP_LOSS
CAP_30,ACE/USDT,2026-08-18T12:30:12.661268+00:00,2026-08-18T13:00:00+00:00,0.1913,0.2238,76.00000000,83.00000000,100.00000000,0.10000000,0.11698902,16.98902248,16.77203346,16.77203346,TAKE_PROFIT
CAP_30,HEMI/USDT,2026-08-17T14:00:00+00:00,2026-08-18T14:00:00+00:00,0.00692,0.00646,95.00000000,100.00000000,100.00000000,0.10000000,0.09335260,-6.64739884,-6.84075145,-6.84075145,STOP_LOSS
CAP_30,CRCLB/USDT,2026-08-17T14:00:00+00:00,2026-08-18T14:00:00+00:00,74.31,72.15,90.00000000,100.00000000,100.00000000,0.10000000,0.09709326,-2.90674203,-3.10383528,-3.10383528,24H
CAP_30,ONG/USDT,2026-08-18T01:00:00+00:00,2026-08-18T18:00:00+00:00,0.05805,0.05479,95.00000000,100.00000000,100.00000000,0.10000000,0.09438415,-5.61584841,-5.81023256,-5.81023256,STOP_LOSS
CAP_30,POL/USDT,2026-08-17T19:00:00+00:00,2026-08-18T19:00:00+00:00,0.08002,0.08209,92.00000000,97.00000000,100.00000000,0.10000000,0.10258685,2.58685329,2.38426643,2.38426643,24H
CAP_30,AAVE/USDT,2026-08-17T21:00:00+00:00,2026-08-18T21:00:00+00:00,89.04,88.29,79.00000000,79.00000000,100.00000000,0.10000000,0.09915768,-0.84231806,-1.04147574,-1.04147574,24H
CAP_30,ALLO/USDT,2026-08-17T21:00:00+00:00,2026-08-18T21:00:00+00:00,0.2909,0.2978,78.00000000,73.00000000,100.00000000,0.10000000,0.10237195,2.37194912,2.16957717,2.16957717,24H
CAP_30,GPS/USDT,2026-08-18T10:00:00+00:00,2026-08-19T01:00:00+00:00,0.01728,0.0146,89.00000000,80.00000000,100.00000000,0.10000000,0.08449074,-15.50925926,-15.69375000,-15.69375000,STOP_LOSS
CAP_30,BTC/USDT,2026-08-18T05:00:00+00:00,2026-08-19T05:00:00+00:00,64242.76,64236.01,81.00000000,81.00000000,100.00000000,0.10000000,0.09998949,-0.01050702,-0.21049651,-0.21049651,24H
CAP_30,HEMI/USDT,2026-08-18T21:00:00+00:00,2026-08-19T05:00:00+00:00,0.00692,0.00832,84.00000000,84.00000000,100.00000000,0.10000000,0.12023121,20.23121387,20.01098266,20.01098266,TAKE_PROFIT
CAP_30,ARB/USDT,2026-08-18T09:00:00+00:00,2026-08-19T09:00:00+00:00,0.0755,0.077,87.00000000,87.00000000,100.00000000,0.10000000,0.10198675,1.98675497,1.78476821,1.78476821,24H
CAP_30,MUBARAK/USDT,2026-08-19T01:00:00+00:00,2026-08-19T09:00:00+00:00,0.0173,0.01908,80.00000000,72.00000000,100.00000000,0.10000000,0.11028902,10.28901734,10.07872832,10.07872832,TAKE_PROFIT
CAP_30,ONG/USDT,2026-08-18T21:00:00+00:00,2026-08-19T10:00:00+00:00,0.05776,0.06418,84.00000000,84.00000000,100.00000000,0.10000000,0.11111496,11.11495845,10.90384349,10.90384349,TAKE_PROFIT
CAP_30,ACE/USDT,2026-08-18T13:00:00+00:00,2026-08-19T12:00:00+00:00,0.2238,0.2061,90.00000000,92.00000000,100.00000000,0.10000000,0.09209115,-7.90884718,-8.10093834,-8.10093834,STOP_LOSS
CAP_30,SOL/USDT,2026-08-18T14:00:00+00:00,2026-08-19T14:00:00+00:00,76.8,80.89,93.00000000,98.00000000,100.00000000,0.10000000,0.10532552,5.32552083,5.12019531,5.12019531,24H
CAP_30,ETH/USDT,2026-08-18T14:00:00+00:00,2026-08-19T14:00:00+00:00,1911.02,1970.6,90.00000000,95.00000000,100.00000000,0.10000000,0.10311771,3.11770677,2.91458907,2.91458907,24H
CAP_30,TREE/USDT,2026-08-19T12:00:00+00:00,2026-08-19T14:00:00+00:00,0.0343,0.0406,95.00000000,100.00000000,100.00000000,0.10000000,0.11836735,18.36734694,18.14897959,18.14897959,TAKE_PROFIT
CAP_30,RE/USDT,2026-08-19T09:00:00+00:00,2026-08-19T15:00:00+00:00,0.4022,0.4585,79.00000000,76.00000000,100.00000000,0.10000000,0.11399801,13.99801094,13.78401293,13.78401293,TAKE_PROFIT
CAP_30,EDEN/USDT,2026-08-19T14:00:00+00:00,2026-08-19T15:00:00+00:00,0.05968,0.05515,95.00000000,100.00000000,100.00000000,0.10000000,0.09240952,-7.59048257,-7.78289209,-7.78289209,STOP_LOSS
CAP_30,PUMP/USDT,2026-08-18T19:00:00+00:00,2026-08-19T16:00:00+00:00,0.00285,0.003162,82.00000000,82.00000000,100.00000000,0.10000000,0.11094737,10.94736842,10.73642105,10.73642105,TAKE_PROFIT
CAP_30,LINK/USDT,2026-08-18T18:00:00+00:00,2026-08-19T18:00:00+00:00,9.516,9.991,79.00000000,74.00000000,100.00000000,0.10000000,0.10499159,4.99159311,4.78660151,4.78660151,24H
CAP_30,ARB/USDT,2026-08-19T09:00:00+00:00,2026-08-19T20:00:00+00:00,0.077,0.0847,84.00000000,84.00000000,100.00000000,0.10000000,0.11000000,10.00000000,9.79000000,9.79000000,TAKE_PROFIT
CAP_30,UNI/USDT,2026-08-19T05:00:00+00:00,2026-08-19T21:00:00+00:00,3.327,3.712,70.00000000,65.00000000,100.00000000,0.10000000,0.11157199,11.57198677,11.36041479,11.36041479,TAKE_PROFIT
CAP_30,ONG/USDT,2026-08-19T21:00:00+00:00,2026-08-20T20:00:00+00:00,0.06122,0.17155,80.00000000,72.00000000,100.00000000,0.10000000,0.28021888,180.21888272,30.00000000,30.00000000,TAKE_PROFIT
CAP_30,TAO/USDT,2026-08-20T23:00:00+00:00,2026-08-21T23:00:00+00:00,214.9,229.9,72.00000000,67.00000000,100.00000000,0.10000000,0.10697999,6.97999069,6.77301070,6.77301070,24H
CAP_50,ACE/USDT,2026-07-18T15:00:00+00:00,2026-07-18T18:00:00+00:00,0.0729,0.0686,70.00000000,70.00000000,100.00000000,0.10000000,0.09410151,-5.89849108,-6.09259259,-6.09259259,STOP_LOSS
CAP_50,DEXE/USDT,2026-07-18T13:00:00+00:00,2026-07-19T06:00:00+00:00,36.519,34.466,75.00000000,70.00000000,100.00000000,0.10000000,0.09437827,-5.62173115,-5.81610942,-5.81610942,STOP_LOSS
CAP_50,CHIP/USDT,2026-07-18T13:00:00+00:00,2026-07-19T13:00:00+00:00,0.03159,0.03049,75.00000000,70.00000000,100.00000000,0.10000000,0.09651789,-3.48211459,-3.67863248,-3.67863248,24H
CAP_50,ONG/USDT,2026-07-18T13:00:00+00:00,2026-07-19T13:00:00+00:00,0.0472,0.0474,70.00000000,65.00000000,100.00000000,0.10000000,0.10042373,0.42372881,0.22330508,0.22330508,24H
CAP_50,ALLO/USDT,2026-07-18T14:00:00+00:00,2026-07-19T14:00:00+00:00,0.4592,0.4639,72.00000000,67.00000000,100.00000000,0.10000000,0.10102352,1.02351916,0.82249564,0.82249564,24H
CAP_50,ZEC/USDT,2026-07-18T16:00:00+00:00,2026-07-19T16:00:00+00:00,556.73,551.43,70.00000000,65.00000000,100.00000000,0.10000000,0.09904801,-0.95198750,-1.15103551,-1.15103551,24H
CAP_50,ETH/USDT,2026-07-18T18:00:00+00:00,2026-07-19T18:00:00+00:00,1857.54,1861.12,70.00000000,65.00000000,100.00000000,0.10000000,0.10019273,0.19272802,-0.00746471,-0.00746471,24H
CAP_50,TAO/USDT,2026-07-18T19:00:00+00:00,2026-07-19T19:00:00+00:00,195.9,197.1,70.00000000,65.00000000,100.00000000,0.10000000,0.10061256,0.61255743,0.41194487,0.41194487,24H
CAP_50,ACE/USDT,2026-07-19T20:00:00+00:00,2026-07-19T22:00:00+00:00,0.0712,0.0957,70.00000000,70.00000000,100.00000000,0.10000000,0.13441011,34.41011236,34.17570225,34.17570225,TAKE_PROFIT
CAP_50,CRCLB/USDT,2026-07-19T01:00:00+00:00,2026-07-20T01:00:00+00:00,61.4,60.65,73.00000000,68.00000000,100.00000000,0.10000000,0.09877850,-1.22149837,-1.42027687,-1.42027687,24H
CAP_50,OPN/USDT,2026-07-19T02:00:00+00:00,2026-07-20T02:00:00+00:00,0.0637,0.0616,70.00000000,65.00000000,100.00000000,0.10000000,0.09670330,-3.29670330,-3.49340659,-3.49340659,24H
CAP_50,PEPE/USDT,2026-07-19T06:00:00+00:00,2026-07-20T06:00:00+00:00,2.8e-06,2.82e-06,73.00000000,68.00000000,100.00000000,0.10000000,0.10071429,0.71428571,0.51357143,0.51357143,24H
CAP_50,HEMI/USDT,2026-07-19T13:00:00+00:00,2026-07-20T08:00:00+00:00,0.00457,0.00505,75.00000000,70.00000000,100.00000000,0.10000000,0.11050328,10.50328228,10.29277899,10.29277899,TAKE_PROFIT
CAP_50,LTC/USDT,2026-07-19T13:00:00+00:00,2026-07-20T13:00:00+00:00,47.36,46.69,73.00000000,68.00000000,100.00000000,0.10000000,0.09858530,-1.41469595,-1.61328125,-1.61328125,24H
CAP_50,GPS/USDT,2026-07-19T14:00:00+00:00,2026-07-20T14:00:00+00:00,0.00908,0.00905,70.00000000,65.00000000,100.00000000,0.10000000,0.09966960,-0.33039648,-0.53006608,-0.53006608,24H
CAP_50,HEMI/USDT,2026-07-20T09:00:00+00:00,2026-07-20T14:00:00+00:00,0.00499,0.00561,70.00000000,70.00000000,100.00000000,0.10000000,0.11242485,12.42484970,12.21242485,12.21242485,TAKE_PROFIT
CAP_50,EDEN/USDT,2026-07-19T16:00:00+00:00,2026-07-20T16:00:00+00:00,0.04415,0.04281,70.00000000,65.00000000,100.00000000,0.10000000,0.09696489,-3.03510759,-3.23207248,-3.23207248,24H
CAP_50,ALLO/USDT,2026-07-20T16:00:00+00:00,2026-07-20T20:00:00+00:00,0.4872,0.4611,75.00000000,70.00000000,100.00000000,0.10000000,0.09464286,-5.35714286,-5.55178571,-5.55178571,STOP_LOSS
CAP_50,EWYB/USDT,2026-07-19T22:00:00+00:00,2026-07-20T22:00:00+00:00,166.67,163.53,75.00000000,70.00000000,100.00000000,0.10000000,0.09811604,-1.88396232,-2.08207836,-2.08207836,24H
CAP_50,MUB/USDT,2026-07-19T22:00:00+00:00,2026-07-20T22:00:00+00:00,867.11,873.22,73.00000000,68.00000000,100.00000000,0.10000000,0.10070464,0.70463955,0.50393491,0.50393491,24H
CAP_50,ETH/USDT,2026-07-19T22:00:00+00:00,2026-07-20T22:00:00+00:00,1870.44,1895.72,70.00000000,65.00000000,100.00000000,0.10000000,0.10135155,1.35155365,1.15020209,1.15020209,24H
CAP_50,TUT/USDT,2026-07-20T06:00:00+00:00,2026-07-21T00:00:00+00:00,0.01337,0.01477,70.00000000,65.00000000,100.00000000,0.10000000,0.11047120,10.47120419,10.26073298,10.26073298,TAKE_PROFIT
CAP_50,LINK/USDT,2026-07-20T01:00:00+00:00,2026-07-21T01:00:00+00:00,8.422,8.592,73.00000000,68.00000000,100.00000000,0.10000000,0.10201852,2.01852292,1.81650439,1.81650439,24H
CAP_50,HEMI/USDT,2026-07-20T22:00:00+00:00,2026-07-21T01:00:00+00:00,0.00686,0.00643,72.00000000,59.00000000,100.00000000,0.10000000,0.09373178,-6.26822157,-6.46195335,-6.46195335,STOP_LOSS
CAP_50,MSTRB/USDT,2026-07-20T02:00:00+00:00,2026-07-21T02:00:00+00:00,95.95,99.27,70.00000000,65.00000000,100.00000000,0.10000000,0.10346014,3.46013549,3.25667535,3.25667535,24H
CAP_50,DEXE/USDT,2026-07-21T00:00:00+00:00,2026-07-21T02:00:00+00:00,37.721,34.091,75.00000000,70.00000000,100.00000000,0.10000000,0.09037671,-9.62328676,-9.81366348,-9.81366348,STOP_LOSS
CAP_50,TREE/USDT,2026-07-21T02:00:00+00:00,2026-07-21T06:00:00+00:00,0.0385,0.0475,72.00000000,67.00000000,100.00000000,0.10000000,0.12337662,23.37662338,23.15324675,23.15324675,TAKE_PROFIT
CAP_50,SOXLB/USDT,2026-07-21T00:00:00+00:00,2026-07-21T08:00:00+00:00,139.06,153.96,73.00000000,68.00000000,100.00000000,0.10000000,0.11071480,10.71479937,10.50408457,10.50408457,TAKE_PROFIT
CAP_50,NEAR/USDT,2026-07-20T13:00:00+00:00,2026-07-21T13:00:00+00:00,1.965,1.988,73.00000000,68.00000000,100.00000000,0.10000000,0.10117048,1.17048346,0.96931298,0.96931298,24H
CAP_50,CRCLB/USDT,2026-07-20T14:00:00+00:00,2026-07-21T13:00:00+00:00,63.12,70.14,70.00000000,70.00000000,100.00000000,0.10000000,0.11112167,11.12167300,10.91055133,10.91055133,TAKE_PROFIT
CAP_50,BMT/USDT,2026-07-20T15:00:00+00:00,2026-07-21T15:00:00+00:00,0.01184,0.01197,73.00000000,68.00000000,100.00000000,0.10000000,0.10109797,1.09797297,0.89687500,0.89687500,24H
CAP_50,MUB/USDT,2026-07-21T01:00:00+00:00,2026-07-21T16:00:00+00:00,886.11,977.63,73.00000000,68.00000000,100.00000000,0.10000000,0.11032829,10.32828881,10.11796052,10.11796052,TAKE_PROFIT
CAP_50,RARE/USDT,2026-07-20T20:00:00+00:00,2026-07-21T20:00:00+00:00,0.0128,0.0127,73.00000000,68.00000000,100.00000000,0.10000000,0.09921875,-0.78125000,-0.98046875,-0.98046875,24H
CAP_50,RED/USDT,2026-07-21T01:00:00+00:00,2026-07-22T01:00:00+00:00,0.1032,0.1011,75.00000000,70.00000000,100.00000000,0.10000000,0.09796512,-2.03488372,-2.23284884,-2.23284884,24H
CAP_50,EWYB/USDT,2026-07-21T02:00:00+00:00,2026-07-22T02:00:00+00:00,167.22,174.49,75.00000000,70.00000000,100.00000000,0.10000000,0.10434757,4.34756608,4.14321851,4.14321851,24H
CAP_50,BICO/USDT,2026-07-21T02:00:00+00:00,2026-07-22T02:00:00+00:00,0.01401,0.01386,72.00000000,67.00000000,100.00000000,0.10000000,0.09892934,-1.07066381,-1.26959315,-1.26959315,24H
CAP_50,SKHYB/USDT,2026-07-21T06:00:00+00:00,2026-07-22T06:00:00+00:00,160.21,163.65,72.00000000,67.00000000,100.00000000,0.10000000,0.10214718,2.14718182,1.94503464,1.94503464,24H
CAP_50,GIGGLE/USDT,2026-07-21T08:00:00+00:00,2026-07-22T08:00:00+00:00,26.98,26.53,75.00000000,70.00000000,100.00000000,0.10000000,0.09833210,-1.66790215,-1.86623425,-1.86623425,24H
CAP_50,TUT/USDT,2026-07-22T04:00:00+00:00,2026-07-22T10:00:00+00:00,0.01524,0.01412,70.00000000,65.00000000,100.00000000,0.10000000,0.09265092,-7.34908136,-7.54173228,-7.54173228,STOP_LOSS
CAP_50,ALLO/USDT,2026-07-21T13:00:00+00:00,2026-07-22T13:00:00+00:00,0.4991,0.5038,75.00000000,70.00000000,100.00000000,0.10000000,0.10094170,0.94169505,0.74075336,0.74075336,24H
CAP_50,SNDKB/USDT,2026-07-21T13:00:00+00:00,2026-07-22T13:00:00+00:00,1529.08,1577.19,70.00000000,70.00000000,100.00000000,0.10000000,0.10314634,3.14633636,2.94319002,2.94319002,24H
CAP_50,MSTRB/USDT,2026-07-21T15:00:00+00:00,2026-07-22T15:00:00+00:00,102.67,99.78,73.00000000,68.00000000,100.00000000,0.10000000,0.09718516,-2.81484367,-3.01202883,-3.01202883,24H
CAP_50,GRAM/USDT,2026-07-21T16:00:00+00:00,2026-07-22T16:00:00+00:00,1.518,1.517,72.00000000,67.00000000,100.00000000,0.10000000,0.09993412,-0.06587615,-0.26581028,-0.26581028,24H
CAP_50,PORTAL/USDT,2026-07-21T22:00:00+00:00,2026-07-22T22:00:00+00:00,0.01106,0.01088,73.00000000,68.00000000,100.00000000,0.10000000,0.09837251,-1.62748644,-1.82585895,-1.82585895,24H
CAP_50,CHIP/USDT,2026-07-22T02:00:00+00:00,2026-07-23T02:00:00+00:00,0.0306,0.03026,70.00000000,65.00000000,100.00000000,0.10000000,0.09888889,-1.11111111,-1.31000000,-1.31000000,24H
CAP_50,BICO/USDT,2026-07-22T03:00:00+00:00,2026-07-23T03:00:00+00:00,0.01388,0.01377,73.00000000,68.00000000,100.00000000,0.10000000,0.09920749,-0.79250720,-0.99171470,-0.99171470,24H
CAP_50,BEL/USDT,2026-07-22T06:00:00+00:00,2026-07-23T06:00:00+00:00,0.1042,0.1018,70.00000000,65.00000000,100.00000000,0.10000000,0.09769674,-2.30326296,-2.50095969,-2.50095969,24H
CAP_50,ENA/USDT,2026-07-22T08:00:00+00:00,2026-07-23T08:00:00+00:00,0.0882,0.0919,70.00000000,65.00000000,100.00000000,0.10000000,0.10419501,4.19501134,3.99081633,3.99081633,24H
CAP_50,ONDO/USDT,2026-07-22T10:00:00+00:00,2026-07-23T10:00:00+00:00,0.4109,0.4035,75.00000000,70.00000000,100.00000000,0.10000000,0.09819908,-1.80092480,-1.99912387,-1.99912387,24H
CAP_50,AAVE/USDT,2026-07-22T13:00:00+00:00,2026-07-23T13:00:00+00:00,97.91,96.11,75.00000000,70.00000000,100.00000000,0.10000000,0.09816158,-1.83842304,-2.03658462,-2.03658462,24H
CAP_50,MUB/USDT,2026-07-22T13:00:00+00:00,2026-07-23T13:00:00+00:00,972.31,977.98,75.00000000,70.00000000,100.00000000,0.10000000,0.10058315,0.58314735,0.38256420,0.38256420,24H
CAP_50,ADA/USDT,2026-07-22T15:00:00+00:00,2026-07-23T15:00:00+00:00,0.1779,0.1705,75.00000000,70.00000000,100.00000000,0.10000000,0.09584036,-4.15964025,-4.35548061,-4.35548061,24H
CAP_50,OPN/USDT,2026-07-23T06:00:00+00:00,2026-07-23T15:00:00+00:00,0.0718,0.0669,73.00000000,68.00000000,100.00000000,0.10000000,0.09317549,-6.82451253,-7.01768802,-7.01768802,STOP_LOSS
CAP_50,WLD/USDT,2026-07-22T16:00:00+00:00,2026-07-23T16:00:00+00:00,0.3938,0.3766,75.00000000,70.00000000,100.00000000,0.10000000,0.09563230,-4.36769934,-4.56333164,-4.56333164,24H
CAP_50,SKHYB/USDT,2026-07-23T00:00:00+00:00,2026-07-24T00:00:00+00:00,171.79,167.7,72.00000000,67.00000000,100.00000000,0.10000000,0.09761919,-2.38081378,-2.57843297,-2.57843297,24H
CAP_50,RE/USDT,2026-07-23T16:00:00+00:00,2026-07-24T00:00:00+00:00,0.5261,0.5822,70.00000000,70.00000000,100.00000000,0.10000000,0.11066337,10.66337198,10.45270861,10.45270861,TAKE_PROFIT
CAP_50,SNDKB/USDT,2026-07-23T16:00:00+00:00,2026-07-24T02:00:00+00:00,1667.76,1576.22,72.00000000,67.00000000,100.00000000,0.10000000,0.09451120,-5.48879935,-5.68331055,-5.68331055,STOP_LOSS
CAP_50,SOXLB/USDT,2026-07-23T20:00:00+00:00,2026-07-24T02:00:00+00:00,162.95,151.66,75.00000000,70.00000000,100.00000000,0.10000000,0.09307149,-6.92850568,-7.12157717,-7.12157717,STOP_LOSS
CAP_50,GRAM/USDT,2026-07-23T03:00:00+00:00,2026-07-24T03:00:00+00:00,1.516,1.455,73.00000000,68.00000000,100.00000000,0.10000000,0.09597625,-4.02374670,-4.21972296,-4.21972296,24H
CAP_50,BMT/USDT,2026-07-23T05:00:00+00:00,2026-07-24T05:00:00+00:00,0.01262,0.01228,70.00000000,70.00000000,100.00000000,0.10000000,0.09730586,-2.69413629,-2.89144216,-2.89144216,24H
CAP_50,TRUMP/USDT,2026-07-23T08:00:00+00:00,2026-07-24T08:00:00+00:00,1.639,1.598,75.00000000,70.00000000,100.00000000,0.10000000,0.09749847,-2.50152532,-2.69902379,-2.69902379,24H
CAP_50,OPN/USDT,2026-07-24T05:00:00+00:00,2026-07-24T08:00:00+00:00,0.0694,0.0627,75.00000000,70.00000000,100.00000000,0.10000000,0.09034582,-9.65417867,-9.84452450,-9.84452450,STOP_LOSS
CAP_50,KAITO/USDT,2026-07-23T10:00:00+00:00,2026-07-24T10:00:00+00:00,1.032,1.0396,75.00000000,70.00000000,100.00000000,0.10000000,0.10073643,0.73643411,0.53569767,0.53569767,24H
CAP_50,KAITO/USDT,2026-07-24T10:00:00+00:00,2026-07-24T12:00:00+00:00,1.0396,0.9876,73.00000000,68.00000000,100.00000000,0.10000000,0.09499808,-5.00192382,-5.19692189,-5.19692189,STOP_LOSS
CAP_50,PLUME/USDT,2026-07-23T13:00:00+00:00,2026-07-24T13:00:00+00:00,0.01146,0.01114,73.00000000,68.00000000,100.00000000,0.10000000,0.09720768,-2.79232112,-2.98952880,-2.98952880,24H
CAP_50,ALLO/USDT,2026-07-24T11:00:00+00:00,2026-07-24T14:00:00+00:00,0.5096,0.47,70.00000000,65.00000000,100.00000000,0.10000000,0.09222920,-7.77080063,-7.96302983,-7.96302983,STOP_LOSS
CAP_50,HOME/USDT,2026-07-24T14:00:00+00:00,2026-07-24T18:00:00+00:00,0.00689,0.00654,72.00000000,67.00000000,100.00000000,0.10000000,0.09492017,-5.07982583,-5.27474601,-5.27474601,STOP_LOSS
CAP_50,HEI/USDT,2026-07-23T21:00:00+00:00,2026-07-24T21:00:00+00:00,0.103,0.0987,70.00000000,70.00000000,100.00000000,0.10000000,0.09582524,-4.17475728,-4.37058252,-4.37058252,24H
CAP_50,XPL/USDT,2026-07-24T17:00:00+00:00,2026-07-25T03:00:00+00:00,0.08689,0.08214,75.00000000,70.00000000,100.00000000,0.10000000,0.09453332,-5.46668201,-5.66121533,-5.66121533,STOP_LOSS
CAP_50,UNI/USDT,2026-07-24T05:00:00+00:00,2026-07-25T05:00:00+00:00,3.833,3.687,70.00000000,65.00000000,100.00000000,0.10000000,0.09619097,-3.80902687,-4.00521785,-4.00521785,24H
CAP_50,HEMI/USDT,2026-07-24T19:00:00+00:00,2026-07-25T06:00:00+00:00,0.00532,0.00505,75.00000000,70.00000000,100.00000000,0.10000000,0.09492481,-5.07518797,-5.27011278,-5.27011278,STOP_LOSS
CAP_50,RE/USDT,2026-07-25T07:00:00+00:00,2026-07-25T09:00:00+00:00,0.6078,0.5587,75.00000000,70.00000000,100.00000000,0.10000000,0.09192168,-8.07831524,-8.27023692,-8.27023692,STOP_LOSS
CAP_50,GPS/USDT,2026-07-24T10:00:00+00:00,2026-07-25T10:00:00+00:00,0.00923,0.00958,70.00000000,65.00000000,100.00000000,0.10000000,0.10379198,3.79198267,3.58819068,3.58819068,24H
CAP_50,PLUME/USDT,2026-07-24T14:00:00+00:00,2026-07-25T14:00:00+00:00,0.01141,0.01178,73.00000000,68.00000000,100.00000000,0.10000000,0.10324277,3.24276950,3.03952673,3.03952673,24H
CAP_50,TUT/USDT,2026-07-24T21:00:00+00:00,2026-07-25T21:00:00+00:00,0.01452,0.01538,75.00000000,70.00000000,100.00000000,0.10000000,0.10592287,5.92286501,5.71694215,5.71694215,24H
CAP_50,TREE/USDT,2026-07-25T00:00:00+00:00,2026-07-26T00:00:00+00:00,0.0394,0.0381,73.00000000,68.00000000,100.00000000,0.10000000,0.09670051,-3.29949239,-3.49619289,-3.49619289,24H
CAP_50,ALPINE/USDT,2026-07-25T13:00:00+00:00,2026-07-26T13:00:00+00:00,0.314,0.315,75.00000000,70.00000000,100.00000000,0.10000000,0.10031847,0.31847134,0.11815287,0.11815287,24H
CAP_50,PLUME/USDT,2026-07-25T15:00:00+00:00,2026-07-26T15:00:00+00:00,0.01177,0.01236,70.00000000,65.00000000,100.00000000,0.10000000,0.10501274,5.01274427,4.80773152,4.80773152,24H
CAP_50,TRX/USDT,2026-07-25T16:00:00+00:00,2026-07-26T16:00:00+00:00,0.3321,0.333,70.00000000,65.00000000,100.00000000,0.10000000,0.10027100,0.27100271,0.07073171,0.07073171,24H
CAP_50,MUBARAK/USDT,2026-07-25T19:00:00+00:00,2026-07-26T19:00:00+00:00,0.01076,0.0108,70.00000000,65.00000000,100.00000000,0.10000000,0.10037175,0.37174721,0.17137546,0.17137546,24H
CAP_50,PEPE/USDT,2026-07-26T02:00:00+00:00,2026-07-27T02:00:00+00:00,2.86e-06,2.94e-06,70.00000000,70.00000000,100.00000000,0.10000000,0.10279720,2.79720280,2.59440559,2.59440559,24H
CAP_50,DOT/USDT,2026-07-26T03:00:00+00:00,2026-07-27T03:00:00+00:00,0.82,0.818,70.00000000,65.00000000,100.00000000,0.10000000,0.09975610,-0.24390244,-0.44365854,-0.44365854,24H
CAP_50,FIL/USDT,2026-07-26T04:00:00+00:00,2026-07-27T04:00:00+00:00,0.7416,0.7478,70.00000000,65.00000000,100.00000000,0.10000000,0.10083603,0.83603020,0.63519417,0.63519417,24H
CAP_50,TAO/USDT,2026-07-26T04:00:00+00:00,2026-07-27T04:00:00+00:00,196.4,198.8,70.00000000,70.00000000,100.00000000,0.10000000,0.10122200,1.22199593,1.02077393,1.02077393,24H
CAP_50,RARE/USDT,2026-07-26T09:00:00+00:00,2026-07-27T09:00:00+00:00,0.01279,0.01259,70.00000000,65.00000000,100.00000000,0.10000000,0.09843628,-1.56372166,-1.76215794,-1.76215794,24H
CAP_50,LINK/USDT,2026-07-26T13:00:00+00:00,2026-07-27T13:00:00+00:00,8.458,8.772,70.00000000,65.00000000,100.00000000,0.10000000,0.10371246,3.71246157,3.50874911,3.50874911,24H
CAP_50,EDEN/USDT,2026-07-27T09:00:00+00:00,2026-07-27T15:00:00+00:00,0.04471,0.04217,90.00000000,100.00000000,100.00000000,0.10000000,0.09431894,-5.68105569,-5.87537464,-5.87537464,STOP_LOSS
CAP_50,ONDO/USDT,2026-07-26T16:00:00+00:00,2026-07-27T16:00:00+00:00,0.4062,0.4094,90.00000000,100.00000000,100.00000000,0.10000000,0.10078779,0.78778927,0.58700148,0.58700148,24H
CAP_50,USDE/USDT,2026-07-26T16:00:00+00:00,2026-07-27T16:00:00+00:00,1.0009,1.0009,87.00000000,87.00000000,100.00000000,0.10000000,0.10000000,0.00000000,-0.20000000,-0.20000000,24H
CAP_50,PLUME/USDT,2026-07-27T02:00:00+00:00,2026-07-27T17:00:00+00:00,0.01231,0.01166,90.00000000,95.00000000,100.00000000,0.10000000,0.09471974,-5.28025995,-5.47497969,-5.47497969,STOP_LOSS
CAP_50,ENA/USDT,2026-07-27T13:00:00+00:00,2026-07-27T18:00:00+00:00,0.0923,0.0876,95.00000000,100.00000000,100.00000000,0.10000000,0.09490791,-5.09209101,-5.28699892,-5.28699892,STOP_LOSS
CAP_50,USDC/USDT,2026-07-26T19:00:00+00:00,2026-07-27T19:00:00+00:00,1.00087,1.00084,87.00000000,87.00000000,100.00000000,0.10000000,0.09999700,-0.00299739,-0.20299439,-0.20299439,24H
CAP_50,ALPINE/USDT,2026-07-27T03:00:00+00:00,2026-07-27T22:00:00+00:00,0.32,0.301,87.00000000,87.00000000,100.00000000,0.10000000,0.09406250,-5.93750000,-6.13156250,-6.13156250,STOP_LOSS
CAP_50,KAITO/USDT,2026-07-27T15:00:00+00:00,2026-07-27T22:00:00+00:00,1.21,1.3423,84.00000000,84.00000000,100.00000000,0.10000000,0.11093388,10.93388430,10.72295041,10.72295041,TAKE_PROFIT
CAP_50,CRCLB/USDT,2026-07-27T04:00:00+00:00,2026-07-28T04:00:00+00:00,63.92,63.19,87.00000000,87.00000000,100.00000000,0.10000000,0.09885795,-1.14205257,-1.34091051,-1.34091051,24H
CAP_50,XUSD/USDT,2026-07-27T04:00:00+00:00,2026-07-28T04:00:00+00:00,1.0012,1.0012,87.00000000,87.00000000,100.00000000,0.10000000,0.10000000,0.00000000,-0.20000000,-0.20000000,24H
CAP_50,PUMP/USDT,2026-07-27T19:00:00+00:00,2026-07-28T04:00:00+00:00,0.002128,0.002021,87.00000000,86.00000000,100.00000000,0.10000000,0.09497180,-5.02819549,-5.22316729,-5.22316729,STOP_LOSS
CAP_50,KAITO/USDT,2026-07-27T22:00:00+00:00,2026-07-28T05:00:00+00:00,1.3423,1.2594,78.00000000,83.00000000,100.00000000,0.10000000,0.09382403,-6.17596662,-6.36979066,-6.36979066,STOP_LOSS
CAP_50,KAITO/USDT,2026-07-28T05:00:00+00:00,2026-07-28T09:00:00+00:00,1.2594,1.1586,74.00000000,63.00000000,100.00000000,0.10000000,0.09199619,-8.00381134,-8.19580753,-8.19580753,STOP_LOSS
CAP_50,TREE/USDT,2026-07-27T17:00:00+00:00,2026-07-28T13:00:00+00:00,0.0395,0.0374,87.00000000,86.00000000,100.00000000,0.10000000,0.09468354,-5.31645570,-5.51113924,-5.51113924,STOP_LOSS
CAP_50,RLUSD/USDT,2026-07-27T16:00:00+00:00,2026-07-28T16:00:00+00:00,1.0013,1.0011,87.00000000,87.00000000,100.00000000,0.10000000,0.09998003,-0.01997403,-0.21995406,-0.21995406,24H
CAP_50,MSTRB/USDT,2026-07-27T16:00:00+00:00,2026-07-28T16:00:00+00:00,97.4,98.12,81.00000000,86.00000000,100.00000000,0.10000000,0.10073922,0.73921971,0.53848049,0.53848049,24H
CAP_50,BNB/USDT,2026-07-27T18:00:00+00:00,2026-07-28T18:00:00+00:00,575.37,569.62,87.00000000,86.00000000,100.00000000,0.10000000,0.09900064,-0.99935694,-1.19835758,-1.19835758,24H
CAP_50,USD1/USDT,2026-07-27T22:00:00+00:00,2026-07-28T22:00:00+00:00,0.99985,0.99968,84.00000000,84.00000000,100.00000000,0.10000000,0.09998300,-0.01700255,-0.21698555,-0.21698555,24H
CAP_50,FDUSD/USDT,2026-07-28T04:00:00+00:00,2026-07-29T04:00:00+00:00,0.9993,0.9983,87.00000000,87.00000000,100.00000000,0.10000000,0.09989993,-0.10007005,-0.29996998,-0.29996998,24H
CAP_50,USDC/USDT,2026-07-28T04:00:00+00:00,2026-07-29T04:00:00+00:00,1.00097,1.00114,76.00000000,71.00000000,100.00000000,0.10000000,0.10001698,0.01698353,-0.18303346,-0.18303346,24H
CAP_50,GPS/USDT,2026-07-28T04:00:00+00:00,2026-07-29T04:00:00+00:00,0.00927,0.00972,72.00000000,69.00000000,100.00000000,0.10000000,0.10485437,4.85436893,4.64951456,4.64951456,24H
CAP_50,MUBARAK/USDT,2026-07-28T09:00:00+00:00,2026-07-29T09:00:00+00:00,0.01111,0.01131,89.00000000,89.00000000,100.00000000,0.10000000,0.10180018,1.80018002,1.59837984,1.59837984,24H
CAP_50,U/USDT,2026-07-28T13:00:00+00:00,2026-07-29T13:00:00+00:00,1.0008,1.0008,87.00000000,87.00000000,100.00000000,0.10000000,0.10000000,0.00000000,-0.20000000,-0.20000000,24H
CAP_50,AAVE/USDT,2026-07-28T16:00:00+00:00,2026-07-29T16:00:00+00:00,101.26,98.73,95.00000000,100.00000000,100.00000000,0.10000000,0.09750148,-2.49851866,-2.69602015,-2.69602015,24H
CAP_50,ONDO/USDT,2026-07-28T16:00:00+00:00,2026-07-29T16:00:00+00:00,0.4088,0.3937,89.00000000,88.00000000,100.00000000,0.10000000,0.09630626,-3.69373777,-3.89004403,-3.89004403,24H
CAP_50,PLUME/USDT,2026-07-28T18:00:00+00:00,2026-07-29T18:00:00+00:00,0.01219,0.01212,89.00000000,88.00000000,100.00000000,0.10000000,0.09942576,-0.57424118,-0.77366694,-0.77366694,24H
CAP_50,RE/USDT,2026-07-29T16:00:00+00:00,2026-07-29T18:00:00+00:00,0.4686,0.5159,79.00000000,76.00000000,100.00000000,0.10000000,0.11009390,10.09389671,9.88380282,9.88380282,TAKE_PROFIT
CAP_50,RLUSD/USDT,2026-07-28T22:00:00+00:00,2026-07-29T22:00:00+00:00,1.0012,1.0012,76.00000000,71.00000000,100.00000000,0.10000000,0.10000000,0.00000000,-0.20000000,-0.20000000,24H
CAP_50,KAITO/USDT,2026-07-29T04:00:00+00:00,2026-07-30T03:00:00+00:00,1.264,1.1818,89.00000000,88.00000000,100.00000000,0.10000000,0.09349684,-6.50316456,-6.69666139,-6.69666139,STOP_LOSS
CAP_50,GPS/USDT,2026-07-29T04:00:00+00:00,2026-07-30T04:00:00+00:00,0.00972,0.00982,90.00000000,95.00000000,100.00000000,0.10000000,0.10102881,1.02880658,0.82777778,0.82777778,24H
CAP_50,USDC/USDT,2026-07-29T04:00:00+00:00,2026-07-30T04:00:00+00:00,1.00114,1.00112,84.00000000,84.00000000,100.00000000,0.10000000,0.09999800,-0.00199772,-0.20199572,-0.20199572,24H
CAP_50,UNI/USDT,2026-07-29T09:00:00+00:00,2026-07-30T09:00:00+00:00,3.975,4.03,95.00000000,100.00000000,100.00000000,0.10000000,0.10138365,1.38364780,1.18226415,1.18226415,24H
CAP_50,EURI/USDT,2026-07-29T13:00:00+00:00,2026-07-30T13:00:00+00:00,1.1398,1.1526,77.00000000,64.00000000,100.00000000,0.10000000,0.10112300,1.12300404,0.92188103,0.92188103,24H
CAP_50,U/USDT,2026-07-29T16:00:00+00:00,2026-07-30T16:00:00+00:00,1.0009,1.0007,87.00000000,87.00000000,100.00000000,0.10000000,0.09998002,-0.01998202,-0.21996203,-0.21996203,24H
CAP_50,GPS/USDT,2026-07-30T04:00:00+00:00,2026-07-30T17:00:00+00:00,0.00982,0.0092,82.00000000,82.00000000,100.00000000,0.10000000,0.09368635,-6.31364562,-6.50733198,-6.50733198,STOP_LOSS
CAP_50,ADA/USDT,2026-07-29T18:00:00+00:00,2026-07-30T18:00:00+00:00,0.1679,0.1723,84.00000000,89.00000000,100.00000000,0.10000000,0.10262061,2.62060750,2.41798690,2.41798690,24H
CAP_50,PLUME/USDT,2026-07-29T18:00:00+00:00,2026-07-30T18:00:00+00:00,0.01212,0.01165,84.00000000,84.00000000,100.00000000,0.10000000,0.09612211,-3.87788779,-4.07400990,-4.07400990,24H
CAP_50,ONDO/USDT,2026-07-29T22:00:00+00:00,2026-07-30T22:00:00+00:00,0.4051,0.4168,74.00000000,63.00000000,100.00000000,0.10000000,0.10288818,2.88817576,2.68528758,2.68528758,24H
CAP_50,ALPINE/USDT,2026-07-30T03:00:00+00:00,2026-07-31T03:00:00+00:00,0.32,0.314,93.00000000,98.00000000,100.00000000,0.10000000,0.09812500,-1.87500000,-2.07312500,-2.07312500,24H
CAP_50,USD1/USDT,2026-07-30T04:00:00+00:00,2026-07-31T04:00:00+00:00,1.00003,0.99997,87.00000000,87.00000000,100.00000000,0.10000000,0.09999400,-0.00599982,-0.20599382,-0.20599382,24H
CAP_50,BNB/USDT,2026-07-30T09:00:00+00:00,2026-07-31T09:00:00+00:00,579.84,590.49,87.00000000,86.00000000,100.00000000,0.10000000,0.10183671,1.83671358,1.63487686,1.63487686,24H
CAP_50,MUBARAK/USDT,2026-07-31T04:00:00+00:00,2026-07-31T11:00:00+00:00,0.0121,0.01333,95.00000000,100.00000000,100.00000000,0.10000000,0.11016529,10.16528926,9.95512397,9.95512397,TAKE_PROFIT
CAP_50,PAXG/USDT,2026-07-30T13:00:00+00:00,2026-07-31T13:00:00+00:00,4105.88,4027.22,93.00000000,98.00000000,100.00000000,0.10000000,0.09808421,-1.91578906,-2.11387327,-2.11387327,24H
CAP_50,AAVE/USDT,2026-07-30T16:00:00+00:00,2026-07-31T16:00:00+00:00,100.23,96.59,90.00000000,95.00000000,100.00000000,0.10000000,0.09636835,-3.63164721,-3.82801556,-3.82801556,24H
CAP_50,PUMP/USDT,2026-07-30T17:00:00+00:00,2026-07-31T17:00:00+00:00,0.001972,0.002139,87.00000000,86.00000000,100.00000000,0.10000000,0.10846856,8.46855984,8.26009128,8.26009128,24H
CAP_50,GIGGLE/USDT,2026-07-31T13:00:00+00:00,2026-07-31T17:00:00+00:00,36.97,42.93,74.00000000,55.00000000,100.00000000,0.10000000,0.11612118,16.12117933,15.90505816,15.90505816,TAKE_PROFIT
CAP_50,FIL/USDT,2026-07-30T18:00:00+00:00,2026-07-31T18:00:00+00:00,0.7153,0.7209,89.00000000,89.00000000,100.00000000,0.10000000,0.10078289,0.78288830,0.58210541,0.58210541,24H
CAP_50,TUT/USDT,2026-07-30T18:00:00+00:00,2026-07-31T18:00:00+00:00,0.01494,0.01637,82.00000000,82.00000000,100.00000000,0.10000000,0.10957162,9.57161981,9.36204819,9.36204819,24H
CAP_50,SOXLB/USDT,2026-07-30T22:00:00+00:00,2026-07-31T19:00:00+00:00,122.59,114.81,84.00000000,89.00000000,100.00000000,0.10000000,0.09365364,-6.34635778,-6.54001142,-6.54001142,STOP_LOSS
CAP_50,MUBARAK/USDT,2026-07-31T16:00:00+00:00,2026-07-31T20:00:00+00:00,0.01371,0.01259,90.00000000,100.00000000,100.00000000,0.10000000,0.09183078,-8.16921955,-8.36105033,-8.36105033,STOP_LOSS
CAP_50,BEL/USDT,2026-07-31T03:00:00+00:00,2026-08-01T03:00:00+00:00,0.0969,0.0974,89.00000000,89.00000000,100.00000000,0.10000000,0.10051600,0.51599587,0.31547988,0.31547988,24H
CAP_50,ALPINE/USDT,2026-07-31T09:00:00+00:00,2026-08-01T09:00:00+00:00,0.318,0.321,90.00000000,95.00000000,100.00000000,0.10000000,0.10094340,0.94339623,0.74245283,0.74245283,24H
CAP_50,USD1/USDT,2026-07-31T11:00:00+00:00,2026-08-01T11:00:00+00:00,1.00003,0.99989,81.00000000,80.00000000,100.00000000,0.10000000,0.09998600,-0.01399958,-0.21398558,-0.21398558,24H
CAP_50,HOME/USDT,2026-07-31T19:00:00+00:00,2026-08-01T11:00:00+00:00,0.0055,0.0062,78.00000000,73.00000000,100.00000000,0.10000000,0.11272727,12.72727273,12.51454545,12.51454545,TAKE_PROFIT
CAP_50,HOME/USDT,2026-08-01T11:00:00+00:00,2026-08-01T16:00:00+00:00,0.0062,0.00575,84.00000000,89.00000000,100.00000000,0.10000000,0.09274194,-7.25806452,-7.45080645,-7.45080645,STOP_LOSS
CAP_50,EURI/USDT,2026-07-31T17:00:00+00:00,2026-08-01T17:00:00+00:00,1.1539,1.1526,90.00000000,95.00000000,100.00000000,0.10000000,0.09988734,-0.11266141,-0.31254875,-0.31254875,24H
CAP_50,ADA/USDT,2026-07-31T17:00:00+00:00,2026-08-01T17:00:00+00:00,0.1713,0.1732,87.00000000,86.00000000,100.00000000,0.10000000,0.10110917,1.10916521,0.90805604,0.90805604,24H
CAP_50,PUMP/USDT,2026-07-31T18:00:00+00:00,2026-08-01T18:00:00+00:00,0.002123,0.002072,79.00000000,74.00000000,100.00000000,0.10000000,0.09759774,-2.40226095,-2.59985869,-2.59985869,24H
CAP_50,NEAR/USDT,2026-07-31T18:00:00+00:00,2026-08-01T18:00:00+00:00,1.702,1.66,78.00000000,73.00000000,100.00000000,0.10000000,0.09753231,-2.46768508,-2.66521739,-2.66521739,24H
CAP_50,MUBARAK/USDT,2026-08-01T09:00:00+00:00,2026-08-01T19:00:00+00:00,0.01303,0.0121,81.00000000,80.00000000,100.00000000,0.10000000,0.09286262,-7.13737529,-7.33023791,-7.33023791,STOP_LOSS
CAP_50,EUR/USDT,2026-07-31T20:00:00+00:00,2026-08-01T20:00:00+00:00,1.1535,1.1531,84.00000000,84.00000000,100.00000000,0.10000000,0.09996532,-0.03467707,-0.23464239,-0.23464239,24H
CAP_50,HOME/USDT,2026-08-01T18:00:00+00:00,2026-08-02T01:00:00+00:00,0.00604,0.00672,89.00000000,89.00000000,100.00000000,0.10000000,0.11125828,11.25827815,11.04701987,11.04701987,TAKE_PROFIT
CAP_50,TAO/USDT,2026-08-01T03:00:00+00:00,2026-08-02T03:00:00+00:00,197.7,194.1,89.00000000,88.00000000,100.00000000,0.10000000,0.09817906,-1.82094082,-2.01911988,-2.01911988,24H
CAP_50,PUMP/USDT,2026-08-02T01:00:00+00:00,2026-08-02T10:00:00+00:00,0.002265,0.002146,95.00000000,100.00000000,100.00000000,0.10000000,0.09474614,-5.25386313,-5.44860927,-5.44860927,STOP_LOSS
CAP_50,TUT/USDT,2026-08-01T11:00:00+00:00,2026-08-02T11:00:00+00:00,0.01758,0.01742,90.00000000,100.00000000,100.00000000,0.10000000,0.09908987,-0.91012514,-1.10921502,-1.10921502,24H
CAP_50,KAITO/USDT,2026-08-01T18:00:00+00:00,2026-08-02T13:00:00+00:00,1.2084,1.0894,95.00000000,100.00000000,100.00000000,0.10000000,0.09015227,-9.84773254,-10.03788481,-10.03788481,STOP_LOSS
CAP_50,PEPE/USDT,2026-08-01T16:00:00+00:00,2026-08-02T16:00:00+00:00,2.78e-06,2.91e-06,87.00000000,87.00000000,100.00000000,0.10000000,0.10467626,4.67625899,4.47158273,4.47158273,24H
CAP_50,ALPINE/USDT,2026-08-01T17:00:00+00:00,2026-08-02T17:00:00+00:00,0.328,0.319,93.00000000,98.00000000,100.00000000,0.10000000,0.09725610,-2.74390244,-2.94115854,-2.94115854,24H
CAP_50,DOT/USDT,2026-08-01T17:00:00+00:00,2026-08-02T17:00:00+00:00,0.775,0.798,81.00000000,81.00000000,100.00000000,0.10000000,0.10296774,2.96774194,2.76477419,2.76477419,24H
CAP_50,HOME/USDT,2026-08-02T10:00:00+00:00,2026-08-02T17:00:00+00:00,0.00784,0.00898,95.00000000,92.00000000,100.00000000,0.10000000,0.11454082,14.54081633,14.32627551,14.32627551,TAKE_PROFIT
CAP_50,ARB/USDT,2026-08-01T19:00:00+00:00,2026-08-02T19:00:00+00:00,0.0785,0.0816,81.00000000,81.00000000,100.00000000,0.10000000,0.10394904,3.94904459,3.74509554,3.74509554,24H
CAP_50,ADA/USDT,2026-08-01T20:00:00+00:00,2026-08-02T20:00:00+00:00,0.1732,0.1874,72.00000000,59.00000000,100.00000000,0.10000000,0.10819861,8.19861432,7.99041570,7.99041570,24H
CAP_50,EWYB/USDT,2026-08-02T03:00:00+00:00,2026-08-03T03:00:00+00:00,160.35,161.16,89.00000000,89.00000000,100.00000000,0.10000000,0.10050514,0.50514500,0.30463985,0.30463985,24H
CAP_50,TUT/USDT,2026-08-02T20:00:00+00:00,2026-08-03T07:00:00+00:00,0.01766,0.01954,78.00000000,65.00000000,100.00000000,0.10000000,0.11064553,10.64552661,10.43488109,10.43488109,TAKE_PROFIT
CAP_50,SKHYB/USDT,2026-08-02T17:00:00+00:00,2026-08-03T10:00:00+00:00,148.35,140.28,84.00000000,84.00000000,100.00000000,0.10000000,0.09456016,-5.43983822,-5.63439838,-5.63439838,STOP_LOSS
CAP_50,MUB/USDT,2026-08-02T17:00:00+00:00,2026-08-03T10:00:00+00:00,849.37,805.57,81.00000000,80.00000000,100.00000000,0.10000000,0.09484324,-5.15676325,-5.35160648,-5.35160648,STOP_LOSS
CAP_50,EUR/USDT,2026-08-02T11:00:00+00:00,2026-08-03T11:00:00+00:00,1.1541,1.1544,87.00000000,87.00000000,100.00000000,0.10000000,0.10002599,0.02599428,-0.17403171,-0.17403171,24H
CAP_50,KORUB/USDT,2026-08-02T17:00:00+00:00,2026-08-03T11:00:00+00:00,15.66,14.58,81.00000000,81.00000000,100.00000000,0.10000000,0.09310345,-6.89655172,-7.08965517,-7.08965517,STOP_LOSS
CAP_50,FIL/USDT,2026-08-02T13:00:00+00:00,2026-08-03T13:00:00+00:00,0.72,0.7249,84.00000000,84.00000000,100.00000000,0.10000000,0.10068056,0.68055556,0.47987500,0.47987500,24H
CAP_50,BICO/USDT,2026-08-03T10:00:00+00:00,2026-08-03T13:00:00+00:00,0.01749,0.01962,90.00000000,92.00000000,100.00000000,0.10000000,0.11217839,12.17838765,11.96620926,11.96620926,TAKE_PROFIT
CAP_50,ALLO/USDT,2026-08-03T11:00:00+00:00,2026-08-03T13:00:00+00:00,0.292,0.2598,89.00000000,89.00000000,100.00000000,0.10000000,0.08897260,-11.02739726,-11.21636986,-11.21636986,STOP_LOSS
CAP_50,MUBARAK/USDT,2026-08-02T16:00:00+00:00,2026-08-03T16:00:00+00:00,0.01273,0.01266,92.00000000,97.00000000,100.00000000,0.10000000,0.09945012,-0.54988217,-0.74933229,-0.74933229,24H
CAP_50,NEAR/USDT,2026-08-02T19:00:00+00:00,2026-08-03T19:00:00+00:00,1.707,1.742,84.00000000,84.00000000,100.00000000,0.10000000,0.10205038,2.05038079,1.84833040,1.84833040,24H
CAP_50,USD1/USDT,2026-08-03T03:00:00+00:00,2026-08-04T03:00:00+00:00,1.00003,1.00004,84.00000000,84.00000000,100.00000000,0.10000000,0.10000100,0.00099997,-0.19900103,-0.19900103,24H
CAP_50,HOME/USDT,2026-08-03T16:00:00+00:00,2026-08-04T03:00:00+00:00,0.00781,0.00728,95.00000000,100.00000000,100.00000000,0.10000000,0.09321383,-6.78617157,-6.97938540,-6.97938540,STOP_LOSS
CAP_50,BMT/USDT,2026-08-03T07:00:00+00:00,2026-08-04T07:00:00+00:00,0.0119,0.01181,92.00000000,97.00000000,100.00000000,0.10000000,0.09924370,-0.75630252,-0.95554622,-0.95554622,24H
CAP_50,HOME/USDT,2026-08-04T07:00:00+00:00,2026-08-04T08:00:00+00:00,0.00949,0.00878,87.00000000,84.00000000,100.00000000,0.10000000,0.09251844,-7.48155954,-7.67407798,-7.67407798,STOP_LOSS
CAP_50,ENA/USDT,2026-08-03T10:00:00+00:00,2026-08-04T10:00:00+00:00,0.09,0.091,95.00000000,100.00000000,100.00000000,0.10000000,0.10111111,1.11111111,0.91000000,0.91000000,24H
CAP_50,ADA/USDT,2026-08-03T11:00:00+00:00,2026-08-04T11:00:00+00:00,0.1865,0.1945,89.00000000,88.00000000,100.00000000,0.10000000,0.10428954,4.28954424,4.08525469,4.08525469,24H
CAP_50,PEPE/USDT,2026-08-03T13:00:00+00:00,2026-08-04T13:00:00+00:00,2.91e-06,2.89e-06,95.00000000,100.00000000,100.00000000,0.10000000,0.09931271,-0.68728522,-0.88659794,-0.88659794,24H
CAP_50,RARE/USDT,2026-08-03T13:00:00+00:00,2026-08-04T13:00:00+00:00,0.01207,0.01172,89.00000000,89.00000000,100.00000000,0.10000000,0.09710025,-2.89975145,-3.09685170,-3.09685170,24H
CAP_50,BNB/USDT,2026-08-03T13:00:00+00:00,2026-08-04T13:00:00+00:00,588.21,589.18,87.00000000,87.00000000,100.00000000,0.10000000,0.10016491,0.16490709,-0.03525782,-0.03525782,24H
CAP_50,BICO/USDT,2026-08-04T08:00:00+00:00,2026-08-04T16:00:00+00:00,0.01799,0.02055,89.00000000,80.00000000,100.00000000,0.10000000,0.11423013,14.23012785,14.01589772,14.01589772,TAKE_PROFIT
CAP_50,PUMP/USDT,2026-08-03T19:00:00+00:00,2026-08-04T19:00:00+00:00,0.002184,0.002402,89.00000000,88.00000000,100.00000000,0.10000000,0.10998168,9.98168498,9.77170330,9.77170330,24H
CAP_50,ACE/USDT,2026-08-04T10:00:00+00:00,2026-08-05T01:00:00+00:00,0.0671,0.0742,89.00000000,89.00000000,100.00000000,0.10000000,0.11058122,10.58122206,10.37064083,10.37064083,TAKE_PROFIT
CAP_50,ARB/USDT,2026-08-04T03:00:00+00:00,2026-08-05T03:00:00+00:00,0.0831,0.0806,84.00000000,84.00000000,100.00000000,0.10000000,0.09699158,-3.00842359,-3.20541516,-3.20541516,24H
CAP_50,DOT/USDT,2026-08-04T03:00:00+00:00,2026-08-05T03:00:00+00:00,0.84,0.846,82.00000000,86.00000000,100.00000000,0.10000000,0.10071429,0.71428571,0.51357143,0.51357143,24H
CAP_50,BICO/USDT,2026-08-05T03:00:00+00:00,2026-08-05T05:00:00+00:00,0.0226,0.02718,84.00000000,76.00000000,100.00000000,0.10000000,0.12026549,20.26548673,20.04522124,20.04522124,TAKE_PROFIT
CAP_50,KORUB/USDT,2026-08-05T01:00:00+00:00,2026-08-05T08:00:00+00:00,19.11,18.07,92.00000000,97.00000000,100.00000000,0.10000000,0.09455782,-5.44217687,-5.63673469,-5.63673469,STOP_LOSS
CAP_50,BMT/USDT,2026-08-04T11:00:00+00:00,2026-08-05T11:00:00+00:00,0.0119,0.0124,90.00000000,95.00000000,100.00000000,0.10000000,0.10420168,4.20168067,3.99747899,3.99747899,24H
CAP_50,EWYB/USDT,2026-08-04T13:00:00+00:00,2026-08-05T13:00:00+00:00,168.08,171.47,95.00000000,100.00000000,100.00000000,0.10000000,0.10201690,2.01689672,1.81487982,1.81487982,24H
CAP_50,PORTAL/USDT,2026-08-04T13:00:00+00:00,2026-08-05T13:00:00+00:00,0.01059,0.01086,95.00000000,100.00000000,100.00000000,0.10000000,0.10254958,2.54957507,2.34702550,2.34702550,24H
CAP_50,SNDKB/USDT,2026-08-04T13:00:00+00:00,2026-08-05T13:00:00+00:00,1383.52,1438.45,95.00000000,100.00000000,100.00000000,0.10000000,0.10397031,3.97030762,3.76633731,3.76633731,24H
CAP_50,MUBARAK/USDT,2026-08-04T16:00:00+00:00,2026-08-05T16:00:00+00:00,0.01305,0.01317,95.00000000,100.00000000,100.00000000,0.10000000,0.10091954,0.91954023,0.71862069,0.71862069,24H
CAP_50,CHIP/USDT,2026-08-04T19:00:00+00:00,2026-08-05T19:00:00+00:00,0.02539,0.02483,86.00000000,86.00000000,100.00000000,0.10000000,0.09779441,-2.20559275,-2.40338716,-2.40338716,24H
CAP_50,SNXXB/USDT,2026-08-05T16:00:00+00:00,2026-08-05T19:00:00+00:00,12.64,11.41,95.00000000,100.00000000,100.00000000,0.10000000,0.09026899,-9.73101266,-9.92128165,-9.92128165,STOP_LOSS
CAP_50,FET/USDT,2026-08-05T05:00:00+00:00,2026-08-05T21:00:00+00:00,0.1517,0.1423,87.00000000,92.00000000,100.00000000,0.10000000,0.09380356,-6.19644034,-6.39024390,-6.39024390,STOP_LOSS
CAP_50,KORUB/USDT,2026-08-05T13:00:00+00:00,2026-08-05T21:00:00+00:00,19.25,18.09,95.00000000,100.00000000,100.00000000,0.10000000,0.09397403,-6.02597403,-6.21994805,-6.21994805,STOP_LOSS
CAP_50,MUB/USDT,2026-08-05T13:00:00+00:00,2026-08-06T01:00:00+00:00,919,871.04,95.00000000,100.00000000,100.00000000,0.10000000,0.09478128,-5.21871600,-5.41349728,-5.41349728,STOP_LOSS
CAP_50,ZEC/USDT,2026-08-05T03:00:00+00:00,2026-08-06T03:00:00+00:00,512.98,509.38,87.00000000,86.00000000,100.00000000,0.10000000,0.09929822,-0.70178175,-0.90107996,-0.90107996,24H
CAP_50,HEMI/USDT,2026-08-05T05:00:00+00:00,2026-08-06T05:00:00+00:00,0.00482,0.005,95.00000000,100.00000000,100.00000000,0.10000000,0.10373444,3.73443983,3.53070539,3.53070539,24H
CAP_50,MUBARAK/USDT,2026-08-05T21:00:00+00:00,2026-08-06T05:00:00+00:00,0.01397,0.01324,95.00000000,100.00000000,100.00000000,0.10000000,0.09477452,-5.22548318,-5.42025770,-5.42025770,STOP_LOSS
CAP_50,BICO/USDT,2026-08-06T05:00:00+00:00,2026-08-06T06:00:00+00:00,0.02993,0.0283,89.00000000,80.00000000,100.00000000,0.10000000,0.09455396,-5.44604076,-5.64059472,-5.64059472,STOP_LOSS
CAP_50,ADA/USDT,2026-08-05T08:00:00+00:00,2026-08-06T08:00:00+00:00,0.1939,0.1895,87.00000000,86.00000000,100.00000000,0.10000000,0.09773079,-2.26921093,-2.46694172,-2.46694172,24H
CAP_50,EWYB/USDT,2026-08-05T13:00:00+00:00,2026-08-06T10:00:00+00:00,171.47,162.5,95.00000000,100.00000000,100.00000000,0.10000000,0.09476876,-5.23123578,-5.42600455,-5.42600455,STOP_LOSS
CAP_50,EURI/USDT,2026-08-05T11:00:00+00:00,2026-08-06T11:00:00+00:00,1.1558,1.1549,87.00000000,87.00000000,100.00000000,0.10000000,0.09992213,-0.07786814,-0.27779028,-0.27779028,24H
CAP_50,HOME/USDT,2026-08-06T08:00:00+00:00,2026-08-06T11:00:00+00:00,0.00933,0.01049,89.00000000,88.00000000,100.00000000,0.10000000,0.11243301,12.43301179,12.22057878,12.22057878,TAKE_PROFIT
CAP_50,HOME/USDT,2026-08-06T11:00:00+00:00,2026-08-06T15:00:00+00:00,0.01049,0.00972,95.00000000,92.00000000,100.00000000,0.10000000,0.09265968,-7.34032412,-7.53298379,-7.53298379,STOP_LOSS
CAP_50,PORTAL/USDT,2026-08-05T19:00:00+00:00,2026-08-06T16:00:00+00:00,0.01125,0.01264,95.00000000,100.00000000,100.00000000,0.10000000,0.11235556,12.35555556,12.14320000,12.14320000,TAKE_PROFIT
CAP_50,MSTRB/USDT,2026-08-05T19:00:00+00:00,2026-08-06T19:00:00+00:00,98.4,96.84,89.00000000,88.00000000,100.00000000,0.10000000,0.09841463,-1.58536585,-1.78378049,-1.78378049,24H
CAP_50,FDUSD/USDT,2026-08-06T01:00:00+00:00,2026-08-07T01:00:00+00:00,0.9982,0.9982,87.00000000,87.00000000,100.00000000,0.10000000,0.10000000,0.00000000,-0.20000000,-0.20000000,24H
CAP_50,BMT/USDT,2026-08-06T03:00:00+00:00,2026-08-07T03:00:00+00:00,0.01246,0.01269,93.00000000,98.00000000,100.00000000,0.10000000,0.10184591,1.84590690,1.64406100,1.64406100,24H
CAP_50,ONG/USDT,2026-08-06T05:00:00+00:00,2026-08-07T05:00:00+00:00,0.04253,0.04273,89.00000000,89.00000000,100.00000000,0.10000000,0.10047026,0.47025629,0.26978603,0.26978603,24H
CAP_50,ENA/USDT,2026-08-06T06:00:00+00:00,2026-08-07T06:00:00+00:00,0.0925,0.093,89.00000000,88.00000000,100.00000000,0.10000000,0.10054054,0.54054054,0.34000000,0.34000000,24H
CAP_50,TUT/USDT,2026-08-07T03:00:00+00:00,2026-08-07T06:00:00+00:00,0.02763,0.03044,95.00000000,100.00000000,100.00000000,0.10000000,0.11017010,10.17010496,9.95993485,9.95993485,TAKE_PROFIT
CAP_50,ACE/USDT,2026-08-07T06:00:00+00:00,2026-08-07T07:00:00+00:00,0.1362,0.1578,89.00000000,80.00000000,100.00000000,0.10000000,0.11585903,15.85903084,15.64317181,15.64317181,TAKE_PROFIT
CAP_50,GPS/USDT,2026-08-06T10:00:00+00:00,2026-08-07T10:00:00+00:00,0.0095,0.00956,90.00000000,95.00000000,100.00000000,0.10000000,0.10063158,0.63157895,0.43094737,0.43094737,24H
CAP_50,EDEN/USDT,2026-08-06T11:00:00+00:00,2026-08-07T11:00:00+00:00,0.0395,0.04135,89.00000000,89.00000000,100.00000000,0.10000000,0.10468354,4.68354430,4.47886076,4.47886076,24H
CAP_50,TUT/USDT,2026-08-07T07:00:00+00:00,2026-08-07T11:00:00+00:00,0.03089,0.03468,92.00000000,97.00000000,100.00000000,0.10000000,0.11226934,12.26934283,12.05707349,12.05707349,TAKE_PROFIT
CAP_50,CRCLB/USDT,2026-08-06T15:00:00+00:00,2026-08-07T15:00:00+00:00,65.41,66.78,95.00000000,100.00000000,100.00000000,0.10000000,0.10209448,2.09448097,1.89238649,1.89238649,24H
CAP_50,BICO/USDT,2026-08-07T11:00:00+00:00,2026-08-07T15:00:00+00:00,0.04798,0.05296,92.00000000,89.00000000,100.00000000,0.10000000,0.11037932,10.37932472,10.16894539,10.16894539,TAKE_PROFIT
CAP_50,ADA/USDT,2026-08-06T16:00:00+00:00,2026-08-07T16:00:00+00:00,0.2068,0.1993,90.00000000,100.00000000,100.00000000,0.10000000,0.09637331,-3.62669246,-3.82306576,-3.82306576,24H
CAP_50,PUMP/USDT,2026-08-06T19:00:00+00:00,2026-08-07T19:00:00+00:00,0.00238,0.002347,84.00000000,84.00000000,100.00000000,0.10000000,0.09861345,-1.38655462,-1.58516807,-1.58516807,24H
CAP_50,HEMI/USDT,2026-08-07T10:00:00+00:00,2026-08-07T21:00:00+00:00,0.00541,0.00512,92.00000000,97.00000000,100.00000000,0.10000000,0.09463956,-5.36044362,-5.55508318,-5.55508318,STOP_LOSS
CAP_50,OPN/USDT,2026-08-07T01:00:00+00:00,2026-08-08T01:00:00+00:00,0.0532,0.0521,81.00000000,80.00000000,100.00000000,0.10000000,0.09793233,-2.06766917,-2.26560150,-2.26560150,24H
CAP_50,BICO/USDT,2026-08-07T15:00:00+00:00,2026-08-08T03:00:00+00:00,0.05296,0.05893,89.00000000,80.00000000,100.00000000,0.10000000,0.11127266,11.27265861,11.06138595,11.06138595,TAKE_PROFIT
CAP_50,TUT/USDT,2026-08-07T19:00:00+00:00,2026-08-08T03:00:00+00:00,0.03734,0.04283,89.00000000,80.00000000,100.00000000,0.10000000,0.11470273,14.70273166,14.48802892,14.48802892,TAKE_PROFIT
CAP_50,RARE/USDT,2026-08-07T05:00:00+00:00,2026-08-08T05:00:00+00:00,0.0127,0.01232,90.00000000,100.00000000,100.00000000,0.10000000,0.09700787,-2.99212598,-3.18913386,-3.18913386,24H
CAP_50,PAXG/USDT,2026-08-07T06:00:00+00:00,2026-08-08T06:00:00+00:00,4291.5,4337.99,90.00000000,95.00000000,100.00000000,0.10000000,0.10108330,1.08330421,0.88222090,0.88222090,24H
CAP_50,BMT/USDT,2026-08-07T07:00:00+00:00,2026-08-08T07:00:00+00:00,0.01297,0.01277,92.00000000,97.00000000,100.00000000,0.10000000,0.09845798,-1.54202005,-1.74047803,-1.74047803,24H
CAP_50,MSTRB/USDT,2026-08-07T11:00:00+00:00,2026-08-08T11:00:00+00:00,98.72,101.15,93.00000000,98.00000000,100.00000000,0.10000000,0.10246151,2.46150729,2.25904579,2.25904579,24H
CAP_50,RE/USDT,2026-08-08T05:00:00+00:00,2026-08-08T11:00:00+00:00,0.4102,0.4529,89.00000000,89.00000000,100.00000000,0.10000000,0.11040956,10.40955631,10.19914676,10.19914676,TAKE_PROFIT
CAP_50,LTC/USDT,2026-08-07T15:00:00+00:00,2026-08-08T15:00:00+00:00,45.96,45.88,90.00000000,95.00000000,100.00000000,0.10000000,0.09982594,-0.17406440,-0.37389034,-0.37389034,24H
CAP_50,GPS/USDT,2026-08-07T16:00:00+00:00,2026-08-08T16:00:00+00:00,0.00987,0.00982,90.00000000,95.00000000,100.00000000,0.10000000,0.09949341,-0.50658561,-0.70607903,-0.70607903,24H
CAP_50,ACE/USDT,2026-08-08T15:00:00+00:00,2026-08-08T16:00:00+00:00,0.1407,0.1584,95.00000000,92.00000000,100.00000000,0.10000000,0.11257996,12.57995736,12.36737740,12.36737740,TAKE_PROFIT
CAP_50,BCH/USDT,2026-08-07T21:00:00+00:00,2026-08-08T21:00:00+00:00,215.8,216.4,81.00000000,80.00000000,100.00000000,0.10000000,0.10027804,0.27803522,0.07775718,0.07775718,24H
CAP_50,BICO/USDT,2026-08-08T03:00:00+00:00,2026-08-09T00:00:00+00:00,0.05893,0.06662,89.00000000,80.00000000,100.00000000,0.10000000,0.11304938,13.04938062,12.83633124,12.83633124,TAKE_PROFIT
CAP_50,ALPINE/USDT,2026-08-08T01:00:00+00:00,2026-08-09T01:00:00+00:00,0.321,0.334,87.00000000,87.00000000,100.00000000,0.10000000,0.10404984,4.04984424,3.84579439,3.84579439,24H
CAP_50,OPN/USDT,2026-08-08T03:00:00+00:00,2026-08-09T03:00:00+00:00,0.0536,0.0541,89.00000000,88.00000000,100.00000000,0.10000000,0.10093284,0.93283582,0.73190299,0.73190299,24H
CAP_50,MUBARAK/USDT,2026-08-08T11:00:00+00:00,2026-08-09T04:00:00+00:00,0.01469,0.01668,93.00000000,98.00000000,100.00000000,0.10000000,0.11354663,13.54663036,13.33308373,13.33308373,TAKE_PROFIT
CAP_50,TAO/USDT,2026-08-08T06:00:00+00:00,2026-08-09T06:00:00+00:00,197.4,205.4,90.00000000,95.00000000,100.00000000,0.10000000,0.10405268,4.05268490,3.84863222,3.84863222,24H
CAP_50,RARE/USDT,2026-08-08T07:00:00+00:00,2026-08-09T07:00:00+00:00,0.01242,0.01339,93.00000000,98.00000000,100.00000000,0.10000000,0.10780998,7.80998390,7.60217391,7.60217391,24H
CAP_50,BICO/USDT,2026-08-09T00:00:00+00:00,2026-08-09T08:00:00+00:00,0.06662,0.05181,92.00000000,89.00000000,100.00000000,0.10000000,0.07776944,-22.23056139,-22.40833083,-22.40833083,STOP_LOSS
CAP_50,BMT/USDT,2026-08-09T08:00:00+00:00,2026-08-09T09:00:00+00:00,0.01948,0.02397,90.00000000,92.00000000,100.00000000,0.10000000,0.12304928,23.04928131,22.82623203,22.82623203,TAKE_PROFIT
CAP_50,MUBARAK/USDT,2026-08-09T07:00:00+00:00,2026-08-09T10:00:00+00:00,0.0179,0.02001,95.00000000,92.00000000,100.00000000,0.10000000,0.11178771,11.78770950,11.57592179,11.57592179,TAKE_PROFIT
CAP_50,HEMI/USDT,2026-08-08T11:00:00+00:00,2026-08-09T11:00:00+00:00,0.00536,0.00553,92.00000000,97.00000000,100.00000000,0.10000000,0.10317164,3.17164179,2.96847015,2.96847015,24H
CAP_50,MUBARAK/USDT,2026-08-09T11:00:00+00:00,2026-08-09T12:00:00+00:00,0.01966,0.01844,89.00000000,80.00000000,100.00000000,0.10000000,0.09379451,-6.20549339,-6.39928789,-6.39928789,STOP_LOSS
CAP_50,BEL/USDT,2026-08-08T16:00:00+00:00,2026-08-09T16:00:00+00:00,0.1078,0.1117,90.00000000,95.00000000,100.00000000,0.10000000,0.10361781,3.61781076,3.41419295,3.41419295,24H
CAP_50,ONG/USDT,2026-08-08T16:00:00+00:00,2026-08-09T16:00:00+00:00,0.04311,0.04355,90.00000000,95.00000000,100.00000000,0.10000000,0.10102064,1.02064486,0.81962422,0.81962422,24H
CAP_50,PORTAL/USDT,2026-08-08T21:00:00+00:00,2026-08-09T21:00:00+00:00,0.01177,0.01148,90.00000000,100.00000000,100.00000000,0.10000000,0.09753611,-2.46389125,-2.66142736,-2.66142736,24H
CAP_50,PLUME/USDT,2026-08-09T01:00:00+00:00,2026-08-10T01:00:00+00:00,0.01205,0.01221,85.00000000,87.00000000,100.00000000,0.10000000,0.10132780,1.32780083,1.12647303,1.12647303,24H
CAP_50,TREE/USDT,2026-08-09T03:00:00+00:00,2026-08-10T03:00:00+00:00,0.0375,0.0375,90.00000000,95.00000000,100.00000000,0.10000000,0.10000000,0.00000000,-0.20000000,-0.20000000,24H
CAP_50,EURI/USDT,2026-08-09T04:00:00+00:00,2026-08-10T04:00:00+00:00,1.1559,1.1554,84.00000000,84.00000000,100.00000000,0.10000000,0.09995674,-0.04325634,-0.24321308,-0.24321308,24H
CAP_50,ALPINE/USDT,2026-08-09T06:00:00+00:00,2026-08-10T06:00:00+00:00,0.336,0.331,90.00000000,95.00000000,100.00000000,0.10000000,0.09851190,-1.48809524,-1.68660714,-1.68660714,24H
CAP_50,ZEC/USDT,2026-08-09T09:00:00+00:00,2026-08-10T09:00:00+00:00,521.11,504.51,95.00000000,100.00000000,100.00000000,0.10000000,0.09681449,-3.18550786,-3.38232235,-3.38232235,24H
CAP_50,HEMI/USDT,2026-08-09T21:00:00+00:00,2026-08-10T09:00:00+00:00,0.00562,0.00525,90.00000000,95.00000000,100.00000000,0.10000000,0.09341637,-6.58362989,-6.77704626,-6.77704626,STOP_LOSS
CAP_50,XAUT/USDT,2026-08-09T10:00:00+00:00,2026-08-10T10:00:00+00:00,4333.24,4316.43,87.00000000,87.00000000,100.00000000,0.10000000,0.09961207,-0.38793143,-0.58754350,-0.58754350,24H
CAP_50,SOXLB/USDT,2026-08-09T12:00:00+00:00,2026-08-10T12:00:00+00:00,142.46,140.05,87.00000000,87.00000000,100.00000000,0.10000000,0.09830830,-1.69170293,-1.89001123,-1.89001123,24H
CAP_50,HOME/USDT,2026-08-10T06:00:00+00:00,2026-08-10T15:00:00+00:00,0.00961,0.01189,92.00000000,97.00000000,100.00000000,0.10000000,0.12372529,23.72528616,23.50156087,23.50156087,TAKE_PROFIT
CAP_50,CRCLB/USDT,2026-08-09T16:00:00+00:00,2026-08-10T16:00:00+00:00,68.32,65.86,90.00000000,95.00000000,100.00000000,0.10000000,0.09639930,-3.60070258,-3.79710187,-3.79710187,24H
CAP_50,TRUMP/USDT,2026-08-09T16:00:00+00:00,2026-08-10T16:00:00+00:00,1.521,1.486,90.00000000,100.00000000,100.00000000,0.10000000,0.09769888,-2.30111769,-2.49881657,-2.49881657,24H
CAP_50,RE/USDT,2026-08-10T10:00:00+00:00,2026-08-10T20:00:00+00:00,0.4269,0.4044,89.00000000,89.00000000,100.00000000,0.10000000,0.09472944,-5.27055517,-5.46528461,-5.46528461,STOP_LOSS
CAP_50,ALLO/USDT,2026-08-10T16:00:00+00:00,2026-08-10T22:00:00+00:00,0.3267,0.3081,95.00000000,100.00000000,100.00000000,0.10000000,0.09430670,-5.69329660,-5.88760331,-5.88760331,STOP_LOSS
CAP_50,PLUME/USDT,2026-08-10T01:00:00+00:00,2026-08-11T01:00:00+00:00,0.01221,0.01225,93.00000000,98.00000000,100.00000000,0.10000000,0.10032760,0.32760033,0.12727273,0.12727273,24H
CAP_50,EDEN/USDT,2026-08-10T03:00:00+00:00,2026-08-11T03:00:00+00:00,0.04498,0.04385,89.00000000,88.00000000,100.00000000,0.10000000,0.09748777,-2.51222766,-2.70971543,-2.70971543,24H
CAP_50,TREE/USDT,2026-08-10T04:00:00+00:00,2026-08-11T04:00:00+00:00,0.0377,0.0364,90.00000000,95.00000000,100.00000000,0.10000000,0.09655172,-3.44827586,-3.64482759,-3.64482759,24H
CAP_50,SPCXB/USDT,2026-08-10T09:00:00+00:00,2026-08-11T09:00:00+00:00,136.24,136.9,93.00000000,98.00000000,100.00000000,0.10000000,0.10048444,0.48443922,0.28395479,0.28395479,24H
CAP_50,WLD/USDT,2026-08-10T09:00:00+00:00,2026-08-11T09:00:00+00:00,0.343,0.3358,90.00000000,95.00000000,100.00000000,0.10000000,0.09790087,-2.09912536,-2.29702624,-2.29702624,24H
CAP_50,RARE/USDT,2026-08-10T20:00:00+00:00,2026-08-11T09:00:00+00:00,0.01368,0.01212,87.00000000,86.00000000,100.00000000,0.10000000,0.08859649,-11.40350877,-11.59210526,-11.59210526,STOP_LOSS
CAP_50,POL/USDT,2026-08-10T12:00:00+00:00,2026-08-11T12:00:00+00:00,0.07806,0.07553,83.00000000,75.00000000,100.00000000,0.10000000,0.09675890,-3.24109659,-3.43785550,-3.43785550,24H
CAP_50,PORTAL/USDT,2026-08-10T15:00:00+00:00,2026-08-11T14:00:00+00:00,0.01185,0.01116,95.00000000,100.00000000,100.00000000,0.10000000,0.09417722,-5.82278481,-6.01696203,-6.01696203,STOP_LOSS
CAP_50,PAXG/USDT,2026-08-10T16:00:00+00:00,2026-08-11T16:00:00+00:00,4348.17,4380.62,87.00000000,87.00000000,100.00000000,0.10000000,0.10074629,0.74629097,0.54554468,0.54554468,24H
CAP_50,GIGGLE/USDT,2026-08-11T12:00:00+00:00,2026-08-11T20:00:00+00:00,35.3,38.86,92.00000000,97.00000000,100.00000000,0.10000000,0.11008499,10.08498584,9.87490085,9.87490085,TAKE_PROFIT
CAP_50,PUMP/USDT,2026-08-10T22:00:00+00:00,2026-08-11T22:00:00+00:00,0.002809,0.002705,87.00000000,86.00000000,100.00000000,0.10000000,0.09629761,-3.70238519,-3.89868281,-3.89868281,24H
CAP_50,LINK/USDT,2026-08-11T01:00:00+00:00,2026-08-12T01:00:00+00:00,8.428,8.787,93.00000000,98.00000000,100.00000000,0.10000000,0.10425961,4.25961082,4.05535121,4.05535121,24H
CAP_50,TRUMP/USDT,2026-08-11T03:00:00+00:00,2026-08-12T03:00:00+00:00,1.518,1.49,95.00000000,100.00000000,100.00000000,0.10000000,0.09815547,-1.84453228,-2.04268775,-2.04268775,24H
CAP_50,ENA/USDT,2026-08-11T04:00:00+00:00,2026-08-12T04:00:00+00:00,0.0903,0.0898,90.00000000,95.00000000,100.00000000,0.10000000,0.09944629,-0.55370986,-0.75315615,-0.75315615,24H
CAP_50,BNB/USDT,2026-08-11T09:00:00+00:00,2026-08-12T09:00:00+00:00,607.19,613.7,87.00000000,86.00000000,100.00000000,0.10000000,0.10107215,1.07215204,0.87107989,0.87107989,24H
CAP_50,DOGE/USDT,2026-08-11T09:00:00+00:00,2026-08-12T09:00:00+00:00,0.07059,0.07204,84.00000000,84.00000000,100.00000000,0.10000000,0.10205412,2.05411531,1.85206120,1.85206120,24H
CAP_50,EDEN/USDT,2026-08-11T09:00:00+00:00,2026-08-12T09:00:00+00:00,0.04421,0.04442,84.00000000,83.00000000,100.00000000,0.10000000,0.10047501,0.47500565,0.27453065,0.27453065,24H
CAP_50,KORUB/USDT,2026-08-11T14:00:00+00:00,2026-08-12T12:00:00+00:00,17.95,19.83,89.00000000,88.00000000,100.00000000,0.10000000,0.11047354,10.47353760,10.26306407,10.26306407,TAKE_PROFIT
CAP_50,CRCLB/USDT,2026-08-11T16:00:00+00:00,2026-08-12T16:00:00+00:00,71.09,70.03,84.00000000,88.00000000,100.00000000,0.10000000,0.09850893,-1.49106766,-1.68957659,-1.68957659,24H
CAP_50,SOL/USDT,2026-08-11T20:00:00+00:00,2026-08-12T20:00:00+00:00,76.05,75.93,80.00000000,82.00000000,100.00000000,0.10000000,0.09984221,-0.15779093,-0.35763314,-0.35763314,24H
CAP_50,HOME/USDT,2026-08-11T22:00:00+00:00,2026-08-12T22:00:00+00:00,0.00922,0.00935,82.00000000,84.00000000,100.00000000,0.10000000,0.10140998,1.40997831,1.20856833,1.20856833,24H
CAP_50,WLD/USDT,2026-08-12T01:00:00+00:00,2026-08-13T01:00:00+00:00,0.3406,0.3298,90.00000000,95.00000000,100.00000000,0.10000000,0.09682913,-3.17087493,-3.36770405,-3.36770405,24H
CAP_50,RE/USDT,2026-08-12T03:00:00+00:00,2026-08-13T03:00:00+00:00,0.435,0.4353,89.00000000,88.00000000,100.00000000,0.10000000,0.10006897,0.06896552,-0.13110345,-0.13110345,24H
CAP_50,GRAM/USDT,2026-08-12T04:00:00+00:00,2026-08-13T04:00:00+00:00,1.361,1.338,81.00000000,80.00000000,100.00000000,0.10000000,0.09831007,-1.68993387,-1.88824394,-1.88824394,24H
CAP_50,HOME/USDT,2026-08-12T22:00:00+00:00,2026-08-13T06:00:00+00:00,0.00935,0.01036,79.00000000,75.00000000,100.00000000,0.10000000,0.11080214,10.80213904,10.59133690,10.59133690,TAKE_PROFIT
CAP_50,GPS/USDT,2026-08-12T09:00:00+00:00,2026-08-13T09:00:00+00:00,0.00981,0.01014,90.00000000,100.00000000,100.00000000,0.10000000,0.10336391,3.36391437,3.16055046,3.16055046,24H
CAP_50,PAXG/USDT,2026-08-12T09:00:00+00:00,2026-08-13T09:00:00+00:00,4413.47,4383.36,84.00000000,83.00000000,100.00000000,0.10000000,0.09931777,-0.68222963,-0.88154740,-0.88154740,24H
CAP_50,SOXLB/USDT,2026-08-12T09:00:00+00:00,2026-08-13T09:00:00+00:00,140.47,142.68,84.00000000,88.00000000,100.00000000,0.10000000,0.10157329,1.57328967,1.37171638,1.37171638,24H
CAP_50,LINK/USDT,2026-08-12T12:00:00+00:00,2026-08-13T12:00:00+00:00,8.849,8.782,93.00000000,98.00000000,100.00000000,0.10000000,0.09924285,-0.75714770,-0.95639055,-0.95639055,24H
CAP_50,EDEN/USDT,2026-08-12T16:00:00+00:00,2026-08-13T15:00:00+00:00,0.04516,0.04974,93.00000000,98.00000000,100.00000000,0.10000000,0.11014172,10.14171833,9.93157662,9.93157662,TAKE_PROFIT
CAP_50,SNDKB/USDT,2026-08-13T12:00:00+00:00,2026-08-13T15:00:00+00:00,1353.63,1532.99,90.00000000,95.00000000,100.00000000,0.10000000,0.11325030,13.25029735,13.03704705,13.03704705,TAKE_PROFIT
CAP_50,EDEN/USDT,2026-08-13T15:00:00+00:00,2026-08-13T18:00:00+00:00,0.04974,0.05933,90.00000000,100.00000000,100.00000000,0.10000000,0.11928026,19.28025734,19.06097708,19.06097708,TAKE_PROFIT
CAP_50,CRCLB/USDT,2026-08-12T20:00:00+00:00,2026-08-13T20:00:00+00:00,70.98,75.27,78.00000000,65.00000000,100.00000000,0.10000000,0.10604396,6.04395604,5.83791209,5.83791209,24H
CAP_50,RLUSD/USDT,2026-08-13T01:00:00+00:00,2026-08-14T01:00:00+00:00,1.0011,1.001,87.00000000,87.00000000,100.00000000,0.10000000,0.09999001,-0.00998901,-0.20997902,-0.20997902,24H
CAP_50,AVAX/USDT,2026-08-13T03:00:00+00:00,2026-08-14T03:00:00+00:00,6.512,6.417,79.00000000,76.00000000,100.00000000,0.10000000,0.09854115,-1.45884521,-1.65738636,-1.65738636,24H
CAP_50,PUMP/USDT,2026-08-13T04:00:00+00:00,2026-08-14T04:00:00+00:00,0.002772,0.002918,82.00000000,82.00000000,100.00000000,0.10000000,0.10526696,5.26695527,5.06168831,5.06168831,24H
CAP_50,HOME/USDT,2026-08-13T06:00:00+00:00,2026-08-14T06:00:00+00:00,0.01036,0.0114,90.00000000,100.00000000,100.00000000,0.10000000,0.11003861,10.03861004,9.82857143,9.82857143,TAKE_PROFIT
CAP_50,ACE/USDT,2026-08-14T03:00:00+00:00,2026-08-14T07:00:00+00:00,0.1316,0.1493,87.00000000,92.00000000,100.00000000,0.10000000,0.11344985,13.44984802,13.23639818,13.23639818,TAKE_PROFIT
CAP_50,RE/USDT,2026-08-13T09:00:00+00:00,2026-08-14T09:00:00+00:00,0.4494,0.4391,95.00000000,100.00000000,100.00000000,0.10000000,0.09770806,-2.29194482,-2.48965287,-2.48965287,24H
CAP_50,WLD/USDT,2026-08-13T09:00:00+00:00,2026-08-14T09:00:00+00:00,0.3466,0.3357,95.00000000,100.00000000,100.00000000,0.10000000,0.09685516,-3.14483555,-3.34169071,-3.34169071,24H
CAP_50,XUSD/USDT,2026-08-13T09:00:00+00:00,2026-08-14T09:00:00+00:00,1.001,1.0012,87.00000000,87.00000000,100.00000000,0.10000000,0.10001998,0.01998002,-0.18003996,-0.18003996,24H
CAP_50,DEXE/USDT,2026-08-13T18:00:00+00:00,2026-08-14T09:00:00+00:00,2.06,1.937,79.00000000,76.00000000,100.00000000,0.10000000,0.09402913,-5.97087379,-6.16490291,-6.16490291,STOP_LOSS
CAP_50,SOXLB/USDT,2026-08-13T15:00:00+00:00,2026-08-14T15:00:00+00:00,149.63,140.58,89.00000000,88.00000000,100.00000000,0.10000000,0.09395175,-6.04825236,-6.24220410,-6.24220410,STOP_LOSS
CAP_50,HEI/USDT,2026-08-14T15:00:00+00:00,2026-08-14T18:00:00+00:00,0.1446,0.1335,89.00000000,81.00000000,100.00000000,0.10000000,0.09232365,-7.67634855,-7.86867220,-7.86867220,STOP_LOSS
CAP_50,TAO/USDT,2026-08-13T20:00:00+00:00,2026-08-14T20:00:00+00:00,202.9,197.8,87.00000000,86.00000000,100.00000000,0.10000000,0.09748645,-2.51355347,-2.71103992,-2.71103992,24H
CAP_50,EDEN/USDT,2026-08-14T18:00:00+00:00,2026-08-15T00:00:00+00:00,0.06159,0.05846,84.00000000,76.00000000,100.00000000,0.10000000,0.09491801,-5.08199383,-5.27691184,-5.27691184,STOP_LOSS
CAP_50,RED/USDT,2026-08-14T01:00:00+00:00,2026-08-15T01:00:00+00:00,0.0891,0.0873,84.00000000,89.00000000,100.00000000,0.10000000,0.09797980,-2.02020202,-2.21818182,-2.21818182,24H
CAP_50,LINK/USDT,2026-08-14T09:00:00+00:00,2026-08-15T02:00:00+00:00,8.82,9.725,84.00000000,84.00000000,100.00000000,0.10000000,0.11026077,10.26077098,10.05051020,10.05051020,TAKE_PROFIT
CAP_50,PUMP/USDT,2026-08-14T04:00:00+00:00,2026-08-15T03:00:00+00:00,0.002918,0.00274,87.00000000,86.00000000,100.00000000,0.10000000,0.09389993,-6.10006854,-6.29396847,-6.29396847,STOP_LOSS
CAP_50,KORUB/USDT,2026-08-14T06:00:00+00:00,2026-08-15T06:00:00+00:00,21.69,21.63,92.00000000,97.00000000,100.00000000,0.10000000,0.09972337,-0.27662517,-0.47634855,-0.47634855,24H
CAP_50,WLFI/USDT,2026-08-14T07:00:00+00:00,2026-08-15T07:00:00+00:00,0.0555,0.0566,93.00000000,98.00000000,100.00000000,0.10000000,0.10198198,1.98198198,1.78000000,1.78000000,24H
CAP_50,RLUSD/USDT,2026-08-14T09:00:00+00:00,2026-08-15T09:00:00+00:00,1.0011,1.0013,87.00000000,87.00000000,100.00000000,0.10000000,0.10001998,0.01997802,-0.18004195,-0.18004195,24H
CAP_50,U/USDT,2026-08-14T09:00:00+00:00,2026-08-15T09:00:00+00:00,1.0005,1.0005,87.00000000,87.00000000,100.00000000,0.10000000,0.10000000,0.00000000,-0.20000000,-0.20000000,24H
CAP_50,USDE/USDT,2026-08-14T09:00:00+00:00,2026-08-15T09:00:00+00:00,1.0008,1.001,87.00000000,87.00000000,100.00000000,0.10000000,0.10001998,0.01998401,-0.18003597,-0.18003597,24H
CAP_50,ACE/USDT,2026-08-15T06:00:00+00:00,2026-08-15T09:00:00+00:00,0.2734,0.2131,89.00000000,80.00000000,100.00000000,0.10000000,0.07794440,-22.05559620,-22.23354060,-22.23354060,STOP_LOSS
CAP_50,PLUME/USDT,2026-08-15T01:00:00+00:00,2026-08-15T10:00:00+00:00,0.0127,0.0141,89.00000000,88.00000000,100.00000000,0.10000000,0.11102362,11.02362205,10.81259843,10.81259843,TAKE_PROFIT
CAP_50,HEMI/USDT,2026-08-15T09:00:00+00:00,2026-08-15T14:00:00+00:00,0.00533,0.00661,89.00000000,89.00000000,100.00000000,0.10000000,0.12401501,24.01500938,23.79099437,23.79099437,TAKE_PROFIT
CAP_50,CHIP/USDT,2026-08-15T03:00:00+00:00,2026-08-15T19:00:00+00:00,0.02362,0.02681,89.00000000,89.00000000,100.00000000,0.10000000,0.11350550,13.50550381,13.29199831,13.29199831,TAKE_PROFIT
CAP_50,ONG/USDT,2026-08-14T20:00:00+00:00,2026-08-15T20:00:00+00:00,0.04511,0.0488,80.00000000,72.00000000,100.00000000,0.10000000,0.10818000,8.18000443,7.97182443,7.97182443,24H
CAP_50,RE/USDT,2026-08-15T00:00:00+00:00,2026-08-16T00:00:00+00:00,0.4576,0.4645,92.00000000,97.00000000,100.00000000,0.10000000,0.10150787,1.50786713,1.30635927,1.30635927,24H
CAP_50,XPL/USDT,2026-08-15T02:00:00+00:00,2026-08-16T02:00:00+00:00,0.07735,0.07672,89.00000000,89.00000000,100.00000000,0.10000000,0.09918552,-0.81447964,-1.01366516,-1.01366516,24H
CAP_50,HEMI/USDT,2026-08-15T14:00:00+00:00,2026-08-16T02:00:00+00:00,0.00661,0.00742,90.00000000,92.00000000,100.00000000,0.10000000,0.11225416,12.25416036,12.04190620,12.04190620,TAKE_PROFIT
CAP_50,GPS/USDT,2026-08-15T07:00:00+00:00,2026-08-16T07:00:00+00:00,0.01054,0.01114,83.00000000,75.00000000,100.00000000,0.10000000,0.10569260,5.69259962,5.48690702,5.48690702,24H
CAP_50,U/USDT,2026-08-15T09:00:00+00:00,2026-08-16T09:00:00+00:00,1.0005,1.0004,84.00000000,84.00000000,100.00000000,0.10000000,0.09999000,-0.00999500,-0.20998501,-0.20998501,24H
CAP_50,BNB/USDT,2026-08-15T09:00:00+00:00,2026-08-16T09:00:00+00:00,611.88,607.33,81.00000000,80.00000000,100.00000000,0.10000000,0.09925639,-0.74360986,-0.94286625,-0.94286625,24H
CAP_50,EUR/USDT,2026-08-15T09:00:00+00:00,2026-08-16T09:00:00+00:00,1.1577,1.1575,81.00000000,80.00000000,100.00000000,0.10000000,0.09998272,-0.01727563,-0.21725836,-0.21725836,24H
CAP_50,OPN/USDT,2026-08-15T10:00:00+00:00,2026-08-16T10:00:00+00:00,0.0498,0.0532,84.00000000,89.00000000,100.00000000,0.10000000,0.10682731,6.82730924,6.62048193,6.62048193,24H
CAP_50,GPS/USDT,2026-08-16T07:00:00+00:00,2026-08-16T11:00:00+00:00,0.01114,0.0105,95.00000000,100.00000000,100.00000000,0.10000000,0.09425494,-5.74506284,-5.93931777,-5.93931777,STOP_LOSS
CAP_50,PORTAL/USDT,2026-08-16T11:00:00+00:00,2026-08-16T12:00:00+00:00,0.01226,0.016,90.00000000,100.00000000,100.00000000,0.10000000,0.13050571,30.50570962,30.27520392,30.27520392,TAKE_PROFIT
CAP_50,BEL/USDT,2026-08-16T09:00:00+00:00,2026-08-16T18:00:00+00:00,0.1072,0.1222,93.00000000,98.00000000,100.00000000,0.10000000,0.11399254,13.99253731,13.77854478,13.77854478,TAKE_PROFIT
CAP_50,SKHYB/USDT,2026-08-15T19:00:00+00:00,2026-08-16T19:00:00+00:00,167.66,167.91,87.00000000,87.00000000,100.00000000,0.10000000,0.10014911,0.14911130,-0.05103781,-0.05103781,24H
CAP_50,ALPINE/USDT,2026-08-15T20:00:00+00:00,2026-08-16T20:00:00+00:00,0.32,0.317,89.00000000,89.00000000,100.00000000,0.10000000,0.09906250,-0.93750000,-1.13656250,-1.13656250,24H
CAP_50,XPL/USDT,2026-08-16T09:00:00+00:00,2026-08-16T21:00:00+00:00,0.07827,0.07432,93.00000000,98.00000000,100.00000000,0.10000000,0.09495337,-5.04663345,-5.24158681,-5.24158681,STOP_LOSS
CAP_50,PORTAL/USDT,2026-08-16T18:00:00+00:00,2026-08-16T22:00:00+00:00,0.01674,0.01866,90.00000000,92.00000000,100.00000000,0.10000000,0.11146953,11.46953405,11.25806452,11.25806452,TAKE_PROFIT
CAP_50,WLFI/USDT,2026-08-16T00:00:00+00:00,2026-08-17T00:00:00+00:00,0.0578,0.0598,92.00000000,97.00000000,100.00000000,0.10000000,0.10346021,3.46020761,3.25674740,3.25674740,24H
CAP_50,ONG/USDT,2026-08-16T02:00:00+00:00,2026-08-17T01:00:00+00:00,0.051,0.06082,90.00000000,87.00000000,100.00000000,0.10000000,0.11925490,19.25490196,19.03564706,19.03564706,TAKE_PROFIT
CAP_50,SNXXB/USDT,2026-08-16T02:00:00+00:00,2026-08-17T02:00:00+00:00,16.54,17.69,88.00000000,93.00000000,100.00000000,0.10000000,0.10695284,6.95284160,6.74588875,6.74588875,24H
CAP_50,GPS/USDT,2026-08-17T01:00:00+00:00,2026-08-17T03:00:00+00:00,0.01195,0.01394,95.00000000,100.00000000,100.00000000,0.10000000,0.11665272,16.65271967,16.43606695,16.43606695,TAKE_PROFIT
CAP_50,CHIP/USDT,2026-08-16T09:00:00+00:00,2026-08-17T07:00:00+00:00,0.02897,0.03253,92.00000000,97.00000000,100.00000000,0.10000000,0.11228857,12.28857439,12.07628581,12.07628581,TAKE_PROFIT
CAP_50,CHIP/USDT,2026-08-17T07:00:00+00:00,2026-08-17T08:00:00+00:00,0.03253,0.02993,90.00000000,100.00000000,100.00000000,0.10000000,0.09200738,-7.99262219,-8.18462957,-8.18462957,STOP_LOSS
CAP_50,PLUME/USDT,2026-08-16T10:00:00+00:00,2026-08-17T10:00:00+00:00,0.01311,0.01258,87.00000000,86.00000000,100.00000000,0.10000000,0.09595728,-4.04271548,-4.23867277,-4.23867277,24H
CAP_50,RLUSD/USDT,2026-08-16T12:00:00+00:00,2026-08-17T12:00:00+00:00,1.0012,1.0012,84.00000000,84.00000000,100.00000000,0.10000000,0.10000000,0.00000000,-0.20000000,-0.20000000,24H
CAP_50,KORUB/USDT,2026-08-17T02:00:00+00:00,2026-08-17T14:00:00+00:00,22.24,25.04,93.00000000,98.00000000,100.00000000,0.10000000,0.11258993,12.58992806,12.37733813,12.37733813,TAKE_PROFIT
CAP_50,ONG/USDT,2026-08-17T03:00:00+00:00,2026-08-17T14:00:00+00:00,0.05908,0.05489,89.00000000,88.00000000,100.00000000,0.10000000,0.09290792,-7.09207854,-7.28498646,-7.28498646,STOP_LOSS
CAP_50,CHIP/USDT,2026-08-17T08:00:00+00:00,2026-08-17T18:00:00+00:00,0.02993,0.02814,95.00000000,100.00000000,100.00000000,0.10000000,0.09401938,-5.98062145,-6.17464083,-6.17464083,STOP_LOSS
CAP_50,EUR/USDT,2026-08-16T19:00:00+00:00,2026-08-17T19:00:00+00:00,1.1577,1.1588,87.00000000,87.00000000,100.00000000,0.10000000,0.10009502,0.09501598,-0.10507904,-0.10507904,24H
CAP_50,BEL/USDT,2026-08-16T20:00:00+00:00,2026-08-17T20:00:00+00:00,0.1115,0.1082,87.00000000,87.00000000,100.00000000,0.10000000,0.09704036,-2.95964126,-3.15668161,-3.15668161,24H
CAP_50,RARE/USDT,2026-08-16T21:00:00+00:00,2026-08-17T21:00:00+00:00,0.01217,0.01231,87.00000000,87.00000000,100.00000000,0.10000000,0.10115037,1.15036976,0.94921939,0.94921939,24H
CAP_50,MUBARAK/USDT,2026-08-17T00:00:00+00:00,2026-08-17T21:00:00+00:00,0.0175,0.01661,92.00000000,97.00000000,100.00000000,0.10000000,0.09491429,-5.08571429,-5.28062857,-5.28062857,STOP_LOSS
CAP_50,EURI/USDT,2026-08-16T22:00:00+00:00,2026-08-17T22:00:00+00:00,1.1579,1.1588,76.00000000,71.00000000,100.00000000,0.10000000,0.10007773,0.07772692,-0.12235081,-0.12235081,24H
CAP_50,SNXXB/USDT,2026-08-17T22:00:00+00:00,2026-08-18T01:00:00+00:00,19.6,18.22,89.00000000,88.00000000,100.00000000,0.10000000,0.09295918,-7.04081633,-7.23377551,-7.23377551,STOP_LOSS
CAP_50,GPS/USDT,2026-08-17T12:00:00+00:00,2026-08-18T05:00:00+00:00,0.01554,0.0172,92.00000000,89.00000000,100.00000000,0.10000000,0.11068211,10.68211068,10.47142857,10.47142857,TAKE_PROFIT
CAP_50,BMT/USDT,2026-08-17T18:00:00+00:00,2026-08-18T05:00:00+00:00,0.01605,0.01519,89.00000000,89.00000000,100.00000000,0.10000000,0.09464174,-5.35825545,-5.55289720,-5.55289720,STOP_LOSS
CAP_50,EDEN/USDT,2026-08-18T05:00:00+00:00,2026-08-18T07:00:00+00:00,0.05105,0.05792,92.00000000,97.00000000,100.00000000,0.10000000,0.11345739,13.45739471,13.24393732,13.24393732,TAKE_PROFIT
CAP_50,OPN/USDT,2026-08-17T20:00:00+00:00,2026-08-18T09:00:00+00:00,0.0527,0.0587,84.00000000,84.00000000,100.00000000,0.10000000,0.11138520,11.38519924,11.17381404,11.17381404,TAKE_PROFIT
CAP_50,USDC/USDT,2026-08-17T10:00:00+00:00,2026-08-18T10:00:00+00:00,1.00097,1.00088,87.00000000,87.00000000,100.00000000,0.10000000,0.09999101,-0.00899128,-0.20898229,-0.20898229,24H
CAP_50,ACE/USDT,2026-08-18T07:00:00+00:00,2026-08-18T12:00:00+00:00,0.191,0.2162,95.00000000,92.00000000,100.00000000,0.10000000,0.11319372,13.19371728,12.98052356,12.98052356,TAKE_PROFIT
CAP_50,ACE/USDT,2026-08-18T12:00:00+00:00,2026-08-18T12:30:12.661268+00:00,0.2162,0.1913,95.00000000,92.00000000,100.00000000,0.10000000,0.08848289,-11.51711378,-11.70559667,-11.70559667,STOP_LOSS
CAP_50,ACE/USDT,2026-08-18T12:30:12.661268+00:00,2026-08-18T13:00:00+00:00,0.1913,0.2238,76.00000000,83.00000000,100.00000000,0.10000000,0.11698902,16.98902248,16.77203346,16.77203346,TAKE_PROFIT
CAP_50,HEMI/USDT,2026-08-17T14:00:00+00:00,2026-08-18T14:00:00+00:00,0.00692,0.00646,95.00000000,100.00000000,100.00000000,0.10000000,0.09335260,-6.64739884,-6.84075145,-6.84075145,STOP_LOSS
CAP_50,CRCLB/USDT,2026-08-17T14:00:00+00:00,2026-08-18T14:00:00+00:00,74.31,72.15,90.00000000,100.00000000,100.00000000,0.10000000,0.09709326,-2.90674203,-3.10383528,-3.10383528,24H
CAP_50,ONG/USDT,2026-08-18T01:00:00+00:00,2026-08-18T18:00:00+00:00,0.05805,0.05479,95.00000000,100.00000000,100.00000000,0.10000000,0.09438415,-5.61584841,-5.81023256,-5.81023256,STOP_LOSS
CAP_50,POL/USDT,2026-08-17T19:00:00+00:00,2026-08-18T19:00:00+00:00,0.08002,0.08209,92.00000000,97.00000000,100.00000000,0.10000000,0.10258685,2.58685329,2.38426643,2.38426643,24H
CAP_50,AAVE/USDT,2026-08-17T21:00:00+00:00,2026-08-18T21:00:00+00:00,89.04,88.29,79.00000000,79.00000000,100.00000000,0.10000000,0.09915768,-0.84231806,-1.04147574,-1.04147574,24H
CAP_50,ALLO/USDT,2026-08-17T21:00:00+00:00,2026-08-18T21:00:00+00:00,0.2909,0.2978,78.00000000,73.00000000,100.00000000,0.10000000,0.10237195,2.37194912,2.16957717,2.16957717,24H
CAP_50,GPS/USDT,2026-08-18T10:00:00+00:00,2026-08-19T01:00:00+00:00,0.01728,0.0146,89.00000000,80.00000000,100.00000000,0.10000000,0.08449074,-15.50925926,-15.69375000,-15.69375000,STOP_LOSS
CAP_50,BTC/USDT,2026-08-18T05:00:00+00:00,2026-08-19T05:00:00+00:00,64242.76,64236.01,81.00000000,81.00000000,100.00000000,0.10000000,0.09998949,-0.01050702,-0.21049651,-0.21049651,24H
CAP_50,HEMI/USDT,2026-08-18T21:00:00+00:00,2026-08-19T05:00:00+00:00,0.00692,0.00832,84.00000000,84.00000000,100.00000000,0.10000000,0.12023121,20.23121387,20.01098266,20.01098266,TAKE_PROFIT
CAP_50,ARB/USDT,2026-08-18T09:00:00+00:00,2026-08-19T09:00:00+00:00,0.0755,0.077,87.00000000,87.00000000,100.00000000,0.10000000,0.10198675,1.98675497,1.78476821,1.78476821,24H
CAP_50,MUBARAK/USDT,2026-08-19T01:00:00+00:00,2026-08-19T09:00:00+00:00,0.0173,0.01908,80.00000000,72.00000000,100.00000000,0.10000000,0.11028902,10.28901734,10.07872832,10.07872832,TAKE_PROFIT
CAP_50,ONG/USDT,2026-08-18T21:00:00+00:00,2026-08-19T10:00:00+00:00,0.05776,0.06418,84.00000000,84.00000000,100.00000000,0.10000000,0.11111496,11.11495845,10.90384349,10.90384349,TAKE_PROFIT
CAP_50,ACE/USDT,2026-08-18T13:00:00+00:00,2026-08-19T12:00:00+00:00,0.2238,0.2061,90.00000000,92.00000000,100.00000000,0.10000000,0.09209115,-7.90884718,-8.10093834,-8.10093834,STOP_LOSS
CAP_50,SOL/USDT,2026-08-18T14:00:00+00:00,2026-08-19T14:00:00+00:00,76.8,80.89,93.00000000,98.00000000,100.00000000,0.10000000,0.10532552,5.32552083,5.12019531,5.12019531,24H
CAP_50,ETH/USDT,2026-08-18T14:00:00+00:00,2026-08-19T14:00:00+00:00,1911.02,1970.6,90.00000000,95.00000000,100.00000000,0.10000000,0.10311771,3.11770677,2.91458907,2.91458907,24H
CAP_50,TREE/USDT,2026-08-19T12:00:00+00:00,2026-08-19T14:00:00+00:00,0.0343,0.0406,95.00000000,100.00000000,100.00000000,0.10000000,0.11836735,18.36734694,18.14897959,18.14897959,TAKE_PROFIT
CAP_50,RE/USDT,2026-08-19T09:00:00+00:00,2026-08-19T15:00:00+00:00,0.4022,0.4585,79.00000000,76.00000000,100.00000000,0.10000000,0.11399801,13.99801094,13.78401293,13.78401293,TAKE_PROFIT
CAP_50,EDEN/USDT,2026-08-19T14:00:00+00:00,2026-08-19T15:00:00+00:00,0.05968,0.05515,95.00000000,100.00000000,100.00000000,0.10000000,0.09240952,-7.59048257,-7.78289209,-7.78289209,STOP_LOSS
CAP_50,PUMP/USDT,2026-08-18T19:00:00+00:00,2026-08-19T16:00:00+00:00,0.00285,0.003162,82.00000000,82.00000000,100.00000000,0.10000000,0.11094737,10.94736842,10.73642105,10.73642105,TAKE_PROFIT
CAP_50,LINK/USDT,2026-08-18T18:00:00+00:00,2026-08-19T18:00:00+00:00,9.516,9.991,79.00000000,74.00000000,100.00000000,0.10000000,0.10499159,4.99159311,4.78660151,4.78660151,24H
CAP_50,ARB/USDT,2026-08-19T09:00:00+00:00,2026-08-19T20:00:00+00:00,0.077,0.0847,84.00000000,84.00000000,100.00000000,0.10000000,0.11000000,10.00000000,9.79000000,9.79000000,TAKE_PROFIT
CAP_50,UNI/USDT,2026-08-19T05:00:00+00:00,2026-08-19T21:00:00+00:00,3.327,3.712,70.00000000,65.00000000,100.00000000,0.10000000,0.11157199,11.57198677,11.36041479,11.36041479,TAKE_PROFIT
CAP_50,ONG/USDT,2026-08-19T21:00:00+00:00,2026-08-20T20:00:00+00:00,0.06122,0.17155,80.00000000,72.00000000,100.00000000,0.10000000,0.28021888,180.21888272,50.00000000,50.00000000,TAKE_PROFIT
CAP_50,TAO/USDT,2026-08-20T23:00:00+00:00,2026-08-21T23:00:00+00:00,214.9,229.9,72.00000000,67.00000000,100.00000000,0.10000000,0.10697999,6.97999069,6.77301070,6.77301070,24H
REMOVE_SYMBOL_TOP5,DEXE/USDT,2026-07-18T13:00:00+00:00,2026-07-19T06:00:00+00:00,36.519,34.466,75.00000000,70.00000000,100.00000000,0.10000000,0.09437827,-5.62173115,-5.81610942,-5.81610942,STOP_LOSS
REMOVE_SYMBOL_TOP5,CHIP/USDT,2026-07-18T13:00:00+00:00,2026-07-19T13:00:00+00:00,0.03159,0.03049,75.00000000,70.00000000,100.00000000,0.10000000,0.09651789,-3.48211459,-3.67863248,-3.67863248,24H
REMOVE_SYMBOL_TOP5,ALLO/USDT,2026-07-18T14:00:00+00:00,2026-07-19T14:00:00+00:00,0.4592,0.4639,72.00000000,67.00000000,100.00000000,0.10000000,0.10102352,1.02351916,0.82249564,0.82249564,24H
REMOVE_SYMBOL_TOP5,ZEC/USDT,2026-07-18T16:00:00+00:00,2026-07-19T16:00:00+00:00,556.73,551.43,70.00000000,65.00000000,100.00000000,0.10000000,0.09904801,-0.95198750,-1.15103551,-1.15103551,24H
REMOVE_SYMBOL_TOP5,ETH/USDT,2026-07-18T18:00:00+00:00,2026-07-19T18:00:00+00:00,1857.54,1861.12,70.00000000,65.00000000,100.00000000,0.10000000,0.10019273,0.19272802,-0.00746471,-0.00746471,24H
REMOVE_SYMBOL_TOP5,TAO/USDT,2026-07-18T19:00:00+00:00,2026-07-19T19:00:00+00:00,195.9,197.1,70.00000000,65.00000000,100.00000000,0.10000000,0.10061256,0.61255743,0.41194487,0.41194487,24H
REMOVE_SYMBOL_TOP5,CRCLB/USDT,2026-07-19T01:00:00+00:00,2026-07-20T01:00:00+00:00,61.4,60.65,73.00000000,68.00000000,100.00000000,0.10000000,0.09877850,-1.22149837,-1.42027687,-1.42027687,24H
REMOVE_SYMBOL_TOP5,OPN/USDT,2026-07-19T02:00:00+00:00,2026-07-20T02:00:00+00:00,0.0637,0.0616,70.00000000,65.00000000,100.00000000,0.10000000,0.09670330,-3.29670330,-3.49340659,-3.49340659,24H
REMOVE_SYMBOL_TOP5,PEPE/USDT,2026-07-19T06:00:00+00:00,2026-07-20T06:00:00+00:00,2.8e-06,2.82e-06,73.00000000,68.00000000,100.00000000,0.10000000,0.10071429,0.71428571,0.51357143,0.51357143,24H
REMOVE_SYMBOL_TOP5,LTC/USDT,2026-07-19T13:00:00+00:00,2026-07-20T13:00:00+00:00,47.36,46.69,73.00000000,68.00000000,100.00000000,0.10000000,0.09858530,-1.41469595,-1.61328125,-1.61328125,24H
REMOVE_SYMBOL_TOP5,GPS/USDT,2026-07-19T14:00:00+00:00,2026-07-20T14:00:00+00:00,0.00908,0.00905,70.00000000,65.00000000,100.00000000,0.10000000,0.09966960,-0.33039648,-0.53006608,-0.53006608,24H
REMOVE_SYMBOL_TOP5,EDEN/USDT,2026-07-19T16:00:00+00:00,2026-07-20T16:00:00+00:00,0.04415,0.04281,70.00000000,65.00000000,100.00000000,0.10000000,0.09696489,-3.03510759,-3.23207248,-3.23207248,24H
REMOVE_SYMBOL_TOP5,ALLO/USDT,2026-07-20T16:00:00+00:00,2026-07-20T20:00:00+00:00,0.4872,0.4611,75.00000000,70.00000000,100.00000000,0.10000000,0.09464286,-5.35714286,-5.55178571,-5.55178571,STOP_LOSS
REMOVE_SYMBOL_TOP5,EWYB/USDT,2026-07-19T22:00:00+00:00,2026-07-20T22:00:00+00:00,166.67,163.53,75.00000000,70.00000000,100.00000000,0.10000000,0.09811604,-1.88396232,-2.08207836,-2.08207836,24H
REMOVE_SYMBOL_TOP5,MUB/USDT,2026-07-19T22:00:00+00:00,2026-07-20T22:00:00+00:00,867.11,873.22,73.00000000,68.00000000,100.00000000,0.10000000,0.10070464,0.70463955,0.50393491,0.50393491,24H
REMOVE_SYMBOL_TOP5,ETH/USDT,2026-07-19T22:00:00+00:00,2026-07-20T22:00:00+00:00,1870.44,1895.72,70.00000000,65.00000000,100.00000000,0.10000000,0.10135155,1.35155365,1.15020209,1.15020209,24H
REMOVE_SYMBOL_TOP5,LINK/USDT,2026-07-20T01:00:00+00:00,2026-07-21T01:00:00+00:00,8.422,8.592,73.00000000,68.00000000,100.00000000,0.10000000,0.10201852,2.01852292,1.81650439,1.81650439,24H
REMOVE_SYMBOL_TOP5,MSTRB/USDT,2026-07-20T02:00:00+00:00,2026-07-21T02:00:00+00:00,95.95,99.27,70.00000000,65.00000000,100.00000000,0.10000000,0.10346014,3.46013549,3.25667535,3.25667535,24H
REMOVE_SYMBOL_TOP5,DEXE/USDT,2026-07-21T00:00:00+00:00,2026-07-21T02:00:00+00:00,37.721,34.091,75.00000000,70.00000000,100.00000000,0.10000000,0.09037671,-9.62328676,-9.81366348,-9.81366348,STOP_LOSS
REMOVE_SYMBOL_TOP5,TREE/USDT,2026-07-21T02:00:00+00:00,2026-07-21T06:00:00+00:00,0.0385,0.0475,72.00000000,67.00000000,100.00000000,0.10000000,0.12337662,23.37662338,23.15324675,23.15324675,TAKE_PROFIT
REMOVE_SYMBOL_TOP5,SOXLB/USDT,2026-07-21T00:00:00+00:00,2026-07-21T08:00:00+00:00,139.06,153.96,73.00000000,68.00000000,100.00000000,0.10000000,0.11071480,10.71479937,10.50408457,10.50408457,TAKE_PROFIT
REMOVE_SYMBOL_TOP5,NEAR/USDT,2026-07-20T13:00:00+00:00,2026-07-21T13:00:00+00:00,1.965,1.988,73.00000000,68.00000000,100.00000000,0.10000000,0.10117048,1.17048346,0.96931298,0.96931298,24H
REMOVE_SYMBOL_TOP5,CRCLB/USDT,2026-07-20T14:00:00+00:00,2026-07-21T13:00:00+00:00,63.12,70.14,70.00000000,70.00000000,100.00000000,0.10000000,0.11112167,11.12167300,10.91055133,10.91055133,TAKE_PROFIT
REMOVE_SYMBOL_TOP5,BMT/USDT,2026-07-20T15:00:00+00:00,2026-07-21T15:00:00+00:00,0.01184,0.01197,73.00000000,68.00000000,100.00000000,0.10000000,0.10109797,1.09797297,0.89687500,0.89687500,24H
REMOVE_SYMBOL_TOP5,MUB/USDT,2026-07-21T01:00:00+00:00,2026-07-21T16:00:00+00:00,886.11,977.63,73.00000000,68.00000000,100.00000000,0.10000000,0.11032829,10.32828881,10.11796052,10.11796052,TAKE_PROFIT
REMOVE_SYMBOL_TOP5,RARE/USDT,2026-07-20T20:00:00+00:00,2026-07-21T20:00:00+00:00,0.0128,0.0127,73.00000000,68.00000000,100.00000000,0.10000000,0.09921875,-0.78125000,-0.98046875,-0.98046875,24H
REMOVE_SYMBOL_TOP5,RED/USDT,2026-07-21T01:00:00+00:00,2026-07-22T01:00:00+00:00,0.1032,0.1011,75.00000000,70.00000000,100.00000000,0.10000000,0.09796512,-2.03488372,-2.23284884,-2.23284884,24H
REMOVE_SYMBOL_TOP5,EWYB/USDT,2026-07-21T02:00:00+00:00,2026-07-22T02:00:00+00:00,167.22,174.49,75.00000000,70.00000000,100.00000000,0.10000000,0.10434757,4.34756608,4.14321851,4.14321851,24H
REMOVE_SYMBOL_TOP5,BICO/USDT,2026-07-21T02:00:00+00:00,2026-07-22T02:00:00+00:00,0.01401,0.01386,72.00000000,67.00000000,100.00000000,0.10000000,0.09892934,-1.07066381,-1.26959315,-1.26959315,24H
REMOVE_SYMBOL_TOP5,SKHYB/USDT,2026-07-21T06:00:00+00:00,2026-07-22T06:00:00+00:00,160.21,163.65,72.00000000,67.00000000,100.00000000,0.10000000,0.10214718,2.14718182,1.94503464,1.94503464,24H
REMOVE_SYMBOL_TOP5,GIGGLE/USDT,2026-07-21T08:00:00+00:00,2026-07-22T08:00:00+00:00,26.98,26.53,75.00000000,70.00000000,100.00000000,0.10000000,0.09833210,-1.66790215,-1.86623425,-1.86623425,24H
REMOVE_SYMBOL_TOP5,ALLO/USDT,2026-07-21T13:00:00+00:00,2026-07-22T13:00:00+00:00,0.4991,0.5038,75.00000000,70.00000000,100.00000000,0.10000000,0.10094170,0.94169505,0.74075336,0.74075336,24H
REMOVE_SYMBOL_TOP5,SNDKB/USDT,2026-07-21T13:00:00+00:00,2026-07-22T13:00:00+00:00,1529.08,1577.19,70.00000000,70.00000000,100.00000000,0.10000000,0.10314634,3.14633636,2.94319002,2.94319002,24H
REMOVE_SYMBOL_TOP5,MSTRB/USDT,2026-07-21T15:00:00+00:00,2026-07-22T15:00:00+00:00,102.67,99.78,73.00000000,68.00000000,100.00000000,0.10000000,0.09718516,-2.81484367,-3.01202883,-3.01202883,24H
REMOVE_SYMBOL_TOP5,GRAM/USDT,2026-07-21T16:00:00+00:00,2026-07-22T16:00:00+00:00,1.518,1.517,72.00000000,67.00000000,100.00000000,0.10000000,0.09993412,-0.06587615,-0.26581028,-0.26581028,24H
REMOVE_SYMBOL_TOP5,PORTAL/USDT,2026-07-21T22:00:00+00:00,2026-07-22T22:00:00+00:00,0.01106,0.01088,73.00000000,68.00000000,100.00000000,0.10000000,0.09837251,-1.62748644,-1.82585895,-1.82585895,24H
REMOVE_SYMBOL_TOP5,CHIP/USDT,2026-07-22T02:00:00+00:00,2026-07-23T02:00:00+00:00,0.0306,0.03026,70.00000000,65.00000000,100.00000000,0.10000000,0.09888889,-1.11111111,-1.31000000,-1.31000000,24H
REMOVE_SYMBOL_TOP5,BICO/USDT,2026-07-22T03:00:00+00:00,2026-07-23T03:00:00+00:00,0.01388,0.01377,73.00000000,68.00000000,100.00000000,0.10000000,0.09920749,-0.79250720,-0.99171470,-0.99171470,24H
REMOVE_SYMBOL_TOP5,BEL/USDT,2026-07-22T06:00:00+00:00,2026-07-23T06:00:00+00:00,0.1042,0.1018,70.00000000,65.00000000,100.00000000,0.10000000,0.09769674,-2.30326296,-2.50095969,-2.50095969,24H
REMOVE_SYMBOL_TOP5,ENA/USDT,2026-07-22T08:00:00+00:00,2026-07-23T08:00:00+00:00,0.0882,0.0919,70.00000000,65.00000000,100.00000000,0.10000000,0.10419501,4.19501134,3.99081633,3.99081633,24H
REMOVE_SYMBOL_TOP5,ONDO/USDT,2026-07-22T10:00:00+00:00,2026-07-23T10:00:00+00:00,0.4109,0.4035,75.00000000,70.00000000,100.00000000,0.10000000,0.09819908,-1.80092480,-1.99912387,-1.99912387,24H
REMOVE_SYMBOL_TOP5,AAVE/USDT,2026-07-22T13:00:00+00:00,2026-07-23T13:00:00+00:00,97.91,96.11,75.00000000,70.00000000,100.00000000,0.10000000,0.09816158,-1.83842304,-2.03658462,-2.03658462,24H
REMOVE_SYMBOL_TOP5,MUB/USDT,2026-07-22T13:00:00+00:00,2026-07-23T13:00:00+00:00,972.31,977.98,75.00000000,70.00000000,100.00000000,0.10000000,0.10058315,0.58314735,0.38256420,0.38256420,24H
REMOVE_SYMBOL_TOP5,ADA/USDT,2026-07-22T15:00:00+00:00,2026-07-23T15:00:00+00:00,0.1779,0.1705,75.00000000,70.00000000,100.00000000,0.10000000,0.09584036,-4.15964025,-4.35548061,-4.35548061,24H
REMOVE_SYMBOL_TOP5,OPN/USDT,2026-07-23T06:00:00+00:00,2026-07-23T15:00:00+00:00,0.0718,0.0669,73.00000000,68.00000000,100.00000000,0.10000000,0.09317549,-6.82451253,-7.01768802,-7.01768802,STOP_LOSS
REMOVE_SYMBOL_TOP5,WLD/USDT,2026-07-22T16:00:00+00:00,2026-07-23T16:00:00+00:00,0.3938,0.3766,75.00000000,70.00000000,100.00000000,0.10000000,0.09563230,-4.36769934,-4.56333164,-4.56333164,24H
REMOVE_SYMBOL_TOP5,SKHYB/USDT,2026-07-23T00:00:00+00:00,2026-07-24T00:00:00+00:00,171.79,167.7,72.00000000,67.00000000,100.00000000,0.10000000,0.09761919,-2.38081378,-2.57843297,-2.57843297,24H
REMOVE_SYMBOL_TOP5,RE/USDT,2026-07-23T16:00:00+00:00,2026-07-24T00:00:00+00:00,0.5261,0.5822,70.00000000,70.00000000,100.00000000,0.10000000,0.11066337,10.66337198,10.45270861,10.45270861,TAKE_PROFIT
REMOVE_SYMBOL_TOP5,SNDKB/USDT,2026-07-23T16:00:00+00:00,2026-07-24T02:00:00+00:00,1667.76,1576.22,72.00000000,67.00000000,100.00000000,0.10000000,0.09451120,-5.48879935,-5.68331055,-5.68331055,STOP_LOSS
REMOVE_SYMBOL_TOP5,SOXLB/USDT,2026-07-23T20:00:00+00:00,2026-07-24T02:00:00+00:00,162.95,151.66,75.00000000,70.00000000,100.00000000,0.10000000,0.09307149,-6.92850568,-7.12157717,-7.12157717,STOP_LOSS
REMOVE_SYMBOL_TOP5,GRAM/USDT,2026-07-23T03:00:00+00:00,2026-07-24T03:00:00+00:00,1.516,1.455,73.00000000,68.00000000,100.00000000,0.10000000,0.09597625,-4.02374670,-4.21972296,-4.21972296,24H
REMOVE_SYMBOL_TOP5,BMT/USDT,2026-07-23T05:00:00+00:00,2026-07-24T05:00:00+00:00,0.01262,0.01228,70.00000000,70.00000000,100.00000000,0.10000000,0.09730586,-2.69413629,-2.89144216,-2.89144216,24H
REMOVE_SYMBOL_TOP5,TRUMP/USDT,2026-07-23T08:00:00+00:00,2026-07-24T08:00:00+00:00,1.639,1.598,75.00000000,70.00000000,100.00000000,0.10000000,0.09749847,-2.50152532,-2.69902379,-2.69902379,24H
REMOVE_SYMBOL_TOP5,OPN/USDT,2026-07-24T05:00:00+00:00,2026-07-24T08:00:00+00:00,0.0694,0.0627,75.00000000,70.00000000,100.00000000,0.10000000,0.09034582,-9.65417867,-9.84452450,-9.84452450,STOP_LOSS
REMOVE_SYMBOL_TOP5,KAITO/USDT,2026-07-23T10:00:00+00:00,2026-07-24T10:00:00+00:00,1.032,1.0396,75.00000000,70.00000000,100.00000000,0.10000000,0.10073643,0.73643411,0.53569767,0.53569767,24H
REMOVE_SYMBOL_TOP5,KAITO/USDT,2026-07-24T10:00:00+00:00,2026-07-24T12:00:00+00:00,1.0396,0.9876,73.00000000,68.00000000,100.00000000,0.10000000,0.09499808,-5.00192382,-5.19692189,-5.19692189,STOP_LOSS
REMOVE_SYMBOL_TOP5,PLUME/USDT,2026-07-23T13:00:00+00:00,2026-07-24T13:00:00+00:00,0.01146,0.01114,73.00000000,68.00000000,100.00000000,0.10000000,0.09720768,-2.79232112,-2.98952880,-2.98952880,24H
REMOVE_SYMBOL_TOP5,ALLO/USDT,2026-07-24T11:00:00+00:00,2026-07-24T14:00:00+00:00,0.5096,0.47,70.00000000,65.00000000,100.00000000,0.10000000,0.09222920,-7.77080063,-7.96302983,-7.96302983,STOP_LOSS
REMOVE_SYMBOL_TOP5,HEI/USDT,2026-07-23T21:00:00+00:00,2026-07-24T21:00:00+00:00,0.103,0.0987,70.00000000,70.00000000,100.00000000,0.10000000,0.09582524,-4.17475728,-4.37058252,-4.37058252,24H
REMOVE_SYMBOL_TOP5,XPL/USDT,2026-07-24T17:00:00+00:00,2026-07-25T03:00:00+00:00,0.08689,0.08214,75.00000000,70.00000000,100.00000000,0.10000000,0.09453332,-5.46668201,-5.66121533,-5.66121533,STOP_LOSS
REMOVE_SYMBOL_TOP5,UNI/USDT,2026-07-24T05:00:00+00:00,2026-07-25T05:00:00+00:00,3.833,3.687,70.00000000,65.00000000,100.00000000,0.10000000,0.09619097,-3.80902687,-4.00521785,-4.00521785,24H
REMOVE_SYMBOL_TOP5,RE/USDT,2026-07-25T07:00:00+00:00,2026-07-25T09:00:00+00:00,0.6078,0.5587,75.00000000,70.00000000,100.00000000,0.10000000,0.09192168,-8.07831524,-8.27023692,-8.27023692,STOP_LOSS
REMOVE_SYMBOL_TOP5,GPS/USDT,2026-07-24T10:00:00+00:00,2026-07-25T10:00:00+00:00,0.00923,0.00958,70.00000000,65.00000000,100.00000000,0.10000000,0.10379198,3.79198267,3.58819068,3.58819068,24H
REMOVE_SYMBOL_TOP5,PLUME/USDT,2026-07-24T14:00:00+00:00,2026-07-25T14:00:00+00:00,0.01141,0.01178,73.00000000,68.00000000,100.00000000,0.10000000,0.10324277,3.24276950,3.03952673,3.03952673,24H
REMOVE_SYMBOL_TOP5,TREE/USDT,2026-07-25T00:00:00+00:00,2026-07-26T00:00:00+00:00,0.0394,0.0381,73.00000000,68.00000000,100.00000000,0.10000000,0.09670051,-3.29949239,-3.49619289,-3.49619289,24H
REMOVE_SYMBOL_TOP5,ALPINE/USDT,2026-07-25T13:00:00+00:00,2026-07-26T13:00:00+00:00,0.314,0.315,75.00000000,70.00000000,100.00000000,0.10000000,0.10031847,0.31847134,0.11815287,0.11815287,24H
REMOVE_SYMBOL_TOP5,PLUME/USDT,2026-07-25T15:00:00+00:00,2026-07-26T15:00:00+00:00,0.01177,0.01236,70.00000000,65.00000000,100.00000000,0.10000000,0.10501274,5.01274427,4.80773152,4.80773152,24H
REMOVE_SYMBOL_TOP5,TRX/USDT,2026-07-25T16:00:00+00:00,2026-07-26T16:00:00+00:00,0.3321,0.333,70.00000000,65.00000000,100.00000000,0.10000000,0.10027100,0.27100271,0.07073171,0.07073171,24H
REMOVE_SYMBOL_TOP5,MUBARAK/USDT,2026-07-25T19:00:00+00:00,2026-07-26T19:00:00+00:00,0.01076,0.0108,70.00000000,65.00000000,100.00000000,0.10000000,0.10037175,0.37174721,0.17137546,0.17137546,24H
REMOVE_SYMBOL_TOP5,PEPE/USDT,2026-07-26T02:00:00+00:00,2026-07-27T02:00:00+00:00,2.86e-06,2.94e-06,70.00000000,70.00000000,100.00000000,0.10000000,0.10279720,2.79720280,2.59440559,2.59440559,24H
REMOVE_SYMBOL_TOP5,DOT/USDT,2026-07-26T03:00:00+00:00,2026-07-27T03:00:00+00:00,0.82,0.818,70.00000000,65.00000000,100.00000000,0.10000000,0.09975610,-0.24390244,-0.44365854,-0.44365854,24H
REMOVE_SYMBOL_TOP5,FIL/USDT,2026-07-26T04:00:00+00:00,2026-07-27T04:00:00+00:00,0.7416,0.7478,70.00000000,65.00000000,100.00000000,0.10000000,0.10083603,0.83603020,0.63519417,0.63519417,24H
REMOVE_SYMBOL_TOP5,TAO/USDT,2026-07-26T04:00:00+00:00,2026-07-27T04:00:00+00:00,196.4,198.8,70.00000000,70.00000000,100.00000000,0.10000000,0.10122200,1.22199593,1.02077393,1.02077393,24H
REMOVE_SYMBOL_TOP5,RARE/USDT,2026-07-26T09:00:00+00:00,2026-07-27T09:00:00+00:00,0.01279,0.01259,70.00000000,65.00000000,100.00000000,0.10000000,0.09843628,-1.56372166,-1.76215794,-1.76215794,24H
REMOVE_SYMBOL_TOP5,LINK/USDT,2026-07-26T13:00:00+00:00,2026-07-27T13:00:00+00:00,8.458,8.772,70.00000000,65.00000000,100.00000000,0.10000000,0.10371246,3.71246157,3.50874911,3.50874911,24H
REMOVE_SYMBOL_TOP5,EDEN/USDT,2026-07-27T09:00:00+00:00,2026-07-27T15:00:00+00:00,0.04471,0.04217,90.00000000,100.00000000,100.00000000,0.10000000,0.09431894,-5.68105569,-5.87537464,-5.87537464,STOP_LOSS
REMOVE_SYMBOL_TOP5,ONDO/USDT,2026-07-26T16:00:00+00:00,2026-07-27T16:00:00+00:00,0.4062,0.4094,90.00000000,100.00000000,100.00000000,0.10000000,0.10078779,0.78778927,0.58700148,0.58700148,24H
REMOVE_SYMBOL_TOP5,USDE/USDT,2026-07-26T16:00:00+00:00,2026-07-27T16:00:00+00:00,1.0009,1.0009,87.00000000,87.00000000,100.00000000,0.10000000,0.10000000,0.00000000,-0.20000000,-0.20000000,24H
REMOVE_SYMBOL_TOP5,PLUME/USDT,2026-07-27T02:00:00+00:00,2026-07-27T17:00:00+00:00,0.01231,0.01166,90.00000000,95.00000000,100.00000000,0.10000000,0.09471974,-5.28025995,-5.47497969,-5.47497969,STOP_LOSS
REMOVE_SYMBOL_TOP5,ENA/USDT,2026-07-27T13:00:00+00:00,2026-07-27T18:00:00+00:00,0.0923,0.0876,95.00000000,100.00000000,100.00000000,0.10000000,0.09490791,-5.09209101,-5.28699892,-5.28699892,STOP_LOSS
REMOVE_SYMBOL_TOP5,USDC/USDT,2026-07-26T19:00:00+00:00,2026-07-27T19:00:00+00:00,1.00087,1.00084,87.00000000,87.00000000,100.00000000,0.10000000,0.09999700,-0.00299739,-0.20299439,-0.20299439,24H
REMOVE_SYMBOL_TOP5,ALPINE/USDT,2026-07-27T03:00:00+00:00,2026-07-27T22:00:00+00:00,0.32,0.301,87.00000000,87.00000000,100.00000000,0.10000000,0.09406250,-5.93750000,-6.13156250,-6.13156250,STOP_LOSS
REMOVE_SYMBOL_TOP5,KAITO/USDT,2026-07-27T15:00:00+00:00,2026-07-27T22:00:00+00:00,1.21,1.3423,84.00000000,84.00000000,100.00000000,0.10000000,0.11093388,10.93388430,10.72295041,10.72295041,TAKE_PROFIT
REMOVE_SYMBOL_TOP5,CRCLB/USDT,2026-07-27T04:00:00+00:00,2026-07-28T04:00:00+00:00,63.92,63.19,87.00000000,87.00000000,100.00000000,0.10000000,0.09885795,-1.14205257,-1.34091051,-1.34091051,24H
REMOVE_SYMBOL_TOP5,XUSD/USDT,2026-07-27T04:00:00+00:00,2026-07-28T04:00:00+00:00,1.0012,1.0012,87.00000000,87.00000000,100.00000000,0.10000000,0.10000000,0.00000000,-0.20000000,-0.20000000,24H
REMOVE_SYMBOL_TOP5,PUMP/USDT,2026-07-27T19:00:00+00:00,2026-07-28T04:00:00+00:00,0.002128,0.002021,87.00000000,86.00000000,100.00000000,0.10000000,0.09497180,-5.02819549,-5.22316729,-5.22316729,STOP_LOSS
REMOVE_SYMBOL_TOP5,KAITO/USDT,2026-07-27T22:00:00+00:00,2026-07-28T05:00:00+00:00,1.3423,1.2594,78.00000000,83.00000000,100.00000000,0.10000000,0.09382403,-6.17596662,-6.36979066,-6.36979066,STOP_LOSS
REMOVE_SYMBOL_TOP5,KAITO/USDT,2026-07-28T05:00:00+00:00,2026-07-28T09:00:00+00:00,1.2594,1.1586,74.00000000,63.00000000,100.00000000,0.10000000,0.09199619,-8.00381134,-8.19580753,-8.19580753,STOP_LOSS
REMOVE_SYMBOL_TOP5,TREE/USDT,2026-07-27T17:00:00+00:00,2026-07-28T13:00:00+00:00,0.0395,0.0374,87.00000000,86.00000000,100.00000000,0.10000000,0.09468354,-5.31645570,-5.51113924,-5.51113924,STOP_LOSS
REMOVE_SYMBOL_TOP5,RLUSD/USDT,2026-07-27T16:00:00+00:00,2026-07-28T16:00:00+00:00,1.0013,1.0011,87.00000000,87.00000000,100.00000000,0.10000000,0.09998003,-0.01997403,-0.21995406,-0.21995406,24H
REMOVE_SYMBOL_TOP5,MSTRB/USDT,2026-07-27T16:00:00+00:00,2026-07-28T16:00:00+00:00,97.4,98.12,81.00000000,86.00000000,100.00000000,0.10000000,0.10073922,0.73921971,0.53848049,0.53848049,24H
REMOVE_SYMBOL_TOP5,BNB/USDT,2026-07-27T18:00:00+00:00,2026-07-28T18:00:00+00:00,575.37,569.62,87.00000000,86.00000000,100.00000000,0.10000000,0.09900064,-0.99935694,-1.19835758,-1.19835758,24H
REMOVE_SYMBOL_TOP5,USD1/USDT,2026-07-27T22:00:00+00:00,2026-07-28T22:00:00+00:00,0.99985,0.99968,84.00000000,84.00000000,100.00000000,0.10000000,0.09998300,-0.01700255,-0.21698555,-0.21698555,24H
REMOVE_SYMBOL_TOP5,FDUSD/USDT,2026-07-28T04:00:00+00:00,2026-07-29T04:00:00+00:00,0.9993,0.9983,87.00000000,87.00000000,100.00000000,0.10000000,0.09989993,-0.10007005,-0.29996998,-0.29996998,24H
REMOVE_SYMBOL_TOP5,USDC/USDT,2026-07-28T04:00:00+00:00,2026-07-29T04:00:00+00:00,1.00097,1.00114,76.00000000,71.00000000,100.00000000,0.10000000,0.10001698,0.01698353,-0.18303346,-0.18303346,24H
REMOVE_SYMBOL_TOP5,GPS/USDT,2026-07-28T04:00:00+00:00,2026-07-29T04:00:00+00:00,0.00927,0.00972,72.00000000,69.00000000,100.00000000,0.10000000,0.10485437,4.85436893,4.64951456,4.64951456,24H
REMOVE_SYMBOL_TOP5,MUBARAK/USDT,2026-07-28T09:00:00+00:00,2026-07-29T09:00:00+00:00,0.01111,0.01131,89.00000000,89.00000000,100.00000000,0.10000000,0.10180018,1.80018002,1.59837984,1.59837984,24H
REMOVE_SYMBOL_TOP5,U/USDT,2026-07-28T13:00:00+00:00,2026-07-29T13:00:00+00:00,1.0008,1.0008,87.00000000,87.00000000,100.00000000,0.10000000,0.10000000,0.00000000,-0.20000000,-0.20000000,24H
REMOVE_SYMBOL_TOP5,AAVE/USDT,2026-07-28T16:00:00+00:00,2026-07-29T16:00:00+00:00,101.26,98.73,95.00000000,100.00000000,100.00000000,0.10000000,0.09750148,-2.49851866,-2.69602015,-2.69602015,24H
REMOVE_SYMBOL_TOP5,ONDO/USDT,2026-07-28T16:00:00+00:00,2026-07-29T16:00:00+00:00,0.4088,0.3937,89.00000000,88.00000000,100.00000000,0.10000000,0.09630626,-3.69373777,-3.89004403,-3.89004403,24H
REMOVE_SYMBOL_TOP5,PLUME/USDT,2026-07-28T18:00:00+00:00,2026-07-29T18:00:00+00:00,0.01219,0.01212,89.00000000,88.00000000,100.00000000,0.10000000,0.09942576,-0.57424118,-0.77366694,-0.77366694,24H
REMOVE_SYMBOL_TOP5,RE/USDT,2026-07-29T16:00:00+00:00,2026-07-29T18:00:00+00:00,0.4686,0.5159,79.00000000,76.00000000,100.00000000,0.10000000,0.11009390,10.09389671,9.88380282,9.88380282,TAKE_PROFIT
REMOVE_SYMBOL_TOP5,RLUSD/USDT,2026-07-28T22:00:00+00:00,2026-07-29T22:00:00+00:00,1.0012,1.0012,76.00000000,71.00000000,100.00000000,0.10000000,0.10000000,0.00000000,-0.20000000,-0.20000000,24H
REMOVE_SYMBOL_TOP5,KAITO/USDT,2026-07-29T04:00:00+00:00,2026-07-30T03:00:00+00:00,1.264,1.1818,89.00000000,88.00000000,100.00000000,0.10000000,0.09349684,-6.50316456,-6.69666139,-6.69666139,STOP_LOSS
REMOVE_SYMBOL_TOP5,GPS/USDT,2026-07-29T04:00:00+00:00,2026-07-30T04:00:00+00:00,0.00972,0.00982,90.00000000,95.00000000,100.00000000,0.10000000,0.10102881,1.02880658,0.82777778,0.82777778,24H
REMOVE_SYMBOL_TOP5,USDC/USDT,2026-07-29T04:00:00+00:00,2026-07-30T04:00:00+00:00,1.00114,1.00112,84.00000000,84.00000000,100.00000000,0.10000000,0.09999800,-0.00199772,-0.20199572,-0.20199572,24H
REMOVE_SYMBOL_TOP5,UNI/USDT,2026-07-29T09:00:00+00:00,2026-07-30T09:00:00+00:00,3.975,4.03,95.00000000,100.00000000,100.00000000,0.10000000,0.10138365,1.38364780,1.18226415,1.18226415,24H
REMOVE_SYMBOL_TOP5,EURI/USDT,2026-07-29T13:00:00+00:00,2026-07-30T13:00:00+00:00,1.1398,1.1526,77.00000000,64.00000000,100.00000000,0.10000000,0.10112300,1.12300404,0.92188103,0.92188103,24H
REMOVE_SYMBOL_TOP5,U/USDT,2026-07-29T16:00:00+00:00,2026-07-30T16:00:00+00:00,1.0009,1.0007,87.00000000,87.00000000,100.00000000,0.10000000,0.09998002,-0.01998202,-0.21996203,-0.21996203,24H
REMOVE_SYMBOL_TOP5,GPS/USDT,2026-07-30T04:00:00+00:00,2026-07-30T17:00:00+00:00,0.00982,0.0092,82.00000000,82.00000000,100.00000000,0.10000000,0.09368635,-6.31364562,-6.50733198,-6.50733198,STOP_LOSS
REMOVE_SYMBOL_TOP5,ADA/USDT,2026-07-29T18:00:00+00:00,2026-07-30T18:00:00+00:00,0.1679,0.1723,84.00000000,89.00000000,100.00000000,0.10000000,0.10262061,2.62060750,2.41798690,2.41798690,24H
REMOVE_SYMBOL_TOP5,PLUME/USDT,2026-07-29T18:00:00+00:00,2026-07-30T18:00:00+00:00,0.01212,0.01165,84.00000000,84.00000000,100.00000000,0.10000000,0.09612211,-3.87788779,-4.07400990,-4.07400990,24H
REMOVE_SYMBOL_TOP5,ONDO/USDT,2026-07-29T22:00:00+00:00,2026-07-30T22:00:00+00:00,0.4051,0.4168,74.00000000,63.00000000,100.00000000,0.10000000,0.10288818,2.88817576,2.68528758,2.68528758,24H
REMOVE_SYMBOL_TOP5,ALPINE/USDT,2026-07-30T03:00:00+00:00,2026-07-31T03:00:00+00:00,0.32,0.314,93.00000000,98.00000000,100.00000000,0.10000000,0.09812500,-1.87500000,-2.07312500,-2.07312500,24H
REMOVE_SYMBOL_TOP5,USD1/USDT,2026-07-30T04:00:00+00:00,2026-07-31T04:00:00+00:00,1.00003,0.99997,87.00000000,87.00000000,100.00000000,0.10000000,0.09999400,-0.00599982,-0.20599382,-0.20599382,24H
REMOVE_SYMBOL_TOP5,BNB/USDT,2026-07-30T09:00:00+00:00,2026-07-31T09:00:00+00:00,579.84,590.49,87.00000000,86.00000000,100.00000000,0.10000000,0.10183671,1.83671358,1.63487686,1.63487686,24H
REMOVE_SYMBOL_TOP5,MUBARAK/USDT,2026-07-31T04:00:00+00:00,2026-07-31T11:00:00+00:00,0.0121,0.01333,95.00000000,100.00000000,100.00000000,0.10000000,0.11016529,10.16528926,9.95512397,9.95512397,TAKE_PROFIT
REMOVE_SYMBOL_TOP5,PAXG/USDT,2026-07-30T13:00:00+00:00,2026-07-31T13:00:00+00:00,4105.88,4027.22,93.00000000,98.00000000,100.00000000,0.10000000,0.09808421,-1.91578906,-2.11387327,-2.11387327,24H
REMOVE_SYMBOL_TOP5,AAVE/USDT,2026-07-30T16:00:00+00:00,2026-07-31T16:00:00+00:00,100.23,96.59,90.00000000,95.00000000,100.00000000,0.10000000,0.09636835,-3.63164721,-3.82801556,-3.82801556,24H
REMOVE_SYMBOL_TOP5,PUMP/USDT,2026-07-30T17:00:00+00:00,2026-07-31T17:00:00+00:00,0.001972,0.002139,87.00000000,86.00000000,100.00000000,0.10000000,0.10846856,8.46855984,8.26009128,8.26009128,24H
REMOVE_SYMBOL_TOP5,GIGGLE/USDT,2026-07-31T13:00:00+00:00,2026-07-31T17:00:00+00:00,36.97,42.93,74.00000000,55.00000000,100.00000000,0.10000000,0.11612118,16.12117933,15.90505816,15.90505816,TAKE_PROFIT
REMOVE_SYMBOL_TOP5,FIL/USDT,2026-07-30T18:00:00+00:00,2026-07-31T18:00:00+00:00,0.7153,0.7209,89.00000000,89.00000000,100.00000000,0.10000000,0.10078289,0.78288830,0.58210541,0.58210541,24H
REMOVE_SYMBOL_TOP5,SOXLB/USDT,2026-07-30T22:00:00+00:00,2026-07-31T19:00:00+00:00,122.59,114.81,84.00000000,89.00000000,100.00000000,0.10000000,0.09365364,-6.34635778,-6.54001142,-6.54001142,STOP_LOSS
REMOVE_SYMBOL_TOP5,MUBARAK/USDT,2026-07-31T16:00:00+00:00,2026-07-31T20:00:00+00:00,0.01371,0.01259,90.00000000,100.00000000,100.00000000,0.10000000,0.09183078,-8.16921955,-8.36105033,-8.36105033,STOP_LOSS
REMOVE_SYMBOL_TOP5,BEL/USDT,2026-07-31T03:00:00+00:00,2026-08-01T03:00:00+00:00,0.0969,0.0974,89.00000000,89.00000000,100.00000000,0.10000000,0.10051600,0.51599587,0.31547988,0.31547988,24H
REMOVE_SYMBOL_TOP5,ALPINE/USDT,2026-07-31T09:00:00+00:00,2026-08-01T09:00:00+00:00,0.318,0.321,90.00000000,95.00000000,100.00000000,0.10000000,0.10094340,0.94339623,0.74245283,0.74245283,24H
REMOVE_SYMBOL_TOP5,USD1/USDT,2026-07-31T11:00:00+00:00,2026-08-01T11:00:00+00:00,1.00003,0.99989,81.00000000,80.00000000,100.00000000,0.10000000,0.09998600,-0.01399958,-0.21398558,-0.21398558,24H
REMOVE_SYMBOL_TOP5,EURI/USDT,2026-07-31T17:00:00+00:00,2026-08-01T17:00:00+00:00,1.1539,1.1526,90.00000000,95.00000000,100.00000000,0.10000000,0.09988734,-0.11266141,-0.31254875,-0.31254875,24H
REMOVE_SYMBOL_TOP5,ADA/USDT,2026-07-31T17:00:00+00:00,2026-08-01T17:00:00+00:00,0.1713,0.1732,87.00000000,86.00000000,100.00000000,0.10000000,0.10110917,1.10916521,0.90805604,0.90805604,24H
REMOVE_SYMBOL_TOP5,PUMP/USDT,2026-07-31T18:00:00+00:00,2026-08-01T18:00:00+00:00,0.002123,0.002072,79.00000000,74.00000000,100.00000000,0.10000000,0.09759774,-2.40226095,-2.59985869,-2.59985869,24H
REMOVE_SYMBOL_TOP5,NEAR/USDT,2026-07-31T18:00:00+00:00,2026-08-01T18:00:00+00:00,1.702,1.66,78.00000000,73.00000000,100.00000000,0.10000000,0.09753231,-2.46768508,-2.66521739,-2.66521739,24H
REMOVE_SYMBOL_TOP5,MUBARAK/USDT,2026-08-01T09:00:00+00:00,2026-08-01T19:00:00+00:00,0.01303,0.0121,81.00000000,80.00000000,100.00000000,0.10000000,0.09286262,-7.13737529,-7.33023791,-7.33023791,STOP_LOSS
REMOVE_SYMBOL_TOP5,EUR/USDT,2026-07-31T20:00:00+00:00,2026-08-01T20:00:00+00:00,1.1535,1.1531,84.00000000,84.00000000,100.00000000,0.10000000,0.09996532,-0.03467707,-0.23464239,-0.23464239,24H
REMOVE_SYMBOL_TOP5,TAO/USDT,2026-08-01T03:00:00+00:00,2026-08-02T03:00:00+00:00,197.7,194.1,89.00000000,88.00000000,100.00000000,0.10000000,0.09817906,-1.82094082,-2.01911988,-2.01911988,24H
REMOVE_SYMBOL_TOP5,PUMP/USDT,2026-08-02T01:00:00+00:00,2026-08-02T10:00:00+00:00,0.002265,0.002146,95.00000000,100.00000000,100.00000000,0.10000000,0.09474614,-5.25386313,-5.44860927,-5.44860927,STOP_LOSS
REMOVE_SYMBOL_TOP5,KAITO/USDT,2026-08-01T18:00:00+00:00,2026-08-02T13:00:00+00:00,1.2084,1.0894,95.00000000,100.00000000,100.00000000,0.10000000,0.09015227,-9.84773254,-10.03788481,-10.03788481,STOP_LOSS
REMOVE_SYMBOL_TOP5,PEPE/USDT,2026-08-01T16:00:00+00:00,2026-08-02T16:00:00+00:00,2.78e-06,2.91e-06,87.00000000,87.00000000,100.00000000,0.10000000,0.10467626,4.67625899,4.47158273,4.47158273,24H
REMOVE_SYMBOL_TOP5,ALPINE/USDT,2026-08-01T17:00:00+00:00,2026-08-02T17:00:00+00:00,0.328,0.319,93.00000000,98.00000000,100.00000000,0.10000000,0.09725610,-2.74390244,-2.94115854,-2.94115854,24H
REMOVE_SYMBOL_TOP5,DOT/USDT,2026-08-01T17:00:00+00:00,2026-08-02T17:00:00+00:00,0.775,0.798,81.00000000,81.00000000,100.00000000,0.10000000,0.10296774,2.96774194,2.76477419,2.76477419,24H
REMOVE_SYMBOL_TOP5,ARB/USDT,2026-08-01T19:00:00+00:00,2026-08-02T19:00:00+00:00,0.0785,0.0816,81.00000000,81.00000000,100.00000000,0.10000000,0.10394904,3.94904459,3.74509554,3.74509554,24H
REMOVE_SYMBOL_TOP5,ADA/USDT,2026-08-01T20:00:00+00:00,2026-08-02T20:00:00+00:00,0.1732,0.1874,72.00000000,59.00000000,100.00000000,0.10000000,0.10819861,8.19861432,7.99041570,7.99041570,24H
REMOVE_SYMBOL_TOP5,EWYB/USDT,2026-08-02T03:00:00+00:00,2026-08-03T03:00:00+00:00,160.35,161.16,89.00000000,89.00000000,100.00000000,0.10000000,0.10050514,0.50514500,0.30463985,0.30463985,24H
REMOVE_SYMBOL_TOP5,SKHYB/USDT,2026-08-02T17:00:00+00:00,2026-08-03T10:00:00+00:00,148.35,140.28,84.00000000,84.00000000,100.00000000,0.10000000,0.09456016,-5.43983822,-5.63439838,-5.63439838,STOP_LOSS
REMOVE_SYMBOL_TOP5,MUB/USDT,2026-08-02T17:00:00+00:00,2026-08-03T10:00:00+00:00,849.37,805.57,81.00000000,80.00000000,100.00000000,0.10000000,0.09484324,-5.15676325,-5.35160648,-5.35160648,STOP_LOSS
REMOVE_SYMBOL_TOP5,EUR/USDT,2026-08-02T11:00:00+00:00,2026-08-03T11:00:00+00:00,1.1541,1.1544,87.00000000,87.00000000,100.00000000,0.10000000,0.10002599,0.02599428,-0.17403171,-0.17403171,24H
REMOVE_SYMBOL_TOP5,KORUB/USDT,2026-08-02T17:00:00+00:00,2026-08-03T11:00:00+00:00,15.66,14.58,81.00000000,81.00000000,100.00000000,0.10000000,0.09310345,-6.89655172,-7.08965517,-7.08965517,STOP_LOSS
REMOVE_SYMBOL_TOP5,FIL/USDT,2026-08-02T13:00:00+00:00,2026-08-03T13:00:00+00:00,0.72,0.7249,84.00000000,84.00000000,100.00000000,0.10000000,0.10068056,0.68055556,0.47987500,0.47987500,24H
REMOVE_SYMBOL_TOP5,BICO/USDT,2026-08-03T10:00:00+00:00,2026-08-03T13:00:00+00:00,0.01749,0.01962,90.00000000,92.00000000,100.00000000,0.10000000,0.11217839,12.17838765,11.96620926,11.96620926,TAKE_PROFIT
REMOVE_SYMBOL_TOP5,ALLO/USDT,2026-08-03T11:00:00+00:00,2026-08-03T13:00:00+00:00,0.292,0.2598,89.00000000,89.00000000,100.00000000,0.10000000,0.08897260,-11.02739726,-11.21636986,-11.21636986,STOP_LOSS
REMOVE_SYMBOL_TOP5,MUBARAK/USDT,2026-08-02T16:00:00+00:00,2026-08-03T16:00:00+00:00,0.01273,0.01266,92.00000000,97.00000000,100.00000000,0.10000000,0.09945012,-0.54988217,-0.74933229,-0.74933229,24H
REMOVE_SYMBOL_TOP5,NEAR/USDT,2026-08-02T19:00:00+00:00,2026-08-03T19:00:00+00:00,1.707,1.742,84.00000000,84.00000000,100.00000000,0.10000000,0.10205038,2.05038079,1.84833040,1.84833040,24H
REMOVE_SYMBOL_TOP5,USD1/USDT,2026-08-03T03:00:00+00:00,2026-08-04T03:00:00+00:00,1.00003,1.00004,84.00000000,84.00000000,100.00000000,0.10000000,0.10000100,0.00099997,-0.19900103,-0.19900103,24H
REMOVE_SYMBOL_TOP5,BMT/USDT,2026-08-03T07:00:00+00:00,2026-08-04T07:00:00+00:00,0.0119,0.01181,92.00000000,97.00000000,100.00000000,0.10000000,0.09924370,-0.75630252,-0.95554622,-0.95554622,24H
REMOVE_SYMBOL_TOP5,ENA/USDT,2026-08-03T10:00:00+00:00,2026-08-04T10:00:00+00:00,0.09,0.091,95.00000000,100.00000000,100.00000000,0.10000000,0.10111111,1.11111111,0.91000000,0.91000000,24H
REMOVE_SYMBOL_TOP5,ADA/USDT,2026-08-03T11:00:00+00:00,2026-08-04T11:00:00+00:00,0.1865,0.1945,89.00000000,88.00000000,100.00000000,0.10000000,0.10428954,4.28954424,4.08525469,4.08525469,24H
REMOVE_SYMBOL_TOP5,PEPE/USDT,2026-08-03T13:00:00+00:00,2026-08-04T13:00:00+00:00,2.91e-06,2.89e-06,95.00000000,100.00000000,100.00000000,0.10000000,0.09931271,-0.68728522,-0.88659794,-0.88659794,24H
REMOVE_SYMBOL_TOP5,RARE/USDT,2026-08-03T13:00:00+00:00,2026-08-04T13:00:00+00:00,0.01207,0.01172,89.00000000,89.00000000,100.00000000,0.10000000,0.09710025,-2.89975145,-3.09685170,-3.09685170,24H
REMOVE_SYMBOL_TOP5,BNB/USDT,2026-08-03T13:00:00+00:00,2026-08-04T13:00:00+00:00,588.21,589.18,87.00000000,87.00000000,100.00000000,0.10000000,0.10016491,0.16490709,-0.03525782,-0.03525782,24H
REMOVE_SYMBOL_TOP5,BICO/USDT,2026-08-04T08:00:00+00:00,2026-08-04T16:00:00+00:00,0.01799,0.02055,89.00000000,80.00000000,100.00000000,0.10000000,0.11423013,14.23012785,14.01589772,14.01589772,TAKE_PROFIT
REMOVE_SYMBOL_TOP5,PUMP/USDT,2026-08-03T19:00:00+00:00,2026-08-04T19:00:00+00:00,0.002184,0.002402,89.00000000,88.00000000,100.00000000,0.10000000,0.10998168,9.98168498,9.77170330,9.77170330,24H
REMOVE_SYMBOL_TOP5,ARB/USDT,2026-08-04T03:00:00+00:00,2026-08-05T03:00:00+00:00,0.0831,0.0806,84.00000000,84.00000000,100.00000000,0.10000000,0.09699158,-3.00842359,-3.20541516,-3.20541516,24H
REMOVE_SYMBOL_TOP5,DOT/USDT,2026-08-04T03:00:00+00:00,2026-08-05T03:00:00+00:00,0.84,0.846,82.00000000,86.00000000,100.00000000,0.10000000,0.10071429,0.71428571,0.51357143,0.51357143,24H
REMOVE_SYMBOL_TOP5,BICO/USDT,2026-08-05T03:00:00+00:00,2026-08-05T05:00:00+00:00,0.0226,0.02718,84.00000000,76.00000000,100.00000000,0.10000000,0.12026549,20.26548673,20.04522124,20.04522124,TAKE_PROFIT
REMOVE_SYMBOL_TOP5,KORUB/USDT,2026-08-05T01:00:00+00:00,2026-08-05T08:00:00+00:00,19.11,18.07,92.00000000,97.00000000,100.00000000,0.10000000,0.09455782,-5.44217687,-5.63673469,-5.63673469,STOP_LOSS
REMOVE_SYMBOL_TOP5,BMT/USDT,2026-08-04T11:00:00+00:00,2026-08-05T11:00:00+00:00,0.0119,0.0124,90.00000000,95.00000000,100.00000000,0.10000000,0.10420168,4.20168067,3.99747899,3.99747899,24H
REMOVE_SYMBOL_TOP5,EWYB/USDT,2026-08-04T13:00:00+00:00,2026-08-05T13:00:00+00:00,168.08,171.47,95.00000000,100.00000000,100.00000000,0.10000000,0.10201690,2.01689672,1.81487982,1.81487982,24H
REMOVE_SYMBOL_TOP5,PORTAL/USDT,2026-08-04T13:00:00+00:00,2026-08-05T13:00:00+00:00,0.01059,0.01086,95.00000000,100.00000000,100.00000000,0.10000000,0.10254958,2.54957507,2.34702550,2.34702550,24H
REMOVE_SYMBOL_TOP5,SNDKB/USDT,2026-08-04T13:00:00+00:00,2026-08-05T13:00:00+00:00,1383.52,1438.45,95.00000000,100.00000000,100.00000000,0.10000000,0.10397031,3.97030762,3.76633731,3.76633731,24H
REMOVE_SYMBOL_TOP5,MUBARAK/USDT,2026-08-04T16:00:00+00:00,2026-08-05T16:00:00+00:00,0.01305,0.01317,95.00000000,100.00000000,100.00000000,0.10000000,0.10091954,0.91954023,0.71862069,0.71862069,24H
REMOVE_SYMBOL_TOP5,CHIP/USDT,2026-08-04T19:00:00+00:00,2026-08-05T19:00:00+00:00,0.02539,0.02483,86.00000000,86.00000000,100.00000000,0.10000000,0.09779441,-2.20559275,-2.40338716,-2.40338716,24H
REMOVE_SYMBOL_TOP5,SNXXB/USDT,2026-08-05T16:00:00+00:00,2026-08-05T19:00:00+00:00,12.64,11.41,95.00000000,100.00000000,100.00000000,0.10000000,0.09026899,-9.73101266,-9.92128165,-9.92128165,STOP_LOSS
REMOVE_SYMBOL_TOP5,FET/USDT,2026-08-05T05:00:00+00:00,2026-08-05T21:00:00+00:00,0.1517,0.1423,87.00000000,92.00000000,100.00000000,0.10000000,0.09380356,-6.19644034,-6.39024390,-6.39024390,STOP_LOSS
REMOVE_SYMBOL_TOP5,KORUB/USDT,2026-08-05T13:00:00+00:00,2026-08-05T21:00:00+00:00,19.25,18.09,95.00000000,100.00000000,100.00000000,0.10000000,0.09397403,-6.02597403,-6.21994805,-6.21994805,STOP_LOSS
REMOVE_SYMBOL_TOP5,MUB/USDT,2026-08-05T13:00:00+00:00,2026-08-06T01:00:00+00:00,919,871.04,95.00000000,100.00000000,100.00000000,0.10000000,0.09478128,-5.21871600,-5.41349728,-5.41349728,STOP_LOSS
REMOVE_SYMBOL_TOP5,ZEC/USDT,2026-08-05T03:00:00+00:00,2026-08-06T03:00:00+00:00,512.98,509.38,87.00000000,86.00000000,100.00000000,0.10000000,0.09929822,-0.70178175,-0.90107996,-0.90107996,24H
REMOVE_SYMBOL_TOP5,MUBARAK/USDT,2026-08-05T21:00:00+00:00,2026-08-06T05:00:00+00:00,0.01397,0.01324,95.00000000,100.00000000,100.00000000,0.10000000,0.09477452,-5.22548318,-5.42025770,-5.42025770,STOP_LOSS
REMOVE_SYMBOL_TOP5,BICO/USDT,2026-08-06T05:00:00+00:00,2026-08-06T06:00:00+00:00,0.02993,0.0283,89.00000000,80.00000000,100.00000000,0.10000000,0.09455396,-5.44604076,-5.64059472,-5.64059472,STOP_LOSS
REMOVE_SYMBOL_TOP5,ADA/USDT,2026-08-05T08:00:00+00:00,2026-08-06T08:00:00+00:00,0.1939,0.1895,87.00000000,86.00000000,100.00000000,0.10000000,0.09773079,-2.26921093,-2.46694172,-2.46694172,24H
REMOVE_SYMBOL_TOP5,EWYB/USDT,2026-08-05T13:00:00+00:00,2026-08-06T10:00:00+00:00,171.47,162.5,95.00000000,100.00000000,100.00000000,0.10000000,0.09476876,-5.23123578,-5.42600455,-5.42600455,STOP_LOSS
REMOVE_SYMBOL_TOP5,EURI/USDT,2026-08-05T11:00:00+00:00,2026-08-06T11:00:00+00:00,1.1558,1.1549,87.00000000,87.00000000,100.00000000,0.10000000,0.09992213,-0.07786814,-0.27779028,-0.27779028,24H
REMOVE_SYMBOL_TOP5,PORTAL/USDT,2026-08-05T19:00:00+00:00,2026-08-06T16:00:00+00:00,0.01125,0.01264,95.00000000,100.00000000,100.00000000,0.10000000,0.11235556,12.35555556,12.14320000,12.14320000,TAKE_PROFIT
REMOVE_SYMBOL_TOP5,MSTRB/USDT,2026-08-05T19:00:00+00:00,2026-08-06T19:00:00+00:00,98.4,96.84,89.00000000,88.00000000,100.00000000,0.10000000,0.09841463,-1.58536585,-1.78378049,-1.78378049,24H
REMOVE_SYMBOL_TOP5,FDUSD/USDT,2026-08-06T01:00:00+00:00,2026-08-07T01:00:00+00:00,0.9982,0.9982,87.00000000,87.00000000,100.00000000,0.10000000,0.10000000,0.00000000,-0.20000000,-0.20000000,24H
REMOVE_SYMBOL_TOP5,BMT/USDT,2026-08-06T03:00:00+00:00,2026-08-07T03:00:00+00:00,0.01246,0.01269,93.00000000,98.00000000,100.00000000,0.10000000,0.10184591,1.84590690,1.64406100,1.64406100,24H
REMOVE_SYMBOL_TOP5,ENA/USDT,2026-08-06T06:00:00+00:00,2026-08-07T06:00:00+00:00,0.0925,0.093,89.00000000,88.00000000,100.00000000,0.10000000,0.10054054,0.54054054,0.34000000,0.34000000,24H
REMOVE_SYMBOL_TOP5,GPS/USDT,2026-08-06T10:00:00+00:00,2026-08-07T10:00:00+00:00,0.0095,0.00956,90.00000000,95.00000000,100.00000000,0.10000000,0.10063158,0.63157895,0.43094737,0.43094737,24H
REMOVE_SYMBOL_TOP5,EDEN/USDT,2026-08-06T11:00:00+00:00,2026-08-07T11:00:00+00:00,0.0395,0.04135,89.00000000,89.00000000,100.00000000,0.10000000,0.10468354,4.68354430,4.47886076,4.47886076,24H
REMOVE_SYMBOL_TOP5,CRCLB/USDT,2026-08-06T15:00:00+00:00,2026-08-07T15:00:00+00:00,65.41,66.78,95.00000000,100.00000000,100.00000000,0.10000000,0.10209448,2.09448097,1.89238649,1.89238649,24H
REMOVE_SYMBOL_TOP5,BICO/USDT,2026-08-07T11:00:00+00:00,2026-08-07T15:00:00+00:00,0.04798,0.05296,92.00000000,89.00000000,100.00000000,0.10000000,0.11037932,10.37932472,10.16894539,10.16894539,TAKE_PROFIT
REMOVE_SYMBOL_TOP5,ADA/USDT,2026-08-06T16:00:00+00:00,2026-08-07T16:00:00+00:00,0.2068,0.1993,90.00000000,100.00000000,100.00000000,0.10000000,0.09637331,-3.62669246,-3.82306576,-3.82306576,24H
REMOVE_SYMBOL_TOP5,PUMP/USDT,2026-08-06T19:00:00+00:00,2026-08-07T19:00:00+00:00,0.00238,0.002347,84.00000000,84.00000000,100.00000000,0.10000000,0.09861345,-1.38655462,-1.58516807,-1.58516807,24H
REMOVE_SYMBOL_TOP5,OPN/USDT,2026-08-07T01:00:00+00:00,2026-08-08T01:00:00+00:00,0.0532,0.0521,81.00000000,80.00000000,100.00000000,0.10000000,0.09793233,-2.06766917,-2.26560150,-2.26560150,24H
REMOVE_SYMBOL_TOP5,BICO/USDT,2026-08-07T15:00:00+00:00,2026-08-08T03:00:00+00:00,0.05296,0.05893,89.00000000,80.00000000,100.00000000,0.10000000,0.11127266,11.27265861,11.06138595,11.06138595,TAKE_PROFIT
REMOVE_SYMBOL_TOP5,RARE/USDT,2026-08-07T05:00:00+00:00,2026-08-08T05:00:00+00:00,0.0127,0.01232,90.00000000,100.00000000,100.00000000,0.10000000,0.09700787,-2.99212598,-3.18913386,-3.18913386,24H
REMOVE_SYMBOL_TOP5,PAXG/USDT,2026-08-07T06:00:00+00:00,2026-08-08T06:00:00+00:00,4291.5,4337.99,90.00000000,95.00000000,100.00000000,0.10000000,0.10108330,1.08330421,0.88222090,0.88222090,24H
REMOVE_SYMBOL_TOP5,BMT/USDT,2026-08-07T07:00:00+00:00,2026-08-08T07:00:00+00:00,0.01297,0.01277,92.00000000,97.00000000,100.00000000,0.10000000,0.09845798,-1.54202005,-1.74047803,-1.74047803,24H
REMOVE_SYMBOL_TOP5,MSTRB/USDT,2026-08-07T11:00:00+00:00,2026-08-08T11:00:00+00:00,98.72,101.15,93.00000000,98.00000000,100.00000000,0.10000000,0.10246151,2.46150729,2.25904579,2.25904579,24H
REMOVE_SYMBOL_TOP5,RE/USDT,2026-08-08T05:00:00+00:00,2026-08-08T11:00:00+00:00,0.4102,0.4529,89.00000000,89.00000000,100.00000000,0.10000000,0.11040956,10.40955631,10.19914676,10.19914676,TAKE_PROFIT
REMOVE_SYMBOL_TOP5,LTC/USDT,2026-08-07T15:00:00+00:00,2026-08-08T15:00:00+00:00,45.96,45.88,90.00000000,95.00000000,100.00000000,0.10000000,0.09982594,-0.17406440,-0.37389034,-0.37389034,24H
REMOVE_SYMBOL_TOP5,GPS/USDT,2026-08-07T16:00:00+00:00,2026-08-08T16:00:00+00:00,0.00987,0.00982,90.00000000,95.00000000,100.00000000,0.10000000,0.09949341,-0.50658561,-0.70607903,-0.70607903,24H
REMOVE_SYMBOL_TOP5,BCH/USDT,2026-08-07T21:00:00+00:00,2026-08-08T21:00:00+00:00,215.8,216.4,81.00000000,80.00000000,100.00000000,0.10000000,0.10027804,0.27803522,0.07775718,0.07775718,24H
REMOVE_SYMBOL_TOP5,BICO/USDT,2026-08-08T03:00:00+00:00,2026-08-09T00:00:00+00:00,0.05893,0.06662,89.00000000,80.00000000,100.00000000,0.10000000,0.11304938,13.04938062,12.83633124,12.83633124,TAKE_PROFIT
REMOVE_SYMBOL_TOP5,ALPINE/USDT,2026-08-08T01:00:00+00:00,2026-08-09T01:00:00+00:00,0.321,0.334,87.00000000,87.00000000,100.00000000,0.10000000,0.10404984,4.04984424,3.84579439,3.84579439,24H
REMOVE_SYMBOL_TOP5,OPN/USDT,2026-08-08T03:00:00+00:00,2026-08-09T03:00:00+00:00,0.0536,0.0541,89.00000000,88.00000000,100.00000000,0.10000000,0.10093284,0.93283582,0.73190299,0.73190299,24H
REMOVE_SYMBOL_TOP5,MUBARAK/USDT,2026-08-08T11:00:00+00:00,2026-08-09T04:00:00+00:00,0.01469,0.01668,93.00000000,98.00000000,100.00000000,0.10000000,0.11354663,13.54663036,13.33308373,13.33308373,TAKE_PROFIT
REMOVE_SYMBOL_TOP5,TAO/USDT,2026-08-08T06:00:00+00:00,2026-08-09T06:00:00+00:00,197.4,205.4,90.00000000,95.00000000,100.00000000,0.10000000,0.10405268,4.05268490,3.84863222,3.84863222,24H
REMOVE_SYMBOL_TOP5,RARE/USDT,2026-08-08T07:00:00+00:00,2026-08-09T07:00:00+00:00,0.01242,0.01339,93.00000000,98.00000000,100.00000000,0.10000000,0.10780998,7.80998390,7.60217391,7.60217391,24H
REMOVE_SYMBOL_TOP5,BICO/USDT,2026-08-09T00:00:00+00:00,2026-08-09T08:00:00+00:00,0.06662,0.05181,92.00000000,89.00000000,100.00000000,0.10000000,0.07776944,-22.23056139,-22.40833083,-22.40833083,STOP_LOSS
REMOVE_SYMBOL_TOP5,BMT/USDT,2026-08-09T08:00:00+00:00,2026-08-09T09:00:00+00:00,0.01948,0.02397,90.00000000,92.00000000,100.00000000,0.10000000,0.12304928,23.04928131,22.82623203,22.82623203,TAKE_PROFIT
REMOVE_SYMBOL_TOP5,MUBARAK/USDT,2026-08-09T07:00:00+00:00,2026-08-09T10:00:00+00:00,0.0179,0.02001,95.00000000,92.00000000,100.00000000,0.10000000,0.11178771,11.78770950,11.57592179,11.57592179,TAKE_PROFIT
REMOVE_SYMBOL_TOP5,MUBARAK/USDT,2026-08-09T11:00:00+00:00,2026-08-09T12:00:00+00:00,0.01966,0.01844,89.00000000,80.00000000,100.00000000,0.10000000,0.09379451,-6.20549339,-6.39928789,-6.39928789,STOP_LOSS
REMOVE_SYMBOL_TOP5,BEL/USDT,2026-08-08T16:00:00+00:00,2026-08-09T16:00:00+00:00,0.1078,0.1117,90.00000000,95.00000000,100.00000000,0.10000000,0.10361781,3.61781076,3.41419295,3.41419295,24H
REMOVE_SYMBOL_TOP5,PORTAL/USDT,2026-08-08T21:00:00+00:00,2026-08-09T21:00:00+00:00,0.01177,0.01148,90.00000000,100.00000000,100.00000000,0.10000000,0.09753611,-2.46389125,-2.66142736,-2.66142736,24H
REMOVE_SYMBOL_TOP5,PLUME/USDT,2026-08-09T01:00:00+00:00,2026-08-10T01:00:00+00:00,0.01205,0.01221,85.00000000,87.00000000,100.00000000,0.10000000,0.10132780,1.32780083,1.12647303,1.12647303,24H
REMOVE_SYMBOL_TOP5,TREE/USDT,2026-08-09T03:00:00+00:00,2026-08-10T03:00:00+00:00,0.0375,0.0375,90.00000000,95.00000000,100.00000000,0.10000000,0.10000000,0.00000000,-0.20000000,-0.20000000,24H
REMOVE_SYMBOL_TOP5,EURI/USDT,2026-08-09T04:00:00+00:00,2026-08-10T04:00:00+00:00,1.1559,1.1554,84.00000000,84.00000000,100.00000000,0.10000000,0.09995674,-0.04325634,-0.24321308,-0.24321308,24H
REMOVE_SYMBOL_TOP5,ALPINE/USDT,2026-08-09T06:00:00+00:00,2026-08-10T06:00:00+00:00,0.336,0.331,90.00000000,95.00000000,100.00000000,0.10000000,0.09851190,-1.48809524,-1.68660714,-1.68660714,24H
REMOVE_SYMBOL_TOP5,ZEC/USDT,2026-08-09T09:00:00+00:00,2026-08-10T09:00:00+00:00,521.11,504.51,95.00000000,100.00000000,100.00000000,0.10000000,0.09681449,-3.18550786,-3.38232235,-3.38232235,24H
REMOVE_SYMBOL_TOP5,XAUT/USDT,2026-08-09T10:00:00+00:00,2026-08-10T10:00:00+00:00,4333.24,4316.43,87.00000000,87.00000000,100.00000000,0.10000000,0.09961207,-0.38793143,-0.58754350,-0.58754350,24H
REMOVE_SYMBOL_TOP5,SOXLB/USDT,2026-08-09T12:00:00+00:00,2026-08-10T12:00:00+00:00,142.46,140.05,87.00000000,87.00000000,100.00000000,0.10000000,0.09830830,-1.69170293,-1.89001123,-1.89001123,24H
REMOVE_SYMBOL_TOP5,CRCLB/USDT,2026-08-09T16:00:00+00:00,2026-08-10T16:00:00+00:00,68.32,65.86,90.00000000,95.00000000,100.00000000,0.10000000,0.09639930,-3.60070258,-3.79710187,-3.79710187,24H
REMOVE_SYMBOL_TOP5,TRUMP/USDT,2026-08-09T16:00:00+00:00,2026-08-10T16:00:00+00:00,1.521,1.486,90.00000000,100.00000000,100.00000000,0.10000000,0.09769888,-2.30111769,-2.49881657,-2.49881657,24H
REMOVE_SYMBOL_TOP5,RE/USDT,2026-08-10T10:00:00+00:00,2026-08-10T20:00:00+00:00,0.4269,0.4044,89.00000000,89.00000000,100.00000000,0.10000000,0.09472944,-5.27055517,-5.46528461,-5.46528461,STOP_LOSS
REMOVE_SYMBOL_TOP5,ALLO/USDT,2026-08-10T16:00:00+00:00,2026-08-10T22:00:00+00:00,0.3267,0.3081,95.00000000,100.00000000,100.00000000,0.10000000,0.09430670,-5.69329660,-5.88760331,-5.88760331,STOP_LOSS
REMOVE_SYMBOL_TOP5,PLUME/USDT,2026-08-10T01:00:00+00:00,2026-08-11T01:00:00+00:00,0.01221,0.01225,93.00000000,98.00000000,100.00000000,0.10000000,0.10032760,0.32760033,0.12727273,0.12727273,24H
REMOVE_SYMBOL_TOP5,EDEN/USDT,2026-08-10T03:00:00+00:00,2026-08-11T03:00:00+00:00,0.04498,0.04385,89.00000000,88.00000000,100.00000000,0.10000000,0.09748777,-2.51222766,-2.70971543,-2.70971543,24H
REMOVE_SYMBOL_TOP5,TREE/USDT,2026-08-10T04:00:00+00:00,2026-08-11T04:00:00+00:00,0.0377,0.0364,90.00000000,95.00000000,100.00000000,0.10000000,0.09655172,-3.44827586,-3.64482759,-3.64482759,24H
REMOVE_SYMBOL_TOP5,SPCXB/USDT,2026-08-10T09:00:00+00:00,2026-08-11T09:00:00+00:00,136.24,136.9,93.00000000,98.00000000,100.00000000,0.10000000,0.10048444,0.48443922,0.28395479,0.28395479,24H
REMOVE_SYMBOL_TOP5,WLD/USDT,2026-08-10T09:00:00+00:00,2026-08-11T09:00:00+00:00,0.343,0.3358,90.00000000,95.00000000,100.00000000,0.10000000,0.09790087,-2.09912536,-2.29702624,-2.29702624,24H
REMOVE_SYMBOL_TOP5,RARE/USDT,2026-08-10T20:00:00+00:00,2026-08-11T09:00:00+00:00,0.01368,0.01212,87.00000000,86.00000000,100.00000000,0.10000000,0.08859649,-11.40350877,-11.59210526,-11.59210526,STOP_LOSS
REMOVE_SYMBOL_TOP5,POL/USDT,2026-08-10T12:00:00+00:00,2026-08-11T12:00:00+00:00,0.07806,0.07553,83.00000000,75.00000000,100.00000000,0.10000000,0.09675890,-3.24109659,-3.43785550,-3.43785550,24H
REMOVE_SYMBOL_TOP5,PORTAL/USDT,2026-08-10T15:00:00+00:00,2026-08-11T14:00:00+00:00,0.01185,0.01116,95.00000000,100.00000000,100.00000000,0.10000000,0.09417722,-5.82278481,-6.01696203,-6.01696203,STOP_LOSS
REMOVE_SYMBOL_TOP5,PAXG/USDT,2026-08-10T16:00:00+00:00,2026-08-11T16:00:00+00:00,4348.17,4380.62,87.00000000,87.00000000,100.00000000,0.10000000,0.10074629,0.74629097,0.54554468,0.54554468,24H
REMOVE_SYMBOL_TOP5,GIGGLE/USDT,2026-08-11T12:00:00+00:00,2026-08-11T20:00:00+00:00,35.3,38.86,92.00000000,97.00000000,100.00000000,0.10000000,0.11008499,10.08498584,9.87490085,9.87490085,TAKE_PROFIT
REMOVE_SYMBOL_TOP5,PUMP/USDT,2026-08-10T22:00:00+00:00,2026-08-11T22:00:00+00:00,0.002809,0.002705,87.00000000,86.00000000,100.00000000,0.10000000,0.09629761,-3.70238519,-3.89868281,-3.89868281,24H
REMOVE_SYMBOL_TOP5,LINK/USDT,2026-08-11T01:00:00+00:00,2026-08-12T01:00:00+00:00,8.428,8.787,93.00000000,98.00000000,100.00000000,0.10000000,0.10425961,4.25961082,4.05535121,4.05535121,24H
REMOVE_SYMBOL_TOP5,TRUMP/USDT,2026-08-11T03:00:00+00:00,2026-08-12T03:00:00+00:00,1.518,1.49,95.00000000,100.00000000,100.00000000,0.10000000,0.09815547,-1.84453228,-2.04268775,-2.04268775,24H
REMOVE_SYMBOL_TOP5,ENA/USDT,2026-08-11T04:00:00+00:00,2026-08-12T04:00:00+00:00,0.0903,0.0898,90.00000000,95.00000000,100.00000000,0.10000000,0.09944629,-0.55370986,-0.75315615,-0.75315615,24H
REMOVE_SYMBOL_TOP5,BNB/USDT,2026-08-11T09:00:00+00:00,2026-08-12T09:00:00+00:00,607.19,613.7,87.00000000,86.00000000,100.00000000,0.10000000,0.10107215,1.07215204,0.87107989,0.87107989,24H
REMOVE_SYMBOL_TOP5,DOGE/USDT,2026-08-11T09:00:00+00:00,2026-08-12T09:00:00+00:00,0.07059,0.07204,84.00000000,84.00000000,100.00000000,0.10000000,0.10205412,2.05411531,1.85206120,1.85206120,24H
REMOVE_SYMBOL_TOP5,EDEN/USDT,2026-08-11T09:00:00+00:00,2026-08-12T09:00:00+00:00,0.04421,0.04442,84.00000000,83.00000000,100.00000000,0.10000000,0.10047501,0.47500565,0.27453065,0.27453065,24H
REMOVE_SYMBOL_TOP5,KORUB/USDT,2026-08-11T14:00:00+00:00,2026-08-12T12:00:00+00:00,17.95,19.83,89.00000000,88.00000000,100.00000000,0.10000000,0.11047354,10.47353760,10.26306407,10.26306407,TAKE_PROFIT
REMOVE_SYMBOL_TOP5,CRCLB/USDT,2026-08-11T16:00:00+00:00,2026-08-12T16:00:00+00:00,71.09,70.03,84.00000000,88.00000000,100.00000000,0.10000000,0.09850893,-1.49106766,-1.68957659,-1.68957659,24H
REMOVE_SYMBOL_TOP5,SOL/USDT,2026-08-11T20:00:00+00:00,2026-08-12T20:00:00+00:00,76.05,75.93,80.00000000,82.00000000,100.00000000,0.10000000,0.09984221,-0.15779093,-0.35763314,-0.35763314,24H
REMOVE_SYMBOL_TOP5,WLD/USDT,2026-08-12T01:00:00+00:00,2026-08-13T01:00:00+00:00,0.3406,0.3298,90.00000000,95.00000000,100.00000000,0.10000000,0.09682913,-3.17087493,-3.36770405,-3.36770405,24H
REMOVE_SYMBOL_TOP5,RE/USDT,2026-08-12T03:00:00+00:00,2026-08-13T03:00:00+00:00,0.435,0.4353,89.00000000,88.00000000,100.00000000,0.10000000,0.10006897,0.06896552,-0.13110345,-0.13110345,24H
REMOVE_SYMBOL_TOP5,GRAM/USDT,2026-08-12T04:00:00+00:00,2026-08-13T04:00:00+00:00,1.361,1.338,81.00000000,80.00000000,100.00000000,0.10000000,0.09831007,-1.68993387,-1.88824394,-1.88824394,24H
REMOVE_SYMBOL_TOP5,GPS/USDT,2026-08-12T09:00:00+00:00,2026-08-13T09:00:00+00:00,0.00981,0.01014,90.00000000,100.00000000,100.00000000,0.10000000,0.10336391,3.36391437,3.16055046,3.16055046,24H
REMOVE_SYMBOL_TOP5,PAXG/USDT,2026-08-12T09:00:00+00:00,2026-08-13T09:00:00+00:00,4413.47,4383.36,84.00000000,83.00000000,100.00000000,0.10000000,0.09931777,-0.68222963,-0.88154740,-0.88154740,24H
REMOVE_SYMBOL_TOP5,SOXLB/USDT,2026-08-12T09:00:00+00:00,2026-08-13T09:00:00+00:00,140.47,142.68,84.00000000,88.00000000,100.00000000,0.10000000,0.10157329,1.57328967,1.37171638,1.37171638,24H
REMOVE_SYMBOL_TOP5,LINK/USDT,2026-08-12T12:00:00+00:00,2026-08-13T12:00:00+00:00,8.849,8.782,93.00000000,98.00000000,100.00000000,0.10000000,0.09924285,-0.75714770,-0.95639055,-0.95639055,24H
REMOVE_SYMBOL_TOP5,EDEN/USDT,2026-08-12T16:00:00+00:00,2026-08-13T15:00:00+00:00,0.04516,0.04974,93.00000000,98.00000000,100.00000000,0.10000000,0.11014172,10.14171833,9.93157662,9.93157662,TAKE_PROFIT
REMOVE_SYMBOL_TOP5,SNDKB/USDT,2026-08-13T12:00:00+00:00,2026-08-13T15:00:00+00:00,1353.63,1532.99,90.00000000,95.00000000,100.00000000,0.10000000,0.11325030,13.25029735,13.03704705,13.03704705,TAKE_PROFIT
REMOVE_SYMBOL_TOP5,EDEN/USDT,2026-08-13T15:00:00+00:00,2026-08-13T18:00:00+00:00,0.04974,0.05933,90.00000000,100.00000000,100.00000000,0.10000000,0.11928026,19.28025734,19.06097708,19.06097708,TAKE_PROFIT
REMOVE_SYMBOL_TOP5,CRCLB/USDT,2026-08-12T20:00:00+00:00,2026-08-13T20:00:00+00:00,70.98,75.27,78.00000000,65.00000000,100.00000000,0.10000000,0.10604396,6.04395604,5.83791209,5.83791209,24H
REMOVE_SYMBOL_TOP5,RLUSD/USDT,2026-08-13T01:00:00+00:00,2026-08-14T01:00:00+00:00,1.0011,1.001,87.00000000,87.00000000,100.00000000,0.10000000,0.09999001,-0.00998901,-0.20997902,-0.20997902,24H
REMOVE_SYMBOL_TOP5,AVAX/USDT,2026-08-13T03:00:00+00:00,2026-08-14T03:00:00+00:00,6.512,6.417,79.00000000,76.00000000,100.00000000,0.10000000,0.09854115,-1.45884521,-1.65738636,-1.65738636,24H
REMOVE_SYMBOL_TOP5,PUMP/USDT,2026-08-13T04:00:00+00:00,2026-08-14T04:00:00+00:00,0.002772,0.002918,82.00000000,82.00000000,100.00000000,0.10000000,0.10526696,5.26695527,5.06168831,5.06168831,24H
REMOVE_SYMBOL_TOP5,RE/USDT,2026-08-13T09:00:00+00:00,2026-08-14T09:00:00+00:00,0.4494,0.4391,95.00000000,100.00000000,100.00000000,0.10000000,0.09770806,-2.29194482,-2.48965287,-2.48965287,24H
REMOVE_SYMBOL_TOP5,WLD/USDT,2026-08-13T09:00:00+00:00,2026-08-14T09:00:00+00:00,0.3466,0.3357,95.00000000,100.00000000,100.00000000,0.10000000,0.09685516,-3.14483555,-3.34169071,-3.34169071,24H
REMOVE_SYMBOL_TOP5,XUSD/USDT,2026-08-13T09:00:00+00:00,2026-08-14T09:00:00+00:00,1.001,1.0012,87.00000000,87.00000000,100.00000000,0.10000000,0.10001998,0.01998002,-0.18003996,-0.18003996,24H
REMOVE_SYMBOL_TOP5,DEXE/USDT,2026-08-13T18:00:00+00:00,2026-08-14T09:00:00+00:00,2.06,1.937,79.00000000,76.00000000,100.00000000,0.10000000,0.09402913,-5.97087379,-6.16490291,-6.16490291,STOP_LOSS
REMOVE_SYMBOL_TOP5,SOXLB/USDT,2026-08-13T15:00:00+00:00,2026-08-14T15:00:00+00:00,149.63,140.58,89.00000000,88.00000000,100.00000000,0.10000000,0.09395175,-6.04825236,-6.24220410,-6.24220410,STOP_LOSS
REMOVE_SYMBOL_TOP5,HEI/USDT,2026-08-14T15:00:00+00:00,2026-08-14T18:00:00+00:00,0.1446,0.1335,89.00000000,81.00000000,100.00000000,0.10000000,0.09232365,-7.67634855,-7.86867220,-7.86867220,STOP_LOSS
REMOVE_SYMBOL_TOP5,TAO/USDT,2026-08-13T20:00:00+00:00,2026-08-14T20:00:00+00:00,202.9,197.8,87.00000000,86.00000000,100.00000000,0.10000000,0.09748645,-2.51355347,-2.71103992,-2.71103992,24H
REMOVE_SYMBOL_TOP5,EDEN/USDT,2026-08-14T18:00:00+00:00,2026-08-15T00:00:00+00:00,0.06159,0.05846,84.00000000,76.00000000,100.00000000,0.10000000,0.09491801,-5.08199383,-5.27691184,-5.27691184,STOP_LOSS
REMOVE_SYMBOL_TOP5,RED/USDT,2026-08-14T01:00:00+00:00,2026-08-15T01:00:00+00:00,0.0891,0.0873,84.00000000,89.00000000,100.00000000,0.10000000,0.09797980,-2.02020202,-2.21818182,-2.21818182,24H
REMOVE_SYMBOL_TOP5,LINK/USDT,2026-08-14T09:00:00+00:00,2026-08-15T02:00:00+00:00,8.82,9.725,84.00000000,84.00000000,100.00000000,0.10000000,0.11026077,10.26077098,10.05051020,10.05051020,TAKE_PROFIT
REMOVE_SYMBOL_TOP5,PUMP/USDT,2026-08-14T04:00:00+00:00,2026-08-15T03:00:00+00:00,0.002918,0.00274,87.00000000,86.00000000,100.00000000,0.10000000,0.09389993,-6.10006854,-6.29396847,-6.29396847,STOP_LOSS
REMOVE_SYMBOL_TOP5,KORUB/USDT,2026-08-14T06:00:00+00:00,2026-08-15T06:00:00+00:00,21.69,21.63,92.00000000,97.00000000,100.00000000,0.10000000,0.09972337,-0.27662517,-0.47634855,-0.47634855,24H
REMOVE_SYMBOL_TOP5,WLFI/USDT,2026-08-14T07:00:00+00:00,2026-08-15T07:00:00+00:00,0.0555,0.0566,93.00000000,98.00000000,100.00000000,0.10000000,0.10198198,1.98198198,1.78000000,1.78000000,24H
REMOVE_SYMBOL_TOP5,RLUSD/USDT,2026-08-14T09:00:00+00:00,2026-08-15T09:00:00+00:00,1.0011,1.0013,87.00000000,87.00000000,100.00000000,0.10000000,0.10001998,0.01997802,-0.18004195,-0.18004195,24H
REMOVE_SYMBOL_TOP5,U/USDT,2026-08-14T09:00:00+00:00,2026-08-15T09:00:00+00:00,1.0005,1.0005,87.00000000,87.00000000,100.00000000,0.10000000,0.10000000,0.00000000,-0.20000000,-0.20000000,24H
REMOVE_SYMBOL_TOP5,USDE/USDT,2026-08-14T09:00:00+00:00,2026-08-15T09:00:00+00:00,1.0008,1.001,87.00000000,87.00000000,100.00000000,0.10000000,0.10001998,0.01998401,-0.18003597,-0.18003597,24H
REMOVE_SYMBOL_TOP5,PLUME/USDT,2026-08-15T01:00:00+00:00,2026-08-15T10:00:00+00:00,0.0127,0.0141,89.00000000,88.00000000,100.00000000,0.10000000,0.11102362,11.02362205,10.81259843,10.81259843,TAKE_PROFIT
REMOVE_SYMBOL_TOP5,CHIP/USDT,2026-08-15T03:00:00+00:00,2026-08-15T19:00:00+00:00,0.02362,0.02681,89.00000000,89.00000000,100.00000000,0.10000000,0.11350550,13.50550381,13.29199831,13.29199831,TAKE_PROFIT
REMOVE_SYMBOL_TOP5,RE/USDT,2026-08-15T00:00:00+00:00,2026-08-16T00:00:00+00:00,0.4576,0.4645,92.00000000,97.00000000,100.00000000,0.10000000,0.10150787,1.50786713,1.30635927,1.30635927,24H
REMOVE_SYMBOL_TOP5,XPL/USDT,2026-08-15T02:00:00+00:00,2026-08-16T02:00:00+00:00,0.07735,0.07672,89.00000000,89.00000000,100.00000000,0.10000000,0.09918552,-0.81447964,-1.01366516,-1.01366516,24H
REMOVE_SYMBOL_TOP5,GPS/USDT,2026-08-15T07:00:00+00:00,2026-08-16T07:00:00+00:00,0.01054,0.01114,83.00000000,75.00000000,100.00000000,0.10000000,0.10569260,5.69259962,5.48690702,5.48690702,24H
REMOVE_SYMBOL_TOP5,U/USDT,2026-08-15T09:00:00+00:00,2026-08-16T09:00:00+00:00,1.0005,1.0004,84.00000000,84.00000000,100.00000000,0.10000000,0.09999000,-0.00999500,-0.20998501,-0.20998501,24H
REMOVE_SYMBOL_TOP5,BNB/USDT,2026-08-15T09:00:00+00:00,2026-08-16T09:00:00+00:00,611.88,607.33,81.00000000,80.00000000,100.00000000,0.10000000,0.09925639,-0.74360986,-0.94286625,-0.94286625,24H
REMOVE_SYMBOL_TOP5,EUR/USDT,2026-08-15T09:00:00+00:00,2026-08-16T09:00:00+00:00,1.1577,1.1575,81.00000000,80.00000000,100.00000000,0.10000000,0.09998272,-0.01727563,-0.21725836,-0.21725836,24H
REMOVE_SYMBOL_TOP5,OPN/USDT,2026-08-15T10:00:00+00:00,2026-08-16T10:00:00+00:00,0.0498,0.0532,84.00000000,89.00000000,100.00000000,0.10000000,0.10682731,6.82730924,6.62048193,6.62048193,24H
REMOVE_SYMBOL_TOP5,GPS/USDT,2026-08-16T07:00:00+00:00,2026-08-16T11:00:00+00:00,0.01114,0.0105,95.00000000,100.00000000,100.00000000,0.10000000,0.09425494,-5.74506284,-5.93931777,-5.93931777,STOP_LOSS
REMOVE_SYMBOL_TOP5,PORTAL/USDT,2026-08-16T11:00:00+00:00,2026-08-16T12:00:00+00:00,0.01226,0.016,90.00000000,100.00000000,100.00000000,0.10000000,0.13050571,30.50570962,30.27520392,30.27520392,TAKE_PROFIT
REMOVE_SYMBOL_TOP5,BEL/USDT,2026-08-16T09:00:00+00:00,2026-08-16T18:00:00+00:00,0.1072,0.1222,93.00000000,98.00000000,100.00000000,0.10000000,0.11399254,13.99253731,13.77854478,13.77854478,TAKE_PROFIT
REMOVE_SYMBOL_TOP5,SKHYB/USDT,2026-08-15T19:00:00+00:00,2026-08-16T19:00:00+00:00,167.66,167.91,87.00000000,87.00000000,100.00000000,0.10000000,0.10014911,0.14911130,-0.05103781,-0.05103781,24H
REMOVE_SYMBOL_TOP5,ALPINE/USDT,2026-08-15T20:00:00+00:00,2026-08-16T20:00:00+00:00,0.32,0.317,89.00000000,89.00000000,100.00000000,0.10000000,0.09906250,-0.93750000,-1.13656250,-1.13656250,24H
REMOVE_SYMBOL_TOP5,XPL/USDT,2026-08-16T09:00:00+00:00,2026-08-16T21:00:00+00:00,0.07827,0.07432,93.00000000,98.00000000,100.00000000,0.10000000,0.09495337,-5.04663345,-5.24158681,-5.24158681,STOP_LOSS
REMOVE_SYMBOL_TOP5,PORTAL/USDT,2026-08-16T18:00:00+00:00,2026-08-16T22:00:00+00:00,0.01674,0.01866,90.00000000,92.00000000,100.00000000,0.10000000,0.11146953,11.46953405,11.25806452,11.25806452,TAKE_PROFIT
REMOVE_SYMBOL_TOP5,WLFI/USDT,2026-08-16T00:00:00+00:00,2026-08-17T00:00:00+00:00,0.0578,0.0598,92.00000000,97.00000000,100.00000000,0.10000000,0.10346021,3.46020761,3.25674740,3.25674740,24H
REMOVE_SYMBOL_TOP5,SNXXB/USDT,2026-08-16T02:00:00+00:00,2026-08-17T02:00:00+00:00,16.54,17.69,88.00000000,93.00000000,100.00000000,0.10000000,0.10695284,6.95284160,6.74588875,6.74588875,24H
REMOVE_SYMBOL_TOP5,GPS/USDT,2026-08-17T01:00:00+00:00,2026-08-17T03:00:00+00:00,0.01195,0.01394,95.00000000,100.00000000,100.00000000,0.10000000,0.11665272,16.65271967,16.43606695,16.43606695,TAKE_PROFIT
REMOVE_SYMBOL_TOP5,CHIP/USDT,2026-08-16T09:00:00+00:00,2026-08-17T07:00:00+00:00,0.02897,0.03253,92.00000000,97.00000000,100.00000000,0.10000000,0.11228857,12.28857439,12.07628581,12.07628581,TAKE_PROFIT
REMOVE_SYMBOL_TOP5,CHIP/USDT,2026-08-17T07:00:00+00:00,2026-08-17T08:00:00+00:00,0.03253,0.02993,90.00000000,100.00000000,100.00000000,0.10000000,0.09200738,-7.99262219,-8.18462957,-8.18462957,STOP_LOSS
REMOVE_SYMBOL_TOP5,PLUME/USDT,2026-08-16T10:00:00+00:00,2026-08-17T10:00:00+00:00,0.01311,0.01258,87.00000000,86.00000000,100.00000000,0.10000000,0.09595728,-4.04271548,-4.23867277,-4.23867277,24H
REMOVE_SYMBOL_TOP5,RLUSD/USDT,2026-08-16T12:00:00+00:00,2026-08-17T12:00:00+00:00,1.0012,1.0012,84.00000000,84.00000000,100.00000000,0.10000000,0.10000000,0.00000000,-0.20000000,-0.20000000,24H
REMOVE_SYMBOL_TOP5,KORUB/USDT,2026-08-17T02:00:00+00:00,2026-08-17T14:00:00+00:00,22.24,25.04,93.00000000,98.00000000,100.00000000,0.10000000,0.11258993,12.58992806,12.37733813,12.37733813,TAKE_PROFIT
REMOVE_SYMBOL_TOP5,CHIP/USDT,2026-08-17T08:00:00+00:00,2026-08-17T18:00:00+00:00,0.02993,0.02814,95.00000000,100.00000000,100.00000000,0.10000000,0.09401938,-5.98062145,-6.17464083,-6.17464083,STOP_LOSS
REMOVE_SYMBOL_TOP5,EUR/USDT,2026-08-16T19:00:00+00:00,2026-08-17T19:00:00+00:00,1.1577,1.1588,87.00000000,87.00000000,100.00000000,0.10000000,0.10009502,0.09501598,-0.10507904,-0.10507904,24H
REMOVE_SYMBOL_TOP5,BEL/USDT,2026-08-16T20:00:00+00:00,2026-08-17T20:00:00+00:00,0.1115,0.1082,87.00000000,87.00000000,100.00000000,0.10000000,0.09704036,-2.95964126,-3.15668161,-3.15668161,24H
REMOVE_SYMBOL_TOP5,RARE/USDT,2026-08-16T21:00:00+00:00,2026-08-17T21:00:00+00:00,0.01217,0.01231,87.00000000,87.00000000,100.00000000,0.10000000,0.10115037,1.15036976,0.94921939,0.94921939,24H
REMOVE_SYMBOL_TOP5,MUBARAK/USDT,2026-08-17T00:00:00+00:00,2026-08-17T21:00:00+00:00,0.0175,0.01661,92.00000000,97.00000000,100.00000000,0.10000000,0.09491429,-5.08571429,-5.28062857,-5.28062857,STOP_LOSS
REMOVE_SYMBOL_TOP5,EURI/USDT,2026-08-16T22:00:00+00:00,2026-08-17T22:00:00+00:00,1.1579,1.1588,76.00000000,71.00000000,100.00000000,0.10000000,0.10007773,0.07772692,-0.12235081,-0.12235081,24H
REMOVE_SYMBOL_TOP5,SNXXB/USDT,2026-08-17T22:00:00+00:00,2026-08-18T01:00:00+00:00,19.6,18.22,89.00000000,88.00000000,100.00000000,0.10000000,0.09295918,-7.04081633,-7.23377551,-7.23377551,STOP_LOSS
REMOVE_SYMBOL_TOP5,GPS/USDT,2026-08-17T12:00:00+00:00,2026-08-18T05:00:00+00:00,0.01554,0.0172,92.00000000,89.00000000,100.00000000,0.10000000,0.11068211,10.68211068,10.47142857,10.47142857,TAKE_PROFIT
REMOVE_SYMBOL_TOP5,BMT/USDT,2026-08-17T18:00:00+00:00,2026-08-18T05:00:00+00:00,0.01605,0.01519,89.00000000,89.00000000,100.00000000,0.10000000,0.09464174,-5.35825545,-5.55289720,-5.55289720,STOP_LOSS
REMOVE_SYMBOL_TOP5,EDEN/USDT,2026-08-18T05:00:00+00:00,2026-08-18T07:00:00+00:00,0.05105,0.05792,92.00000000,97.00000000,100.00000000,0.10000000,0.11345739,13.45739471,13.24393732,13.24393732,TAKE_PROFIT
REMOVE_SYMBOL_TOP5,OPN/USDT,2026-08-17T20:00:00+00:00,2026-08-18T09:00:00+00:00,0.0527,0.0587,84.00000000,84.00000000,100.00000000,0.10000000,0.11138520,11.38519924,11.17381404,11.17381404,TAKE_PROFIT
REMOVE_SYMBOL_TOP5,USDC/USDT,2026-08-17T10:00:00+00:00,2026-08-18T10:00:00+00:00,1.00097,1.00088,87.00000000,87.00000000,100.00000000,0.10000000,0.09999101,-0.00899128,-0.20898229,-0.20898229,24H
REMOVE_SYMBOL_TOP5,CRCLB/USDT,2026-08-17T14:00:00+00:00,2026-08-18T14:00:00+00:00,74.31,72.15,90.00000000,100.00000000,100.00000000,0.10000000,0.09709326,-2.90674203,-3.10383528,-3.10383528,24H
REMOVE_SYMBOL_TOP5,POL/USDT,2026-08-17T19:00:00+00:00,2026-08-18T19:00:00+00:00,0.08002,0.08209,92.00000000,97.00000000,100.00000000,0.10000000,0.10258685,2.58685329,2.38426643,2.38426643,24H
REMOVE_SYMBOL_TOP5,AAVE/USDT,2026-08-17T21:00:00+00:00,2026-08-18T21:00:00+00:00,89.04,88.29,79.00000000,79.00000000,100.00000000,0.10000000,0.09915768,-0.84231806,-1.04147574,-1.04147574,24H
REMOVE_SYMBOL_TOP5,ALLO/USDT,2026-08-17T21:00:00+00:00,2026-08-18T21:00:00+00:00,0.2909,0.2978,78.00000000,73.00000000,100.00000000,0.10000000,0.10237195,2.37194912,2.16957717,2.16957717,24H
REMOVE_SYMBOL_TOP5,GPS/USDT,2026-08-18T10:00:00+00:00,2026-08-19T01:00:00+00:00,0.01728,0.0146,89.00000000,80.00000000,100.00000000,0.10000000,0.08449074,-15.50925926,-15.69375000,-15.69375000,STOP_LOSS
REMOVE_SYMBOL_TOP5,BTC/USDT,2026-08-18T05:00:00+00:00,2026-08-19T05:00:00+00:00,64242.76,64236.01,81.00000000,81.00000000,100.00000000,0.10000000,0.09998949,-0.01050702,-0.21049651,-0.21049651,24H
REMOVE_SYMBOL_TOP5,ARB/USDT,2026-08-18T09:00:00+00:00,2026-08-19T09:00:00+00:00,0.0755,0.077,87.00000000,87.00000000,100.00000000,0.10000000,0.10198675,1.98675497,1.78476821,1.78476821,24H
REMOVE_SYMBOL_TOP5,MUBARAK/USDT,2026-08-19T01:00:00+00:00,2026-08-19T09:00:00+00:00,0.0173,0.01908,80.00000000,72.00000000,100.00000000,0.10000000,0.11028902,10.28901734,10.07872832,10.07872832,TAKE_PROFIT
REMOVE_SYMBOL_TOP5,SOL/USDT,2026-08-18T14:00:00+00:00,2026-08-19T14:00:00+00:00,76.8,80.89,93.00000000,98.00000000,100.00000000,0.10000000,0.10532552,5.32552083,5.12019531,5.12019531,24H
REMOVE_SYMBOL_TOP5,ETH/USDT,2026-08-18T14:00:00+00:00,2026-08-19T14:00:00+00:00,1911.02,1970.6,90.00000000,95.00000000,100.00000000,0.10000000,0.10311771,3.11770677,2.91458907,2.91458907,24H
REMOVE_SYMBOL_TOP5,TREE/USDT,2026-08-19T12:00:00+00:00,2026-08-19T14:00:00+00:00,0.0343,0.0406,95.00000000,100.00000000,100.00000000,0.10000000,0.11836735,18.36734694,18.14897959,18.14897959,TAKE_PROFIT
REMOVE_SYMBOL_TOP5,RE/USDT,2026-08-19T09:00:00+00:00,2026-08-19T15:00:00+00:00,0.4022,0.4585,79.00000000,76.00000000,100.00000000,0.10000000,0.11399801,13.99801094,13.78401293,13.78401293,TAKE_PROFIT
REMOVE_SYMBOL_TOP5,EDEN/USDT,2026-08-19T14:00:00+00:00,2026-08-19T15:00:00+00:00,0.05968,0.05515,95.00000000,100.00000000,100.00000000,0.10000000,0.09240952,-7.59048257,-7.78289209,-7.78289209,STOP_LOSS
REMOVE_SYMBOL_TOP5,PUMP/USDT,2026-08-18T19:00:00+00:00,2026-08-19T16:00:00+00:00,0.00285,0.003162,82.00000000,82.00000000,100.00000000,0.10000000,0.11094737,10.94736842,10.73642105,10.73642105,TAKE_PROFIT
REMOVE_SYMBOL_TOP5,LINK/USDT,2026-08-18T18:00:00+00:00,2026-08-19T18:00:00+00:00,9.516,9.991,79.00000000,74.00000000,100.00000000,0.10000000,0.10499159,4.99159311,4.78660151,4.78660151,24H
REMOVE_SYMBOL_TOP5,ARB/USDT,2026-08-19T09:00:00+00:00,2026-08-19T20:00:00+00:00,0.077,0.0847,84.00000000,84.00000000,100.00000000,0.10000000,0.11000000,10.00000000,9.79000000,9.79000000,TAKE_PROFIT
REMOVE_SYMBOL_TOP5,UNI/USDT,2026-08-19T05:00:00+00:00,2026-08-19T21:00:00+00:00,3.327,3.712,70.00000000,65.00000000,100.00000000,0.10000000,0.11157199,11.57198677,11.36041479,11.36041479,TAKE_PROFIT
REMOVE_SYMBOL_TOP5,TAO/USDT,2026-08-20T23:00:00+00:00,2026-08-21T23:00:00+00:00,214.9,229.9,72.00000000,67.00000000,100.00000000,0.10000000,0.10697999,6.97999069,6.77301070,6.77301070,24H
REMOVE_SYMBOL_TOP10,DEXE/USDT,2026-07-18T13:00:00+00:00,2026-07-19T06:00:00+00:00,36.519,34.466,75.00000000,70.00000000,100.00000000,0.10000000,0.09437827,-5.62173115,-5.81610942,-5.81610942,STOP_LOSS
REMOVE_SYMBOL_TOP10,CHIP/USDT,2026-07-18T13:00:00+00:00,2026-07-19T13:00:00+00:00,0.03159,0.03049,75.00000000,70.00000000,100.00000000,0.10000000,0.09651789,-3.48211459,-3.67863248,-3.67863248,24H
REMOVE_SYMBOL_TOP10,ALLO/USDT,2026-07-18T14:00:00+00:00,2026-07-19T14:00:00+00:00,0.4592,0.4639,72.00000000,67.00000000,100.00000000,0.10000000,0.10102352,1.02351916,0.82249564,0.82249564,24H
REMOVE_SYMBOL_TOP10,ZEC/USDT,2026-07-18T16:00:00+00:00,2026-07-19T16:00:00+00:00,556.73,551.43,70.00000000,65.00000000,100.00000000,0.10000000,0.09904801,-0.95198750,-1.15103551,-1.15103551,24H
REMOVE_SYMBOL_TOP10,ETH/USDT,2026-07-18T18:00:00+00:00,2026-07-19T18:00:00+00:00,1857.54,1861.12,70.00000000,65.00000000,100.00000000,0.10000000,0.10019273,0.19272802,-0.00746471,-0.00746471,24H
REMOVE_SYMBOL_TOP10,TAO/USDT,2026-07-18T19:00:00+00:00,2026-07-19T19:00:00+00:00,195.9,197.1,70.00000000,65.00000000,100.00000000,0.10000000,0.10061256,0.61255743,0.41194487,0.41194487,24H
REMOVE_SYMBOL_TOP10,CRCLB/USDT,2026-07-19T01:00:00+00:00,2026-07-20T01:00:00+00:00,61.4,60.65,73.00000000,68.00000000,100.00000000,0.10000000,0.09877850,-1.22149837,-1.42027687,-1.42027687,24H
REMOVE_SYMBOL_TOP10,OPN/USDT,2026-07-19T02:00:00+00:00,2026-07-20T02:00:00+00:00,0.0637,0.0616,70.00000000,65.00000000,100.00000000,0.10000000,0.09670330,-3.29670330,-3.49340659,-3.49340659,24H
REMOVE_SYMBOL_TOP10,PEPE/USDT,2026-07-19T06:00:00+00:00,2026-07-20T06:00:00+00:00,2.8e-06,2.82e-06,73.00000000,68.00000000,100.00000000,0.10000000,0.10071429,0.71428571,0.51357143,0.51357143,24H
REMOVE_SYMBOL_TOP10,LTC/USDT,2026-07-19T13:00:00+00:00,2026-07-20T13:00:00+00:00,47.36,46.69,73.00000000,68.00000000,100.00000000,0.10000000,0.09858530,-1.41469595,-1.61328125,-1.61328125,24H
REMOVE_SYMBOL_TOP10,GPS/USDT,2026-07-19T14:00:00+00:00,2026-07-20T14:00:00+00:00,0.00908,0.00905,70.00000000,65.00000000,100.00000000,0.10000000,0.09966960,-0.33039648,-0.53006608,-0.53006608,24H
REMOVE_SYMBOL_TOP10,EDEN/USDT,2026-07-19T16:00:00+00:00,2026-07-20T16:00:00+00:00,0.04415,0.04281,70.00000000,65.00000000,100.00000000,0.10000000,0.09696489,-3.03510759,-3.23207248,-3.23207248,24H
REMOVE_SYMBOL_TOP10,ALLO/USDT,2026-07-20T16:00:00+00:00,2026-07-20T20:00:00+00:00,0.4872,0.4611,75.00000000,70.00000000,100.00000000,0.10000000,0.09464286,-5.35714286,-5.55178571,-5.55178571,STOP_LOSS
REMOVE_SYMBOL_TOP10,EWYB/USDT,2026-07-19T22:00:00+00:00,2026-07-20T22:00:00+00:00,166.67,163.53,75.00000000,70.00000000,100.00000000,0.10000000,0.09811604,-1.88396232,-2.08207836,-2.08207836,24H
REMOVE_SYMBOL_TOP10,MUB/USDT,2026-07-19T22:00:00+00:00,2026-07-20T22:00:00+00:00,867.11,873.22,73.00000000,68.00000000,100.00000000,0.10000000,0.10070464,0.70463955,0.50393491,0.50393491,24H
REMOVE_SYMBOL_TOP10,ETH/USDT,2026-07-19T22:00:00+00:00,2026-07-20T22:00:00+00:00,1870.44,1895.72,70.00000000,65.00000000,100.00000000,0.10000000,0.10135155,1.35155365,1.15020209,1.15020209,24H
REMOVE_SYMBOL_TOP10,LINK/USDT,2026-07-20T01:00:00+00:00,2026-07-21T01:00:00+00:00,8.422,8.592,73.00000000,68.00000000,100.00000000,0.10000000,0.10201852,2.01852292,1.81650439,1.81650439,24H
REMOVE_SYMBOL_TOP10,MSTRB/USDT,2026-07-20T02:00:00+00:00,2026-07-21T02:00:00+00:00,95.95,99.27,70.00000000,65.00000000,100.00000000,0.10000000,0.10346014,3.46013549,3.25667535,3.25667535,24H
REMOVE_SYMBOL_TOP10,DEXE/USDT,2026-07-21T00:00:00+00:00,2026-07-21T02:00:00+00:00,37.721,34.091,75.00000000,70.00000000,100.00000000,0.10000000,0.09037671,-9.62328676,-9.81366348,-9.81366348,STOP_LOSS
REMOVE_SYMBOL_TOP10,SOXLB/USDT,2026-07-21T00:00:00+00:00,2026-07-21T08:00:00+00:00,139.06,153.96,73.00000000,68.00000000,100.00000000,0.10000000,0.11071480,10.71479937,10.50408457,10.50408457,TAKE_PROFIT
REMOVE_SYMBOL_TOP10,NEAR/USDT,2026-07-20T13:00:00+00:00,2026-07-21T13:00:00+00:00,1.965,1.988,73.00000000,68.00000000,100.00000000,0.10000000,0.10117048,1.17048346,0.96931298,0.96931298,24H
REMOVE_SYMBOL_TOP10,CRCLB/USDT,2026-07-20T14:00:00+00:00,2026-07-21T13:00:00+00:00,63.12,70.14,70.00000000,70.00000000,100.00000000,0.10000000,0.11112167,11.12167300,10.91055133,10.91055133,TAKE_PROFIT
REMOVE_SYMBOL_TOP10,BMT/USDT,2026-07-20T15:00:00+00:00,2026-07-21T15:00:00+00:00,0.01184,0.01197,73.00000000,68.00000000,100.00000000,0.10000000,0.10109797,1.09797297,0.89687500,0.89687500,24H
REMOVE_SYMBOL_TOP10,MUB/USDT,2026-07-21T01:00:00+00:00,2026-07-21T16:00:00+00:00,886.11,977.63,73.00000000,68.00000000,100.00000000,0.10000000,0.11032829,10.32828881,10.11796052,10.11796052,TAKE_PROFIT
REMOVE_SYMBOL_TOP10,RARE/USDT,2026-07-20T20:00:00+00:00,2026-07-21T20:00:00+00:00,0.0128,0.0127,73.00000000,68.00000000,100.00000000,0.10000000,0.09921875,-0.78125000,-0.98046875,-0.98046875,24H
REMOVE_SYMBOL_TOP10,RED/USDT,2026-07-21T01:00:00+00:00,2026-07-22T01:00:00+00:00,0.1032,0.1011,75.00000000,70.00000000,100.00000000,0.10000000,0.09796512,-2.03488372,-2.23284884,-2.23284884,24H
REMOVE_SYMBOL_TOP10,EWYB/USDT,2026-07-21T02:00:00+00:00,2026-07-22T02:00:00+00:00,167.22,174.49,75.00000000,70.00000000,100.00000000,0.10000000,0.10434757,4.34756608,4.14321851,4.14321851,24H
REMOVE_SYMBOL_TOP10,SKHYB/USDT,2026-07-21T06:00:00+00:00,2026-07-22T06:00:00+00:00,160.21,163.65,72.00000000,67.00000000,100.00000000,0.10000000,0.10214718,2.14718182,1.94503464,1.94503464,24H
REMOVE_SYMBOL_TOP10,ALLO/USDT,2026-07-21T13:00:00+00:00,2026-07-22T13:00:00+00:00,0.4991,0.5038,75.00000000,70.00000000,100.00000000,0.10000000,0.10094170,0.94169505,0.74075336,0.74075336,24H
REMOVE_SYMBOL_TOP10,SNDKB/USDT,2026-07-21T13:00:00+00:00,2026-07-22T13:00:00+00:00,1529.08,1577.19,70.00000000,70.00000000,100.00000000,0.10000000,0.10314634,3.14633636,2.94319002,2.94319002,24H
REMOVE_SYMBOL_TOP10,MSTRB/USDT,2026-07-21T15:00:00+00:00,2026-07-22T15:00:00+00:00,102.67,99.78,73.00000000,68.00000000,100.00000000,0.10000000,0.09718516,-2.81484367,-3.01202883,-3.01202883,24H
REMOVE_SYMBOL_TOP10,GRAM/USDT,2026-07-21T16:00:00+00:00,2026-07-22T16:00:00+00:00,1.518,1.517,72.00000000,67.00000000,100.00000000,0.10000000,0.09993412,-0.06587615,-0.26581028,-0.26581028,24H
REMOVE_SYMBOL_TOP10,CHIP/USDT,2026-07-22T02:00:00+00:00,2026-07-23T02:00:00+00:00,0.0306,0.03026,70.00000000,65.00000000,100.00000000,0.10000000,0.09888889,-1.11111111,-1.31000000,-1.31000000,24H
REMOVE_SYMBOL_TOP10,BEL/USDT,2026-07-22T06:00:00+00:00,2026-07-23T06:00:00+00:00,0.1042,0.1018,70.00000000,65.00000000,100.00000000,0.10000000,0.09769674,-2.30326296,-2.50095969,-2.50095969,24H
REMOVE_SYMBOL_TOP10,ENA/USDT,2026-07-22T08:00:00+00:00,2026-07-23T08:00:00+00:00,0.0882,0.0919,70.00000000,65.00000000,100.00000000,0.10000000,0.10419501,4.19501134,3.99081633,3.99081633,24H
REMOVE_SYMBOL_TOP10,ONDO/USDT,2026-07-22T10:00:00+00:00,2026-07-23T10:00:00+00:00,0.4109,0.4035,75.00000000,70.00000000,100.00000000,0.10000000,0.09819908,-1.80092480,-1.99912387,-1.99912387,24H
REMOVE_SYMBOL_TOP10,AAVE/USDT,2026-07-22T13:00:00+00:00,2026-07-23T13:00:00+00:00,97.91,96.11,75.00000000,70.00000000,100.00000000,0.10000000,0.09816158,-1.83842304,-2.03658462,-2.03658462,24H
REMOVE_SYMBOL_TOP10,MUB/USDT,2026-07-22T13:00:00+00:00,2026-07-23T13:00:00+00:00,972.31,977.98,75.00000000,70.00000000,100.00000000,0.10000000,0.10058315,0.58314735,0.38256420,0.38256420,24H
REMOVE_SYMBOL_TOP10,ADA/USDT,2026-07-22T15:00:00+00:00,2026-07-23T15:00:00+00:00,0.1779,0.1705,75.00000000,70.00000000,100.00000000,0.10000000,0.09584036,-4.15964025,-4.35548061,-4.35548061,24H
REMOVE_SYMBOL_TOP10,OPN/USDT,2026-07-23T06:00:00+00:00,2026-07-23T15:00:00+00:00,0.0718,0.0669,73.00000000,68.00000000,100.00000000,0.10000000,0.09317549,-6.82451253,-7.01768802,-7.01768802,STOP_LOSS
REMOVE_SYMBOL_TOP10,WLD/USDT,2026-07-22T16:00:00+00:00,2026-07-23T16:00:00+00:00,0.3938,0.3766,75.00000000,70.00000000,100.00000000,0.10000000,0.09563230,-4.36769934,-4.56333164,-4.56333164,24H
REMOVE_SYMBOL_TOP10,SKHYB/USDT,2026-07-23T00:00:00+00:00,2026-07-24T00:00:00+00:00,171.79,167.7,72.00000000,67.00000000,100.00000000,0.10000000,0.09761919,-2.38081378,-2.57843297,-2.57843297,24H
REMOVE_SYMBOL_TOP10,SNDKB/USDT,2026-07-23T16:00:00+00:00,2026-07-24T02:00:00+00:00,1667.76,1576.22,72.00000000,67.00000000,100.00000000,0.10000000,0.09451120,-5.48879935,-5.68331055,-5.68331055,STOP_LOSS
REMOVE_SYMBOL_TOP10,SOXLB/USDT,2026-07-23T20:00:00+00:00,2026-07-24T02:00:00+00:00,162.95,151.66,75.00000000,70.00000000,100.00000000,0.10000000,0.09307149,-6.92850568,-7.12157717,-7.12157717,STOP_LOSS
REMOVE_SYMBOL_TOP10,GRAM/USDT,2026-07-23T03:00:00+00:00,2026-07-24T03:00:00+00:00,1.516,1.455,73.00000000,68.00000000,100.00000000,0.10000000,0.09597625,-4.02374670,-4.21972296,-4.21972296,24H
REMOVE_SYMBOL_TOP10,BMT/USDT,2026-07-23T05:00:00+00:00,2026-07-24T05:00:00+00:00,0.01262,0.01228,70.00000000,70.00000000,100.00000000,0.10000000,0.09730586,-2.69413629,-2.89144216,-2.89144216,24H
REMOVE_SYMBOL_TOP10,TRUMP/USDT,2026-07-23T08:00:00+00:00,2026-07-24T08:00:00+00:00,1.639,1.598,75.00000000,70.00000000,100.00000000,0.10000000,0.09749847,-2.50152532,-2.69902379,-2.69902379,24H
REMOVE_SYMBOL_TOP10,OPN/USDT,2026-07-24T05:00:00+00:00,2026-07-24T08:00:00+00:00,0.0694,0.0627,75.00000000,70.00000000,100.00000000,0.10000000,0.09034582,-9.65417867,-9.84452450,-9.84452450,STOP_LOSS
REMOVE_SYMBOL_TOP10,KAITO/USDT,2026-07-23T10:00:00+00:00,2026-07-24T10:00:00+00:00,1.032,1.0396,75.00000000,70.00000000,100.00000000,0.10000000,0.10073643,0.73643411,0.53569767,0.53569767,24H
REMOVE_SYMBOL_TOP10,KAITO/USDT,2026-07-24T10:00:00+00:00,2026-07-24T12:00:00+00:00,1.0396,0.9876,73.00000000,68.00000000,100.00000000,0.10000000,0.09499808,-5.00192382,-5.19692189,-5.19692189,STOP_LOSS
REMOVE_SYMBOL_TOP10,PLUME/USDT,2026-07-23T13:00:00+00:00,2026-07-24T13:00:00+00:00,0.01146,0.01114,73.00000000,68.00000000,100.00000000,0.10000000,0.09720768,-2.79232112,-2.98952880,-2.98952880,24H
REMOVE_SYMBOL_TOP10,ALLO/USDT,2026-07-24T11:00:00+00:00,2026-07-24T14:00:00+00:00,0.5096,0.47,70.00000000,65.00000000,100.00000000,0.10000000,0.09222920,-7.77080063,-7.96302983,-7.96302983,STOP_LOSS
REMOVE_SYMBOL_TOP10,HEI/USDT,2026-07-23T21:00:00+00:00,2026-07-24T21:00:00+00:00,0.103,0.0987,70.00000000,70.00000000,100.00000000,0.10000000,0.09582524,-4.17475728,-4.37058252,-4.37058252,24H
REMOVE_SYMBOL_TOP10,XPL/USDT,2026-07-24T17:00:00+00:00,2026-07-25T03:00:00+00:00,0.08689,0.08214,75.00000000,70.00000000,100.00000000,0.10000000,0.09453332,-5.46668201,-5.66121533,-5.66121533,STOP_LOSS
REMOVE_SYMBOL_TOP10,UNI/USDT,2026-07-24T05:00:00+00:00,2026-07-25T05:00:00+00:00,3.833,3.687,70.00000000,65.00000000,100.00000000,0.10000000,0.09619097,-3.80902687,-4.00521785,-4.00521785,24H
REMOVE_SYMBOL_TOP10,GPS/USDT,2026-07-24T10:00:00+00:00,2026-07-25T10:00:00+00:00,0.00923,0.00958,70.00000000,65.00000000,100.00000000,0.10000000,0.10379198,3.79198267,3.58819068,3.58819068,24H
REMOVE_SYMBOL_TOP10,PLUME/USDT,2026-07-24T14:00:00+00:00,2026-07-25T14:00:00+00:00,0.01141,0.01178,73.00000000,68.00000000,100.00000000,0.10000000,0.10324277,3.24276950,3.03952673,3.03952673,24H
REMOVE_SYMBOL_TOP10,ALPINE/USDT,2026-07-25T13:00:00+00:00,2026-07-26T13:00:00+00:00,0.314,0.315,75.00000000,70.00000000,100.00000000,0.10000000,0.10031847,0.31847134,0.11815287,0.11815287,24H
REMOVE_SYMBOL_TOP10,PLUME/USDT,2026-07-25T15:00:00+00:00,2026-07-26T15:00:00+00:00,0.01177,0.01236,70.00000000,65.00000000,100.00000000,0.10000000,0.10501274,5.01274427,4.80773152,4.80773152,24H
REMOVE_SYMBOL_TOP10,TRX/USDT,2026-07-25T16:00:00+00:00,2026-07-26T16:00:00+00:00,0.3321,0.333,70.00000000,65.00000000,100.00000000,0.10000000,0.10027100,0.27100271,0.07073171,0.07073171,24H
REMOVE_SYMBOL_TOP10,MUBARAK/USDT,2026-07-25T19:00:00+00:00,2026-07-26T19:00:00+00:00,0.01076,0.0108,70.00000000,65.00000000,100.00000000,0.10000000,0.10037175,0.37174721,0.17137546,0.17137546,24H
REMOVE_SYMBOL_TOP10,PEPE/USDT,2026-07-26T02:00:00+00:00,2026-07-27T02:00:00+00:00,2.86e-06,2.94e-06,70.00000000,70.00000000,100.00000000,0.10000000,0.10279720,2.79720280,2.59440559,2.59440559,24H
REMOVE_SYMBOL_TOP10,DOT/USDT,2026-07-26T03:00:00+00:00,2026-07-27T03:00:00+00:00,0.82,0.818,70.00000000,65.00000000,100.00000000,0.10000000,0.09975610,-0.24390244,-0.44365854,-0.44365854,24H
REMOVE_SYMBOL_TOP10,FIL/USDT,2026-07-26T04:00:00+00:00,2026-07-27T04:00:00+00:00,0.7416,0.7478,70.00000000,65.00000000,100.00000000,0.10000000,0.10083603,0.83603020,0.63519417,0.63519417,24H
REMOVE_SYMBOL_TOP10,TAO/USDT,2026-07-26T04:00:00+00:00,2026-07-27T04:00:00+00:00,196.4,198.8,70.00000000,70.00000000,100.00000000,0.10000000,0.10122200,1.22199593,1.02077393,1.02077393,24H
REMOVE_SYMBOL_TOP10,RARE/USDT,2026-07-26T09:00:00+00:00,2026-07-27T09:00:00+00:00,0.01279,0.01259,70.00000000,65.00000000,100.00000000,0.10000000,0.09843628,-1.56372166,-1.76215794,-1.76215794,24H
REMOVE_SYMBOL_TOP10,LINK/USDT,2026-07-26T13:00:00+00:00,2026-07-27T13:00:00+00:00,8.458,8.772,70.00000000,65.00000000,100.00000000,0.10000000,0.10371246,3.71246157,3.50874911,3.50874911,24H
REMOVE_SYMBOL_TOP10,EDEN/USDT,2026-07-27T09:00:00+00:00,2026-07-27T15:00:00+00:00,0.04471,0.04217,90.00000000,100.00000000,100.00000000,0.10000000,0.09431894,-5.68105569,-5.87537464,-5.87537464,STOP_LOSS
REMOVE_SYMBOL_TOP10,ONDO/USDT,2026-07-26T16:00:00+00:00,2026-07-27T16:00:00+00:00,0.4062,0.4094,90.00000000,100.00000000,100.00000000,0.10000000,0.10078779,0.78778927,0.58700148,0.58700148,24H
REMOVE_SYMBOL_TOP10,USDE/USDT,2026-07-26T16:00:00+00:00,2026-07-27T16:00:00+00:00,1.0009,1.0009,87.00000000,87.00000000,100.00000000,0.10000000,0.10000000,0.00000000,-0.20000000,-0.20000000,24H
REMOVE_SYMBOL_TOP10,PLUME/USDT,2026-07-27T02:00:00+00:00,2026-07-27T17:00:00+00:00,0.01231,0.01166,90.00000000,95.00000000,100.00000000,0.10000000,0.09471974,-5.28025995,-5.47497969,-5.47497969,STOP_LOSS
REMOVE_SYMBOL_TOP10,ENA/USDT,2026-07-27T13:00:00+00:00,2026-07-27T18:00:00+00:00,0.0923,0.0876,95.00000000,100.00000000,100.00000000,0.10000000,0.09490791,-5.09209101,-5.28699892,-5.28699892,STOP_LOSS
REMOVE_SYMBOL_TOP10,USDC/USDT,2026-07-26T19:00:00+00:00,2026-07-27T19:00:00+00:00,1.00087,1.00084,87.00000000,87.00000000,100.00000000,0.10000000,0.09999700,-0.00299739,-0.20299439,-0.20299439,24H
REMOVE_SYMBOL_TOP10,ALPINE/USDT,2026-07-27T03:00:00+00:00,2026-07-27T22:00:00+00:00,0.32,0.301,87.00000000,87.00000000,100.00000000,0.10000000,0.09406250,-5.93750000,-6.13156250,-6.13156250,STOP_LOSS
REMOVE_SYMBOL_TOP10,KAITO/USDT,2026-07-27T15:00:00+00:00,2026-07-27T22:00:00+00:00,1.21,1.3423,84.00000000,84.00000000,100.00000000,0.10000000,0.11093388,10.93388430,10.72295041,10.72295041,TAKE_PROFIT
REMOVE_SYMBOL_TOP10,CRCLB/USDT,2026-07-27T04:00:00+00:00,2026-07-28T04:00:00+00:00,63.92,63.19,87.00000000,87.00000000,100.00000000,0.10000000,0.09885795,-1.14205257,-1.34091051,-1.34091051,24H
REMOVE_SYMBOL_TOP10,XUSD/USDT,2026-07-27T04:00:00+00:00,2026-07-28T04:00:00+00:00,1.0012,1.0012,87.00000000,87.00000000,100.00000000,0.10000000,0.10000000,0.00000000,-0.20000000,-0.20000000,24H
REMOVE_SYMBOL_TOP10,PUMP/USDT,2026-07-27T19:00:00+00:00,2026-07-28T04:00:00+00:00,0.002128,0.002021,87.00000000,86.00000000,100.00000000,0.10000000,0.09497180,-5.02819549,-5.22316729,-5.22316729,STOP_LOSS
REMOVE_SYMBOL_TOP10,KAITO/USDT,2026-07-27T22:00:00+00:00,2026-07-28T05:00:00+00:00,1.3423,1.2594,78.00000000,83.00000000,100.00000000,0.10000000,0.09382403,-6.17596662,-6.36979066,-6.36979066,STOP_LOSS
REMOVE_SYMBOL_TOP10,KAITO/USDT,2026-07-28T05:00:00+00:00,2026-07-28T09:00:00+00:00,1.2594,1.1586,74.00000000,63.00000000,100.00000000,0.10000000,0.09199619,-8.00381134,-8.19580753,-8.19580753,STOP_LOSS
REMOVE_SYMBOL_TOP10,RLUSD/USDT,2026-07-27T16:00:00+00:00,2026-07-28T16:00:00+00:00,1.0013,1.0011,87.00000000,87.00000000,100.00000000,0.10000000,0.09998003,-0.01997403,-0.21995406,-0.21995406,24H
REMOVE_SYMBOL_TOP10,MSTRB/USDT,2026-07-27T16:00:00+00:00,2026-07-28T16:00:00+00:00,97.4,98.12,81.00000000,86.00000000,100.00000000,0.10000000,0.10073922,0.73921971,0.53848049,0.53848049,24H
REMOVE_SYMBOL_TOP10,BNB/USDT,2026-07-27T18:00:00+00:00,2026-07-28T18:00:00+00:00,575.37,569.62,87.00000000,86.00000000,100.00000000,0.10000000,0.09900064,-0.99935694,-1.19835758,-1.19835758,24H
REMOVE_SYMBOL_TOP10,USD1/USDT,2026-07-27T22:00:00+00:00,2026-07-28T22:00:00+00:00,0.99985,0.99968,84.00000000,84.00000000,100.00000000,0.10000000,0.09998300,-0.01700255,-0.21698555,-0.21698555,24H
REMOVE_SYMBOL_TOP10,FDUSD/USDT,2026-07-28T04:00:00+00:00,2026-07-29T04:00:00+00:00,0.9993,0.9983,87.00000000,87.00000000,100.00000000,0.10000000,0.09989993,-0.10007005,-0.29996998,-0.29996998,24H
REMOVE_SYMBOL_TOP10,USDC/USDT,2026-07-28T04:00:00+00:00,2026-07-29T04:00:00+00:00,1.00097,1.00114,76.00000000,71.00000000,100.00000000,0.10000000,0.10001698,0.01698353,-0.18303346,-0.18303346,24H
REMOVE_SYMBOL_TOP10,GPS/USDT,2026-07-28T04:00:00+00:00,2026-07-29T04:00:00+00:00,0.00927,0.00972,72.00000000,69.00000000,100.00000000,0.10000000,0.10485437,4.85436893,4.64951456,4.64951456,24H
REMOVE_SYMBOL_TOP10,MUBARAK/USDT,2026-07-28T09:00:00+00:00,2026-07-29T09:00:00+00:00,0.01111,0.01131,89.00000000,89.00000000,100.00000000,0.10000000,0.10180018,1.80018002,1.59837984,1.59837984,24H
REMOVE_SYMBOL_TOP10,U/USDT,2026-07-28T13:00:00+00:00,2026-07-29T13:00:00+00:00,1.0008,1.0008,87.00000000,87.00000000,100.00000000,0.10000000,0.10000000,0.00000000,-0.20000000,-0.20000000,24H
REMOVE_SYMBOL_TOP10,AAVE/USDT,2026-07-28T16:00:00+00:00,2026-07-29T16:00:00+00:00,101.26,98.73,95.00000000,100.00000000,100.00000000,0.10000000,0.09750148,-2.49851866,-2.69602015,-2.69602015,24H
REMOVE_SYMBOL_TOP10,ONDO/USDT,2026-07-28T16:00:00+00:00,2026-07-29T16:00:00+00:00,0.4088,0.3937,89.00000000,88.00000000,100.00000000,0.10000000,0.09630626,-3.69373777,-3.89004403,-3.89004403,24H
REMOVE_SYMBOL_TOP10,PLUME/USDT,2026-07-28T18:00:00+00:00,2026-07-29T18:00:00+00:00,0.01219,0.01212,89.00000000,88.00000000,100.00000000,0.10000000,0.09942576,-0.57424118,-0.77366694,-0.77366694,24H
REMOVE_SYMBOL_TOP10,RLUSD/USDT,2026-07-28T22:00:00+00:00,2026-07-29T22:00:00+00:00,1.0012,1.0012,76.00000000,71.00000000,100.00000000,0.10000000,0.10000000,0.00000000,-0.20000000,-0.20000000,24H
REMOVE_SYMBOL_TOP10,KAITO/USDT,2026-07-29T04:00:00+00:00,2026-07-30T03:00:00+00:00,1.264,1.1818,89.00000000,88.00000000,100.00000000,0.10000000,0.09349684,-6.50316456,-6.69666139,-6.69666139,STOP_LOSS
REMOVE_SYMBOL_TOP10,GPS/USDT,2026-07-29T04:00:00+00:00,2026-07-30T04:00:00+00:00,0.00972,0.00982,90.00000000,95.00000000,100.00000000,0.10000000,0.10102881,1.02880658,0.82777778,0.82777778,24H
REMOVE_SYMBOL_TOP10,USDC/USDT,2026-07-29T04:00:00+00:00,2026-07-30T04:00:00+00:00,1.00114,1.00112,84.00000000,84.00000000,100.00000000,0.10000000,0.09999800,-0.00199772,-0.20199572,-0.20199572,24H
REMOVE_SYMBOL_TOP10,UNI/USDT,2026-07-29T09:00:00+00:00,2026-07-30T09:00:00+00:00,3.975,4.03,95.00000000,100.00000000,100.00000000,0.10000000,0.10138365,1.38364780,1.18226415,1.18226415,24H
REMOVE_SYMBOL_TOP10,EURI/USDT,2026-07-29T13:00:00+00:00,2026-07-30T13:00:00+00:00,1.1398,1.1526,77.00000000,64.00000000,100.00000000,0.10000000,0.10112300,1.12300404,0.92188103,0.92188103,24H
REMOVE_SYMBOL_TOP10,U/USDT,2026-07-29T16:00:00+00:00,2026-07-30T16:00:00+00:00,1.0009,1.0007,87.00000000,87.00000000,100.00000000,0.10000000,0.09998002,-0.01998202,-0.21996203,-0.21996203,24H
REMOVE_SYMBOL_TOP10,GPS/USDT,2026-07-30T04:00:00+00:00,2026-07-30T17:00:00+00:00,0.00982,0.0092,82.00000000,82.00000000,100.00000000,0.10000000,0.09368635,-6.31364562,-6.50733198,-6.50733198,STOP_LOSS
REMOVE_SYMBOL_TOP10,ADA/USDT,2026-07-29T18:00:00+00:00,2026-07-30T18:00:00+00:00,0.1679,0.1723,84.00000000,89.00000000,100.00000000,0.10000000,0.10262061,2.62060750,2.41798690,2.41798690,24H
REMOVE_SYMBOL_TOP10,PLUME/USDT,2026-07-29T18:00:00+00:00,2026-07-30T18:00:00+00:00,0.01212,0.01165,84.00000000,84.00000000,100.00000000,0.10000000,0.09612211,-3.87788779,-4.07400990,-4.07400990,24H
REMOVE_SYMBOL_TOP10,ONDO/USDT,2026-07-29T22:00:00+00:00,2026-07-30T22:00:00+00:00,0.4051,0.4168,74.00000000,63.00000000,100.00000000,0.10000000,0.10288818,2.88817576,2.68528758,2.68528758,24H
REMOVE_SYMBOL_TOP10,ALPINE/USDT,2026-07-30T03:00:00+00:00,2026-07-31T03:00:00+00:00,0.32,0.314,93.00000000,98.00000000,100.00000000,0.10000000,0.09812500,-1.87500000,-2.07312500,-2.07312500,24H
REMOVE_SYMBOL_TOP10,USD1/USDT,2026-07-30T04:00:00+00:00,2026-07-31T04:00:00+00:00,1.00003,0.99997,87.00000000,87.00000000,100.00000000,0.10000000,0.09999400,-0.00599982,-0.20599382,-0.20599382,24H
REMOVE_SYMBOL_TOP10,BNB/USDT,2026-07-30T09:00:00+00:00,2026-07-31T09:00:00+00:00,579.84,590.49,87.00000000,86.00000000,100.00000000,0.10000000,0.10183671,1.83671358,1.63487686,1.63487686,24H
REMOVE_SYMBOL_TOP10,MUBARAK/USDT,2026-07-31T04:00:00+00:00,2026-07-31T11:00:00+00:00,0.0121,0.01333,95.00000000,100.00000000,100.00000000,0.10000000,0.11016529,10.16528926,9.95512397,9.95512397,TAKE_PROFIT
REMOVE_SYMBOL_TOP10,PAXG/USDT,2026-07-30T13:00:00+00:00,2026-07-31T13:00:00+00:00,4105.88,4027.22,93.00000000,98.00000000,100.00000000,0.10000000,0.09808421,-1.91578906,-2.11387327,-2.11387327,24H
REMOVE_SYMBOL_TOP10,AAVE/USDT,2026-07-30T16:00:00+00:00,2026-07-31T16:00:00+00:00,100.23,96.59,90.00000000,95.00000000,100.00000000,0.10000000,0.09636835,-3.63164721,-3.82801556,-3.82801556,24H
REMOVE_SYMBOL_TOP10,PUMP/USDT,2026-07-30T17:00:00+00:00,2026-07-31T17:00:00+00:00,0.001972,0.002139,87.00000000,86.00000000,100.00000000,0.10000000,0.10846856,8.46855984,8.26009128,8.26009128,24H
REMOVE_SYMBOL_TOP10,FIL/USDT,2026-07-30T18:00:00+00:00,2026-07-31T18:00:00+00:00,0.7153,0.7209,89.00000000,89.00000000,100.00000000,0.10000000,0.10078289,0.78288830,0.58210541,0.58210541,24H
REMOVE_SYMBOL_TOP10,SOXLB/USDT,2026-07-30T22:00:00+00:00,2026-07-31T19:00:00+00:00,122.59,114.81,84.00000000,89.00000000,100.00000000,0.10000000,0.09365364,-6.34635778,-6.54001142,-6.54001142,STOP_LOSS
REMOVE_SYMBOL_TOP10,MUBARAK/USDT,2026-07-31T16:00:00+00:00,2026-07-31T20:00:00+00:00,0.01371,0.01259,90.00000000,100.00000000,100.00000000,0.10000000,0.09183078,-8.16921955,-8.36105033,-8.36105033,STOP_LOSS
REMOVE_SYMBOL_TOP10,BEL/USDT,2026-07-31T03:00:00+00:00,2026-08-01T03:00:00+00:00,0.0969,0.0974,89.00000000,89.00000000,100.00000000,0.10000000,0.10051600,0.51599587,0.31547988,0.31547988,24H
REMOVE_SYMBOL_TOP10,ALPINE/USDT,2026-07-31T09:00:00+00:00,2026-08-01T09:00:00+00:00,0.318,0.321,90.00000000,95.00000000,100.00000000,0.10000000,0.10094340,0.94339623,0.74245283,0.74245283,24H
REMOVE_SYMBOL_TOP10,USD1/USDT,2026-07-31T11:00:00+00:00,2026-08-01T11:00:00+00:00,1.00003,0.99989,81.00000000,80.00000000,100.00000000,0.10000000,0.09998600,-0.01399958,-0.21398558,-0.21398558,24H
REMOVE_SYMBOL_TOP10,EURI/USDT,2026-07-31T17:00:00+00:00,2026-08-01T17:00:00+00:00,1.1539,1.1526,90.00000000,95.00000000,100.00000000,0.10000000,0.09988734,-0.11266141,-0.31254875,-0.31254875,24H
REMOVE_SYMBOL_TOP10,ADA/USDT,2026-07-31T17:00:00+00:00,2026-08-01T17:00:00+00:00,0.1713,0.1732,87.00000000,86.00000000,100.00000000,0.10000000,0.10110917,1.10916521,0.90805604,0.90805604,24H
REMOVE_SYMBOL_TOP10,PUMP/USDT,2026-07-31T18:00:00+00:00,2026-08-01T18:00:00+00:00,0.002123,0.002072,79.00000000,74.00000000,100.00000000,0.10000000,0.09759774,-2.40226095,-2.59985869,-2.59985869,24H
REMOVE_SYMBOL_TOP10,NEAR/USDT,2026-07-31T18:00:00+00:00,2026-08-01T18:00:00+00:00,1.702,1.66,78.00000000,73.00000000,100.00000000,0.10000000,0.09753231,-2.46768508,-2.66521739,-2.66521739,24H
REMOVE_SYMBOL_TOP10,MUBARAK/USDT,2026-08-01T09:00:00+00:00,2026-08-01T19:00:00+00:00,0.01303,0.0121,81.00000000,80.00000000,100.00000000,0.10000000,0.09286262,-7.13737529,-7.33023791,-7.33023791,STOP_LOSS
REMOVE_SYMBOL_TOP10,EUR/USDT,2026-07-31T20:00:00+00:00,2026-08-01T20:00:00+00:00,1.1535,1.1531,84.00000000,84.00000000,100.00000000,0.10000000,0.09996532,-0.03467707,-0.23464239,-0.23464239,24H
REMOVE_SYMBOL_TOP10,TAO/USDT,2026-08-01T03:00:00+00:00,2026-08-02T03:00:00+00:00,197.7,194.1,89.00000000,88.00000000,100.00000000,0.10000000,0.09817906,-1.82094082,-2.01911988,-2.01911988,24H
REMOVE_SYMBOL_TOP10,PUMP/USDT,2026-08-02T01:00:00+00:00,2026-08-02T10:00:00+00:00,0.002265,0.002146,95.00000000,100.00000000,100.00000000,0.10000000,0.09474614,-5.25386313,-5.44860927,-5.44860927,STOP_LOSS
REMOVE_SYMBOL_TOP10,KAITO/USDT,2026-08-01T18:00:00+00:00,2026-08-02T13:00:00+00:00,1.2084,1.0894,95.00000000,100.00000000,100.00000000,0.10000000,0.09015227,-9.84773254,-10.03788481,-10.03788481,STOP_LOSS
REMOVE_SYMBOL_TOP10,PEPE/USDT,2026-08-01T16:00:00+00:00,2026-08-02T16:00:00+00:00,2.78e-06,2.91e-06,87.00000000,87.00000000,100.00000000,0.10000000,0.10467626,4.67625899,4.47158273,4.47158273,24H
REMOVE_SYMBOL_TOP10,ALPINE/USDT,2026-08-01T17:00:00+00:00,2026-08-02T17:00:00+00:00,0.328,0.319,93.00000000,98.00000000,100.00000000,0.10000000,0.09725610,-2.74390244,-2.94115854,-2.94115854,24H
REMOVE_SYMBOL_TOP10,DOT/USDT,2026-08-01T17:00:00+00:00,2026-08-02T17:00:00+00:00,0.775,0.798,81.00000000,81.00000000,100.00000000,0.10000000,0.10296774,2.96774194,2.76477419,2.76477419,24H
REMOVE_SYMBOL_TOP10,ARB/USDT,2026-08-01T19:00:00+00:00,2026-08-02T19:00:00+00:00,0.0785,0.0816,81.00000000,81.00000000,100.00000000,0.10000000,0.10394904,3.94904459,3.74509554,3.74509554,24H
REMOVE_SYMBOL_TOP10,ADA/USDT,2026-08-01T20:00:00+00:00,2026-08-02T20:00:00+00:00,0.1732,0.1874,72.00000000,59.00000000,100.00000000,0.10000000,0.10819861,8.19861432,7.99041570,7.99041570,24H
REMOVE_SYMBOL_TOP10,EWYB/USDT,2026-08-02T03:00:00+00:00,2026-08-03T03:00:00+00:00,160.35,161.16,89.00000000,89.00000000,100.00000000,0.10000000,0.10050514,0.50514500,0.30463985,0.30463985,24H
REMOVE_SYMBOL_TOP10,SKHYB/USDT,2026-08-02T17:00:00+00:00,2026-08-03T10:00:00+00:00,148.35,140.28,84.00000000,84.00000000,100.00000000,0.10000000,0.09456016,-5.43983822,-5.63439838,-5.63439838,STOP_LOSS
REMOVE_SYMBOL_TOP10,MUB/USDT,2026-08-02T17:00:00+00:00,2026-08-03T10:00:00+00:00,849.37,805.57,81.00000000,80.00000000,100.00000000,0.10000000,0.09484324,-5.15676325,-5.35160648,-5.35160648,STOP_LOSS
REMOVE_SYMBOL_TOP10,EUR/USDT,2026-08-02T11:00:00+00:00,2026-08-03T11:00:00+00:00,1.1541,1.1544,87.00000000,87.00000000,100.00000000,0.10000000,0.10002599,0.02599428,-0.17403171,-0.17403171,24H
REMOVE_SYMBOL_TOP10,KORUB/USDT,2026-08-02T17:00:00+00:00,2026-08-03T11:00:00+00:00,15.66,14.58,81.00000000,81.00000000,100.00000000,0.10000000,0.09310345,-6.89655172,-7.08965517,-7.08965517,STOP_LOSS
REMOVE_SYMBOL_TOP10,FIL/USDT,2026-08-02T13:00:00+00:00,2026-08-03T13:00:00+00:00,0.72,0.7249,84.00000000,84.00000000,100.00000000,0.10000000,0.10068056,0.68055556,0.47987500,0.47987500,24H
REMOVE_SYMBOL_TOP10,ALLO/USDT,2026-08-03T11:00:00+00:00,2026-08-03T13:00:00+00:00,0.292,0.2598,89.00000000,89.00000000,100.00000000,0.10000000,0.08897260,-11.02739726,-11.21636986,-11.21636986,STOP_LOSS
REMOVE_SYMBOL_TOP10,MUBARAK/USDT,2026-08-02T16:00:00+00:00,2026-08-03T16:00:00+00:00,0.01273,0.01266,92.00000000,97.00000000,100.00000000,0.10000000,0.09945012,-0.54988217,-0.74933229,-0.74933229,24H
REMOVE_SYMBOL_TOP10,NEAR/USDT,2026-08-02T19:00:00+00:00,2026-08-03T19:00:00+00:00,1.707,1.742,84.00000000,84.00000000,100.00000000,0.10000000,0.10205038,2.05038079,1.84833040,1.84833040,24H
REMOVE_SYMBOL_TOP10,USD1/USDT,2026-08-03T03:00:00+00:00,2026-08-04T03:00:00+00:00,1.00003,1.00004,84.00000000,84.00000000,100.00000000,0.10000000,0.10000100,0.00099997,-0.19900103,-0.19900103,24H
REMOVE_SYMBOL_TOP10,BMT/USDT,2026-08-03T07:00:00+00:00,2026-08-04T07:00:00+00:00,0.0119,0.01181,92.00000000,97.00000000,100.00000000,0.10000000,0.09924370,-0.75630252,-0.95554622,-0.95554622,24H
REMOVE_SYMBOL_TOP10,ENA/USDT,2026-08-03T10:00:00+00:00,2026-08-04T10:00:00+00:00,0.09,0.091,95.00000000,100.00000000,100.00000000,0.10000000,0.10111111,1.11111111,0.91000000,0.91000000,24H
REMOVE_SYMBOL_TOP10,ADA/USDT,2026-08-03T11:00:00+00:00,2026-08-04T11:00:00+00:00,0.1865,0.1945,89.00000000,88.00000000,100.00000000,0.10000000,0.10428954,4.28954424,4.08525469,4.08525469,24H
REMOVE_SYMBOL_TOP10,PEPE/USDT,2026-08-03T13:00:00+00:00,2026-08-04T13:00:00+00:00,2.91e-06,2.89e-06,95.00000000,100.00000000,100.00000000,0.10000000,0.09931271,-0.68728522,-0.88659794,-0.88659794,24H
REMOVE_SYMBOL_TOP10,RARE/USDT,2026-08-03T13:00:00+00:00,2026-08-04T13:00:00+00:00,0.01207,0.01172,89.00000000,89.00000000,100.00000000,0.10000000,0.09710025,-2.89975145,-3.09685170,-3.09685170,24H
REMOVE_SYMBOL_TOP10,BNB/USDT,2026-08-03T13:00:00+00:00,2026-08-04T13:00:00+00:00,588.21,589.18,87.00000000,87.00000000,100.00000000,0.10000000,0.10016491,0.16490709,-0.03525782,-0.03525782,24H
REMOVE_SYMBOL_TOP10,PUMP/USDT,2026-08-03T19:00:00+00:00,2026-08-04T19:00:00+00:00,0.002184,0.002402,89.00000000,88.00000000,100.00000000,0.10000000,0.10998168,9.98168498,9.77170330,9.77170330,24H
REMOVE_SYMBOL_TOP10,ARB/USDT,2026-08-04T03:00:00+00:00,2026-08-05T03:00:00+00:00,0.0831,0.0806,84.00000000,84.00000000,100.00000000,0.10000000,0.09699158,-3.00842359,-3.20541516,-3.20541516,24H
REMOVE_SYMBOL_TOP10,DOT/USDT,2026-08-04T03:00:00+00:00,2026-08-05T03:00:00+00:00,0.84,0.846,82.00000000,86.00000000,100.00000000,0.10000000,0.10071429,0.71428571,0.51357143,0.51357143,24H
REMOVE_SYMBOL_TOP10,KORUB/USDT,2026-08-05T01:00:00+00:00,2026-08-05T08:00:00+00:00,19.11,18.07,92.00000000,97.00000000,100.00000000,0.10000000,0.09455782,-5.44217687,-5.63673469,-5.63673469,STOP_LOSS
REMOVE_SYMBOL_TOP10,BMT/USDT,2026-08-04T11:00:00+00:00,2026-08-05T11:00:00+00:00,0.0119,0.0124,90.00000000,95.00000000,100.00000000,0.10000000,0.10420168,4.20168067,3.99747899,3.99747899,24H
REMOVE_SYMBOL_TOP10,EWYB/USDT,2026-08-04T13:00:00+00:00,2026-08-05T13:00:00+00:00,168.08,171.47,95.00000000,100.00000000,100.00000000,0.10000000,0.10201690,2.01689672,1.81487982,1.81487982,24H
REMOVE_SYMBOL_TOP10,SNDKB/USDT,2026-08-04T13:00:00+00:00,2026-08-05T13:00:00+00:00,1383.52,1438.45,95.00000000,100.00000000,100.00000000,0.10000000,0.10397031,3.97030762,3.76633731,3.76633731,24H
REMOVE_SYMBOL_TOP10,MUBARAK/USDT,2026-08-04T16:00:00+00:00,2026-08-05T16:00:00+00:00,0.01305,0.01317,95.00000000,100.00000000,100.00000000,0.10000000,0.10091954,0.91954023,0.71862069,0.71862069,24H
REMOVE_SYMBOL_TOP10,CHIP/USDT,2026-08-04T19:00:00+00:00,2026-08-05T19:00:00+00:00,0.02539,0.02483,86.00000000,86.00000000,100.00000000,0.10000000,0.09779441,-2.20559275,-2.40338716,-2.40338716,24H
REMOVE_SYMBOL_TOP10,SNXXB/USDT,2026-08-05T16:00:00+00:00,2026-08-05T19:00:00+00:00,12.64,11.41,95.00000000,100.00000000,100.00000000,0.10000000,0.09026899,-9.73101266,-9.92128165,-9.92128165,STOP_LOSS
REMOVE_SYMBOL_TOP10,FET/USDT,2026-08-05T05:00:00+00:00,2026-08-05T21:00:00+00:00,0.1517,0.1423,87.00000000,92.00000000,100.00000000,0.10000000,0.09380356,-6.19644034,-6.39024390,-6.39024390,STOP_LOSS
REMOVE_SYMBOL_TOP10,KORUB/USDT,2026-08-05T13:00:00+00:00,2026-08-05T21:00:00+00:00,19.25,18.09,95.00000000,100.00000000,100.00000000,0.10000000,0.09397403,-6.02597403,-6.21994805,-6.21994805,STOP_LOSS
REMOVE_SYMBOL_TOP10,MUB/USDT,2026-08-05T13:00:00+00:00,2026-08-06T01:00:00+00:00,919,871.04,95.00000000,100.00000000,100.00000000,0.10000000,0.09478128,-5.21871600,-5.41349728,-5.41349728,STOP_LOSS
REMOVE_SYMBOL_TOP10,ZEC/USDT,2026-08-05T03:00:00+00:00,2026-08-06T03:00:00+00:00,512.98,509.38,87.00000000,86.00000000,100.00000000,0.10000000,0.09929822,-0.70178175,-0.90107996,-0.90107996,24H
REMOVE_SYMBOL_TOP10,MUBARAK/USDT,2026-08-05T21:00:00+00:00,2026-08-06T05:00:00+00:00,0.01397,0.01324,95.00000000,100.00000000,100.00000000,0.10000000,0.09477452,-5.22548318,-5.42025770,-5.42025770,STOP_LOSS
REMOVE_SYMBOL_TOP10,ADA/USDT,2026-08-05T08:00:00+00:00,2026-08-06T08:00:00+00:00,0.1939,0.1895,87.00000000,86.00000000,100.00000000,0.10000000,0.09773079,-2.26921093,-2.46694172,-2.46694172,24H
REMOVE_SYMBOL_TOP10,EWYB/USDT,2026-08-05T13:00:00+00:00,2026-08-06T10:00:00+00:00,171.47,162.5,95.00000000,100.00000000,100.00000000,0.10000000,0.09476876,-5.23123578,-5.42600455,-5.42600455,STOP_LOSS
REMOVE_SYMBOL_TOP10,EURI/USDT,2026-08-05T11:00:00+00:00,2026-08-06T11:00:00+00:00,1.1558,1.1549,87.00000000,87.00000000,100.00000000,0.10000000,0.09992213,-0.07786814,-0.27779028,-0.27779028,24H
REMOVE_SYMBOL_TOP10,MSTRB/USDT,2026-08-05T19:00:00+00:00,2026-08-06T19:00:00+00:00,98.4,96.84,89.00000000,88.00000000,100.00000000,0.10000000,0.09841463,-1.58536585,-1.78378049,-1.78378049,24H
REMOVE_SYMBOL_TOP10,FDUSD/USDT,2026-08-06T01:00:00+00:00,2026-08-07T01:00:00+00:00,0.9982,0.9982,87.00000000,87.00000000,100.00000000,0.10000000,0.10000000,0.00000000,-0.20000000,-0.20000000,24H
REMOVE_SYMBOL_TOP10,BMT/USDT,2026-08-06T03:00:00+00:00,2026-08-07T03:00:00+00:00,0.01246,0.01269,93.00000000,98.00000000,100.00000000,0.10000000,0.10184591,1.84590690,1.64406100,1.64406100,24H
REMOVE_SYMBOL_TOP10,ENA/USDT,2026-08-06T06:00:00+00:00,2026-08-07T06:00:00+00:00,0.0925,0.093,89.00000000,88.00000000,100.00000000,0.10000000,0.10054054,0.54054054,0.34000000,0.34000000,24H
REMOVE_SYMBOL_TOP10,GPS/USDT,2026-08-06T10:00:00+00:00,2026-08-07T10:00:00+00:00,0.0095,0.00956,90.00000000,95.00000000,100.00000000,0.10000000,0.10063158,0.63157895,0.43094737,0.43094737,24H
REMOVE_SYMBOL_TOP10,EDEN/USDT,2026-08-06T11:00:00+00:00,2026-08-07T11:00:00+00:00,0.0395,0.04135,89.00000000,89.00000000,100.00000000,0.10000000,0.10468354,4.68354430,4.47886076,4.47886076,24H
REMOVE_SYMBOL_TOP10,CRCLB/USDT,2026-08-06T15:00:00+00:00,2026-08-07T15:00:00+00:00,65.41,66.78,95.00000000,100.00000000,100.00000000,0.10000000,0.10209448,2.09448097,1.89238649,1.89238649,24H
REMOVE_SYMBOL_TOP10,ADA/USDT,2026-08-06T16:00:00+00:00,2026-08-07T16:00:00+00:00,0.2068,0.1993,90.00000000,100.00000000,100.00000000,0.10000000,0.09637331,-3.62669246,-3.82306576,-3.82306576,24H
REMOVE_SYMBOL_TOP10,PUMP/USDT,2026-08-06T19:00:00+00:00,2026-08-07T19:00:00+00:00,0.00238,0.002347,84.00000000,84.00000000,100.00000000,0.10000000,0.09861345,-1.38655462,-1.58516807,-1.58516807,24H
REMOVE_SYMBOL_TOP10,OPN/USDT,2026-08-07T01:00:00+00:00,2026-08-08T01:00:00+00:00,0.0532,0.0521,81.00000000,80.00000000,100.00000000,0.10000000,0.09793233,-2.06766917,-2.26560150,-2.26560150,24H
REMOVE_SYMBOL_TOP10,RARE/USDT,2026-08-07T05:00:00+00:00,2026-08-08T05:00:00+00:00,0.0127,0.01232,90.00000000,100.00000000,100.00000000,0.10000000,0.09700787,-2.99212598,-3.18913386,-3.18913386,24H
REMOVE_SYMBOL_TOP10,PAXG/USDT,2026-08-07T06:00:00+00:00,2026-08-08T06:00:00+00:00,4291.5,4337.99,90.00000000,95.00000000,100.00000000,0.10000000,0.10108330,1.08330421,0.88222090,0.88222090,24H
REMOVE_SYMBOL_TOP10,BMT/USDT,2026-08-07T07:00:00+00:00,2026-08-08T07:00:00+00:00,0.01297,0.01277,92.00000000,97.00000000,100.00000000,0.10000000,0.09845798,-1.54202005,-1.74047803,-1.74047803,24H
REMOVE_SYMBOL_TOP10,MSTRB/USDT,2026-08-07T11:00:00+00:00,2026-08-08T11:00:00+00:00,98.72,101.15,93.00000000,98.00000000,100.00000000,0.10000000,0.10246151,2.46150729,2.25904579,2.25904579,24H
REMOVE_SYMBOL_TOP10,LTC/USDT,2026-08-07T15:00:00+00:00,2026-08-08T15:00:00+00:00,45.96,45.88,90.00000000,95.00000000,100.00000000,0.10000000,0.09982594,-0.17406440,-0.37389034,-0.37389034,24H
REMOVE_SYMBOL_TOP10,GPS/USDT,2026-08-07T16:00:00+00:00,2026-08-08T16:00:00+00:00,0.00987,0.00982,90.00000000,95.00000000,100.00000000,0.10000000,0.09949341,-0.50658561,-0.70607903,-0.70607903,24H
REMOVE_SYMBOL_TOP10,BCH/USDT,2026-08-07T21:00:00+00:00,2026-08-08T21:00:00+00:00,215.8,216.4,81.00000000,80.00000000,100.00000000,0.10000000,0.10027804,0.27803522,0.07775718,0.07775718,24H
REMOVE_SYMBOL_TOP10,ALPINE/USDT,2026-08-08T01:00:00+00:00,2026-08-09T01:00:00+00:00,0.321,0.334,87.00000000,87.00000000,100.00000000,0.10000000,0.10404984,4.04984424,3.84579439,3.84579439,24H
REMOVE_SYMBOL_TOP10,OPN/USDT,2026-08-08T03:00:00+00:00,2026-08-09T03:00:00+00:00,0.0536,0.0541,89.00000000,88.00000000,100.00000000,0.10000000,0.10093284,0.93283582,0.73190299,0.73190299,24H
REMOVE_SYMBOL_TOP10,MUBARAK/USDT,2026-08-08T11:00:00+00:00,2026-08-09T04:00:00+00:00,0.01469,0.01668,93.00000000,98.00000000,100.00000000,0.10000000,0.11354663,13.54663036,13.33308373,13.33308373,TAKE_PROFIT
REMOVE_SYMBOL_TOP10,TAO/USDT,2026-08-08T06:00:00+00:00,2026-08-09T06:00:00+00:00,197.4,205.4,90.00000000,95.00000000,100.00000000,0.10000000,0.10405268,4.05268490,3.84863222,3.84863222,24H
REMOVE_SYMBOL_TOP10,RARE/USDT,2026-08-08T07:00:00+00:00,2026-08-09T07:00:00+00:00,0.01242,0.01339,93.00000000,98.00000000,100.00000000,0.10000000,0.10780998,7.80998390,7.60217391,7.60217391,24H
REMOVE_SYMBOL_TOP10,BMT/USDT,2026-08-09T08:00:00+00:00,2026-08-09T09:00:00+00:00,0.01948,0.02397,90.00000000,92.00000000,100.00000000,0.10000000,0.12304928,23.04928131,22.82623203,22.82623203,TAKE_PROFIT
REMOVE_SYMBOL_TOP10,MUBARAK/USDT,2026-08-09T07:00:00+00:00,2026-08-09T10:00:00+00:00,0.0179,0.02001,95.00000000,92.00000000,100.00000000,0.10000000,0.11178771,11.78770950,11.57592179,11.57592179,TAKE_PROFIT
REMOVE_SYMBOL_TOP10,MUBARAK/USDT,2026-08-09T11:00:00+00:00,2026-08-09T12:00:00+00:00,0.01966,0.01844,89.00000000,80.00000000,100.00000000,0.10000000,0.09379451,-6.20549339,-6.39928789,-6.39928789,STOP_LOSS
REMOVE_SYMBOL_TOP10,BEL/USDT,2026-08-08T16:00:00+00:00,2026-08-09T16:00:00+00:00,0.1078,0.1117,90.00000000,95.00000000,100.00000000,0.10000000,0.10361781,3.61781076,3.41419295,3.41419295,24H
REMOVE_SYMBOL_TOP10,PLUME/USDT,2026-08-09T01:00:00+00:00,2026-08-10T01:00:00+00:00,0.01205,0.01221,85.00000000,87.00000000,100.00000000,0.10000000,0.10132780,1.32780083,1.12647303,1.12647303,24H
REMOVE_SYMBOL_TOP10,EURI/USDT,2026-08-09T04:00:00+00:00,2026-08-10T04:00:00+00:00,1.1559,1.1554,84.00000000,84.00000000,100.00000000,0.10000000,0.09995674,-0.04325634,-0.24321308,-0.24321308,24H
REMOVE_SYMBOL_TOP10,ALPINE/USDT,2026-08-09T06:00:00+00:00,2026-08-10T06:00:00+00:00,0.336,0.331,90.00000000,95.00000000,100.00000000,0.10000000,0.09851190,-1.48809524,-1.68660714,-1.68660714,24H
REMOVE_SYMBOL_TOP10,ZEC/USDT,2026-08-09T09:00:00+00:00,2026-08-10T09:00:00+00:00,521.11,504.51,95.00000000,100.00000000,100.00000000,0.10000000,0.09681449,-3.18550786,-3.38232235,-3.38232235,24H
REMOVE_SYMBOL_TOP10,XAUT/USDT,2026-08-09T10:00:00+00:00,2026-08-10T10:00:00+00:00,4333.24,4316.43,87.00000000,87.00000000,100.00000000,0.10000000,0.09961207,-0.38793143,-0.58754350,-0.58754350,24H
REMOVE_SYMBOL_TOP10,SOXLB/USDT,2026-08-09T12:00:00+00:00,2026-08-10T12:00:00+00:00,142.46,140.05,87.00000000,87.00000000,100.00000000,0.10000000,0.09830830,-1.69170293,-1.89001123,-1.89001123,24H
REMOVE_SYMBOL_TOP10,CRCLB/USDT,2026-08-09T16:00:00+00:00,2026-08-10T16:00:00+00:00,68.32,65.86,90.00000000,95.00000000,100.00000000,0.10000000,0.09639930,-3.60070258,-3.79710187,-3.79710187,24H
REMOVE_SYMBOL_TOP10,TRUMP/USDT,2026-08-09T16:00:00+00:00,2026-08-10T16:00:00+00:00,1.521,1.486,90.00000000,100.00000000,100.00000000,0.10000000,0.09769888,-2.30111769,-2.49881657,-2.49881657,24H
REMOVE_SYMBOL_TOP10,ALLO/USDT,2026-08-10T16:00:00+00:00,2026-08-10T22:00:00+00:00,0.3267,0.3081,95.00000000,100.00000000,100.00000000,0.10000000,0.09430670,-5.69329660,-5.88760331,-5.88760331,STOP_LOSS
REMOVE_SYMBOL_TOP10,PLUME/USDT,2026-08-10T01:00:00+00:00,2026-08-11T01:00:00+00:00,0.01221,0.01225,93.00000000,98.00000000,100.00000000,0.10000000,0.10032760,0.32760033,0.12727273,0.12727273,24H
REMOVE_SYMBOL_TOP10,EDEN/USDT,2026-08-10T03:00:00+00:00,2026-08-11T03:00:00+00:00,0.04498,0.04385,89.00000000,88.00000000,100.00000000,0.10000000,0.09748777,-2.51222766,-2.70971543,-2.70971543,24H
REMOVE_SYMBOL_TOP10,SPCXB/USDT,2026-08-10T09:00:00+00:00,2026-08-11T09:00:00+00:00,136.24,136.9,93.00000000,98.00000000,100.00000000,0.10000000,0.10048444,0.48443922,0.28395479,0.28395479,24H
REMOVE_SYMBOL_TOP10,WLD/USDT,2026-08-10T09:00:00+00:00,2026-08-11T09:00:00+00:00,0.343,0.3358,90.00000000,95.00000000,100.00000000,0.10000000,0.09790087,-2.09912536,-2.29702624,-2.29702624,24H
REMOVE_SYMBOL_TOP10,RARE/USDT,2026-08-10T20:00:00+00:00,2026-08-11T09:00:00+00:00,0.01368,0.01212,87.00000000,86.00000000,100.00000000,0.10000000,0.08859649,-11.40350877,-11.59210526,-11.59210526,STOP_LOSS
REMOVE_SYMBOL_TOP10,POL/USDT,2026-08-10T12:00:00+00:00,2026-08-11T12:00:00+00:00,0.07806,0.07553,83.00000000,75.00000000,100.00000000,0.10000000,0.09675890,-3.24109659,-3.43785550,-3.43785550,24H
REMOVE_SYMBOL_TOP10,PAXG/USDT,2026-08-10T16:00:00+00:00,2026-08-11T16:00:00+00:00,4348.17,4380.62,87.00000000,87.00000000,100.00000000,0.10000000,0.10074629,0.74629097,0.54554468,0.54554468,24H
REMOVE_SYMBOL_TOP10,PUMP/USDT,2026-08-10T22:00:00+00:00,2026-08-11T22:00:00+00:00,0.002809,0.002705,87.00000000,86.00000000,100.00000000,0.10000000,0.09629761,-3.70238519,-3.89868281,-3.89868281,24H
REMOVE_SYMBOL_TOP10,LINK/USDT,2026-08-11T01:00:00+00:00,2026-08-12T01:00:00+00:00,8.428,8.787,93.00000000,98.00000000,100.00000000,0.10000000,0.10425961,4.25961082,4.05535121,4.05535121,24H
REMOVE_SYMBOL_TOP10,TRUMP/USDT,2026-08-11T03:00:00+00:00,2026-08-12T03:00:00+00:00,1.518,1.49,95.00000000,100.00000000,100.00000000,0.10000000,0.09815547,-1.84453228,-2.04268775,-2.04268775,24H
REMOVE_SYMBOL_TOP10,ENA/USDT,2026-08-11T04:00:00+00:00,2026-08-12T04:00:00+00:00,0.0903,0.0898,90.00000000,95.00000000,100.00000000,0.10000000,0.09944629,-0.55370986,-0.75315615,-0.75315615,24H
REMOVE_SYMBOL_TOP10,BNB/USDT,2026-08-11T09:00:00+00:00,2026-08-12T09:00:00+00:00,607.19,613.7,87.00000000,86.00000000,100.00000000,0.10000000,0.10107215,1.07215204,0.87107989,0.87107989,24H
REMOVE_SYMBOL_TOP10,DOGE/USDT,2026-08-11T09:00:00+00:00,2026-08-12T09:00:00+00:00,0.07059,0.07204,84.00000000,84.00000000,100.00000000,0.10000000,0.10205412,2.05411531,1.85206120,1.85206120,24H
REMOVE_SYMBOL_TOP10,EDEN/USDT,2026-08-11T09:00:00+00:00,2026-08-12T09:00:00+00:00,0.04421,0.04442,84.00000000,83.00000000,100.00000000,0.10000000,0.10047501,0.47500565,0.27453065,0.27453065,24H
REMOVE_SYMBOL_TOP10,KORUB/USDT,2026-08-11T14:00:00+00:00,2026-08-12T12:00:00+00:00,17.95,19.83,89.00000000,88.00000000,100.00000000,0.10000000,0.11047354,10.47353760,10.26306407,10.26306407,TAKE_PROFIT
REMOVE_SYMBOL_TOP10,CRCLB/USDT,2026-08-11T16:00:00+00:00,2026-08-12T16:00:00+00:00,71.09,70.03,84.00000000,88.00000000,100.00000000,0.10000000,0.09850893,-1.49106766,-1.68957659,-1.68957659,24H
REMOVE_SYMBOL_TOP10,SOL/USDT,2026-08-11T20:00:00+00:00,2026-08-12T20:00:00+00:00,76.05,75.93,80.00000000,82.00000000,100.00000000,0.10000000,0.09984221,-0.15779093,-0.35763314,-0.35763314,24H
REMOVE_SYMBOL_TOP10,WLD/USDT,2026-08-12T01:00:00+00:00,2026-08-13T01:00:00+00:00,0.3406,0.3298,90.00000000,95.00000000,100.00000000,0.10000000,0.09682913,-3.17087493,-3.36770405,-3.36770405,24H
REMOVE_SYMBOL_TOP10,GRAM/USDT,2026-08-12T04:00:00+00:00,2026-08-13T04:00:00+00:00,1.361,1.338,81.00000000,80.00000000,100.00000000,0.10000000,0.09831007,-1.68993387,-1.88824394,-1.88824394,24H
REMOVE_SYMBOL_TOP10,GPS/USDT,2026-08-12T09:00:00+00:00,2026-08-13T09:00:00+00:00,0.00981,0.01014,90.00000000,100.00000000,100.00000000,0.10000000,0.10336391,3.36391437,3.16055046,3.16055046,24H
REMOVE_SYMBOL_TOP10,PAXG/USDT,2026-08-12T09:00:00+00:00,2026-08-13T09:00:00+00:00,4413.47,4383.36,84.00000000,83.00000000,100.00000000,0.10000000,0.09931777,-0.68222963,-0.88154740,-0.88154740,24H
REMOVE_SYMBOL_TOP10,SOXLB/USDT,2026-08-12T09:00:00+00:00,2026-08-13T09:00:00+00:00,140.47,142.68,84.00000000,88.00000000,100.00000000,0.10000000,0.10157329,1.57328967,1.37171638,1.37171638,24H
REMOVE_SYMBOL_TOP10,LINK/USDT,2026-08-12T12:00:00+00:00,2026-08-13T12:00:00+00:00,8.849,8.782,93.00000000,98.00000000,100.00000000,0.10000000,0.09924285,-0.75714770,-0.95639055,-0.95639055,24H
REMOVE_SYMBOL_TOP10,EDEN/USDT,2026-08-12T16:00:00+00:00,2026-08-13T15:00:00+00:00,0.04516,0.04974,93.00000000,98.00000000,100.00000000,0.10000000,0.11014172,10.14171833,9.93157662,9.93157662,TAKE_PROFIT
REMOVE_SYMBOL_TOP10,SNDKB/USDT,2026-08-13T12:00:00+00:00,2026-08-13T15:00:00+00:00,1353.63,1532.99,90.00000000,95.00000000,100.00000000,0.10000000,0.11325030,13.25029735,13.03704705,13.03704705,TAKE_PROFIT
REMOVE_SYMBOL_TOP10,EDEN/USDT,2026-08-13T15:00:00+00:00,2026-08-13T18:00:00+00:00,0.04974,0.05933,90.00000000,100.00000000,100.00000000,0.10000000,0.11928026,19.28025734,19.06097708,19.06097708,TAKE_PROFIT
REMOVE_SYMBOL_TOP10,CRCLB/USDT,2026-08-12T20:00:00+00:00,2026-08-13T20:00:00+00:00,70.98,75.27,78.00000000,65.00000000,100.00000000,0.10000000,0.10604396,6.04395604,5.83791209,5.83791209,24H
REMOVE_SYMBOL_TOP10,RLUSD/USDT,2026-08-13T01:00:00+00:00,2026-08-14T01:00:00+00:00,1.0011,1.001,87.00000000,87.00000000,100.00000000,0.10000000,0.09999001,-0.00998901,-0.20997902,-0.20997902,24H
REMOVE_SYMBOL_TOP10,AVAX/USDT,2026-08-13T03:00:00+00:00,2026-08-14T03:00:00+00:00,6.512,6.417,79.00000000,76.00000000,100.00000000,0.10000000,0.09854115,-1.45884521,-1.65738636,-1.65738636,24H
REMOVE_SYMBOL_TOP10,PUMP/USDT,2026-08-13T04:00:00+00:00,2026-08-14T04:00:00+00:00,0.002772,0.002918,82.00000000,82.00000000,100.00000000,0.10000000,0.10526696,5.26695527,5.06168831,5.06168831,24H
REMOVE_SYMBOL_TOP10,WLD/USDT,2026-08-13T09:00:00+00:00,2026-08-14T09:00:00+00:00,0.3466,0.3357,95.00000000,100.00000000,100.00000000,0.10000000,0.09685516,-3.14483555,-3.34169071,-3.34169071,24H
REMOVE_SYMBOL_TOP10,XUSD/USDT,2026-08-13T09:00:00+00:00,2026-08-14T09:00:00+00:00,1.001,1.0012,87.00000000,87.00000000,100.00000000,0.10000000,0.10001998,0.01998002,-0.18003996,-0.18003996,24H
REMOVE_SYMBOL_TOP10,DEXE/USDT,2026-08-13T18:00:00+00:00,2026-08-14T09:00:00+00:00,2.06,1.937,79.00000000,76.00000000,100.00000000,0.10000000,0.09402913,-5.97087379,-6.16490291,-6.16490291,STOP_LOSS
REMOVE_SYMBOL_TOP10,SOXLB/USDT,2026-08-13T15:00:00+00:00,2026-08-14T15:00:00+00:00,149.63,140.58,89.00000000,88.00000000,100.00000000,0.10000000,0.09395175,-6.04825236,-6.24220410,-6.24220410,STOP_LOSS
REMOVE_SYMBOL_TOP10,HEI/USDT,2026-08-14T15:00:00+00:00,2026-08-14T18:00:00+00:00,0.1446,0.1335,89.00000000,81.00000000,100.00000000,0.10000000,0.09232365,-7.67634855,-7.86867220,-7.86867220,STOP_LOSS
REMOVE_SYMBOL_TOP10,TAO/USDT,2026-08-13T20:00:00+00:00,2026-08-14T20:00:00+00:00,202.9,197.8,87.00000000,86.00000000,100.00000000,0.10000000,0.09748645,-2.51355347,-2.71103992,-2.71103992,24H
REMOVE_SYMBOL_TOP10,EDEN/USDT,2026-08-14T18:00:00+00:00,2026-08-15T00:00:00+00:00,0.06159,0.05846,84.00000000,76.00000000,100.00000000,0.10000000,0.09491801,-5.08199383,-5.27691184,-5.27691184,STOP_LOSS
REMOVE_SYMBOL_TOP10,RED/USDT,2026-08-14T01:00:00+00:00,2026-08-15T01:00:00+00:00,0.0891,0.0873,84.00000000,89.00000000,100.00000000,0.10000000,0.09797980,-2.02020202,-2.21818182,-2.21818182,24H
REMOVE_SYMBOL_TOP10,LINK/USDT,2026-08-14T09:00:00+00:00,2026-08-15T02:00:00+00:00,8.82,9.725,84.00000000,84.00000000,100.00000000,0.10000000,0.11026077,10.26077098,10.05051020,10.05051020,TAKE_PROFIT
REMOVE_SYMBOL_TOP10,PUMP/USDT,2026-08-14T04:00:00+00:00,2026-08-15T03:00:00+00:00,0.002918,0.00274,87.00000000,86.00000000,100.00000000,0.10000000,0.09389993,-6.10006854,-6.29396847,-6.29396847,STOP_LOSS
REMOVE_SYMBOL_TOP10,KORUB/USDT,2026-08-14T06:00:00+00:00,2026-08-15T06:00:00+00:00,21.69,21.63,92.00000000,97.00000000,100.00000000,0.10000000,0.09972337,-0.27662517,-0.47634855,-0.47634855,24H
REMOVE_SYMBOL_TOP10,WLFI/USDT,2026-08-14T07:00:00+00:00,2026-08-15T07:00:00+00:00,0.0555,0.0566,93.00000000,98.00000000,100.00000000,0.10000000,0.10198198,1.98198198,1.78000000,1.78000000,24H
REMOVE_SYMBOL_TOP10,RLUSD/USDT,2026-08-14T09:00:00+00:00,2026-08-15T09:00:00+00:00,1.0011,1.0013,87.00000000,87.00000000,100.00000000,0.10000000,0.10001998,0.01997802,-0.18004195,-0.18004195,24H
REMOVE_SYMBOL_TOP10,U/USDT,2026-08-14T09:00:00+00:00,2026-08-15T09:00:00+00:00,1.0005,1.0005,87.00000000,87.00000000,100.00000000,0.10000000,0.10000000,0.00000000,-0.20000000,-0.20000000,24H
REMOVE_SYMBOL_TOP10,USDE/USDT,2026-08-14T09:00:00+00:00,2026-08-15T09:00:00+00:00,1.0008,1.001,87.00000000,87.00000000,100.00000000,0.10000000,0.10001998,0.01998401,-0.18003597,-0.18003597,24H
REMOVE_SYMBOL_TOP10,PLUME/USDT,2026-08-15T01:00:00+00:00,2026-08-15T10:00:00+00:00,0.0127,0.0141,89.00000000,88.00000000,100.00000000,0.10000000,0.11102362,11.02362205,10.81259843,10.81259843,TAKE_PROFIT
REMOVE_SYMBOL_TOP10,CHIP/USDT,2026-08-15T03:00:00+00:00,2026-08-15T19:00:00+00:00,0.02362,0.02681,89.00000000,89.00000000,100.00000000,0.10000000,0.11350550,13.50550381,13.29199831,13.29199831,TAKE_PROFIT
REMOVE_SYMBOL_TOP10,XPL/USDT,2026-08-15T02:00:00+00:00,2026-08-16T02:00:00+00:00,0.07735,0.07672,89.00000000,89.00000000,100.00000000,0.10000000,0.09918552,-0.81447964,-1.01366516,-1.01366516,24H
REMOVE_SYMBOL_TOP10,GPS/USDT,2026-08-15T07:00:00+00:00,2026-08-16T07:00:00+00:00,0.01054,0.01114,83.00000000,75.00000000,100.00000000,0.10000000,0.10569260,5.69259962,5.48690702,5.48690702,24H
REMOVE_SYMBOL_TOP10,U/USDT,2026-08-15T09:00:00+00:00,2026-08-16T09:00:00+00:00,1.0005,1.0004,84.00000000,84.00000000,100.00000000,0.10000000,0.09999000,-0.00999500,-0.20998501,-0.20998501,24H
REMOVE_SYMBOL_TOP10,BNB/USDT,2026-08-15T09:00:00+00:00,2026-08-16T09:00:00+00:00,611.88,607.33,81.00000000,80.00000000,100.00000000,0.10000000,0.09925639,-0.74360986,-0.94286625,-0.94286625,24H
REMOVE_SYMBOL_TOP10,EUR/USDT,2026-08-15T09:00:00+00:00,2026-08-16T09:00:00+00:00,1.1577,1.1575,81.00000000,80.00000000,100.00000000,0.10000000,0.09998272,-0.01727563,-0.21725836,-0.21725836,24H
REMOVE_SYMBOL_TOP10,OPN/USDT,2026-08-15T10:00:00+00:00,2026-08-16T10:00:00+00:00,0.0498,0.0532,84.00000000,89.00000000,100.00000000,0.10000000,0.10682731,6.82730924,6.62048193,6.62048193,24H
REMOVE_SYMBOL_TOP10,GPS/USDT,2026-08-16T07:00:00+00:00,2026-08-16T11:00:00+00:00,0.01114,0.0105,95.00000000,100.00000000,100.00000000,0.10000000,0.09425494,-5.74506284,-5.93931777,-5.93931777,STOP_LOSS
REMOVE_SYMBOL_TOP10,BEL/USDT,2026-08-16T09:00:00+00:00,2026-08-16T18:00:00+00:00,0.1072,0.1222,93.00000000,98.00000000,100.00000000,0.10000000,0.11399254,13.99253731,13.77854478,13.77854478,TAKE_PROFIT
REMOVE_SYMBOL_TOP10,SKHYB/USDT,2026-08-15T19:00:00+00:00,2026-08-16T19:00:00+00:00,167.66,167.91,87.00000000,87.00000000,100.00000000,0.10000000,0.10014911,0.14911130,-0.05103781,-0.05103781,24H
REMOVE_SYMBOL_TOP10,ALPINE/USDT,2026-08-15T20:00:00+00:00,2026-08-16T20:00:00+00:00,0.32,0.317,89.00000000,89.00000000,100.00000000,0.10000000,0.09906250,-0.93750000,-1.13656250,-1.13656250,24H
REMOVE_SYMBOL_TOP10,XPL/USDT,2026-08-16T09:00:00+00:00,2026-08-16T21:00:00+00:00,0.07827,0.07432,93.00000000,98.00000000,100.00000000,0.10000000,0.09495337,-5.04663345,-5.24158681,-5.24158681,STOP_LOSS
REMOVE_SYMBOL_TOP10,WLFI/USDT,2026-08-16T00:00:00+00:00,2026-08-17T00:00:00+00:00,0.0578,0.0598,92.00000000,97.00000000,100.00000000,0.10000000,0.10346021,3.46020761,3.25674740,3.25674740,24H
REMOVE_SYMBOL_TOP10,SNXXB/USDT,2026-08-16T02:00:00+00:00,2026-08-17T02:00:00+00:00,16.54,17.69,88.00000000,93.00000000,100.00000000,0.10000000,0.10695284,6.95284160,6.74588875,6.74588875,24H
REMOVE_SYMBOL_TOP10,GPS/USDT,2026-08-17T01:00:00+00:00,2026-08-17T03:00:00+00:00,0.01195,0.01394,95.00000000,100.00000000,100.00000000,0.10000000,0.11665272,16.65271967,16.43606695,16.43606695,TAKE_PROFIT
REMOVE_SYMBOL_TOP10,CHIP/USDT,2026-08-16T09:00:00+00:00,2026-08-17T07:00:00+00:00,0.02897,0.03253,92.00000000,97.00000000,100.00000000,0.10000000,0.11228857,12.28857439,12.07628581,12.07628581,TAKE_PROFIT
REMOVE_SYMBOL_TOP10,CHIP/USDT,2026-08-17T07:00:00+00:00,2026-08-17T08:00:00+00:00,0.03253,0.02993,90.00000000,100.00000000,100.00000000,0.10000000,0.09200738,-7.99262219,-8.18462957,-8.18462957,STOP_LOSS
REMOVE_SYMBOL_TOP10,PLUME/USDT,2026-08-16T10:00:00+00:00,2026-08-17T10:00:00+00:00,0.01311,0.01258,87.00000000,86.00000000,100.00000000,0.10000000,0.09595728,-4.04271548,-4.23867277,-4.23867277,24H
REMOVE_SYMBOL_TOP10,RLUSD/USDT,2026-08-16T12:00:00+00:00,2026-08-17T12:00:00+00:00,1.0012,1.0012,84.00000000,84.00000000,100.00000000,0.10000000,0.10000000,0.00000000,-0.20000000,-0.20000000,24H
REMOVE_SYMBOL_TOP10,KORUB/USDT,2026-08-17T02:00:00+00:00,2026-08-17T14:00:00+00:00,22.24,25.04,93.00000000,98.00000000,100.00000000,0.10000000,0.11258993,12.58992806,12.37733813,12.37733813,TAKE_PROFIT
REMOVE_SYMBOL_TOP10,CHIP/USDT,2026-08-17T08:00:00+00:00,2026-08-17T18:00:00+00:00,0.02993,0.02814,95.00000000,100.00000000,100.00000000,0.10000000,0.09401938,-5.98062145,-6.17464083,-6.17464083,STOP_LOSS
REMOVE_SYMBOL_TOP10,EUR/USDT,2026-08-16T19:00:00+00:00,2026-08-17T19:00:00+00:00,1.1577,1.1588,87.00000000,87.00000000,100.00000000,0.10000000,0.10009502,0.09501598,-0.10507904,-0.10507904,24H
REMOVE_SYMBOL_TOP10,BEL/USDT,2026-08-16T20:00:00+00:00,2026-08-17T20:00:00+00:00,0.1115,0.1082,87.00000000,87.00000000,100.00000000,0.10000000,0.09704036,-2.95964126,-3.15668161,-3.15668161,24H
REMOVE_SYMBOL_TOP10,RARE/USDT,2026-08-16T21:00:00+00:00,2026-08-17T21:00:00+00:00,0.01217,0.01231,87.00000000,87.00000000,100.00000000,0.10000000,0.10115037,1.15036976,0.94921939,0.94921939,24H
REMOVE_SYMBOL_TOP10,MUBARAK/USDT,2026-08-17T00:00:00+00:00,2026-08-17T21:00:00+00:00,0.0175,0.01661,92.00000000,97.00000000,100.00000000,0.10000000,0.09491429,-5.08571429,-5.28062857,-5.28062857,STOP_LOSS
REMOVE_SYMBOL_TOP10,EURI/USDT,2026-08-16T22:00:00+00:00,2026-08-17T22:00:00+00:00,1.1579,1.1588,76.00000000,71.00000000,100.00000000,0.10000000,0.10007773,0.07772692,-0.12235081,-0.12235081,24H
REMOVE_SYMBOL_TOP10,SNXXB/USDT,2026-08-17T22:00:00+00:00,2026-08-18T01:00:00+00:00,19.6,18.22,89.00000000,88.00000000,100.00000000,0.10000000,0.09295918,-7.04081633,-7.23377551,-7.23377551,STOP_LOSS
REMOVE_SYMBOL_TOP10,GPS/USDT,2026-08-17T12:00:00+00:00,2026-08-18T05:00:00+00:00,0.01554,0.0172,92.00000000,89.00000000,100.00000000,0.10000000,0.11068211,10.68211068,10.47142857,10.47142857,TAKE_PROFIT
REMOVE_SYMBOL_TOP10,BMT/USDT,2026-08-17T18:00:00+00:00,2026-08-18T05:00:00+00:00,0.01605,0.01519,89.00000000,89.00000000,100.00000000,0.10000000,0.09464174,-5.35825545,-5.55289720,-5.55289720,STOP_LOSS
REMOVE_SYMBOL_TOP10,EDEN/USDT,2026-08-18T05:00:00+00:00,2026-08-18T07:00:00+00:00,0.05105,0.05792,92.00000000,97.00000000,100.00000000,0.10000000,0.11345739,13.45739471,13.24393732,13.24393732,TAKE_PROFIT
REMOVE_SYMBOL_TOP10,OPN/USDT,2026-08-17T20:00:00+00:00,2026-08-18T09:00:00+00:00,0.0527,0.0587,84.00000000,84.00000000,100.00000000,0.10000000,0.11138520,11.38519924,11.17381404,11.17381404,TAKE_PROFIT
REMOVE_SYMBOL_TOP10,USDC/USDT,2026-08-17T10:00:00+00:00,2026-08-18T10:00:00+00:00,1.00097,1.00088,87.00000000,87.00000000,100.00000000,0.10000000,0.09999101,-0.00899128,-0.20898229,-0.20898229,24H
REMOVE_SYMBOL_TOP10,CRCLB/USDT,2026-08-17T14:00:00+00:00,2026-08-18T14:00:00+00:00,74.31,72.15,90.00000000,100.00000000,100.00000000,0.10000000,0.09709326,-2.90674203,-3.10383528,-3.10383528,24H
REMOVE_SYMBOL_TOP10,POL/USDT,2026-08-17T19:00:00+00:00,2026-08-18T19:00:00+00:00,0.08002,0.08209,92.00000000,97.00000000,100.00000000,0.10000000,0.10258685,2.58685329,2.38426643,2.38426643,24H
REMOVE_SYMBOL_TOP10,AAVE/USDT,2026-08-17T21:00:00+00:00,2026-08-18T21:00:00+00:00,89.04,88.29,79.00000000,79.00000000,100.00000000,0.10000000,0.09915768,-0.84231806,-1.04147574,-1.04147574,24H
REMOVE_SYMBOL_TOP10,ALLO/USDT,2026-08-17T21:00:00+00:00,2026-08-18T21:00:00+00:00,0.2909,0.2978,78.00000000,73.00000000,100.00000000,0.10000000,0.10237195,2.37194912,2.16957717,2.16957717,24H
REMOVE_SYMBOL_TOP10,GPS/USDT,2026-08-18T10:00:00+00:00,2026-08-19T01:00:00+00:00,0.01728,0.0146,89.00000000,80.00000000,100.00000000,0.10000000,0.08449074,-15.50925926,-15.69375000,-15.69375000,STOP_LOSS
REMOVE_SYMBOL_TOP10,BTC/USDT,2026-08-18T05:00:00+00:00,2026-08-19T05:00:00+00:00,64242.76,64236.01,81.00000000,81.00000000,100.00000000,0.10000000,0.09998949,-0.01050702,-0.21049651,-0.21049651,24H
REMOVE_SYMBOL_TOP10,ARB/USDT,2026-08-18T09:00:00+00:00,2026-08-19T09:00:00+00:00,0.0755,0.077,87.00000000,87.00000000,100.00000000,0.10000000,0.10198675,1.98675497,1.78476821,1.78476821,24H
REMOVE_SYMBOL_TOP10,MUBARAK/USDT,2026-08-19T01:00:00+00:00,2026-08-19T09:00:00+00:00,0.0173,0.01908,80.00000000,72.00000000,100.00000000,0.10000000,0.11028902,10.28901734,10.07872832,10.07872832,TAKE_PROFIT
REMOVE_SYMBOL_TOP10,SOL/USDT,2026-08-18T14:00:00+00:00,2026-08-19T14:00:00+00:00,76.8,80.89,93.00000000,98.00000000,100.00000000,0.10000000,0.10532552,5.32552083,5.12019531,5.12019531,24H
REMOVE_SYMBOL_TOP10,ETH/USDT,2026-08-18T14:00:00+00:00,2026-08-19T14:00:00+00:00,1911.02,1970.6,90.00000000,95.00000000,100.00000000,0.10000000,0.10311771,3.11770677,2.91458907,2.91458907,24H
REMOVE_SYMBOL_TOP10,EDEN/USDT,2026-08-19T14:00:00+00:00,2026-08-19T15:00:00+00:00,0.05968,0.05515,95.00000000,100.00000000,100.00000000,0.10000000,0.09240952,-7.59048257,-7.78289209,-7.78289209,STOP_LOSS
REMOVE_SYMBOL_TOP10,PUMP/USDT,2026-08-18T19:00:00+00:00,2026-08-19T16:00:00+00:00,0.00285,0.003162,82.00000000,82.00000000,100.00000000,0.10000000,0.11094737,10.94736842,10.73642105,10.73642105,TAKE_PROFIT
REMOVE_SYMBOL_TOP10,LINK/USDT,2026-08-18T18:00:00+00:00,2026-08-19T18:00:00+00:00,9.516,9.991,79.00000000,74.00000000,100.00000000,0.10000000,0.10499159,4.99159311,4.78660151,4.78660151,24H
REMOVE_SYMBOL_TOP10,ARB/USDT,2026-08-19T09:00:00+00:00,2026-08-19T20:00:00+00:00,0.077,0.0847,84.00000000,84.00000000,100.00000000,0.10000000,0.11000000,10.00000000,9.79000000,9.79000000,TAKE_PROFIT
REMOVE_SYMBOL_TOP10,UNI/USDT,2026-08-19T05:00:00+00:00,2026-08-19T21:00:00+00:00,3.327,3.712,70.00000000,65.00000000,100.00000000,0.10000000,0.11157199,11.57198677,11.36041479,11.36041479,TAKE_PROFIT
REMOVE_SYMBOL_TOP10,TAO/USDT,2026-08-20T23:00:00+00:00,2026-08-21T23:00:00+00:00,214.9,229.9,72.00000000,67.00000000,100.00000000,0.10000000,0.10697999,6.97999069,6.77301070,6.77301070,24H
FIRST_HALF,ACE/USDT,2026-07-18T15:00:00+00:00,2026-07-18T18:00:00+00:00,0.0729,0.0686,70.00000000,70.00000000,100.00000000,0.10000000,0.09410151,-5.89849108,-6.09259259,-6.09259259,STOP_LOSS
FIRST_HALF,DEXE/USDT,2026-07-18T13:00:00+00:00,2026-07-19T06:00:00+00:00,36.519,34.466,75.00000000,70.00000000,100.00000000,0.10000000,0.09437827,-5.62173115,-5.81610942,-5.81610942,STOP_LOSS
FIRST_HALF,CHIP/USDT,2026-07-18T13:00:00+00:00,2026-07-19T13:00:00+00:00,0.03159,0.03049,75.00000000,70.00000000,100.00000000,0.10000000,0.09651789,-3.48211459,-3.67863248,-3.67863248,24H
FIRST_HALF,ONG/USDT,2026-07-18T13:00:00+00:00,2026-07-19T13:00:00+00:00,0.0472,0.0474,70.00000000,65.00000000,100.00000000,0.10000000,0.10042373,0.42372881,0.22330508,0.22330508,24H
FIRST_HALF,ALLO/USDT,2026-07-18T14:00:00+00:00,2026-07-19T14:00:00+00:00,0.4592,0.4639,72.00000000,67.00000000,100.00000000,0.10000000,0.10102352,1.02351916,0.82249564,0.82249564,24H
FIRST_HALF,ZEC/USDT,2026-07-18T16:00:00+00:00,2026-07-19T16:00:00+00:00,556.73,551.43,70.00000000,65.00000000,100.00000000,0.10000000,0.09904801,-0.95198750,-1.15103551,-1.15103551,24H
FIRST_HALF,ETH/USDT,2026-07-18T18:00:00+00:00,2026-07-19T18:00:00+00:00,1857.54,1861.12,70.00000000,65.00000000,100.00000000,0.10000000,0.10019273,0.19272802,-0.00746471,-0.00746471,24H
FIRST_HALF,TAO/USDT,2026-07-18T19:00:00+00:00,2026-07-19T19:00:00+00:00,195.9,197.1,70.00000000,65.00000000,100.00000000,0.10000000,0.10061256,0.61255743,0.41194487,0.41194487,24H
FIRST_HALF,ACE/USDT,2026-07-19T20:00:00+00:00,2026-07-19T22:00:00+00:00,0.0712,0.0957,70.00000000,70.00000000,100.00000000,0.10000000,0.13441011,34.41011236,34.17570225,34.17570225,TAKE_PROFIT
FIRST_HALF,CRCLB/USDT,2026-07-19T01:00:00+00:00,2026-07-20T01:00:00+00:00,61.4,60.65,73.00000000,68.00000000,100.00000000,0.10000000,0.09877850,-1.22149837,-1.42027687,-1.42027687,24H
FIRST_HALF,OPN/USDT,2026-07-19T02:00:00+00:00,2026-07-20T02:00:00+00:00,0.0637,0.0616,70.00000000,65.00000000,100.00000000,0.10000000,0.09670330,-3.29670330,-3.49340659,-3.49340659,24H
FIRST_HALF,PEPE/USDT,2026-07-19T06:00:00+00:00,2026-07-20T06:00:00+00:00,2.8e-06,2.82e-06,73.00000000,68.00000000,100.00000000,0.10000000,0.10071429,0.71428571,0.51357143,0.51357143,24H
FIRST_HALF,HEMI/USDT,2026-07-19T13:00:00+00:00,2026-07-20T08:00:00+00:00,0.00457,0.00505,75.00000000,70.00000000,100.00000000,0.10000000,0.11050328,10.50328228,10.29277899,10.29277899,TAKE_PROFIT
FIRST_HALF,LTC/USDT,2026-07-19T13:00:00+00:00,2026-07-20T13:00:00+00:00,47.36,46.69,73.00000000,68.00000000,100.00000000,0.10000000,0.09858530,-1.41469595,-1.61328125,-1.61328125,24H
FIRST_HALF,GPS/USDT,2026-07-19T14:00:00+00:00,2026-07-20T14:00:00+00:00,0.00908,0.00905,70.00000000,65.00000000,100.00000000,0.10000000,0.09966960,-0.33039648,-0.53006608,-0.53006608,24H
FIRST_HALF,HEMI/USDT,2026-07-20T09:00:00+00:00,2026-07-20T14:00:00+00:00,0.00499,0.00561,70.00000000,70.00000000,100.00000000,0.10000000,0.11242485,12.42484970,12.21242485,12.21242485,TAKE_PROFIT
FIRST_HALF,EDEN/USDT,2026-07-19T16:00:00+00:00,2026-07-20T16:00:00+00:00,0.04415,0.04281,70.00000000,65.00000000,100.00000000,0.10000000,0.09696489,-3.03510759,-3.23207248,-3.23207248,24H
FIRST_HALF,ALLO/USDT,2026-07-20T16:00:00+00:00,2026-07-20T20:00:00+00:00,0.4872,0.4611,75.00000000,70.00000000,100.00000000,0.10000000,0.09464286,-5.35714286,-5.55178571,-5.55178571,STOP_LOSS
FIRST_HALF,EWYB/USDT,2026-07-19T22:00:00+00:00,2026-07-20T22:00:00+00:00,166.67,163.53,75.00000000,70.00000000,100.00000000,0.10000000,0.09811604,-1.88396232,-2.08207836,-2.08207836,24H
FIRST_HALF,MUB/USDT,2026-07-19T22:00:00+00:00,2026-07-20T22:00:00+00:00,867.11,873.22,73.00000000,68.00000000,100.00000000,0.10000000,0.10070464,0.70463955,0.50393491,0.50393491,24H
FIRST_HALF,ETH/USDT,2026-07-19T22:00:00+00:00,2026-07-20T22:00:00+00:00,1870.44,1895.72,70.00000000,65.00000000,100.00000000,0.10000000,0.10135155,1.35155365,1.15020209,1.15020209,24H
FIRST_HALF,TUT/USDT,2026-07-20T06:00:00+00:00,2026-07-21T00:00:00+00:00,0.01337,0.01477,70.00000000,65.00000000,100.00000000,0.10000000,0.11047120,10.47120419,10.26073298,10.26073298,TAKE_PROFIT
FIRST_HALF,LINK/USDT,2026-07-20T01:00:00+00:00,2026-07-21T01:00:00+00:00,8.422,8.592,73.00000000,68.00000000,100.00000000,0.10000000,0.10201852,2.01852292,1.81650439,1.81650439,24H
FIRST_HALF,HEMI/USDT,2026-07-20T22:00:00+00:00,2026-07-21T01:00:00+00:00,0.00686,0.00643,72.00000000,59.00000000,100.00000000,0.10000000,0.09373178,-6.26822157,-6.46195335,-6.46195335,STOP_LOSS
FIRST_HALF,MSTRB/USDT,2026-07-20T02:00:00+00:00,2026-07-21T02:00:00+00:00,95.95,99.27,70.00000000,65.00000000,100.00000000,0.10000000,0.10346014,3.46013549,3.25667535,3.25667535,24H
FIRST_HALF,DEXE/USDT,2026-07-21T00:00:00+00:00,2026-07-21T02:00:00+00:00,37.721,34.091,75.00000000,70.00000000,100.00000000,0.10000000,0.09037671,-9.62328676,-9.81366348,-9.81366348,STOP_LOSS
FIRST_HALF,TREE/USDT,2026-07-21T02:00:00+00:00,2026-07-21T06:00:00+00:00,0.0385,0.0475,72.00000000,67.00000000,100.00000000,0.10000000,0.12337662,23.37662338,23.15324675,23.15324675,TAKE_PROFIT
FIRST_HALF,SOXLB/USDT,2026-07-21T00:00:00+00:00,2026-07-21T08:00:00+00:00,139.06,153.96,73.00000000,68.00000000,100.00000000,0.10000000,0.11071480,10.71479937,10.50408457,10.50408457,TAKE_PROFIT
FIRST_HALF,NEAR/USDT,2026-07-20T13:00:00+00:00,2026-07-21T13:00:00+00:00,1.965,1.988,73.00000000,68.00000000,100.00000000,0.10000000,0.10117048,1.17048346,0.96931298,0.96931298,24H
FIRST_HALF,CRCLB/USDT,2026-07-20T14:00:00+00:00,2026-07-21T13:00:00+00:00,63.12,70.14,70.00000000,70.00000000,100.00000000,0.10000000,0.11112167,11.12167300,10.91055133,10.91055133,TAKE_PROFIT
FIRST_HALF,BMT/USDT,2026-07-20T15:00:00+00:00,2026-07-21T15:00:00+00:00,0.01184,0.01197,73.00000000,68.00000000,100.00000000,0.10000000,0.10109797,1.09797297,0.89687500,0.89687500,24H
FIRST_HALF,MUB/USDT,2026-07-21T01:00:00+00:00,2026-07-21T16:00:00+00:00,886.11,977.63,73.00000000,68.00000000,100.00000000,0.10000000,0.11032829,10.32828881,10.11796052,10.11796052,TAKE_PROFIT
FIRST_HALF,RARE/USDT,2026-07-20T20:00:00+00:00,2026-07-21T20:00:00+00:00,0.0128,0.0127,73.00000000,68.00000000,100.00000000,0.10000000,0.09921875,-0.78125000,-0.98046875,-0.98046875,24H
FIRST_HALF,RED/USDT,2026-07-21T01:00:00+00:00,2026-07-22T01:00:00+00:00,0.1032,0.1011,75.00000000,70.00000000,100.00000000,0.10000000,0.09796512,-2.03488372,-2.23284884,-2.23284884,24H
FIRST_HALF,EWYB/USDT,2026-07-21T02:00:00+00:00,2026-07-22T02:00:00+00:00,167.22,174.49,75.00000000,70.00000000,100.00000000,0.10000000,0.10434757,4.34756608,4.14321851,4.14321851,24H
FIRST_HALF,BICO/USDT,2026-07-21T02:00:00+00:00,2026-07-22T02:00:00+00:00,0.01401,0.01386,72.00000000,67.00000000,100.00000000,0.10000000,0.09892934,-1.07066381,-1.26959315,-1.26959315,24H
FIRST_HALF,SKHYB/USDT,2026-07-21T06:00:00+00:00,2026-07-22T06:00:00+00:00,160.21,163.65,72.00000000,67.00000000,100.00000000,0.10000000,0.10214718,2.14718182,1.94503464,1.94503464,24H
FIRST_HALF,GIGGLE/USDT,2026-07-21T08:00:00+00:00,2026-07-22T08:00:00+00:00,26.98,26.53,75.00000000,70.00000000,100.00000000,0.10000000,0.09833210,-1.66790215,-1.86623425,-1.86623425,24H
FIRST_HALF,TUT/USDT,2026-07-22T04:00:00+00:00,2026-07-22T10:00:00+00:00,0.01524,0.01412,70.00000000,65.00000000,100.00000000,0.10000000,0.09265092,-7.34908136,-7.54173228,-7.54173228,STOP_LOSS
FIRST_HALF,ALLO/USDT,2026-07-21T13:00:00+00:00,2026-07-22T13:00:00+00:00,0.4991,0.5038,75.00000000,70.00000000,100.00000000,0.10000000,0.10094170,0.94169505,0.74075336,0.74075336,24H
FIRST_HALF,SNDKB/USDT,2026-07-21T13:00:00+00:00,2026-07-22T13:00:00+00:00,1529.08,1577.19,70.00000000,70.00000000,100.00000000,0.10000000,0.10314634,3.14633636,2.94319002,2.94319002,24H
FIRST_HALF,MSTRB/USDT,2026-07-21T15:00:00+00:00,2026-07-22T15:00:00+00:00,102.67,99.78,73.00000000,68.00000000,100.00000000,0.10000000,0.09718516,-2.81484367,-3.01202883,-3.01202883,24H
FIRST_HALF,GRAM/USDT,2026-07-21T16:00:00+00:00,2026-07-22T16:00:00+00:00,1.518,1.517,72.00000000,67.00000000,100.00000000,0.10000000,0.09993412,-0.06587615,-0.26581028,-0.26581028,24H
FIRST_HALF,PORTAL/USDT,2026-07-21T22:00:00+00:00,2026-07-22T22:00:00+00:00,0.01106,0.01088,73.00000000,68.00000000,100.00000000,0.10000000,0.09837251,-1.62748644,-1.82585895,-1.82585895,24H
FIRST_HALF,CHIP/USDT,2026-07-22T02:00:00+00:00,2026-07-23T02:00:00+00:00,0.0306,0.03026,70.00000000,65.00000000,100.00000000,0.10000000,0.09888889,-1.11111111,-1.31000000,-1.31000000,24H
FIRST_HALF,BICO/USDT,2026-07-22T03:00:00+00:00,2026-07-23T03:00:00+00:00,0.01388,0.01377,73.00000000,68.00000000,100.00000000,0.10000000,0.09920749,-0.79250720,-0.99171470,-0.99171470,24H
FIRST_HALF,BEL/USDT,2026-07-22T06:00:00+00:00,2026-07-23T06:00:00+00:00,0.1042,0.1018,70.00000000,65.00000000,100.00000000,0.10000000,0.09769674,-2.30326296,-2.50095969,-2.50095969,24H
FIRST_HALF,ENA/USDT,2026-07-22T08:00:00+00:00,2026-07-23T08:00:00+00:00,0.0882,0.0919,70.00000000,65.00000000,100.00000000,0.10000000,0.10419501,4.19501134,3.99081633,3.99081633,24H
FIRST_HALF,ONDO/USDT,2026-07-22T10:00:00+00:00,2026-07-23T10:00:00+00:00,0.4109,0.4035,75.00000000,70.00000000,100.00000000,0.10000000,0.09819908,-1.80092480,-1.99912387,-1.99912387,24H
FIRST_HALF,AAVE/USDT,2026-07-22T13:00:00+00:00,2026-07-23T13:00:00+00:00,97.91,96.11,75.00000000,70.00000000,100.00000000,0.10000000,0.09816158,-1.83842304,-2.03658462,-2.03658462,24H
FIRST_HALF,MUB/USDT,2026-07-22T13:00:00+00:00,2026-07-23T13:00:00+00:00,972.31,977.98,75.00000000,70.00000000,100.00000000,0.10000000,0.10058315,0.58314735,0.38256420,0.38256420,24H
FIRST_HALF,ADA/USDT,2026-07-22T15:00:00+00:00,2026-07-23T15:00:00+00:00,0.1779,0.1705,75.00000000,70.00000000,100.00000000,0.10000000,0.09584036,-4.15964025,-4.35548061,-4.35548061,24H
FIRST_HALF,OPN/USDT,2026-07-23T06:00:00+00:00,2026-07-23T15:00:00+00:00,0.0718,0.0669,73.00000000,68.00000000,100.00000000,0.10000000,0.09317549,-6.82451253,-7.01768802,-7.01768802,STOP_LOSS
FIRST_HALF,WLD/USDT,2026-07-22T16:00:00+00:00,2026-07-23T16:00:00+00:00,0.3938,0.3766,75.00000000,70.00000000,100.00000000,0.10000000,0.09563230,-4.36769934,-4.56333164,-4.56333164,24H
FIRST_HALF,SKHYB/USDT,2026-07-23T00:00:00+00:00,2026-07-24T00:00:00+00:00,171.79,167.7,72.00000000,67.00000000,100.00000000,0.10000000,0.09761919,-2.38081378,-2.57843297,-2.57843297,24H
FIRST_HALF,RE/USDT,2026-07-23T16:00:00+00:00,2026-07-24T00:00:00+00:00,0.5261,0.5822,70.00000000,70.00000000,100.00000000,0.10000000,0.11066337,10.66337198,10.45270861,10.45270861,TAKE_PROFIT
FIRST_HALF,SNDKB/USDT,2026-07-23T16:00:00+00:00,2026-07-24T02:00:00+00:00,1667.76,1576.22,72.00000000,67.00000000,100.00000000,0.10000000,0.09451120,-5.48879935,-5.68331055,-5.68331055,STOP_LOSS
FIRST_HALF,SOXLB/USDT,2026-07-23T20:00:00+00:00,2026-07-24T02:00:00+00:00,162.95,151.66,75.00000000,70.00000000,100.00000000,0.10000000,0.09307149,-6.92850568,-7.12157717,-7.12157717,STOP_LOSS
FIRST_HALF,GRAM/USDT,2026-07-23T03:00:00+00:00,2026-07-24T03:00:00+00:00,1.516,1.455,73.00000000,68.00000000,100.00000000,0.10000000,0.09597625,-4.02374670,-4.21972296,-4.21972296,24H
FIRST_HALF,BMT/USDT,2026-07-23T05:00:00+00:00,2026-07-24T05:00:00+00:00,0.01262,0.01228,70.00000000,70.00000000,100.00000000,0.10000000,0.09730586,-2.69413629,-2.89144216,-2.89144216,24H
FIRST_HALF,TRUMP/USDT,2026-07-23T08:00:00+00:00,2026-07-24T08:00:00+00:00,1.639,1.598,75.00000000,70.00000000,100.00000000,0.10000000,0.09749847,-2.50152532,-2.69902379,-2.69902379,24H
FIRST_HALF,OPN/USDT,2026-07-24T05:00:00+00:00,2026-07-24T08:00:00+00:00,0.0694,0.0627,75.00000000,70.00000000,100.00000000,0.10000000,0.09034582,-9.65417867,-9.84452450,-9.84452450,STOP_LOSS
FIRST_HALF,KAITO/USDT,2026-07-23T10:00:00+00:00,2026-07-24T10:00:00+00:00,1.032,1.0396,75.00000000,70.00000000,100.00000000,0.10000000,0.10073643,0.73643411,0.53569767,0.53569767,24H
FIRST_HALF,KAITO/USDT,2026-07-24T10:00:00+00:00,2026-07-24T12:00:00+00:00,1.0396,0.9876,73.00000000,68.00000000,100.00000000,0.10000000,0.09499808,-5.00192382,-5.19692189,-5.19692189,STOP_LOSS
FIRST_HALF,PLUME/USDT,2026-07-23T13:00:00+00:00,2026-07-24T13:00:00+00:00,0.01146,0.01114,73.00000000,68.00000000,100.00000000,0.10000000,0.09720768,-2.79232112,-2.98952880,-2.98952880,24H
FIRST_HALF,ALLO/USDT,2026-07-24T11:00:00+00:00,2026-07-24T14:00:00+00:00,0.5096,0.47,70.00000000,65.00000000,100.00000000,0.10000000,0.09222920,-7.77080063,-7.96302983,-7.96302983,STOP_LOSS
FIRST_HALF,HOME/USDT,2026-07-24T14:00:00+00:00,2026-07-24T18:00:00+00:00,0.00689,0.00654,72.00000000,67.00000000,100.00000000,0.10000000,0.09492017,-5.07982583,-5.27474601,-5.27474601,STOP_LOSS
FIRST_HALF,HEI/USDT,2026-07-23T21:00:00+00:00,2026-07-24T21:00:00+00:00,0.103,0.0987,70.00000000,70.00000000,100.00000000,0.10000000,0.09582524,-4.17475728,-4.37058252,-4.37058252,24H
FIRST_HALF,XPL/USDT,2026-07-24T17:00:00+00:00,2026-07-25T03:00:00+00:00,0.08689,0.08214,75.00000000,70.00000000,100.00000000,0.10000000,0.09453332,-5.46668201,-5.66121533,-5.66121533,STOP_LOSS
FIRST_HALF,UNI/USDT,2026-07-24T05:00:00+00:00,2026-07-25T05:00:00+00:00,3.833,3.687,70.00000000,65.00000000,100.00000000,0.10000000,0.09619097,-3.80902687,-4.00521785,-4.00521785,24H
FIRST_HALF,HEMI/USDT,2026-07-24T19:00:00+00:00,2026-07-25T06:00:00+00:00,0.00532,0.00505,75.00000000,70.00000000,100.00000000,0.10000000,0.09492481,-5.07518797,-5.27011278,-5.27011278,STOP_LOSS
FIRST_HALF,RE/USDT,2026-07-25T07:00:00+00:00,2026-07-25T09:00:00+00:00,0.6078,0.5587,75.00000000,70.00000000,100.00000000,0.10000000,0.09192168,-8.07831524,-8.27023692,-8.27023692,STOP_LOSS
FIRST_HALF,GPS/USDT,2026-07-24T10:00:00+00:00,2026-07-25T10:00:00+00:00,0.00923,0.00958,70.00000000,65.00000000,100.00000000,0.10000000,0.10379198,3.79198267,3.58819068,3.58819068,24H
FIRST_HALF,PLUME/USDT,2026-07-24T14:00:00+00:00,2026-07-25T14:00:00+00:00,0.01141,0.01178,73.00000000,68.00000000,100.00000000,0.10000000,0.10324277,3.24276950,3.03952673,3.03952673,24H
FIRST_HALF,TUT/USDT,2026-07-24T21:00:00+00:00,2026-07-25T21:00:00+00:00,0.01452,0.01538,75.00000000,70.00000000,100.00000000,0.10000000,0.10592287,5.92286501,5.71694215,5.71694215,24H
FIRST_HALF,TREE/USDT,2026-07-25T00:00:00+00:00,2026-07-26T00:00:00+00:00,0.0394,0.0381,73.00000000,68.00000000,100.00000000,0.10000000,0.09670051,-3.29949239,-3.49619289,-3.49619289,24H
FIRST_HALF,ALPINE/USDT,2026-07-25T13:00:00+00:00,2026-07-26T13:00:00+00:00,0.314,0.315,75.00000000,70.00000000,100.00000000,0.10000000,0.10031847,0.31847134,0.11815287,0.11815287,24H
FIRST_HALF,PLUME/USDT,2026-07-25T15:00:00+00:00,2026-07-26T15:00:00+00:00,0.01177,0.01236,70.00000000,65.00000000,100.00000000,0.10000000,0.10501274,5.01274427,4.80773152,4.80773152,24H
FIRST_HALF,TRX/USDT,2026-07-25T16:00:00+00:00,2026-07-26T16:00:00+00:00,0.3321,0.333,70.00000000,65.00000000,100.00000000,0.10000000,0.10027100,0.27100271,0.07073171,0.07073171,24H
FIRST_HALF,MUBARAK/USDT,2026-07-25T19:00:00+00:00,2026-07-26T19:00:00+00:00,0.01076,0.0108,70.00000000,65.00000000,100.00000000,0.10000000,0.10037175,0.37174721,0.17137546,0.17137546,24H
FIRST_HALF,PEPE/USDT,2026-07-26T02:00:00+00:00,2026-07-27T02:00:00+00:00,2.86e-06,2.94e-06,70.00000000,70.00000000,100.00000000,0.10000000,0.10279720,2.79720280,2.59440559,2.59440559,24H
FIRST_HALF,DOT/USDT,2026-07-26T03:00:00+00:00,2026-07-27T03:00:00+00:00,0.82,0.818,70.00000000,65.00000000,100.00000000,0.10000000,0.09975610,-0.24390244,-0.44365854,-0.44365854,24H
FIRST_HALF,FIL/USDT,2026-07-26T04:00:00+00:00,2026-07-27T04:00:00+00:00,0.7416,0.7478,70.00000000,65.00000000,100.00000000,0.10000000,0.10083603,0.83603020,0.63519417,0.63519417,24H
FIRST_HALF,TAO/USDT,2026-07-26T04:00:00+00:00,2026-07-27T04:00:00+00:00,196.4,198.8,70.00000000,70.00000000,100.00000000,0.10000000,0.10122200,1.22199593,1.02077393,1.02077393,24H
FIRST_HALF,RARE/USDT,2026-07-26T09:00:00+00:00,2026-07-27T09:00:00+00:00,0.01279,0.01259,70.00000000,65.00000000,100.00000000,0.10000000,0.09843628,-1.56372166,-1.76215794,-1.76215794,24H
FIRST_HALF,LINK/USDT,2026-07-26T13:00:00+00:00,2026-07-27T13:00:00+00:00,8.458,8.772,70.00000000,65.00000000,100.00000000,0.10000000,0.10371246,3.71246157,3.50874911,3.50874911,24H
FIRST_HALF,EDEN/USDT,2026-07-27T09:00:00+00:00,2026-07-27T15:00:00+00:00,0.04471,0.04217,90.00000000,100.00000000,100.00000000,0.10000000,0.09431894,-5.68105569,-5.87537464,-5.87537464,STOP_LOSS
FIRST_HALF,ONDO/USDT,2026-07-26T16:00:00+00:00,2026-07-27T16:00:00+00:00,0.4062,0.4094,90.00000000,100.00000000,100.00000000,0.10000000,0.10078779,0.78778927,0.58700148,0.58700148,24H
FIRST_HALF,USDE/USDT,2026-07-26T16:00:00+00:00,2026-07-27T16:00:00+00:00,1.0009,1.0009,87.00000000,87.00000000,100.00000000,0.10000000,0.10000000,0.00000000,-0.20000000,-0.20000000,24H
FIRST_HALF,PLUME/USDT,2026-07-27T02:00:00+00:00,2026-07-27T17:00:00+00:00,0.01231,0.01166,90.00000000,95.00000000,100.00000000,0.10000000,0.09471974,-5.28025995,-5.47497969,-5.47497969,STOP_LOSS
FIRST_HALF,ENA/USDT,2026-07-27T13:00:00+00:00,2026-07-27T18:00:00+00:00,0.0923,0.0876,95.00000000,100.00000000,100.00000000,0.10000000,0.09490791,-5.09209101,-5.28699892,-5.28699892,STOP_LOSS
FIRST_HALF,USDC/USDT,2026-07-26T19:00:00+00:00,2026-07-27T19:00:00+00:00,1.00087,1.00084,87.00000000,87.00000000,100.00000000,0.10000000,0.09999700,-0.00299739,-0.20299439,-0.20299439,24H
FIRST_HALF,ALPINE/USDT,2026-07-27T03:00:00+00:00,2026-07-27T22:00:00+00:00,0.32,0.301,87.00000000,87.00000000,100.00000000,0.10000000,0.09406250,-5.93750000,-6.13156250,-6.13156250,STOP_LOSS
FIRST_HALF,KAITO/USDT,2026-07-27T15:00:00+00:00,2026-07-27T22:00:00+00:00,1.21,1.3423,84.00000000,84.00000000,100.00000000,0.10000000,0.11093388,10.93388430,10.72295041,10.72295041,TAKE_PROFIT
FIRST_HALF,CRCLB/USDT,2026-07-27T04:00:00+00:00,2026-07-28T04:00:00+00:00,63.92,63.19,87.00000000,87.00000000,100.00000000,0.10000000,0.09885795,-1.14205257,-1.34091051,-1.34091051,24H
FIRST_HALF,XUSD/USDT,2026-07-27T04:00:00+00:00,2026-07-28T04:00:00+00:00,1.0012,1.0012,87.00000000,87.00000000,100.00000000,0.10000000,0.10000000,0.00000000,-0.20000000,-0.20000000,24H
FIRST_HALF,PUMP/USDT,2026-07-27T19:00:00+00:00,2026-07-28T04:00:00+00:00,0.002128,0.002021,87.00000000,86.00000000,100.00000000,0.10000000,0.09497180,-5.02819549,-5.22316729,-5.22316729,STOP_LOSS
FIRST_HALF,KAITO/USDT,2026-07-27T22:00:00+00:00,2026-07-28T05:00:00+00:00,1.3423,1.2594,78.00000000,83.00000000,100.00000000,0.10000000,0.09382403,-6.17596662,-6.36979066,-6.36979066,STOP_LOSS
FIRST_HALF,KAITO/USDT,2026-07-28T05:00:00+00:00,2026-07-28T09:00:00+00:00,1.2594,1.1586,74.00000000,63.00000000,100.00000000,0.10000000,0.09199619,-8.00381134,-8.19580753,-8.19580753,STOP_LOSS
FIRST_HALF,TREE/USDT,2026-07-27T17:00:00+00:00,2026-07-28T13:00:00+00:00,0.0395,0.0374,87.00000000,86.00000000,100.00000000,0.10000000,0.09468354,-5.31645570,-5.51113924,-5.51113924,STOP_LOSS
FIRST_HALF,RLUSD/USDT,2026-07-27T16:00:00+00:00,2026-07-28T16:00:00+00:00,1.0013,1.0011,87.00000000,87.00000000,100.00000000,0.10000000,0.09998003,-0.01997403,-0.21995406,-0.21995406,24H
FIRST_HALF,MSTRB/USDT,2026-07-27T16:00:00+00:00,2026-07-28T16:00:00+00:00,97.4,98.12,81.00000000,86.00000000,100.00000000,0.10000000,0.10073922,0.73921971,0.53848049,0.53848049,24H
FIRST_HALF,BNB/USDT,2026-07-27T18:00:00+00:00,2026-07-28T18:00:00+00:00,575.37,569.62,87.00000000,86.00000000,100.00000000,0.10000000,0.09900064,-0.99935694,-1.19835758,-1.19835758,24H
FIRST_HALF,USD1/USDT,2026-07-27T22:00:00+00:00,2026-07-28T22:00:00+00:00,0.99985,0.99968,84.00000000,84.00000000,100.00000000,0.10000000,0.09998300,-0.01700255,-0.21698555,-0.21698555,24H
FIRST_HALF,FDUSD/USDT,2026-07-28T04:00:00+00:00,2026-07-29T04:00:00+00:00,0.9993,0.9983,87.00000000,87.00000000,100.00000000,0.10000000,0.09989993,-0.10007005,-0.29996998,-0.29996998,24H
FIRST_HALF,USDC/USDT,2026-07-28T04:00:00+00:00,2026-07-29T04:00:00+00:00,1.00097,1.00114,76.00000000,71.00000000,100.00000000,0.10000000,0.10001698,0.01698353,-0.18303346,-0.18303346,24H
FIRST_HALF,GPS/USDT,2026-07-28T04:00:00+00:00,2026-07-29T04:00:00+00:00,0.00927,0.00972,72.00000000,69.00000000,100.00000000,0.10000000,0.10485437,4.85436893,4.64951456,4.64951456,24H
FIRST_HALF,MUBARAK/USDT,2026-07-28T09:00:00+00:00,2026-07-29T09:00:00+00:00,0.01111,0.01131,89.00000000,89.00000000,100.00000000,0.10000000,0.10180018,1.80018002,1.59837984,1.59837984,24H
FIRST_HALF,U/USDT,2026-07-28T13:00:00+00:00,2026-07-29T13:00:00+00:00,1.0008,1.0008,87.00000000,87.00000000,100.00000000,0.10000000,0.10000000,0.00000000,-0.20000000,-0.20000000,24H
FIRST_HALF,AAVE/USDT,2026-07-28T16:00:00+00:00,2026-07-29T16:00:00+00:00,101.26,98.73,95.00000000,100.00000000,100.00000000,0.10000000,0.09750148,-2.49851866,-2.69602015,-2.69602015,24H
FIRST_HALF,ONDO/USDT,2026-07-28T16:00:00+00:00,2026-07-29T16:00:00+00:00,0.4088,0.3937,89.00000000,88.00000000,100.00000000,0.10000000,0.09630626,-3.69373777,-3.89004403,-3.89004403,24H
FIRST_HALF,PLUME/USDT,2026-07-28T18:00:00+00:00,2026-07-29T18:00:00+00:00,0.01219,0.01212,89.00000000,88.00000000,100.00000000,0.10000000,0.09942576,-0.57424118,-0.77366694,-0.77366694,24H
FIRST_HALF,RE/USDT,2026-07-29T16:00:00+00:00,2026-07-29T18:00:00+00:00,0.4686,0.5159,79.00000000,76.00000000,100.00000000,0.10000000,0.11009390,10.09389671,9.88380282,9.88380282,TAKE_PROFIT
FIRST_HALF,RLUSD/USDT,2026-07-28T22:00:00+00:00,2026-07-29T22:00:00+00:00,1.0012,1.0012,76.00000000,71.00000000,100.00000000,0.10000000,0.10000000,0.00000000,-0.20000000,-0.20000000,24H
FIRST_HALF,KAITO/USDT,2026-07-29T04:00:00+00:00,2026-07-30T03:00:00+00:00,1.264,1.1818,89.00000000,88.00000000,100.00000000,0.10000000,0.09349684,-6.50316456,-6.69666139,-6.69666139,STOP_LOSS
FIRST_HALF,GPS/USDT,2026-07-29T04:00:00+00:00,2026-07-30T04:00:00+00:00,0.00972,0.00982,90.00000000,95.00000000,100.00000000,0.10000000,0.10102881,1.02880658,0.82777778,0.82777778,24H
FIRST_HALF,USDC/USDT,2026-07-29T04:00:00+00:00,2026-07-30T04:00:00+00:00,1.00114,1.00112,84.00000000,84.00000000,100.00000000,0.10000000,0.09999800,-0.00199772,-0.20199572,-0.20199572,24H
FIRST_HALF,UNI/USDT,2026-07-29T09:00:00+00:00,2026-07-30T09:00:00+00:00,3.975,4.03,95.00000000,100.00000000,100.00000000,0.10000000,0.10138365,1.38364780,1.18226415,1.18226415,24H
FIRST_HALF,EURI/USDT,2026-07-29T13:00:00+00:00,2026-07-30T13:00:00+00:00,1.1398,1.1526,77.00000000,64.00000000,100.00000000,0.10000000,0.10112300,1.12300404,0.92188103,0.92188103,24H
FIRST_HALF,U/USDT,2026-07-29T16:00:00+00:00,2026-07-30T16:00:00+00:00,1.0009,1.0007,87.00000000,87.00000000,100.00000000,0.10000000,0.09998002,-0.01998202,-0.21996203,-0.21996203,24H
FIRST_HALF,GPS/USDT,2026-07-30T04:00:00+00:00,2026-07-30T17:00:00+00:00,0.00982,0.0092,82.00000000,82.00000000,100.00000000,0.10000000,0.09368635,-6.31364562,-6.50733198,-6.50733198,STOP_LOSS
FIRST_HALF,ADA/USDT,2026-07-29T18:00:00+00:00,2026-07-30T18:00:00+00:00,0.1679,0.1723,84.00000000,89.00000000,100.00000000,0.10000000,0.10262061,2.62060750,2.41798690,2.41798690,24H
FIRST_HALF,PLUME/USDT,2026-07-29T18:00:00+00:00,2026-07-30T18:00:00+00:00,0.01212,0.01165,84.00000000,84.00000000,100.00000000,0.10000000,0.09612211,-3.87788779,-4.07400990,-4.07400990,24H
FIRST_HALF,ONDO/USDT,2026-07-29T22:00:00+00:00,2026-07-30T22:00:00+00:00,0.4051,0.4168,74.00000000,63.00000000,100.00000000,0.10000000,0.10288818,2.88817576,2.68528758,2.68528758,24H
FIRST_HALF,ALPINE/USDT,2026-07-30T03:00:00+00:00,2026-07-31T03:00:00+00:00,0.32,0.314,93.00000000,98.00000000,100.00000000,0.10000000,0.09812500,-1.87500000,-2.07312500,-2.07312500,24H
FIRST_HALF,USD1/USDT,2026-07-30T04:00:00+00:00,2026-07-31T04:00:00+00:00,1.00003,0.99997,87.00000000,87.00000000,100.00000000,0.10000000,0.09999400,-0.00599982,-0.20599382,-0.20599382,24H
FIRST_HALF,BNB/USDT,2026-07-30T09:00:00+00:00,2026-07-31T09:00:00+00:00,579.84,590.49,87.00000000,86.00000000,100.00000000,0.10000000,0.10183671,1.83671358,1.63487686,1.63487686,24H
FIRST_HALF,MUBARAK/USDT,2026-07-31T04:00:00+00:00,2026-07-31T11:00:00+00:00,0.0121,0.01333,95.00000000,100.00000000,100.00000000,0.10000000,0.11016529,10.16528926,9.95512397,9.95512397,TAKE_PROFIT
FIRST_HALF,PAXG/USDT,2026-07-30T13:00:00+00:00,2026-07-31T13:00:00+00:00,4105.88,4027.22,93.00000000,98.00000000,100.00000000,0.10000000,0.09808421,-1.91578906,-2.11387327,-2.11387327,24H
FIRST_HALF,AAVE/USDT,2026-07-30T16:00:00+00:00,2026-07-31T16:00:00+00:00,100.23,96.59,90.00000000,95.00000000,100.00000000,0.10000000,0.09636835,-3.63164721,-3.82801556,-3.82801556,24H
FIRST_HALF,PUMP/USDT,2026-07-30T17:00:00+00:00,2026-07-31T17:00:00+00:00,0.001972,0.002139,87.00000000,86.00000000,100.00000000,0.10000000,0.10846856,8.46855984,8.26009128,8.26009128,24H
FIRST_HALF,GIGGLE/USDT,2026-07-31T13:00:00+00:00,2026-07-31T17:00:00+00:00,36.97,42.93,74.00000000,55.00000000,100.00000000,0.10000000,0.11612118,16.12117933,15.90505816,15.90505816,TAKE_PROFIT
FIRST_HALF,FIL/USDT,2026-07-30T18:00:00+00:00,2026-07-31T18:00:00+00:00,0.7153,0.7209,89.00000000,89.00000000,100.00000000,0.10000000,0.10078289,0.78288830,0.58210541,0.58210541,24H
FIRST_HALF,TUT/USDT,2026-07-30T18:00:00+00:00,2026-07-31T18:00:00+00:00,0.01494,0.01637,82.00000000,82.00000000,100.00000000,0.10000000,0.10957162,9.57161981,9.36204819,9.36204819,24H
FIRST_HALF,SOXLB/USDT,2026-07-30T22:00:00+00:00,2026-07-31T19:00:00+00:00,122.59,114.81,84.00000000,89.00000000,100.00000000,0.10000000,0.09365364,-6.34635778,-6.54001142,-6.54001142,STOP_LOSS
FIRST_HALF,MUBARAK/USDT,2026-07-31T16:00:00+00:00,2026-07-31T20:00:00+00:00,0.01371,0.01259,90.00000000,100.00000000,100.00000000,0.10000000,0.09183078,-8.16921955,-8.36105033,-8.36105033,STOP_LOSS
FIRST_HALF,BEL/USDT,2026-07-31T03:00:00+00:00,2026-08-01T03:00:00+00:00,0.0969,0.0974,89.00000000,89.00000000,100.00000000,0.10000000,0.10051600,0.51599587,0.31547988,0.31547988,24H
FIRST_HALF,ALPINE/USDT,2026-07-31T09:00:00+00:00,2026-08-01T09:00:00+00:00,0.318,0.321,90.00000000,95.00000000,100.00000000,0.10000000,0.10094340,0.94339623,0.74245283,0.74245283,24H
FIRST_HALF,USD1/USDT,2026-07-31T11:00:00+00:00,2026-08-01T11:00:00+00:00,1.00003,0.99989,81.00000000,80.00000000,100.00000000,0.10000000,0.09998600,-0.01399958,-0.21398558,-0.21398558,24H
FIRST_HALF,HOME/USDT,2026-07-31T19:00:00+00:00,2026-08-01T11:00:00+00:00,0.0055,0.0062,78.00000000,73.00000000,100.00000000,0.10000000,0.11272727,12.72727273,12.51454545,12.51454545,TAKE_PROFIT
FIRST_HALF,HOME/USDT,2026-08-01T11:00:00+00:00,2026-08-01T16:00:00+00:00,0.0062,0.00575,84.00000000,89.00000000,100.00000000,0.10000000,0.09274194,-7.25806452,-7.45080645,-7.45080645,STOP_LOSS
FIRST_HALF,EURI/USDT,2026-07-31T17:00:00+00:00,2026-08-01T17:00:00+00:00,1.1539,1.1526,90.00000000,95.00000000,100.00000000,0.10000000,0.09988734,-0.11266141,-0.31254875,-0.31254875,24H
FIRST_HALF,ADA/USDT,2026-07-31T17:00:00+00:00,2026-08-01T17:00:00+00:00,0.1713,0.1732,87.00000000,86.00000000,100.00000000,0.10000000,0.10110917,1.10916521,0.90805604,0.90805604,24H
FIRST_HALF,PUMP/USDT,2026-07-31T18:00:00+00:00,2026-08-01T18:00:00+00:00,0.002123,0.002072,79.00000000,74.00000000,100.00000000,0.10000000,0.09759774,-2.40226095,-2.59985869,-2.59985869,24H
FIRST_HALF,NEAR/USDT,2026-07-31T18:00:00+00:00,2026-08-01T18:00:00+00:00,1.702,1.66,78.00000000,73.00000000,100.00000000,0.10000000,0.09753231,-2.46768508,-2.66521739,-2.66521739,24H
FIRST_HALF,MUBARAK/USDT,2026-08-01T09:00:00+00:00,2026-08-01T19:00:00+00:00,0.01303,0.0121,81.00000000,80.00000000,100.00000000,0.10000000,0.09286262,-7.13737529,-7.33023791,-7.33023791,STOP_LOSS
FIRST_HALF,EUR/USDT,2026-07-31T20:00:00+00:00,2026-08-01T20:00:00+00:00,1.1535,1.1531,84.00000000,84.00000000,100.00000000,0.10000000,0.09996532,-0.03467707,-0.23464239,-0.23464239,24H
FIRST_HALF,HOME/USDT,2026-08-01T18:00:00+00:00,2026-08-02T01:00:00+00:00,0.00604,0.00672,89.00000000,89.00000000,100.00000000,0.10000000,0.11125828,11.25827815,11.04701987,11.04701987,TAKE_PROFIT
FIRST_HALF,TAO/USDT,2026-08-01T03:00:00+00:00,2026-08-02T03:00:00+00:00,197.7,194.1,89.00000000,88.00000000,100.00000000,0.10000000,0.09817906,-1.82094082,-2.01911988,-2.01911988,24H
FIRST_HALF,PUMP/USDT,2026-08-02T01:00:00+00:00,2026-08-02T10:00:00+00:00,0.002265,0.002146,95.00000000,100.00000000,100.00000000,0.10000000,0.09474614,-5.25386313,-5.44860927,-5.44860927,STOP_LOSS
FIRST_HALF,TUT/USDT,2026-08-01T11:00:00+00:00,2026-08-02T11:00:00+00:00,0.01758,0.01742,90.00000000,100.00000000,100.00000000,0.10000000,0.09908987,-0.91012514,-1.10921502,-1.10921502,24H
FIRST_HALF,KAITO/USDT,2026-08-01T18:00:00+00:00,2026-08-02T13:00:00+00:00,1.2084,1.0894,95.00000000,100.00000000,100.00000000,0.10000000,0.09015227,-9.84773254,-10.03788481,-10.03788481,STOP_LOSS
FIRST_HALF,PEPE/USDT,2026-08-01T16:00:00+00:00,2026-08-02T16:00:00+00:00,2.78e-06,2.91e-06,87.00000000,87.00000000,100.00000000,0.10000000,0.10467626,4.67625899,4.47158273,4.47158273,24H
FIRST_HALF,ALPINE/USDT,2026-08-01T17:00:00+00:00,2026-08-02T17:00:00+00:00,0.328,0.319,93.00000000,98.00000000,100.00000000,0.10000000,0.09725610,-2.74390244,-2.94115854,-2.94115854,24H
FIRST_HALF,DOT/USDT,2026-08-01T17:00:00+00:00,2026-08-02T17:00:00+00:00,0.775,0.798,81.00000000,81.00000000,100.00000000,0.10000000,0.10296774,2.96774194,2.76477419,2.76477419,24H
FIRST_HALF,HOME/USDT,2026-08-02T10:00:00+00:00,2026-08-02T17:00:00+00:00,0.00784,0.00898,95.00000000,92.00000000,100.00000000,0.10000000,0.11454082,14.54081633,14.32627551,14.32627551,TAKE_PROFIT
FIRST_HALF,ARB/USDT,2026-08-01T19:00:00+00:00,2026-08-02T19:00:00+00:00,0.0785,0.0816,81.00000000,81.00000000,100.00000000,0.10000000,0.10394904,3.94904459,3.74509554,3.74509554,24H
FIRST_HALF,ADA/USDT,2026-08-01T20:00:00+00:00,2026-08-02T20:00:00+00:00,0.1732,0.1874,72.00000000,59.00000000,100.00000000,0.10000000,0.10819861,8.19861432,7.99041570,7.99041570,24H
FIRST_HALF,EWYB/USDT,2026-08-02T03:00:00+00:00,2026-08-03T03:00:00+00:00,160.35,161.16,89.00000000,89.00000000,100.00000000,0.10000000,0.10050514,0.50514500,0.30463985,0.30463985,24H
FIRST_HALF,TUT/USDT,2026-08-02T20:00:00+00:00,2026-08-03T07:00:00+00:00,0.01766,0.01954,78.00000000,65.00000000,100.00000000,0.10000000,0.11064553,10.64552661,10.43488109,10.43488109,TAKE_PROFIT
FIRST_HALF,SKHYB/USDT,2026-08-02T17:00:00+00:00,2026-08-03T10:00:00+00:00,148.35,140.28,84.00000000,84.00000000,100.00000000,0.10000000,0.09456016,-5.43983822,-5.63439838,-5.63439838,STOP_LOSS
FIRST_HALF,MUB/USDT,2026-08-02T17:00:00+00:00,2026-08-03T10:00:00+00:00,849.37,805.57,81.00000000,80.00000000,100.00000000,0.10000000,0.09484324,-5.15676325,-5.35160648,-5.35160648,STOP_LOSS
FIRST_HALF,EUR/USDT,2026-08-02T11:00:00+00:00,2026-08-03T11:00:00+00:00,1.1541,1.1544,87.00000000,87.00000000,100.00000000,0.10000000,0.10002599,0.02599428,-0.17403171,-0.17403171,24H
FIRST_HALF,KORUB/USDT,2026-08-02T17:00:00+00:00,2026-08-03T11:00:00+00:00,15.66,14.58,81.00000000,81.00000000,100.00000000,0.10000000,0.09310345,-6.89655172,-7.08965517,-7.08965517,STOP_LOSS
FIRST_HALF,FIL/USDT,2026-08-02T13:00:00+00:00,2026-08-03T13:00:00+00:00,0.72,0.7249,84.00000000,84.00000000,100.00000000,0.10000000,0.10068056,0.68055556,0.47987500,0.47987500,24H
FIRST_HALF,BICO/USDT,2026-08-03T10:00:00+00:00,2026-08-03T13:00:00+00:00,0.01749,0.01962,90.00000000,92.00000000,100.00000000,0.10000000,0.11217839,12.17838765,11.96620926,11.96620926,TAKE_PROFIT
FIRST_HALF,ALLO/USDT,2026-08-03T11:00:00+00:00,2026-08-03T13:00:00+00:00,0.292,0.2598,89.00000000,89.00000000,100.00000000,0.10000000,0.08897260,-11.02739726,-11.21636986,-11.21636986,STOP_LOSS
FIRST_HALF,MUBARAK/USDT,2026-08-02T16:00:00+00:00,2026-08-03T16:00:00+00:00,0.01273,0.01266,92.00000000,97.00000000,100.00000000,0.10000000,0.09945012,-0.54988217,-0.74933229,-0.74933229,24H
FIRST_HALF,NEAR/USDT,2026-08-02T19:00:00+00:00,2026-08-03T19:00:00+00:00,1.707,1.742,84.00000000,84.00000000,100.00000000,0.10000000,0.10205038,2.05038079,1.84833040,1.84833040,24H
FIRST_HALF,USD1/USDT,2026-08-03T03:00:00+00:00,2026-08-04T03:00:00+00:00,1.00003,1.00004,84.00000000,84.00000000,100.00000000,0.10000000,0.10000100,0.00099997,-0.19900103,-0.19900103,24H
FIRST_HALF,HOME/USDT,2026-08-03T16:00:00+00:00,2026-08-04T03:00:00+00:00,0.00781,0.00728,95.00000000,100.00000000,100.00000000,0.10000000,0.09321383,-6.78617157,-6.97938540,-6.97938540,STOP_LOSS
FIRST_HALF,BMT/USDT,2026-08-03T07:00:00+00:00,2026-08-04T07:00:00+00:00,0.0119,0.01181,92.00000000,97.00000000,100.00000000,0.10000000,0.09924370,-0.75630252,-0.95554622,-0.95554622,24H
FIRST_HALF,HOME/USDT,2026-08-04T07:00:00+00:00,2026-08-04T08:00:00+00:00,0.00949,0.00878,87.00000000,84.00000000,100.00000000,0.10000000,0.09251844,-7.48155954,-7.67407798,-7.67407798,STOP_LOSS
FIRST_HALF,ENA/USDT,2026-08-03T10:00:00+00:00,2026-08-04T10:00:00+00:00,0.09,0.091,95.00000000,100.00000000,100.00000000,0.10000000,0.10111111,1.11111111,0.91000000,0.91000000,24H
FIRST_HALF,ADA/USDT,2026-08-03T11:00:00+00:00,2026-08-04T11:00:00+00:00,0.1865,0.1945,89.00000000,88.00000000,100.00000000,0.10000000,0.10428954,4.28954424,4.08525469,4.08525469,24H
FIRST_HALF,PEPE/USDT,2026-08-03T13:00:00+00:00,2026-08-04T13:00:00+00:00,2.91e-06,2.89e-06,95.00000000,100.00000000,100.00000000,0.10000000,0.09931271,-0.68728522,-0.88659794,-0.88659794,24H
FIRST_HALF,RARE/USDT,2026-08-03T13:00:00+00:00,2026-08-04T13:00:00+00:00,0.01207,0.01172,89.00000000,89.00000000,100.00000000,0.10000000,0.09710025,-2.89975145,-3.09685170,-3.09685170,24H
FIRST_HALF,BNB/USDT,2026-08-03T13:00:00+00:00,2026-08-04T13:00:00+00:00,588.21,589.18,87.00000000,87.00000000,100.00000000,0.10000000,0.10016491,0.16490709,-0.03525782,-0.03525782,24H
FIRST_HALF,BICO/USDT,2026-08-04T08:00:00+00:00,2026-08-04T16:00:00+00:00,0.01799,0.02055,89.00000000,80.00000000,100.00000000,0.10000000,0.11423013,14.23012785,14.01589772,14.01589772,TAKE_PROFIT
FIRST_HALF,PUMP/USDT,2026-08-03T19:00:00+00:00,2026-08-04T19:00:00+00:00,0.002184,0.002402,89.00000000,88.00000000,100.00000000,0.10000000,0.10998168,9.98168498,9.77170330,9.77170330,24H
FIRST_HALF,ACE/USDT,2026-08-04T10:00:00+00:00,2026-08-05T01:00:00+00:00,0.0671,0.0742,89.00000000,89.00000000,100.00000000,0.10000000,0.11058122,10.58122206,10.37064083,10.37064083,TAKE_PROFIT
FIRST_HALF,ARB/USDT,2026-08-04T03:00:00+00:00,2026-08-05T03:00:00+00:00,0.0831,0.0806,84.00000000,84.00000000,100.00000000,0.10000000,0.09699158,-3.00842359,-3.20541516,-3.20541516,24H
FIRST_HALF,DOT/USDT,2026-08-04T03:00:00+00:00,2026-08-05T03:00:00+00:00,0.84,0.846,82.00000000,86.00000000,100.00000000,0.10000000,0.10071429,0.71428571,0.51357143,0.51357143,24H
FIRST_HALF,BICO/USDT,2026-08-05T03:00:00+00:00,2026-08-05T05:00:00+00:00,0.0226,0.02718,84.00000000,76.00000000,100.00000000,0.10000000,0.12026549,20.26548673,20.04522124,20.04522124,TAKE_PROFIT
FIRST_HALF,KORUB/USDT,2026-08-05T01:00:00+00:00,2026-08-05T08:00:00+00:00,19.11,18.07,92.00000000,97.00000000,100.00000000,0.10000000,0.09455782,-5.44217687,-5.63673469,-5.63673469,STOP_LOSS
FIRST_HALF,BMT/USDT,2026-08-04T11:00:00+00:00,2026-08-05T11:00:00+00:00,0.0119,0.0124,90.00000000,95.00000000,100.00000000,0.10000000,0.10420168,4.20168067,3.99747899,3.99747899,24H
FIRST_HALF,EWYB/USDT,2026-08-04T13:00:00+00:00,2026-08-05T13:00:00+00:00,168.08,171.47,95.00000000,100.00000000,100.00000000,0.10000000,0.10201690,2.01689672,1.81487982,1.81487982,24H
FIRST_HALF,PORTAL/USDT,2026-08-04T13:00:00+00:00,2026-08-05T13:00:00+00:00,0.01059,0.01086,95.00000000,100.00000000,100.00000000,0.10000000,0.10254958,2.54957507,2.34702550,2.34702550,24H
FIRST_HALF,SNDKB/USDT,2026-08-04T13:00:00+00:00,2026-08-05T13:00:00+00:00,1383.52,1438.45,95.00000000,100.00000000,100.00000000,0.10000000,0.10397031,3.97030762,3.76633731,3.76633731,24H
FIRST_HALF,MUBARAK/USDT,2026-08-04T16:00:00+00:00,2026-08-05T16:00:00+00:00,0.01305,0.01317,95.00000000,100.00000000,100.00000000,0.10000000,0.10091954,0.91954023,0.71862069,0.71862069,24H
FIRST_HALF,CHIP/USDT,2026-08-04T19:00:00+00:00,2026-08-05T19:00:00+00:00,0.02539,0.02483,86.00000000,86.00000000,100.00000000,0.10000000,0.09779441,-2.20559275,-2.40338716,-2.40338716,24H
FIRST_HALF,SNXXB/USDT,2026-08-05T16:00:00+00:00,2026-08-05T19:00:00+00:00,12.64,11.41,95.00000000,100.00000000,100.00000000,0.10000000,0.09026899,-9.73101266,-9.92128165,-9.92128165,STOP_LOSS
FIRST_HALF,FET/USDT,2026-08-05T05:00:00+00:00,2026-08-05T21:00:00+00:00,0.1517,0.1423,87.00000000,92.00000000,100.00000000,0.10000000,0.09380356,-6.19644034,-6.39024390,-6.39024390,STOP_LOSS
FIRST_HALF,KORUB/USDT,2026-08-05T13:00:00+00:00,2026-08-05T21:00:00+00:00,19.25,18.09,95.00000000,100.00000000,100.00000000,0.10000000,0.09397403,-6.02597403,-6.21994805,-6.21994805,STOP_LOSS
FIRST_HALF,MUB/USDT,2026-08-05T13:00:00+00:00,2026-08-06T01:00:00+00:00,919,871.04,95.00000000,100.00000000,100.00000000,0.10000000,0.09478128,-5.21871600,-5.41349728,-5.41349728,STOP_LOSS
FIRST_HALF,ZEC/USDT,2026-08-05T03:00:00+00:00,2026-08-06T03:00:00+00:00,512.98,509.38,87.00000000,86.00000000,100.00000000,0.10000000,0.09929822,-0.70178175,-0.90107996,-0.90107996,24H
FIRST_HALF,HEMI/USDT,2026-08-05T05:00:00+00:00,2026-08-06T05:00:00+00:00,0.00482,0.005,95.00000000,100.00000000,100.00000000,0.10000000,0.10373444,3.73443983,3.53070539,3.53070539,24H
FIRST_HALF,MUBARAK/USDT,2026-08-05T21:00:00+00:00,2026-08-06T05:00:00+00:00,0.01397,0.01324,95.00000000,100.00000000,100.00000000,0.10000000,0.09477452,-5.22548318,-5.42025770,-5.42025770,STOP_LOSS
FIRST_HALF,BICO/USDT,2026-08-06T05:00:00+00:00,2026-08-06T06:00:00+00:00,0.02993,0.0283,89.00000000,80.00000000,100.00000000,0.10000000,0.09455396,-5.44604076,-5.64059472,-5.64059472,STOP_LOSS
FIRST_HALF,ADA/USDT,2026-08-05T08:00:00+00:00,2026-08-06T08:00:00+00:00,0.1939,0.1895,87.00000000,86.00000000,100.00000000,0.10000000,0.09773079,-2.26921093,-2.46694172,-2.46694172,24H
FIRST_HALF,EWYB/USDT,2026-08-05T13:00:00+00:00,2026-08-06T10:00:00+00:00,171.47,162.5,95.00000000,100.00000000,100.00000000,0.10000000,0.09476876,-5.23123578,-5.42600455,-5.42600455,STOP_LOSS
FIRST_HALF,EURI/USDT,2026-08-05T11:00:00+00:00,2026-08-06T11:00:00+00:00,1.1558,1.1549,87.00000000,87.00000000,100.00000000,0.10000000,0.09992213,-0.07786814,-0.27779028,-0.27779028,24H
FIRST_HALF,HOME/USDT,2026-08-06T08:00:00+00:00,2026-08-06T11:00:00+00:00,0.00933,0.01049,89.00000000,88.00000000,100.00000000,0.10000000,0.11243301,12.43301179,12.22057878,12.22057878,TAKE_PROFIT
FIRST_HALF,HOME/USDT,2026-08-06T11:00:00+00:00,2026-08-06T15:00:00+00:00,0.01049,0.00972,95.00000000,92.00000000,100.00000000,0.10000000,0.09265968,-7.34032412,-7.53298379,-7.53298379,STOP_LOSS
FIRST_HALF,PORTAL/USDT,2026-08-05T19:00:00+00:00,2026-08-06T16:00:00+00:00,0.01125,0.01264,95.00000000,100.00000000,100.00000000,0.10000000,0.11235556,12.35555556,12.14320000,12.14320000,TAKE_PROFIT
FIRST_HALF,MSTRB/USDT,2026-08-05T19:00:00+00:00,2026-08-06T19:00:00+00:00,98.4,96.84,89.00000000,88.00000000,100.00000000,0.10000000,0.09841463,-1.58536585,-1.78378049,-1.78378049,24H
FIRST_HALF,FDUSD/USDT,2026-08-06T01:00:00+00:00,2026-08-07T01:00:00+00:00,0.9982,0.9982,87.00000000,87.00000000,100.00000000,0.10000000,0.10000000,0.00000000,-0.20000000,-0.20000000,24H
FIRST_HALF,BMT/USDT,2026-08-06T03:00:00+00:00,2026-08-07T03:00:00+00:00,0.01246,0.01269,93.00000000,98.00000000,100.00000000,0.10000000,0.10184591,1.84590690,1.64406100,1.64406100,24H
FIRST_HALF,ONG/USDT,2026-08-06T05:00:00+00:00,2026-08-07T05:00:00+00:00,0.04253,0.04273,89.00000000,89.00000000,100.00000000,0.10000000,0.10047026,0.47025629,0.26978603,0.26978603,24H
FIRST_HALF,ENA/USDT,2026-08-06T06:00:00+00:00,2026-08-07T06:00:00+00:00,0.0925,0.093,89.00000000,88.00000000,100.00000000,0.10000000,0.10054054,0.54054054,0.34000000,0.34000000,24H
FIRST_HALF,TUT/USDT,2026-08-07T03:00:00+00:00,2026-08-07T06:00:00+00:00,0.02763,0.03044,95.00000000,100.00000000,100.00000000,0.10000000,0.11017010,10.17010496,9.95993485,9.95993485,TAKE_PROFIT
FIRST_HALF,ACE/USDT,2026-08-07T06:00:00+00:00,2026-08-07T07:00:00+00:00,0.1362,0.1578,89.00000000,80.00000000,100.00000000,0.10000000,0.11585903,15.85903084,15.64317181,15.64317181,TAKE_PROFIT
FIRST_HALF,GPS/USDT,2026-08-06T10:00:00+00:00,2026-08-07T10:00:00+00:00,0.0095,0.00956,90.00000000,95.00000000,100.00000000,0.10000000,0.10063158,0.63157895,0.43094737,0.43094737,24H
FIRST_HALF,EDEN/USDT,2026-08-06T11:00:00+00:00,2026-08-07T11:00:00+00:00,0.0395,0.04135,89.00000000,89.00000000,100.00000000,0.10000000,0.10468354,4.68354430,4.47886076,4.47886076,24H
FIRST_HALF,TUT/USDT,2026-08-07T07:00:00+00:00,2026-08-07T11:00:00+00:00,0.03089,0.03468,92.00000000,97.00000000,100.00000000,0.10000000,0.11226934,12.26934283,12.05707349,12.05707349,TAKE_PROFIT
FIRST_HALF,CRCLB/USDT,2026-08-06T15:00:00+00:00,2026-08-07T15:00:00+00:00,65.41,66.78,95.00000000,100.00000000,100.00000000,0.10000000,0.10209448,2.09448097,1.89238649,1.89238649,24H
FIRST_HALF,BICO/USDT,2026-08-07T11:00:00+00:00,2026-08-07T15:00:00+00:00,0.04798,0.05296,92.00000000,89.00000000,100.00000000,0.10000000,0.11037932,10.37932472,10.16894539,10.16894539,TAKE_PROFIT
FIRST_HALF,ADA/USDT,2026-08-06T16:00:00+00:00,2026-08-07T16:00:00+00:00,0.2068,0.1993,90.00000000,100.00000000,100.00000000,0.10000000,0.09637331,-3.62669246,-3.82306576,-3.82306576,24H
FIRST_HALF,PUMP/USDT,2026-08-06T19:00:00+00:00,2026-08-07T19:00:00+00:00,0.00238,0.002347,84.00000000,84.00000000,100.00000000,0.10000000,0.09861345,-1.38655462,-1.58516807,-1.58516807,24H
FIRST_HALF,HEMI/USDT,2026-08-07T10:00:00+00:00,2026-08-07T21:00:00+00:00,0.00541,0.00512,92.00000000,97.00000000,100.00000000,0.10000000,0.09463956,-5.36044362,-5.55508318,-5.55508318,STOP_LOSS
FIRST_HALF,OPN/USDT,2026-08-07T01:00:00+00:00,2026-08-08T01:00:00+00:00,0.0532,0.0521,81.00000000,80.00000000,100.00000000,0.10000000,0.09793233,-2.06766917,-2.26560150,-2.26560150,24H
FIRST_HALF,BICO/USDT,2026-08-07T15:00:00+00:00,2026-08-08T03:00:00+00:00,0.05296,0.05893,89.00000000,80.00000000,100.00000000,0.10000000,0.11127266,11.27265861,11.06138595,11.06138595,TAKE_PROFIT
FIRST_HALF,TUT/USDT,2026-08-07T19:00:00+00:00,2026-08-08T03:00:00+00:00,0.03734,0.04283,89.00000000,80.00000000,100.00000000,0.10000000,0.11470273,14.70273166,14.48802892,14.48802892,TAKE_PROFIT
FIRST_HALF,RARE/USDT,2026-08-07T05:00:00+00:00,2026-08-08T05:00:00+00:00,0.0127,0.01232,90.00000000,100.00000000,100.00000000,0.10000000,0.09700787,-2.99212598,-3.18913386,-3.18913386,24H
FIRST_HALF,PAXG/USDT,2026-08-07T06:00:00+00:00,2026-08-08T06:00:00+00:00,4291.5,4337.99,90.00000000,95.00000000,100.00000000,0.10000000,0.10108330,1.08330421,0.88222090,0.88222090,24H
FIRST_HALF,BMT/USDT,2026-08-07T07:00:00+00:00,2026-08-08T07:00:00+00:00,0.01297,0.01277,92.00000000,97.00000000,100.00000000,0.10000000,0.09845798,-1.54202005,-1.74047803,-1.74047803,24H
FIRST_HALF,MSTRB/USDT,2026-08-07T11:00:00+00:00,2026-08-08T11:00:00+00:00,98.72,101.15,93.00000000,98.00000000,100.00000000,0.10000000,0.10246151,2.46150729,2.25904579,2.25904579,24H
FIRST_HALF,RE/USDT,2026-08-08T05:00:00+00:00,2026-08-08T11:00:00+00:00,0.4102,0.4529,89.00000000,89.00000000,100.00000000,0.10000000,0.11040956,10.40955631,10.19914676,10.19914676,TAKE_PROFIT
FIRST_HALF,LTC/USDT,2026-08-07T15:00:00+00:00,2026-08-08T15:00:00+00:00,45.96,45.88,90.00000000,95.00000000,100.00000000,0.10000000,0.09982594,-0.17406440,-0.37389034,-0.37389034,24H
FIRST_HALF,GPS/USDT,2026-08-07T16:00:00+00:00,2026-08-08T16:00:00+00:00,0.00987,0.00982,90.00000000,95.00000000,100.00000000,0.10000000,0.09949341,-0.50658561,-0.70607903,-0.70607903,24H
FIRST_HALF,ACE/USDT,2026-08-08T15:00:00+00:00,2026-08-08T16:00:00+00:00,0.1407,0.1584,95.00000000,92.00000000,100.00000000,0.10000000,0.11257996,12.57995736,12.36737740,12.36737740,TAKE_PROFIT
FIRST_HALF,BCH/USDT,2026-08-07T21:00:00+00:00,2026-08-08T21:00:00+00:00,215.8,216.4,81.00000000,80.00000000,100.00000000,0.10000000,0.10027804,0.27803522,0.07775718,0.07775718,24H
FIRST_HALF,BICO/USDT,2026-08-08T03:00:00+00:00,2026-08-09T00:00:00+00:00,0.05893,0.06662,89.00000000,80.00000000,100.00000000,0.10000000,0.11304938,13.04938062,12.83633124,12.83633124,TAKE_PROFIT
FIRST_HALF,ALPINE/USDT,2026-08-08T01:00:00+00:00,2026-08-09T01:00:00+00:00,0.321,0.334,87.00000000,87.00000000,100.00000000,0.10000000,0.10404984,4.04984424,3.84579439,3.84579439,24H
FIRST_HALF,OPN/USDT,2026-08-08T03:00:00+00:00,2026-08-09T03:00:00+00:00,0.0536,0.0541,89.00000000,88.00000000,100.00000000,0.10000000,0.10093284,0.93283582,0.73190299,0.73190299,24H
FIRST_HALF,MUBARAK/USDT,2026-08-08T11:00:00+00:00,2026-08-09T04:00:00+00:00,0.01469,0.01668,93.00000000,98.00000000,100.00000000,0.10000000,0.11354663,13.54663036,13.33308373,13.33308373,TAKE_PROFIT
FIRST_HALF,TAO/USDT,2026-08-08T06:00:00+00:00,2026-08-09T06:00:00+00:00,197.4,205.4,90.00000000,95.00000000,100.00000000,0.10000000,0.10405268,4.05268490,3.84863222,3.84863222,24H
FIRST_HALF,RARE/USDT,2026-08-08T07:00:00+00:00,2026-08-09T07:00:00+00:00,0.01242,0.01339,93.00000000,98.00000000,100.00000000,0.10000000,0.10780998,7.80998390,7.60217391,7.60217391,24H
FIRST_HALF,BICO/USDT,2026-08-09T00:00:00+00:00,2026-08-09T08:00:00+00:00,0.06662,0.05181,92.00000000,89.00000000,100.00000000,0.10000000,0.07776944,-22.23056139,-22.40833083,-22.40833083,STOP_LOSS
FIRST_HALF,BMT/USDT,2026-08-09T08:00:00+00:00,2026-08-09T09:00:00+00:00,0.01948,0.02397,90.00000000,92.00000000,100.00000000,0.10000000,0.12304928,23.04928131,22.82623203,22.82623203,TAKE_PROFIT
FIRST_HALF,MUBARAK/USDT,2026-08-09T07:00:00+00:00,2026-08-09T10:00:00+00:00,0.0179,0.02001,95.00000000,92.00000000,100.00000000,0.10000000,0.11178771,11.78770950,11.57592179,11.57592179,TAKE_PROFIT
FIRST_HALF,HEMI/USDT,2026-08-08T11:00:00+00:00,2026-08-09T11:00:00+00:00,0.00536,0.00553,92.00000000,97.00000000,100.00000000,0.10000000,0.10317164,3.17164179,2.96847015,2.96847015,24H
FIRST_HALF,MUBARAK/USDT,2026-08-09T11:00:00+00:00,2026-08-09T12:00:00+00:00,0.01966,0.01844,89.00000000,80.00000000,100.00000000,0.10000000,0.09379451,-6.20549339,-6.39928789,-6.39928789,STOP_LOSS
FIRST_HALF,BEL/USDT,2026-08-08T16:00:00+00:00,2026-08-09T16:00:00+00:00,0.1078,0.1117,90.00000000,95.00000000,100.00000000,0.10000000,0.10361781,3.61781076,3.41419295,3.41419295,24H
FIRST_HALF,ONG/USDT,2026-08-08T16:00:00+00:00,2026-08-09T16:00:00+00:00,0.04311,0.04355,90.00000000,95.00000000,100.00000000,0.10000000,0.10102064,1.02064486,0.81962422,0.81962422,24H
FIRST_HALF,PORTAL/USDT,2026-08-08T21:00:00+00:00,2026-08-09T21:00:00+00:00,0.01177,0.01148,90.00000000,100.00000000,100.00000000,0.10000000,0.09753611,-2.46389125,-2.66142736,-2.66142736,24H
FIRST_HALF,PLUME/USDT,2026-08-09T01:00:00+00:00,2026-08-10T01:00:00+00:00,0.01205,0.01221,85.00000000,87.00000000,100.00000000,0.10000000,0.10132780,1.32780083,1.12647303,1.12647303,24H
FIRST_HALF,TREE/USDT,2026-08-09T03:00:00+00:00,2026-08-10T03:00:00+00:00,0.0375,0.0375,90.00000000,95.00000000,100.00000000,0.10000000,0.10000000,0.00000000,-0.20000000,-0.20000000,24H
FIRST_HALF,EURI/USDT,2026-08-09T04:00:00+00:00,2026-08-10T04:00:00+00:00,1.1559,1.1554,84.00000000,84.00000000,100.00000000,0.10000000,0.09995674,-0.04325634,-0.24321308,-0.24321308,24H
FIRST_HALF,ALPINE/USDT,2026-08-09T06:00:00+00:00,2026-08-10T06:00:00+00:00,0.336,0.331,90.00000000,95.00000000,100.00000000,0.10000000,0.09851190,-1.48809524,-1.68660714,-1.68660714,24H
FIRST_HALF,ZEC/USDT,2026-08-09T09:00:00+00:00,2026-08-10T09:00:00+00:00,521.11,504.51,95.00000000,100.00000000,100.00000000,0.10000000,0.09681449,-3.18550786,-3.38232235,-3.38232235,24H
FIRST_HALF,HEMI/USDT,2026-08-09T21:00:00+00:00,2026-08-10T09:00:00+00:00,0.00562,0.00525,90.00000000,95.00000000,100.00000000,0.10000000,0.09341637,-6.58362989,-6.77704626,-6.77704626,STOP_LOSS
FIRST_HALF,XAUT/USDT,2026-08-09T10:00:00+00:00,2026-08-10T10:00:00+00:00,4333.24,4316.43,87.00000000,87.00000000,100.00000000,0.10000000,0.09961207,-0.38793143,-0.58754350,-0.58754350,24H
FIRST_HALF,SOXLB/USDT,2026-08-09T12:00:00+00:00,2026-08-10T12:00:00+00:00,142.46,140.05,87.00000000,87.00000000,100.00000000,0.10000000,0.09830830,-1.69170293,-1.89001123,-1.89001123,24H
FIRST_HALF,HOME/USDT,2026-08-10T06:00:00+00:00,2026-08-10T15:00:00+00:00,0.00961,0.01189,92.00000000,97.00000000,100.00000000,0.10000000,0.12372529,23.72528616,23.50156087,23.50156087,TAKE_PROFIT
FIRST_HALF,CRCLB/USDT,2026-08-09T16:00:00+00:00,2026-08-10T16:00:00+00:00,68.32,65.86,90.00000000,95.00000000,100.00000000,0.10000000,0.09639930,-3.60070258,-3.79710187,-3.79710187,24H
FIRST_HALF,TRUMP/USDT,2026-08-09T16:00:00+00:00,2026-08-10T16:00:00+00:00,1.521,1.486,90.00000000,100.00000000,100.00000000,0.10000000,0.09769888,-2.30111769,-2.49881657,-2.49881657,24H
FIRST_HALF,RE/USDT,2026-08-10T10:00:00+00:00,2026-08-10T20:00:00+00:00,0.4269,0.4044,89.00000000,89.00000000,100.00000000,0.10000000,0.09472944,-5.27055517,-5.46528461,-5.46528461,STOP_LOSS
FIRST_HALF,ALLO/USDT,2026-08-10T16:00:00+00:00,2026-08-10T22:00:00+00:00,0.3267,0.3081,95.00000000,100.00000000,100.00000000,0.10000000,0.09430670,-5.69329660,-5.88760331,-5.88760331,STOP_LOSS
FIRST_HALF,PLUME/USDT,2026-08-10T01:00:00+00:00,2026-08-11T01:00:00+00:00,0.01221,0.01225,93.00000000,98.00000000,100.00000000,0.10000000,0.10032760,0.32760033,0.12727273,0.12727273,24H
FIRST_HALF,EDEN/USDT,2026-08-10T03:00:00+00:00,2026-08-11T03:00:00+00:00,0.04498,0.04385,89.00000000,88.00000000,100.00000000,0.10000000,0.09748777,-2.51222766,-2.70971543,-2.70971543,24H
FIRST_HALF,TREE/USDT,2026-08-10T04:00:00+00:00,2026-08-11T04:00:00+00:00,0.0377,0.0364,90.00000000,95.00000000,100.00000000,0.10000000,0.09655172,-3.44827586,-3.64482759,-3.64482759,24H
FIRST_HALF,SPCXB/USDT,2026-08-10T09:00:00+00:00,2026-08-11T09:00:00+00:00,136.24,136.9,93.00000000,98.00000000,100.00000000,0.10000000,0.10048444,0.48443922,0.28395479,0.28395479,24H
FIRST_HALF,WLD/USDT,2026-08-10T09:00:00+00:00,2026-08-11T09:00:00+00:00,0.343,0.3358,90.00000000,95.00000000,100.00000000,0.10000000,0.09790087,-2.09912536,-2.29702624,-2.29702624,24H
FIRST_HALF,RARE/USDT,2026-08-10T20:00:00+00:00,2026-08-11T09:00:00+00:00,0.01368,0.01212,87.00000000,86.00000000,100.00000000,0.10000000,0.08859649,-11.40350877,-11.59210526,-11.59210526,STOP_LOSS
FIRST_HALF,POL/USDT,2026-08-10T12:00:00+00:00,2026-08-11T12:00:00+00:00,0.07806,0.07553,83.00000000,75.00000000,100.00000000,0.10000000,0.09675890,-3.24109659,-3.43785550,-3.43785550,24H
FIRST_HALF,PORTAL/USDT,2026-08-10T15:00:00+00:00,2026-08-11T14:00:00+00:00,0.01185,0.01116,95.00000000,100.00000000,100.00000000,0.10000000,0.09417722,-5.82278481,-6.01696203,-6.01696203,STOP_LOSS
FIRST_HALF,PAXG/USDT,2026-08-10T16:00:00+00:00,2026-08-11T16:00:00+00:00,4348.17,4380.62,87.00000000,87.00000000,100.00000000,0.10000000,0.10074629,0.74629097,0.54554468,0.54554468,24H
FIRST_HALF,GIGGLE/USDT,2026-08-11T12:00:00+00:00,2026-08-11T20:00:00+00:00,35.3,38.86,92.00000000,97.00000000,100.00000000,0.10000000,0.11008499,10.08498584,9.87490085,9.87490085,TAKE_PROFIT
FIRST_HALF,PUMP/USDT,2026-08-10T22:00:00+00:00,2026-08-11T22:00:00+00:00,0.002809,0.002705,87.00000000,86.00000000,100.00000000,0.10000000,0.09629761,-3.70238519,-3.89868281,-3.89868281,24H
FIRST_HALF,LINK/USDT,2026-08-11T01:00:00+00:00,2026-08-12T01:00:00+00:00,8.428,8.787,93.00000000,98.00000000,100.00000000,0.10000000,0.10425961,4.25961082,4.05535121,4.05535121,24H
FIRST_HALF,TRUMP/USDT,2026-08-11T03:00:00+00:00,2026-08-12T03:00:00+00:00,1.518,1.49,95.00000000,100.00000000,100.00000000,0.10000000,0.09815547,-1.84453228,-2.04268775,-2.04268775,24H
FIRST_HALF,ENA/USDT,2026-08-11T04:00:00+00:00,2026-08-12T04:00:00+00:00,0.0903,0.0898,90.00000000,95.00000000,100.00000000,0.10000000,0.09944629,-0.55370986,-0.75315615,-0.75315615,24H
FIRST_HALF,BNB/USDT,2026-08-11T09:00:00+00:00,2026-08-12T09:00:00+00:00,607.19,613.7,87.00000000,86.00000000,100.00000000,0.10000000,0.10107215,1.07215204,0.87107989,0.87107989,24H
FIRST_HALF,DOGE/USDT,2026-08-11T09:00:00+00:00,2026-08-12T09:00:00+00:00,0.07059,0.07204,84.00000000,84.00000000,100.00000000,0.10000000,0.10205412,2.05411531,1.85206120,1.85206120,24H
FIRST_HALF,EDEN/USDT,2026-08-11T09:00:00+00:00,2026-08-12T09:00:00+00:00,0.04421,0.04442,84.00000000,83.00000000,100.00000000,0.10000000,0.10047501,0.47500565,0.27453065,0.27453065,24H
FIRST_HALF,KORUB/USDT,2026-08-11T14:00:00+00:00,2026-08-12T12:00:00+00:00,17.95,19.83,89.00000000,88.00000000,100.00000000,0.10000000,0.11047354,10.47353760,10.26306407,10.26306407,TAKE_PROFIT
FIRST_HALF,CRCLB/USDT,2026-08-11T16:00:00+00:00,2026-08-12T16:00:00+00:00,71.09,70.03,84.00000000,88.00000000,100.00000000,0.10000000,0.09850893,-1.49106766,-1.68957659,-1.68957659,24H
FIRST_HALF,SOL/USDT,2026-08-11T20:00:00+00:00,2026-08-12T20:00:00+00:00,76.05,75.93,80.00000000,82.00000000,100.00000000,0.10000000,0.09984221,-0.15779093,-0.35763314,-0.35763314,24H
FIRST_HALF,HOME/USDT,2026-08-11T22:00:00+00:00,2026-08-12T22:00:00+00:00,0.00922,0.00935,82.00000000,84.00000000,100.00000000,0.10000000,0.10140998,1.40997831,1.20856833,1.20856833,24H
FIRST_HALF,WLD/USDT,2026-08-12T01:00:00+00:00,2026-08-13T01:00:00+00:00,0.3406,0.3298,90.00000000,95.00000000,100.00000000,0.10000000,0.09682913,-3.17087493,-3.36770405,-3.36770405,24H
FIRST_HALF,RE/USDT,2026-08-12T03:00:00+00:00,2026-08-13T03:00:00+00:00,0.435,0.4353,89.00000000,88.00000000,100.00000000,0.10000000,0.10006897,0.06896552,-0.13110345,-0.13110345,24H
FIRST_HALF,GRAM/USDT,2026-08-12T04:00:00+00:00,2026-08-13T04:00:00+00:00,1.361,1.338,81.00000000,80.00000000,100.00000000,0.10000000,0.09831007,-1.68993387,-1.88824394,-1.88824394,24H
FIRST_HALF,HOME/USDT,2026-08-12T22:00:00+00:00,2026-08-13T06:00:00+00:00,0.00935,0.01036,79.00000000,75.00000000,100.00000000,0.10000000,0.11080214,10.80213904,10.59133690,10.59133690,TAKE_PROFIT
FIRST_HALF,GPS/USDT,2026-08-12T09:00:00+00:00,2026-08-13T09:00:00+00:00,0.00981,0.01014,90.00000000,100.00000000,100.00000000,0.10000000,0.10336391,3.36391437,3.16055046,3.16055046,24H
FIRST_HALF,PAXG/USDT,2026-08-12T09:00:00+00:00,2026-08-13T09:00:00+00:00,4413.47,4383.36,84.00000000,83.00000000,100.00000000,0.10000000,0.09931777,-0.68222963,-0.88154740,-0.88154740,24H
FIRST_HALF,SOXLB/USDT,2026-08-12T09:00:00+00:00,2026-08-13T09:00:00+00:00,140.47,142.68,84.00000000,88.00000000,100.00000000,0.10000000,0.10157329,1.57328967,1.37171638,1.37171638,24H
FIRST_HALF,LINK/USDT,2026-08-12T12:00:00+00:00,2026-08-13T12:00:00+00:00,8.849,8.782,93.00000000,98.00000000,100.00000000,0.10000000,0.09924285,-0.75714770,-0.95639055,-0.95639055,24H
FIRST_HALF,EDEN/USDT,2026-08-12T16:00:00+00:00,2026-08-13T15:00:00+00:00,0.04516,0.04974,93.00000000,98.00000000,100.00000000,0.10000000,0.11014172,10.14171833,9.93157662,9.93157662,TAKE_PROFIT
FIRST_HALF,SNDKB/USDT,2026-08-13T12:00:00+00:00,2026-08-13T15:00:00+00:00,1353.63,1532.99,90.00000000,95.00000000,100.00000000,0.10000000,0.11325030,13.25029735,13.03704705,13.03704705,TAKE_PROFIT
FIRST_HALF,EDEN/USDT,2026-08-13T15:00:00+00:00,2026-08-13T18:00:00+00:00,0.04974,0.05933,90.00000000,100.00000000,100.00000000,0.10000000,0.11928026,19.28025734,19.06097708,19.06097708,TAKE_PROFIT
FIRST_HALF,CRCLB/USDT,2026-08-12T20:00:00+00:00,2026-08-13T20:00:00+00:00,70.98,75.27,78.00000000,65.00000000,100.00000000,0.10000000,0.10604396,6.04395604,5.83791209,5.83791209,24H
FIRST_HALF,RLUSD/USDT,2026-08-13T01:00:00+00:00,2026-08-14T01:00:00+00:00,1.0011,1.001,87.00000000,87.00000000,100.00000000,0.10000000,0.09999001,-0.00998901,-0.20997902,-0.20997902,24H
FIRST_HALF,AVAX/USDT,2026-08-13T03:00:00+00:00,2026-08-14T03:00:00+00:00,6.512,6.417,79.00000000,76.00000000,100.00000000,0.10000000,0.09854115,-1.45884521,-1.65738636,-1.65738636,24H
FIRST_HALF,PUMP/USDT,2026-08-13T04:00:00+00:00,2026-08-14T04:00:00+00:00,0.002772,0.002918,82.00000000,82.00000000,100.00000000,0.10000000,0.10526696,5.26695527,5.06168831,5.06168831,24H
FIRST_HALF,HOME/USDT,2026-08-13T06:00:00+00:00,2026-08-14T06:00:00+00:00,0.01036,0.0114,90.00000000,100.00000000,100.00000000,0.10000000,0.11003861,10.03861004,9.82857143,9.82857143,TAKE_PROFIT
FIRST_HALF,ACE/USDT,2026-08-14T03:00:00+00:00,2026-08-14T07:00:00+00:00,0.1316,0.1493,87.00000000,92.00000000,100.00000000,0.10000000,0.11344985,13.44984802,13.23639818,13.23639818,TAKE_PROFIT
FIRST_HALF,RE/USDT,2026-08-13T09:00:00+00:00,2026-08-14T09:00:00+00:00,0.4494,0.4391,95.00000000,100.00000000,100.00000000,0.10000000,0.09770806,-2.29194482,-2.48965287,-2.48965287,24H
FIRST_HALF,WLD/USDT,2026-08-13T09:00:00+00:00,2026-08-14T09:00:00+00:00,0.3466,0.3357,95.00000000,100.00000000,100.00000000,0.10000000,0.09685516,-3.14483555,-3.34169071,-3.34169071,24H
FIRST_HALF,XUSD/USDT,2026-08-13T09:00:00+00:00,2026-08-14T09:00:00+00:00,1.001,1.0012,87.00000000,87.00000000,100.00000000,0.10000000,0.10001998,0.01998002,-0.18003996,-0.18003996,24H
FIRST_HALF,DEXE/USDT,2026-08-13T18:00:00+00:00,2026-08-14T09:00:00+00:00,2.06,1.937,79.00000000,76.00000000,100.00000000,0.10000000,0.09402913,-5.97087379,-6.16490291,-6.16490291,STOP_LOSS
FIRST_HALF,SOXLB/USDT,2026-08-13T15:00:00+00:00,2026-08-14T15:00:00+00:00,149.63,140.58,89.00000000,88.00000000,100.00000000,0.10000000,0.09395175,-6.04825236,-6.24220410,-6.24220410,STOP_LOSS
FIRST_HALF,HEI/USDT,2026-08-14T15:00:00+00:00,2026-08-14T18:00:00+00:00,0.1446,0.1335,89.00000000,81.00000000,100.00000000,0.10000000,0.09232365,-7.67634855,-7.86867220,-7.86867220,STOP_LOSS
FIRST_HALF,TAO/USDT,2026-08-13T20:00:00+00:00,2026-08-14T20:00:00+00:00,202.9,197.8,87.00000000,86.00000000,100.00000000,0.10000000,0.09748645,-2.51355347,-2.71103992,-2.71103992,24H
FIRST_HALF,EDEN/USDT,2026-08-14T18:00:00+00:00,2026-08-15T00:00:00+00:00,0.06159,0.05846,84.00000000,76.00000000,100.00000000,0.10000000,0.09491801,-5.08199383,-5.27691184,-5.27691184,STOP_LOSS
FIRST_HALF,RED/USDT,2026-08-14T01:00:00+00:00,2026-08-15T01:00:00+00:00,0.0891,0.0873,84.00000000,89.00000000,100.00000000,0.10000000,0.09797980,-2.02020202,-2.21818182,-2.21818182,24H
FIRST_HALF,LINK/USDT,2026-08-14T09:00:00+00:00,2026-08-15T02:00:00+00:00,8.82,9.725,84.00000000,84.00000000,100.00000000,0.10000000,0.11026077,10.26077098,10.05051020,10.05051020,TAKE_PROFIT
FIRST_HALF,PUMP/USDT,2026-08-14T04:00:00+00:00,2026-08-15T03:00:00+00:00,0.002918,0.00274,87.00000000,86.00000000,100.00000000,0.10000000,0.09389993,-6.10006854,-6.29396847,-6.29396847,STOP_LOSS
FIRST_HALF,KORUB/USDT,2026-08-14T06:00:00+00:00,2026-08-15T06:00:00+00:00,21.69,21.63,92.00000000,97.00000000,100.00000000,0.10000000,0.09972337,-0.27662517,-0.47634855,-0.47634855,24H
FIRST_HALF,WLFI/USDT,2026-08-14T07:00:00+00:00,2026-08-15T07:00:00+00:00,0.0555,0.0566,93.00000000,98.00000000,100.00000000,0.10000000,0.10198198,1.98198198,1.78000000,1.78000000,24H
FIRST_HALF,RLUSD/USDT,2026-08-14T09:00:00+00:00,2026-08-15T09:00:00+00:00,1.0011,1.0013,87.00000000,87.00000000,100.00000000,0.10000000,0.10001998,0.01997802,-0.18004195,-0.18004195,24H
FIRST_HALF,U/USDT,2026-08-14T09:00:00+00:00,2026-08-15T09:00:00+00:00,1.0005,1.0005,87.00000000,87.00000000,100.00000000,0.10000000,0.10000000,0.00000000,-0.20000000,-0.20000000,24H
FIRST_HALF,USDE/USDT,2026-08-14T09:00:00+00:00,2026-08-15T09:00:00+00:00,1.0008,1.001,87.00000000,87.00000000,100.00000000,0.10000000,0.10001998,0.01998401,-0.18003597,-0.18003597,24H
FIRST_HALF,ACE/USDT,2026-08-15T06:00:00+00:00,2026-08-15T09:00:00+00:00,0.2734,0.2131,89.00000000,80.00000000,100.00000000,0.10000000,0.07794440,-22.05559620,-22.23354060,-22.23354060,STOP_LOSS
FIRST_HALF,PLUME/USDT,2026-08-15T01:00:00+00:00,2026-08-15T10:00:00+00:00,0.0127,0.0141,89.00000000,88.00000000,100.00000000,0.10000000,0.11102362,11.02362205,10.81259843,10.81259843,TAKE_PROFIT
FIRST_HALF,HEMI/USDT,2026-08-15T09:00:00+00:00,2026-08-15T14:00:00+00:00,0.00533,0.00661,89.00000000,89.00000000,100.00000000,0.10000000,0.12401501,24.01500938,23.79099437,23.79099437,TAKE_PROFIT
FIRST_HALF,CHIP/USDT,2026-08-15T03:00:00+00:00,2026-08-15T19:00:00+00:00,0.02362,0.02681,89.00000000,89.00000000,100.00000000,0.10000000,0.11350550,13.50550381,13.29199831,13.29199831,TAKE_PROFIT
FIRST_HALF,ONG/USDT,2026-08-14T20:00:00+00:00,2026-08-15T20:00:00+00:00,0.04511,0.0488,80.00000000,72.00000000,100.00000000,0.10000000,0.10818000,8.18000443,7.97182443,7.97182443,24H
FIRST_HALF,RE/USDT,2026-08-15T00:00:00+00:00,2026-08-16T00:00:00+00:00,0.4576,0.4645,92.00000000,97.00000000,100.00000000,0.10000000,0.10150787,1.50786713,1.30635927,1.30635927,24H
FIRST_HALF,XPL/USDT,2026-08-15T02:00:00+00:00,2026-08-16T02:00:00+00:00,0.07735,0.07672,89.00000000,89.00000000,100.00000000,0.10000000,0.09918552,-0.81447964,-1.01366516,-1.01366516,24H
FIRST_HALF,HEMI/USDT,2026-08-15T14:00:00+00:00,2026-08-16T02:00:00+00:00,0.00661,0.00742,90.00000000,92.00000000,100.00000000,0.10000000,0.11225416,12.25416036,12.04190620,12.04190620,TAKE_PROFIT
FIRST_HALF,GPS/USDT,2026-08-15T07:00:00+00:00,2026-08-16T07:00:00+00:00,0.01054,0.01114,83.00000000,75.00000000,100.00000000,0.10000000,0.10569260,5.69259962,5.48690702,5.48690702,24H
FIRST_HALF,U/USDT,2026-08-15T09:00:00+00:00,2026-08-16T09:00:00+00:00,1.0005,1.0004,84.00000000,84.00000000,100.00000000,0.10000000,0.09999000,-0.00999500,-0.20998501,-0.20998501,24H
FIRST_HALF,BNB/USDT,2026-08-15T09:00:00+00:00,2026-08-16T09:00:00+00:00,611.88,607.33,81.00000000,80.00000000,100.00000000,0.10000000,0.09925639,-0.74360986,-0.94286625,-0.94286625,24H
FIRST_HALF,EUR/USDT,2026-08-15T09:00:00+00:00,2026-08-16T09:00:00+00:00,1.1577,1.1575,81.00000000,80.00000000,100.00000000,0.10000000,0.09998272,-0.01727563,-0.21725836,-0.21725836,24H
FIRST_HALF,OPN/USDT,2026-08-15T10:00:00+00:00,2026-08-16T10:00:00+00:00,0.0498,0.0532,84.00000000,89.00000000,100.00000000,0.10000000,0.10682731,6.82730924,6.62048193,6.62048193,24H
FIRST_HALF,GPS/USDT,2026-08-16T07:00:00+00:00,2026-08-16T11:00:00+00:00,0.01114,0.0105,95.00000000,100.00000000,100.00000000,0.10000000,0.09425494,-5.74506284,-5.93931777,-5.93931777,STOP_LOSS
FIRST_HALF,PORTAL/USDT,2026-08-16T11:00:00+00:00,2026-08-16T12:00:00+00:00,0.01226,0.016,90.00000000,100.00000000,100.00000000,0.10000000,0.13050571,30.50570962,30.27520392,30.27520392,TAKE_PROFIT
FIRST_HALF,BEL/USDT,2026-08-16T09:00:00+00:00,2026-08-16T18:00:00+00:00,0.1072,0.1222,93.00000000,98.00000000,100.00000000,0.10000000,0.11399254,13.99253731,13.77854478,13.77854478,TAKE_PROFIT
FIRST_HALF,SKHYB/USDT,2026-08-15T19:00:00+00:00,2026-08-16T19:00:00+00:00,167.66,167.91,87.00000000,87.00000000,100.00000000,0.10000000,0.10014911,0.14911130,-0.05103781,-0.05103781,24H
FIRST_HALF,ALPINE/USDT,2026-08-15T20:00:00+00:00,2026-08-16T20:00:00+00:00,0.32,0.317,89.00000000,89.00000000,100.00000000,0.10000000,0.09906250,-0.93750000,-1.13656250,-1.13656250,24H
FIRST_HALF,XPL/USDT,2026-08-16T09:00:00+00:00,2026-08-16T21:00:00+00:00,0.07827,0.07432,93.00000000,98.00000000,100.00000000,0.10000000,0.09495337,-5.04663345,-5.24158681,-5.24158681,STOP_LOSS
FIRST_HALF,PORTAL/USDT,2026-08-16T18:00:00+00:00,2026-08-16T22:00:00+00:00,0.01674,0.01866,90.00000000,92.00000000,100.00000000,0.10000000,0.11146953,11.46953405,11.25806452,11.25806452,TAKE_PROFIT
FIRST_HALF,WLFI/USDT,2026-08-16T00:00:00+00:00,2026-08-17T00:00:00+00:00,0.0578,0.0598,92.00000000,97.00000000,100.00000000,0.10000000,0.10346021,3.46020761,3.25674740,3.25674740,24H
FIRST_HALF,ONG/USDT,2026-08-16T02:00:00+00:00,2026-08-17T01:00:00+00:00,0.051,0.06082,90.00000000,87.00000000,100.00000000,0.10000000,0.11925490,19.25490196,19.03564706,19.03564706,TAKE_PROFIT
FIRST_HALF,SNXXB/USDT,2026-08-16T02:00:00+00:00,2026-08-17T02:00:00+00:00,16.54,17.69,88.00000000,93.00000000,100.00000000,0.10000000,0.10695284,6.95284160,6.74588875,6.74588875,24H
FIRST_HALF,GPS/USDT,2026-08-17T01:00:00+00:00,2026-08-17T03:00:00+00:00,0.01195,0.01394,95.00000000,100.00000000,100.00000000,0.10000000,0.11665272,16.65271967,16.43606695,16.43606695,TAKE_PROFIT
FIRST_HALF,CHIP/USDT,2026-08-16T09:00:00+00:00,2026-08-17T07:00:00+00:00,0.02897,0.03253,92.00000000,97.00000000,100.00000000,0.10000000,0.11228857,12.28857439,12.07628581,12.07628581,TAKE_PROFIT
FIRST_HALF,CHIP/USDT,2026-08-17T07:00:00+00:00,2026-08-17T08:00:00+00:00,0.03253,0.02993,90.00000000,100.00000000,100.00000000,0.10000000,0.09200738,-7.99262219,-8.18462957,-8.18462957,STOP_LOSS
FIRST_HALF,PLUME/USDT,2026-08-16T10:00:00+00:00,2026-08-17T10:00:00+00:00,0.01311,0.01258,87.00000000,86.00000000,100.00000000,0.10000000,0.09595728,-4.04271548,-4.23867277,-4.23867277,24H
FIRST_HALF,RLUSD/USDT,2026-08-16T12:00:00+00:00,2026-08-17T12:00:00+00:00,1.0012,1.0012,84.00000000,84.00000000,100.00000000,0.10000000,0.10000000,0.00000000,-0.20000000,-0.20000000,24H
FIRST_HALF,KORUB/USDT,2026-08-17T02:00:00+00:00,2026-08-17T14:00:00+00:00,22.24,25.04,93.00000000,98.00000000,100.00000000,0.10000000,0.11258993,12.58992806,12.37733813,12.37733813,TAKE_PROFIT
FIRST_HALF,ONG/USDT,2026-08-17T03:00:00+00:00,2026-08-17T14:00:00+00:00,0.05908,0.05489,89.00000000,88.00000000,100.00000000,0.10000000,0.09290792,-7.09207854,-7.28498646,-7.28498646,STOP_LOSS
FIRST_HALF,CHIP/USDT,2026-08-17T08:00:00+00:00,2026-08-17T18:00:00+00:00,0.02993,0.02814,95.00000000,100.00000000,100.00000000,0.10000000,0.09401938,-5.98062145,-6.17464083,-6.17464083,STOP_LOSS
FIRST_HALF,EUR/USDT,2026-08-16T19:00:00+00:00,2026-08-17T19:00:00+00:00,1.1577,1.1588,87.00000000,87.00000000,100.00000000,0.10000000,0.10009502,0.09501598,-0.10507904,-0.10507904,24H
FIRST_HALF,BEL/USDT,2026-08-16T20:00:00+00:00,2026-08-17T20:00:00+00:00,0.1115,0.1082,87.00000000,87.00000000,100.00000000,0.10000000,0.09704036,-2.95964126,-3.15668161,-3.15668161,24H
FIRST_HALF,RARE/USDT,2026-08-16T21:00:00+00:00,2026-08-17T21:00:00+00:00,0.01217,0.01231,87.00000000,87.00000000,100.00000000,0.10000000,0.10115037,1.15036976,0.94921939,0.94921939,24H
FIRST_HALF,MUBARAK/USDT,2026-08-17T00:00:00+00:00,2026-08-17T21:00:00+00:00,0.0175,0.01661,92.00000000,97.00000000,100.00000000,0.10000000,0.09491429,-5.08571429,-5.28062857,-5.28062857,STOP_LOSS
FIRST_HALF,EURI/USDT,2026-08-16T22:00:00+00:00,2026-08-17T22:00:00+00:00,1.1579,1.1588,76.00000000,71.00000000,100.00000000,0.10000000,0.10007773,0.07772692,-0.12235081,-0.12235081,24H
FIRST_HALF,SNXXB/USDT,2026-08-17T22:00:00+00:00,2026-08-18T01:00:00+00:00,19.6,18.22,89.00000000,88.00000000,100.00000000,0.10000000,0.09295918,-7.04081633,-7.23377551,-7.23377551,STOP_LOSS
SECOND_HALF,BMT/USDT,2026-08-18T02:30:34.974750+00:00,2026-08-18T03:00:00+00:00,0.01686,0.01562,78.00000000,85.00000000,100.00000000,0.10000000,0.09264531,-7.35468565,-7.54733096,-7.54733096,STOP_LOSS
SECOND_HALF,EDEN/USDT,2026-08-18T03:00:00+00:00,2026-08-18T07:00:00+00:00,0.05122,0.05792,89.00000000,88.00000000,100.00000000,0.10000000,0.11308083,13.08082780,12.86774697,12.86774697,TAKE_PROFIT
SECOND_HALF,ACE/USDT,2026-08-18T07:00:00+00:00,2026-08-18T12:00:00+00:00,0.191,0.2162,95.00000000,92.00000000,100.00000000,0.10000000,0.11319372,13.19371728,12.98052356,12.98052356,TAKE_PROFIT
SECOND_HALF,ACE/USDT,2026-08-18T12:00:00+00:00,2026-08-18T12:30:12.661268+00:00,0.2162,0.1913,95.00000000,92.00000000,100.00000000,0.10000000,0.08848289,-11.51711378,-11.70559667,-11.70559667,STOP_LOSS
SECOND_HALF,CHIP/USDT,2026-08-18T07:00:00+00:00,2026-08-18T13:00:00+00:00,0.02904,0.02712,92.00000000,97.00000000,100.00000000,0.10000000,0.09338843,-6.61157025,-6.80495868,-6.80495868,STOP_LOSS
SECOND_HALF,ACE/USDT,2026-08-18T12:30:12.661268+00:00,2026-08-18T13:00:00+00:00,0.1913,0.2238,76.00000000,83.00000000,100.00000000,0.10000000,0.11698902,16.98902248,16.77203346,16.77203346,TAKE_PROFIT
SECOND_HALF,HEMI/USDT,2026-08-18T02:30:27.091804+00:00,2026-08-18T14:00:00+00:00,0.0069,0.00646,78.00000000,79.00000000,100.00000000,0.10000000,0.09362319,-6.37681159,-6.57043478,-6.57043478,STOP_LOSS
SECOND_HALF,GPS/USDT,2026-08-18T02:30:14.276730+00:00,2026-08-19T01:00:00+00:00,0.01681,0.0146,78.00000000,85.00000000,100.00000000,0.10000000,0.08685306,-13.14693635,-13.33378941,-13.33378941,STOP_LOSS
SECOND_HALF,ZEC/USDT,2026-08-18T02:30:10.457916+00:00,2026-08-19T03:00:00+00:00,512.88,504.93,70.00000000,63.00000000,100.00000000,0.10000000,0.09844993,-1.55007019,-1.74852012,-1.74852012,24H
SECOND_HALF,ALLO/USDT,2026-08-18T02:30:15.531806+00:00,2026-08-19T03:00:00+00:00,0.2957,0.2965,74.00000000,76.00000000,100.00000000,0.10000000,0.10027054,0.27054447,0.07027393,0.07027393,24H
SECOND_HALF,NEAR/USDT,2026-08-18T02:30:23.954289+00:00,2026-08-19T03:00:00+00:00,1.635,1.601,71.00000000,72.00000000,100.00000000,0.10000000,0.09792049,-2.07951070,-2.27743119,-2.27743119,24H
SECOND_HALF,POL/USDT,2026-08-18T02:30:33.673035+00:00,2026-08-19T03:00:00+00:00,0.07988,0.08224,73.00000000,66.00000000,100.00000000,0.10000000,0.10295443,2.95443165,2.75147722,2.75147722,24H
SECOND_HALF,GIGGLE/USDT,2026-08-18T02:30:34.328345+00:00,2026-08-19T03:00:00+00:00,33.81,32.86,73.00000000,74.00000000,100.00000000,0.10000000,0.09719018,-2.80981958,-3.00700976,-3.00700976,24H
SECOND_HALF,CRCLB/USDT,2026-08-18T02:30:36.885472+00:00,2026-08-19T03:00:00+00:00,74.12,71.18,82.00000000,86.00000000,100.00000000,0.10000000,0.09603346,-3.96654074,-4.16257420,-4.16257420,24H
SECOND_HALF,ACE/USDT,2026-08-18T13:00:00+00:00,2026-08-19T12:00:00+00:00,0.2238,0.2061,90.00000000,92.00000000,100.00000000,0.10000000,0.09209115,-7.90884718,-8.10093834,-8.10093834,STOP_LOSS
SECOND_HALF,BTC/USDT,2026-08-18T13:00:00+00:00,2026-08-19T13:00:00+00:00,64219.99,65012.12,87.00000000,87.00000000,100.00000000,0.10000000,0.10123346,1.23346329,1.03222982,1.03222982,24H
SECOND_HALF,SOL/USDT,2026-08-18T14:00:00+00:00,2026-08-19T14:00:00+00:00,76.8,80.89,93.00000000,98.00000000,100.00000000,0.10000000,0.10532552,5.32552083,5.12019531,5.12019531,24H
SECOND_HALF,TREE/USDT,2026-08-19T03:00:00+00:00,2026-08-19T14:00:00+00:00,0.0337,0.0406,79.00000000,76.00000000,100.00000000,0.10000000,0.12047478,20.47477745,20.25430267,20.25430267,TAKE_PROFIT
SECOND_HALF,ENA/USDT,2026-08-19T03:00:00+00:00,2026-08-19T20:00:00+00:00,0.0842,0.0928,76.00000000,71.00000000,100.00000000,0.10000000,0.11021378,10.21377672,10.00356295,10.00356295,TAKE_PROFIT
SECOND_HALF,TRUMP/USDT,2026-08-19T14:00:00+00:00,2026-08-19T20:00:00+00:00,1.424,1.585,84.00000000,84.00000000,100.00000000,0.10000000,0.11130618,11.30617978,11.09487360,11.09487360,TAKE_PROFIT
SECOND_HALF,HEI/USDT,2026-08-19T03:00:00+00:00,2026-08-19T21:00:00+00:00,0.1373,0.1296,73.00000000,68.00000000,100.00000000,0.10000000,0.09439184,-5.60815732,-5.80254916,-5.80254916,STOP_LOSS
SECOND_HALF,LINK/USDT,2026-08-19T03:00:00+00:00,2026-08-19T21:00:00+00:00,9.705,10.741,73.00000000,68.00000000,100.00000000,0.10000000,0.11067491,10.67490984,10.46423493,10.46423493,TAKE_PROFIT
SECOND_HALF,ARB/USDT,2026-08-19T14:00:00+00:00,2026-08-19T21:00:00+00:00,0.0781,0.0891,79.00000000,79.00000000,100.00000000,0.10000000,0.11408451,14.08450704,13.87042254,13.87042254,TAKE_PROFIT
SECOND_HALF,ONG/USDT,2026-08-19T03:00:00+00:00,2026-08-20T20:00:00+00:00,0.05848,0.17155,84.00000000,84.00000000,100.00000000,0.10000000,0.29334815,193.34815321,192.95480506,192.95480506,TAKE_PROFIT
SECOND_HALF,ARB/USDT,2026-08-19T21:00:00+00:00,2026-08-20T21:00:00+00:00,0.0891,0.09,78.00000000,83.00000000,100.00000000,0.10000000,0.10101010,1.01010101,0.80909091,0.80909091,24H
SECOND_HALF,DOGE/USDT,2026-08-21T00:00:00+00:00,2026-08-21T21:00:00+00:00,0.0813,0.09169,70.00000000,65.00000000,100.00000000,0.10000000,0.11277983,12.77982780,12.56704797,12.56704797,TAKE_PROFIT
SECOND_HALF,TAO/USDT,2026-08-20T23:00:00+00:00,2026-08-21T23:00:00+00:00,214.9,229.9,72.00000000,67.00000000,100.00000000,0.10000000,0.10697999,6.97999069,6.77301070,6.77301070,24H
