trade_row,scenario,symbol,entry_time,exit_time,entry_price,exit_price,entry_exec,exit_exec,quantity,notional,entry_fee,exit_fee,gross_pnl,net_pnl,net_return_pct,exit_reason
4,S72_SL4_TP8,DEXE/USDT,2026-07-18T13:00:00+00:00,2026-07-19T05:00:00+00:00,36.519,35.05824,36.555519,35.02318176,2.735565045595441,100.0,0.1,0.09580819180819182,-4.1918081918081835,-4.387616383616375,-4.387616383616375,STOP
400,S72_SL4_TP10,DEXE/USDT,2026-07-18T13:00:00+00:00,2026-07-19T05:00:00+00:00,36.519,35.05824,36.555519,35.02318176,2.735565045595441,100.0,0.1,0.09580819180819182,-4.1918081918081835,-4.387616383616375,-4.387616383616375,STOP
775,S72_SL4_TP12,DEXE/USDT,2026-07-18T13:00:00+00:00,2026-07-19T05:00:00+00:00,36.519,35.05824,36.555519,35.02318176,2.735565045595441,100.0,0.1,0.09580819180819182,-4.1918081918081835,-4.387616383616375,-4.387616383616375,STOP
1151,S72_SL4_TP15,DEXE/USDT,2026-07-18T13:00:00+00:00,2026-07-19T05:00:00+00:00,36.519,35.05824,36.555519,35.02318176,2.735565045595441,100.0,0.1,0.09580819180819182,-4.1918081918081835,-4.387616383616375,-4.387616383616375,STOP
4377,S75_SL4_TP8,DEXE/USDT,2026-07-18T13:00:00+00:00,2026-07-19T05:00:00+00:00,36.519,35.05824,36.555519,35.02318176,2.735565045595441,100.0,0.1,0.09580819180819182,-4.1918081918081835,-4.387616383616375,-4.387616383616375,STOP
4734,S75_SL4_TP10,DEXE/USDT,2026-07-18T13:00:00+00:00,2026-07-19T05:00:00+00:00,36.519,35.05824,36.555519,35.02318176,2.735565045595441,100.0,0.1,0.09580819180819182,-4.1918081918081835,-4.387616383616375,-4.387616383616375,STOP
5079,S75_SL4_TP12,DEXE/USDT,2026-07-18T13:00:00+00:00,2026-07-19T05:00:00+00:00,36.519,35.05824,36.555519,35.02318176,2.735565045595441,100.0,0.1,0.09580819180819182,-4.1918081918081835,-4.387616383616375,-4.387616383616375,STOP
5429,S75_SL4_TP15,DEXE/USDT,2026-07-18T13:00:00+00:00,2026-07-19T05:00:00+00:00,36.519,35.05824,36.555519,35.02318176,2.735565045595441,100.0,0.1,0.09580819180819182,-4.1918081918081835,-4.387616383616375,-4.387616383616375,STOP
1519,S72_SL5_TP8,DEXE/USDT,2026-07-18T13:00:00+00:00,2026-07-19T06:00:00+00:00,36.519,34.69305,36.555519,34.65835695,2.735565045595441,100.0,0.1,0.09481018981018981,-5.189810189810187,-5.384620379620376,-5.384620379620376,STOP
1890,S72_SL5_TP10,DEXE/USDT,2026-07-18T13:00:00+00:00,2026-07-19T06:00:00+00:00,36.519,34.69305,36.555519,34.65835695,2.735565045595441,100.0,0.1,0.09481018981018981,-5.189810189810187,-5.384620379620376,-5.384620379620376,STOP
11,S72_SL4_TP8,PEPE/USDT,2026-07-19T06:00:00+00:00,2026-07-20T06:00:00+00:00,2.8e-06,2.82e-06,2.8027999999999997e-06,2.81718e-06,35678607.10717854,100.0,0.1,0.10051305837020125,0.5130583702012463,0.3125453118310451,0.3125453118310451,TIME
12,S72_SL4_TP8,TAO/USDT,2026-07-19T06:00:00+00:00,2026-07-20T06:00:00+00:00,198.7,194.3,198.89869999999996,194.1057,0.5027684947161546,100.0,0.1,0.0975902306048255,-2.4097693951745036,-2.607359625779329,-2.607359625779329,TIME
407,S72_SL4_TP10,PEPE/USDT,2026-07-19T06:00:00+00:00,2026-07-20T06:00:00+00:00,2.8e-06,2.82e-06,2.8027999999999997e-06,2.81718e-06,35678607.10717854,100.0,0.1,0.10051305837020125,0.5130583702012463,0.3125453118310451,0.3125453118310451,TIME
408,S72_SL4_TP10,TAO/USDT,2026-07-19T06:00:00+00:00,2026-07-20T06:00:00+00:00,198.7,194.3,198.89869999999996,194.1057,0.5027684947161546,100.0,0.1,0.0975902306048255,-2.4097693951745036,-2.607359625779329,-2.607359625779329,TIME
782,S72_SL4_TP12,PEPE/USDT,2026-07-19T06:00:00+00:00,2026-07-20T06:00:00+00:00,2.8e-06,2.82e-06,2.8027999999999997e-06,2.81718e-06,35678607.10717854,100.0,0.1,0.10051305837020125,0.5130583702012463,0.3125453118310451,0.3125453118310451,TIME
783,S72_SL4_TP12,TAO/USDT,2026-07-19T06:00:00+00:00,2026-07-20T06:00:00+00:00,198.7,194.3,198.89869999999996,194.1057,0.5027684947161546,100.0,0.1,0.0975902306048255,-2.4097693951745036,-2.607359625779329,-2.607359625779329,TIME
1158,S72_SL4_TP15,PEPE/USDT,2026-07-19T06:00:00+00:00,2026-07-20T06:00:00+00:00,2.8e-06,2.82e-06,2.8027999999999997e-06,2.81718e-06,35678607.10717854,100.0,0.1,0.10051305837020125,0.5130583702012463,0.3125453118310451,0.3125453118310451,TIME
1159,S72_SL4_TP15,TAO/USDT,2026-07-19T06:00:00+00:00,2026-07-20T06:00:00+00:00,198.7,194.3,198.89869999999996,194.1057,0.5027684947161546,100.0,0.1,0.0975902306048255,-2.4097693951745036,-2.607359625779329,-2.607359625779329,TIME
1526,S72_SL5_TP8,PEPE/USDT,2026-07-19T06:00:00+00:00,2026-07-20T06:00:00+00:00,2.8e-06,2.82e-06,2.8027999999999997e-06,2.81718e-06,35678607.10717854,100.0,0.1,0.10051305837020125,0.5130583702012463,0.3125453118310451,0.3125453118310451,TIME
1527,S72_SL5_TP8,TAO/USDT,2026-07-19T06:00:00+00:00,2026-07-20T06:00:00+00:00,198.7,194.3,198.89869999999996,194.1057,0.5027684947161546,100.0,0.1,0.0975902306048255,-2.4097693951745036,-2.607359625779329,-2.607359625779329,TIME
27,S72_SL4_TP8,SNDKB/USDT,2026-07-20T10:00:00+00:00,2026-07-21T10:00:00+00:00,1409.95,1499.3,1411.3599499999998,1497.8007,0.07085364722160355,100.0,0.1,0.10612464240607085,6.1246424060708415,5.918517763664771,5.918517763664771,TIME
423,S72_SL4_TP10,SNDKB/USDT,2026-07-20T10:00:00+00:00,2026-07-21T10:00:00+00:00,1409.95,1499.3,1411.3599499999998,1497.8007,0.07085364722160355,100.0,0.1,0.10612464240607085,6.1246424060708415,5.918517763664771,5.918517763664771,TIME
798,S72_SL4_TP12,SNDKB/USDT,2026-07-20T10:00:00+00:00,2026-07-21T10:00:00+00:00,1409.95,1499.3,1411.3599499999998,1497.8007,0.07085364722160355,100.0,0.1,0.10612464240607085,6.1246424060708415,5.918517763664771,5.918517763664771,TIME
1173,S72_SL4_TP15,SNDKB/USDT,2026-07-20T10:00:00+00:00,2026-07-21T10:00:00+00:00,1409.95,1499.3,1411.3599499999998,1497.8007,0.07085364722160355,100.0,0.1,0.10612464240607085,6.1246424060708415,5.918517763664771,5.918517763664771,TIME
1541,S72_SL5_TP8,SNDKB/USDT,2026-07-20T10:00:00+00:00,2026-07-21T10:00:00+00:00,1409.95,1499.3,1411.3599499999998,1497.8007,0.07085364722160355,100.0,0.1,0.10612464240607085,6.1246424060708415,5.918517763664771,5.918517763664771,TIME
1912,S72_SL5_TP10,SNDKB/USDT,2026-07-20T10:00:00+00:00,2026-07-21T10:00:00+00:00,1409.95,1499.3,1411.3599499999998,1497.8007,0.07085364722160355,100.0,0.1,0.10612464240607085,6.1246424060708415,5.918517763664771,5.918517763664771,TIME
2275,S72_SL5_TP12,SNDKB/USDT,2026-07-20T10:00:00+00:00,2026-07-21T10:00:00+00:00,1409.95,1499.3,1411.3599499999998,1497.8007,0.07085364722160355,100.0,0.1,0.10612464240607085,6.1246424060708415,5.918517763664771,5.918517763664771,TIME
2630,S72_SL5_TP15,SNDKB/USDT,2026-07-20T10:00:00+00:00,2026-07-21T10:00:00+00:00,1409.95,1499.3,1411.3599499999998,1497.8007,0.07085364722160355,100.0,0.1,0.10612464240607085,6.1246424060708415,5.918517763664771,5.918517763664771,TIME
2978,S72_SL6_TP8,SNDKB/USDT,2026-07-20T10:00:00+00:00,2026-07-21T10:00:00+00:00,1409.95,1499.3,1411.3599499999998,1497.8007,0.07085364722160355,100.0,0.1,0.10612464240607085,6.1246424060708415,5.918517763664771,5.918517763664771,TIME
3343,S72_SL6_TP10,SNDKB/USDT,2026-07-20T10:00:00+00:00,2026-07-21T10:00:00+00:00,1409.95,1499.3,1411.3599499999998,1497.8007,0.07085364722160355,100.0,0.1,0.10612464240607085,6.1246424060708415,5.918517763664771,5.918517763664771,TIME
39,S72_SL4_TP8,GIGGLE/USDT,2026-07-21T10:00:00+00:00,2026-07-22T10:00:00+00:00,26.85,26.34,26.876849999999997,26.31366,3.7206741117355646,100.0,0.1,0.09790455354701166,-2.095446452988348,-2.2933510065353597,-2.2933510065353597,TIME
435,S72_SL4_TP10,GIGGLE/USDT,2026-07-21T10:00:00+00:00,2026-07-22T10:00:00+00:00,26.85,26.34,26.876849999999997,26.31366,3.7206741117355646,100.0,0.1,0.09790455354701166,-2.095446452988348,-2.2933510065353597,-2.2933510065353597,TIME
809,S72_SL4_TP12,GIGGLE/USDT,2026-07-21T10:00:00+00:00,2026-07-22T10:00:00+00:00,26.85,26.34,26.876849999999997,26.31366,3.7206741117355646,100.0,0.1,0.09790455354701166,-2.095446452988348,-2.2933510065353597,-2.2933510065353597,TIME
1184,S72_SL4_TP15,GIGGLE/USDT,2026-07-21T10:00:00+00:00,2026-07-22T10:00:00+00:00,26.85,26.34,26.876849999999997,26.31366,3.7206741117355646,100.0,0.1,0.09790455354701166,-2.095446452988348,-2.2933510065353597,-2.2933510065353597,TIME
1552,S72_SL5_TP8,GIGGLE/USDT,2026-07-21T10:00:00+00:00,2026-07-22T10:00:00+00:00,26.85,26.34,26.876849999999997,26.31366,3.7206741117355646,100.0,0.1,0.09790455354701166,-2.095446452988348,-2.2933510065353597,-2.2933510065353597,TIME
1923,S72_SL5_TP10,GIGGLE/USDT,2026-07-21T10:00:00+00:00,2026-07-22T10:00:00+00:00,26.85,26.34,26.876849999999997,26.31366,3.7206741117355646,100.0,0.1,0.09790455354701166,-2.095446452988348,-2.2933510065353597,-2.2933510065353597,TIME
2285,S72_SL5_TP12,GIGGLE/USDT,2026-07-21T10:00:00+00:00,2026-07-22T10:00:00+00:00,26.85,26.34,26.876849999999997,26.31366,3.7206741117355646,100.0,0.1,0.09790455354701166,-2.095446452988348,-2.2933510065353597,-2.2933510065353597,TIME
2640,S72_SL5_TP15,GIGGLE/USDT,2026-07-21T10:00:00+00:00,2026-07-22T10:00:00+00:00,26.85,26.34,26.876849999999997,26.31366,3.7206741117355646,100.0,0.1,0.09790455354701166,-2.095446452988348,-2.2933510065353597,-2.2933510065353597,TIME
2989,S72_SL6_TP8,GIGGLE/USDT,2026-07-21T10:00:00+00:00,2026-07-22T10:00:00+00:00,26.85,26.34,26.876849999999997,26.31366,3.7206741117355646,100.0,0.1,0.09790455354701166,-2.095446452988348,-2.2933510065353597,-2.2933510065353597,TIME
3354,S72_SL6_TP10,GIGGLE/USDT,2026-07-21T10:00:00+00:00,2026-07-22T10:00:00+00:00,26.85,26.34,26.876849999999997,26.31366,3.7206741117355646,100.0,0.1,0.09790455354701166,-2.095446452988348,-2.2933510065353597,-2.2933510065353597,TIME
47,S72_SL4_TP8,ONDO/USDT,2026-07-22T10:00:00+00:00,2026-07-23T10:00:00+00:00,0.4109,0.4035,0.4113108999999999,0.4030965,243.125091019956,100.0,0.1,0.0980028732523257,-1.997126747674302,-2.1951296209266276,-2.1951296209266276,TIME
48,S72_SL4_TP8,UNI/USDT,2026-07-22T10:00:00+00:00,2026-07-23T10:00:00+00:00,3.767,3.831,3.7707669999999993,3.827169,26.51980353068753,100.0,0.1,0.10149576995873787,1.4957699587378575,1.2942741887791196,1.2942741887791196,TIME
49,S72_SL4_TP8,CHIP/USDT,2026-07-22T10:00:00+00:00,2026-07-23T10:00:00+00:00,0.03093,0.03021,0.030960929999999994,0.03017979,3229.8771387035213,100.0,0.1,0.09747701377187315,-2.522986228126845,-2.720463241898718,-2.720463241898718,TIME
443,S72_SL4_TP10,ONDO/USDT,2026-07-22T10:00:00+00:00,2026-07-23T10:00:00+00:00,0.4109,0.4035,0.4113108999999999,0.4030965,243.125091019956,100.0,0.1,0.0980028732523257,-1.997126747674302,-2.1951296209266276,-2.1951296209266276,TIME
444,S72_SL4_TP10,UNI/USDT,2026-07-22T10:00:00+00:00,2026-07-23T10:00:00+00:00,3.767,3.831,3.7707669999999993,3.827169,26.51980353068753,100.0,0.1,0.10149576995873787,1.4957699587378575,1.2942741887791196,1.2942741887791196,TIME
445,S72_SL4_TP10,CHIP/USDT,2026-07-22T10:00:00+00:00,2026-07-23T10:00:00+00:00,0.03093,0.03021,0.030960929999999994,0.03017979,3229.8771387035213,100.0,0.1,0.09747701377187315,-2.522986228126845,-2.720463241898718,-2.720463241898718,TIME
816,S72_SL4_TP12,ONDO/USDT,2026-07-22T10:00:00+00:00,2026-07-23T10:00:00+00:00,0.4109,0.4035,0.4113108999999999,0.4030965,243.125091019956,100.0,0.1,0.0980028732523257,-1.997126747674302,-2.1951296209266276,-2.1951296209266276,TIME
817,S72_SL4_TP12,UNI/USDT,2026-07-22T10:00:00+00:00,2026-07-23T10:00:00+00:00,3.767,3.831,3.7707669999999993,3.827169,26.51980353068753,100.0,0.1,0.10149576995873787,1.4957699587378575,1.2942741887791196,1.2942741887791196,TIME
818,S72_SL4_TP12,CHIP/USDT,2026-07-22T10:00:00+00:00,2026-07-23T10:00:00+00:00,0.03093,0.03021,0.030960929999999994,0.03017979,3229.8771387035213,100.0,0.1,0.09747701377187315,-2.522986228126845,-2.720463241898718,-2.720463241898718,TIME
1191,S72_SL4_TP15,ONDO/USDT,2026-07-22T10:00:00+00:00,2026-07-23T10:00:00+00:00,0.4109,0.4035,0.4113108999999999,0.4030965,243.125091019956,100.0,0.1,0.0980028732523257,-1.997126747674302,-2.1951296209266276,-2.1951296209266276,TIME
4412,S75_SL4_TP8,KAITO/USDT,2026-07-23T10:00:00+00:00,2026-07-24T10:00:00+00:00,1.032,1.0396,1.033032,1.0385604000000002,96.80242238381774,100.0,0.1,0.10053516251190672,0.5351625119067184,0.33462734939481165,0.33462734939481165,TIME
4769,S75_SL4_TP10,KAITO/USDT,2026-07-23T10:00:00+00:00,2026-07-24T10:00:00+00:00,1.032,1.0396,1.033032,1.0385604000000002,96.80242238381774,100.0,0.1,0.10053516251190672,0.5351625119067184,0.33462734939481165,0.33462734939481165,TIME
5114,S75_SL4_TP12,KAITO/USDT,2026-07-23T10:00:00+00:00,2026-07-24T10:00:00+00:00,1.032,1.0396,1.033032,1.0385604000000002,96.80242238381774,100.0,0.1,0.10053516251190672,0.5351625119067184,0.33462734939481165,0.33462734939481165,TIME
5464,S75_SL4_TP15,KAITO/USDT,2026-07-23T10:00:00+00:00,2026-07-24T10:00:00+00:00,1.032,1.0396,1.033032,1.0385604000000002,96.80242238381774,100.0,0.1,0.10053516251190672,0.5351625119067184,0.33462734939481165,0.33462734939481165,TIME
5802,S75_SL5_TP8,KAITO/USDT,2026-07-23T10:00:00+00:00,2026-07-24T10:00:00+00:00,1.032,1.0396,1.033032,1.0385604000000002,96.80242238381774,100.0,0.1,0.10053516251190672,0.5351625119067184,0.33462734939481165,0.33462734939481165,TIME
6148,S75_SL5_TP10,KAITO/USDT,2026-07-23T10:00:00+00:00,2026-07-24T10:00:00+00:00,1.032,1.0396,1.033032,1.0385604000000002,96.80242238381774,100.0,0.1,0.10053516251190672,0.5351625119067184,0.33462734939481165,0.33462734939481165,TIME
6492,S75_SL5_TP12,KAITO/USDT,2026-07-23T10:00:00+00:00,2026-07-24T10:00:00+00:00,1.032,1.0396,1.033032,1.0385604000000002,96.80242238381774,100.0,0.1,0.10053516251190672,0.5351625119067184,0.33462734939481165,0.33462734939481165,TIME
6833,S75_SL5_TP15,KAITO/USDT,2026-07-23T10:00:00+00:00,2026-07-24T10:00:00+00:00,1.032,1.0396,1.033032,1.0385604000000002,96.80242238381774,100.0,0.1,0.10053516251190672,0.5351625119067184,0.33462734939481165,0.33462734939481165,TIME
7168,S75_SL6_TP8,KAITO/USDT,2026-07-23T10:00:00+00:00,2026-07-24T10:00:00+00:00,1.032,1.0396,1.033032,1.0385604000000002,96.80242238381774,100.0,0.1,0.10053516251190672,0.5351625119067184,0.33462734939481165,0.33462734939481165,TIME
7510,S75_SL6_TP10,KAITO/USDT,2026-07-23T10:00:00+00:00,2026-07-24T10:00:00+00:00,1.032,1.0396,1.033032,1.0385604000000002,96.80242238381774,100.0,0.1,0.10053516251190672,0.5351625119067184,0.33462734939481165,0.33462734939481165,TIME
58,S72_SL4_TP8,KAITO/USDT,2026-07-24T10:00:00+00:00,2026-07-24T12:00:00+00:00,1.0396,0.998016,1.0406396,0.997017984,96.09474788389755,100.0,0.1,0.0958081918081918,-4.191808191808194,-4.387616383616385,-4.387616383616385,STOP
454,S72_SL4_TP10,KAITO/USDT,2026-07-24T10:00:00+00:00,2026-07-24T12:00:00+00:00,1.0396,0.998016,1.0406396,0.997017984,96.09474788389755,100.0,0.1,0.0958081918081918,-4.191808191808194,-4.387616383616385,-4.387616383616385,STOP
827,S72_SL4_TP12,KAITO/USDT,2026-07-24T10:00:00+00:00,2026-07-24T12:00:00+00:00,1.0396,0.998016,1.0406396,0.997017984,96.09474788389755,100.0,0.1,0.0958081918081918,-4.191808191808194,-4.387616383616385,-4.387616383616385,STOP
1202,S72_SL4_TP15,KAITO/USDT,2026-07-24T10:00:00+00:00,2026-07-24T12:00:00+00:00,1.0396,0.998016,1.0406396,0.997017984,96.09474788389755,100.0,0.1,0.0958081918081918,-4.191808191808194,-4.387616383616385,-4.387616383616385,STOP
1571,S72_SL5_TP8,KAITO/USDT,2026-07-24T10:00:00+00:00,2026-07-24T12:00:00+00:00,1.0396,0.98762,1.0406396,0.9866323800000001,96.09474788389755,100.0,0.1,0.09481018981018981,-5.189810189810181,-5.384620379620371,-5.384620379620371,STOP
1942,S72_SL5_TP10,KAITO/USDT,2026-07-24T10:00:00+00:00,2026-07-24T12:00:00+00:00,1.0396,0.98762,1.0406396,0.9866323800000001,96.09474788389755,100.0,0.1,0.09481018981018981,-5.189810189810181,-5.384620379620371,-5.384620379620371,STOP
2303,S72_SL5_TP12,KAITO/USDT,2026-07-24T10:00:00+00:00,2026-07-24T12:00:00+00:00,1.0396,0.98762,1.0406396,0.9866323800000001,96.09474788389755,100.0,0.1,0.09481018981018981,-5.189810189810181,-5.384620379620371,-5.384620379620371,STOP
2658,S72_SL5_TP15,KAITO/USDT,2026-07-24T10:00:00+00:00,2026-07-24T12:00:00+00:00,1.0396,0.98762,1.0406396,0.9866323800000001,96.09474788389755,100.0,0.1,0.09481018981018981,-5.189810189810181,-5.384620379620371,-5.384620379620371,STOP
3010,S72_SL6_TP8,KAITO/USDT,2026-07-24T10:00:00+00:00,2026-07-24T15:00:00+00:00,1.0396,0.977224,1.0406396,0.976246776,96.09474788389755,100.0,0.1,0.09381218781218781,-6.187812187812189,-6.3816243756243765,-6.381624375624377,STOP
3375,S72_SL6_TP10,KAITO/USDT,2026-07-24T10:00:00+00:00,2026-07-24T15:00:00+00:00,1.0396,0.977224,1.0406396,0.976246776,96.09474788389755,100.0,0.1,0.09381218781218781,-6.187812187812189,-6.3816243756243765,-6.381624375624377,STOP
62,S72_SL4_TP8,HOME/USDT,2026-07-24T14:00:00+00:00,2026-07-24T18:00:00+00:00,0.00689,0.0066144,0.006896889999999999,0.0066077856,14499.288809883878,100.0,0.1,0.09580819180819182,-4.1918081918081835,-4.387616383616375,-4.387616383616375,STOP
458,S72_SL4_TP10,HOME/USDT,2026-07-24T14:00:00+00:00,2026-07-24T18:00:00+00:00,0.00689,0.0066144,0.006896889999999999,0.0066077856,14499.288809883878,100.0,0.1,0.09580819180819182,-4.1918081918081835,-4.387616383616375,-4.387616383616375,STOP
831,S72_SL4_TP12,HOME/USDT,2026-07-24T14:00:00+00:00,2026-07-24T18:00:00+00:00,0.00689,0.0066144,0.006896889999999999,0.0066077856,14499.288809883878,100.0,0.1,0.09580819180819182,-4.1918081918081835,-4.387616383616375,-4.387616383616375,STOP
1206,S72_SL4_TP15,HOME/USDT,2026-07-24T14:00:00+00:00,2026-07-24T18:00:00+00:00,0.00689,0.0066144,0.006896889999999999,0.0066077856,14499.288809883878,100.0,0.1,0.09580819180819182,-4.1918081918081835,-4.387616383616375,-4.387616383616375,STOP
1574,S72_SL5_TP8,HOME/USDT,2026-07-24T14:00:00+00:00,2026-07-24T18:00:00+00:00,0.00689,0.0065455,0.006896889999999999,0.0065389545,14499.288809883878,100.0,0.1,0.09481018981018982,-5.189810189810177,-5.384620379620366,-5.384620379620366,STOP
1945,S72_SL5_TP10,HOME/USDT,2026-07-24T14:00:00+00:00,2026-07-24T18:00:00+00:00,0.00689,0.0065455,0.006896889999999999,0.0065389545,14499.288809883878,100.0,0.1,0.09481018981018982,-5.189810189810177,-5.384620379620366,-5.384620379620366,STOP
2306,S72_SL5_TP12,HOME/USDT,2026-07-24T14:00:00+00:00,2026-07-24T18:00:00+00:00,0.00689,0.0065455,0.006896889999999999,0.0065389545,14499.288809883878,100.0,0.1,0.09481018981018982,-5.189810189810177,-5.384620379620366,-5.384620379620366,STOP
2661,S72_SL5_TP15,HOME/USDT,2026-07-24T14:00:00+00:00,2026-07-24T18:00:00+00:00,0.00689,0.0065455,0.006896889999999999,0.0065389545,14499.288809883878,100.0,0.1,0.09481018981018982,-5.189810189810177,-5.384620379620366,-5.384620379620366,STOP
65,S72_SL4_TP8,HEMI/USDT,2026-07-24T19:00:00+00:00,2026-07-25T06:00:00+00:00,0.00532,0.0051072,0.00532532,0.0051020928,18778.214266936073,100.0,0.1,0.09580819180819182,-4.1918081918081835,-4.387616383616375,-4.387616383616375,STOP
461,S72_SL4_TP10,HEMI/USDT,2026-07-24T19:00:00+00:00,2026-07-25T06:00:00+00:00,0.00532,0.0051072,0.00532532,0.0051020928,18778.214266936073,100.0,0.1,0.09580819180819182,-4.1918081918081835,-4.387616383616375,-4.387616383616375,STOP
834,S72_SL4_TP12,HEMI/USDT,2026-07-24T19:00:00+00:00,2026-07-25T06:00:00+00:00,0.00532,0.0051072,0.00532532,0.0051020928,18778.214266936073,100.0,0.1,0.09580819180819182,-4.1918081918081835,-4.387616383616375,-4.387616383616375,STOP
1209,S72_SL4_TP15,HEMI/USDT,2026-07-24T19:00:00+00:00,2026-07-25T06:00:00+00:00,0.00532,0.0051072,0.00532532,0.0051020928,18778.214266936073,100.0,0.1,0.09580819180819182,-4.1918081918081835,-4.387616383616375,-4.387616383616375,STOP
1577,S72_SL5_TP8,HEMI/USDT,2026-07-24T19:00:00+00:00,2026-07-25T06:00:00+00:00,0.00532,0.0050539999999999995,0.00532532,0.0050489459999999995,18778.214266936073,100.0,0.1,0.09481018981018981,-5.189810189810195,-5.384620379620384,-5.384620379620384,STOP
1948,S72_SL5_TP10,HEMI/USDT,2026-07-24T19:00:00+00:00,2026-07-25T06:00:00+00:00,0.00532,0.0050539999999999995,0.00532532,0.0050489459999999995,18778.214266936073,100.0,0.1,0.09481018981018981,-5.189810189810195,-5.384620379620384,-5.384620379620384,STOP
2309,S72_SL5_TP12,HEMI/USDT,2026-07-24T19:00:00+00:00,2026-07-25T06:00:00+00:00,0.00532,0.0050539999999999995,0.00532532,0.0050489459999999995,18778.214266936073,100.0,0.1,0.09481018981018981,-5.189810189810195,-5.384620379620384,-5.384620379620384,STOP
2664,S72_SL5_TP15,HEMI/USDT,2026-07-24T19:00:00+00:00,2026-07-25T06:00:00+00:00,0.00532,0.0050539999999999995,0.00532532,0.0050489459999999995,18778.214266936073,100.0,0.1,0.09481018981018981,-5.189810189810195,-5.384620379620384,-5.384620379620384,STOP
66,S72_SL4_TP8,RE/USDT,2026-07-25T07:00:00+00:00,2026-07-25T09:00:00+00:00,0.6078,0.583488,0.6084077999999999,0.582904512,164.36344175732134,100.0,0.1,0.09580819180819182,-4.191808191808176,-4.3876163836163675,-4.3876163836163675,STOP
462,S72_SL4_TP10,RE/USDT,2026-07-25T07:00:00+00:00,2026-07-25T09:00:00+00:00,0.6078,0.583488,0.6084077999999999,0.582904512,164.36344175732134,100.0,0.1,0.09580819180819182,-4.191808191808176,-4.3876163836163675,-4.3876163836163675,STOP
835,S72_SL4_TP12,RE/USDT,2026-07-25T07:00:00+00:00,2026-07-25T09:00:00+00:00,0.6078,0.583488,0.6084077999999999,0.582904512,164.36344175732134,100.0,0.1,0.09580819180819182,-4.191808191808176,-4.3876163836163675,-4.3876163836163675,STOP
1210,S72_SL4_TP15,RE/USDT,2026-07-25T07:00:00+00:00,2026-07-25T09:00:00+00:00,0.6078,0.583488,0.6084077999999999,0.582904512,164.36344175732134,100.0,0.1,0.09580819180819182,-4.191808191808176,-4.3876163836163675,-4.3876163836163675,STOP
1578,S72_SL5_TP8,RE/USDT,2026-07-25T07:00:00+00:00,2026-07-25T09:00:00+00:00,0.6078,0.57741,0.6084077999999999,0.57683259,164.36344175732134,100.0,0.1,0.09481018981018981,-5.189810189810185,-5.384620379620374,-5.384620379620374,STOP
1949,S72_SL5_TP10,RE/USDT,2026-07-25T07:00:00+00:00,2026-07-25T09:00:00+00:00,0.6078,0.57741,0.6084077999999999,0.57683259,164.36344175732134,100.0,0.1,0.09481018981018981,-5.189810189810185,-5.384620379620374,-5.384620379620374,STOP
2310,S72_SL5_TP12,RE/USDT,2026-07-25T07:00:00+00:00,2026-07-25T09:00:00+00:00,0.6078,0.57741,0.6084077999999999,0.57683259,164.36344175732134,100.0,0.1,0.09481018981018981,-5.189810189810185,-5.384620379620374,-5.384620379620374,STOP
2665,S72_SL5_TP15,RE/USDT,2026-07-25T07:00:00+00:00,2026-07-25T09:00:00+00:00,0.6078,0.57741,0.6084077999999999,0.57683259,164.36344175732134,100.0,0.1,0.09481018981018981,-5.189810189810185,-5.384620379620374,-5.384620379620374,STOP
67,S72_SL4_TP8,GPS/USDT,2026-07-24T15:00:00+00:00,2026-07-25T15:00:00+00:00,0.00935,0.00934,0.009359349999999999,0.00933066,10684.50266311229,100.0,0.1,0.09969346161859531,-0.3065383814046875,-0.5062318430232827,-0.5062318430232827,TIME
463,S72_SL4_TP10,GPS/USDT,2026-07-24T15:00:00+00:00,2026-07-25T15:00:00+00:00,0.00935,0.00934,0.009359349999999999,0.00933066,10684.50266311229,100.0,0.1,0.09969346161859531,-0.3065383814046875,-0.5062318430232827,-0.5062318430232827,TIME
70,S72_SL4_TP8,ALPINE/USDT,2026-07-25T13:00:00+00:00,2026-07-26T13:00:00+00:00,0.314,0.315,0.314314,0.314685,318.15318439522264,100.0,0.1,0.10011803483141064,0.11803483141063084,-0.08208320342077981,-0.08208320342077981,TIME
71,S72_SL4_TP8,PLUME/USDT,2026-07-25T13:00:00+00:00,2026-07-26T13:00:00+00:00,0.01177,0.01212,0.011781769999999999,0.012107880000000001,8487.689031444343,100.0,0.1,0.10276792027004435,2.7679202700443377,2.5651523497742934,2.5651523497742934,TIME
466,S72_SL4_TP10,ALPINE/USDT,2026-07-25T13:00:00+00:00,2026-07-26T13:00:00+00:00,0.314,0.315,0.314314,0.314685,318.15318439522264,100.0,0.1,0.10011803483141064,0.11803483141063084,-0.08208320342077981,-0.08208320342077981,TIME
467,S72_SL4_TP10,PLUME/USDT,2026-07-25T13:00:00+00:00,2026-07-26T13:00:00+00:00,0.01177,0.01212,0.011781769999999999,0.012107880000000001,8487.689031444343,100.0,0.1,0.10276792027004435,2.7679202700443377,2.5651523497742934,2.5651523497742934,TIME
839,S72_SL4_TP12,ALPINE/USDT,2026-07-25T13:00:00+00:00,2026-07-26T13:00:00+00:00,0.314,0.315,0.314314,0.314685,318.15318439522264,100.0,0.1,0.10011803483141064,0.11803483141063084,-0.08208320342077981,-0.08208320342077981,TIME
840,S72_SL4_TP12,PLUME/USDT,2026-07-25T13:00:00+00:00,2026-07-26T13:00:00+00:00,0.01177,0.01212,0.011781769999999999,0.012107880000000001,8487.689031444343,100.0,0.1,0.10276792027004435,2.7679202700443377,2.5651523497742934,2.5651523497742934,TIME
1214,S72_SL4_TP15,ALPINE/USDT,2026-07-25T13:00:00+00:00,2026-07-26T13:00:00+00:00,0.314,0.315,0.314314,0.314685,318.15318439522264,100.0,0.1,0.10011803483141064,0.11803483141063084,-0.08208320342077981,-0.08208320342077981,TIME
1215,S72_SL4_TP15,PLUME/USDT,2026-07-25T13:00:00+00:00,2026-07-26T13:00:00+00:00,0.01177,0.01212,0.011781769999999999,0.012107880000000001,8487.689031444343,100.0,0.1,0.10276792027004435,2.7679202700443377,2.5651523497742934,2.5651523497742934,TIME
23087,CD6_E1_P15,PUMP/USDT,2026-07-26T16:00:00+00:00,2026-07-26T22:00:00+00:00,0.001859,0.0020449,0.0018608589999999999,0.0020428551,53738.62286180737,100.0,0.1,0.1097802197802198,9.780219780219795,9.570439560439576,9.570439560439576,TARGET
24381,CD6_E2_P15,PUMP/USDT,2026-07-26T16:00:00+00:00,2026-07-26T22:00:00+00:00,0.001859,0.0020449,0.0018608589999999999,0.0020428551,53738.62286180737,100.0,0.1,0.1097802197802198,9.780219780219795,9.570439560439576,9.570439560439576,TARGET
25312,CD12_E1_P15,PUMP/USDT,2026-07-26T16:00:00+00:00,2026-07-26T22:00:00+00:00,0.001859,0.0020449,0.0018608589999999999,0.0020428551,53738.62286180737,100.0,0.1,0.1097802197802198,9.780219780219795,9.570439560439576,9.570439560439576,TARGET
26584,CD12_E2_P15,PUMP/USDT,2026-07-26T16:00:00+00:00,2026-07-26T22:00:00+00:00,0.001859,0.0020449,0.0018608589999999999,0.0020428551,53738.62286180737,100.0,0.1,0.1097802197802198,9.780219780219795,9.570439560439576,9.570439560439576,TARGET
27852,CD24_E1_P15,PUMP/USDT,2026-07-26T16:00:00+00:00,2026-07-26T22:00:00+00:00,0.001859,0.0020449,0.0018608589999999999,0.0020428551,53738.62286180737,100.0,0.1,0.1097802197802198,9.780219780219795,9.570439560439576,9.570439560439576,TARGET
29109,CD24_E2_P15,PUMP/USDT,2026-07-26T16:00:00+00:00,2026-07-26T22:00:00+00:00,0.001859,0.0020449,0.0018608589999999999,0.0020428551,53738.62286180737,100.0,0.1,0.1097802197802198,9.780219780219795,9.570439560439576,9.570439560439576,TARGET
72,S72_SL4_TP8,MUBARAK/USDT,2026-07-26T02:00:00+00:00,2026-07-27T02:00:00+00:00,0.01087,0.01097,0.010880869999999999,0.01095903,9190.441573146265,100.0,0.1,0.10071832491335711,0.7183249133571188,0.5176065884437617,0.5176065884437617,TIME
468,S72_SL4_TP10,MUBARAK/USDT,2026-07-26T02:00:00+00:00,2026-07-27T02:00:00+00:00,0.01087,0.01097,0.010880869999999999,0.01095903,9190.441573146265,100.0,0.1,0.10071832491335711,0.7183249133571188,0.5176065884437617,0.5176065884437617,TIME
15480,S82_SL4_TP8,SKHYB/USDT,2026-07-26T22:00:00+00:00,2026-07-27T13:00:00+00:00,163.64,157.09439999999998,163.80363999999997,156.93730559999997,0.6104870441218523,100.0,0.1,0.09580819180819179,-4.1918081918081915,-4.387616383616383,-4.387616383616383,STOP
15792,S82_SL4_TP10,SKHYB/USDT,2026-07-26T22:00:00+00:00,2026-07-27T13:00:00+00:00,163.64,157.09439999999998,163.80363999999997,156.93730559999997,0.6104870441218523,100.0,0.1,0.09580819180819179,-4.1918081918081915,-4.387616383616383,-4.387616383616383,STOP
16684,S82_SL5_TP8,SKHYB/USDT,2026-07-26T22:00:00+00:00,2026-07-27T13:00:00+00:00,163.64,155.45799999999997,163.80363999999997,155.30254199999996,0.6104870441218523,100.0,0.1,0.0948101898101898,-5.189810189810198,-5.3846203796203875,-5.3846203796203875,STOP
16985,S82_SL5_TP10,SKHYB/USDT,2026-07-26T22:00:00+00:00,2026-07-27T13:00:00+00:00,163.64,155.45799999999997,163.80363999999997,155.30254199999996,0.6104870441218523,100.0,0.1,0.0948101898101898,-5.189810189810198,-5.3846203796203875,-5.3846203796203875,STOP
17839,S82_SL6_TP8,SKHYB/USDT,2026-07-26T22:00:00+00:00,2026-07-27T13:00:00+00:00,163.64,153.8216,163.80363999999997,153.6677784,0.6104870441218523,100.0,0.1,0.09381218781218782,-6.18781218781217,-6.381624375624358,-6.381624375624358,STOP
18129,S82_SL6_TP10,SKHYB/USDT,2026-07-26T22:00:00+00:00,2026-07-27T13:00:00+00:00,163.64,153.8216,163.80363999999997,153.6677784,0.6104870441218523,100.0,0.1,0.09381218781218782,-6.18781218781217,-6.381624375624358,-6.381624375624358,STOP
74,S72_SL4_TP8,ONDO/USDT,2026-07-26T16:00:00+00:00,2026-07-27T16:00:00+00:00,0.4062,0.4094,0.4066062,0.4089906,245.9382075334808,100.0,0.1,0.10058641506204283,0.5864150620428338,0.385828646980791,0.385828646980791,TIME
75,S72_SL4_TP8,USDE/USDT,2026-07-26T16:00:00+00:00,2026-07-27T16:00:00+00:00,1.0009,1.0009,1.0019008999999999,0.9998990999999999,99.81027065650906,100.0,0.1,0.0998001998001998,-0.1998001998001941,-0.39960039960039395,-0.39960039960039395,TIME
15489,S82_SL4_TP8,ENA/USDT,2026-07-27T13:00:00+00:00,2026-07-27T18:00:00+00:00,0.0923,0.08860799999999999,0.09239229999999998,0.08851939199999999,1082.341277357529,100.0,0.1,0.09580819180819182,-4.191808191808186,-4.387616383616377,-4.387616383616377,STOP
15801,S82_SL4_TP10,ENA/USDT,2026-07-27T13:00:00+00:00,2026-07-27T18:00:00+00:00,0.0923,0.08860799999999999,0.09239229999999998,0.08851939199999999,1082.341277357529,100.0,0.1,0.09580819180819182,-4.191808191808186,-4.387616383616377,-4.387616383616377,STOP
16693,S82_SL5_TP8,ENA/USDT,2026-07-27T13:00:00+00:00,2026-07-27T18:00:00+00:00,0.0923,0.08768499999999999,0.09239229999999998,0.08759731499999998,1082.341277357529,100.0,0.1,0.09481018981018981,-5.189810189810193,-5.384620379620382,-5.384620379620382,STOP
16994,S82_SL5_TP10,ENA/USDT,2026-07-27T13:00:00+00:00,2026-07-27T18:00:00+00:00,0.0923,0.08768499999999999,0.09239229999999998,0.08759731499999998,1082.341277357529,100.0,0.1,0.09481018981018981,-5.189810189810193,-5.384620379620382,-5.384620379620382,STOP
18978,S85_SL4_TP8,ENA/USDT,2026-07-27T13:00:00+00:00,2026-07-27T18:00:00+00:00,0.0923,0.08860799999999999,0.09239229999999998,0.08851939199999999,1082.341277357529,100.0,0.1,0.09580819180819182,-4.191808191808186,-4.387616383616377,-4.387616383616377,STOP
19267,S85_SL4_TP10,ENA/USDT,2026-07-27T13:00:00+00:00,2026-07-27T18:00:00+00:00,0.0923,0.08860799999999999,0.09239229999999998,0.08851939199999999,1082.341277357529,100.0,0.1,0.09580819180819182,-4.191808191808186,-4.387616383616377,-4.387616383616377,STOP
82,S72_SL4_TP8,TAO/USDT,2026-07-27T02:00:00+00:00,2026-07-27T22:00:00+00:00,200.8,192.768,201.0008,192.575232,0.4975104576698202,100.0,0.1,0.0958081918081918,-4.191808191808191,-4.387616383616382,-4.387616383616382,STOP
478,S72_SL4_TP10,TAO/USDT,2026-07-27T02:00:00+00:00,2026-07-27T22:00:00+00:00,200.8,192.768,201.0008,192.575232,0.4975104576698202,100.0,0.1,0.0958081918081918,-4.191808191808191,-4.387616383616382,-4.387616383616382,STOP
83,S72_SL4_TP8,KAITO/USDT,2026-07-27T16:00:00+00:00,2026-07-27T22:00:00+00:00,1.2228,1.3206240000000002,1.2240228,1.3193033760000001,81.69782458300614,100.0,0.1,0.1077842157842158,7.784215784215799,7.576431568431583,7.576431568431582,TARGET
1595,S72_SL5_TP8,KAITO/USDT,2026-07-27T16:00:00+00:00,2026-07-27T22:00:00+00:00,1.2228,1.3206240000000002,1.2240228,1.3193033760000001,81.69782458300614,100.0,0.1,0.1077842157842158,7.784215784215799,7.576431568431583,7.576431568431582,TARGET
8484,S78_SL4_TP8,MUBARAK/USDT,2026-07-27T18:00:00+00:00,2026-07-27T23:00:00+00:00,0.01103,0.010588799999999999,0.011041029999999999,0.0105782112,9057.126010888478,100.0,0.1,0.09580819180819182,-4.191808191808182,-4.387616383616373,-4.387616383616373,STOP
8796,S78_SL4_TP10,MUBARAK/USDT,2026-07-27T18:00:00+00:00,2026-07-27T23:00:00+00:00,0.01103,0.010588799999999999,0.011041029999999999,0.0105782112,9057.126010888478,100.0,0.1,0.09580819180819182,-4.191808191808182,-4.387616383616373,-4.387616383616373,STOP
9097,S78_SL4_TP12,MUBARAK/USDT,2026-07-27T18:00:00+00:00,2026-07-27T23:00:00+00:00,0.01103,0.010588799999999999,0.011041029999999999,0.0105782112,9057.126010888478,100.0,0.1,0.09580819180819182,-4.191808191808182,-4.387616383616373,-4.387616383616373,STOP
9397,S78_SL4_TP15,MUBARAK/USDT,2026-07-27T18:00:00+00:00,2026-07-27T23:00:00+00:00,0.01103,0.010588799999999999,0.011041029999999999,0.0105782112,9057.126010888478,100.0,0.1,0.09580819180819182,-4.191808191808182,-4.387616383616373,-4.387616383616373,STOP
11987,S80_SL4_TP8,MUBARAK/USDT,2026-07-27T18:00:00+00:00,2026-07-27T23:00:00+00:00,0.01103,0.010588799999999999,0.011041029999999999,0.0105782112,9057.126010888478,100.0,0.1,0.09580819180819182,-4.191808191808182,-4.387616383616373,-4.387616383616373,STOP
12300,S80_SL4_TP10,MUBARAK/USDT,2026-07-27T18:00:00+00:00,2026-07-27T23:00:00+00:00,0.01103,0.010588799999999999,0.011041029999999999,0.0105782112,9057.126010888478,100.0,0.1,0.09580819180819182,-4.191808191808182,-4.387616383616373,-4.387616383616373,STOP
16108,S82_SL4_TP12,PUMP/USDT,2026-07-27T22:00:00+00:00,2026-07-28T04:00:00+00:00,0.002113,0.0020284799999999996,0.0021151129999999996,0.0020264515199999995,47278.79787037383,100.0,0.1,0.09580819180819179,-4.191808191808198,-4.387616383616389,-4.387616383616389,STOP
16403,S82_SL4_TP15,PUMP/USDT,2026-07-27T22:00:00+00:00,2026-07-28T04:00:00+00:00,0.002113,0.0020284799999999996,0.0021151129999999996,0.0020264515199999995,47278.79787037383,100.0,0.1,0.09580819180819179,-4.191808191808198,-4.387616383616389,-4.387616383616389,STOP
18984,S85_SL4_TP8,KAITO/USDT,2026-07-27T23:00:00+00:00,2026-07-28T07:00:00+00:00,1.2888,1.237248,1.2900887999999997,1.2360107519999999,77.51404399449093,100.0,0.1,0.0958081918081918,-4.191808191808179,-4.38761638361637,-4.38761638361637,STOP
19272,S85_SL4_TP10,KAITO/USDT,2026-07-27T23:00:00+00:00,2026-07-28T07:00:00+00:00,1.2888,1.237248,1.2900887999999997,1.2360107519999999,77.51404399449093,100.0,0.1,0.0958081918081918,-4.191808191808179,-4.38761638361637,-4.38761638361637,STOP
19547,S85_SL4_TP12,KAITO/USDT,2026-07-27T23:00:00+00:00,2026-07-28T07:00:00+00:00,1.2888,1.237248,1.2900887999999997,1.2360107519999999,77.51404399449093,100.0,0.1,0.0958081918081918,-4.191808191808179,-4.38761638361637,-4.38761638361637,STOP
19822,S85_SL4_TP15,KAITO/USDT,2026-07-27T23:00:00+00:00,2026-07-28T07:00:00+00:00,1.2888,1.237248,1.2900887999999997,1.2360107519999999,77.51404399449093,100.0,0.1,0.0958081918081918,-4.191808191808179,-4.38761638361637,-4.38761638361637,STOP
20092,S85_SL5_TP8,KAITO/USDT,2026-07-27T23:00:00+00:00,2026-07-28T07:00:00+00:00,1.2888,1.22436,1.2900887999999997,1.22313564,77.51404399449093,100.0,0.1,0.09481018981018982,-5.18981018981017,-5.384620379620359,-5.384620379620359,STOP
20372,S85_SL5_TP10,KAITO/USDT,2026-07-27T23:00:00+00:00,2026-07-28T07:00:00+00:00,1.2888,1.22436,1.2900887999999997,1.22313564,77.51404399449093,100.0,0.1,0.09481018981018982,-5.18981018981017,-5.384620379620359,-5.384620379620359,STOP
17283,S82_SL5_TP12,PUMP/USDT,2026-07-27T22:00:00+00:00,2026-07-28T11:00:00+00:00,0.002113,0.0020073499999999998,0.0021151129999999996,0.00200534265,47278.79787037383,100.0,0.1,0.09481018981018981,-5.189810189810182,-5.3846203796203715,-5.3846203796203715,STOP
17570,S82_SL5_TP15,PUMP/USDT,2026-07-27T22:00:00+00:00,2026-07-28T11:00:00+00:00,0.002113,0.0020073499999999998,0.0021151129999999996,0.00200534265,47278.79787037383,100.0,0.1,0.09481018981018981,-5.189810189810182,-5.3846203796203715,-5.3846203796203715,STOP
95,S72_SL4_TP8,FDUSD/USDT,2026-07-28T04:00:00+00:00,2026-07-29T04:00:00+00:00,0.9993,0.9983,1.0002992999999998,0.9973017,99.97007895536868,100.0,0.1,0.0997003296913234,-0.29967030867659544,-0.4993706383679189,-0.4993706383679189,TIME
1606,S72_SL5_TP8,FDUSD/USDT,2026-07-28T04:00:00+00:00,2026-07-29T04:00:00+00:00,0.9993,0.9983,1.0002992999999998,0.9973017,99.97007895536868,100.0,0.1,0.0997003296913234,-0.29967030867659544,-0.4993706383679189,-0.4993706383679189,TIME
23118,CD6_E1_P15,XUSD/USDT,2026-07-28T07:00:00+00:00,2026-07-29T07:00:00+00:00,1.0012,1.0014,1.0022012,1.0003986,99.78036346394316,100.0,0.1,0.0998201359168199,-0.1798640831801027,-0.3796842190969226,-0.3796842190969226,TIME
24412,CD6_E2_P15,XUSD/USDT,2026-07-28T07:00:00+00:00,2026-07-29T07:00:00+00:00,1.0012,1.0014,1.0022012,1.0003986,99.78036346394316,100.0,0.1,0.0998201359168199,-0.1798640831801027,-0.3796842190969226,-0.3796842190969226,TIME
25343,CD12_E1_P15,XUSD/USDT,2026-07-28T07:00:00+00:00,2026-07-29T07:00:00+00:00,1.0012,1.0014,1.0022012,1.0003986,99.78036346394316,100.0,0.1,0.0998201359168199,-0.1798640831801027,-0.3796842190969226,-0.3796842190969226,TIME
26615,CD12_E2_P15,XUSD/USDT,2026-07-28T07:00:00+00:00,2026-07-29T07:00:00+00:00,1.0012,1.0014,1.0022012,1.0003986,99.78036346394316,100.0,0.1,0.0998201359168199,-0.1798640831801027,-0.3796842190969226,-0.3796842190969226,TIME
27880,CD24_E1_P15,XUSD/USDT,2026-07-28T07:00:00+00:00,2026-07-29T07:00:00+00:00,1.0012,1.0014,1.0022012,1.0003986,99.78036346394316,100.0,0.1,0.0998201359168199,-0.1798640831801027,-0.3796842190969226,-0.3796842190969226,TIME
29137,CD24_E2_P15,XUSD/USDT,2026-07-28T07:00:00+00:00,2026-07-29T07:00:00+00:00,1.0012,1.0014,1.0022012,1.0003986,99.78036346394316,100.0,0.1,0.0998201359168199,-0.1798640831801027,-0.3796842190969226,-0.3796842190969226,TIME
97,S72_SL4_TP8,GPS/USDT,2026-07-28T11:00:00+00:00,2026-07-29T11:00:00+00:00,0.0094,0.00974,0.0094094,0.009730260000000001,10627.670202138288,100.0,0.1,0.10340999426105811,3.409994261058101,3.206584266797043,3.2065842667970434,TIME
493,S72_SL4_TP10,UNI/USDT,2026-07-28T11:00:00+00:00,2026-07-29T11:00:00+00:00,3.821,4.049,3.8248209999999996,4.044951,26.145014367992648,100.0,0.1,0.10575530201282624,5.755302012826237,5.549546710813411,5.549546710813411,TIME
9708,S78_SL5_TP8,KAITO/USDT,2026-07-29T04:00:00+00:00,2026-07-30T03:00:00+00:00,1.264,1.2007999999999999,1.265264,1.1995992,79.03488916147144,100.0,0.1,0.09481018981018981,-5.189810189810188,-5.384620379620377,-5.384620379620377,STOP
10007,S78_SL5_TP10,KAITO/USDT,2026-07-29T04:00:00+00:00,2026-07-30T03:00:00+00:00,1.264,1.2007999999999999,1.265264,1.1995992,79.03488916147144,100.0,0.1,0.09481018981018981,-5.189810189810188,-5.384620379620377,-5.384620379620377,STOP
30649,ROBUST_72_SL5_TP10_CD6_P7,KAITO/USDT,2026-07-29T11:00:00+00:00,2026-07-30T03:00:00+00:00,1.265,1.2017499999999999,1.2662649999999998,1.20054825,78.97241098822128,100.0,0.1,0.09481018981018982,-5.1898101898101725,-5.384620379620362,-5.384620379620362,STOP
23134,CD6_E1_P15,BNB/USDT,2026-07-29T07:00:00+00:00,2026-07-30T07:00:00+00:00,571.9,574.72,572.4718999999999,574.1452800000001,0.17468106294824257,100.0,0.1,0.10029230779711637,0.29230779711636146,0.09201548931924508,0.09201548931924508,TIME
24428,CD6_E2_P15,BNB/USDT,2026-07-29T07:00:00+00:00,2026-07-30T07:00:00+00:00,571.9,574.72,572.4718999999999,574.1452800000001,0.17468106294824257,100.0,0.1,0.10029230779711637,0.29230779711636146,0.09201548931924508,0.09201548931924508,TIME
25360,CD12_E1_P15,BNB/USDT,2026-07-29T07:00:00+00:00,2026-07-30T07:00:00+00:00,571.9,574.72,572.4718999999999,574.1452800000001,0.17468106294824257,100.0,0.1,0.10029230779711637,0.29230779711636146,0.09201548931924508,0.09201548931924508,TIME
26632,CD12_E2_P15,BNB/USDT,2026-07-29T07:00:00+00:00,2026-07-30T07:00:00+00:00,571.9,574.72,572.4718999999999,574.1452800000001,0.17468106294824257,100.0,0.1,0.10029230779711637,0.29230779711636146,0.09201548931924508,0.09201548931924508,TIME
27898,CD24_E1_P15,BNB/USDT,2026-07-29T07:00:00+00:00,2026-07-30T07:00:00+00:00,571.9,574.72,572.4718999999999,574.1452800000001,0.17468106294824257,100.0,0.1,0.10029230779711637,0.29230779711636146,0.09201548931924508,0.09201548931924508,TIME
27899,CD24_E1_P15,USD1/USDT,2026-07-29T07:00:00+00:00,2026-07-30T07:00:00+00:00,1.00001,1.00002,1.00101001,0.9990199799999999,99.89910090909082,100.0,0.1,0.09980119779221788,-0.1988022077821156,-0.3986034055743335,-0.3986034055743335,TIME
108,S72_SL4_TP8,ALPINE/USDT,2026-07-30T03:00:00+00:00,2026-07-30T10:00:00+00:00,0.32,0.3072,0.32032,0.30689279999999997,312.1878121878122,100.0,0.1,0.0958081918081918,-4.1918081918082,-4.3876163836163915,-4.3876163836163915,STOP
504,S72_SL4_TP10,ALPINE/USDT,2026-07-30T03:00:00+00:00,2026-07-30T10:00:00+00:00,0.32,0.3072,0.32032,0.30689279999999997,312.1878121878122,100.0,0.1,0.0958081918081918,-4.1918081918082,-4.3876163836163915,-4.3876163836163915,STOP
877,S72_SL4_TP12,ALPINE/USDT,2026-07-30T03:00:00+00:00,2026-07-30T10:00:00+00:00,0.32,0.3072,0.32032,0.30689279999999997,312.1878121878122,100.0,0.1,0.0958081918081918,-4.1918081918082,-4.3876163836163915,-4.3876163836163915,STOP
109,S72_SL4_TP8,MUBARAK/USDT,2026-07-29T11:00:00+00:00,2026-07-30T11:00:00+00:00,0.0113,0.01142,0.011311299999999998,0.01140858,8840.716805318576,100.0,0.1,0.1008600249308214,0.8600249308214059,0.6591649058905845,0.6591649058905845,TIME
27900,CD24_E1_P15,GIGGLE/USDT,2026-07-30T10:00:00+00:00,2026-07-30T14:00:00+00:00,26.67,29.337000000000003,26.696669999999997,29.307663,3.745785523063364,100.0,0.1,0.1097802197802198,9.780219780219797,9.570439560439578,9.570439560439578,TARGET
29157,CD24_E2_P15,GIGGLE/USDT,2026-07-30T10:00:00+00:00,2026-07-30T14:00:00+00:00,26.67,29.337000000000003,26.696669999999997,29.307663,3.745785523063364,100.0,0.1,0.1097802197802198,9.780219780219797,9.570439560439578,9.570439560439578,TARGET
509,S72_SL4_TP10,UNI/USDT,2026-07-30T10:00:00+00:00,2026-07-30T16:00:00+00:00,4.064,4.470400000000001,4.068064,4.465929600000001,24.581717495103323,100.0,0.1,0.10978021978021982,9.78021978021981,9.57043956043959,9.57043956043959,TARGET
510,S72_SL4_TP10,GPS/USDT,2026-07-30T11:00:00+00:00,2026-07-30T16:00:00+00:00,0.00987,0.0094752,0.009879869999999999,0.0094657248,10121.590668703131,100.0,0.1,0.0958081918081918,-4.191808191808178,-4.387616383616369,-4.387616383616369,STOP
15522,S82_SL4_TP8,USDE/USDT,2026-07-30T07:00:00+00:00,2026-07-31T07:00:00+00:00,1.001,1.0006,1.0020009999999997,0.9995993999999999,99.80029960049943,100.0,0.1,0.09976031960047946,-0.23968039952053763,-0.4394407191210171,-0.4394407191210171,TIME
15834,S82_SL4_TP10,USDE/USDT,2026-07-30T07:00:00+00:00,2026-07-31T07:00:00+00:00,1.001,1.0006,1.0020009999999997,0.9995993999999999,99.80029960049943,100.0,0.1,0.09976031960047946,-0.23968039952053763,-0.4394407191210171,-0.4394407191210171,TIME
16137,S82_SL4_TP12,USDE/USDT,2026-07-30T07:00:00+00:00,2026-07-31T07:00:00+00:00,1.001,1.0006,1.0020009999999997,0.9995993999999999,99.80029960049943,100.0,0.1,0.09976031960047946,-0.23968039952053763,-0.4394407191210171,-0.4394407191210171,TIME
16432,S82_SL4_TP15,USDE/USDT,2026-07-30T07:00:00+00:00,2026-07-31T07:00:00+00:00,1.001,1.0006,1.0020009999999997,0.9995993999999999,99.80029960049943,100.0,0.1,0.09976031960047946,-0.23968039952053763,-0.4394407191210171,-0.4394407191210171,TIME
16724,S82_SL5_TP8,USDE/USDT,2026-07-30T07:00:00+00:00,2026-07-31T07:00:00+00:00,1.001,1.0006,1.0020009999999997,0.9995993999999999,99.80029960049943,100.0,0.1,0.09976031960047946,-0.23968039952053763,-0.4394407191210171,-0.4394407191210171,TIME
17025,S82_SL5_TP10,USDE/USDT,2026-07-30T07:00:00+00:00,2026-07-31T07:00:00+00:00,1.001,1.0006,1.0020009999999997,0.9995993999999999,99.80029960049943,100.0,0.1,0.09976031960047946,-0.23968039952053763,-0.4394407191210171,-0.4394407191210171,TIME
117,S72_SL4_TP8,BCH/USDT,2026-07-30T14:00:00+00:00,2026-07-31T09:00:00+00:00,218.7,209.95199999999997,218.91869999999997,209.74204799999998,0.4567905802473704,100.0,0.1,0.0958081918081918,-4.191808191808188,-4.387616383616379,-4.387616383616379,STOP
1630,S72_SL5_TP8,BCH/USDT,2026-07-30T16:00:00+00:00,2026-07-31T09:00:00+00:00,220.4,209.38,220.6204,209.17061999999999,0.45326724092604315,100.0,0.1,0.09481018981018981,-5.189810189810192,-5.384620379620381,-5.384620379620381,STOP
2000,S72_SL5_TP10,BCH/USDT,2026-07-30T16:00:00+00:00,2026-07-31T09:00:00+00:00,220.4,209.38,220.6204,209.17061999999999,0.45326724092604315,100.0,0.1,0.09481018981018981,-5.189810189810192,-5.384620379620381,-5.384620379620381,STOP
17314,S82_SL5_TP12,HOME/USDT,2026-07-31T07:00:00+00:00,2026-07-31T11:00:00+00:00,0.00556,0.005281999999999999,0.005565559999999999,0.005276718,17967.643866924445,100.0,0.1,0.09481018981018982,-5.189810189810177,-5.384620379620366,-5.384620379620366,STOP
17601,S82_SL5_TP15,HOME/USDT,2026-07-31T07:00:00+00:00,2026-07-31T11:00:00+00:00,0.00556,0.005281999999999999,0.005565559999999999,0.005276718,17967.643866924445,100.0,0.1,0.09481018981018982,-5.189810189810177,-5.384620379620366,-5.384620379620366,STOP
19574,S85_SL4_TP12,HOME/USDT,2026-07-31T07:00:00+00:00,2026-07-31T11:00:00+00:00,0.00556,0.0053376,0.005565559999999999,0.005332262399999999,17967.643866924445,100.0,0.1,0.0958081918081918,-4.191808191808187,-4.387616383616378,-4.387616383616378,STOP
20120,S85_SL5_TP8,HOME/USDT,2026-07-31T07:00:00+00:00,2026-07-31T11:00:00+00:00,0.00556,0.005281999999999999,0.005565559999999999,0.005276718,17967.643866924445,100.0,0.1,0.09481018981018982,-5.189810189810177,-5.384620379620366,-5.384620379620366,STOP
20400,S85_SL5_TP10,HOME/USDT,2026-07-31T07:00:00+00:00,2026-07-31T11:00:00+00:00,0.00556,0.005281999999999999,0.005565559999999999,0.005276718,17967.643866924445,100.0,0.1,0.09481018981018982,-5.189810189810177,-5.384620379620366,-5.384620379620366,STOP
20674,S85_SL5_TP12,HOME/USDT,2026-07-31T07:00:00+00:00,2026-07-31T11:00:00+00:00,0.00556,0.005281999999999999,0.005565559999999999,0.005276718,17967.643866924445,100.0,0.1,0.09481018981018982,-5.189810189810177,-5.384620379620366,-5.384620379620366,STOP
517,S72_SL4_TP10,PAXG/USDT,2026-07-30T14:00:00+00:00,2026-07-31T14:00:00+00:00,4096.71,4049.69,4100.80671,4045.64031,0.024385445857798064,100.0,0.1,0.09865474273963037,-1.3452572603696216,-1.5439120031092521,-1.5439120031092521,TIME
27917,CD24_E1_P15,MSTRB/USDT,2026-07-31T11:00:00+00:00,2026-07-31T14:00:00+00:00,96.25,91.4375,96.34624999999998,91.3460625,1.037923115845194,100.0,0.1,0.09481018981018985,-5.189810189810172,-5.384620379620361,-5.384620379620361,STOP
29174,CD24_E2_P15,MSTRB/USDT,2026-07-31T11:00:00+00:00,2026-07-31T14:00:00+00:00,96.25,91.4375,96.34624999999998,91.3460625,1.037923115845194,100.0,0.1,0.09481018981018985,-5.189810189810172,-5.384620379620361,-5.384620379620361,STOP
130,S72_SL4_TP8,ALPINE/USDT,2026-07-31T09:00:00+00:00,2026-08-01T09:00:00+00:00,0.318,0.321,0.318318,0.320679,314.15125754748397,100.0,0.1,0.10074171111906961,0.7417111190696103,0.5409694079505407,0.5409694079505407,TIME
1642,S72_SL5_TP8,BMT/USDT,2026-07-31T09:00:00+00:00,2026-08-01T09:00:00+00:00,0.0115,0.0118,0.0115115,0.0117882,8686.96520870434,100.0,0.1,0.1024036832732485,2.4036832732485016,2.201279589975253,2.201279589975253,TIME
2011,S72_SL5_TP10,BMT/USDT,2026-07-31T09:00:00+00:00,2026-08-01T09:00:00+00:00,0.0115,0.0118,0.0115115,0.0117882,8686.96520870434,100.0,0.1,0.1024036832732485,2.4036832732485016,2.201279589975253,2.201279589975253,TIME
5181,S75_SL4_TP12,TUT/USDT,2026-07-31T14:00:00+00:00,2026-08-01T09:00:00+00:00,0.01518,0.017001600000000002,0.015195179999999999,0.016984598400000002,6581.034249018439,100.0,0.1,0.1117762237762238,11.776223776223796,11.564447552447573,11.564447552447573,TARGET
132,S72_SL4_TP8,USD1/USDT,2026-07-31T11:00:00+00:00,2026-08-01T11:00:00+00:00,1.00003,0.99989,1.00103003,0.9988901099999999,99.8971029870103,100.0,0.1,0.09978622819137604,-0.21377180862395928,-0.4135580368153353,-0.4135580368153353,TIME
900,S72_SL4_TP12,ALPINE/USDT,2026-07-31T11:00:00+00:00,2026-08-01T11:00:00+00:00,0.319,0.321,0.31931899999999996,0.320679,313.1664573670844,100.0,0.1,0.10042590638201924,0.42590638201924347,0.22548047563722423,0.22548047563722423,TIME
2012,S72_SL5_TP10,USD1/USDT,2026-07-31T11:00:00+00:00,2026-08-01T11:00:00+00:00,1.00003,0.99989,1.00103003,0.9988901099999999,99.8971029870103,100.0,0.1,0.09978622819137604,-0.21377180862395928,-0.4135580368153353,-0.4135580368153353,TIME
2373,S72_SL5_TP12,USD1/USDT,2026-07-31T11:00:00+00:00,2026-08-01T11:00:00+00:00,1.00003,0.99989,1.00103003,0.9988901099999999,99.8971029870103,100.0,0.1,0.09978622819137604,-0.21377180862395928,-0.4135580368153353,-0.4135580368153353,TIME
1644,S72_SL5_TP8,HOME/USDT,2026-08-01T09:00:00+00:00,2026-08-01T12:00:00+00:00,0.00591,0.006382800000000001,0.00591591,0.006376417200000001,16903.57020306259,100.0,0.1,0.1077842157842158,7.784215784215797,7.576431568431581,7.576431568431581,TARGET
3081,S72_SL6_TP8,HOME/USDT,2026-08-01T09:00:00+00:00,2026-08-01T12:00:00+00:00,0.00591,0.006382800000000001,0.00591591,0.006376417200000001,16903.57020306259,100.0,0.1,0.1077842157842158,7.784215784215797,7.576431568431581,7.576431568431581,TARGET
531,S72_SL4_TP10,USD1/USDT,2026-07-31T14:00:00+00:00,2026-08-01T14:00:00+00:00,1.00007,0.99994,1.00107007,0.99894006,99.89310738258312,100.0,0.1,0.09978722668234404,-0.21277331765596633,-0.41256054433831035,-0.41256054433831035,TIME
903,S72_SL4_TP12,EURI/USDT,2026-07-31T14:00:00+00:00,2026-08-01T14:00:00+00:00,1.1512,1.1526,1.1523511999999998,1.1514474000000001,86.77909998271362,100.0,0.1,0.09992156904943565,-0.07843095056434854,-0.2783525196137842,-0.2783525196137842,TIME
1278,S72_SL4_TP15,TUT/USDT,2026-08-01T12:00:00+00:00,2026-08-01T15:00:00+00:00,0.01815,0.017424,0.018168149999999997,0.017406576,5504.137735542695,100.0,0.1,0.09580819180819182,-4.191808191808178,-4.387616383616369,-4.387616383616369,STOP
4152,S72_SL6_TP15,HOME/USDT,2026-08-01T11:00:00+00:00,2026-08-01T16:00:00+00:00,0.0062,0.005828,0.006206199999999999,0.005822172,16112.919338725791,100.0,0.1,0.09381218781218782,-6.187812187812185,-6.381624375624372,-6.381624375624371,STOP
24474,CD6_E2_P15,KAITO/USDT,2026-08-01T12:00:00+00:00,2026-08-01T17:00:00+00:00,1.1065,1.2171500000000002,1.1076065,1.2159328500000002,90.2847717126976,100.0,0.1,0.1097802197802198,9.780219780219802,9.570439560439583,9.570439560439583,TARGET
2021,S72_SL5_TP10,MUBARAK/USDT,2026-08-01T09:00:00+00:00,2026-08-01T19:00:00+00:00,0.01303,0.012378499999999999,0.013043029999999999,0.012366121499999999,7666.930153499609,100.0,0.1,0.09481018981018981,-5.189810189810191,-5.38462037962038,-5.38462037962038,STOP
3088,S72_SL6_TP8,MUBARAK/USDT,2026-08-01T09:00:00+00:00,2026-08-01T19:00:00+00:00,0.01303,0.012248199999999999,0.013043029999999999,0.012235951799999999,7666.930153499609,100.0,0.1,0.09381218781218782,-6.18781218781219,-6.381624375624377,-6.381624375624377,STOP
2022,S72_SL5_TP10,HEI/USDT,2026-08-01T19:00:00+00:00,2026-08-01T21:00:00+00:00,0.0961,0.091295,0.09619609999999999,0.091203705,1039.5431831435994,100.0,0.1,0.09481018981018981,-5.189810189810187,-5.384620379620376,-5.384620379620376,STOP
2737,S72_SL5_TP15,HEI/USDT,2026-08-01T19:00:00+00:00,2026-08-01T21:00:00+00:00,0.0961,0.091295,0.09619609999999999,0.091203705,1039.5431831435994,100.0,0.1,0.09481018981018981,-5.189810189810187,-5.384620379620376,-5.384620379620376,STOP
5191,S75_SL4_TP12,HEI/USDT,2026-08-01T21:00:00+00:00,2026-08-02T01:00:00+00:00,0.0888,0.085248,0.08888879999999999,0.08516275200000001,1125.001125001125,100.0,0.1,0.09580819180819182,-4.191808191808171,-4.387616383616362,-4.387616383616362,STOP
5540,S75_SL4_TP15,HEI/USDT,2026-08-01T21:00:00+00:00,2026-08-02T01:00:00+00:00,0.0888,0.085248,0.08888879999999999,0.08516275200000001,1125.001125001125,100.0,0.1,0.09580819180819182,-4.191808191808171,-4.387616383616362,-4.387616383616362,STOP
2383,S72_SL5_TP12,GIGGLE/USDT,2026-08-02T01:00:00+00:00,2026-08-02T04:00:00+00:00,43.4,41.23,43.4434,41.18877,2.3018456198179704,100.0,0.1,0.09481018981018982,-5.189810189810188,-5.384620379620377,-5.384620379620377,STOP
22801,CD6_E1_P10,GIGGLE/USDT,2026-08-02T01:00:00+00:00,2026-08-02T04:00:00+00:00,43.4,41.23,43.4434,41.18877,2.3018456198179704,100.0,0.1,0.09481018981018982,-5.189810189810188,-5.384620379620377,-5.384620379620377,STOP
10042,S78_SL5_TP10,KAITO/USDT,2026-08-01T17:00:00+00:00,2026-08-02T06:00:00+00:00,1.2278,1.16641,1.2290278,1.16524359,81.36512453176405,100.0,0.1,0.09481018981018981,-5.189810189810181,-5.384620379620371,-5.384620379620371,STOP
142,S72_SL4_TP8,POL/USDT,2026-08-01T11:00:00+00:00,2026-08-02T11:00:00+00:00,0.07256,0.07252,0.07263255999999998,0.07244748,1376.7929975206714,100.0,0.1,0.09974518315201888,-0.2548168479811124,-0.4545620311331313,-0.4545620311331313,TIME
143,S72_SL4_TP8,BICO/USDT,2026-08-01T11:00:00+00:00,2026-08-02T11:00:00+00:00,0.01199,0.0119,0.012001989999999999,0.0118881,8331.951618023346,100.0,0.1,0.09905107403022335,-0.9489259697766659,-1.1479770438068893,-1.1479770438068893,TIME
539,S72_SL4_TP10,BICO/USDT,2026-08-01T11:00:00+00:00,2026-08-02T11:00:00+00:00,0.01199,0.0119,0.012001989999999999,0.0118881,8331.951618023346,100.0,0.1,0.09905107403022335,-0.9489259697766659,-1.1479770438068893,-1.1479770438068893,TIME
3807,S72_SL6_TP12,PUMP/USDT,2026-08-02T04:00:00+00:00,2026-08-02T12:00:00+00:00,0.002274,0.0021375599999999997,0.0022762739999999996,0.0021354224399999996,43931.4423483289,100.0,0.1,0.09381218781218782,-6.1878121878121854,-6.381624375624373,-6.381624375624373,STOP
4493,S75_SL4_TP8,KAITO/USDT,2026-08-01T14:00:00+00:00,2026-08-02T13:00:00+00:00,1.1629,1.116384,1.1640629,1.1152676160000001,85.9060107490755,100.0,0.1,0.09580819180819182,-4.191808191808182,-4.387616383616373,-4.387616383616373,STOP
4852,S75_SL4_TP10,KAITO/USDT,2026-08-01T14:00:00+00:00,2026-08-02T13:00:00+00:00,1.1629,1.116384,1.1640629,1.1152676160000001,85.9060107490755,100.0,0.1,0.09580819180819182,-4.191808191808182,-4.387616383616373,-4.387616383616373,STOP
146,S72_SL4_TP8,KAITO/USDT,2026-08-01T16:00:00+00:00,2026-08-02T13:00:00+00:00,1.1497,1.1037119999999998,1.1508496999999998,1.1026082879999999,86.8923196486909,100.0,0.1,0.09580819180819182,-4.191808191808182,-4.387616383616373,-4.387616383616373,STOP
1289,S72_SL4_TP15,PEPE/USDT,2026-08-01T15:00:00+00:00,2026-08-02T15:00:00+00:00,2.8e-06,2.9e-06,2.8027999999999997e-06,2.8971e-06,35678607.10717854,100.0,0.1,0.10336449265020696,3.3644926502069548,3.161128157556748,3.1611281575567483,TIME
12051,S80_SL4_TP8,PORTAL/USDT,2026-08-02T04:00:00+00:00,2026-08-02T15:00:00+00:00,0.00999,0.0107892,0.00999999,0.0107784108,10000.01000001,100.0,0.1,0.10778421578421579,7.784215784215788,7.576431568431572,7.576431568431572,TARGET
5548,S75_SL4_TP15,GIGGLE/USDT,2026-08-02T12:00:00+00:00,2026-08-02T15:00:00+00:00,44.38,42.6048,44.42438,42.5621952,2.251016221273094,100.0,0.1,0.0958081918081918,-4.191808191808195,-4.387616383616386,-4.387616383616386,STOP
148,S72_SL4_TP8,GIGGLE/USDT,2026-08-02T13:00:00+00:00,2026-08-02T15:00:00+00:00,44.4,42.623999999999995,44.444399999999995,42.58137599999999,2.2500022500022503,100.0,0.1,0.0958081918081918,-4.191808191808199,-4.38761638361639,-4.38761638361639,STOP
13259,S80_SL5_TP8,GIGGLE/USDT,2026-08-02T13:00:00+00:00,2026-08-02T15:00:00+00:00,44.4,42.18,44.444399999999995,42.13782,2.2500022500022503,100.0,0.1,0.09481018981018981,-5.189810189810183,-5.384620379620372,-5.384620379620372,STOP
27953,CD24_E1_P15,HOME/USDT,2026-08-02T11:00:00+00:00,2026-08-02T17:00:00+00:00,0.00784,0.008624,0.007847839999999998,0.008615376,12742.359681135194,100.0,0.1,0.1097802197802198,9.780219780219795,9.570439560439576,9.570439560439576,TARGET
29210,CD24_E2_P15,HOME/USDT,2026-08-02T11:00:00+00:00,2026-08-02T17:00:00+00:00,0.00784,0.008624,0.007847839999999998,0.008615376,12742.359681135194,100.0,0.1,0.1097802197802198,9.780219780219795,9.570439560439576,9.570439560439576,TARGET
12054,S80_SL4_TP8,GIGGLE/USDT,2026-08-02T11:00:00+00:00,2026-08-02T18:00:00+00:00,43.86,42.105599999999995,43.903859999999995,42.063494399999996,2.277704056089829,100.0,0.1,0.0958081918081918,-4.191808191808189,-4.38761638361638,-4.38761638361638,STOP
5889,S75_SL5_TP8,BICO/USDT,2026-08-02T15:00:00+00:00,2026-08-02T18:00:00+00:00,0.01213,0.013100400000000002,0.01214213,0.013087299600000001,8235.787295968665,100.0,0.1,0.1077842157842158,7.7842157842158,7.576431568431585,7.576431568431586,TARGET
7253,S75_SL6_TP8,BICO/USDT,2026-08-02T15:00:00+00:00,2026-08-02T18:00:00+00:00,0.01213,0.013100400000000002,0.01214213,0.013087299600000001,8235.787295968665,100.0,0.1,0.1077842157842158,7.7842157842158,7.576431568431585,7.576431568431586,TARGET
19036,S85_SL4_TP8,BICO/USDT,2026-08-02T15:00:00+00:00,2026-08-02T18:00:00+00:00,0.01213,0.013100400000000002,0.01214213,0.013087299600000001,8235.787295968665,100.0,0.1,0.1077842157842158,7.7842157842158,7.576431568431585,7.576431568431586,TARGET
20144,S85_SL5_TP8,BICO/USDT,2026-08-02T15:00:00+00:00,2026-08-02T18:00:00+00:00,0.01213,0.013100400000000002,0.01214213,0.013087299600000001,8235.787295968665,100.0,0.1,0.1077842157842158,7.7842157842158,7.576431568431585,7.576431568431586,TARGET
21227,S85_SL6_TP8,BICO/USDT,2026-08-02T15:00:00+00:00,2026-08-02T18:00:00+00:00,0.01213,0.013100400000000002,0.01214213,0.013087299600000001,8235.787295968665,100.0,0.1,0.1077842157842158,7.7842157842158,7.576431568431585,7.576431568431586,TARGET
152,S72_SL4_TP8,EDEN/USDT,2026-08-02T13:00:00+00:00,2026-08-02T20:00:00+00:00,0.03917,0.042303600000000004,0.03920917,0.0422612964,2550.4237911692594,100.0,0.1,0.10778421578421578,7.784215784215785,7.57643156843157,7.57643156843157,TARGET
154,S72_SL4_TP8,FDUSD/USDT,2026-08-02T06:00:00+00:00,2026-08-03T06:00:00+00:00,0.9982,0.9979,0.9991981999999998,0.9969021,100.08024433991176,100.0,0.1,0.09977020575097115,-0.22979424902885148,-0.42956445477982264,-0.42956445477982264,TIME
551,S72_SL4_TP10,TUT/USDT,2026-08-02T20:00:00+00:00,2026-08-03T07:00:00+00:00,0.01766,0.019426,0.017677659999999998,0.019406574,5656.857298986405,100.0,0.1,0.1097802197802198,9.78021978021979,9.57043956043957,9.57043956043957,TARGET
1667,S72_SL5_TP8,GIGGLE/USDT,2026-08-03T06:00:00+00:00,2026-08-03T07:00:00+00:00,45.49,43.2155,45.535489999999996,43.172284499999996,2.1960892481886107,100.0,0.1,0.0948101898101898,-5.1898101898101885,-5.384620379620378,-5.384620379620378,STOP
155,S72_SL4_TP8,SKHYB/USDT,2026-08-02T17:00:00+00:00,2026-08-03T09:00:00+00:00,148.35,142.416,148.49835,142.273584,0.6734081557135148,100.0,0.1,0.09580819180819182,-4.191808191808184,-4.3876163836163755,-4.3876163836163755,STOP
552,S72_SL4_TP10,SKHYB/USDT,2026-08-02T17:00:00+00:00,2026-08-03T09:00:00+00:00,148.35,142.416,148.49835,142.273584,0.6734081557135148,100.0,0.1,0.09580819180819182,-4.191808191808184,-4.3876163836163755,-4.3876163836163755,STOP
8561,S78_SL4_TP8,BICO/USDT,2026-08-03T09:00:00+00:00,2026-08-03T11:00:00+00:00,0.01649,0.0178092,0.01650649,0.0177913908,6058.223159496659,100.0,0.1,0.10778421578421579,7.784215784215799,7.576431568431583,7.576431568431582,TARGET
12062,S80_SL4_TP8,BICO/USDT,2026-08-03T09:00:00+00:00,2026-08-03T11:00:00+00:00,0.01649,0.0178092,0.01650649,0.0177913908,6058.223159496659,100.0,0.1,0.10778421578421579,7.784215784215799,7.576431568431583,7.576431568431582,TARGET
158,S72_SL4_TP8,ALLO/USDT,2026-08-03T11:00:00+00:00,2026-08-03T12:00:00+00:00,0.292,0.28031999999999996,0.29229199999999994,0.28003967999999996,342.1236297948627,100.0,0.1,0.0958081918081918,-4.191808191808187,-4.387616383616378,-4.387616383616378,STOP
555,S72_SL4_TP10,ALLO/USDT,2026-08-03T11:00:00+00:00,2026-08-03T12:00:00+00:00,0.292,0.28031999999999996,0.29229199999999994,0.28003967999999996,342.1236297948627,100.0,0.1,0.0958081918081918,-4.191808191808187,-4.387616383616378,-4.387616383616378,STOP
6245,S75_SL5_TP10,GIGGLE/USDT,2026-08-03T07:00:00+00:00,2026-08-03T15:00:00+00:00,43.21,41.0495,43.253209999999996,41.0084505,2.311967134924784,100.0,0.1,0.09481018981018982,-5.189810189810175,-5.384620379620364,-5.384620379620364,STOP
13578,S80_SL5_TP10,GIGGLE/USDT,2026-08-03T07:00:00+00:00,2026-08-03T15:00:00+00:00,43.21,41.0495,43.253209999999996,41.0084505,2.311967134924784,100.0,0.1,0.09481018981018982,-5.189810189810175,-5.384620379620364,-5.384620379620364,STOP
24516,CD6_E2_P15,GPS/USDT,2026-08-03T15:00:00+00:00,2026-08-03T17:00:00+00:00,0.00995,0.0094525,0.009959949999999999,0.009443047500000001,10040.211045236172,100.0,0.1,0.09481018981018982,-5.189810189810167,-5.3846203796203564,-5.3846203796203564,STOP
27975,CD24_E1_P15,GPS/USDT,2026-08-03T15:00:00+00:00,2026-08-03T17:00:00+00:00,0.00995,0.0094525,0.009959949999999999,0.009443047500000001,10040.211045236172,100.0,0.1,0.09481018981018982,-5.189810189810167,-5.3846203796203564,-5.3846203796203564,STOP
165,S72_SL4_TP8,NEAR/USDT,2026-08-02T18:00:00+00:00,2026-08-03T18:00:00+00:00,1.71,1.747,1.7117099999999998,1.7452530000000002,58.42111105269001,100.0,0.1,0.1019596193280404,1.9596193280403997,1.7576597087123593,1.7576597087123593,TIME
562,S72_SL4_TP10,NEAR/USDT,2026-08-02T18:00:00+00:00,2026-08-03T18:00:00+00:00,1.71,1.747,1.7117099999999998,1.7452530000000002,58.42111105269001,100.0,0.1,0.1019596193280404,1.9596193280403997,1.7576597087123593,1.7576597087123593,TIME
563,S72_SL4_TP10,ZEC/USDT,2026-08-02T18:00:00+00:00,2026-08-03T18:00:00+00:00,474.85,487.68,475.32484999999997,487.19232,0.2103824363485309,100.0,0.1,0.1024967072518931,2.4967072518931053,2.294210544641212,2.294210544641212,TIME
933,S72_SL4_TP12,ZEC/USDT,2026-08-02T18:00:00+00:00,2026-08-03T18:00:00+00:00,474.85,487.68,475.32484999999997,487.19232,0.2103824363485309,100.0,0.1,0.1024967072518931,2.4967072518931053,2.294210544641212,2.294210544641212,TIME
1304,S72_SL4_TP15,NEAR/USDT,2026-08-02T18:00:00+00:00,2026-08-03T18:00:00+00:00,1.71,1.747,1.7117099999999998,1.7452530000000002,58.42111105269001,100.0,0.1,0.1019596193280404,1.9596193280403997,1.7576597087123593,1.7576597087123593,TIME
1674,S72_SL5_TP8,ZEC/USDT,2026-08-02T18:00:00+00:00,2026-08-03T18:00:00+00:00,474.85,487.68,475.32484999999997,487.19232,0.2103824363485309,100.0,0.1,0.1024967072518931,2.4967072518931053,2.294210544641212,2.294210544641212,TIME
564,S72_SL4_TP10,PUMP/USDT,2026-08-03T17:00:00+00:00,2026-08-03T22:00:00+00:00,0.002219,0.00213024,0.002221219,0.00212810976,45020.32442546188,100.0,0.1,0.0958081918081918,-4.1918081918081915,-4.387616383616383,-4.387616383616383,STOP
934,S72_SL4_TP12,PUMP/USDT,2026-08-03T17:00:00+00:00,2026-08-03T22:00:00+00:00,0.002219,0.00213024,0.002221219,0.00212810976,45020.32442546188,100.0,0.1,0.0958081918081918,-4.1918081918081915,-4.387616383616383,-4.387616383616383,STOP
168,S72_SL4_TP8,PUMP/USDT,2026-08-03T18:00:00+00:00,2026-08-03T22:00:00+00:00,0.002216,0.00212736,0.002218216,0.00212523264,45081.272518095626,100.0,0.1,0.0958081918081918,-4.191808191808188,-4.387616383616379,-4.387616383616379,STOP
1306,S72_SL4_TP15,PUMP/USDT,2026-08-03T18:00:00+00:00,2026-08-03T22:00:00+00:00,0.002216,0.00212736,0.002218216,0.00212523264,45081.272518095626,100.0,0.1,0.0958081918081918,-4.191808191808188,-4.387616383616379,-4.387616383616379,STOP
4511,S75_SL4_TP8,PUMP/USDT,2026-08-03T18:00:00+00:00,2026-08-03T22:00:00+00:00,0.002216,0.00212736,0.002218216,0.00212523264,45081.272518095626,100.0,0.1,0.0958081918081918,-4.191808191808188,-4.387616383616379,-4.387616383616379,STOP
8569,S78_SL4_TP8,PUMP/USDT,2026-08-03T18:00:00+00:00,2026-08-03T22:00:00+00:00,0.002216,0.00212736,0.002218216,0.00212523264,45081.272518095626,100.0,0.1,0.0958081918081918,-4.191808191808188,-4.387616383616379,-4.387616383616379,STOP
12071,S80_SL4_TP8,PUMP/USDT,2026-08-03T18:00:00+00:00,2026-08-03T22:00:00+00:00,0.002216,0.00212736,0.002218216,0.00212523264,45081.272518095626,100.0,0.1,0.0958081918081918,-4.191808191808188,-4.387616383616379,-4.387616383616379,STOP
12384,S80_SL4_TP10,PUMP/USDT,2026-08-03T18:00:00+00:00,2026-08-03T22:00:00+00:00,0.002216,0.00212736,0.002218216,0.00212523264,45081.272518095626,100.0,0.1,0.0958081918081918,-4.191808191808188,-4.387616383616379,-4.387616383616379,STOP
11222,S78_SL6_TP10,GRAM/USDT,2026-08-03T22:00:00+00:00,2026-08-04T00:00:00+00:00,1.414,1.32916,1.4154139999999997,1.3278308399999998,70.65070714292781,100.0,0.1,0.09381218781218784,-6.187812187812181,-6.3816243756243685,-6.3816243756243685,STOP
14155,S80_SL5_TP15,HOME/USDT,2026-08-04T00:00:00+00:00,2026-08-04T03:00:00+00:00,0.00794,0.0075429999999999985,0.007947939999999999,0.007535456999999999,12581.87656172543,100.0,0.1,0.09481018981018981,-5.18981018981019,-5.3846203796203795,-5.3846203796203795,STOP
171,S72_SL4_TP8,ADA/USDT,2026-08-03T12:00:00+00:00,2026-08-04T12:00:00+00:00,0.1891,0.1949,0.18928909999999996,0.1947051,528.2924373352719,100.0,0.1,0.10286123184060784,2.861231840607849,2.658370608767241,2.658370608767241,TIME
569,S72_SL4_TP10,ADA/USDT,2026-08-03T12:00:00+00:00,2026-08-04T12:00:00+00:00,0.1891,0.1949,0.18928909999999996,0.1947051,528.2924373352719,100.0,0.1,0.10286123184060784,2.861231840607849,2.658370608767241,2.658370608767241,TIME
12698,S80_SL4_TP12,PUMP/USDT,2026-08-04T03:00:00+00:00,2026-08-04T20:00:00+00:00,0.002187,0.00244944,0.002189187,0.0024469905600000004,45679.05802473704,100.0,0.1,0.1117762237762238,11.776223776223794,11.564447552447572,11.564447552447572,TARGET
179,S72_SL4_TP8,EWYB/USDT,2026-08-03T22:00:00+00:00,2026-08-04T22:00:00+00:00,162.57,169.92,162.73256999999998,169.75008,0.6145051356344954,100.0,0.1,0.10431229593436644,4.312295934366437,4.107983638432072,4.107983638432072,TIME
575,S72_SL4_TP10,EWYB/USDT,2026-08-03T22:00:00+00:00,2026-08-04T22:00:00+00:00,162.57,169.92,162.73256999999998,169.75008,0.6145051356344954,100.0,0.1,0.10431229593436644,4.312295934366437,4.107983638432072,4.107983638432072,TIME
944,S72_SL4_TP12,EWYB/USDT,2026-08-03T22:00:00+00:00,2026-08-04T22:00:00+00:00,162.57,169.92,162.73256999999998,169.75008,0.6145051356344954,100.0,0.1,0.10431229593436644,4.312295934366437,4.107983638432072,4.107983638432072,TIME
1317,S72_SL4_TP15,EWYB/USDT,2026-08-03T22:00:00+00:00,2026-08-04T22:00:00+00:00,162.57,169.92,162.73256999999998,169.75008,0.6145051356344954,100.0,0.1,0.10431229593436644,4.312295934366437,4.107983638432072,4.107983638432072,TIME
4523,S75_SL4_TP8,EWYB/USDT,2026-08-03T22:00:00+00:00,2026-08-04T22:00:00+00:00,162.57,169.92,162.73256999999998,169.75008,0.6145051356344954,100.0,0.1,0.10431229593436644,4.312295934366437,4.107983638432072,4.107983638432072,TIME
4881,S75_SL4_TP10,EWYB/USDT,2026-08-03T22:00:00+00:00,2026-08-04T22:00:00+00:00,162.57,169.92,162.73256999999998,169.75008,0.6145051356344954,100.0,0.1,0.10431229593436644,4.312295934366437,4.107983638432072,4.107983638432072,TIME
5574,S75_SL4_TP15,EWYB/USDT,2026-08-03T22:00:00+00:00,2026-08-04T22:00:00+00:00,162.57,169.92,162.73256999999998,169.75008,0.6145051356344954,100.0,0.1,0.10431229593436644,4.312295934366437,4.107983638432072,4.107983638432072,TIME
13292,S80_SL5_TP8,ACE/USDT,2026-08-04T20:00:00+00:00,2026-08-05T03:00:00+00:00,0.0718,0.077544,0.0718718,0.077466456,1391.3662938732577,100.0,0.1,0.10778421578421579,7.78421578421579,7.576431568431574,7.576431568431574,TARGET
15586,S82_SL4_TP8,SOXLB/USDT,2026-08-04T12:00:00+00:00,2026-08-05T05:00:00+00:00,131.4,141.912,131.5314,141.77008800000002,0.7602747328774726,100.0,0.1,0.10778421578421579,7.784215784215803,7.5764315684315875,7.576431568431588,TARGET
2773,S72_SL5_TP15,BICO/USDT,2026-08-05T03:00:00+00:00,2026-08-05T05:00:00+00:00,0.0226,0.025989999999999996,0.022622599999999996,0.025964009999999996,4420.358402659288,100.0,0.1,0.11477022977022977,14.77022977022977,14.555459540459541,14.555459540459543,TARGET
13882,S80_SL5_TP12,TUT/USDT,2026-08-05T05:00:00+00:00,2026-08-05T07:00:00+00:00,0.02561,0.0243295,0.02563561,0.0243051705,3900.8238930144435,100.0,0.1,0.09481018981018981,-5.189810189810186,-5.384620379620375,-5.384620379620375,STOP
579,S72_SL4_TP10,BICO/USDT,2026-08-05T07:00:00+00:00,2026-08-05T09:00:00+00:00,0.02482,0.023827199999999996,0.024844819999999997,0.023803372799999997,4024.9838799395616,100.0,0.1,0.0958081918081918,-4.191808191808193,-4.387616383616384,-4.387616383616384,STOP
182,S72_SL4_TP8,PORTAL/USDT,2026-08-04T12:00:00+00:00,2026-08-05T12:00:00+00:00,0.01056,0.01085,0.010570559999999998,0.01083915,9460.236732964007,100.0,0.1,0.10254092498410683,2.540924984106827,2.33838405912272,2.33838405912272,TIME
4892,S75_SL4_TP10,FET/USDT,2026-08-05T05:00:00+00:00,2026-08-05T19:00:00+00:00,0.1517,0.14563199999999998,0.15185169999999998,0.14548636799999998,658.5372439030976,100.0,0.1,0.0958081918081918,-4.191808191808193,-4.387616383616384,-4.387616383616384,STOP
194,S72_SL4_TP8,DOT/USDT,2026-08-04T22:00:00+00:00,2026-08-05T22:00:00+00:00,0.866,0.843,0.8668659999999999,0.8421569999999999,115.35808302551952,100.0,0.1,0.09714961712652243,-2.85038287347756,-3.047532490604082,-3.047532490604082,TIME
589,S72_SL4_TP10,BMT/USDT,2026-08-04T22:00:00+00:00,2026-08-05T22:00:00+00:00,0.01243,0.0123,0.012442429999999999,0.0122877,8037.015277562342,100.0,0.1,0.0987564326261028,-1.2435673738972113,-1.4423238065233142,-1.4423238065233142,TIME
957,S72_SL4_TP12,MUBARAK/USDT,2026-08-04T22:00:00+00:00,2026-08-05T22:00:00+00:00,0.01343,0.01357,0.013443429999999998,0.013556430000000001,7438.577803432608,100.0,0.1,0.10084055929178791,0.8405592917879123,0.6397187324961244,0.6397187324961244,TIME
1330,S72_SL4_TP15,MUBARAK/USDT,2026-08-04T22:00:00+00:00,2026-08-05T22:00:00+00:00,0.01343,0.01357,0.013443429999999998,0.013556430000000001,7438.577803432608,100.0,0.1,0.10084055929178791,0.8405592917879123,0.6397187324961244,0.6397187324961244,TIME
4537,S75_SL4_TP8,BMT/USDT,2026-08-04T22:00:00+00:00,2026-08-05T22:00:00+00:00,0.01243,0.0123,0.012442429999999999,0.0122877,8037.015277562342,100.0,0.1,0.0987564326261028,-1.2435673738972113,-1.4423238065233142,-1.4423238065233142,TIME
4893,S75_SL4_TP10,MUBARAK/USDT,2026-08-04T22:00:00+00:00,2026-08-05T22:00:00+00:00,0.01343,0.01357,0.013443429999999998,0.013556430000000001,7438.577803432608,100.0,0.1,0.10084055929178791,0.8405592917879123,0.6397187324961244,0.6397187324961244,TIME
5585,S75_SL4_TP15,DOT/USDT,2026-08-04T22:00:00+00:00,2026-08-05T22:00:00+00:00,0.866,0.843,0.8668659999999999,0.8421569999999999,115.35808302551952,100.0,0.1,0.09714961712652243,-2.85038287347756,-3.047532490604082,-3.047532490604082,TIME
5587,S75_SL4_TP15,HEI/USDT,2026-08-05T19:00:00+00:00,2026-08-06T00:00:00+00:00,0.2703,0.259488,0.27057029999999993,0.259228512,369.58971476174594,100.0,0.1,0.09580819180819183,-4.191808191808159,-4.38761638361635,-4.38761638361635,STOP
196,S72_SL4_TP8,ADA/USDT,2026-08-05T09:00:00+00:00,2026-08-06T03:00:00+00:00,0.1969,0.189024,0.19709689999999996,0.188834976,507.3646516003043,100.0,0.1,0.09580819180819182,-4.19180819180818,-4.387616383616371,-4.387616383616371,STOP
962,S72_SL4_TP12,BICO/USDT,2026-08-06T03:00:00+00:00,2026-08-06T06:00:00+00:00,0.03021,0.0290016,0.030240209999999997,0.0289725984,3306.855342605095,100.0,0.1,0.09580819180819182,-4.191808191808179,-4.38761638361637,-4.38761638361637,STOP
197,S72_SL4_TP8,EURI/USDT,2026-08-05T12:00:00+00:00,2026-08-06T12:00:00+00:00,1.1551,1.1544,1.1562550999999999,1.1532456,86.48610501263953,100.0,0.1,0.09973972006696448,-0.26027993303552893,-0.46001965310249343,-0.46001965310249343,TIME
22854,CD6_E1_P10,MUBARAK/USDT,2026-08-05T22:00:00+00:00,2026-08-06T13:00:00+00:00,0.01357,0.0128915,0.01358357,0.0128786085,7361.834922630796,100.0,0.1,0.09481018981018981,-5.189810189810192,-5.384620379620381,-5.384620379620381,STOP
23267,CD6_E1_P15,MUBARAK/USDT,2026-08-05T22:00:00+00:00,2026-08-06T13:00:00+00:00,0.01357,0.0128915,0.01358357,0.0128786085,7361.834922630796,100.0,0.1,0.09481018981018981,-5.189810189810192,-5.384620379620381,-5.384620379620381,STOP
24566,CD6_E2_P15,MUBARAK/USDT,2026-08-05T22:00:00+00:00,2026-08-06T13:00:00+00:00,0.01357,0.0128915,0.01358357,0.0128786085,7361.834922630796,100.0,0.1,0.09481018981018981,-5.189810189810192,-5.384620379620381,-5.384620379620381,STOP
198,S72_SL4_TP8,BICO/USDT,2026-08-06T12:00:00+00:00,2026-08-06T13:00:00+00:00,0.03139,0.033901200000000006,0.03142139,0.03386729880000001,3182.5453934405828,100.0,0.1,0.1077842157842158,7.784215784215807,7.576431568431591,7.576431568431591,TARGET
204,S72_SL4_TP8,PLUME/USDT,2026-08-06T13:00:00+00:00,2026-08-06T16:00:00+00:00,0.01164,0.0125712,0.011651639999999998,0.012558628799999999,8582.482809286934,100.0,0.1,0.10778421578421579,7.784215784215795,7.5764315684315795,7.5764315684315795,TARGET
7300,S75_SL6_TP8,PLUME/USDT,2026-08-06T13:00:00+00:00,2026-08-06T16:00:00+00:00,0.01164,0.0125712,0.011651639999999998,0.012558628799999999,8582.482809286934,100.0,0.1,0.10778421578421579,7.784215784215795,7.5764315684315795,7.5764315684315795,TARGET
10967,S78_SL6_TP8,PLUME/USDT,2026-08-06T13:00:00+00:00,2026-08-06T16:00:00+00:00,0.01164,0.0125712,0.011651639999999998,0.012558628799999999,8582.482809286934,100.0,0.1,0.10778421578421579,7.784215784215795,7.5764315684315795,7.5764315684315795,TARGET
13317,S80_SL5_TP8,PLUME/USDT,2026-08-06T13:00:00+00:00,2026-08-06T16:00:00+00:00,0.01164,0.0125712,0.011651639999999998,0.012558628799999999,8582.482809286934,100.0,0.1,0.10778421578421579,7.784215784215795,7.5764315684315795,7.5764315684315795,TARGET
206,S72_SL4_TP8,PORTAL/USDT,2026-08-06T16:00:00+00:00,2026-08-06T18:00:00+00:00,0.01264,0.0121344,0.012652639999999998,0.0121222656,7903.488916147146,100.0,0.1,0.09580819180819182,-4.191808191808181,-4.387616383616372,-4.387616383616372,STOP
602,S72_SL4_TP10,PORTAL/USDT,2026-08-06T16:00:00+00:00,2026-08-06T18:00:00+00:00,0.01264,0.0121344,0.012652639999999998,0.0121222656,7903.488916147146,100.0,0.1,0.09580819180819182,-4.191808191808181,-4.387616383616372,-4.387616383616372,STOP
3146,S72_SL6_TP8,PORTAL/USDT,2026-08-06T16:00:00+00:00,2026-08-06T18:00:00+00:00,0.01264,0.011881599999999999,0.012652639999999998,0.0118697184,7903.488916147146,100.0,0.1,0.09381218781218784,-6.187812187812176,-6.381624375624363,-6.381624375624363,STOP
3863,S72_SL6_TP12,PORTAL/USDT,2026-08-06T16:00:00+00:00,2026-08-06T18:00:00+00:00,0.01264,0.011881599999999999,0.012652639999999998,0.0118697184,7903.488916147146,100.0,0.1,0.09381218781218784,-6.187812187812176,-6.381624375624363,-6.381624375624363,STOP
23273,CD6_E1_P15,PLUME/USDT,2026-08-06T06:00:00+00:00,2026-08-06T20:00:00+00:00,0.01154,0.012694,0.011551539999999999,0.012681306,8656.854410753891,100.0,0.1,0.10978021978021979,9.780219780219788,9.570439560439569,9.570439560439569,TARGET
1342,S72_SL4_TP15,PORTAL/USDT,2026-08-06T18:00:00+00:00,2026-08-06T20:00:00+00:00,0.01184,0.011366399999999999,0.011851839999999999,0.011355033599999998,8437.508437508439,100.0,0.1,0.0958081918081918,-4.1918081918081995,-4.387616383616391,-4.387616383616391,STOP
5597,S75_SL4_TP15,PORTAL/USDT,2026-08-06T18:00:00+00:00,2026-08-06T20:00:00+00:00,0.01184,0.011366399999999999,0.011851839999999999,0.011355033599999998,8437.508437508439,100.0,0.1,0.0958081918081918,-4.1918081918081995,-4.387616383616391,-4.387616383616391,STOP
8610,S78_SL4_TP8,ACE/USDT,2026-08-06T18:00:00+00:00,2026-08-06T20:00:00+00:00,0.1062,0.114696,0.10630619999999999,0.11458130400000001,940.6789067806018,100.0,0.1,0.1077842157842158,7.784215784215803,7.5764315684315875,7.576431568431588,TARGET
12111,S80_SL4_TP8,ACE/USDT,2026-08-06T18:00:00+00:00,2026-08-06T20:00:00+00:00,0.1062,0.114696,0.10630619999999999,0.11458130400000001,940.6789067806018,100.0,0.1,0.1077842157842158,7.784215784215803,7.5764315684315875,7.576431568431588,TARGET
210,S72_SL4_TP8,TAO/USDT,2026-08-05T22:00:00+00:00,2026-08-06T22:00:00+00:00,197.7,192.5,197.89769999999996,192.3075,0.5053115827015676,100.0,0.1,0.09717520719038171,-2.8247928096182795,-3.0219680168086613,-3.0219680168086613,TIME
603,S72_SL4_TP10,TAO/USDT,2026-08-05T22:00:00+00:00,2026-08-06T22:00:00+00:00,197.7,192.5,197.89769999999996,192.3075,0.5053115827015676,100.0,0.1,0.09717520719038171,-2.8247928096182795,-3.0219680168086613,-3.0219680168086613,TIME
973,S72_SL4_TP12,ENA/USDT,2026-08-05T22:00:00+00:00,2026-08-06T22:00:00+00:00,0.0921,0.0928,0.09219209999999999,0.09270719999999999,1084.691638437567,100.0,0.1,0.1005587246629592,0.5587246629591955,0.35816593829623633,0.35816593829623633,TIME
1344,S72_SL4_TP15,BEL/USDT,2026-08-05T22:00:00+00:00,2026-08-06T22:00:00+00:00,0.0998,0.1027,0.09989979999999998,0.1025973,1001.0030050110212,100.0,0.1,0.10270020560601725,2.700205606017249,2.4975054004112316,2.4975054004112316,TIME
212,S72_SL4_TP8,FDUSD/USDT,2026-08-06T00:00:00+00:00,2026-08-07T00:00:00+00:00,0.9983,0.9982,0.9992982999999999,0.9972018,100.07021927286378,100.0,0.1,0.09979020278529446,-0.20979721470554236,-0.4095874174908368,-0.4095874174908368,TIME
5603,S75_SL4_TP15,ACE/USDT,2026-08-06T22:00:00+00:00,2026-08-07T01:00:00+00:00,0.1111,0.127765,0.1112111,0.127637235,899.1908181827174,100.0,0.1,0.11477022977022977,14.770229770229767,14.555459540459537,14.555459540459537,TARGET
6288,S75_SL5_TP10,ACE/USDT,2026-08-06T22:00:00+00:00,2026-08-07T01:00:00+00:00,0.1111,0.12221000000000001,0.1112111,0.12208779000000002,899.1908181827174,100.0,0.1,0.1097802197802198,9.7802197802198,9.570439560439581,9.570439560439581,TARGET
26070,CD12_E2_P7,ACE/USDT,2026-08-06T22:00:00+00:00,2026-08-07T01:00:00+00:00,0.1111,0.12221000000000001,0.1112111,0.12208779000000002,899.1908181827174,100.0,0.1,0.1097802197802198,9.7802197802198,9.570439560439581,9.570439560439581,TARGET
29715,COST_0.15,ACE/USDT,2026-08-06T22:00:00+00:00,2026-08-07T01:00:00+00:00,0.1111,0.12221000000000001,0.1112111,0.12208779000000002,899.1908181827174,100.0,0.1,0.1097802197802198,9.7802197802198,9.570439560439581,9.570439560439581,TARGET
10111,S78_SL5_TP10,ALLO/USDT,2026-08-06T20:00:00+00:00,2026-08-07T07:00:00+00:00,0.2871,0.31581000000000004,0.2873871,0.31549419,347.96273040787145,100.0,0.1,0.10978021978021979,9.78021978021978,9.57043956043956,9.57043956043956,TARGET
607,S72_SL4_TP10,CHIP/USDT,2026-08-07T00:00:00+00:00,2026-08-07T07:00:00+00:00,0.02604,0.0249984,0.02606604,0.0249734016,3836.4093663632834,100.0,0.1,0.0958081918081918,-4.191808191808185,-4.387616383616376,-4.387616383616376,STOP
11546,S78_SL6_TP12,RE/USDT,2026-08-07T01:00:00+00:00,2026-08-07T07:00:00+00:00,0.4085,0.38398999999999994,0.40890849999999995,0.38360600999999994,244.55348812753957,100.0,0.1,0.09381218781218782,-6.187812187812192,-6.381624375624379,-6.381624375624378,STOP
15049,S80_SL6_TP12,RE/USDT,2026-08-07T01:00:00+00:00,2026-08-07T07:00:00+00:00,0.4085,0.38398999999999994,0.40890849999999995,0.38360600999999994,244.55348812753957,100.0,0.1,0.09381218781218782,-6.187812187812192,-6.381624375624379,-6.381624375624378,STOP
31140,ROBUST_78_SL5_TP12_CD6_P7,PUMP/USDT,2026-08-06T20:00:00+00:00,2026-08-07T08:00:00+00:00,0.0024,0.00228,0.0024023999999999994,0.00227772,41625.04162504164,100.0,0.1,0.09481018981018985,-5.189810189810167,-5.3846203796203564,-5.3846203796203564,STOP
1723,S72_SL5_TP8,TUT/USDT,2026-08-07T07:00:00+00:00,2026-08-07T11:00:00+00:00,0.03089,0.0333612,0.030920889999999996,0.0333278388,3234.0595629685954,100.0,0.1,0.1077842157842158,7.784215784215806,7.57643156843159,7.576431568431591,TARGET
10113,S78_SL5_TP10,TUT/USDT,2026-08-07T07:00:00+00:00,2026-08-07T11:00:00+00:00,0.03089,0.033979,0.030920889999999996,0.033945021,3234.0595629685954,100.0,0.1,0.1097802197802198,9.78021978021979,9.57043956043957,9.57043956043957,TARGET
10977,S78_SL6_TP8,TUT/USDT,2026-08-07T07:00:00+00:00,2026-08-07T11:00:00+00:00,0.03089,0.0333612,0.030920889999999996,0.0333278388,3234.0595629685954,100.0,0.1,0.1077842157842158,7.784215784215806,7.57643156843159,7.576431568431591,TARGET
11268,S78_SL6_TP10,TUT/USDT,2026-08-07T07:00:00+00:00,2026-08-07T11:00:00+00:00,0.03089,0.033979,0.030920889999999996,0.033945021,3234.0595629685954,100.0,0.1,0.1097802197802198,9.78021978021979,9.57043956043957,9.57043956043957,TARGET
15621,S82_SL4_TP8,HEMI/USDT,2026-08-07T11:00:00+00:00,2026-08-07T13:00:00+00:00,0.00554,0.005318399999999999,0.005545539999999999,0.005313081599999999,18032.50900723825,100.0,0.1,0.0958081918081918,-4.191808191808188,-4.387616383616379,-4.387616383616379,STOP
6294,S75_SL5_TP10,TUT/USDT,2026-08-07T08:00:00+00:00,2026-08-07T15:00:00+00:00,0.03245,0.035695000000000005,0.032482449999999996,0.035659305,3078.5855131001513,100.0,0.1,0.1097802197802198,9.7802197802198,9.570439560439581,9.570439560439581,TARGET
24588,CD6_E2_P15,BICO/USDT,2026-08-07T11:00:00+00:00,2026-08-07T15:00:00+00:00,0.04798,0.052778000000000005,0.04802798,0.052725222,2082.1196310983723,100.0,0.1,0.1097802197802198,9.78021978021979,9.57043956043957,9.57043956043957,TARGET
5609,S75_SL4_TP15,OPN/USDT,2026-08-07T01:00:00+00:00,2026-08-07T18:00:00+00:00,0.0532,0.05107199999999999,0.053253199999999994,0.05102092799999999,1877.8214266936075,100.0,0.1,0.0958081918081918,-4.191808191808193,-4.387616383616384,-4.387616383616384,STOP
614,S72_SL4_TP10,SPCXB/USDT,2026-08-07T13:00:00+00:00,2026-08-07T19:00:00+00:00,120.57,132.627,120.69056999999998,132.494373,0.8285651480476065,100.0,0.1,0.1097802197802198,9.780219780219795,9.570439560439576,9.570439560439576,TARGET
220,S72_SL4_TP8,CHIP/USDT,2026-08-06T20:00:00+00:00,2026-08-07T20:00:00+00:00,0.02536,0.02502,0.02538536,0.02499498,3939.278387227914,100.0,0.1,0.09846218450319397,-1.53781549680603,-1.736277681309224,-1.736277681309224,TIME
983,S72_SL4_TP12,CHIP/USDT,2026-08-06T20:00:00+00:00,2026-08-07T20:00:00+00:00,0.02536,0.02502,0.02538536,0.02499498,3939.278387227914,100.0,0.1,0.09846218450319397,-1.53781549680603,-1.736277681309224,-1.736277681309224,TIME
1354,S72_SL4_TP15,CHIP/USDT,2026-08-06T20:00:00+00:00,2026-08-07T20:00:00+00:00,0.02536,0.02502,0.02538536,0.02499498,3939.278387227914,100.0,0.1,0.09846218450319397,-1.53781549680603,-1.736277681309224,-1.736277681309224,TIME
8321,S75_SL6_TP15,ALLO/USDT,2026-08-07T18:00:00+00:00,2026-08-07T20:00:00+00:00,0.3596,0.33802399999999994,0.35995959999999994,0.33768597599999994,277.80895411596197,100.0,0.1,0.09381218781218782,-6.187812187812187,-6.381624375624375,-6.381624375624375,STOP
1358,S72_SL4_TP15,XAUT/USDT,2026-08-07T01:00:00+00:00,2026-08-08T01:00:00+00:00,4241.28,4326.45,4245.521279999999,4322.12355,0.023554233604029896,100.0,0.1,0.101804307762179,1.804307762179,1.6025034544168208,1.6025034544168208,TIME
7990,S75_SL6_TP12,ENA/USDT,2026-08-07T11:00:00+00:00,2026-08-08T01:00:00+00:00,0.0965,0.09071,0.09659649999999999,0.09061929,1035.2341958559578,100.0,0.1,0.09381218781218785,-6.187812187812171,-6.381624375624359,-6.381624375624359,STOP
14489,S80_SL6_TP8,ENA/USDT,2026-08-07T11:00:00+00:00,2026-08-08T01:00:00+00:00,0.0965,0.09071,0.09659649999999999,0.09061929,1035.2341958559578,100.0,0.1,0.09381218781218785,-6.187812187812171,-6.381624375624359,-6.381624375624359,STOP
2097,S72_SL5_TP10,BICO/USDT,2026-08-07T15:00:00+00:00,2026-08-08T03:00:00+00:00,0.05296,0.058256,0.05301295999999999,0.058197744,1886.3311914671435,100.0,0.1,0.10978021978021982,9.780219780219804,9.570439560439585,9.570439560439585,TARGET
618,S72_SL4_TP10,TUT/USDT,2026-08-07T19:00:00+00:00,2026-08-08T03:00:00+00:00,0.03734,0.041074,0.037377339999999995,0.041032926,2675.417779863415,100.0,0.1,0.1097802197802198,9.780219780219788,9.570439560439569,9.570439560439569,TARGET
4923,S75_SL4_TP10,TUT/USDT,2026-08-07T20:00:00+00:00,2026-08-08T03:00:00+00:00,0.03774,0.04151400000000001,0.03777774,0.04147248600000001,2647.0614705908824,100.0,0.1,0.10978021978021982,9.780219780219815,9.570439560439596,9.570439560439596,TARGET
7659,S75_SL6_TP10,TUT/USDT,2026-08-07T20:00:00+00:00,2026-08-08T03:00:00+00:00,0.03774,0.04151400000000001,0.03777774,0.04147248600000001,2647.0614705908824,100.0,0.1,0.10978021978021982,9.780219780219815,9.570439560439596,9.570439560439596,TARGET
15941,S82_SL4_TP10,BICO/USDT,2026-08-08T01:00:00+00:00,2026-08-08T03:00:00+00:00,0.05266,0.057926000000000005,0.052712659999999995,0.057868074000000005,1897.0774762647154,100.0,0.1,0.10978021978021982,9.780219780219802,9.570439560439583,9.570439560439583,TARGET
8325,S75_SL6_TP15,TUT/USDT,2026-08-07T20:00:00+00:00,2026-08-08T04:00:00+00:00,0.03774,0.043401,0.03777774,0.043357599000000004,2647.0614705908824,100.0,0.1,0.1147702297702298,14.770229770229788,14.555459540459559,14.555459540459559,TARGET
13035,S80_SL4_TP15,PLUME/USDT,2026-08-08T01:00:00+00:00,2026-08-08T05:00:00+00:00,0.01244,0.011942399999999999,0.012452439999999999,0.0119304576,8030.554654348867,100.0,0.1,0.0958081918081918,-4.191808191808185,-4.387616383616376,-4.387616383616376,STOP
15628,S82_SL4_TP8,PLUME/USDT,2026-08-08T01:00:00+00:00,2026-08-08T05:00:00+00:00,0.01244,0.011942399999999999,0.012452439999999999,0.0119304576,8030.554654348867,100.0,0.1,0.0958081918081918,-4.191808191808185,-4.387616383616376,-4.387616383616376,STOP
4926,S75_SL4_TP10,BICO/USDT,2026-08-08T03:00:00+00:00,2026-08-08T08:00:00+00:00,0.05893,0.0565728,0.058988929999999995,0.0565162272,1695.2333259816717,100.0,0.1,0.09580819180819182,-4.191808191808187,-4.387616383616378,-4.387616383616378,STOP
12742,S80_SL4_TP12,BICO/USDT,2026-08-08T03:00:00+00:00,2026-08-08T08:00:00+00:00,0.05893,0.0565728,0.058988929999999995,0.0565162272,1695.2333259816717,100.0,0.1,0.09580819180819182,-4.191808191808187,-4.387616383616378,-4.387616383616378,STOP
17413,S82_SL5_TP12,BICO/USDT,2026-08-08T05:00:00+00:00,2026-08-08T08:00:00+00:00,0.0601,0.057095,0.060160099999999994,0.057037905,1662.2312795357723,100.0,0.1,0.09481018981018982,-5.189810189810181,-5.384620379620371,-5.384620379620371,STOP
226,S72_SL4_TP8,RE/USDT,2026-08-08T05:00:00+00:00,2026-08-08T10:00:00+00:00,0.4102,0.443016,0.4106102,0.442572984,243.53998025377842,100.0,0.1,0.10778421578421579,7.784215784215791,7.576431568431575,7.576431568431576,TARGET
4570,S75_SL4_TP8,RE/USDT,2026-08-08T03:00:00+00:00,2026-08-08T11:00:00+00:00,0.4118,0.44474400000000003,0.41221179999999996,0.44429925600000003,242.59373458013576,100.0,0.1,0.1077842157842158,7.784215784215801,7.576431568431586,7.576431568431586,TARGET
8629,S78_SL4_TP8,RE/USDT,2026-08-08T03:00:00+00:00,2026-08-08T11:00:00+00:00,0.4118,0.44474400000000003,0.41221179999999996,0.44429925600000003,242.59373458013576,100.0,0.1,0.1077842157842158,7.784215784215801,7.576431568431586,7.576431568431586,TARGET
19109,S85_SL4_TP8,RE/USDT,2026-08-08T03:00:00+00:00,2026-08-08T11:00:00+00:00,0.4118,0.44474400000000003,0.41221179999999996,0.44429925600000003,242.59373458013576,100.0,0.1,0.1077842157842158,7.784215784215801,7.576431568431586,7.576431568431586,TARGET
227,S72_SL4_TP8,BICO/USDT,2026-08-08T10:00:00+00:00,2026-08-08T11:00:00+00:00,0.05966,0.057273599999999994,0.059719659999999994,0.057216326399999996,1674.4904441853823,100.0,0.1,0.0958081918081918,-4.191808191808188,-4.387616383616379,-4.387616383616379,STOP
3530,S72_SL6_TP10,EDEN/USDT,2026-08-07T20:00:00+00:00,2026-08-08T13:00:00+00:00,0.04162,0.045782,0.04166161999999999,0.045736218,2400.290723212396,100.0,0.1,0.10978021978021983,9.780219780219813,9.570439560439594,9.570439560439594,TARGET
623,S72_SL4_TP10,LTC/USDT,2026-08-07T15:00:00+00:00,2026-08-08T15:00:00+00:00,45.96,45.88,46.005959999999995,45.834120000000006,2.17363141645126,100.0,0.1,0.09962648317739704,-0.3735168226029604,-0.5731433057803574,-0.5731433057803574,TIME
6650,S75_SL5_TP12,ACE/USDT,2026-08-08T13:00:00+00:00,2026-08-08T15:00:00+00:00,0.117,0.13104000000000002,0.117117,0.13090896000000002,853.8470076931616,100.0,0.1,0.1117762237762238,11.776223776223793,11.56444755244757,11.56444755244757,TARGET
990,S72_SL4_TP12,ACE/USDT,2026-08-08T15:00:00+00:00,2026-08-08T16:00:00+00:00,0.1407,0.157584,0.14084069999999999,0.157426416,710.0220319836525,100.0,0.1,0.11177622377622379,11.776223776223796,11.564447552447573,11.564447552447573,TARGET
1737,S72_SL5_TP8,ACE/USDT,2026-08-08T15:00:00+00:00,2026-08-08T16:00:00+00:00,0.1407,0.151956,0.14084069999999999,0.151804044,710.0220319836525,100.0,0.1,0.10778421578421579,7.784215784215794,7.576431568431579,7.576431568431579,TARGET
4581,S75_SL4_TP8,MUBARAK/USDT,2026-08-08T11:00:00+00:00,2026-08-09T02:00:00+00:00,0.01469,0.0158652,0.014704689999999998,0.0158493348,6800.551388706597,100.0,0.1,0.1077842157842158,7.7842157842158,7.576431568431585,7.576431568431586,TARGET
7331,S75_SL6_TP8,MUBARAK/USDT,2026-08-08T11:00:00+00:00,2026-08-09T02:00:00+00:00,0.01469,0.0158652,0.014704689999999998,0.0158493348,6800.551388706597,100.0,0.1,0.1077842157842158,7.7842157842158,7.576431568431585,7.576431568431586,TARGET
10996,S78_SL6_TP8,MUBARAK/USDT,2026-08-08T11:00:00+00:00,2026-08-09T02:00:00+00:00,0.01469,0.0158652,0.014704689999999998,0.0158493348,6800.551388706597,100.0,0.1,0.1077842157842158,7.7842157842158,7.576431568431585,7.576431568431586,TARGET
631,S72_SL4_TP10,SOL/USDT,2026-08-08T04:00:00+00:00,2026-08-09T04:00:00+00:00,74.64,75.98,74.71463999999999,75.90402,1.3384257757248113,100.0,0.1,0.10159189684913159,1.5918968491315948,1.390304952282463,1.390304952282463,TIME
4935,S75_SL4_TP10,BMT/USDT,2026-08-08T08:00:00+00:00,2026-08-09T04:00:00+00:00,0.01288,0.014168000000000002,0.012892879999999999,0.014153832000000002,7756.218936343161,100.0,0.1,0.10978021978021982,9.780219780219802,9.570439560439583,9.570439560439583,TARGET
11846,S78_SL6_TP15,BMT/USDT,2026-08-08T08:00:00+00:00,2026-08-09T04:00:00+00:00,0.01288,0.014812,0.012892879999999999,0.014797188000000001,7756.218936343161,100.0,0.1,0.1147702297702298,14.770229770229788,14.555459540459559,14.555459540459559,TARGET
28077,CD24_E1_P15,BMT/USDT,2026-08-08T08:00:00+00:00,2026-08-09T04:00:00+00:00,0.01288,0.014168000000000002,0.012892879999999999,0.014153832000000002,7756.218936343161,100.0,0.1,0.10978021978021982,9.780219780219802,9.570439560439583,9.570439560439583,TARGET
3891,S72_SL6_TP12,MUBARAK/USDT,2026-08-08T11:00:00+00:00,2026-08-09T04:00:00+00:00,0.01469,0.0164528,0.014704689999999998,0.0164363472,6800.551388706597,100.0,0.1,0.11177622377622379,11.776223776223791,11.564447552447568,11.564447552447568,TARGET
11290,S78_SL6_TP10,BMT/USDT,2026-08-09T04:00:00+00:00,2026-08-09T05:00:00+00:00,0.01677,0.015763799999999998,0.01678677,0.0157480362,5957.072146696476,100.0,0.1,0.09381218781218782,-6.18781218781219,-6.381624375624377,-6.381624375624377,STOP
8339,S75_SL6_TP15,BMT/USDT,2026-08-09T05:00:00+00:00,2026-08-09T06:00:00+00:00,0.01541,0.017721499999999998,0.015425409999999999,0.017703778499999996,6482.809857242045,100.0,0.1,0.11477022977022977,14.770229770229754,14.555459540459525,14.555459540459525,TARGET
242,S72_SL4_TP8,PUMP/USDT,2026-08-09T02:00:00+00:00,2026-08-09T13:00:00+00:00,0.002477,0.00267516,0.002479477,0.0026724848400000003,40331.0859507872,100.0,0.1,0.10778421578421579,7.784215784215799,7.576431568431583,7.576431568431582,TARGET
5968,S75_SL5_TP8,PUMP/USDT,2026-08-09T02:00:00+00:00,2026-08-09T13:00:00+00:00,0.002477,0.00267516,0.002479477,0.0026724848400000003,40331.0859507872,100.0,0.1,0.10778421578421579,7.784215784215799,7.576431568431583,7.576431568431582,TARGET
13352,S80_SL5_TP8,PUMP/USDT,2026-08-09T02:00:00+00:00,2026-08-09T13:00:00+00:00,0.002477,0.00267516,0.002479477,0.0026724848400000003,40331.0859507872,100.0,0.1,0.10778421578421579,7.784215784215799,7.576431568431583,7.576431568431582,TARGET
1004,S72_SL4_TP12,ONG/USDT,2026-08-08T16:00:00+00:00,2026-08-09T16:00:00+00:00,0.04311,0.04355,0.043153109999999995,0.043506449999999995,2317.3300835096247,100.0,0.1,0.1008188054117073,0.8188054117072922,0.6179866062955849,0.6179866062955849,TIME
1750,S72_SL5_TP8,ONG/USDT,2026-08-08T16:00:00+00:00,2026-08-09T16:00:00+00:00,0.04311,0.04355,0.043153109999999995,0.043506449999999995,2317.3300835096247,100.0,0.1,0.1008188054117073,0.8188054117072922,0.6179866062955849,0.6179866062955849,TIME
3897,S72_SL6_TP12,HOME/USDT,2026-08-09T06:00:00+00:00,2026-08-09T19:00:00+00:00,0.00945,0.008883,0.00945945,0.008874117,10571.439142867715,100.0,0.1,0.09381218781218784,-6.187812187812174,-6.381624375624361,-6.381624375624362,STOP
13358,S80_SL5_TP8,TUT/USDT,2026-08-09T19:00:00+00:00,2026-08-09T23:00:00+00:00,0.18597,0.20084760000000002,0.18615596999999998,0.20064675240000002,537.1839538640636,100.0,0.1,0.1077842157842158,7.784215784215807,7.576431568431591,7.576431568431591,TARGET
250,S72_SL4_TP8,TREE/USDT,2026-08-09T04:00:00+00:00,2026-08-10T04:00:00+00:00,0.0377,0.0377,0.03773769999999999,0.037662299999999996,2649.8700238753295,100.0,0.1,0.0998001998001998,-0.19980019980019004,-0.39960039960038984,-0.3996003996003899,TIME
641,S72_SL4_TP10,SPCXB/USDT,2026-08-09T04:00:00+00:00,2026-08-10T04:00:00+00:00,137.4,133.82,137.5374,133.68617999999998,0.7270749628828231,100.0,0.1,0.0971998743614464,-2.800125638553595,-2.9973255129150416,-2.9973255129150416,TIME
1754,S72_SL5_TP8,SPCXB/USDT,2026-08-09T04:00:00+00:00,2026-08-10T04:00:00+00:00,137.4,133.82,137.5374,133.68617999999998,0.7270749628828231,100.0,0.1,0.0971998743614464,-2.800125638553595,-2.9973255129150416,-2.9973255129150416,TIME
3188,S72_SL6_TP8,TREE/USDT,2026-08-09T04:00:00+00:00,2026-08-10T04:00:00+00:00,0.0377,0.0377,0.03773769999999999,0.037662299999999996,2649.8700238753295,100.0,0.1,0.0998001998001998,-0.19980019980019004,-0.39960039960038984,-0.3996003996003899,TIME
251,S72_SL4_TP8,KORUB/USDT,2026-08-09T13:00:00+00:00,2026-08-10T04:00:00+00:00,17.36,16.665599999999998,17.377359999999996,16.648934399999998,5.7546140495449265,100.0,0.1,0.09580819180819182,-4.19180819180818,-4.387616383616371,-4.387616383616371,STOP
1011,S72_SL4_TP12,KORUB/USDT,2026-08-09T13:00:00+00:00,2026-08-10T04:00:00+00:00,17.36,16.665599999999998,17.377359999999996,16.648934399999998,5.7546140495449265,100.0,0.1,0.09580819180819182,-4.19180819180818,-4.387616383616371,-4.387616383616371,STOP
1381,S72_SL4_TP15,KORUB/USDT,2026-08-09T13:00:00+00:00,2026-08-10T04:00:00+00:00,17.36,16.665599999999998,17.377359999999996,16.648934399999998,5.7546140495449265,100.0,0.1,0.09580819180819182,-4.19180819180818,-4.387616383616371,-4.387616383616371,STOP
1017,S72_SL4_TP12,CRCLB/USDT,2026-08-09T16:00:00+00:00,2026-08-10T13:00:00+00:00,68.32,65.5872,68.38831999999998,65.5216128,1.462237996195842,100.0,0.1,0.09580819180819183,-4.191808191808162,-4.387616383616353,-4.387616383616353,STOP
4952,S75_SL4_TP10,CRCLB/USDT,2026-08-09T16:00:00+00:00,2026-08-10T13:00:00+00:00,68.32,65.5872,68.38831999999998,65.5216128,1.462237996195842,100.0,0.1,0.09580819180819183,-4.191808191808162,-4.387616383616353,-4.387616383616353,STOP
4600,S75_SL4_TP8,HOME/USDT,2026-08-10T04:00:00+00:00,2026-08-10T15:00:00+00:00,0.00968,0.0104544,0.009689679999999999,0.0104439456,10320.258254142553,100.0,0.1,0.1077842157842158,7.784215784215801,7.576431568431586,7.576431568431586,TARGET
11860,S78_SL6_TP15,HOME/USDT,2026-08-10T04:00:00+00:00,2026-08-10T15:00:00+00:00,0.00968,0.011131999999999998,0.009689679999999999,0.011120867999999997,10320.258254142553,100.0,0.1,0.11477022977022976,14.770229770229752,14.555459540459523,14.555459540459523,TARGET
16268,S82_SL4_TP12,HOME/USDT,2026-08-10T04:00:00+00:00,2026-08-10T15:00:00+00:00,0.00968,0.0108416,0.009689679999999999,0.0108307584,10320.258254142553,100.0,0.1,0.11177622377622379,11.776223776223782,11.56444755244756,11.56444755244756,TARGET
28101,CD24_E1_P15,HOME/USDT,2026-08-10T04:00:00+00:00,2026-08-10T15:00:00+00:00,0.00968,0.010648,0.009689679999999999,0.010637352,10320.258254142553,100.0,0.1,0.10978021978021979,9.780219780219783,9.570439560439564,9.570439560439564,TARGET
29358,CD24_E2_P15,HOME/USDT,2026-08-10T04:00:00+00:00,2026-08-10T15:00:00+00:00,0.00968,0.010648,0.009689679999999999,0.010637352,10320.258254142553,100.0,0.1,0.10978021978021979,9.780219780219783,9.570439560439564,9.570439560439564,TARGET
651,S72_SL4_TP10,RE/USDT,2026-08-10T15:00:00+00:00,2026-08-10T17:00:00+00:00,0.4505,0.43248,0.4509505,0.43204751999999996,221.75382885704752,100.0,0.1,0.0958081918081918,-4.191808191808195,-4.387616383616386,-4.387616383616386,STOP
8964,S78_SL4_TP10,RE/USDT,2026-08-10T15:00:00+00:00,2026-08-10T17:00:00+00:00,0.4505,0.43248,0.4509505,0.43204751999999996,221.75382885704752,100.0,0.1,0.0958081918081918,-4.191808191808195,-4.387616383616386,-4.387616383616386,STOP
12157,S80_SL4_TP8,RE/USDT,2026-08-10T15:00:00+00:00,2026-08-10T17:00:00+00:00,0.4505,0.43248,0.4509505,0.43204751999999996,221.75382885704752,100.0,0.1,0.0958081918081918,-4.191808191808195,-4.387616383616386,-4.387616383616386,STOP
12771,S80_SL4_TP12,RE/USDT,2026-08-10T15:00:00+00:00,2026-08-10T17:00:00+00:00,0.4505,0.43248,0.4509505,0.43204751999999996,221.75382885704752,100.0,0.1,0.0958081918081918,-4.191808191808195,-4.387616383616386,-4.387616383616386,STOP
15973,S82_SL4_TP10,RE/USDT,2026-08-10T15:00:00+00:00,2026-08-10T17:00:00+00:00,0.4505,0.43248,0.4509505,0.43204751999999996,221.75382885704752,100.0,0.1,0.0958081918081918,-4.191808191808195,-4.387616383616386,-4.387616383616386,STOP
16562,S82_SL4_TP15,HOME/USDT,2026-08-10T17:00:00+00:00,2026-08-10T19:00:00+00:00,0.01055,0.010128,0.010560549999999998,0.010117872,9469.203781999991,100.0,0.1,0.09580819180819182,-4.191808191808177,-4.387616383616368,-4.387616383616368,STOP
11586,S78_SL6_TP12,HOME/USDT,2026-08-10T17:00:00+00:00,2026-08-10T20:00:00+00:00,0.01055,0.009917,0.010560549999999998,0.009907083,9469.203781999991,100.0,0.1,0.09381218781218784,-6.187812187812168,-6.381624375624355,-6.381624375624355,STOP
652,S72_SL4_TP10,ALLO/USDT,2026-08-10T17:00:00+00:00,2026-08-10T22:00:00+00:00,0.3221,0.309216,0.3224221,0.308906784,310.15243682117324,100.0,0.1,0.0958081918081918,-4.1918081918081915,-4.387616383616383,-4.387616383616383,STOP
8968,S78_SL4_TP10,ALLO/USDT,2026-08-10T17:00:00+00:00,2026-08-10T22:00:00+00:00,0.3221,0.309216,0.3224221,0.308906784,310.15243682117324,100.0,0.1,0.0958081918081918,-4.1918081918081915,-4.387616383616383,-4.387616383616383,STOP
261,S72_SL4_TP8,USDC/USDT,2026-08-09T23:00:00+00:00,2026-08-10T23:00:00+00:00,1.00066,1.00085,1.00166066,0.99984915,99.83420932194741,100.0,0.1,0.0998191493314712,-0.18085066852880258,-0.38066981786027376,-0.38066981786027376,TIME
262,S72_SL4_TP8,MUBARAK/USDT,2026-08-10T19:00:00+00:00,2026-08-10T23:00:00+00:00,0.02264,0.0217344,0.022662639999999998,0.0217126656,4412.54858215989,100.0,0.1,0.09580819180819182,-4.191808191808183,-4.387616383616374,-4.387616383616374,STOP
7691,S75_SL6_TP10,MUBARAK/USDT,2026-08-10T20:00:00+00:00,2026-08-10T23:00:00+00:00,0.02328,0.0218832,0.023303279999999996,0.0218613168,4291.241404643467,100.0,0.1,0.09381218781218782,-6.187812187812174,-6.381624375624361,-6.381624375624362,STOP
656,S72_SL4_TP10,EDEN/USDT,2026-08-10T04:00:00+00:00,2026-08-11T01:00:00+00:00,0.04497,0.0431712,0.04501497,0.0431280288,2221.483208808092,100.0,0.1,0.0958081918081918,-4.191808191808189,-4.38761638361638,-4.38761638361638,STOP
4960,S75_SL4_TP10,EDEN/USDT,2026-08-10T04:00:00+00:00,2026-08-11T01:00:00+00:00,0.04497,0.0431712,0.04501497,0.0431280288,2221.483208808092,100.0,0.1,0.0958081918081918,-4.191808191808189,-4.38761638361638,-4.38761638361638,STOP
2492,S72_SL5_TP12,MUBARAK/USDT,2026-08-10T17:00:00+00:00,2026-08-11T01:00:00+00:00,0.02194,0.020843,0.02196194,0.020822157,4553.331809484955,100.0,0.1,0.09481018981018982,-5.189810189810182,-5.3846203796203715,-5.3846203796203715,STOP
660,S72_SL4_TP10,RARE/USDT,2026-08-10T22:00:00+00:00,2026-08-11T07:00:00+00:00,0.01381,0.0132576,0.013823809999999997,0.0132443424,7233.895720499632,100.0,0.1,0.09580819180819182,-4.191808191808176,-4.3876163836163675,-4.3876163836163675,STOP
8974,S78_SL4_TP10,RARE/USDT,2026-08-10T22:00:00+00:00,2026-08-11T07:00:00+00:00,0.01381,0.0132576,0.013823809999999997,0.0132443424,7233.895720499632,100.0,0.1,0.09580819180819182,-4.191808191808176,-4.3876163836163675,-4.3876163836163675,STOP
4962,S75_SL4_TP10,RARE/USDT,2026-08-10T23:00:00+00:00,2026-08-11T07:00:00+00:00,0.01381,0.0132576,0.013823809999999997,0.0132443424,7233.895720499632,100.0,0.1,0.09580819180819182,-4.191808191808176,-4.3876163836163675,-4.3876163836163675,STOP
25578,CD12_E1_P15,RARE/USDT,2026-08-10T23:00:00+00:00,2026-08-11T09:00:00+00:00,0.01381,0.0131195,0.013823809999999997,0.013106380499999999,7233.895720499632,100.0,0.1,0.09481018981018982,-5.189810189810179,-5.384620379620368,-5.384620379620368,STOP
4964,S75_SL4_TP10,PUMP/USDT,2026-08-11T07:00:00+00:00,2026-08-11T12:00:00+00:00,0.002827,0.00271392,0.0028298269999999996,0.00271120608,35337.849274885004,100.0,0.1,0.0958081918081918,-4.191808191808179,-4.38761638361637,-4.38761638361637,STOP
663,S72_SL4_TP10,PORTAL/USDT,2026-08-10T13:00:00+00:00,2026-08-11T13:00:00+00:00,0.01159,0.01152,0.011601589999999998,0.011508480000000001,8619.508188101805,100.0,0.1,0.09919743759260588,-0.8025624073941328,-1.0017598449867386,-1.0017598449867386,TIME
1030,S72_SL4_TP12,PORTAL/USDT,2026-08-10T13:00:00+00:00,2026-08-11T13:00:00+00:00,0.01159,0.01152,0.011601589999999998,0.011508480000000001,8619.508188101805,100.0,0.1,0.09919743759260588,-0.8025624073941328,-1.0017598449867386,-1.0017598449867386,TIME
268,S72_SL4_TP8,WLD/USDT,2026-08-10T23:00:00+00:00,2026-08-11T14:00:00+00:00,0.3408,0.32716799999999996,0.34114079999999997,0.32684083199999997,293.1340959509974,100.0,0.1,0.0958081918081918,-4.1918081918081915,-4.387616383616383,-4.387616383616383,STOP
26857,CD12_E2_P15,EDEN/USDT,2026-08-11T07:00:00+00:00,2026-08-11T14:00:00+00:00,0.04474,0.042503,0.044784739999999996,0.042460497,2232.9034398770655,100.0,0.1,0.09481018981018981,-5.189810189810183,-5.384620379620372,-5.384620379620372,STOP
27152,CD24_E1_P5,PORTAL/USDT,2026-08-11T07:00:00+00:00,2026-08-11T14:00:00+00:00,0.01186,0.011267000000000001,0.01187186,0.011255733,8423.279924123095,100.0,0.1,0.09481018981018982,-5.189810189810184,-5.384620379620373,-5.384620379620373,STOP
4612,S75_SL4_TP8,XPL/USDT,2026-08-11T01:00:00+00:00,2026-08-11T15:00:00+00:00,0.0802,0.07699199999999999,0.08028019999999998,0.07691500799999999,1245.6371558615951,100.0,0.1,0.09580819180819183,-4.191808191808179,-4.38761638361637,-4.38761638361637,STOP
5657,S75_SL4_TP15,XPL/USDT,2026-08-11T01:00:00+00:00,2026-08-11T15:00:00+00:00,0.0802,0.07699199999999999,0.08028019999999998,0.07691500799999999,1245.6371558615951,100.0,0.1,0.09580819180819183,-4.191808191808179,-4.38761638361637,-4.38761638361637,STOP
5993,S75_SL5_TP8,XPL/USDT,2026-08-11T01:00:00+00:00,2026-08-11T15:00:00+00:00,0.0802,0.07619,0.08028019999999998,0.07611380999999999,1245.6371558615951,100.0,0.1,0.09481018981018982,-5.189810189810181,-5.384620379620371,-5.384620379620371,STOP
19978,S85_SL4_TP15,SPCXB/USDT,2026-08-11T12:00:00+00:00,2026-08-11T16:00:00+00:00,138.19,132.6624,138.32818999999998,132.5297376,0.7229184448954332,100.0,0.1,0.09580819180819182,-4.191808191808174,-4.387616383616365,-4.387616383616365,STOP
19153,S85_SL4_TP8,SNXXB/USDT,2026-08-11T13:00:00+00:00,2026-08-12T02:00:00+00:00,9.68,10.4544,9.68968,10.4439456,10.320258254142553,100.0,0.1,0.10778421578421579,7.784215784215786,7.576431568431571,7.57643156843157,TARGET
5661,S75_SL4_TP15,GIGGLE/USDT,2026-08-11T15:00:00+00:00,2026-08-12T03:00:00+00:00,37.47,35.971199999999996,37.50747,35.9352288,2.666135572460633,100.0,0.1,0.0958081918081918,-4.191808191808194,-4.387616383616385,-4.387616383616385,STOP
31385,ROBUST_78_SL4_TP12_CD6_P7,GIGGLE/USDT,2026-08-11T15:00:00+00:00,2026-08-12T03:00:00+00:00,37.47,35.971199999999996,37.50747,35.9352288,2.666135572460633,100.0,0.1,0.0958081918081918,-4.191808191808194,-4.387616383616385,-4.387616383616385,STOP
1404,S72_SL4_TP15,GIGGLE/USDT,2026-08-11T16:00:00+00:00,2026-08-12T03:00:00+00:00,37.43,35.9328,37.46742999999999,35.8968672,2.66898476890462,100.0,0.1,0.09580819180819183,-4.1918081918081675,-4.387616383616359,-4.387616383616359,STOP
2145,S72_SL5_TP10,GIGGLE/USDT,2026-08-11T15:00:00+00:00,2026-08-12T04:00:00+00:00,37.47,35.5965,37.50747,35.5609035,2.666135572460633,100.0,0.1,0.09481018981018982,-5.18981018981018,-5.384620379620369,-5.384620379620369,STOP
12175,S80_SL4_TP8,RE/USDT,2026-08-12T04:00:00+00:00,2026-08-12T06:00:00+00:00,0.436,0.41856,0.43643599999999994,0.41814144,229.12866949564201,100.0,0.1,0.09580819180819182,-4.1918081918081835,-4.387616383616375,-4.387616383616375,STOP
19435,S85_SL4_TP10,SNXXB/USDT,2026-08-11T13:00:00+00:00,2026-08-12T08:00:00+00:00,9.68,10.648,9.68968,10.637352,10.320258254142553,100.0,0.1,0.1097802197802198,9.78021978021979,9.57043956043957,9.57043956043957,TARGET
20259,S85_SL5_TP8,SNXXB/USDT,2026-08-11T14:00:00+00:00,2026-08-12T08:00:00+00:00,9.85,10.638,9.859849999999998,10.627362,10.142142121837555,100.0,0.1,0.1077842157842158,7.784215784215803,7.5764315684315875,7.576431568431588,TARGET
19155,S85_SL4_TP8,PUMP/USDT,2026-08-12T02:00:00+00:00,2026-08-12T08:00:00+00:00,0.002766,0.00265536,0.0027687659999999993,0.0026527046399999997,36117.17277660879,100.0,0.1,0.09580819180819182,-4.191808191808179,-4.38761638361637,-4.38761638361637,STOP
278,S72_SL4_TP8,BNB/USDT,2026-08-11T09:00:00+00:00,2026-08-12T09:00:00+00:00,607.19,613.7,607.79719,613.0863,0.16452856585269834,100.0,0.1,0.1008702096829372,0.8702096829371737,0.6693394732542366,0.6693394732542366,TIME
279,S72_SL4_TP8,KORUB/USDT,2026-08-11T14:00:00+00:00,2026-08-12T12:00:00+00:00,17.95,19.386,17.96795,19.366614,5.565465175493031,100.0,0.1,0.10778421578421579,7.784215784215786,7.576431568431571,7.57643156843157,TARGET
6004,S75_SL5_TP8,KORUB/USDT,2026-08-11T14:00:00+00:00,2026-08-12T12:00:00+00:00,17.95,19.386,17.96795,19.366614,5.565465175493031,100.0,0.1,0.10778421578421579,7.784215784215786,7.576431568431571,7.57643156843157,TARGET
280,S72_SL4_TP8,RARE/USDT,2026-08-12T12:00:00+00:00,2026-08-12T13:00:00+00:00,0.01502,0.0144192,0.015035019999999998,0.0144047808,6651.138475372831,100.0,0.1,0.09580819180819182,-4.1918081918081835,-4.387616383616375,-4.387616383616375,STOP
2509,S72_SL5_TP12,RARE/USDT,2026-08-12T12:00:00+00:00,2026-08-12T13:00:00+00:00,0.01502,0.014269,0.015035019999999998,0.014254731,6651.138475372831,100.0,0.1,0.09481018981018982,-5.189810189810179,-5.384620379620368,-5.384620379620368,STOP
9284,S78_SL4_TP12,PLUME/USDT,2026-08-12T06:00:00+00:00,2026-08-12T14:00:00+00:00,0.01255,0.012048,0.012562549999999999,0.012035951999999999,7960.167322717124,100.0,0.1,0.0958081918081918,-4.19180819180819,-4.387616383616381,-4.387616383616381,STOP
675,S72_SL4_TP10,RARE/USDT,2026-08-12T13:00:00+00:00,2026-08-12T16:00:00+00:00,0.01377,0.013219199999999999,0.013783769999999997,0.0132059808,7254.909215693531,100.0,0.1,0.09580819180819182,-4.191808191808177,-4.387616383616368,-4.387616383616368,STOP
1043,S72_SL4_TP12,RARE/USDT,2026-08-12T13:00:00+00:00,2026-08-12T16:00:00+00:00,0.01377,0.013219199999999999,0.013783769999999997,0.0132059808,7254.909215693531,100.0,0.1,0.09580819180819182,-4.191808191808177,-4.387616383616368,-4.387616383616368,STOP
12794,S80_SL4_TP12,PLUME/USDT,2026-08-12T08:00:00+00:00,2026-08-12T17:00:00+00:00,0.01231,0.0118176,0.012322309999999998,0.0118057824,8115.36148660438,100.0,0.1,0.09580819180819182,-4.191808191808181,-4.387616383616372,-4.387616383616372,STOP
284,S72_SL4_TP8,GPS/USDT,2026-08-12T09:00:00+00:00,2026-08-12T19:00:00+00:00,0.00981,0.009417599999999998,0.009819809999999998,0.009408182399999998,10183.496422028535,100.0,0.1,0.0958081918081918,-4.191808191808199,-4.38761638361639,-4.38761638361639,STOP
1415,S72_SL4_TP15,TAO/USDT,2026-08-12T03:00:00+00:00,2026-08-13T03:00:00+00:00,204.7,199.8,204.90469999999996,199.6002,0.4880317532979967,100.0,0.1,0.0974112355646308,-2.588764435369205,-2.7861756709338357,-2.7861756709338357,TIME
2154,S72_SL5_TP10,TAO/USDT,2026-08-12T03:00:00+00:00,2026-08-13T03:00:00+00:00,204.7,199.8,204.90469999999996,199.6002,0.4880317532979967,100.0,0.1,0.0974112355646308,-2.588764435369205,-2.7861756709338357,-2.7861756709338357,TIME
3584,S72_SL6_TP10,RE/USDT,2026-08-12T03:00:00+00:00,2026-08-13T03:00:00+00:00,0.435,0.4353,0.43543499999999996,0.4348647,229.6554020691952,100.0,0.1,0.09986902752419995,-0.1309724758000547,-0.33084150332425466,-0.33084150332425466,TIME
290,S72_SL4_TP8,EDEN/USDT,2026-08-12T08:00:00+00:00,2026-08-13T08:00:00+00:00,0.04434,0.04614,0.044384339999999994,0.04609386,2253.046907986015,100.0,0.1,0.10385162875014026,3.8516287501402657,3.6477771213901256,3.6477771213901256,TIME
1048,S72_SL4_TP12,EDEN/USDT,2026-08-12T08:00:00+00:00,2026-08-13T08:00:00+00:00,0.04434,0.04614,0.044384339999999994,0.04609386,2253.046907986015,100.0,0.1,0.10385162875014026,3.8516287501402657,3.6477771213901256,3.6477771213901256,TIME
22155,S85_SL6_TP15,MUBARAK/USDT,2026-08-12T14:00:00+00:00,2026-08-13T08:00:00+00:00,0.01895,0.017813,0.01896895,0.017795187,5271.773081799468,100.0,0.1,0.09381218781218784,-6.1878121878121775,-6.381624375624365,-6.381624375624365,STOP
9880,S78_SL5_TP8,GIGGLE/USDT,2026-08-12T17:00:00+00:00,2026-08-13T10:00:00+00:00,35.94,34.142999999999994,35.975939999999994,34.10885699999999,2.7796355008375047,100.0,0.1,0.09481018981018981,-5.189810189810193,-5.384620379620382,-5.384620379620382,STOP
18612,S82_SL6_TP12,HOME/USDT,2026-08-13T03:00:00+00:00,2026-08-13T12:00:00+00:00,0.00971,0.010875200000000002,0.00971971,0.010864324800000002,10288.372801246129,100.0,0.1,0.1117762237762238,11.776223776223802,11.564447552447579,11.564447552447579,TARGET
686,S72_SL4_TP10,EDEN/USDT,2026-08-12T16:00:00+00:00,2026-08-13T15:00:00+00:00,0.04516,0.049676000000000005,0.045205159999999994,0.049626324000000006,2212.1368445549138,100.0,0.1,0.1097802197802198,9.780219780219808,9.570439560439588,9.570439560439588,TARGET
4634,S75_SL4_TP8,CHIP/USDT,2026-08-12T16:00:00+00:00,2026-08-13T15:00:00+00:00,0.02364,0.0226944,0.02366364,0.0226717056,4225.892550765648,100.0,0.1,0.09580819180819182,-4.191808191808185,-4.387616383616376,-4.387616383616376,STOP
1054,S72_SL4_TP12,SNDKB/USDT,2026-08-13T12:00:00+00:00,2026-08-13T15:00:00+00:00,1353.63,1516.0656000000004,1354.98363,1514.5495344000003,0.0738016296182117,100.0,0.1,0.1117762237762238,11.776223776223803,11.56444755244758,11.56444755244758,TARGET
2525,S72_SL5_TP12,EDEN/USDT,2026-08-13T15:00:00+00:00,2026-08-13T18:00:00+00:00,0.04974,0.0557088,0.04978973999999999,0.055653091200000004,2008.4459167691982,100.0,0.1,0.1117762237762238,11.776223776223803,11.56444755244758,11.56444755244758,TARGET
2875,S72_SL5_TP15,EDEN/USDT,2026-08-13T15:00:00+00:00,2026-08-13T18:00:00+00:00,0.04974,0.057200999999999995,0.04978973999999999,0.057143798999999995,2008.4459167691982,100.0,0.1,0.1147702297702298,14.77022977022978,14.55545954045955,14.55545954045955,TARGET
4992,S75_SL4_TP10,EDEN/USDT,2026-08-13T15:00:00+00:00,2026-08-13T18:00:00+00:00,0.04974,0.054714000000000006,0.04978973999999999,0.05465928600000001,2008.4459167691982,100.0,0.1,0.10978021978021983,9.780219780219815,9.570439560439596,9.570439560439596,TARGET
295,S72_SL4_TP8,MUB/USDT,2026-08-12T19:00:00+00:00,2026-08-13T19:00:00+00:00,912.14,950.97,913.0521399999999,950.01903,0.10952277051779323,100.0,0.1,0.10404871621022653,4.048716210226521,3.844667494016295,3.844667494016295,TIME
16304,S82_SL4_TP12,HOME/USDT,2026-08-13T19:00:00+00:00,2026-08-13T21:00:00+00:00,0.01106,0.0106176,0.011071059999999999,0.0106069824,9032.558761311022,100.0,0.1,0.0958081918081918,-4.191808191808188,-4.387616383616379,-4.387616383616379,STOP
10479,S78_SL5_TP12,HOME/USDT,2026-08-13T10:00:00+00:00,2026-08-13T22:00:00+00:00,0.01076,0.010222,0.010770759999999999,0.010211778,9284.395901496275,100.0,0.1,0.09481018981018982,-5.189810189810187,-5.384620379620376,-5.384620379620376,STOP
18042,S82_SL6_TP8,ACE/USDT,2026-08-13T22:00:00+00:00,2026-08-14T01:00:00+00:00,0.1215,0.13122,0.12162149999999998,0.13108878000000002,822.2230444452669,100.0,0.1,0.10778421578421582,7.7842157842158155,7.5764315684316,7.576431568431601,TARGET
1428,S72_SL4_TP15,AVAX/USDT,2026-08-13T03:00:00+00:00,2026-08-14T03:00:00+00:00,6.512,6.417,6.5185119999999985,6.410583,15.340924431833526,100.0,0.1,0.09834426936699665,-1.6557306330033394,-1.8540749023703362,-1.854074902370336,TIME
2165,S72_SL5_TP10,AVAX/USDT,2026-08-13T03:00:00+00:00,2026-08-14T03:00:00+00:00,6.512,6.417,6.5185119999999985,6.410583,15.340924431833526,100.0,0.1,0.09834426936699665,-1.6557306330033394,-1.8540749023703362,-1.854074902370336,TIME
8061,S75_SL6_TP12,ACE/USDT,2026-08-13T21:00:00+00:00,2026-08-14T04:00:00+00:00,0.1214,0.135968,0.12152139999999997,0.13583203200000002,822.9003286663915,100.0,0.1,0.11177622377622382,11.776223776223816,11.564447552447593,11.564447552447593,TARGET
3596,S72_SL6_TP10,ACE/USDT,2026-08-14T03:00:00+00:00,2026-08-14T07:00:00+00:00,0.1316,0.14476,0.13173159999999998,0.14461524,759.1193001527349,100.0,0.1,0.1097802197802198,9.780219780219804,9.570439560439585,9.570439560439585,TARGET
303,S72_SL4_TP8,BNB/USDT,2026-08-13T08:00:00+00:00,2026-08-14T08:00:00+00:00,614.14,608.62,614.7541399999999,608.01138,0.16266665564871188,100.0,0.1,0.09890317778095811,-1.0968222190418861,-1.2957253968228444,-1.2957253968228444,TIME
1062,S72_SL4_TP12,BNB/USDT,2026-08-13T08:00:00+00:00,2026-08-14T08:00:00+00:00,614.14,608.62,614.7541399999999,608.01138,0.16266665564871188,100.0,0.1,0.09890317778095811,-1.0968222190418861,-1.2957253968228444,-1.2957253968228444,TIME
2528,S72_SL5_TP12,BNB/USDT,2026-08-13T08:00:00+00:00,2026-08-14T08:00:00+00:00,614.14,608.62,614.7541399999999,608.01138,0.16266665564871188,100.0,0.1,0.09890317778095811,-1.0968222190418861,-1.2957253968228444,-1.2957253968228444,TIME
1802,S72_SL5_TP8,DEXE/USDT,2026-08-13T18:00:00+00:00,2026-08-14T09:00:00+00:00,2.06,1.9569999999999999,2.06206,1.9550429999999999,48.49519412626209,100.0,0.1,0.09481018981018981,-5.189810189810187,-5.384620379620376,-5.384620379620376,STOP
2171,S72_SL5_TP10,DEXE/USDT,2026-08-13T18:00:00+00:00,2026-08-14T09:00:00+00:00,2.06,1.9569999999999999,2.06206,1.9550429999999999,48.49519412626209,100.0,0.1,0.09481018981018981,-5.189810189810187,-5.384620379620376,-5.384620379620376,STOP
2531,S72_SL5_TP12,DEXE/USDT,2026-08-13T18:00:00+00:00,2026-08-14T09:00:00+00:00,2.06,1.9569999999999999,2.06206,1.9550429999999999,48.49519412626209,100.0,0.1,0.09481018981018981,-5.189810189810187,-5.384620379620376,-5.384620379620376,STOP
698,S72_SL4_TP10,GPS/USDT,2026-08-14T07:00:00+00:00,2026-08-14T09:00:00+00:00,0.01139,0.0109344,0.011401389999999999,0.0109234656,8770.860395092179,100.0,0.1,0.09580819180819182,-4.191808191808188,-4.387616383616379,-4.387616383616379,STOP
1065,S72_SL4_TP12,RED/USDT,2026-08-14T01:00:00+00:00,2026-08-14T11:00:00+00:00,0.0891,0.085536,0.0891891,0.085450464,1121.2132424253637,100.0,0.1,0.0958081918081918,-4.19180819180818,-4.387616383616371,-4.387616383616371,STOP
6718,S75_SL5_TP12,HOME/USDT,2026-08-14T03:00:00+00:00,2026-08-14T12:00:00+00:00,0.01103,0.0104785,0.011041029999999999,0.0104680215,9057.126010888478,100.0,0.1,0.09481018981018982,-5.189810189810171,-5.38462037962036,-5.38462037962036,STOP
306,S72_SL4_TP8,HOME/USDT,2026-08-14T04:00:00+00:00,2026-08-14T12:00:00+00:00,0.01132,0.0108672,0.011331319999999999,0.0108563328,8825.09716431978,100.0,0.1,0.09580819180819182,-4.191808191808183,-4.387616383616374,-4.387616383616374,STOP
307,S72_SL4_TP8,SPCXB/USDT,2026-08-14T11:00:00+00:00,2026-08-14T13:00:00+00:00,143.81,138.0576,143.95380999999998,137.9195424,0.6946672686190106,100.0,0.1,0.09580819180819183,-4.1918081918081675,-4.387616383616359,-4.387616383616359,STOP
24253,CD6_E2_P10,PLUME/USDT,2026-08-14T12:00:00+00:00,2026-08-14T16:00:00+00:00,0.01319,0.0125305,0.013203189999999998,0.0125179695,7573.927210015157,100.0,0.1,0.09481018981018982,-5.189810189810178,-5.384620379620367,-5.384620379620367,STOP
24255,CD6_E2_P10,LINK/USDT,2026-08-14T09:00:00+00:00,2026-08-15T02:00:00+00:00,8.82,9.702000000000002,8.828819999999999,9.692298000000001,11.32654193878684,100.0,0.1,0.10978021978021982,9.78021978021981,9.57043956043959,9.57043956043959,TARGET
25645,CD12_E1_P15,LINK/USDT,2026-08-14T09:00:00+00:00,2026-08-15T02:00:00+00:00,8.82,9.702000000000002,8.828819999999999,9.692298000000001,11.32654193878684,100.0,0.1,0.10978021978021982,9.78021978021981,9.57043956043959,9.57043956043959,TARGET
11064,S78_SL6_TP8,LINK/USDT,2026-08-14T16:00:00+00:00,2026-08-15T02:00:00+00:00,8.877,9.58716,8.885876999999999,9.57757284,11.253813213934878,100.0,0.1,0.1077842157842158,7.7842157842157995,7.576431568431584,7.576431568431584,TARGET
10495,S78_SL5_TP12,ONG/USDT,2026-08-14T12:00:00+00:00,2026-08-15T06:00:00+00:00,0.04361,0.04884320000000001,0.043653609999999995,0.04879435680000001,2290.7612909905965,100.0,0.1,0.11177622377622382,11.776223776223807,11.564447552447584,11.564447552447584,TARGET
317,S72_SL4_TP8,WLFI/USDT,2026-08-14T08:00:00+00:00,2026-08-15T08:00:00+00:00,0.0561,0.0567,0.056156099999999994,0.0566433,1780.7504438520484,100.0,0.1,0.10086758161624473,0.8675816162447306,0.6667140346284859,0.6667140346284859,TIME
708,S72_SL4_TP10,U/USDT,2026-08-14T08:00:00+00:00,2026-08-15T08:00:00+00:00,1.0004,1.0005,1.0014003999999999,0.9994995,99.86015583776481,100.0,0.1,0.099810175829768,-0.18982417023199435,-0.3896343460617624,-0.3896343460617624,TIME
1075,S72_SL4_TP12,WLFI/USDT,2026-08-14T08:00:00+00:00,2026-08-15T08:00:00+00:00,0.0561,0.0567,0.056156099999999994,0.0566433,1780.7504438520484,100.0,0.1,0.10086758161624473,0.8675816162447306,0.6667140346284859,0.6667140346284859,TIME
318,S72_SL4_TP8,USDE/USDT,2026-08-14T09:00:00+00:00,2026-08-15T09:00:00+00:00,1.0008,1.001,1.0018007999999998,0.9999989999999999,99.82024370513581,100.0,0.1,0.09982014388489209,-0.17985611510791016,-0.3796762589928023,-0.3796762589928023,TIME
709,S72_SL4_TP10,USDE/USDT,2026-08-14T09:00:00+00:00,2026-08-15T09:00:00+00:00,1.0008,1.001,1.0018007999999998,0.9999989999999999,99.82024370513581,100.0,0.1,0.09982014388489209,-0.17985611510791016,-0.3796762589928023,-0.3796762589928023,TIME
1078,S72_SL4_TP12,ACE/USDT,2026-08-15T08:00:00+00:00,2026-08-15T09:00:00+00:00,0.272,0.26112,0.272272,0.26085888,367.2797790444849,100.0,0.1,0.0958081918081918,-4.191808191808191,-4.387616383616382,-4.387616383616382,STOP
2543,S72_SL5_TP12,ACE/USDT,2026-08-15T08:00:00+00:00,2026-08-15T09:00:00+00:00,0.272,0.2584,0.272272,0.2581416,367.2797790444849,100.0,0.1,0.09481018981018981,-5.189810189810185,-5.384620379620374,-5.384620379620374,STOP
9321,S78_SL4_TP12,ACE/USDT,2026-08-15T08:00:00+00:00,2026-08-15T09:00:00+00:00,0.272,0.26112,0.272272,0.26085888,367.2797790444849,100.0,0.1,0.0958081918081918,-4.191808191808191,-4.387616383616382,-4.387616383616382,STOP
3248,S72_SL6_TP8,PLUME/USDT,2026-08-15T02:00:00+00:00,2026-08-15T10:00:00+00:00,0.01305,0.014094000000000002,0.01306305,0.014079906000000003,7655.180068973173,100.0,0.1,0.10778421578421582,7.784215784215811,7.5764315684315955,7.576431568431595,TARGET
13424,S80_SL5_TP8,PLUME/USDT,2026-08-15T02:00:00+00:00,2026-08-15T10:00:00+00:00,0.01305,0.014094000000000002,0.01306305,0.014079906000000003,7655.180068973173,100.0,0.1,0.10778421578421582,7.784215784215811,7.5764315684315955,7.576431568431595,TARGET
15723,S82_SL4_TP8,PLUME/USDT,2026-08-15T02:00:00+00:00,2026-08-15T10:00:00+00:00,0.01305,0.014094000000000002,0.01306305,0.014079906000000003,7655.180068973173,100.0,0.1,0.10778421578421582,7.784215784215811,7.5764315684315955,7.576431568431595,TARGET
321,S72_SL4_TP8,PORTAL/USDT,2026-08-15T06:00:00+00:00,2026-08-15T12:00:00+00:00,0.01168,0.011212799999999998,0.011691679999999998,0.011201587199999998,8553.090744871568,100.0,0.1,0.0958081918081918,-4.191808191808188,-4.387616383616379,-4.387616383616379,STOP
322,S72_SL4_TP8,WLD/USDT,2026-08-14T13:00:00+00:00,2026-08-15T13:00:00+00:00,0.3427,0.343,0.3430427,0.34265700000000004,291.508899620951,100.0,0.1,0.09988756501741622,-0.11243498258378137,-0.3123225476011976,-0.3123225476011976,TIME
324,S72_SL4_TP8,HEMI/USDT,2026-08-15T09:00:00+00:00,2026-08-15T14:00:00+00:00,0.00533,0.0057564,0.005335329999999999,0.0057506436,18742.98309570355,100.0,0.1,0.1077842157842158,7.784215784215798,7.576431568431582,7.576431568431582,TARGET
714,S72_SL4_TP10,HEMI/USDT,2026-08-15T09:00:00+00:00,2026-08-15T14:00:00+00:00,0.00533,0.005863,0.005335329999999999,0.005857137,18742.98309570355,100.0,0.1,0.1097802197802198,9.780219780219797,9.570439560439578,9.570439560439578,TARGET
1082,S72_SL4_TP12,HEMI/USDT,2026-08-15T09:00:00+00:00,2026-08-15T14:00:00+00:00,0.00533,0.0059696,0.005335329999999999,0.0059636304,18742.98309570355,100.0,0.1,0.1117762237762238,11.776223776223798,11.564447552447575,11.564447552447575,TARGET
1447,S72_SL4_TP15,HEMI/USDT,2026-08-15T09:00:00+00:00,2026-08-15T14:00:00+00:00,0.00533,0.0061294999999999995,0.005335329999999999,0.006123370499999999,18742.98309570355,100.0,0.1,0.11477022977022978,14.770229770229772,14.555459540459543,14.555459540459543,TARGET
1820,S72_SL5_TP8,HEMI/USDT,2026-08-15T09:00:00+00:00,2026-08-15T14:00:00+00:00,0.00533,0.0057564,0.005335329999999999,0.0057506436,18742.98309570355,100.0,0.1,0.1077842157842158,7.784215784215798,7.576431568431582,7.576431568431582,TARGET
11916,S78_SL6_TP15,HEMI/USDT,2026-08-15T13:00:00+00:00,2026-08-15T14:00:00+00:00,0.00564,0.006486,0.0056456399999999995,0.006479514,17712.78367023048,100.0,0.1,0.11477022977022978,14.770229770229774,14.555459540459545,14.555459540459545,TARGET
1825,S72_SL5_TP8,ONG/USDT,2026-08-15T14:00:00+00:00,2026-08-15T19:00:00+00:00,0.04483,0.048416400000000005,0.04487483,0.048367983600000004,2228.4206981954026,100.0,0.1,0.10778421578421579,7.7842157842157995,7.576431568431584,7.576431568431584,TARGET
6044,S75_SL5_TP8,ONG/USDT,2026-08-15T14:00:00+00:00,2026-08-15T19:00:00+00:00,0.04483,0.048416400000000005,0.04487483,0.048367983600000004,2228.4206981954026,100.0,0.1,0.10778421578421579,7.7842157842157995,7.576431568431584,7.576431568431584,TARGET
11074,S78_SL6_TP8,ONG/USDT,2026-08-15T14:00:00+00:00,2026-08-15T19:00:00+00:00,0.04483,0.048416400000000005,0.04487483,0.048367983600000004,2228.4206981954026,100.0,0.1,0.10778421578421579,7.7842157842157995,7.576431568431584,7.576431568431584,TARGET
3255,S72_SL6_TP8,CHIP/USDT,2026-08-15T14:00:00+00:00,2026-08-15T21:00:00+00:00,0.02506,0.0270648,0.025085059999999996,0.0270377352,3986.4365482881053,100.0,0.1,0.1077842157842158,7.7842157842158,7.576431568431585,7.576431568431586,TARGET
4664,S75_SL4_TP8,CHIP/USDT,2026-08-15T14:00:00+00:00,2026-08-15T21:00:00+00:00,0.02506,0.0270648,0.025085059999999996,0.0270377352,3986.4365482881053,100.0,0.1,0.1077842157842158,7.7842157842158,7.576431568431585,7.576431568431586,TARGET
6045,S75_SL5_TP8,CHIP/USDT,2026-08-15T14:00:00+00:00,2026-08-15T21:00:00+00:00,0.02506,0.0270648,0.025085059999999996,0.0270377352,3986.4365482881053,100.0,0.1,0.1077842157842158,7.7842157842158,7.576431568431585,7.576431568431586,TARGET
3261,S72_SL6_TP8,OPN/USDT,2026-08-15T10:00:00+00:00,2026-08-16T10:00:00+00:00,0.0498,0.0532,0.04984979999999999,0.053146799999999994,2006.0261024116448,100.0,0.1,0.1066138680596512,6.613868059651196,6.407254191591545,6.407254191591545,TIME
3623,S72_SL6_TP10,OPN/USDT,2026-08-15T10:00:00+00:00,2026-08-16T10:00:00+00:00,0.0498,0.0532,0.04984979999999999,0.053146799999999994,2006.0261024116448,100.0,0.1,0.1066138680596512,6.613868059651196,6.407254191591545,6.407254191591545,TIME
4325,S72_SL6_TP15,OPN/USDT,2026-08-15T10:00:00+00:00,2026-08-16T10:00:00+00:00,0.0498,0.0532,0.04984979999999999,0.053146799999999994,2006.0261024116448,100.0,0.1,0.1066138680596512,6.613868059651196,6.407254191591545,6.407254191591545,TIME
331,S72_SL4_TP8,ONG/USDT,2026-08-15T19:00:00+00:00,2026-08-16T10:00:00+00:00,0.04868,0.05257440000000001,0.048728679999999996,0.05252182560000001,2052.179537799916,100.0,0.1,0.10778421578421582,7.784215784215811,7.5764315684315955,7.576431568431595,TARGET
12227,S80_SL4_TP8,ONG/USDT,2026-08-15T19:00:00+00:00,2026-08-16T10:00:00+00:00,0.04868,0.05257440000000001,0.048728679999999996,0.05252182560000001,2052.179537799916,100.0,0.1,0.10778421578421582,7.784215784215811,7.5764315684315955,7.576431568431595,TARGET
4669,S75_SL4_TP8,ONG/USDT,2026-08-15T21:00:00+00:00,2026-08-16T10:00:00+00:00,0.04832,0.052185600000000006,0.04836832,0.05213341440000001,2067.4689548861734,100.0,0.1,0.1077842157842158,7.784215784215802,7.576431568431587,7.576431568431587,TARGET
14589,S80_SL6_TP8,ONG/USDT,2026-08-15T21:00:00+00:00,2026-08-16T10:00:00+00:00,0.04832,0.052185600000000006,0.04836832,0.05213341440000001,2067.4689548861734,100.0,0.1,0.1077842157842158,7.784215784215802,7.576431568431587,7.576431568431587,TARGET
15735,S82_SL4_TP8,ONG/USDT,2026-08-15T21:00:00+00:00,2026-08-16T10:00:00+00:00,0.04832,0.052185600000000006,0.04836832,0.05213341440000001,2067.4689548861734,100.0,0.1,0.1077842157842158,7.784215784215802,7.576431568431587,7.576431568431587,TARGET
332,S72_SL4_TP8,GPS/USDT,2026-08-16T10:00:00+00:00,2026-08-16T11:00:00+00:00,0.01117,0.010723199999999999,0.011181169999999999,0.010712476799999999,8943.607869301693,100.0,0.1,0.0958081918081918,-4.191808191808193,-4.387616383616384,-4.387616383616384,STOP
5025,S75_SL4_TP10,GPS/USDT,2026-08-16T10:00:00+00:00,2026-08-16T11:00:00+00:00,0.01117,0.010723199999999999,0.011181169999999999,0.010712476799999999,8943.607869301693,100.0,0.1,0.0958081918081918,-4.191808191808193,-4.387616383616384,-4.387616383616384,STOP
6403,S75_SL5_TP10,GPS/USDT,2026-08-16T10:00:00+00:00,2026-08-16T11:00:00+00:00,0.01117,0.0106115,0.011181169999999999,0.010600888499999999,8943.607869301693,100.0,0.1,0.09481018981018981,-5.18981018981019,-5.3846203796203795,-5.3846203796203795,STOP
9627,S78_SL4_TP15,GPS/USDT,2026-08-16T10:00:00+00:00,2026-08-16T11:00:00+00:00,0.01117,0.010723199999999999,0.011181169999999999,0.010712476799999999,8943.607869301693,100.0,0.1,0.0958081918081918,-4.191808191808193,-4.387616383616384,-4.387616383616384,STOP
15736,S82_SL4_TP8,GPS/USDT,2026-08-16T10:00:00+00:00,2026-08-16T11:00:00+00:00,0.01117,0.010723199999999999,0.011181169999999999,0.010712476799999999,8943.607869301693,100.0,0.1,0.0958081918081918,-4.191808191808193,-4.387616383616384,-4.387616383616384,STOP
22400,CD6_E1_P5,GPS/USDT,2026-08-16T10:00:00+00:00,2026-08-16T11:00:00+00:00,0.01117,0.0106115,0.011181169999999999,0.010600888499999999,8943.607869301693,100.0,0.1,0.09481018981018981,-5.18981018981019,-5.3846203796203795,-5.3846203796203795,STOP
23690,CD6_E2_P5,GPS/USDT,2026-08-16T10:00:00+00:00,2026-08-16T11:00:00+00:00,0.01117,0.0106115,0.011181169999999999,0.010600888499999999,8943.607869301693,100.0,0.1,0.09481018981018981,-5.18981018981019,-5.3846203796203795,-5.3846203796203795,STOP
27748,CD24_E1_P10,GPS/USDT,2026-08-16T10:00:00+00:00,2026-08-16T11:00:00+00:00,0.01117,0.0106115,0.011181169999999999,0.010600888499999999,8943.607869301693,100.0,0.1,0.09481018981018981,-5.18981018981019,-5.3846203796203795,-5.3846203796203795,STOP
333,S72_SL4_TP8,OPN/USDT,2026-08-15T12:00:00+00:00,2026-08-16T12:00:00+00:00,0.0495,0.0519,0.049549499999999996,0.0518481,2018.1838363656548,100.0,0.1,0.10463899736627011,4.638997366270104,4.434358368903834,4.434358368903834,TIME
336,S72_SL4_TP8,PORTAL/USDT,2026-08-16T11:00:00+00:00,2026-08-16T12:00:00+00:00,0.01226,0.0132408,0.012272259999999998,0.0132275592,8148.458393156599,100.0,0.1,0.1077842157842158,7.784215784215805,7.576431568431589,7.576431568431589,TARGET
3264,S72_SL6_TP8,PORTAL/USDT,2026-08-16T11:00:00+00:00,2026-08-16T12:00:00+00:00,0.01226,0.0132408,0.012272259999999998,0.0132275592,8148.458393156599,100.0,0.1,0.1077842157842158,7.784215784215805,7.576431568431589,7.576431568431589,TARGET
3626,S72_SL6_TP10,PORTAL/USDT,2026-08-16T11:00:00+00:00,2026-08-16T12:00:00+00:00,0.01226,0.013486000000000001,0.012272259999999998,0.013472514000000001,8148.458393156599,100.0,0.1,0.1097802197802198,9.780219780219806,9.570439560439587,9.570439560439587,TARGET
3975,S72_SL6_TP12,PORTAL/USDT,2026-08-16T11:00:00+00:00,2026-08-16T12:00:00+00:00,0.01226,0.0137312,0.012272259999999998,0.0137174688,8148.458393156599,100.0,0.1,0.11177622377622379,11.776223776223793,11.56444755244757,11.56444755244757,TARGET
5026,S75_SL4_TP10,PORTAL/USDT,2026-08-16T11:00:00+00:00,2026-08-16T12:00:00+00:00,0.01226,0.013486000000000001,0.012272259999999998,0.013472514000000001,8148.458393156599,100.0,0.1,0.1097802197802198,9.780219780219806,9.570439560439587,9.570439560439587,TARGET
5713,S75_SL4_TP15,PORTAL/USDT,2026-08-16T11:00:00+00:00,2026-08-16T12:00:00+00:00,0.01226,0.014098999999999999,0.012272259999999998,0.014084900999999999,8148.458393156599,100.0,0.1,0.11477022977022978,14.770229770229774,14.555459540459545,14.555459540459545,TARGET
6404,S75_SL5_TP10,PORTAL/USDT,2026-08-16T11:00:00+00:00,2026-08-16T12:00:00+00:00,0.01226,0.013486000000000001,0.012272259999999998,0.013472514000000001,8148.458393156599,100.0,0.1,0.1097802197802198,9.780219780219806,9.570439560439587,9.570439560439587,TARGET
9628,S78_SL4_TP15,PORTAL/USDT,2026-08-16T11:00:00+00:00,2026-08-16T12:00:00+00:00,0.01226,0.014098999999999999,0.012272259999999998,0.014084900999999999,8148.458393156599,100.0,0.1,0.11477022977022978,14.770229770229774,14.555459540459545,14.555459540459545,TARGET
9338,S78_SL4_TP12,PORTAL/USDT,2026-08-16T12:00:00+00:00,2026-08-16T14:00:00+00:00,0.016,0.01536,0.016016,0.01534464,6243.756243756244,100.0,0.1,0.0958081918081918,-4.191808191808188,-4.387616383616379,-4.387616383616379,STOP
726,S72_SL4_TP10,PORTAL/USDT,2026-08-16T14:00:00+00:00,2026-08-16T15:00:00+00:00,0.01465,0.014064,0.014664649999999998,0.014049936,6819.119447105796,100.0,0.1,0.09580819180819182,-4.191808191808173,-4.387616383616364,-4.387616383616364,STOP
4675,S75_SL4_TP8,PORTAL/USDT,2026-08-16T15:00:00+00:00,2026-08-16T16:00:00+00:00,0.01336,0.014428800000000002,0.013373359999999999,0.014414371200000001,7477.552387732029,100.0,0.1,0.1077842157842158,7.784215784215802,7.576431568431587,7.576431568431587,TARGET
1836,S72_SL5_TP8,BEL/USDT,2026-08-16T12:00:00+00:00,2026-08-16T18:00:00+00:00,0.107,0.11556000000000001,0.10710699999999998,0.11544444000000001,933.6457934588777,100.0,0.1,0.10778421578421582,7.784215784215813,7.576431568431597,7.576431568431598,TARGET
5032,S75_SL4_TP10,BEL/USDT,2026-08-16T12:00:00+00:00,2026-08-16T18:00:00+00:00,0.107,0.11770000000000001,0.10710699999999998,0.11758230000000001,933.6457934588777,100.0,0.1,0.10978021978021982,9.780219780219815,9.570439560439596,9.570439560439596,TARGET
5380,S75_SL4_TP12,BEL/USDT,2026-08-16T12:00:00+00:00,2026-08-16T18:00:00+00:00,0.107,0.11984000000000002,0.10710699999999998,0.11972016000000002,933.6457934588777,100.0,0.1,0.11177622377622382,11.776223776223816,11.564447552447593,11.564447552447593,TARGET
8091,S75_SL6_TP12,BEL/USDT,2026-08-16T12:00:00+00:00,2026-08-16T18:00:00+00:00,0.107,0.11984000000000002,0.10710699999999998,0.11972016000000002,933.6457934588777,100.0,0.1,0.11177622377622382,11.776223776223816,11.564447552447593,11.564447552447593,TARGET
8735,S78_SL4_TP8,BEL/USDT,2026-08-16T12:00:00+00:00,2026-08-16T18:00:00+00:00,0.107,0.11556000000000001,0.10710699999999998,0.11544444000000001,933.6457934588777,100.0,0.1,0.10778421578421582,7.784215784215813,7.576431568431597,7.576431568431598,TARGET
12236,S80_SL4_TP8,BEL/USDT,2026-08-16T12:00:00+00:00,2026-08-16T18:00:00+00:00,0.107,0.11556000000000001,0.10710699999999998,0.11544444000000001,933.6457934588777,100.0,0.1,0.10778421578421582,7.784215784215813,7.576431568431597,7.576431568431598,TARGET
12551,S80_SL4_TP10,BEL/USDT,2026-08-16T12:00:00+00:00,2026-08-16T18:00:00+00:00,0.107,0.11770000000000001,0.10710699999999998,0.11758230000000001,933.6457934588777,100.0,0.1,0.10978021978021982,9.780219780219815,9.570439560439596,9.570439560439596,TARGET
16046,S82_SL4_TP10,BEL/USDT,2026-08-16T12:00:00+00:00,2026-08-16T18:00:00+00:00,0.107,0.11770000000000001,0.10710699999999998,0.11758230000000001,933.6457934588777,100.0,0.1,0.10978021978021982,9.780219780219815,9.570439560439596,9.570439560439596,TARGET
728,S72_SL4_TP10,ONG/USDT,2026-08-15T19:00:00+00:00,2026-08-16T19:00:00+00:00,0.04868,0.05249,0.048728679999999996,0.05243751,2052.179537799916,100.0,0.1,0.10761118503517848,7.611185035178469,7.403573850143291,7.4035738501432915,TIME
27756,CD24_E1_P10,BEL/USDT,2026-08-16T16:00:00+00:00,2026-08-16T19:00:00+00:00,0.1112,0.12232,0.11131119999999999,0.12219768,898.3821933462223,100.0,0.1,0.1097802197802198,9.780219780219797,9.570439560439578,9.570439560439578,TARGET
28206,CD24_E1_P15,BEL/USDT,2026-08-16T19:00:00+00:00,2026-08-16T20:00:00+00:00,0.1231,0.116945,0.12322309999999999,0.116828055,811.5361486604379,100.0,0.1,0.09481018981018981,-5.1898101898101805,-5.38462037962037,-5.38462037962037,STOP
29463,CD24_E2_P15,BEL/USDT,2026-08-16T19:00:00+00:00,2026-08-16T20:00:00+00:00,0.1231,0.116945,0.12322309999999999,0.116828055,811.5361486604379,100.0,0.1,0.09481018981018981,-5.1898101898101805,-5.38462037962037,-5.38462037962037,STOP
7427,S75_SL6_TP8,PORTAL/USDT,2026-08-16T18:00:00+00:00,2026-08-16T22:00:00+00:00,0.01674,0.018079200000000004,0.01675674,0.018061120800000004,5967.747903231774,100.0,0.1,0.1077842157842158,7.784215784215811,7.5764315684315955,7.576431568431595,TARGET
7764,S75_SL6_TP10,PORTAL/USDT,2026-08-16T18:00:00+00:00,2026-08-16T22:00:00+00:00,0.01674,0.018414000000000003,0.01675674,0.018395586000000002,5967.747903231774,100.0,0.1,0.1097802197802198,9.780219780219797,9.570439560439578,9.570439560439578,TARGET
13739,S80_SL5_TP10,PORTAL/USDT,2026-08-16T18:00:00+00:00,2026-08-16T22:00:00+00:00,0.01674,0.018414000000000003,0.01675674,0.018395586000000002,5967.747903231774,100.0,0.1,0.1097802197802198,9.780219780219797,9.570439560439578,9.570439560439578,TARGET
17227,S82_SL5_TP10,PORTAL/USDT,2026-08-16T18:00:00+00:00,2026-08-16T22:00:00+00:00,0.01674,0.018414000000000003,0.01675674,0.018395586000000002,5967.747903231774,100.0,0.1,0.1097802197802198,9.780219780219797,9.570439560439578,9.570439560439578,TARGET
24753,CD6_E2_P15,PORTAL/USDT,2026-08-16T18:00:00+00:00,2026-08-16T22:00:00+00:00,0.01674,0.018414000000000003,0.01675674,0.018395586000000002,5967.747903231774,100.0,0.1,0.1097802197802198,9.780219780219797,9.570439560439578,9.570439560439578,TARGET
26952,CD12_E2_P15,PORTAL/USDT,2026-08-16T18:00:00+00:00,2026-08-16T22:00:00+00:00,0.01674,0.018414000000000003,0.01675674,0.018395586000000002,5967.747903231774,100.0,0.1,0.1097802197802198,9.780219780219797,9.570439560439578,9.570439560439578,TARGET
6750,S75_SL5_TP12,PORTAL/USDT,2026-08-16T20:00:00+00:00,2026-08-16T22:00:00+00:00,0.01665,0.018648000000000005,0.016666649999999998,0.018629352000000005,6000.006000006,100.0,0.1,0.11177622377622382,11.77622377622382,11.564447552447596,11.564447552447596,TARGET
12850,S80_SL4_TP12,CHIP/USDT,2026-08-16T20:00:00+00:00,2026-08-16T22:00:00+00:00,0.02952,0.0283392,0.02954952,0.028310860799999997,3384.14972561314,100.0,0.1,0.09580819180819179,-4.1918081918081995,-4.387616383616391,-4.387616383616391,STOP
1467,S72_SL4_TP15,ONG/USDT,2026-08-16T18:00:00+00:00,2026-08-17T01:00:00+00:00,0.05256,0.060444,0.052612559999999996,0.060383556,1900.6868321936818,100.0,0.1,0.11477022977022978,14.770229770229777,14.555459540459548,14.555459540459548,TARGET
8096,S75_SL6_TP12,ONG/USDT,2026-08-16T18:00:00+00:00,2026-08-17T01:00:00+00:00,0.05256,0.05886720000000001,0.052612559999999996,0.05880833280000001,1900.6868321936818,100.0,0.1,0.1117762237762238,11.776223776223802,11.564447552447579,11.564447552447579,TARGET
343,S72_SL4_TP8,ONG/USDT,2026-08-16T22:00:00+00:00,2026-08-17T01:00:00+00:00,0.05363,0.057920400000000004,0.05368362999999999,0.0578624796,1862.76524147119,100.0,0.1,0.1077842157842158,7.78421578421581,7.576431568431595,7.576431568431595,TARGET
7428,S75_SL6_TP8,ONG/USDT,2026-08-16T22:00:00+00:00,2026-08-17T01:00:00+00:00,0.05363,0.057920400000000004,0.05368362999999999,0.0578624796,1862.76524147119,100.0,0.1,0.1077842157842158,7.78421578421581,7.576431568431595,7.576431568431595,TARGET
7766,S75_SL6_TP10,ONG/USDT,2026-08-16T22:00:00+00:00,2026-08-17T01:00:00+00:00,0.05363,0.058993000000000004,0.05368362999999999,0.058934007000000004,1862.76524147119,100.0,0.1,0.10978021978021982,9.78021978021981,9.57043956043959,9.57043956043959,TARGET
12240,S80_SL4_TP8,ONG/USDT,2026-08-16T22:00:00+00:00,2026-08-17T01:00:00+00:00,0.05363,0.057920400000000004,0.05368362999999999,0.0578624796,1862.76524147119,100.0,0.1,0.1077842157842158,7.78421578421581,7.576431568431595,7.576431568431595,TARGET
13449,S80_SL5_TP8,ONG/USDT,2026-08-16T22:00:00+00:00,2026-08-17T01:00:00+00:00,0.05363,0.057920400000000004,0.05368362999999999,0.0578624796,1862.76524147119,100.0,0.1,0.1077842157842158,7.78421578421581,7.576431568431595,7.576431568431595,TARGET
27189,CD24_E1_P5,ONG/USDT,2026-08-16T22:00:00+00:00,2026-08-17T01:00:00+00:00,0.05363,0.058993000000000004,0.05368362999999999,0.058934007000000004,1862.76524147119,100.0,0.1,0.10978021978021982,9.78021978021981,9.57043956043959,9.57043956043959,TARGET
28446,CD24_E2_P5,ONG/USDT,2026-08-16T22:00:00+00:00,2026-08-17T01:00:00+00:00,0.05363,0.058993000000000004,0.05368362999999999,0.058934007000000004,1862.76524147119,100.0,0.1,0.10978021978021982,9.78021978021981,9.57043956043959,9.57043956043959,TARGET
1468,S72_SL4_TP15,GPS/USDT,2026-08-17T01:00:00+00:00,2026-08-17T03:00:00+00:00,0.01195,0.0137425,0.011961949999999999,0.0137287575,8359.840995824261,100.0,0.1,0.1147702297702298,14.770229770229774,14.555459540459545,14.555459540459545,TARGET
2567,S72_SL5_TP12,GPS/USDT,2026-08-17T01:00:00+00:00,2026-08-17T03:00:00+00:00,0.01195,0.013384000000000002,0.011961949999999999,0.013370616000000002,8359.840995824261,100.0,0.1,0.11177622377622382,11.776223776223802,11.564447552447579,11.564447552447579,TARGET
8432,S75_SL6_TP15,GPS/USDT,2026-08-17T01:00:00+00:00,2026-08-17T03:00:00+00:00,0.01195,0.0137425,0.011961949999999999,0.0137287575,8359.840995824261,100.0,0.1,0.1147702297702298,14.770229770229774,14.555459540459545,14.555459540459545,TARGET
16051,S82_SL4_TP10,GPS/USDT,2026-08-17T01:00:00+00:00,2026-08-17T03:00:00+00:00,0.01195,0.013145000000000002,0.011961949999999999,0.013131855000000001,8359.840995824261,100.0,0.1,0.10978021978021982,9.780219780219802,9.570439560439583,9.570439560439583,TARGET
16349,S82_SL4_TP12,GPS/USDT,2026-08-17T01:00:00+00:00,2026-08-17T03:00:00+00:00,0.01195,0.013384000000000002,0.011961949999999999,0.013370616000000002,8359.840995824261,100.0,0.1,0.11177622377622382,11.776223776223802,11.564447552447579,11.564447552447579,TARGET
22655,CD6_E1_P7,GPS/USDT,2026-08-17T01:00:00+00:00,2026-08-17T03:00:00+00:00,0.01195,0.013145000000000002,0.011961949999999999,0.013131855000000001,8359.840995824261,100.0,0.1,0.10978021978021982,9.780219780219802,9.570439560439583,9.570439560439583,TARGET
24282,CD6_E2_P10,GPS/USDT,2026-08-17T01:00:00+00:00,2026-08-17T03:00:00+00:00,0.01195,0.013145000000000002,0.011961949999999999,0.013131855000000001,8359.840995824261,100.0,0.1,0.10978021978021982,9.780219780219802,9.570439560439583,9.570439560439583,TARGET
26493,CD12_E2_P10,GPS/USDT,2026-08-17T01:00:00+00:00,2026-08-17T03:00:00+00:00,0.01195,0.013145000000000002,0.011961949999999999,0.013131855000000001,8359.840995824261,100.0,0.1,0.10978021978021982,9.780219780219802,9.570439560439583,9.570439560439583,TARGET
27190,CD24_E1_P5,GPS/USDT,2026-08-17T01:00:00+00:00,2026-08-17T03:00:00+00:00,0.01195,0.013145000000000002,0.011961949999999999,0.013131855000000001,8359.840995824261,100.0,0.1,0.10978021978021982,9.780219780219802,9.570439560439583,9.570439560439583,TARGET
8433,S75_SL6_TP15,ACE/USDT,2026-08-17T03:00:00+00:00,2026-08-17T05:00:00+00:00,0.1683,0.158202,0.1684683,0.158043798,593.5834812840161,100.0,0.1,0.09381218781218784,-6.187812187812173,-6.3816243756243605,-6.3816243756243605,STOP
14314,S80_SL5_TP15,ACE/USDT,2026-08-17T03:00:00+00:00,2026-08-17T05:00:00+00:00,0.1683,0.159885,0.1684683,0.159725115,593.5834812840161,100.0,0.1,0.09481018981018982,-5.189810189810182,-5.3846203796203715,-5.3846203796203715,STOP
26959,CD12_E2_P15,ACE/USDT,2026-08-17T03:00:00+00:00,2026-08-17T05:00:00+00:00,0.1683,0.159885,0.1684683,0.159725115,593.5834812840161,100.0,0.1,0.09481018981018982,-5.189810189810182,-5.3846203796203715,-5.3846203796203715,STOP
28214,CD24_E1_P15,ACE/USDT,2026-08-17T03:00:00+00:00,2026-08-17T05:00:00+00:00,0.1683,0.159885,0.1684683,0.159725115,593.5834812840161,100.0,0.1,0.09481018981018982,-5.189810189810182,-5.3846203796203715,-5.3846203796203715,STOP
29471,CD24_E2_P15,ACE/USDT,2026-08-17T03:00:00+00:00,2026-08-17T05:00:00+00:00,0.1683,0.159885,0.1684683,0.159725115,593.5834812840161,100.0,0.1,0.09481018981018982,-5.189810189810182,-5.3846203796203715,-5.3846203796203715,STOP
348,S72_SL4_TP8,MUBARAK/USDT,2026-08-17T05:00:00+00:00,2026-08-17T10:00:00+00:00,0.01809,0.017366399999999997,0.018108089999999997,0.017349033599999997,5522.3935820950755,100.0,0.1,0.0958081918081918,-4.191808191808189,-4.38761638361638,-4.38761638361638,STOP
8437,S75_SL6_TP15,MUBARAK/USDT,2026-08-17T05:00:00+00:00,2026-08-17T11:00:00+00:00,0.01809,0.017004599999999998,0.018108089999999997,0.0169875954,5522.3935820950755,100.0,0.1,0.09381218781218784,-6.187812187812174,-6.381624375624361,-6.381624375624362,STOP
17800,S82_SL5_TP15,MUBARAK/USDT,2026-08-17T05:00:00+00:00,2026-08-17T11:00:00+00:00,0.01809,0.0171855,0.018108089999999997,0.0171683145,5522.3935820950755,100.0,0.1,0.09481018981018982,-5.189810189810172,-5.384620379620361,-5.384620379620361,STOP
5724,S75_SL4_TP15,PLUME/USDT,2026-08-17T03:00:00+00:00,2026-08-17T12:00:00+00:00,0.01303,0.012508799999999999,0.013043029999999999,0.012496291199999999,7666.930153499609,100.0,0.1,0.0958081918081918,-4.191808191808192,-4.3876163836163835,-4.3876163836163835,STOP
19773,S85_SL4_TP12,PLUME/USDT,2026-08-17T03:00:00+00:00,2026-08-17T12:00:00+00:00,0.01303,0.012508799999999999,0.013043029999999999,0.012496291199999999,7666.930153499609,100.0,0.1,0.0958081918081918,-4.191808191808192,-4.3876163836163835,-4.3876163836163835,STOP
2571,S72_SL5_TP12,ONG/USDT,2026-08-17T03:00:00+00:00,2026-08-17T14:00:00+00:00,0.05908,0.056125999999999995,0.05913908,0.056069874,1690.9292467857126,100.0,0.1,0.09481018981018981,-5.189810189810187,-5.384620379620376,-5.384620379620376,STOP
16056,S82_SL4_TP10,KORUB/USDT,2026-08-17T03:00:00+00:00,2026-08-17T14:00:00+00:00,22.59,24.849,22.612589999999997,24.824151,4.422315179287291,100.0,0.1,0.10978021978021979,9.780219780219795,9.570439560439576,9.570439560439576,TARGET
24764,CD6_E2_P15,RARE/USDT,2026-08-17T10:00:00+00:00,2026-08-17T14:00:00+00:00,0.0129,0.012255,0.012912899999999998,0.012242745000000001,7744.19379070542,100.0,0.1,0.09481018981018985,-5.189810189810167,-5.3846203796203564,-5.3846203796203564,STOP
1848,S72_SL5_TP8,ACE/USDT,2026-08-17T11:00:00+00:00,2026-08-17T15:00:00+00:00,0.1908,0.18125999999999998,0.1909908,0.18107874,523.5854292458066,100.0,0.1,0.09481018981018981,-5.18981018981019,-5.3846203796203795,-5.3846203796203795,STOP
6070,S75_SL5_TP8,ACE/USDT,2026-08-17T11:00:00+00:00,2026-08-17T15:00:00+00:00,0.1908,0.18125999999999998,0.1909908,0.18107874,523.5854292458066,100.0,0.1,0.09481018981018981,-5.18981018981019,-5.3846203796203795,-5.3846203796203795,STOP
738,S72_SL4_TP10,TUT/USDT,2026-08-17T15:00:00+00:00,2026-08-17T15:41:47.352932+00:00,0.04442,0.0426432,0.04446442,0.0426005568,2248.989191807742,100.0,0.1,0.0958081918081918,-4.191808191808183,-4.387616383616374,-4.387616383616374,STOP
1849,S72_SL5_TP8,TUT/USDT,2026-08-17T15:00:00+00:00,2026-08-17T15:41:47.352932+00:00,0.04442,0.042199,0.04446442,0.042156801,2248.989191807742,100.0,0.1,0.09481018981018981,-5.189810189810182,-5.3846203796203715,-5.3846203796203715,STOP
1853,S72_SL5_TP8,ALLO/USDT,2026-08-17T15:41:47.979890+00:00,2026-08-17T20:00:00+00:00,0.28,0.30240000000000006,0.28028,0.3020976000000001,356.7860710717854,100.0,0.1,0.10778421578421582,7.784215784215822,7.576431568431606,7.576431568431606,TARGET
4691,S75_SL4_TP8,ALLO/USDT,2026-08-17T15:41:47.979890+00:00,2026-08-17T20:00:00+00:00,0.28,0.30240000000000006,0.28028,0.3020976000000001,356.7860710717854,100.0,0.1,0.10778421578421582,7.784215784215822,7.576431568431606,7.576431568431606,TARGET
4694,S75_SL4_TP8,PUMP/USDT,2026-08-17T05:00:00+00:00,2026-08-17T21:00:00+00:00,0.0029,0.0027839999999999996,0.0029028999999999995,0.0027812159999999995,34448.31031037928,100.0,0.1,0.0958081918081918,-4.191808191808191,-4.387616383616382,-4.387616383616382,STOP
8752,S78_SL4_TP8,PUMP/USDT,2026-08-17T05:00:00+00:00,2026-08-17T21:00:00+00:00,0.0029,0.0027839999999999996,0.0029028999999999995,0.0027812159999999995,34448.31031037928,100.0,0.1,0.0958081918081918,-4.191808191808191,-4.387616383616382,-4.387616383616382,STOP
1113,S72_SL4_TP12,EUR/USDT,2026-08-16T22:00:00+00:00,2026-08-17T22:00:00+00:00,1.1583,1.159,1.1594583,1.1578410000000001,86.24717249425873,100.0,0.1,0.09986051244792503,-0.13948755207495883,-0.33934806452288385,-0.33934806452288385,TIME
358,S72_SL4_TP8,GPS/USDT,2026-08-17T12:00:00+00:00,2026-08-18T00:00:00+00:00,0.01554,0.0167832,0.015555539999999998,0.016766416800000003,6428.5778571492865,100.0,0.1,0.10778421578421582,7.784215784215818,7.576431568431603,7.576431568431602,TARGET
3281,S72_SL6_TP8,GPS/USDT,2026-08-17T12:00:00+00:00,2026-08-18T00:00:00+00:00,0.01554,0.0167832,0.015555539999999998,0.016766416800000003,6428.5778571492865,100.0,0.1,0.10778421578421582,7.784215784215818,7.576431568431603,7.576431568431602,TARGET
4697,S75_SL4_TP8,SOXLB/USDT,2026-08-17T14:00:00+00:00,2026-08-18T01:00:00+00:00,155.39,149.1744,155.54538999999997,149.0252256,0.6428991563170083,100.0,0.1,0.09580819180819183,-4.191808191808174,-4.387616383616365,-4.387616383616365,STOP
359,S72_SL4_TP8,SNXXB/USDT,2026-08-17T22:00:00+00:00,2026-08-18T01:00:00+00:00,19.6,18.816,19.6196,18.797183999999998,5.0969438724540765,100.0,0.1,0.09580819180819179,-4.191808191808194,-4.387616383616385,-4.387616383616385,STOP
9060,S78_SL4_TP10,SNXXB/USDT,2026-08-18T00:00:00+00:00,2026-08-18T01:00:00+00:00,19.35,18.576,19.36935,18.557424,5.162795860470279,100.0,0.1,0.0958081918081918,-4.191808191808191,-4.387616383616382,-4.387616383616382,STOP
1115,S72_SL4_TP12,ONG/USDT,2026-08-18T01:00:00+00:00,2026-08-18T01:46:03.886023+00:00,0.05805,0.05572799999999999,0.058108049999999994,0.055672271999999995,1720.9319534900933,100.0,0.1,0.0958081918081918,-4.1918081918081915,-4.387616383616383,-4.387616383616383,STOP
1481,S72_SL4_TP15,ONG/USDT,2026-08-18T01:00:00+00:00,2026-08-18T01:46:03.886023+00:00,0.05805,0.05572799999999999,0.058108049999999994,0.055672271999999995,1720.9319534900933,100.0,0.1,0.0958081918081918,-4.1918081918081915,-4.387616383616383,-4.387616383616383,STOP
5398,S75_SL4_TP12,ONG/USDT,2026-08-18T01:00:00+00:00,2026-08-18T01:46:03.886023+00:00,0.05805,0.05572799999999999,0.058108049999999994,0.055672271999999995,1720.9319534900933,100.0,0.1,0.0958081918081918,-4.1918081918081915,-4.387616383616383,-4.387616383616383,STOP
14614,S80_SL6_TP8,SOXLB/USDT,2026-08-17T14:00:00+00:00,2026-08-18T02:00:00+00:00,155.39,146.06659999999997,155.54538999999997,145.92053339999995,0.6428991563170083,100.0,0.1,0.09381218781218781,-6.187812187812199,-6.381624375624386,-6.381624375624387,STOP
14895,S80_SL6_TP10,SOXLB/USDT,2026-08-17T14:00:00+00:00,2026-08-18T02:00:00+00:00,155.39,146.06659999999997,155.54538999999997,145.92053339999995,0.6428991563170083,100.0,0.1,0.09381218781218781,-6.187812187812199,-6.381624375624386,-6.381624375624387,STOP
18095,S82_SL6_TP8,SNXXB/USDT,2026-08-18T00:00:00+00:00,2026-08-18T02:00:00+00:00,19.35,18.189,19.36935,18.170811,5.162795860470279,100.0,0.1,0.09381218781218782,-6.187812187812189,-6.3816243756243765,-6.381624375624377,STOP
7782,S75_SL6_TP10,TUT/USDT,2026-08-18T02:00:00+00:00,2026-08-18T02:13:39.827160+00:00,0.04766,0.0448004,0.04770766,0.044755599599999994,2096.099452373057,100.0,0.1,0.0938121878121878,-6.187812187812197,-6.3816243756243844,-6.381624375624384,STOP
12865,S80_SL4_TP12,TUT/USDT,2026-08-18T02:00:00+00:00,2026-08-18T02:13:39.827160+00:00,0.04766,0.0457536,0.04770766,0.0457078464,2096.099452373057,100.0,0.1,0.0958081918081918,-4.191808191808185,-4.387616383616376,-4.387616383616376,STOP
13464,S80_SL5_TP8,TUT/USDT,2026-08-18T02:00:00+00:00,2026-08-18T02:13:39.827160+00:00,0.04766,0.045277,0.04770766,0.045231722999999995,2096.099452373057,100.0,0.1,0.0948101898101898,-5.189810189810199,-5.384620379620388,-5.384620379620388,STOP
364,S72_SL4_TP8,OPN/USDT,2026-08-17T20:00:00+00:00,2026-08-18T07:00:00+00:00,0.0527,0.056916,0.05275269999999999,0.056859084000000004,1895.637569261858,100.0,0.1,0.10778421578421582,7.7842157842158075,7.576431568431592,7.576431568431592,TARGET
1857,S72_SL5_TP8,OPN/USDT,2026-08-17T20:00:00+00:00,2026-08-18T07:00:00+00:00,0.0527,0.056916,0.05275269999999999,0.056859084000000004,1895.637569261858,100.0,0.1,0.10778421578421582,7.7842157842158075,7.576431568431592,7.576431568431592,TARGET
6081,S75_SL5_TP8,OPN/USDT,2026-08-17T21:00:00+00:00,2026-08-18T07:00:00+00:00,0.053,0.05724,0.053052999999999996,0.05718276,1884.907545284904,100.0,0.1,0.1077842157842158,7.7842157842157915,7.576431568431576,7.576431568431576,TARGET
7444,S75_SL6_TP8,OPN/USDT,2026-08-17T21:00:00+00:00,2026-08-18T07:00:00+00:00,0.053,0.05724,0.053052999999999996,0.05718276,1884.907545284904,100.0,0.1,0.1077842157842158,7.7842157842157915,7.576431568431576,7.576431568431576,TARGET
1491,S72_SL4_TP15,DEXE/USDT,2026-08-18T01:46:05.136489+00:00,2026-08-18T10:00:00+00:00,1.975,1.896,1.976975,1.894104,50.582329063341724,100.0,0.1,0.0958081918081918,-4.191808191808188,-4.387616383616379,-4.387616383616379,STOP
5054,S75_SL4_TP10,ACE/USDT,2026-08-18T07:00:00+00:00,2026-08-18T10:00:00+00:00,0.191,0.18336,0.19119099999999997,0.18317664,523.037172251832,100.0,0.1,0.09580819180819182,-4.191808191808176,-4.3876163836163675,-4.3876163836163675,STOP
13164,S80_SL4_TP15,ACE/USDT,2026-08-18T07:00:00+00:00,2026-08-18T10:00:00+00:00,0.191,0.18336,0.19119099999999997,0.18317664,523.037172251832,100.0,0.1,0.09580819180819182,-4.191808191808176,-4.3876163836163675,-4.3876163836163675,STOP
16367,S82_SL4_TP12,ACE/USDT,2026-08-18T07:00:00+00:00,2026-08-18T10:00:00+00:00,0.191,0.18336,0.19119099999999997,0.18317664,523.037172251832,100.0,0.1,0.09580819180819182,-4.191808191808176,-4.3876163836163675,-4.3876163836163675,STOP
370,S72_SL4_TP8,CHIP/USDT,2026-08-18T07:00:00+00:00,2026-08-18T12:00:00+00:00,0.02904,0.027878399999999998,0.029069039999999997,0.027850521599999997,3440.0860847141844,100.0,0.1,0.0958081918081918,-4.191808191808193,-4.387616383616384,-4.387616383616384,STOP
5743,S75_SL4_TP15,CHIP/USDT,2026-08-18T10:00:00+00:00,2026-08-18T13:00:00+00:00,0.0287,0.027552,0.028728699999999996,0.027524448,3480.839717773516,100.0,0.1,0.09580819180819182,-4.191808191808178,-4.387616383616369,-4.387616383616369,STOP
16371,S82_SL4_TP12,CHIP/USDT,2026-08-18T10:00:00+00:00,2026-08-18T13:00:00+00:00,0.0287,0.027552,0.028728699999999996,0.027524448,3480.839717773516,100.0,0.1,0.09580819180819182,-4.191808191808178,-4.387616383616369,-4.387616383616369,STOP
17537,S82_SL5_TP12,ACE/USDT,2026-08-18T12:00:00+00:00,2026-08-18T12:30:12.661268+00:00,0.2162,0.20539,0.21641619999999998,0.20518461,462.0726174842734,100.0,0.1,0.09481018981018981,-5.189810189810184,-5.384620379620373,-5.384620379620373,STOP
7789,S75_SL6_TP10,HEMI/USDT,2026-08-18T02:13:54.730829+00:00,2026-08-18T14:00:00+00:00,0.0069,0.006486,0.006906899999999999,0.006479514,14478.275347840568,100.0,0.1,0.09381218781218784,-6.1878121878121775,-6.381624375624365,-6.381624375624365,STOP
23013,CD6_E1_P10,HEMI/USDT,2026-08-18T02:13:54.730829+00:00,2026-08-18T14:00:00+00:00,0.0069,0.006554999999999999,0.006906899999999999,0.006548444999999999,14478.275347840568,100.0,0.1,0.09481018981018981,-5.189810189810187,-5.384620379620376,-5.384620379620376,STOP
3654,S72_SL6_TP10,HEI/USDT,2026-08-18T14:00:00+00:00,2026-08-18T15:00:00+00:00,0.1463,0.137522,0.1464463,0.137384478,682.8441551613117,100.0,0.1,0.09381218781218782,-6.187812187812186,-6.381624375624374,-6.381624375624375,STOP
9956,S78_SL5_TP8,HEI/USDT,2026-08-18T14:00:00+00:00,2026-08-18T15:00:00+00:00,0.1463,0.138985,0.1464463,0.138846015,682.8441551613117,100.0,0.1,0.09481018981018981,-5.189810189810198,-5.3846203796203875,-5.3846203796203875,STOP
2230,S72_SL5_TP10,HEI/USDT,2026-08-18T13:00:00+00:00,2026-08-18T16:00:00+00:00,0.1429,0.135755,0.14304289999999997,0.135619245,699.0909720090967,100.0,0.1,0.09481018981018982,-5.1898101898101725,-5.384620379620362,-5.384620379620362,STOP
23489,CD6_E1_P15,HEI/USDT,2026-08-18T13:00:00+00:00,2026-08-18T16:00:00+00:00,0.1429,0.135755,0.14304289999999997,0.135619245,699.0909720090967,100.0,0.1,0.09481018981018982,-5.1898101898101725,-5.384620379620362,-5.384620379620362,STOP
25711,CD12_E1_P15,ALLO/USDT,2026-08-18T15:00:00+00:00,2026-08-18T17:00:00+00:00,0.3057,0.29041500000000003,0.3060057,0.29012458500000005,326.79129833202455,100.0,0.1,0.09481018981018982,-5.1898101898101725,-5.384620379620362,-5.384620379620362,STOP
28248,CD24_E1_P15,ALPINE/USDT,2026-08-18T16:00:00+00:00,2026-08-18T17:00:00+00:00,0.424,0.4028,0.42442399999999997,0.4023972,235.613443160613,100.0,0.1,0.09481018981018982,-5.1898101898101805,-5.38462037962037,-5.38462037962037,STOP
29505,CD24_E2_P15,ALPINE/USDT,2026-08-18T16:00:00+00:00,2026-08-18T17:00:00+00:00,0.424,0.4028,0.42442399999999997,0.4023972,235.613443160613,100.0,0.1,0.09481018981018982,-5.1898101898101805,-5.38462037962037,-5.38462037962037,STOP
15773,S82_SL4_TP8,CRCLB/USDT,2026-08-18T02:14:05.232587+00:00,2026-08-19T00:00:00+00:00,74.12,71.15520000000001,74.19412,71.0840448,1.347815702915541,100.0,0.1,0.09580819180819182,-4.191808191808188,-4.387616383616379,-4.387616383616379,STOP
758,S72_SL4_TP10,GPS/USDT,2026-08-18T10:00:00+00:00,2026-08-19T01:00:00+00:00,0.01728,0.0165888,0.017297279999999998,0.0165722112,5781.255781255782,100.0,0.1,0.0958081918081918,-4.191808191808187,-4.387616383616378,-4.387616383616378,STOP
5062,S75_SL4_TP10,GPS/USDT,2026-08-18T10:00:00+00:00,2026-08-19T01:00:00+00:00,0.01728,0.0165888,0.017297279999999998,0.0165722112,5781.255781255782,100.0,0.1,0.0958081918081918,-4.191808191808187,-4.387616383616378,-4.387616383616378,STOP
7457,S75_SL6_TP8,HEI/USDT,2026-08-18T13:00:00+00:00,2026-08-19T01:00:00+00:00,0.1429,0.134326,0.14304289999999997,0.134191674,699.0909720090967,100.0,0.1,0.09381218781218785,-6.187812187812162,-6.38162437562435,-6.381624375624349,STOP
1128,S72_SL4_TP12,WLFI/USDT,2026-08-18T01:46:04.518571+00:00,2026-08-19T02:00:00+00:00,0.0606,0.0604,0.060660599999999995,0.0603396,1648.5165000016486,100.0,0.1,0.0994708262034995,-0.5291737965005208,-0.7286446227040202,-0.7286446227040202,TIME
5409,S75_SL4_TP12,WLFI/USDT,2026-08-18T01:46:04.518571+00:00,2026-08-19T02:00:00+00:00,0.0606,0.0604,0.060660599999999995,0.0603396,1648.5165000016486,100.0,0.1,0.0994708262034995,-0.5291737965005208,-0.7286446227040202,-0.7286446227040202,TIME
760,S72_SL4_TP10,MUBARAK/USDT,2026-08-19T00:00:00+00:00,2026-08-19T09:00:00+00:00,0.01726,0.018986000000000003,0.01727726,0.018967014000000004,5787.954803018534,100.0,0.1,0.10978021978021982,9.78021978021981,9.57043956043959,9.57043956043959,TARGET
379,S72_SL4_TP8,ONG/USDT,2026-08-19T01:00:00+00:00,2026-08-19T09:00:00+00:00,0.05794,0.0625752,0.05799793999999999,0.0625126248,1724.199169832584,100.0,0.1,0.1077842157842158,7.7842157842158,7.576431568431585,7.576431568431586,TARGET
2236,S72_SL5_TP10,MUBARAK/USDT,2026-08-19T01:00:00+00:00,2026-08-19T09:00:00+00:00,0.0173,0.019030000000000002,0.017317299999999997,0.019010970000000002,5774.572248560688,100.0,0.1,0.10978021978021982,9.78021978021981,9.57043956043959,9.57043956043959,TARGET
3660,S72_SL6_TP10,MUBARAK/USDT,2026-08-19T01:00:00+00:00,2026-08-19T09:00:00+00:00,0.0173,0.019030000000000002,0.017317299999999997,0.019010970000000002,5774.572248560688,100.0,0.1,0.10978021978021982,9.78021978021981,9.57043956043959,9.57043956043959,TARGET
385,S72_SL4_TP8,RE/USDT,2026-08-19T09:00:00+00:00,2026-08-19T14:00:00+00:00,0.4022,0.43437600000000004,0.40260219999999997,0.433941624,248.38413699676755,100.0,0.1,0.1077842157842158,7.7842157842157995,7.576431568431584,7.576431568431584,TARGET
1878,S72_SL5_TP8,RE/USDT,2026-08-19T09:00:00+00:00,2026-08-19T14:00:00+00:00,0.4022,0.43437600000000004,0.40260219999999997,0.433941624,248.38413699676755,100.0,0.1,0.1077842157842158,7.7842157842157995,7.576431568431584,7.576431568431584,TARGET
3308,S72_SL6_TP8,RE/USDT,2026-08-19T09:00:00+00:00,2026-08-19T14:00:00+00:00,0.4022,0.43437600000000004,0.40260219999999997,0.433941624,248.38413699676755,100.0,0.1,0.1077842157842158,7.7842157842157995,7.576431568431584,7.576431568431584,TARGET
4720,S75_SL4_TP8,RE/USDT,2026-08-19T09:00:00+00:00,2026-08-19T14:00:00+00:00,0.4022,0.43437600000000004,0.40260219999999997,0.433941624,248.38413699676755,100.0,0.1,0.1077842157842158,7.7842157842157995,7.576431568431584,7.576431568431584,TARGET
1880,S72_SL5_TP8,ETH/USDT,2026-08-18T15:00:00+00:00,2026-08-19T15:00:00+00:00,1917.7,2071.116,1919.6176999999998,2069.044884,0.05209370594988784,100.0,0.1,0.10778421578421579,7.7842157842157915,7.576431568431576,7.576431568431576,TARGET
25732,CD12_E1_P15,POL/USDT,2026-08-18T17:00:00+00:00,2026-08-19T17:00:00+00:00,0.0826,0.08057,0.0826826,0.08048943,1209.4443087179166,100.0,0.1,0.09734748302544914,-2.652516974550866,-2.8498644575763152,-2.8498644575763152,TIME
28266,CD24_E1_P15,DOGE/USDT,2026-08-18T17:30:18.762319+00:00,2026-08-19T18:00:00+00:00,0.07039,0.07275,0.07046038999999998,0.07267725,1419.2371061244485,100.0,0.1,0.10314624997108307,3.146249971083066,2.943103721111983,2.943103721111983,TIME
29523,CD24_E2_P15,DOGE/USDT,2026-08-18T17:30:18.762319+00:00,2026-08-19T18:00:00+00:00,0.07039,0.07275,0.07046038999999998,0.07267725,1419.2371061244485,100.0,0.1,0.10314624997108307,3.146249971083066,2.943103721111983,2.943103721111983,TIME
1138,S72_SL4_TP12,HEI/USDT,2026-08-19T02:00:00+00:00,2026-08-19T17:00:00+00:00,0.1391,0.133536,0.13923909999999998,0.133402464,718.1890718914444,100.0,0.1,0.09580819180819182,-4.191808191808177,-4.387616383616368,-4.387616383616368,STOP
4722,S75_SL4_TP8,HEI/USDT,2026-08-19T02:00:00+00:00,2026-08-19T17:00:00+00:00,0.1391,0.133536,0.13923909999999998,0.133402464,718.1890718914444,100.0,0.1,0.09580819180819182,-4.191808191808177,-4.387616383616368,-4.387616383616368,STOP
389,S72_SL4_TP8,TRUMP/USDT,2026-08-19T14:00:00+00:00,2026-08-19T20:00:00+00:00,1.424,1.53792,1.4254239999999998,1.5363820799999999,70.15456453658702,100.0,0.1,0.10778421578421579,7.78421578421579,7.576431568431574,7.576431568431574,TARGET
1882,S72_SL5_TP8,TRUMP/USDT,2026-08-19T14:00:00+00:00,2026-08-19T20:00:00+00:00,1.424,1.53792,1.4254239999999998,1.5363820799999999,70.15456453658702,100.0,0.1,0.10778421578421579,7.78421578421579,7.576431568431574,7.576431568431574,TARGET
2246,S72_SL5_TP10,TRUMP/USDT,2026-08-19T14:00:00+00:00,2026-08-19T20:00:00+00:00,1.424,1.5664,1.4254239999999998,1.5648336,70.15456453658702,100.0,0.1,0.1097802197802198,9.780219780219799,9.57043956043958,9.57043956043958,TARGET
4726,S75_SL4_TP8,TRUMP/USDT,2026-08-19T14:00:00+00:00,2026-08-19T20:00:00+00:00,1.424,1.53792,1.4254239999999998,1.5363820799999999,70.15456453658702,100.0,0.1,0.10778421578421579,7.78421578421579,7.576431568431574,7.576431568431574,TARGET
3671,S72_SL6_TP10,TRUMP/USDT,2026-08-19T15:00:00+00:00,2026-08-19T21:00:00+00:00,1.441,1.5851000000000002,1.4424409999999999,1.5835149000000002,69.32692567668279,100.0,0.1,0.1097802197802198,9.780219780219802,9.570439560439583,9.570439560439583,TARGET
24815,CD6_E2_P15,TREE/USDT,2026-08-19T20:00:00+00:00,2026-08-19T21:00:00+00:00,0.0421,0.039994999999999996,0.042142099999999995,0.039955004999999995,2372.9239881258886,100.0,0.1,0.09481018981018981,-5.18981018981019,-5.3846203796203795,-5.3846203796203795,STOP
28274,CD24_E1_P15,FET/USDT,2026-08-19T18:00:00+00:00,2026-08-20T19:00:00+00:00,0.1258,0.1408,0.12592579999999998,0.1406592,794.1184411772648,100.0,0.1,0.11170006464124115,11.700064641241141,11.488364576599901,11.488364576599901,TIME
29531,CD24_E2_P15,FET/USDT,2026-08-19T18:00:00+00:00,2026-08-20T19:00:00+00:00,0.1258,0.1408,0.12592579999999998,0.1406592,794.1184411772648,100.0,0.1,0.11170006464124115,11.700064641241141,11.488364576599901,11.488364576599901,TIME
3315,S72_SL6_TP8,ARB/USDT,2026-08-19T20:00:00+00:00,2026-08-20T20:00:00+00:00,0.0847,0.0897,0.08478469999999999,0.0896103,1179.4580861877203,100.0,0.1,0.10569159294070749,5.691592940707478,5.485901347766771,5.485901347766771,TIME
7471,S75_SL6_TP8,ONG/USDT,2026-08-19T20:00:00+00:00,2026-08-20T20:00:00+00:00,0.061,0.06588000000000001,0.06106099999999999,0.06581412,1637.7065557393428,100.0,0.1,0.1077842157842158,7.784215784215807,7.576431568431591,7.576431568431591,TARGET
8785,S78_SL4_TP8,ARB/USDT,2026-08-19T20:00:00+00:00,2026-08-20T20:00:00+00:00,0.0847,0.0897,0.08478469999999999,0.0896103,1179.4580861877203,100.0,0.1,0.10569159294070749,5.691592940707478,5.485901347766771,5.485901347766771,TIME
11135,S78_SL6_TP8,ARB/USDT,2026-08-19T20:00:00+00:00,2026-08-20T20:00:00+00:00,0.0847,0.0897,0.08478469999999999,0.0896103,1179.4580861877203,100.0,0.1,0.10569159294070749,5.691592940707478,5.485901347766771,5.485901347766771,TIME
23519,CD6_E1_P15,ARB/USDT,2026-08-19T20:00:00+00:00,2026-08-20T20:00:00+00:00,0.0847,0.0897,0.08478469999999999,0.0896103,1179.4580861877203,100.0,0.1,0.10569159294070749,5.691592940707478,5.485901347766771,5.485901347766771,TIME
24819,CD6_E2_P15,ARB/USDT,2026-08-19T20:00:00+00:00,2026-08-20T20:00:00+00:00,0.0847,0.0897,0.08478469999999999,0.0896103,1179.4580861877203,100.0,0.1,0.10569159294070749,5.691592940707478,5.485901347766771,5.485901347766771,TIME
7807,S75_SL6_TP10,ONG/USDT,2026-08-19T21:00:00+00:00,2026-08-20T20:00:00+00:00,0.06122,0.067342,0.06128121999999999,0.067274658,1631.8212985968623,100.0,0.1,0.1097802197802198,9.780219780219799,9.57043956043958,9.57043956043958,TARGET
8135,S75_SL6_TP12,ONG/USDT,2026-08-19T21:00:00+00:00,2026-08-20T20:00:00+00:00,0.06122,0.0685664,0.06128121999999999,0.0684978336,1631.8212985968623,100.0,0.1,0.11177622377622379,11.776223776223796,11.564447552447573,11.564447552447573,TARGET
1887,S72_SL5_TP8,TAO/USDT,2026-08-20T23:00:00+00:00,2026-08-21T22:00:00+00:00,214.9,232.092,215.11489999999998,231.85990800000002,0.46486784504467155,100.0,0.1,0.1077842157842158,7.784215784215805,7.576431568431589,7.576431568431589,TARGET
3318,S72_SL6_TP8,TAO/USDT,2026-08-20T23:00:00+00:00,2026-08-21T22:00:00+00:00,214.9,232.092,215.11489999999998,231.85990800000002,0.46486784504467155,100.0,0.1,0.1077842157842158,7.784215784215805,7.576431568431589,7.576431568431589,TARGET
772,S72_SL4_TP10,TAO/USDT,2026-08-20T23:00:00+00:00,2026-08-21T23:00:00+00:00,214.9,229.9,215.11489999999998,229.67010000000002,0.46486784504467155,100.0,0.1,0.10676624445819423,6.7662444581942225,6.559478213736028,6.559478213736028,TIME
1147,S72_SL4_TP12,TAO/USDT,2026-08-20T23:00:00+00:00,2026-08-21T23:00:00+00:00,214.9,229.9,215.11489999999998,229.67010000000002,0.46486784504467155,100.0,0.1,0.10676624445819423,6.7662444581942225,6.559478213736028,6.559478213736028,TIME
1516,S72_SL4_TP15,TAO/USDT,2026-08-20T23:00:00+00:00,2026-08-21T23:00:00+00:00,214.9,229.9,215.11489999999998,229.67010000000002,0.46486784504467155,100.0,0.1,0.10676624445819423,6.7662444581942225,6.559478213736028,6.559478213736028,TIME
2250,S72_SL5_TP10,TAO/USDT,2026-08-20T23:00:00+00:00,2026-08-21T23:00:00+00:00,214.9,229.9,215.11489999999998,229.67010000000002,0.46486784504467155,100.0,0.1,0.10676624445819423,6.7662444581942225,6.559478213736028,6.559478213736028,TIME
2607,S72_SL5_TP12,TAO/USDT,2026-08-20T23:00:00+00:00,2026-08-21T23:00:00+00:00,214.9,229.9,215.11489999999998,229.67010000000002,0.46486784504467155,100.0,0.1,0.10676624445819423,6.7662444581942225,6.559478213736028,6.559478213736028,TIME
2955,S72_SL5_TP15,TAO/USDT,2026-08-20T23:00:00+00:00,2026-08-21T23:00:00+00:00,214.9,229.9,215.11489999999998,229.67010000000002,0.46486784504467155,100.0,0.1,0.10676624445819423,6.7662444581942225,6.559478213736028,6.559478213736028,TIME
3673,S72_SL6_TP10,TAO/USDT,2026-08-20T23:00:00+00:00,2026-08-21T23:00:00+00:00,214.9,229.9,215.11489999999998,229.67010000000002,0.46486784504467155,100.0,0.1,0.10676624445819423,6.7662444581942225,6.559478213736028,6.559478213736028,TIME
4375,S72_SL6_TP15,TAO/USDT,2026-08-20T23:00:00+00:00,2026-08-21T23:00:00+00:00,214.9,229.9,215.11489999999998,229.67010000000002,0.46486784504467155,100.0,0.1,0.10676624445819423,6.7662444581942225,6.559478213736028,6.559478213736028,TIME
