severity,category,scenario,row,message
AUDITOR_DEFECT,AUDITOR_SCHEMA_COMPATIBILITY,-,0,Auditoria V8.1 exigia campos de um schema econômico que não existem no CSV legado V8.
WARNING,SCENARIO_ORDER,S72_SL4_TP8,3,linhas do cenário não estão em ordem crescente de entry_time.
WARNING,SCENARIO_ORDER,S72_SL4_TP8,4,linhas do cenário não estão em ordem crescente de entry_time.
WARNING,SCENARIO_ORDER,S72_SL4_TP8,8,linhas do cenário não estão em ordem crescente de entry_time.
WARNING,SCENARIO_ORDER,S72_SL4_TP8,9,linhas do cenário não estão em ordem crescente de entry_time.
WARNING,SCENARIO_ORDER,S72_SL4_TP8,14,linhas do cenário não estão em ordem crescente de entry_time.
WARNING,SCENARIO_ORDER,S72_SL4_TP8,17,linhas do cenário não estão em ordem crescente de entry_time.
WARNING,SCENARIO_ORDER,S72_SL4_TP8,21,linhas do cenário não estão em ordem crescente de entry_time.
WARNING,SCENARIO_ORDER,S72_SL4_TP8,27,linhas do cenário não estão em ordem crescente de entry_time.
WARNING,SCENARIO_ORDER,S72_SL4_TP8,33,linhas do cenário não estão em ordem crescente de entry_time.
WARNING,SCENARIO_ORDER,S72_SL4_TP8,37,linhas do cenário não estão em ordem crescente de entry_time.
WARNING,SCENARIO_ORDER,S72_SL4_TP8,39,linhas do cenário não estão em ordem crescente de entry_time.
WARNING,SCENARIO_ORDER,S72_SL4_TP8,46,linhas do cenário não estão em ordem crescente de entry_time.
WARNING,SCENARIO_ORDER,S72_SL4_TP8,55,linhas do cenário não estão em ordem crescente de entry_time.
WARNING,SCENARIO_ORDER,S72_SL4_TP8,57,linhas do cenário não estão em ordem crescente de entry_time.
WARNING,SCENARIO_ORDER,S72_SL4_TP8,59,linhas do cenário não estão em ordem crescente de entry_time.
WARNING,SCENARIO_ORDER,S72_SL4_TP8,64,linhas do cenário não estão em ordem crescente de entry_time.
WARNING,SCENARIO_ORDER,S72_SL4_TP8,67,linhas do cenário não estão em ordem crescente de entry_time.
WARNING,SCENARIO_ORDER,S72_SL4_TP8,85,linhas do cenário não estão em ordem crescente de entry_time.
WARNING,SCENARIO_ORDER,S72_SL4_TP8,95,linhas do cenário não estão em ordem crescente de entry_time.
WARNING,SCENARIO_ORDER,S72_SL4_TP8,97,linhas do cenário não estão em ordem crescente de entry_time.
WARNING,SCENARIO_ORDER,S72_SL4_TP8,102,linhas do cenário não estão em ordem crescente de entry_time.
WARNING,SCENARIO_ORDER,S72_SL4_TP8,104,linhas do cenário não estão em ordem crescente de entry_time.
WARNING,SCENARIO_ORDER,S72_SL4_TP8,109,linhas do cenário não estão em ordem crescente de entry_time.
WARNING,SCENARIO_ORDER,S72_SL4_TP8,114,linhas do cenário não estão em ordem crescente de entry_time.
WARNING,SCENARIO_ORDER,S72_SL4_TP8,118,linhas do cenário não estão em ordem crescente de entry_time.
WARNING,SCENARIO_ORDER,S72_SL4_TP8,123,linhas do cenário não estão em ordem crescente de entry_time.
WARNING,SCENARIO_ORDER,S72_SL4_TP8,128,linhas do cenário não estão em ordem crescente de entry_time.
WARNING,SCENARIO_ORDER,S72_SL4_TP8,130,linhas do cenário não estão em ordem crescente de entry_time.
WARNING,SCENARIO_ORDER,S72_SL4_TP8,134,linhas do cenário não estão em ordem crescente de entry_time.
WARNING,SCENARIO_ORDER,S72_SL4_TP8,149,linhas do cenário não estão em ordem crescente de entry_time.
WARNING,SCENARIO_ORDER,S72_SL4_TP8,153,linhas do cenário não estão em ordem crescente de entry_time.
WARNING,SCENARIO_ORDER,S72_SL4_TP8,154,linhas do cenário não estão em ordem crescente de entry_time.
WARNING,SCENARIO_ORDER,S72_SL4_TP8,157,linhas do cenário não estão em ordem crescente de entry_time.
WARNING,SCENARIO_ORDER,S72_SL4_TP8,159,linhas do cenário não estão em ordem crescente de entry_time.
WARNING,SCENARIO_ORDER,S72_SL4_TP8,162,linhas do cenário não estão em ordem crescente de entry_time.
WARNING,SCENARIO_ORDER,S72_SL4_TP8,167,linhas do cenário não estão em ordem crescente de entry_time.
WARNING,SCENARIO_ORDER,S72_SL4_TP8,169,linhas do cenário não estão em ordem crescente de entry_time.
WARNING,SCENARIO_ORDER,S72_SL4_TP8,170,linhas do cenário não estão em ordem crescente de entry_time.
WARNING,SCENARIO_ORDER,S72_SL4_TP8,178,linhas do cenário não estão em ordem crescente de entry_time.
WARNING,SCENARIO_ORDER,S72_SL4_TP8,181,linhas do cenário não estão em ordem crescente de entry_time.
WARNING,SCENARIO_ORDER,S72_SL4_TP8,190,linhas do cenário não estão em ordem crescente de entry_time.
WARNING,SCENARIO_ORDER,S72_SL4_TP8,192,linhas do cenário não estão em ordem crescente de entry_time.
WARNING,SCENARIO_ORDER,S72_SL4_TP8,194,linhas do cenário não estão em ordem crescente de entry_time.
WARNING,SCENARIO_ORDER,S72_SL4_TP8,196,linhas do cenário não estão em ordem crescente de entry_time.
WARNING,SCENARIO_ORDER,S72_SL4_TP8,199,linhas do cenário não estão em ordem crescente de entry_time.
WARNING,SCENARIO_ORDER,S72_SL4_TP8,205,linhas do cenário não estão em ordem crescente de entry_time.
WARNING,SCENARIO_ORDER,S72_SL4_TP8,207,linhas do cenário não estão em ordem crescente de entry_time.
WARNING,SCENARIO_ORDER,S72_SL4_TP8,210,linhas do cenário não estão em ordem crescente de entry_time.
WARNING,SCENARIO_ORDER,S72_SL4_TP8,212,linhas do cenário não estão em ordem crescente de entry_time.
WARNING,SCENARIO_ORDER,S72_SL4_TP8,215,linhas do cenário não estão em ordem crescente de entry_time.
WARNING,SCENARIO_ORDER,S72_SL4_TP8,220,linhas do cenário não estão em ordem crescente de entry_time.
WARNING,SCENARIO_ORDER,S72_SL4_TP8,225,linhas do cenário não estão em ordem crescente de entry_time.
WARNING,SCENARIO_ORDER,S72_SL4_TP8,228,linhas do cenário não estão em ordem crescente de entry_time.
WARNING,SCENARIO_ORDER,S72_SL4_TP8,232,linhas do cenário não estão em ordem crescente de entry_time.
WARNING,SCENARIO_ORDER,S72_SL4_TP8,239,linhas do cenário não estão em ordem crescente de entry_time.
WARNING,SCENARIO_ORDER,S72_SL4_TP8,242,linhas do cenário não estão em ordem crescente de entry_time.
WARNING,SCENARIO_ORDER,S72_SL4_TP8,243,linhas do cenário não estão em ordem crescente de entry_time.
WARNING,SCENARIO_ORDER,S72_SL4_TP8,250,linhas do cenário não estão em ordem crescente de entry_time.
WARNING,SCENARIO_ORDER,S72_SL4_TP8,252,linhas do cenário não estão em ordem crescente de entry_time.
WARNING,SCENARIO_ORDER,S72_SL4_TP8,254,linhas do cenário não estão em ordem crescente de entry_time.
WARNING,SCENARIO_ORDER,S72_SL4_TP8,256,linhas do cenário não estão em ordem crescente de entry_time.
WARNING,SCENARIO_ORDER,S72_SL4_TP8,260,linhas do cenário não estão em ordem crescente de entry_time.
WARNING,SCENARIO_ORDER,S72_SL4_TP8,263,linhas do cenário não estão em ordem crescente de entry_time.
WARNING,SCENARIO_ORDER,S72_SL4_TP8,269,linhas do cenário não estão em ordem crescente de entry_time.
WARNING,SCENARIO_ORDER,S72_SL4_TP8,275,linhas do cenário não estão em ordem crescente de entry_time.
WARNING,SCENARIO_ORDER,S72_SL4_TP8,278,linhas do cenário não estão em ordem crescente de entry_time.
WARNING,SCENARIO_ORDER,S72_SL4_TP8,281,linhas do cenário não estão em ordem crescente de entry_time.
WARNING,SCENARIO_ORDER,S72_SL4_TP8,285,linhas do cenário não estão em ordem crescente de entry_time.
WARNING,SCENARIO_ORDER,S72_SL4_TP8,290,linhas do cenário não estão em ordem crescente de entry_time.
WARNING,SCENARIO_ORDER,S72_SL4_TP8,294,linhas do cenário não estão em ordem crescente de entry_time.
WARNING,SCENARIO_ORDER,S72_SL4_TP8,299,linhas do cenário não estão em ordem crescente de entry_time.
WARNING,SCENARIO_ORDER,S72_SL4_TP8,302,linhas do cenário não estão em ordem crescente de entry_time.
WARNING,SCENARIO_ORDER,S72_SL4_TP8,306,linhas do cenário não estão em ordem crescente de entry_time.
WARNING,SCENARIO_ORDER,S72_SL4_TP8,308,linhas do cenário não estão em ordem crescente de entry_time.
WARNING,SCENARIO_ORDER,S72_SL4_TP8,310,linhas do cenário não estão em ordem crescente de entry_time.
WARNING,SCENARIO_ORDER,S72_SL4_TP8,312,linhas do cenário não estão em ordem crescente de entry_time.
WARNING,SCENARIO_ORDER,S72_SL4_TP8,314,linhas do cenário não estão em ordem crescente de entry_time.
WARNING,SCENARIO_ORDER,S72_SL4_TP8,317,linhas do cenário não estão em ordem crescente de entry_time.
WARNING,SCENARIO_ORDER,S72_SL4_TP8,320,linhas do cenário não estão em ordem crescente de entry_time.
WARNING,SCENARIO_ORDER,S72_SL4_TP8,322,linhas do cenário não estão em ordem crescente de entry_time.
WARNING,SCENARIO_ORDER,S72_SL4_TP8,325,linhas do cenário não estão em ordem crescente de entry_time.
WARNING,SCENARIO_ORDER,S72_SL4_TP8,328,linhas do cenário não estão em ordem crescente de entry_time.
WARNING,SCENARIO_ORDER,S72_SL4_TP8,329,linhas do cenário não estão em ordem crescente de entry_time.
WARNING,SCENARIO_ORDER,S72_SL4_TP8,333,linhas do cenário não estão em ordem crescente de entry_time.
WARNING,SCENARIO_ORDER,S72_SL4_TP8,337,linhas do cenário não estão em ordem crescente de entry_time.
WARNING,SCENARIO_ORDER,S72_SL4_TP8,342,linhas do cenário não estão em ordem crescente de entry_time.
WARNING,SCENARIO_ORDER,S72_SL4_TP8,344,linhas do cenário não estão em ordem crescente de entry_time.
WARNING,SCENARIO_ORDER,S72_SL4_TP8,346,linhas do cenário não estão em ordem crescente de entry_time.
WARNING,SCENARIO_ORDER,S72_SL4_TP8,349,linhas do cenário não estão em ordem crescente de entry_time.
WARNING,SCENARIO_ORDER,S72_SL4_TP8,355,linhas do cenário não estão em ordem crescente de entry_time.
WARNING,SCENARIO_ORDER,S72_SL4_TP8,358,linhas do cenário não estão em ordem crescente de entry_time.
WARNING,SCENARIO_ORDER,S72_SL4_TP8,360,linhas do cenário não estão em ordem crescente de entry_time.
WARNING,SCENARIO_ORDER,S72_SL4_TP8,364,linhas do cenário não estão em ordem crescente de entry_time.
WARNING,SCENARIO_ORDER,S72_SL4_TP8,366,linhas do cenário não estão em ordem crescente de entry_time.
WARNING,SCENARIO_ORDER,S72_SL4_TP8,368,linhas do cenário não estão em ordem crescente de entry_time.
WARNING,SCENARIO_ORDER,S72_SL4_TP8,371,linhas do cenário não estão em ordem crescente de entry_time.
WARNING,SCENARIO_ORDER,S72_SL4_TP8,374,linhas do cenário não estão em ordem crescente de entry_time.
WARNING,SCENARIO_ORDER,S72_SL4_TP8,377,linhas do cenário não estão em ordem crescente de entry_time.
WARNING,SCENARIO_ORDER,S72_SL4_TP8,380,linhas do cenário não estão em ordem crescente de entry_time.
WARNING,SCENARIO_ORDER,S72_SL4_TP8,387,linhas do cenário não estão em ordem crescente de entry_time.
WARNING,SCENARIO_ORDER,S72_SL4_TP8,390,linhas do cenário não estão em ordem crescente de entry_time.
WARNING,SCENARIO_ORDER,S72_SL4_TP8,391,linhas do cenário não estão em ordem crescente de entry_time.
WARNING,SCENARIO_ORDER,S72_SL4_TP8,393,linhas do cenário não estão em ordem crescente de entry_time.
WARNING,SCENARIO_ORDER,S72_SL4_TP8,395,linhas do cenário não estão em ordem crescente de entry_time.
WARNING,SCENARIO_ORDER,S72_SL4_TP10,399,linhas do cenário não estão em ordem crescente de entry_time.
WARNING,SCENARIO_ORDER,S72_SL4_TP10,400,linhas do cenário não estão em ordem crescente de entry_time.
WARNING,SCENARIO_ORDER,S72_SL4_TP10,404,linhas do cenário não estão em ordem crescente de entry_time.
WARNING,SCENARIO_ORDER,S72_SL4_TP10,405,linhas do cenário não estão em ordem crescente de entry_time.
WARNING,SCENARIO_ORDER,S72_SL4_TP10,410,linhas do cenário não estão em ordem crescente de entry_time.
WARNING,SCENARIO_ORDER,S72_SL4_TP10,413,linhas do cenário não estão em ordem crescente de entry_time.
WARNING,SCENARIO_ORDER,S72_SL4_TP10,417,linhas do cenário não estão em ordem crescente de entry_time.
WARNING,SCENARIO_ORDER,S72_SL4_TP10,423,linhas do cenário não estão em ordem crescente de entry_time.
WARNING,SCENARIO_ORDER,S72_SL4_TP10,429,linhas do cenário não estão em ordem crescente de entry_time.
WARNING,SCENARIO_ORDER,S72_SL4_TP10,433,linhas do cenário não estão em ordem crescente de entry_time.
WARNING,SCENARIO_ORDER,S72_SL4_TP10,435,linhas do cenário não estão em ordem crescente de entry_time.
WARNING,SCENARIO_ORDER,S72_SL4_TP10,442,linhas do cenário não estão em ordem crescente de entry_time.
WARNING,SCENARIO_ORDER,S72_SL4_TP10,451,linhas do cenário não estão em ordem crescente de entry_time.
WARNING,SCENARIO_ORDER,S72_SL4_TP10,453,linhas do cenário não estão em ordem crescente de entry_time.
WARNING,SCENARIO_ORDER,S72_SL4_TP10,455,linhas do cenário não estão em ordem crescente de entry_time.
WARNING,SCENARIO_ORDER,S72_SL4_TP10,460,linhas do cenário não estão em ordem crescente de entry_time.
WARNING,SCENARIO_ORDER,S72_SL4_TP10,463,linhas do cenário não estão em ordem crescente de entry_time.
WARNING,SCENARIO_ORDER,S72_SL4_TP10,481,linhas do cenário não estão em ordem crescente de entry_time.
WARNING,SCENARIO_ORDER,S72_SL4_TP10,491,linhas do cenário não estão em ordem crescente de entry_time.
WARNING,SCENARIO_ORDER,S72_SL4_TP10,493,linhas do cenário não estão em ordem crescente de entry_time.
WARNING,SCENARIO_ORDER,S72_SL4_TP10,498,linhas do cenário não estão em ordem crescente de entry_time.
WARNING,SCENARIO_ORDER,S72_SL4_TP10,500,linhas do cenário não estão em ordem crescente de entry_time.
WARNING,SCENARIO_ORDER,S72_SL4_TP10,501,linhas do cenário não estão em ordem crescente de entry_time.
WARNING,SCENARIO_ORDER,S72_SL4_TP10,505,linhas do cenário não estão em ordem crescente de entry_time.
WARNING,SCENARIO_ORDER,S72_SL4_TP10,511,linhas do cenário não estão em ordem crescente de entry_time.
WARNING,SCENARIO_ORDER,S72_SL4_TP10,517,linhas do cenário não estão em ordem crescente de entry_time.
WARNING,SCENARIO_ORDER,S72_SL4_TP10,526,linhas do cenário não estão em ordem crescente de entry_time.
WARNING,SCENARIO_ORDER,S72_SL4_TP10,528,linhas do cenário não estão em ordem crescente de entry_time.
WARNING,SCENARIO_ORDER,S72_SL4_TP10,530,linhas do cenário não estão em ordem crescente de entry_time.
WARNING,SCENARIO_ORDER,S72_SL4_TP10,541,linhas do cenário não estão em ordem crescente de entry_time.
WARNING,SCENARIO_ORDER,S72_SL4_TP10,544,linhas do cenário não estão em ordem crescente de entry_time.
WARNING,SCENARIO_ORDER,S72_SL4_TP10,546,linhas do cenário não estão em ordem crescente de entry_time.
WARNING,SCENARIO_ORDER,S72_SL4_TP10,549,linhas do cenário não estão em ordem crescente de entry_time.
WARNING,SCENARIO_ORDER,S72_SL4_TP10,552,linhas do cenário não estão em ordem crescente de entry_time.
WARNING,SCENARIO_ORDER,S72_SL4_TP10,554,linhas do cenário não estão em ordem crescente de entry_time.
WARNING,SCENARIO_ORDER,S72_SL4_TP10,556,linhas do cenário não estão em ordem crescente de entry_time.
WARNING,SCENARIO_ORDER,S72_SL4_TP10,558,linhas do cenário não estão em ordem crescente de entry_time.
WARNING,SCENARIO_ORDER,S72_SL4_TP10,562,linhas do cenário não estão em ordem crescente de entry_time.
WARNING,SCENARIO_ORDER,S72_SL4_TP10,565,linhas do cenário não estão em ordem crescente de entry_time.
WARNING,SCENARIO_ORDER,S72_SL4_TP10,566,linhas do cenário não estão em ordem crescente de entry_time.
WARNING,SCENARIO_ORDER,S72_SL4_TP10,568,linhas do cenário não estão em ordem crescente de entry_time.
WARNING,SCENARIO_ORDER,S72_SL4_TP10,580,linhas do cenário não estão em ordem crescente de entry_time.
WARNING,SCENARIO_ORDER,S72_SL4_TP10,585,linhas do cenário não estão em ordem crescente de entry_time.
WARNING,SCENARIO_ORDER,S72_SL4_TP10,589,linhas do cenário não estão em ordem crescente de entry_time.
WARNING,SCENARIO_ORDER,S72_SL4_TP10,591,linhas do cenário não estão em ordem crescente de entry_time.
WARNING,SCENARIO_ORDER,S72_SL4_TP10,592,linhas do cenário não estão em ordem crescente de entry_time.
WARNING,SCENARIO_ORDER,S72_SL4_TP10,597,linhas do cenário não estão em ordem crescente de entry_time.
WARNING,SCENARIO_ORDER,S72_SL4_TP10,603,linhas do cenário não estão em ordem crescente de entry_time.
WARNING,SCENARIO_ORDER,S72_SL4_TP10,605,linhas do cenário não estão em ordem crescente de entry_time.
WARNING,SCENARIO_ORDER,S72_SL4_TP10,608,linhas do cenário não estão em ordem crescente de entry_time.
WARNING,SCENARIO_ORDER,S72_SL4_TP10,609,linhas do cenário não estão em ordem crescente de entry_time.
WARNING,SCENARIO_ORDER,S72_SL4_TP10,615,linhas do cenário não estão em ordem crescente de entry_time.
WARNING,SCENARIO_ORDER,S72_SL4_TP10,617,linhas do cenário não estão em ordem crescente de entry_time.
WARNING,SCENARIO_ORDER,S72_SL4_TP10,620,linhas do cenário não estão em ordem crescente de entry_time.
WARNING,SCENARIO_ORDER,S72_SL4_TP10,629,linhas do cenário não estão em ordem crescente de entry_time.
WARNING,SCENARIO_ORDER,S72_SL4_TP10,630,linhas do cenário não estão em ordem crescente de entry_time.
WARNING,SCENARIO_ORDER,S72_SL4_TP10,634,linhas do cenário não estão em ordem crescente de entry_time.
WARNING,SCENARIO_ORDER,S72_SL4_TP10,640,linhas do cenário não estão em ordem crescente de entry_time.
WARNING,SCENARIO_ORDER,S72_SL4_TP10,643,linhas do cenário não estão em ordem crescente de entry_time.
WARNING,SCENARIO_ORDER,S72_SL4_TP10,646,linhas do cenário não estão em ordem crescente de entry_time.
WARNING,SCENARIO_ORDER,S72_SL4_TP10,649,linhas do cenário não estão em ordem crescente de entry_time.
WARNING,SCENARIO_ORDER,S72_SL4_TP10,653,linhas do cenário não estão em ordem crescente de entry_time.
WARNING,SCENARIO_ORDER,S72_SL4_TP10,655,linhas do cenário não estão em ordem crescente de entry_time.
WARNING,SCENARIO_ORDER,S72_SL4_TP10,661,linhas do cenário não estão em ordem crescente de entry_time.
WARNING,SCENARIO_ORDER,S72_SL4_TP10,663,linhas do cenário não estão em ordem crescente de entry_time.
WARNING,SCENARIO_ORDER,S72_SL4_TP10,676,linhas do cenário não estão em ordem crescente de entry_time.
WARNING,SCENARIO_ORDER,S72_SL4_TP10,678,linhas do cenário não estão em ordem crescente de entry_time.
WARNING,SCENARIO_ORDER,S72_SL4_TP10,685,linhas do cenário não estão em ordem crescente de entry_time.
WARNING,SCENARIO_ORDER,S72_SL4_TP10,692,linhas do cenário não estão em ordem crescente de entry_time.
WARNING,SCENARIO_ORDER,S72_SL4_TP10,694,linhas do cenário não estão em ordem crescente de entry_time.
WARNING,SCENARIO_ORDER,S72_SL4_TP10,699,linhas do cenário não estão em ordem crescente de entry_time.
WARNING,SCENARIO_ORDER,S72_SL4_TP10,702,linhas do cenário não estão em ordem crescente de entry_time.
WARNING,SCENARIO_ORDER,S72_SL4_TP10,707,linhas do cenário não estão em ordem crescente de entry_time.
WARNING,SCENARIO_ORDER,S72_SL4_TP10,712,linhas do cenário não estão em ordem crescente de entry_time.
WARNING,SCENARIO_ORDER,S72_SL4_TP10,713,linhas do cenário não estão em ordem crescente de entry_time.
WARNING,SCENARIO_ORDER,S72_SL4_TP10,715,linhas do cenário não estão em ordem crescente de entry_time.
WARNING,SCENARIO_ORDER,S72_SL4_TP10,717,linhas do cenário não estão em ordem crescente de entry_time.
WARNING,SCENARIO_ORDER,S72_SL4_TP10,724,linhas do cenário não estão em ordem crescente de entry_time.
WARNING,SCENARIO_ORDER,S72_SL4_TP10,727,linhas do cenário não estão em ordem crescente de entry_time.
WARNING,SCENARIO_ORDER,S72_SL4_TP10,728,linhas do cenário não estão em ordem crescente de entry_time.
WARNING,SCENARIO_ORDER,S72_SL4_TP10,731,linhas do cenário não estão em ordem crescente de entry_time.
WARNING,SCENARIO_ORDER,S72_SL4_TP10,732,linhas do cenário não estão em ordem crescente de entry_time.
WARNING,SCENARIO_ORDER,S72_SL4_TP10,736,linhas do cenário não estão em ordem crescente de entry_time.
WARNING,SCENARIO_ORDER,S72_SL4_TP10,739,linhas do cenário não estão em ordem crescente de entry_time.
WARNING,SCENARIO_ORDER,S72_SL4_TP10,740,linhas do cenário não estão em ordem crescente de entry_time.
WARNING,SCENARIO_ORDER,S72_SL4_TP10,743,linhas do cenário não estão em ordem crescente de entry_time.
WARNING,SCENARIO_ORDER,S72_SL4_TP10,748,linhas do cenário não estão em ordem crescente de entry_time.
WARNING,SCENARIO_ORDER,S72_SL4_TP10,749,linhas do cenário não estão em ordem crescente de entry_time.
WARNING,SCENARIO_ORDER,S72_SL4_TP10,751,linhas do cenário não estão em ordem crescente de entry_time.
WARNING,SCENARIO_ORDER,S72_SL4_TP10,756,linhas do cenário não estão em ordem crescente de entry_time.
WARNING,SCENARIO_ORDER,S72_SL4_TP10,759,linhas do cenário não estão em ordem crescente de entry_time.
WARNING,SCENARIO_ORDER,S72_SL4_TP10,761,linhas do cenário não estão em ordem crescente de entry_time.
WARNING,SCENARIO_ORDER,S72_SL4_TP10,764,linhas do cenário não estão em ordem crescente de entry_time.
WARNING,SCENARIO_ORDER,S72_SL4_TP10,765,linhas do cenário não estão em ordem crescente de entry_time.
WARNING,SCENARIO_ORDER,S72_SL4_TP12,774,linhas do cenário não estão em ordem crescente de entry_time.
WARNING,SCENARIO_ORDER,S72_SL4_TP12,775,linhas do cenário não estão em ordem crescente de entry_time.
WARNING,SCENARIO_ORDER,S72_SL4_TP12,779,linhas do cenário não estão em ordem crescente de entry_time.
WARNING,SCENARIO_ORDER,S72_SL4_TP12,780,linhas do cenário não estão em ordem crescente de entry_time.
WARNING,SCENARIO_ORDER,S72_SL4_TP12,785,linhas do cenário não estão em ordem crescente de entry_time.
WARNING,SCENARIO_ORDER,S72_SL4_TP12,788,linhas do cenário não estão em ordem crescente de entry_time.
WARNING,SCENARIO_ORDER,S72_SL4_TP12,792,linhas do cenário não estão em ordem crescente de entry_time.
WARNING,SCENARIO_ORDER,S72_SL4_TP12,798,linhas do cenário não estão em ordem crescente de entry_time.
WARNING,SCENARIO_ORDER,S72_SL4_TP12,808,linhas do cenário não estão em ordem crescente de entry_time.
WARNING,SCENARIO_ORDER,S72_SL4_TP12,815,linhas do cenário não estão em ordem crescente de entry_time.
WARNING,SCENARIO_ORDER,S72_SL4_TP12,823,linhas do cenário não estão em ordem crescente de entry_time.
WARNING,SCENARIO_ORDER,S72_SL4_TP12,824,linhas do cenário não estão em ordem crescente de entry_time.
WARNING,SCENARIO_ORDER,S72_SL4_TP12,826,linhas do cenário não estão em ordem crescente de entry_time.
WARNING,SCENARIO_ORDER,S72_SL4_TP12,828,linhas do cenário não estão em ordem crescente de entry_time.
WARNING,SCENARIO_ORDER,S72_SL4_TP12,833,linhas do cenário não estão em ordem crescente de entry_time.
WARNING,SCENARIO_ORDER,S72_SL4_TP12,836,linhas do cenário não estão em ordem crescente de entry_time.
WARNING,SCENARIO_ORDER,S72_SL4_TP12,854,linhas do cenário não estão em ordem crescente de entry_time.
WARNING,SCENARIO_ORDER,S72_SL4_TP12,864,linhas do cenário não estão em ordem crescente de entry_time.
WARNING,SCENARIO_ORDER,S72_SL4_TP12,866,linhas do cenário não estão em ordem crescente de entry_time.
WARNING,SCENARIO_ORDER,S72_SL4_TP12,873,linhas do cenário não estão em ordem crescente de entry_time.
WARNING,SCENARIO_ORDER,S72_SL4_TP12,878,linhas do cenário não estão em ordem crescente de entry_time.
WARNING,SCENARIO_ORDER,S72_SL4_TP12,883,linhas do cenário não estão em ordem crescente de entry_time.
WARNING,SCENARIO_ORDER,S72_SL4_TP12,890,linhas do cenário não estão em ordem crescente de entry_time.
WARNING,SCENARIO_ORDER,S72_SL4_TP12,897,linhas do cenário não estão em ordem crescente de entry_time.
WARNING,SCENARIO_ORDER,S72_SL4_TP12,902,linhas do cenário não estão em ordem crescente de entry_time.
WARNING,SCENARIO_ORDER,S72_SL4_TP12,908,linhas do cenário não estão em ordem crescente de entry_time.
WARNING,SCENARIO_ORDER,S72_SL4_TP12,913,linhas do cenário não estão em ordem crescente de entry_time.
WARNING,SCENARIO_ORDER,S72_SL4_TP12,919,linhas do cenário não estão em ordem crescente de entry_time.
WARNING,SCENARIO_ORDER,S72_SL4_TP12,922,linhas do cenário não estão em ordem crescente de entry_time.
WARNING,SCENARIO_ORDER,S72_SL4_TP12,924,linhas do cenário não estão em ordem crescente de entry_time.
WARNING,SCENARIO_ORDER,S72_SL4_TP12,927,linhas do cenário não estão em ordem crescente de entry_time.
WARNING,SCENARIO_ORDER,S72_SL4_TP12,929,linhas do cenário não estão em ordem crescente de entry_time.
WARNING,SCENARIO_ORDER,S72_SL4_TP12,931,linhas do cenário não estão em ordem crescente de entry_time.
WARNING,SCENARIO_ORDER,S72_SL4_TP12,935,linhas do cenário não estão em ordem crescente de entry_time.
WARNING,SCENARIO_ORDER,S72_SL4_TP12,937,linhas do cenário não estão em ordem crescente de entry_time.
WARNING,SCENARIO_ORDER,S72_SL4_TP12,948,linhas do cenário não estão em ordem crescente de entry_time.
WARNING,SCENARIO_ORDER,S72_SL4_TP12,955,linhas do cenário não estão em ordem crescente de entry_time.
WARNING,SCENARIO_ORDER,S72_SL4_TP12,956,linhas do cenário não estão em ordem crescente de entry_time.
WARNING,SCENARIO_ORDER,S72_SL4_TP12,959,linhas do cenário não estão em ordem crescente de entry_time.
WARNING,SCENARIO_ORDER,S72_SL4_TP12,963,linhas do cenário não estão em ordem crescente de entry_time.
WARNING,SCENARIO_ORDER,S72_SL4_TP12,966,linhas do cenário não estão em ordem crescente de entry_time.
WARNING,SCENARIO_ORDER,S72_SL4_TP12,971,linhas do cenário não estão em ordem crescente de entry_time.
WARNING,SCENARIO_ORDER,S72_SL4_TP12,973,linhas do cenário não estão em ordem crescente de entry_time.
WARNING,SCENARIO_ORDER,S72_SL4_TP12,978,linhas do cenário não estão em ordem crescente de entry_time.
WARNING,SCENARIO_ORDER,S72_SL4_TP12,983,linhas do cenário não estão em ordem crescente de entry_time.
WARNING,SCENARIO_ORDER,S72_SL4_TP12,991,linhas do cenário não estão em ordem crescente de entry_time.
WARNING,SCENARIO_ORDER,S72_SL4_TP12,998,linhas do cenário não estão em ordem crescente de entry_time.
WARNING,SCENARIO_ORDER,S72_SL4_TP12,1002,linhas do cenário não estão em ordem crescente de entry_time.
WARNING,SCENARIO_ORDER,S72_SL4_TP12,1004,linhas do cenário não estão em ordem crescente de entry_time.
WARNING,SCENARIO_ORDER,S72_SL4_TP12,1011,linhas do cenário não estão em ordem crescente de entry_time.
WARNING,SCENARIO_ORDER,S72_SL4_TP12,1012,linhas do cenário não estão em ordem crescente de entry_time.
WARNING,SCENARIO_ORDER,S72_SL4_TP12,1017,linhas do cenário não estão em ordem crescente de entry_time.
WARNING,SCENARIO_ORDER,S72_SL4_TP12,1019,linhas do cenário não estão em ordem crescente de entry_time.
WARNING,SCENARIO_ORDER,S72_SL4_TP12,1020,linhas do cenário não estão em ordem crescente de entry_time.
WARNING,SCENARIO_ORDER,S72_SL4_TP12,1022,linhas do cenário não estão em ordem crescente de entry_time.
WARNING,SCENARIO_ORDER,S72_SL4_TP12,1023,linhas do cenário não estão em ordem crescente de entry_time.
WARNING,SCENARIO_ORDER,S72_SL4_TP12,1029,linhas do cenário não estão em ordem crescente de entry_time.
WARNING,SCENARIO_ORDER,S72_SL4_TP12,1030,linhas do cenário não estão em ordem crescente de entry_time.
WARNING,SCENARIO_ORDER,S72_SL4_TP12,1044,linhas do cenário não estão em ordem crescente de entry_time.
WARNING,SCENARIO_ORDER,S72_SL4_TP12,1045,linhas do cenário não estão em ordem crescente de entry_time.
WARNING,SCENARIO_ORDER,S72_SL4_TP12,1052,linhas do cenário não estão em ordem crescente de entry_time.
WARNING,SCENARIO_ORDER,S72_SL4_TP12,1056,linhas do cenário não estão em ordem crescente de entry_time.
WARNING,SCENARIO_ORDER,S72_SL4_TP12,1060,linhas do cenário não estão em ordem crescente de entry_time.
WARNING,SCENARIO_ORDER,S72_SL4_TP12,1061,linhas do cenário não estão em ordem crescente de entry_time.
WARNING,SCENARIO_ORDER,S72_SL4_TP12,1067,linhas do cenário não estão em ordem crescente de entry_time.
WARNING,SCENARIO_ORDER,S72_SL4_TP12,1069,linhas do cenário não estão em ordem crescente de entry_time.
WARNING,SCENARIO_ORDER,S72_SL4_TP12,1072,linhas do cenário não estão em ordem crescente de entry_time.
WARNING,SCENARIO_ORDER,S72_SL4_TP12,1075,linhas do cenário não estão em ordem crescente de entry_time.
WARNING,SCENARIO_ORDER,S72_SL4_TP12,1079,linhas do cenário não estão em ordem crescente de entry_time.
WARNING,SCENARIO_ORDER,S72_SL4_TP12,1080,linhas do cenário não estão em ordem crescente de entry_time.
WARNING,SCENARIO_ORDER,S72_SL4_TP12,1083,linhas do cenário não estão em ordem crescente de entry_time.
WARNING,SCENARIO_ORDER,S72_SL4_TP12,1088,linhas do cenário não estão em ordem crescente de entry_time.
WARNING,SCENARIO_ORDER,S72_SL4_TP12,1093,linhas do cenário não estão em ordem crescente de entry_time.
WARNING,SCENARIO_ORDER,S72_SL4_TP12,1095,linhas do cenário não estão em ordem crescente de entry_time.
WARNING,SCENARIO_ORDER,S72_SL4_TP12,1100,linhas do cenário não estão em ordem crescente de entry_time.
WARNING,SCENARIO_ORDER,S72_SL4_TP12,1102,linhas do cenário não estão em ordem crescente de entry_time.
WARNING,SCENARIO_ORDER,S72_SL4_TP12,1109,linhas do cenário não estão em ordem crescente de entry_time.
WARNING,SCENARIO_ORDER,S72_SL4_TP12,1111,linhas do cenário não estão em ordem crescente de entry_time.
WARNING,SCENARIO_ORDER,S72_SL4_TP12,1116,linhas do cenário não estão em ordem crescente de entry_time.
WARNING,SCENARIO_ORDER,S72_SL4_TP12,1119,linhas do cenário não estão em ordem crescente de entry_time.
WARNING,SCENARIO_ORDER,S72_SL4_TP12,1120,linhas do cenário não estão em ordem crescente de entry_time.
WARNING,SCENARIO_ORDER,S72_SL4_TP12,1122,linhas do cenário não estão em ordem crescente de entry_time.
WARNING,SCENARIO_ORDER,S72_SL4_TP12,1124,linhas do cenário não estão em ordem crescente de entry_time.
WARNING,SCENARIO_ORDER,S72_SL4_TP12,1137,linhas do cenário não estão em ordem crescente de entry_time.
WARNING,SCENARIO_ORDER,S72_SL4_TP12,1140,linhas do cenário não estão em ordem crescente de entry_time.
WARNING,SCENARIO_ORDER,S72_SL4_TP12,1143,linhas do cenário não estão em ordem crescente de entry_time.
WARNING,SCENARIO_ORDER,S72_SL4_TP12,1144,linhas do cenário não estão em ordem crescente de entry_time.
WARNING,SCENARIO_ORDER,S72_SL4_TP12,1146,linhas do cenário não estão em ordem crescente de entry_time.
WARNING,SCENARIO_ORDER,S72_SL4_TP15,1150,linhas do cenário não estão em ordem crescente de entry_time.
WARNING,SCENARIO_ORDER,S72_SL4_TP15,1151,linhas do cenário não estão em ordem crescente de entry_time.
WARNING,SCENARIO_ORDER,S72_SL4_TP15,1156,linhas do cenário não estão em ordem crescente de entry_time.
WARNING,SCENARIO_ORDER,S72_SL4_TP15,1164,linhas do cenário não estão em ordem crescente de entry_time.
WARNING,SCENARIO_ORDER,S72_SL4_TP15,1168,linhas do cenário não estão em ordem crescente de entry_time.
WARNING,SCENARIO_ORDER,S72_SL4_TP15,1173,linhas do cenário não estão em ordem crescente de entry_time.
WARNING,SCENARIO_ORDER,S72_SL4_TP15,1183,linhas do cenário não estão em ordem crescente de entry_time.
WARNING,SCENARIO_ORDER,S72_SL4_TP15,1190,linhas do cenário não estão em ordem crescente de entry_time.
WARNING,SCENARIO_ORDER,S72_SL4_TP15,1198,linhas do cenário não estão em ordem crescente de entry_time.
WARNING,SCENARIO_ORDER,S72_SL4_TP15,1199,linhas do cenário não estão em ordem crescente de entry_time.
WARNING,SCENARIO_ORDER,S72_SL4_TP15,1201,linhas do cenário não estão em ordem crescente de entry_time.
WARNING,SCENARIO_ORDER,S72_SL4_TP15,1203,linhas do cenário não estão em ordem crescente de entry_time.
WARNING,SCENARIO_ORDER,S72_SL4_TP15,1208,linhas do cenário não estão em ordem crescente de entry_time.
WARNING,SCENARIO_ORDER,S72_SL4_TP15,1211,linhas do cenário não estão em ordem crescente de entry_time.
WARNING,SCENARIO_ORDER,S72_SL4_TP15,1229,linhas do cenário não estão em ordem crescente de entry_time.
WARNING,SCENARIO_ORDER,S72_SL4_TP15,1239,linhas do cenário não estão em ordem crescente de entry_time.
WARNING,SCENARIO_ORDER,S72_SL4_TP15,1241,linhas do cenário não estão em ordem crescente de entry_time.
WARNING,SCENARIO_ORDER,S72_SL4_TP15,1247,linhas do cenário não estão em ordem crescente de entry_time.
WARNING,SCENARIO_ORDER,S72_SL4_TP15,1252,linhas do cenário não estão em ordem crescente de entry_time.
WARNING,SCENARIO_ORDER,S72_SL4_TP15,1257,linhas do cenário não estão em ordem crescente de entry_time.
WARNING,SCENARIO_ORDER,S72_SL4_TP15,1264,linhas do cenário não estão em ordem crescente de entry_time.
WARNING,SCENARIO_ORDER,S72_SL4_TP15,1271,linhas do cenário não estão em ordem crescente de entry_time.
WARNING,SCENARIO_ORDER,S72_SL4_TP15,1276,linhas do cenário não estão em ordem crescente de entry_time.
WARNING,SCENARIO_ORDER,S72_SL4_TP15,1279,linhas do cenário não estão em ordem crescente de entry_time.
WARNING,SCENARIO_ORDER,S72_SL4_TP15,1283,linhas do cenário não estão em ordem crescente de entry_time.
WARNING,SCENARIO_ORDER,S72_SL4_TP15,1288,linhas do cenário não estão em ordem crescente de entry_time.
WARNING,SCENARIO_ORDER,S72_SL4_TP15,1292,linhas do cenário não estão em ordem crescente de entry_time.
WARNING,SCENARIO_ORDER,S72_SL4_TP15,1296,linhas do cenário não estão em ordem crescente de entry_time.
WARNING,SCENARIO_ORDER,S72_SL4_TP15,1299,linhas do cenário não estão em ordem crescente de entry_time.
WARNING,SCENARIO_ORDER,S72_SL4_TP15,1302,linhas do cenário não estão em ordem crescente de entry_time.
WARNING,SCENARIO_ORDER,S72_SL4_TP15,1307,linhas do cenário não estão em ordem crescente de entry_time.
WARNING,SCENARIO_ORDER,S72_SL4_TP15,1309,linhas do cenário não estão em ordem crescente de entry_time.
WARNING,SCENARIO_ORDER,S72_SL4_TP15,1311,linhas do cenário não estão em ordem crescente de entry_time.
WARNING,SCENARIO_ORDER,S72_SL4_TP15,1321,linhas do cenário não estão em ordem crescente de entry_time.
WARNING,SCENARIO_ORDER,S72_SL4_TP15,1327,linhas do cenário não estão em ordem crescente de entry_time.
WARNING,SCENARIO_ORDER,S72_SL4_TP15,1328,linhas do cenário não estão em ordem crescente de entry_time.
WARNING,SCENARIO_ORDER,S72_SL4_TP15,1330,linhas do cenário não estão em ordem crescente de entry_time.
WARNING,SCENARIO_ORDER,S72_SL4_TP15,1332,linhas do cenário não estão em ordem crescente de entry_time.
WARNING,SCENARIO_ORDER,S72_SL4_TP15,1339,linhas do cenário não estão em ordem crescente de entry_time.
WARNING,SCENARIO_ORDER,S72_SL4_TP15,1341,linhas do cenário não estão em ordem crescente de entry_time.
WARNING,SCENARIO_ORDER,S72_SL4_TP15,1344,linhas do cenário não estão em ordem crescente de entry_time.
WARNING,SCENARIO_ORDER,S72_SL4_TP15,1347,linhas do cenário não estão em ordem crescente de entry_time.
WARNING,SCENARIO_ORDER,S72_SL4_TP15,1349,linhas do cenário não estão em ordem crescente de entry_time.
WARNING,SCENARIO_ORDER,S72_SL4_TP15,1354,linhas do cenário não estão em ordem crescente de entry_time.
WARNING,SCENARIO_ORDER,S72_SL4_TP15,1357,linhas do cenário não estão em ordem crescente de entry_time.
WARNING,SCENARIO_ORDER,S72_SL4_TP15,1372,linhas do cenário não estão em ordem crescente de entry_time.
WARNING,SCENARIO_ORDER,S72_SL4_TP15,1375,linhas do cenário não estão em ordem crescente de entry_time.
WARNING,SCENARIO_ORDER,S72_SL4_TP15,1382,linhas do cenário não estão em ordem crescente de entry_time.
WARNING,SCENARIO_ORDER,S72_SL4_TP15,1387,linhas do cenário não estão em ordem crescente de entry_time.
WARNING,SCENARIO_ORDER,S72_SL4_TP15,1390,linhas do cenário não estão em ordem crescente de entry_time.
WARNING,SCENARIO_ORDER,S72_SL4_TP15,1392,linhas do cenário não estão em ordem crescente de entry_time.
WARNING,SCENARIO_ORDER,S72_SL4_TP15,1398,linhas do cenário não estão em ordem crescente de entry_time.
WARNING,SCENARIO_ORDER,S72_SL4_TP15,1400,linhas do cenário não estão em ordem crescente de entry_time.
WARNING,SCENARIO_ORDER,S72_SL4_TP15,1405,linhas do cenário não estão em ordem crescente de entry_time.
WARNING,SCENARIO_ORDER,S72_SL4_TP15,1413,linhas do cenário não estão em ordem crescente de entry_time.
WARNING,SCENARIO_ORDER,S72_SL4_TP15,1420,linhas do cenário não estão em ordem crescente de entry_time.
WARNING,SCENARIO_ORDER,S72_SL4_TP15,1422,linhas do cenário não estão em ordem crescente de entry_time.
WARNING,SCENARIO_ORDER,S72_SL4_TP15,1424,linhas do cenário não estão em ordem crescente de entry_time.
WARNING,SCENARIO_ORDER,S72_SL4_TP15,1428,linhas do cenário não estão em ordem crescente de entry_time.
WARNING,SCENARIO_ORDER,S72_SL4_TP15,1435,linhas do cenário não estão em ordem crescente de entry_time.
WARNING,SCENARIO_ORDER,S72_SL4_TP15,1437,linhas do cenário não estão em ordem crescente de entry_time.
WARNING,SCENARIO_ORDER,S72_SL4_TP15,1439,linhas do cenário não estão em ordem crescente de entry_time.
WARNING,SCENARIO_ORDER,S72_SL4_TP15,1448,linhas do cenário não estão em ordem crescente de entry_time.
WARNING,SCENARIO_ORDER,S72_SL4_TP15,1453,linhas do cenário não estão em ordem crescente de entry_time.
WARNING,SCENARIO_ORDER,S72_SL4_TP15,1456,linhas do cenário não estão em ordem crescente de entry_time.
WARNING,SCENARIO_ORDER,S72_SL4_TP15,1458,linhas do cenário não estão em ordem crescente de entry_time.
WARNING,SCENARIO_ORDER,S72_SL4_TP15,1460,linhas do cenário não estão em ordem crescente de entry_time.
WARNING,SCENARIO_ORDER,S72_SL4_TP15,1464,linhas do cenário não estão em ordem crescente de entry_time.
WARNING,SCENARIO_ORDER,S72_SL4_TP15,1465,linhas do cenário não estão em ordem crescente de entry_time.
WARNING,SCENARIO_ORDER,S72_SL4_TP15,1469,linhas do cenário não estão em ordem crescente de entry_time.
WARNING,SCENARIO_ORDER,S72_SL4_TP15,1470,linhas do cenário não estão em ordem crescente de entry_time.
WARNING,SCENARIO_ORDER,S72_SL4_TP15,1472,linhas do cenário não estão em ordem crescente de entry_time.
WARNING,SCENARIO_ORDER,S72_SL4_TP15,1482,linhas do cenário não estão em ordem crescente de entry_time.
WARNING,SCENARIO_ORDER,S72_SL4_TP15,1484,linhas do cenário não estão em ordem crescente de entry_time.
WARNING,SCENARIO_ORDER,S72_SL4_TP15,1487,linhas do cenário não estão em ordem crescente de entry_time.
WARNING,SCENARIO_ORDER,S72_SL4_TP15,1488,linhas do cenário não estão em ordem crescente de entry_time.
WARNING,SCENARIO_ORDER,S72_SL4_TP15,1492,linhas do cenário não estão em ordem crescente de entry_time.
WARNING,SCENARIO_ORDER,S72_SL4_TP15,1494,linhas do cenário não estão em ordem crescente de entry_time.
WARNING,SCENARIO_ORDER,S72_SL4_TP15,1497,linhas do cenário não estão em ordem crescente de entry_time.
WARNING,SCENARIO_ORDER,S72_SL4_TP15,1507,linhas do cenário não estão em ordem crescente de entry_time.
WARNING,SCENARIO_ORDER,S72_SL4_TP15,1508,linhas do cenário não estão em ordem crescente de entry_time.
WARNING,SCENARIO_ORDER,S72_SL4_TP15,1513,linhas do cenário não estão em ordem crescente de entry_time.
WARNING,SCENARIO_ORDER,S72_SL4_TP15,1515,linhas do cenário não estão em ordem crescente de entry_time.
WARNING,SCENARIO_ORDER,S72_SL5_TP8,1519,linhas do cenário não estão em ordem crescente de entry_time.
WARNING,SCENARIO_ORDER,S72_SL5_TP8,1524,linhas do cenário não estão em ordem crescente de entry_time.
WARNING,SCENARIO_ORDER,S72_SL5_TP8,1529,linhas do cenário não estão em ordem crescente de entry_time.
WARNING,SCENARIO_ORDER,S72_SL5_TP8,1533,linhas do cenário não estão em ordem crescente de entry_time.
WARNING,SCENARIO_ORDER,S72_SL5_TP8,1536,linhas do cenário não estão em ordem crescente de entry_time.
WARNING,SCENARIO_ORDER,S72_SL5_TP8,1537,linhas do cenário não estão em ordem crescente de entry_time.
WARNING,SCENARIO_ORDER,S72_SL5_TP8,1541,linhas do cenário não estão em ordem crescente de entry_time.
WARNING,SCENARIO_ORDER,S72_SL5_TP8,1547,linhas do cenário não estão em ordem crescente de entry_time.
WARNING,SCENARIO_ORDER,S72_SL5_TP8,1552,linhas do cenário não estão em ordem crescente de entry_time.
WARNING,SCENARIO_ORDER,S72_SL5_TP8,1570,linhas do cenário não estão em ordem crescente de entry_time.
WARNING,SCENARIO_ORDER,S72_SL5_TP8,1572,linhas do cenário não estão em ordem crescente de entry_time.
WARNING,SCENARIO_ORDER,S72_SL5_TP8,1576,linhas do cenário não estão em ordem crescente de entry_time.
WARNING,SCENARIO_ORDER,S72_SL5_TP8,1579,linhas do cenário não estão em ordem crescente de entry_time.
WARNING,SCENARIO_ORDER,S72_SL5_TP8,1597,linhas do cenário não estão em ordem crescente de entry_time.
WARNING,SCENARIO_ORDER,S72_SL5_TP8,1614,linhas do cenário não estão em ordem crescente de entry_time.
WARNING,SCENARIO_ORDER,S72_SL5_TP8,1617,linhas do cenário não estão em ordem crescente de entry_time.
WARNING,SCENARIO_ORDER,S72_SL5_TP8,1625,linhas do cenário não estão em ordem crescente de entry_time.
WARNING,SCENARIO_ORDER,S72_SL5_TP8,1632,linhas do cenário não estão em ordem crescente de entry_time.
WARNING,SCENARIO_ORDER,S72_SL5_TP8,1638,linhas do cenário não estão em ordem crescente de entry_time.
WARNING,SCENARIO_ORDER,S72_SL5_TP8,1641,linhas do cenário não estão em ordem crescente de entry_time.
WARNING,SCENARIO_ORDER,S72_SL5_TP8,1645,linhas do cenário não estão em ordem crescente de entry_time.
WARNING,SCENARIO_ORDER,S72_SL5_TP8,1653,linhas do cenário não estão em ordem crescente de entry_time.
WARNING,SCENARIO_ORDER,S72_SL5_TP8,1661,linhas do cenário não estão em ordem crescente de entry_time.
WARNING,SCENARIO_ORDER,S72_SL5_TP8,1665,linhas do cenário não estão em ordem crescente de entry_time.
WARNING,SCENARIO_ORDER,S72_SL5_TP8,1668,linhas do cenário não estão em ordem crescente de entry_time.
WARNING,SCENARIO_ORDER,S72_SL5_TP8,1669,linhas do cenário não estão em ordem crescente de entry_time.
WARNING,SCENARIO_ORDER,S72_SL5_TP8,1671,linhas do cenário não estão em ordem crescente de entry_time.
WARNING,SCENARIO_ORDER,S72_SL5_TP8,1672,linhas do cenário não estão em ordem crescente de entry_time.
WARNING,SCENARIO_ORDER,S72_SL5_TP8,1676,linhas do cenário não estão em ordem crescente de entry_time.
WARNING,SCENARIO_ORDER,S72_SL5_TP8,1680,linhas do cenário não estão em ordem crescente de entry_time.
WARNING,SCENARIO_ORDER,S72_SL5_TP8,1684,linhas do cenário não estão em ordem crescente de entry_time.
WARNING,SCENARIO_ORDER,S72_SL5_TP8,1693,linhas do cenário não estão em ordem crescente de entry_time.
WARNING,SCENARIO_ORDER,S72_SL5_TP8,1696,linhas do cenário não estão em ordem crescente de entry_time.
WARNING,SCENARIO_ORDER,S72_SL5_TP8,1697,linhas do cenário não estão em ordem crescente de entry_time.
WARNING,SCENARIO_ORDER,S72_SL5_TP8,1702,linhas do cenário não estão em ordem crescente de entry_time.
WARNING,SCENARIO_ORDER,S72_SL5_TP8,1703,linhas do cenário não estão em ordem crescente de entry_time.
WARNING,SCENARIO_ORDER,S72_SL5_TP8,1705,linhas do cenário não estão em ordem crescente de entry_time.
WARNING,SCENARIO_ORDER,S72_SL5_TP8,1707,linhas do cenário não estão em ordem crescente de entry_time.
WARNING,SCENARIO_ORDER,S72_SL5_TP8,1710,linhas do cenário não estão em ordem crescente de entry_time.
WARNING,SCENARIO_ORDER,S72_SL5_TP8,1713,linhas do cenário não estão em ordem crescente de entry_time.
WARNING,SCENARIO_ORDER,S72_SL5_TP8,1715,linhas do cenário não estão em ordem crescente de entry_time.
WARNING,SCENARIO_ORDER,S72_SL5_TP8,1716,linhas do cenário não estão em ordem crescente de entry_time.
WARNING,SCENARIO_ORDER,S72_SL5_TP8,1721,linhas do cenário não estão em ordem crescente de entry_time.
WARNING,SCENARIO_ORDER,S72_SL5_TP8,1724,linhas do cenário não estão em ordem crescente de entry_time.
WARNING,SCENARIO_ORDER,S72_SL5_TP8,1738,linhas do cenário não estão em ordem crescente de entry_time.
WARNING,SCENARIO_ORDER,S72_SL5_TP8,1743,linhas do cenário não estão em ordem crescente de entry_time.
WARNING,SCENARIO_ORDER,S72_SL5_TP8,1747,linhas do cenário não estão em ordem crescente de entry_time.
WARNING,SCENARIO_ORDER,S72_SL5_TP8,1748,linhas do cenário não estão em ordem crescente de entry_time.
WARNING,SCENARIO_ORDER,S72_SL5_TP8,1761,linhas do cenário não estão em ordem crescente de entry_time.
WARNING,SCENARIO_ORDER,S72_SL5_TP8,1763,linhas do cenário não estão em ordem crescente de entry_time.
WARNING,SCENARIO_ORDER,S72_SL5_TP8,1766,linhas do cenário não estão em ordem crescente de entry_time.
WARNING,SCENARIO_ORDER,S72_SL5_TP8,1768,linhas do cenário não estão em ordem crescente de entry_time.
WARNING,SCENARIO_ORDER,S72_SL5_TP8,1770,linhas do cenário não estão em ordem crescente de entry_time.
WARNING,SCENARIO_ORDER,S72_SL5_TP8,1775,linhas do cenário não estão em ordem crescente de entry_time.
WARNING,SCENARIO_ORDER,S72_SL5_TP8,1786,linhas do cenário não estão em ordem crescente de entry_time.
WARNING,SCENARIO_ORDER,S72_SL5_TP8,1793,linhas do cenário não estão em ordem crescente de entry_time.
WARNING,SCENARIO_ORDER,S72_SL5_TP8,1798,linhas do cenário não estão em ordem crescente de entry_time.
WARNING,SCENARIO_ORDER,S72_SL5_TP8,1803,linhas do cenário não estão em ordem crescente de entry_time.
WARNING,SCENARIO_ORDER,S72_SL5_TP8,1805,linhas do cenário não estão em ordem crescente de entry_time.
WARNING,SCENARIO_ORDER,S72_SL5_TP8,1808,linhas do cenário não estão em ordem crescente de entry_time.
WARNING,SCENARIO_ORDER,S72_SL5_TP8,1810,linhas do cenário não estão em ordem crescente de entry_time.
WARNING,SCENARIO_ORDER,S72_SL5_TP8,1815,linhas do cenário não estão em ordem crescente de entry_time.
WARNING,SCENARIO_ORDER,S72_SL5_TP8,1821,linhas do cenário não estão em ordem crescente de entry_time.
WARNING,SCENARIO_ORDER,S72_SL5_TP8,1827,linhas do cenário não estão em ordem crescente de entry_time.
WARNING,SCENARIO_ORDER,S72_SL5_TP8,1832,linhas do cenário não estão em ordem crescente de entry_time.
WARNING,SCENARIO_ORDER,S72_SL5_TP8,1836,linhas do cenário não estão em ordem crescente de entry_time.
WARNING,SCENARIO_ORDER,S72_SL5_TP8,1837,linhas do cenário não estão em ordem crescente de entry_time.
WARNING,SCENARIO_ORDER,S72_SL5_TP8,1842,linhas do cenário não estão em ordem crescente de entry_time.
WARNING,SCENARIO_ORDER,S72_SL5_TP8,1845,linhas do cenário não estão em ordem crescente de entry_time.
WARNING,SCENARIO_ORDER,S72_SL5_TP8,1850,linhas do cenário não estão em ordem crescente de entry_time.
WARNING,SCENARIO_ORDER,S72_SL5_TP8,1854,linhas do cenário não estão em ordem crescente de entry_time.
WARNING,SCENARIO_ORDER,S72_SL5_TP8,1856,linhas do cenário não estão em ordem crescente de entry_time.
WARNING,SCENARIO_ORDER,S72_SL5_TP8,1859,linhas do cenário não estão em ordem crescente de entry_time.
WARNING,SCENARIO_ORDER,S72_SL5_TP8,1860,linhas do cenário não estão em ordem crescente de entry_time.
WARNING,SCENARIO_ORDER,S72_SL5_TP8,1864,linhas do cenário não estão em ordem crescente de entry_time.
WARNING,SCENARIO_ORDER,S72_SL5_TP8,1866,linhas do cenário não estão em ordem crescente de entry_time.
WARNING,SCENARIO_ORDER,S72_SL5_TP8,1867,linhas do cenário não estão em ordem crescente de entry_time.
WARNING,SCENARIO_ORDER,S72_SL5_TP8,1870,linhas do cenário não estão em ordem crescente de entry_time.
WARNING,SCENARIO_ORDER,S72_SL5_TP8,1871,linhas do cenário não estão em ordem crescente de entry_time.
WARNING,SCENARIO_ORDER,S72_SL5_TP8,1873,linhas do cenário não estão em ordem crescente de entry_time.
WARNING,SCENARIO_ORDER,S72_SL5_TP8,1880,linhas do cenário não estão em ordem crescente de entry_time.
WARNING,SCENARIO_ORDER,S72_SL5_TP8,1885,linhas do cenário não estão em ordem crescente de entry_time.
WARNING,SCENARIO_ORDER,S72_SL5_TP10,1890,linhas do cenário não estão em ordem crescente de entry_time.
WARNING,SCENARIO_ORDER,S72_SL5_TP10,1895,linhas do cenário não estão em ordem crescente de entry_time.
WARNING,SCENARIO_ORDER,S72_SL5_TP10,1900,linhas do cenário não estão em ordem crescente de entry_time.
WARNING,SCENARIO_ORDER,S72_SL5_TP10,1904,linhas do cenário não estão em ordem crescente de entry_time.
WARNING,SCENARIO_ORDER,S72_SL5_TP10,1907,linhas do cenário não estão em ordem crescente de entry_time.
WARNING,SCENARIO_ORDER,S72_SL5_TP10,1910,linhas do cenário não estão em ordem crescente de entry_time.
WARNING,SCENARIO_ORDER,S72_SL5_TP10,1912,linhas do cenário não estão em ordem crescente de entry_time.
WARNING,SCENARIO_ORDER,S72_SL5_TP10,1918,linhas do cenário não estão em ordem crescente de entry_time.
WARNING,SCENARIO_ORDER,S72_SL5_TP10,1923,linhas do cenário não estão em ordem crescente de entry_time.
WARNING,SCENARIO_ORDER,S72_SL5_TP10,1941,linhas do cenário não estão em ordem crescente de entry_time.
WARNING,SCENARIO_ORDER,S72_SL5_TP10,1943,linhas do cenário não estão em ordem crescente de entry_time.
WARNING,SCENARIO_ORDER,S72_SL5_TP10,1947,linhas do cenário não estão em ordem crescente de entry_time.
WARNING,SCENARIO_ORDER,S72_SL5_TP10,1950,linhas do cenário não estão em ordem crescente de entry_time.
WARNING,SCENARIO_ORDER,S72_SL5_TP10,1968,linhas do cenário não estão em ordem crescente de entry_time.
WARNING,SCENARIO_ORDER,S72_SL5_TP10,1985,linhas do cenário não estão em ordem crescente de entry_time.
WARNING,SCENARIO_ORDER,S72_SL5_TP10,1987,linhas do cenário não estão em ordem crescente de entry_time.
WARNING,SCENARIO_ORDER,S72_SL5_TP10,1988,linhas do cenário não estão em ordem crescente de entry_time.
WARNING,SCENARIO_ORDER,S72_SL5_TP10,1996,linhas do cenário não estão em ordem crescente de entry_time.
WARNING,SCENARIO_ORDER,S72_SL5_TP10,2002,linhas do cenário não estão em ordem crescente de entry_time.
WARNING,SCENARIO_ORDER,S72_SL5_TP10,2011,linhas do cenário não estão em ordem crescente de entry_time.
WARNING,SCENARIO_ORDER,S72_SL5_TP10,2014,linhas do cenário não estão em ordem crescente de entry_time.
WARNING,SCENARIO_ORDER,S72_SL5_TP10,2023,linhas do cenário não estão em ordem crescente de entry_time.
WARNING,SCENARIO_ORDER,S72_SL5_TP10,2035,linhas do cenário não estão em ordem crescente de entry_time.
WARNING,SCENARIO_ORDER,S72_SL5_TP10,2037,linhas do cenário não estão em ordem crescente de entry_time.
WARNING,SCENARIO_ORDER,S72_SL5_TP10,2039,linhas do cenário não estão em ordem crescente de entry_time.
WARNING,SCENARIO_ORDER,S72_SL5_TP10,2041,linhas do cenário não estão em ordem crescente de entry_time.
WARNING,SCENARIO_ORDER,S72_SL5_TP10,2047,linhas do cenário não estão em ordem crescente de entry_time.
WARNING,SCENARIO_ORDER,S72_SL5_TP10,2056,linhas do cenário não estão em ordem crescente de entry_time.
WARNING,SCENARIO_ORDER,S72_SL5_TP10,2059,linhas do cenário não estão em ordem crescente de entry_time.
WARNING,SCENARIO_ORDER,S72_SL5_TP10,2063,linhas do cenário não estão em ordem crescente de entry_time.
WARNING,SCENARIO_ORDER,S72_SL5_TP10,2065,linhas do cenário não estão em ordem crescente de entry_time.
WARNING,SCENARIO_ORDER,S72_SL5_TP10,2069,linhas do cenário não estão em ordem crescente de entry_time.
WARNING,SCENARIO_ORDER,S72_SL5_TP10,2071,linhas do cenário não estão em ordem crescente de entry_time.
WARNING,SCENARIO_ORDER,S72_SL5_TP10,2076,linhas do cenário não estão em ordem crescente de entry_time.
WARNING,SCENARIO_ORDER,S72_SL5_TP10,2078,linhas do cenário não estão em ordem crescente de entry_time.
WARNING,SCENARIO_ORDER,S72_SL5_TP10,2084,linhas do cenário não estão em ordem crescente de entry_time.
WARNING,SCENARIO_ORDER,S72_SL5_TP10,2088,linhas do cenário não estão em ordem crescente de entry_time.
WARNING,SCENARIO_ORDER,S72_SL5_TP10,2096,linhas do cenário não estão em ordem crescente de entry_time.
WARNING,SCENARIO_ORDER,S72_SL5_TP10,2098,linhas do cenário não estão em ordem crescente de entry_time.
WARNING,SCENARIO_ORDER,S72_SL5_TP10,2101,linhas do cenário não estão em ordem crescente de entry_time.
WARNING,SCENARIO_ORDER,S72_SL5_TP10,2109,linhas do cenário não estão em ordem crescente de entry_time.
WARNING,SCENARIO_ORDER,S72_SL5_TP10,2111,linhas do cenário não estão em ordem crescente de entry_time.
WARNING,SCENARIO_ORDER,S72_SL5_TP10,2115,linhas do cenário não estão em ordem crescente de entry_time.
WARNING,SCENARIO_ORDER,S72_SL5_TP10,2120,linhas do cenário não estão em ordem crescente de entry_time.
WARNING,SCENARIO_ORDER,S72_SL5_TP10,2124,linhas do cenário não estão em ordem crescente de entry_time.
WARNING,SCENARIO_ORDER,S72_SL5_TP10,2128,linhas do cenário não estão em ordem crescente de entry_time.
WARNING,SCENARIO_ORDER,S72_SL5_TP10,2130,linhas do cenário não estão em ordem crescente de entry_time.
WARNING,SCENARIO_ORDER,S72_SL5_TP10,2133,linhas do cenário não estão em ordem crescente de entry_time.
WARNING,SCENARIO_ORDER,S72_SL5_TP10,2137,linhas do cenário não estão em ordem crescente de entry_time.
WARNING,SCENARIO_ORDER,S72_SL5_TP10,2146,linhas do cenário não estão em ordem crescente de entry_time.
WARNING,SCENARIO_ORDER,S72_SL5_TP10,2152,linhas do cenário não estão em ordem crescente de entry_time.
WARNING,SCENARIO_ORDER,S72_SL5_TP10,2159,linhas do cenário não estão em ordem crescente de entry_time.
WARNING,SCENARIO_ORDER,S72_SL5_TP10,2162,linhas do cenário não estão em ordem crescente de entry_time.
WARNING,SCENARIO_ORDER,S72_SL5_TP10,2168,linhas do cenário não estão em ordem crescente de entry_time.
WARNING,SCENARIO_ORDER,S72_SL5_TP10,2169,linhas do cenário não estão em ordem crescente de entry_time.
WARNING,SCENARIO_ORDER,S72_SL5_TP10,2173,linhas do cenário não estão em ordem crescente de entry_time.
WARNING,SCENARIO_ORDER,S72_SL5_TP10,2175,linhas do cenário não estão em ordem crescente de entry_time.
WARNING,SCENARIO_ORDER,S72_SL5_TP10,2178,linhas do cenário não estão em ordem crescente de entry_time.
WARNING,SCENARIO_ORDER,S72_SL5_TP10,2187,linhas do cenário não estão em ordem crescente de entry_time.
WARNING,SCENARIO_ORDER,S72_SL5_TP10,2189,linhas do cenário não estão em ordem crescente de entry_time.
WARNING,SCENARIO_ORDER,S72_SL5_TP10,2192,linhas do cenário não estão em ordem crescente de entry_time.
WARNING,SCENARIO_ORDER,S72_SL5_TP10,2199,linhas do cenário não estão em ordem crescente de entry_time.
WARNING,SCENARIO_ORDER,S72_SL5_TP10,2201,linhas do cenário não estão em ordem crescente de entry_time.
WARNING,SCENARIO_ORDER,S72_SL5_TP10,2202,linhas do cenário não estão em ordem crescente de entry_time.
WARNING,SCENARIO_ORDER,S72_SL5_TP10,2206,linhas do cenário não estão em ordem crescente de entry_time.
WARNING,SCENARIO_ORDER,S72_SL5_TP10,2208,linhas do cenário não estão em ordem crescente de entry_time.
WARNING,SCENARIO_ORDER,S72_SL5_TP10,2212,linhas do cenário não estão em ordem crescente de entry_time.
WARNING,SCENARIO_ORDER,S72_SL5_TP10,2216,linhas do cenário não estão em ordem crescente de entry_time.
WARNING,SCENARIO_ORDER,S72_SL5_TP10,2222,linhas do cenário não estão em ordem crescente de entry_time.
WARNING,SCENARIO_ORDER,S72_SL5_TP10,2225,linhas do cenário não estão em ordem crescente de entry_time.
WARNING,SCENARIO_ORDER,S72_SL5_TP10,2228,linhas do cenário não estão em ordem crescente de entry_time.
WARNING,SCENARIO_ORDER,S72_SL5_TP10,2231,linhas do cenário não estão em ordem crescente de entry_time.
WARNING,SCENARIO_ORDER,S72_SL5_TP10,2234,linhas do cenário não estão em ordem crescente de entry_time.
WARNING,SCENARIO_ORDER,S72_SL5_TP10,2237,linhas do cenário não estão em ordem crescente de entry_time.
WARNING,SCENARIO_ORDER,S72_SL5_TP10,2242,linhas do cenário não estão em ordem crescente de entry_time.
WARNING,SCENARIO_ORDER,S72_SL5_TP10,2243,linhas do cenário não estão em ordem crescente de entry_time.
WARNING,SCENARIO_ORDER,S72_SL5_TP10,2247,linhas do cenário não estão em ordem crescente de entry_time.
WARNING,SCENARIO_ORDER,S72_SL5_TP10,2249,linhas do cenário não estão em ordem crescente de entry_time.
WARNING,SCENARIO_ORDER,S72_SL5_TP12,2253,linhas do cenário não estão em ordem crescente de entry_time.
WARNING,SCENARIO_ORDER,S72_SL5_TP12,2258,linhas do cenário não estão em ordem crescente de entry_time.
WARNING,SCENARIO_ORDER,S72_SL5_TP12,2263,linhas do cenário não estão em ordem crescente de entry_time.
WARNING,SCENARIO_ORDER,S72_SL5_TP12,2267,linhas do cenário não estão em ordem crescente de entry_time.
WARNING,SCENARIO_ORDER,S72_SL5_TP12,2270,linhas do cenário não estão em ordem crescente de entry_time.
WARNING,SCENARIO_ORDER,S72_SL5_TP12,2273,linhas do cenário não estão em ordem crescente de entry_time.
WARNING,SCENARIO_ORDER,S72_SL5_TP12,2275,linhas do cenário não estão em ordem crescente de entry_time.
WARNING,SCENARIO_ORDER,S72_SL5_TP12,2302,linhas do cenário não estão em ordem crescente de entry_time.
WARNING,SCENARIO_ORDER,S72_SL5_TP12,2304,linhas do cenário não estão em ordem crescente de entry_time.
WARNING,SCENARIO_ORDER,S72_SL5_TP12,2308,linhas do cenário não estão em ordem crescente de entry_time.
WARNING,SCENARIO_ORDER,S72_SL5_TP12,2311,linhas do cenário não estão em ordem crescente de entry_time.
WARNING,SCENARIO_ORDER,S72_SL5_TP12,2329,linhas do cenário não estão em ordem crescente de entry_time.
WARNING,SCENARIO_ORDER,S72_SL5_TP12,2347,linhas do cenário não estão em ordem crescente de entry_time.
WARNING,SCENARIO_ORDER,S72_SL5_TP12,2348,linhas do cenário não estão em ordem crescente de entry_time.
WARNING,SCENARIO_ORDER,S72_SL5_TP12,2356,linhas do cenário não estão em ordem crescente de entry_time.
WARNING,SCENARIO_ORDER,S72_SL5_TP12,2358,linhas do cenário não estão em ordem crescente de entry_time.
WARNING,SCENARIO_ORDER,S72_SL5_TP12,2361,linhas do cenário não estão em ordem crescente de entry_time.
WARNING,SCENARIO_ORDER,S72_SL5_TP12,2363,linhas do cenário não estão em ordem crescente de entry_time.
WARNING,SCENARIO_ORDER,S72_SL5_TP12,2370,linhas do cenário não estão em ordem crescente de entry_time.
WARNING,SCENARIO_ORDER,S72_SL5_TP12,2373,linhas do cenário não estão em ordem crescente de entry_time.
WARNING,SCENARIO_ORDER,S72_SL5_TP12,2382,linhas do cenário não estão em ordem crescente de entry_time.
WARNING,SCENARIO_ORDER,S72_SL5_TP12,2384,linhas do cenário não estão em ordem crescente de entry_time.
WARNING,SCENARIO_ORDER,S72_SL5_TP12,2397,linhas do cenário não estão em ordem crescente de entry_time.
WARNING,SCENARIO_ORDER,S72_SL5_TP12,2399,linhas do cenário não estão em ordem crescente de entry_time.
WARNING,SCENARIO_ORDER,S72_SL5_TP12,2402,linhas do cenário não estão em ordem crescente de entry_time.
WARNING,SCENARIO_ORDER,S72_SL5_TP12,2406,linhas do cenário não estão em ordem crescente de entry_time.
WARNING,SCENARIO_ORDER,S72_SL5_TP12,2417,linhas do cenário não estão em ordem crescente de entry_time.
WARNING,SCENARIO_ORDER,S72_SL5_TP12,2419,linhas do cenário não estão em ordem crescente de entry_time.
WARNING,SCENARIO_ORDER,S72_SL5_TP12,2424,linhas do cenário não estão em ordem crescente de entry_time.
WARNING,SCENARIO_ORDER,S72_SL5_TP12,2430,linhas do cenário não estão em ordem crescente de entry_time.
WARNING,SCENARIO_ORDER,S72_SL5_TP12,2432,linhas do cenário não estão em ordem crescente de entry_time.
WARNING,SCENARIO_ORDER,S72_SL5_TP12,2436,linhas do cenário não estão em ordem crescente de entry_time.
WARNING,SCENARIO_ORDER,S72_SL5_TP12,2442,linhas do cenário não estão em ordem crescente de entry_time.
WARNING,SCENARIO_ORDER,S72_SL5_TP12,2448,linhas do cenário não estão em ordem crescente de entry_time.
WARNING,SCENARIO_ORDER,S72_SL5_TP12,2456,linhas do cenário não estão em ordem crescente de entry_time.
WARNING,SCENARIO_ORDER,S72_SL5_TP12,2462,linhas do cenário não estão em ordem crescente de entry_time.
WARNING,SCENARIO_ORDER,S72_SL5_TP12,2469,linhas do cenário não estão em ordem crescente de entry_time.
WARNING,SCENARIO_ORDER,S72_SL5_TP12,2472,linhas do cenário não estão em ordem crescente de entry_time.
WARNING,SCENARIO_ORDER,S72_SL5_TP12,2474,linhas do cenário não estão em ordem crescente de entry_time.
WARNING,SCENARIO_ORDER,S72_SL5_TP12,2476,linhas do cenário não estão em ordem crescente de entry_time.
WARNING,SCENARIO_ORDER,S72_SL5_TP12,2485,linhas do cenário não estão em ordem crescente de entry_time.
WARNING,SCENARIO_ORDER,S72_SL5_TP12,2491,linhas do cenário não estão em ordem crescente de entry_time.
WARNING,SCENARIO_ORDER,S72_SL5_TP12,2493,linhas do cenário não estão em ordem crescente de entry_time.
WARNING,SCENARIO_ORDER,S72_SL5_TP12,2497,linhas do cenário não estão em ordem crescente de entry_time.
WARNING,SCENARIO_ORDER,S72_SL5_TP12,2508,linhas do cenário não estão em ordem crescente de entry_time.
WARNING,SCENARIO_ORDER,S72_SL5_TP12,2510,linhas do cenário não estão em ordem crescente de entry_time.
WARNING,SCENARIO_ORDER,S72_SL5_TP12,2512,linhas do cenário não estão em ordem crescente de entry_time.
WARNING,SCENARIO_ORDER,S72_SL5_TP12,2519,linhas do cenário não estão em ordem crescente de entry_time.
WARNING,SCENARIO_ORDER,S72_SL5_TP12,2522,linhas do cenário não estão em ordem crescente de entry_time.
WARNING,SCENARIO_ORDER,S72_SL5_TP12,2526,linhas do cenário não estão em ordem crescente de entry_time.
WARNING,SCENARIO_ORDER,S72_SL5_TP12,2528,linhas do cenário não estão em ordem crescente de entry_time.
WARNING,SCENARIO_ORDER,S72_SL5_TP12,2532,linhas do cenário não estão em ordem crescente de entry_time.
WARNING,SCENARIO_ORDER,S72_SL5_TP12,2537,linhas do cenário não estão em ordem crescente de entry_time.
WARNING,SCENARIO_ORDER,S72_SL5_TP12,2544,linhas do cenário não estão em ordem crescente de entry_time.
WARNING,SCENARIO_ORDER,S72_SL5_TP12,2548,linhas do cenário não estão em ordem crescente de entry_time.
WARNING,SCENARIO_ORDER,S72_SL5_TP12,2552,linhas do cenário não estão em ordem crescente de entry_time.
WARNING,SCENARIO_ORDER,S72_SL5_TP12,2553,linhas do cenário não estão em ordem crescente de entry_time.
WARNING,SCENARIO_ORDER,S72_SL5_TP12,2561,linhas do cenário não estão em ordem crescente de entry_time.
WARNING,SCENARIO_ORDER,S72_SL5_TP12,2562,linhas do cenário não estão em ordem crescente de entry_time.
WARNING,SCENARIO_ORDER,S72_SL5_TP12,2565,linhas do cenário não estão em ordem crescente de entry_time.
WARNING,SCENARIO_ORDER,S72_SL5_TP12,2568,linhas do cenário não estão em ordem crescente de entry_time.
WARNING,SCENARIO_ORDER,S72_SL5_TP12,2572,linhas do cenário não estão em ordem crescente de entry_time.
WARNING,SCENARIO_ORDER,S72_SL5_TP12,2575,linhas do cenário não estão em ordem crescente de entry_time.
WARNING,SCENARIO_ORDER,S72_SL5_TP12,2580,linhas do cenário não estão em ordem crescente de entry_time.
WARNING,SCENARIO_ORDER,S72_SL5_TP12,2583,linhas do cenário não estão em ordem crescente de entry_time.
WARNING,SCENARIO_ORDER,S72_SL5_TP12,2587,linhas do cenário não estão em ordem crescente de entry_time.
WARNING,SCENARIO_ORDER,S72_SL5_TP12,2592,linhas do cenário não estão em ordem crescente de entry_time.
WARNING,SCENARIO_ORDER,S72_SL5_TP12,2598,linhas do cenário não estão em ordem crescente de entry_time.
WARNING,SCENARIO_ORDER,S72_SL5_TP15,2609,linhas do cenário não estão em ordem crescente de entry_time.
WARNING,SCENARIO_ORDER,S72_SL5_TP15,2614,linhas do cenário não estão em ordem crescente de entry_time.
WARNING,SCENARIO_ORDER,S72_SL5_TP15,2623,linhas do cenário não estão em ordem crescente de entry_time.
WARNING,SCENARIO_ORDER,S72_SL5_TP15,2626,linhas do cenário não estão em ordem crescente de entry_time.
WARNING,SCENARIO_ORDER,S72_SL5_TP15,2628,linhas do cenário não estão em ordem crescente de entry_time.
WARNING,SCENARIO_ORDER,S72_SL5_TP15,2630,linhas do cenário não estão em ordem crescente de entry_time.
WARNING,SCENARIO_ORDER,S72_SL5_TP15,2657,linhas do cenário não estão em ordem crescente de entry_time.
WARNING,SCENARIO_ORDER,S72_SL5_TP15,2659,linhas do cenário não estão em ordem crescente de entry_time.
WARNING,SCENARIO_ORDER,S72_SL5_TP15,2663,linhas do cenário não estão em ordem crescente de entry_time.
WARNING,SCENARIO_ORDER,S72_SL5_TP15,2666,linhas do cenário não estão em ordem crescente de entry_time.
WARNING,SCENARIO_ORDER,S72_SL5_TP15,2684,linhas do cenário não estão em ordem crescente de entry_time.
WARNING,SCENARIO_ORDER,S72_SL5_TP15,2702,linhas do cenário não estão em ordem crescente de entry_time.
WARNING,SCENARIO_ORDER,S72_SL5_TP15,2711,linhas do cenário não estão em ordem crescente de entry_time.
WARNING,SCENARIO_ORDER,S72_SL5_TP15,2718,linhas do cenário não estão em ordem crescente de entry_time.
WARNING,SCENARIO_ORDER,S72_SL5_TP15,2725,linhas do cenário não estão em ordem crescente de entry_time.
WARNING,SCENARIO_ORDER,S72_SL5_TP15,2729,linhas do cenário não estão em ordem crescente de entry_time.
WARNING,SCENARIO_ORDER,S72_SL5_TP15,2736,linhas do cenário não estão em ordem crescente de entry_time.
WARNING,SCENARIO_ORDER,S72_SL5_TP15,2738,linhas do cenário não estão em ordem crescente de entry_time.
WARNING,SCENARIO_ORDER,S72_SL5_TP15,2746,linhas do cenário não estão em ordem crescente de entry_time.
WARNING,SCENARIO_ORDER,S72_SL5_TP15,2752,linhas do cenário não estão em ordem crescente de entry_time.
WARNING,SCENARIO_ORDER,S72_SL5_TP15,2755,linhas do cenário não estão em ordem crescente de entry_time.
WARNING,SCENARIO_ORDER,S72_SL5_TP15,2756,linhas do cenário não estão em ordem crescente de entry_time.
WARNING,SCENARIO_ORDER,S72_SL5_TP15,2762,linhas do cenário não estão em ordem crescente de entry_time.
WARNING,SCENARIO_ORDER,S72_SL5_TP15,2774,linhas do cenário não estão em ordem crescente de entry_time.
WARNING,SCENARIO_ORDER,S72_SL5_TP15,2775,linhas do cenário não estão em ordem crescente de entry_time.
WARNING,SCENARIO_ORDER,S72_SL5_TP15,2779,linhas do cenário não estão em ordem crescente de entry_time.
WARNING,SCENARIO_ORDER,S72_SL5_TP15,2782,linhas do cenário não estão em ordem crescente de entry_time.
WARNING,SCENARIO_ORDER,S72_SL5_TP15,2784,linhas do cenário não estão em ordem crescente de entry_time.
WARNING,SCENARIO_ORDER,S72_SL5_TP15,2785,linhas do cenário não estão em ordem crescente de entry_time.
WARNING,SCENARIO_ORDER,S72_SL5_TP15,2787,linhas do cenário não estão em ordem crescente de entry_time.
WARNING,SCENARIO_ORDER,S72_SL5_TP15,2789,linhas do cenário não estão em ordem crescente de entry_time.
WARNING,SCENARIO_ORDER,S72_SL5_TP15,2796,linhas do cenário não estão em ordem crescente de entry_time.
WARNING,SCENARIO_ORDER,S72_SL5_TP15,2798,linhas do cenário não estão em ordem crescente de entry_time.
WARNING,SCENARIO_ORDER,S72_SL5_TP15,2800,linhas do cenário não estão em ordem crescente de entry_time.
WARNING,SCENARIO_ORDER,S72_SL5_TP15,2804,linhas do cenário não estão em ordem crescente de entry_time.
WARNING,SCENARIO_ORDER,S72_SL5_TP15,2811,linhas do cenário não estão em ordem crescente de entry_time.
WARNING,SCENARIO_ORDER,S72_SL5_TP15,2815,linhas do cenário não estão em ordem crescente de entry_time.
WARNING,SCENARIO_ORDER,S72_SL5_TP15,2826,linhas do cenário não estão em ordem crescente de entry_time.
WARNING,SCENARIO_ORDER,S72_SL5_TP15,2828,linhas do cenário não estão em ordem crescente de entry_time.
WARNING,SCENARIO_ORDER,S72_SL5_TP15,2834,linhas do cenário não estão em ordem crescente de entry_time.
WARNING,SCENARIO_ORDER,S72_SL5_TP15,2840,linhas do cenário não estão em ordem crescente de entry_time.
WARNING,SCENARIO_ORDER,S72_SL5_TP15,2843,linhas do cenário não estão em ordem crescente de entry_time.
WARNING,SCENARIO_ORDER,S72_SL5_TP15,2846,linhas do cenário não estão em ordem crescente de entry_time.
WARNING,SCENARIO_ORDER,S72_SL5_TP15,2850,linhas do cenário não estão em ordem crescente de entry_time.
WARNING,SCENARIO_ORDER,S72_SL5_TP15,2859,linhas do cenário não estão em ordem crescente de entry_time.
WARNING,SCENARIO_ORDER,S72_SL5_TP15,2865,linhas do cenário não estão em ordem crescente de entry_time.
WARNING,SCENARIO_ORDER,S72_SL5_TP15,2874,linhas do cenário não estão em ordem crescente de entry_time.
WARNING,SCENARIO_ORDER,S72_SL5_TP15,2876,linhas do cenário não estão em ordem crescente de entry_time.
WARNING,SCENARIO_ORDER,S72_SL5_TP15,2884,linhas do cenário não estão em ordem crescente de entry_time.
WARNING,SCENARIO_ORDER,S72_SL5_TP15,2886,linhas do cenário não estão em ordem crescente de entry_time.
WARNING,SCENARIO_ORDER,S72_SL5_TP15,2892,linhas do cenário não estão em ordem crescente de entry_time.
WARNING,SCENARIO_ORDER,S72_SL5_TP15,2897,linhas do cenário não estão em ordem crescente de entry_time.
WARNING,SCENARIO_ORDER,S72_SL5_TP15,2903,linhas do cenário não estão em ordem crescente de entry_time.
WARNING,SCENARIO_ORDER,S72_SL5_TP15,2907,linhas do cenário não estão em ordem crescente de entry_time.
WARNING,SCENARIO_ORDER,S72_SL5_TP15,2909,linhas do cenário não estão em ordem crescente de entry_time.
WARNING,SCENARIO_ORDER,S72_SL5_TP15,2915,linhas do cenário não estão em ordem crescente de entry_time.
WARNING,SCENARIO_ORDER,S72_SL5_TP15,2918,linhas do cenário não estão em ordem crescente de entry_time.
WARNING,SCENARIO_ORDER,S72_SL5_TP15,2919,linhas do cenário não estão em ordem crescente de entry_time.
WARNING,SCENARIO_ORDER,S72_SL5_TP15,2921,linhas do cenário não estão em ordem crescente de entry_time.
WARNING,SCENARIO_ORDER,S72_SL5_TP15,2923,linhas do cenário não estão em ordem crescente de entry_time.
WARNING,SCENARIO_ORDER,S72_SL5_TP15,2932,linhas do cenário não estão em ordem crescente de entry_time.
WARNING,SCENARIO_ORDER,S72_SL5_TP15,2934,linhas do cenário não estão em ordem crescente de entry_time.
WARNING,SCENARIO_ORDER,S72_SL5_TP15,2940,linhas do cenário não estão em ordem crescente de entry_time.
WARNING,SCENARIO_ORDER,S72_SL5_TP15,2946,linhas do cenário não estão em ordem crescente de entry_time.
WARNING,SCENARIO_ORDER,S72_SL5_TP15,2949,linhas do cenário não estão em ordem crescente de entry_time.
WARNING,SCENARIO_ORDER,S72_SL5_TP15,2952,linhas do cenário não estão em ordem crescente de entry_time.
WARNING,SCENARIO_ORDER,S72_SL6_TP8,2957,linhas do cenário não estão em ordem crescente de entry_time.
WARNING,SCENARIO_ORDER,S72_SL6_TP8,2962,linhas do cenário não estão em ordem crescente de entry_time.
WARNING,SCENARIO_ORDER,S72_SL6_TP8,2967,linhas do cenário não estão em ordem crescente de entry_time.
WARNING,SCENARIO_ORDER,S72_SL6_TP8,2971,linhas do cenário não estão em ordem crescente de entry_time.
WARNING,SCENARIO_ORDER,S72_SL6_TP8,2974,linhas do cenário não estão em ordem crescente de entry_time.
WARNING,SCENARIO_ORDER,S72_SL6_TP8,2978,linhas do cenário não estão em ordem crescente de entry_time.
WARNING,SCENARIO_ORDER,S72_SL6_TP8,2984,linhas do cenário não estão em ordem crescente de entry_time.
WARNING,SCENARIO_ORDER,S72_SL6_TP8,2989,linhas do cenário não estão em ordem crescente de entry_time.
WARNING,SCENARIO_ORDER,S72_SL6_TP8,3008,linhas do cenário não estão em ordem crescente de entry_time.
WARNING,SCENARIO_ORDER,S72_SL6_TP8,3012,linhas do cenário não estão em ordem crescente de entry_time.
WARNING,SCENARIO_ORDER,S72_SL6_TP8,3013,linhas do cenário não estão em ordem crescente de entry_time.
WARNING,SCENARIO_ORDER,S72_SL6_TP8,3017,linhas do cenário não estão em ordem crescente de entry_time.
WARNING,SCENARIO_ORDER,S72_SL6_TP8,3036,linhas do cenário não estão em ordem crescente de entry_time.
WARNING,SCENARIO_ORDER,S72_SL6_TP8,3053,linhas do cenário não estão em ordem crescente de entry_time.
WARNING,SCENARIO_ORDER,S72_SL6_TP8,3055,linhas do cenário não estão em ordem crescente de entry_time.
WARNING,SCENARIO_ORDER,S72_SL6_TP8,3070,linhas do cenário não estão em ordem crescente de entry_time.
WARNING,SCENARIO_ORDER,S72_SL6_TP8,3076,linhas do cenário não estão em ordem crescente de entry_time.
WARNING,SCENARIO_ORDER,S72_SL6_TP8,3082,linhas do cenário não estão em ordem crescente de entry_time.
WARNING,SCENARIO_ORDER,S72_SL6_TP8,3089,linhas do cenário não estão em ordem crescente de entry_time.
WARNING,SCENARIO_ORDER,S72_SL6_TP8,3091,linhas do cenário não estão em ordem crescente de entry_time.
WARNING,SCENARIO_ORDER,S72_SL6_TP8,3099,linhas do cenário não estão em ordem crescente de entry_time.
WARNING,SCENARIO_ORDER,S72_SL6_TP8,3103,linhas do cenário não estão em ordem crescente de entry_time.
WARNING,SCENARIO_ORDER,S72_SL6_TP8,3105,linhas do cenário não estão em ordem crescente de entry_time.
WARNING,SCENARIO_ORDER,S72_SL6_TP8,3107,linhas do cenário não estão em ordem crescente de entry_time.
WARNING,SCENARIO_ORDER,S72_SL6_TP8,3109,linhas do cenário não estão em ordem crescente de entry_time.
WARNING,SCENARIO_ORDER,S72_SL6_TP8,3115,linhas do cenário não estão em ordem crescente de entry_time.
WARNING,SCENARIO_ORDER,S72_SL6_TP8,3122,linhas do cenário não estão em ordem crescente de entry_time.
WARNING,SCENARIO_ORDER,S72_SL6_TP8,3128,linhas do cenário não estão em ordem crescente de entry_time.
WARNING,SCENARIO_ORDER,S72_SL6_TP8,3131,linhas do cenário não estão em ordem crescente de entry_time.
WARNING,SCENARIO_ORDER,S72_SL6_TP8,3136,linhas do cenário não estão em ordem crescente de entry_time.
WARNING,SCENARIO_ORDER,S72_SL6_TP8,3138,linhas do cenário não estão em ordem crescente de entry_time.
WARNING,SCENARIO_ORDER,S72_SL6_TP8,3147,linhas do cenário não estão em ordem crescente de entry_time.
WARNING,SCENARIO_ORDER,S72_SL6_TP8,3149,linhas do cenário não estão em ordem crescente de entry_time.
WARNING,SCENARIO_ORDER,S72_SL6_TP8,3151,linhas do cenário não estão em ordem crescente de entry_time.
WARNING,SCENARIO_ORDER,S72_SL6_TP8,3152,linhas do cenário não estão em ordem crescente de entry_time.
WARNING,SCENARIO_ORDER,S72_SL6_TP8,3155,linhas do cenário não estão em ordem crescente de entry_time.
WARNING,SCENARIO_ORDER,S72_SL6_TP8,3164,linhas do cenário não estão em ordem crescente de entry_time.
WARNING,SCENARIO_ORDER,S72_SL6_TP8,3167,linhas do cenário não estão em ordem crescente de entry_time.
WARNING,SCENARIO_ORDER,S72_SL6_TP8,3170,linhas do cenário não estão em ordem crescente de entry_time.
WARNING,SCENARIO_ORDER,S72_SL6_TP8,3173,linhas do cenário não estão em ordem crescente de entry_time.
WARNING,SCENARIO_ORDER,S72_SL6_TP8,3176,linhas do cenário não estão em ordem crescente de entry_time.
WARNING,SCENARIO_ORDER,S72_SL6_TP8,3179,linhas do cenário não estão em ordem crescente de entry_time.
WARNING,SCENARIO_ORDER,S72_SL6_TP8,3181,linhas do cenário não estão em ordem crescente de entry_time.
WARNING,SCENARIO_ORDER,S72_SL6_TP8,3184,linhas do cenário não estão em ordem crescente de entry_time.
WARNING,SCENARIO_ORDER,S72_SL6_TP8,3191,linhas do cenário não estão em ordem crescente de entry_time.
WARNING,SCENARIO_ORDER,S72_SL6_TP8,3192,linhas do cenário não estão em ordem crescente de entry_time.
WARNING,SCENARIO_ORDER,S72_SL6_TP8,3195,linhas do cenário não estão em ordem crescente de entry_time.
WARNING,SCENARIO_ORDER,S72_SL6_TP8,3200,linhas do cenário não estão em ordem crescente de entry_time.
WARNING,SCENARIO_ORDER,S72_SL6_TP8,3203,linhas do cenário não estão em ordem crescente de entry_time.
WARNING,SCENARIO_ORDER,S72_SL6_TP8,3216,linhas do cenário não estão em ordem crescente de entry_time.
WARNING,SCENARIO_ORDER,S72_SL6_TP8,3223,linhas do cenário não estão em ordem crescente de entry_time.
WARNING,SCENARIO_ORDER,S72_SL6_TP8,3229,linhas do cenário não estão em ordem crescente de entry_time.
WARNING,SCENARIO_ORDER,S72_SL6_TP8,3238,linhas do cenário não estão em ordem crescente de entry_time.
WARNING,SCENARIO_ORDER,S72_SL6_TP8,3243,linhas do cenário não estão em ordem crescente de entry_time.
WARNING,SCENARIO_ORDER,S72_SL6_TP8,3246,linhas do cenário não estão em ordem crescente de entry_time.
WARNING,SCENARIO_ORDER,S72_SL6_TP8,3249,linhas do cenário não estão em ordem crescente de entry_time.
WARNING,SCENARIO_ORDER,S72_SL6_TP8,3253,linhas do cenário não estão em ordem crescente de entry_time.
WARNING,SCENARIO_ORDER,S72_SL6_TP8,3257,linhas do cenário não estão em ordem crescente de entry_time.
WARNING,SCENARIO_ORDER,S72_SL6_TP8,3261,linhas do cenário não estão em ordem crescente de entry_time.
WARNING,SCENARIO_ORDER,S72_SL6_TP8,3265,linhas do cenário não estão em ordem crescente de entry_time.
WARNING,SCENARIO_ORDER,S72_SL6_TP8,3268,linhas do cenário não estão em ordem crescente de entry_time.
WARNING,SCENARIO_ORDER,S72_SL6_TP8,3272,linhas do cenário não estão em ordem crescente de entry_time.
WARNING,SCENARIO_ORDER,S72_SL6_TP8,3276,linhas do cenário não estão em ordem crescente de entry_time.
WARNING,SCENARIO_ORDER,S72_SL6_TP8,3282,linhas do cenário não estão em ordem crescente de entry_time.
WARNING,SCENARIO_ORDER,S72_SL6_TP8,3284,linhas do cenário não estão em ordem crescente de entry_time.
WARNING,SCENARIO_ORDER,S72_SL6_TP8,3291,linhas do cenário não estão em ordem crescente de entry_time.
WARNING,SCENARIO_ORDER,S72_SL6_TP8,3293,linhas do cenário não estão em ordem crescente de entry_time.
WARNING,SCENARIO_ORDER,S72_SL6_TP8,3296,linhas do cenário não estão em ordem crescente de entry_time.
WARNING,SCENARIO_ORDER,S72_SL6_TP8,3304,linhas do cenário não estão em ordem crescente de entry_time.
WARNING,SCENARIO_ORDER,S72_SL6_TP8,3310,linhas do cenário não estão em ordem crescente de entry_time.
WARNING,SCENARIO_ORDER,S72_SL6_TP8,3314,linhas do cenário não estão em ordem crescente de entry_time.
WARNING,SCENARIO_ORDER,S72_SL6_TP8,3318,linhas do cenário não estão em ordem crescente de entry_time.
WARNING,SCENARIO_ORDER,S72_SL6_TP10,3322,linhas do cenário não estão em ordem crescente de entry_time.
WARNING,SCENARIO_ORDER,S72_SL6_TP10,3327,linhas do cenário não estão em ordem crescente de entry_time.
WARNING,SCENARIO_ORDER,S72_SL6_TP10,3332,linhas do cenário não estão em ordem crescente de entry_time.
WARNING,SCENARIO_ORDER,S72_SL6_TP10,3336,linhas do cenário não estão em ordem crescente de entry_time.
WARNING,SCENARIO_ORDER,S72_SL6_TP10,3341,linhas do cenário não estão em ordem crescente de entry_time.
WARNING,SCENARIO_ORDER,S72_SL6_TP10,3343,linhas do cenário não estão em ordem crescente de entry_time.
WARNING,SCENARIO_ORDER,S72_SL6_TP10,3349,linhas do cenário não estão em ordem crescente de entry_time.
WARNING,SCENARIO_ORDER,S72_SL6_TP10,3354,linhas do cenário não estão em ordem crescente de entry_time.
WARNING,SCENARIO_ORDER,S72_SL6_TP10,3373,linhas do cenário não estão em ordem crescente de entry_time.
WARNING,SCENARIO_ORDER,S72_SL6_TP10,3377,linhas do cenário não estão em ordem crescente de entry_time.
WARNING,SCENARIO_ORDER,S72_SL6_TP10,3378,linhas do cenário não estão em ordem crescente de entry_time.
WARNING,SCENARIO_ORDER,S72_SL6_TP10,3382,linhas do cenário não estão em ordem crescente de entry_time.
WARNING,SCENARIO_ORDER,S72_SL6_TP10,3400,linhas do cenário não estão em ordem crescente de entry_time.
WARNING,SCENARIO_ORDER,S72_SL6_TP10,3418,linhas do cenário não estão em ordem crescente de entry_time.
WARNING,SCENARIO_ORDER,S72_SL6_TP10,3420,linhas do cenário não estão em ordem crescente de entry_time.
WARNING,SCENARIO_ORDER,S72_SL6_TP10,3430,linhas do cenário não estão em ordem crescente de entry_time.
WARNING,SCENARIO_ORDER,S72_SL6_TP10,3435,linhas do cenário não estão em ordem crescente de entry_time.
WARNING,SCENARIO_ORDER,S72_SL6_TP10,3443,linhas do cenário não estão em ordem crescente de entry_time.
WARNING,SCENARIO_ORDER,S72_SL6_TP10,3457,linhas do cenário não estão em ordem crescente de entry_time.
WARNING,SCENARIO_ORDER,S72_SL6_TP10,3458,linhas do cenário não estão em ordem crescente de entry_time.
WARNING,SCENARIO_ORDER,S72_SL6_TP10,3466,linhas do cenário não estão em ordem crescente de entry_time.
WARNING,SCENARIO_ORDER,S72_SL6_TP10,3469,linhas do cenário não estão em ordem crescente de entry_time.
WARNING,SCENARIO_ORDER,S72_SL6_TP10,3471,linhas do cenário não estão em ordem crescente de entry_time.
WARNING,SCENARIO_ORDER,S72_SL6_TP10,3479,linhas do cenário não estão em ordem crescente de entry_time.
WARNING,SCENARIO_ORDER,S72_SL6_TP10,3481,linhas do cenário não estão em ordem crescente de entry_time.
WARNING,SCENARIO_ORDER,S72_SL6_TP10,3496,linhas do cenário não estão em ordem crescente de entry_time.
WARNING,SCENARIO_ORDER,S72_SL6_TP10,3500,linhas do cenário não estão em ordem crescente de entry_time.
WARNING,SCENARIO_ORDER,S72_SL6_TP10,3506,linhas do cenário não estão em ordem crescente de entry_time.
WARNING,SCENARIO_ORDER,S72_SL6_TP10,3512,linhas do cenário não estão em ordem crescente de entry_time.
WARNING,SCENARIO_ORDER,S72_SL6_TP10,3514,linhas do cenário não estão em ordem crescente de entry_time.
WARNING,SCENARIO_ORDER,S72_SL6_TP10,3517,linhas do cenário não estão em ordem crescente de entry_time.
WARNING,SCENARIO_ORDER,S72_SL6_TP10,3527,linhas do cenário não estão em ordem crescente de entry_time.
WARNING,SCENARIO_ORDER,S72_SL6_TP10,3530,linhas do cenário não estão em ordem crescente de entry_time.
WARNING,SCENARIO_ORDER,S72_SL6_TP10,3532,linhas do cenário não estão em ordem crescente de entry_time.
WARNING,SCENARIO_ORDER,S72_SL6_TP10,3541,linhas do cenário não estão em ordem crescente de entry_time.
WARNING,SCENARIO_ORDER,S72_SL6_TP10,3543,linhas do cenário não estão em ordem crescente de entry_time.
WARNING,SCENARIO_ORDER,S72_SL6_TP10,3546,linhas do cenário não estão em ordem crescente de entry_time.
WARNING,SCENARIO_ORDER,S72_SL6_TP10,3548,linhas do cenário não estão em ordem crescente de entry_time.
WARNING,SCENARIO_ORDER,S72_SL6_TP10,3552,linhas do cenário não estão em ordem crescente de entry_time.
WARNING,SCENARIO_ORDER,S72_SL6_TP10,3558,linhas do cenário não estão em ordem crescente de entry_time.
WARNING,SCENARIO_ORDER,S72_SL6_TP10,3561,linhas do cenário não estão em ordem crescente de entry_time.
WARNING,SCENARIO_ORDER,S72_SL6_TP10,3564,linhas do cenário não estão em ordem crescente de entry_time.
WARNING,SCENARIO_ORDER,S72_SL6_TP10,3566,linhas do cenário não estão em ordem crescente de entry_time.
WARNING,SCENARIO_ORDER,S72_SL6_TP10,3568,linhas do cenário não estão em ordem crescente de entry_time.
WARNING,SCENARIO_ORDER,S72_SL6_TP10,3591,linhas do cenário não estão em ordem crescente de entry_time.
WARNING,SCENARIO_ORDER,S72_SL6_TP10,3597,linhas do cenário não estão em ordem crescente de entry_time.
WARNING,SCENARIO_ORDER,S72_SL6_TP10,3600,linhas do cenário não estão em ordem crescente de entry_time.
WARNING,SCENARIO_ORDER,S72_SL6_TP10,3604,linhas do cenário não estão em ordem crescente de entry_time.
WARNING,SCENARIO_ORDER,S72_SL6_TP10,3607,linhas do cenário não estão em ordem crescente de entry_time.
WARNING,SCENARIO_ORDER,S72_SL6_TP10,3609,linhas do cenário não estão em ordem crescente de entry_time.
WARNING,SCENARIO_ORDER,S72_SL6_TP10,3615,linhas do cenário não estão em ordem crescente de entry_time.
WARNING,SCENARIO_ORDER,S72_SL6_TP10,3616,linhas do cenário não estão em ordem crescente de entry_time.
WARNING,SCENARIO_ORDER,S72_SL6_TP10,3619,linhas do cenário não estão em ordem crescente de entry_time.
WARNING,SCENARIO_ORDER,S72_SL6_TP10,3625,linhas do cenário não estão em ordem crescente de entry_time.
WARNING,SCENARIO_ORDER,S72_SL6_TP10,3627,linhas do cenário não estão em ordem crescente de entry_time.
WARNING,SCENARIO_ORDER,S72_SL6_TP10,3628,linhas do cenário não estão em ordem crescente de entry_time.
WARNING,SCENARIO_ORDER,S72_SL6_TP10,3640,linhas do cenário não estão em ordem crescente de entry_time.
WARNING,SCENARIO_ORDER,S72_SL6_TP10,3644,linhas do cenário não estão em ordem crescente de entry_time.
WARNING,SCENARIO_ORDER,S72_SL6_TP10,3646,linhas do cenário não estão em ordem crescente de entry_time.
WARNING,SCENARIO_ORDER,S72_SL6_TP10,3648,linhas do cenário não estão em ordem crescente de entry_time.
WARNING,SCENARIO_ORDER,S72_SL6_TP10,3649,linhas do cenário não estão em ordem crescente de entry_time.
WARNING,SCENARIO_ORDER,S72_SL6_TP10,3651,linhas do cenário não estão em ordem crescente de entry_time.
WARNING,SCENARIO_ORDER,S72_SL6_TP10,3655,linhas do cenário não estão em ordem crescente de entry_time.
WARNING,SCENARIO_ORDER,S72_SL6_TP10,3657,linhas do cenário não estão em ordem crescente de entry_time.
WARNING,SCENARIO_ORDER,S72_SL6_TP10,3661,linhas do cenário não estão em ordem crescente de entry_time.
WARNING,SCENARIO_ORDER,S72_SL6_TP10,3666,linhas do cenário não estão em ordem crescente de entry_time.
WARNING,SCENARIO_ORDER,S72_SL6_TP10,3668,linhas do cenário não estão em ordem crescente de entry_time.
WARNING,SCENARIO_ORDER,S72_SL6_TP10,3670,linhas do cenário não estão em ordem crescente de entry_time.
WARNING,SCENARIO_ORDER,S72_SL6_TP10,3672,linhas do cenário não estão em ordem crescente de entry_time.
WARNING,SCENARIO_ORDER,S72_SL6_TP12,3675,linhas do cenário não estão em ordem crescente de entry_time.
WARNING,SCENARIO_ORDER,S72_SL6_TP12,3680,linhas do cenário não estão em ordem crescente de entry_time.
WARNING,SCENARIO_ORDER,S72_SL6_TP12,3685,linhas do cenário não estão em ordem crescente de entry_time.
WARNING,SCENARIO_ORDER,S72_SL6_TP12,3689,linhas do cenário não estão em ordem crescente de entry_time.
WARNING,SCENARIO_ORDER,S72_SL6_TP12,3694,linhas do cenário não estão em ordem crescente de entry_time.
WARNING,SCENARIO_ORDER,S72_SL6_TP12,3696,linhas do cenário não estão em ordem crescente de entry_time.
WARNING,SCENARIO_ORDER,S72_SL6_TP12,3724,linhas do cenário não estão em ordem crescente de entry_time.
WARNING,SCENARIO_ORDER,S72_SL6_TP12,3728,linhas do cenário não estão em ordem crescente de entry_time.
WARNING,SCENARIO_ORDER,S72_SL6_TP12,3729,linhas do cenário não estão em ordem crescente de entry_time.
WARNING,SCENARIO_ORDER,S72_SL6_TP12,3733,linhas do cenário não estão em ordem crescente de entry_time.
WARNING,SCENARIO_ORDER,S72_SL6_TP12,3751,linhas do cenário não estão em ordem crescente de entry_time.
WARNING,SCENARIO_ORDER,S72_SL6_TP12,3770,linhas do cenário não estão em ordem crescente de entry_time.
WARNING,SCENARIO_ORDER,S72_SL6_TP12,3780,linhas do cenário não estão em ordem crescente de entry_time.
WARNING,SCENARIO_ORDER,S72_SL6_TP12,3786,linhas do cenário não estão em ordem crescente de entry_time.
WARNING,SCENARIO_ORDER,S72_SL6_TP12,3793,linhas do cenário não estão em ordem crescente de entry_time.
WARNING,SCENARIO_ORDER,S72_SL6_TP12,3796,linhas do cenário não estão em ordem crescente de entry_time.
WARNING,SCENARIO_ORDER,S72_SL6_TP12,3805,linhas do cenário não estão em ordem crescente de entry_time.
WARNING,SCENARIO_ORDER,S72_SL6_TP12,3808,linhas do cenário não estão em ordem crescente de entry_time.
WARNING,SCENARIO_ORDER,S72_SL6_TP12,3816,linhas do cenário não estão em ordem crescente de entry_time.
WARNING,SCENARIO_ORDER,S72_SL6_TP12,3817,linhas do cenário não estão em ordem crescente de entry_time.
WARNING,SCENARIO_ORDER,S72_SL6_TP12,3819,linhas do cenário não estão em ordem crescente de entry_time.
WARNING,SCENARIO_ORDER,S72_SL6_TP12,3824,linhas do cenário não estão em ordem crescente de entry_time.
WARNING,SCENARIO_ORDER,S72_SL6_TP12,3830,linhas do cenário não estão em ordem crescente de entry_time.
WARNING,SCENARIO_ORDER,S72_SL6_TP12,3844,linhas do cenário não estão em ordem crescente de entry_time.
WARNING,SCENARIO_ORDER,S72_SL6_TP12,3848,linhas do cenário não estão em ordem crescente de entry_time.
WARNING,SCENARIO_ORDER,S72_SL6_TP12,3852,linhas do cenário não estão em ordem crescente de entry_time.
WARNING,SCENARIO_ORDER,S72_SL6_TP12,3854,linhas do cenário não estão em ordem crescente de entry_time.
WARNING,SCENARIO_ORDER,S72_SL6_TP12,3856,linhas do cenário não estão em ordem crescente de entry_time.
WARNING,SCENARIO_ORDER,S72_SL6_TP12,3860,linhas do cenário não estão em ordem crescente de entry_time.
WARNING,SCENARIO_ORDER,S72_SL6_TP12,3865,linhas do cenário não estão em ordem crescente de entry_time.
WARNING,SCENARIO_ORDER,S72_SL6_TP12,3871,linhas do cenário não estão em ordem crescente de entry_time.
WARNING,SCENARIO_ORDER,S72_SL6_TP12,3877,linhas do cenário não estão em ordem crescente de entry_time.
WARNING,SCENARIO_ORDER,S72_SL6_TP12,3879,linhas do cenário não estão em ordem crescente de entry_time.
WARNING,SCENARIO_ORDER,S72_SL6_TP12,3886,linhas do cenário não estão em ordem crescente de entry_time.
WARNING,SCENARIO_ORDER,S72_SL6_TP12,3892,linhas do cenário não estão em ordem crescente de entry_time.
WARNING,SCENARIO_ORDER,S72_SL6_TP12,3898,linhas do cenário não estão em ordem crescente de entry_time.
WARNING,SCENARIO_ORDER,S72_SL6_TP12,3900,linhas do cenário não estão em ordem crescente de entry_time.
WARNING,SCENARIO_ORDER,S72_SL6_TP12,3907,linhas do cenário não estão em ordem crescente de entry_time.
WARNING,SCENARIO_ORDER,S72_SL6_TP12,3917,linhas do cenário não estão em ordem crescente de entry_time.
WARNING,SCENARIO_ORDER,S72_SL6_TP12,3930,linhas do cenário não estão em ordem crescente de entry_time.
WARNING,SCENARIO_ORDER,S72_SL6_TP12,3939,linhas do cenário não estão em ordem crescente de entry_time.
WARNING,SCENARIO_ORDER,S72_SL6_TP12,3942,linhas do cenário não estão em ordem crescente de entry_time.
WARNING,SCENARIO_ORDER,S72_SL6_TP12,3945,linhas do cenário não estão em ordem crescente de entry_time.
WARNING,SCENARIO_ORDER,S72_SL6_TP12,3951,linhas do cenário não estão em ordem crescente de entry_time.
WARNING,SCENARIO_ORDER,S72_SL6_TP12,3955,linhas do cenário não estão em ordem crescente de entry_time.
WARNING,SCENARIO_ORDER,S72_SL6_TP12,3959,linhas do cenário não estão em ordem crescente de entry_time.
WARNING,SCENARIO_ORDER,S72_SL6_TP12,3964,linhas do cenário não estão em ordem crescente de entry_time.
WARNING,SCENARIO_ORDER,S72_SL6_TP12,3966,linhas do cenário não estão em ordem crescente de entry_time.
WARNING,SCENARIO_ORDER,S72_SL6_TP12,3969,linhas do cenário não estão em ordem crescente de entry_time.
WARNING,SCENARIO_ORDER,S72_SL6_TP12,3970,linhas do cenário não estão em ordem crescente de entry_time.
WARNING,SCENARIO_ORDER,S72_SL6_TP12,3976,linhas do cenário não estão em ordem crescente de entry_time.
WARNING,SCENARIO_ORDER,S72_SL6_TP12,3977,linhas do cenário não estão em ordem crescente de entry_time.
WARNING,SCENARIO_ORDER,S72_SL6_TP12,3988,linhas do cenário não estão em ordem crescente de entry_time.
WARNING,SCENARIO_ORDER,S72_SL6_TP12,3995,linhas do cenário não estão em ordem crescente de entry_time.
WARNING,SCENARIO_ORDER,S72_SL6_TP12,3998,linhas do cenário não estão em ordem crescente de entry_time.
WARNING,SCENARIO_ORDER,S72_SL6_TP12,4001,linhas do cenário não estão em ordem crescente de entry_time.
WARNING,SCENARIO_ORDER,S72_SL6_TP12,4017,linhas do cenário não estão em ordem crescente de entry_time.
WARNING,SCENARIO_ORDER,S72_SL6_TP12,4019,linhas do cenário não estão em ordem crescente de entry_time.
WARNING,SCENARIO_ORDER,S72_SL6_TP12,4025,linhas do cenário não estão em ordem crescente de entry_time.
WARNING,SCENARIO_ORDER,S72_SL6_TP15,4029,linhas do cenário não estão em ordem crescente de entry_time.
WARNING,SCENARIO_ORDER,S72_SL6_TP15,4034,linhas do cenário não estão em ordem crescente de entry_time.
WARNING,SCENARIO_ORDER,S72_SL6_TP15,4043,linhas do cenário não estão em ordem crescente de entry_time.
WARNING,SCENARIO_ORDER,S72_SL6_TP15,4047,linhas do cenário não estão em ordem crescente de entry_time.
WARNING,SCENARIO_ORDER,S72_SL6_TP15,4049,linhas do cenário não estão em ordem crescente de entry_time.
WARNING,SCENARIO_ORDER,S72_SL6_TP15,4077,linhas do cenário não estão em ordem crescente de entry_time.
WARNING,SCENARIO_ORDER,S72_SL6_TP15,4081,linhas do cenário não estão em ordem crescente de entry_time.
WARNING,SCENARIO_ORDER,S72_SL6_TP15,4082,linhas do cenário não estão em ordem crescente de entry_time.
WARNING,SCENARIO_ORDER,S72_SL6_TP15,4086,linhas do cenário não estão em ordem crescente de entry_time.
WARNING,SCENARIO_ORDER,S72_SL6_TP15,4104,linhas do cenário não estão em ordem crescente de entry_time.
WARNING,SCENARIO_ORDER,S72_SL6_TP15,4133,linhas do cenário não estão em ordem crescente de entry_time.
WARNING,SCENARIO_ORDER,S72_SL6_TP15,4136,linhas do cenário não estão em ordem crescente de entry_time.
WARNING,SCENARIO_ORDER,S72_SL6_TP15,4138,linhas do cenário não estão em ordem crescente de entry_time.
WARNING,SCENARIO_ORDER,S72_SL6_TP15,4145,linhas do cenário não estão em ordem crescente de entry_time.
WARNING,SCENARIO_ORDER,S72_SL6_TP15,4149,linhas do cenário não estão em ordem crescente de entry_time.
WARNING,SCENARIO_ORDER,S72_SL6_TP15,4153,linhas do cenário não estão em ordem crescente de entry_time.
WARNING,SCENARIO_ORDER,S72_SL6_TP15,4156,linhas do cenário não estão em ordem crescente de entry_time.
WARNING,SCENARIO_ORDER,S72_SL6_TP15,4158,linhas do cenário não estão em ordem crescente de entry_time.
WARNING,SCENARIO_ORDER,S72_SL6_TP15,4169,linhas do cenário não estão em ordem crescente de entry_time.
WARNING,SCENARIO_ORDER,S72_SL6_TP15,4171,linhas do cenário não estão em ordem crescente de entry_time.
WARNING,SCENARIO_ORDER,S72_SL6_TP15,4172,linhas do cenário não estão em ordem crescente de entry_time.
WARNING,SCENARIO_ORDER,S72_SL6_TP15,4174,linhas do cenário não estão em ordem crescente de entry_time.
WARNING,SCENARIO_ORDER,S72_SL6_TP15,4182,linhas do cenário não estão em ordem crescente de entry_time.
WARNING,SCENARIO_ORDER,S72_SL6_TP15,4194,linhas do cenário não estão em ordem crescente de entry_time.
WARNING,SCENARIO_ORDER,S72_SL6_TP15,4199,linhas do cenário não estão em ordem crescente de entry_time.
WARNING,SCENARIO_ORDER,S72_SL6_TP15,4201,linhas do cenário não estão em ordem crescente de entry_time.
WARNING,SCENARIO_ORDER,S72_SL6_TP15,4206,linhas do cenário não estão em ordem crescente de entry_time.
WARNING,SCENARIO_ORDER,S72_SL6_TP15,4210,linhas do cenário não estão em ordem crescente de entry_time.
WARNING,SCENARIO_ORDER,S72_SL6_TP15,4216,linhas do cenário não estão em ordem crescente de entry_time.
WARNING,SCENARIO_ORDER,S72_SL6_TP15,4217,linhas do cenário não estão em ordem crescente de entry_time.
WARNING,SCENARIO_ORDER,S72_SL6_TP15,4219,linhas do cenário não estão em ordem crescente de entry_time.
WARNING,SCENARIO_ORDER,S72_SL6_TP15,4234,linhas do cenário não estão em ordem crescente de entry_time.
WARNING,SCENARIO_ORDER,S72_SL6_TP15,4238,linhas do cenário não estão em ordem crescente de entry_time.
WARNING,SCENARIO_ORDER,S72_SL6_TP15,4243,linhas do cenário não estão em ordem crescente de entry_time.
WARNING,SCENARIO_ORDER,S72_SL6_TP15,4245,linhas do cenário não estão em ordem crescente de entry_time.
WARNING,SCENARIO_ORDER,S72_SL6_TP15,4250,linhas do cenário não estão em ordem crescente de entry_time.
WARNING,SCENARIO_ORDER,S72_SL6_TP15,4252,linhas do cenário não estão em ordem crescente de entry_time.
WARNING,SCENARIO_ORDER,S72_SL6_TP15,4262,linhas do cenário não estão em ordem crescente de entry_time.
WARNING,SCENARIO_ORDER,S72_SL6_TP15,4269,linhas do cenário não estão em ordem crescente de entry_time.
WARNING,SCENARIO_ORDER,S72_SL6_TP15,4282,linhas do cenário não estão em ordem crescente de entry_time.
WARNING,SCENARIO_ORDER,S72_SL6_TP15,4284,linhas do cenário não estão em ordem crescente de entry_time.
WARNING,SCENARIO_ORDER,S72_SL6_TP15,4292,linhas do cenário não estão em ordem crescente de entry_time.
WARNING,SCENARIO_ORDER,S72_SL6_TP15,4295,linhas do cenário não estão em ordem crescente de entry_time.
WARNING,SCENARIO_ORDER,S72_SL6_TP15,4299,linhas do cenário não estão em ordem crescente de entry_time.
WARNING,SCENARIO_ORDER,S72_SL6_TP15,4303,linhas do cenário não estão em ordem crescente de entry_time.
WARNING,SCENARIO_ORDER,S72_SL6_TP15,4306,linhas do cenário não estão em ordem crescente de entry_time.
WARNING,SCENARIO_ORDER,S72_SL6_TP15,4315,linhas do cenário não estão em ordem crescente de entry_time.
WARNING,SCENARIO_ORDER,S72_SL6_TP15,4319,linhas do cenário não estão em ordem crescente de entry_time.
WARNING,SCENARIO_ORDER,S72_SL6_TP15,4325,linhas do cenário não estão em ordem crescente de entry_time.
WARNING,SCENARIO_ORDER,S72_SL6_TP15,4327,linhas do cenário não estão em ordem crescente de entry_time.
WARNING,SCENARIO_ORDER,S72_SL6_TP15,4337,linhas do cenário não estão em ordem crescente de entry_time.
WARNING,SCENARIO_ORDER,S72_SL6_TP15,4347,linhas do cenário não estão em ordem crescente de entry_time.
WARNING,SCENARIO_ORDER,S72_SL6_TP15,4348,linhas do cenário não estão em ordem crescente de entry_time.
WARNING,SCENARIO_ORDER,S72_SL6_TP15,4353,linhas do cenário não estão em ordem crescente de entry_time.
WARNING,SCENARIO_ORDER,S72_SL6_TP15,4366,linhas do cenário não estão em ordem crescente de entry_time.
WARNING,SCENARIO_ORDER,S72_SL6_TP15,4367,linhas do cenário não estão em ordem crescente de entry_time.
WARNING,SCENARIO_ORDER,S72_SL6_TP15,4373,linhas do cenário não estão em ordem crescente de entry_time.
WARNING,SCENARIO_ORDER,S72_SL6_TP15,4374,linhas do cenário não estão em ordem crescente de entry_time.
WARNING,SCENARIO_ORDER,S75_SL4_TP8,4377,linhas do cenário não estão em ordem crescente de entry_time.
WARNING,SCENARIO_ORDER,S75_SL4_TP8,4380,linhas do cenário não estão em ordem crescente de entry_time.
WARNING,SCENARIO_ORDER,S75_SL4_TP8,4383,linhas do cenário não estão em ordem crescente de entry_time.
WARNING,SCENARIO_ORDER,S75_SL4_TP8,4385,linhas do cenário não estão em ordem crescente de entry_time.
WARNING,SCENARIO_ORDER,S75_SL4_TP8,4388,linhas do cenário não estão em ordem crescente de entry_time.
WARNING,SCENARIO_ORDER,S75_SL4_TP8,4399,linhas do cenário não estão em ordem crescente de entry_time.
WARNING,SCENARIO_ORDER,S75_SL4_TP8,4406,linhas do cenário não estão em ordem crescente de entry_time.
WARNING,SCENARIO_ORDER,S75_SL4_TP8,4410,linhas do cenário não estão em ordem crescente de entry_time.
WARNING,SCENARIO_ORDER,S75_SL4_TP8,4412,linhas do cenário não estão em ordem crescente de entry_time.
WARNING,SCENARIO_ORDER,S75_SL4_TP8,4416,linhas do cenário não estão em ordem crescente de entry_time.
WARNING,SCENARIO_ORDER,S75_SL4_TP8,4420,linhas do cenário não estão em ordem crescente de entry_time.
WARNING,SCENARIO_ORDER,S75_SL4_TP8,4437,linhas do cenário não estão em ordem crescente de entry_time.
WARNING,SCENARIO_ORDER,S75_SL4_TP8,4448,linhas do cenário não estão em ordem crescente de entry_time.
WARNING,SCENARIO_ORDER,S75_SL4_TP8,4453,linhas do cenário não estão em ordem crescente de entry_time.
WARNING,SCENARIO_ORDER,S75_SL4_TP8,4455,linhas do cenário não estão em ordem crescente de entry_time.
WARNING,SCENARIO_ORDER,S75_SL4_TP8,4464,linhas do cenário não estão em ordem crescente de entry_time.
WARNING,SCENARIO_ORDER,S75_SL4_TP8,4470,linhas do cenário não estão em ordem crescente de entry_time.
WARNING,SCENARIO_ORDER,S75_SL4_TP8,4477,linhas do cenário não estão em ordem crescente de entry_time.
WARNING,SCENARIO_ORDER,S75_SL4_TP8,4483,linhas do cenário não estão em ordem crescente de entry_time.
WARNING,SCENARIO_ORDER,S75_SL4_TP8,4491,linhas do cenário não estão em ordem crescente de entry_time.
WARNING,SCENARIO_ORDER,S75_SL4_TP8,4503,linhas do cenário não estão em ordem crescente de entry_time.
WARNING,SCENARIO_ORDER,S75_SL4_TP8,4505,linhas do cenário não estão em ordem crescente de entry_time.
WARNING,SCENARIO_ORDER,S75_SL4_TP8,4507,linhas do cenário não estão em ordem crescente de entry_time.
WARNING,SCENARIO_ORDER,S75_SL4_TP8,4512,linhas do cenário não estão em ordem crescente de entry_time.
WARNING,SCENARIO_ORDER,S75_SL4_TP8,4513,linhas do cenário não estão em ordem crescente de entry_time.
WARNING,SCENARIO_ORDER,S75_SL4_TP8,4516,linhas do cenário não estão em ordem crescente de entry_time.
WARNING,SCENARIO_ORDER,S75_SL4_TP8,4523,linhas do cenário não estão em ordem crescente de entry_time.
WARNING,SCENARIO_ORDER,S75_SL4_TP8,4529,linhas do cenário não estão em ordem crescente de entry_time.
WARNING,SCENARIO_ORDER,S75_SL4_TP8,4531,linhas do cenário não estão em ordem crescente de entry_time.
WARNING,SCENARIO_ORDER,S75_SL4_TP8,4535,linhas do cenário não estão em ordem crescente de entry_time.
WARNING,SCENARIO_ORDER,S75_SL4_TP8,4537,linhas do cenário não estão em ordem crescente de entry_time.
WARNING,SCENARIO_ORDER,S75_SL4_TP8,4539,linhas do cenário não estão em ordem crescente de entry_time.
WARNING,SCENARIO_ORDER,S75_SL4_TP8,4542,linhas do cenário não estão em ordem crescente de entry_time.
WARNING,SCENARIO_ORDER,S75_SL4_TP8,4546,linhas do cenário não estão em ordem crescente de entry_time.
WARNING,SCENARIO_ORDER,S75_SL4_TP8,4548,linhas do cenário não estão em ordem crescente de entry_time.
WARNING,SCENARIO_ORDER,S75_SL4_TP8,4551,linhas do cenário não estão em ordem crescente de entry_time.
WARNING,SCENARIO_ORDER,S75_SL4_TP8,4553,linhas do cenário não estão em ordem crescente de entry_time.
WARNING,SCENARIO_ORDER,S75_SL4_TP8,4556,linhas do cenário não estão em ordem crescente de entry_time.
WARNING,SCENARIO_ORDER,S75_SL4_TP8,4562,linhas do cenário não estão em ordem crescente de entry_time.
WARNING,SCENARIO_ORDER,S75_SL4_TP8,4564,linhas do cenário não estão em ordem crescente de entry_time.
WARNING,SCENARIO_ORDER,S75_SL4_TP8,4569,linhas do cenário não estão em ordem crescente de entry_time.
WARNING,SCENARIO_ORDER,S75_SL4_TP8,4571,linhas do cenário não estão em ordem crescente de entry_time.
WARNING,SCENARIO_ORDER,S75_SL4_TP8,4577,linhas do cenário não estão em ordem crescente de entry_time.
WARNING,SCENARIO_ORDER,S75_SL4_TP8,4581,linhas do cenário não estão em ordem crescente de entry_time.
WARNING,SCENARIO_ORDER,S75_SL4_TP8,4582,linhas do cenário não estão em ordem crescente de entry_time.
WARNING,SCENARIO_ORDER,S75_SL4_TP8,4584,linhas do cenário não estão em ordem crescente de entry_time.
WARNING,SCENARIO_ORDER,S75_SL4_TP8,4587,linhas do cenário não estão em ordem crescente de entry_time.
WARNING,SCENARIO_ORDER,S75_SL4_TP8,4595,linhas do cenário não estão em ordem crescente de entry_time.
WARNING,SCENARIO_ORDER,S75_SL4_TP8,4599,linhas do cenário não estão em ordem crescente de entry_time.
WARNING,SCENARIO_ORDER,S75_SL4_TP8,4602,linhas do cenário não estão em ordem crescente de entry_time.
WARNING,SCENARIO_ORDER,S75_SL4_TP8,4605,linhas do cenário não estão em ordem crescente de entry_time.
WARNING,SCENARIO_ORDER,S75_SL4_TP8,4610,linhas do cenário não estão em ordem crescente de entry_time.
WARNING,SCENARIO_ORDER,S75_SL4_TP8,4613,linhas do cenário não estão em ordem crescente de entry_time.
WARNING,SCENARIO_ORDER,S75_SL4_TP8,4614,linhas do cenário não estão em ordem crescente de entry_time.
WARNING,SCENARIO_ORDER,S75_SL4_TP8,4625,linhas do cenário não estão em ordem crescente de entry_time.
WARNING,SCENARIO_ORDER,S75_SL4_TP8,4628,linhas do cenário não estão em ordem crescente de entry_time.
WARNING,SCENARIO_ORDER,S75_SL4_TP8,4632,linhas do cenário não estão em ordem crescente de entry_time.
WARNING,SCENARIO_ORDER,S75_SL4_TP8,4638,linhas do cenário não estão em ordem crescente de entry_time.
WARNING,SCENARIO_ORDER,S75_SL4_TP8,4641,linhas do cenário não estão em ordem crescente de entry_time.
WARNING,SCENARIO_ORDER,S75_SL4_TP8,4642,linhas do cenário não estão em ordem crescente de entry_time.
WARNING,SCENARIO_ORDER,S75_SL4_TP8,4645,linhas do cenário não estão em ordem crescente de entry_time.
WARNING,SCENARIO_ORDER,S75_SL4_TP8,4647,linhas do cenário não estão em ordem crescente de entry_time.
WARNING,SCENARIO_ORDER,S75_SL4_TP8,4649,linhas do cenário não estão em ordem crescente de entry_time.
WARNING,SCENARIO_ORDER,S75_SL4_TP8,4654,linhas do cenário não estão em ordem crescente de entry_time.
WARNING,SCENARIO_ORDER,S75_SL4_TP8,4658,linhas do cenário não estão em ordem crescente de entry_time.
WARNING,SCENARIO_ORDER,S75_SL4_TP8,4660,linhas do cenário não estão em ordem crescente de entry_time.
WARNING,SCENARIO_ORDER,S75_SL4_TP8,4666,linhas do cenário não estão em ordem crescente de entry_time.
WARNING,SCENARIO_ORDER,S75_SL4_TP8,4670,linhas do cenário não estão em ordem crescente de entry_time.
WARNING,SCENARIO_ORDER,S75_SL4_TP8,4672,linhas do cenário não estão em ordem crescente de entry_time.
WARNING,SCENARIO_ORDER,S75_SL4_TP8,4676,linhas do cenário não estão em ordem crescente de entry_time.
WARNING,SCENARIO_ORDER,S75_SL4_TP8,4678,linhas do cenário não estão em ordem crescente de entry_time.
WARNING,SCENARIO_ORDER,S75_SL4_TP8,4681,linhas do cenário não estão em ordem crescente de entry_time.
WARNING,SCENARIO_ORDER,S75_SL4_TP8,4685,linhas do cenário não estão em ordem crescente de entry_time.
WARNING,SCENARIO_ORDER,S75_SL4_TP8,4687,linhas do cenário não estão em ordem crescente de entry_time.
WARNING,SCENARIO_ORDER,S75_SL4_TP8,4689,linhas do cenário não estão em ordem crescente de entry_time.
WARNING,SCENARIO_ORDER,S75_SL4_TP8,4693,linhas do cenário não estão em ordem crescente de entry_time.
WARNING,SCENARIO_ORDER,S75_SL4_TP8,4696,linhas do cenário não estão em ordem crescente de entry_time.
WARNING,SCENARIO_ORDER,S75_SL4_TP8,4700,linhas do cenário não estão em ordem crescente de entry_time.
WARNING,SCENARIO_ORDER,S75_SL4_TP8,4702,linhas do cenário não estão em ordem crescente de entry_time.
WARNING,SCENARIO_ORDER,S75_SL4_TP8,4703,linhas do cenário não estão em ordem crescente de entry_time.
WARNING,SCENARIO_ORDER,S75_SL4_TP8,4704,linhas do cenário não estão em ordem crescente de entry_time.
WARNING,SCENARIO_ORDER,S75_SL4_TP8,4710,linhas do cenário não estão em ordem crescente de entry_time.
WARNING,SCENARIO_ORDER,S75_SL4_TP8,4712,linhas do cenário não estão em ordem crescente de entry_time.
WARNING,SCENARIO_ORDER,S75_SL4_TP8,4717,linhas do cenário não estão em ordem crescente de entry_time.
WARNING,SCENARIO_ORDER,S75_SL4_TP8,4722,linhas do cenário não estão em ordem crescente de entry_time.
WARNING,SCENARIO_ORDER,S75_SL4_TP8,4724,linhas do cenário não estão em ordem crescente de entry_time.
WARNING,SCENARIO_ORDER,S75_SL4_TP8,4727,linhas do cenário não estão em ordem crescente de entry_time.
WARNING,SCENARIO_ORDER,S75_SL4_TP8,4731,linhas do cenário não estão em ordem crescente de entry_time.
WARNING,SCENARIO_ORDER,S75_SL4_TP10,4734,linhas do cenário não estão em ordem crescente de entry_time.
WARNING,SCENARIO_ORDER,S75_SL4_TP10,4737,linhas do cenário não estão em ordem crescente de entry_time.
WARNING,SCENARIO_ORDER,S75_SL4_TP10,4740,linhas do cenário não estão em ordem crescente de entry_time.
WARNING,SCENARIO_ORDER,S75_SL4_TP10,4742,linhas do cenário não estão em ordem crescente de entry_time.
WARNING,SCENARIO_ORDER,S75_SL4_TP10,4745,linhas do cenário não estão em ordem crescente de entry_time.
WARNING,SCENARIO_ORDER,S75_SL4_TP10,4756,linhas do cenário não estão em ordem crescente de entry_time.
WARNING,SCENARIO_ORDER,S75_SL4_TP10,4759,linhas do cenário não estão em ordem crescente de entry_time.
WARNING,SCENARIO_ORDER,S75_SL4_TP10,4766,linhas do cenário não estão em ordem crescente de entry_time.
WARNING,SCENARIO_ORDER,S75_SL4_TP10,4768,linhas do cenário não estão em ordem crescente de entry_time.
WARNING,SCENARIO_ORDER,S75_SL4_TP10,4773,linhas do cenário não estão em ordem crescente de entry_time.
WARNING,SCENARIO_ORDER,S75_SL4_TP10,4777,linhas do cenário não estão em ordem crescente de entry_time.
WARNING,SCENARIO_ORDER,S75_SL4_TP10,4794,linhas do cenário não estão em ordem crescente de entry_time.
WARNING,SCENARIO_ORDER,S75_SL4_TP10,4803,linhas do cenário não estão em ordem crescente de entry_time.
WARNING,SCENARIO_ORDER,S75_SL4_TP10,4805,linhas do cenário não estão em ordem crescente de entry_time.
WARNING,SCENARIO_ORDER,S75_SL4_TP10,4811,linhas do cenário não estão em ordem crescente de entry_time.
WARNING,SCENARIO_ORDER,S75_SL4_TP10,4815,linhas do cenário não estão em ordem crescente de entry_time.
WARNING,SCENARIO_ORDER,S75_SL4_TP10,4822,linhas do cenário não estão em ordem crescente de entry_time.
WARNING,SCENARIO_ORDER,S75_SL4_TP10,4827,linhas do cenário não estão em ordem crescente de entry_time.
WARNING,SCENARIO_ORDER,S75_SL4_TP10,4828,linhas do cenário não estão em ordem crescente de entry_time.
WARNING,SCENARIO_ORDER,S75_SL4_TP10,4835,linhas do cenário não estão em ordem crescente de entry_time.
WARNING,SCENARIO_ORDER,S75_SL4_TP10,4841,linhas do cenário não estão em ordem crescente de entry_time.
WARNING,SCENARIO_ORDER,S75_SL4_TP10,4847,linhas do cenário não estão em ordem crescente de entry_time.
WARNING,SCENARIO_ORDER,S75_SL4_TP10,4856,linhas do cenário não estão em ordem crescente de entry_time.
WARNING,SCENARIO_ORDER,S75_SL4_TP10,4859,linhas do cenário não estão em ordem crescente de entry_time.
WARNING,SCENARIO_ORDER,S75_SL4_TP10,4863,linhas do cenário não estão em ordem crescente de entry_time.
WARNING,SCENARIO_ORDER,S75_SL4_TP10,4865,linhas do cenário não estão em ordem crescente de entry_time.
WARNING,SCENARIO_ORDER,S75_SL4_TP10,4871,linhas do cenário não estão em ordem crescente de entry_time.
WARNING,SCENARIO_ORDER,S75_SL4_TP10,4873,linhas do cenário não estão em ordem crescente de entry_time.
WARNING,SCENARIO_ORDER,S75_SL4_TP10,4874,linhas do cenário não estão em ordem crescente de entry_time.
WARNING,SCENARIO_ORDER,S75_SL4_TP10,4878,linhas do cenário não estão em ordem crescente de entry_time.
WARNING,SCENARIO_ORDER,S75_SL4_TP10,4886,linhas do cenário não estão em ordem crescente de entry_time.
WARNING,SCENARIO_ORDER,S75_SL4_TP10,4891,linhas do cenário não estão em ordem crescente de entry_time.
WARNING,SCENARIO_ORDER,S75_SL4_TP10,4893,linhas do cenário não estão em ordem crescente de entry_time.
WARNING,SCENARIO_ORDER,S75_SL4_TP10,4895,linhas do cenário não estão em ordem crescente de entry_time.
WARNING,SCENARIO_ORDER,S75_SL4_TP10,4897,linhas do cenário não estão em ordem crescente de entry_time.
WARNING,SCENARIO_ORDER,S75_SL4_TP10,4899,linhas do cenário não estão em ordem crescente de entry_time.
WARNING,SCENARIO_ORDER,S75_SL4_TP10,4903,linhas do cenário não estão em ordem crescente de entry_time.
WARNING,SCENARIO_ORDER,S75_SL4_TP10,4906,linhas do cenário não estão em ordem crescente de entry_time.
WARNING,SCENARIO_ORDER,S75_SL4_TP10,4908,linhas do cenário não estão em ordem crescente de entry_time.
WARNING,SCENARIO_ORDER,S75_SL4_TP10,4910,linhas do cenário não estão em ordem crescente de entry_time.
WARNING,SCENARIO_ORDER,S75_SL4_TP10,4915,linhas do cenário não estão em ordem crescente de entry_time.
WARNING,SCENARIO_ORDER,S75_SL4_TP10,4919,linhas do cenário não estão em ordem crescente de entry_time.
WARNING,SCENARIO_ORDER,S75_SL4_TP10,4924,linhas do cenário não estão em ordem crescente de entry_time.
WARNING,SCENARIO_ORDER,S75_SL4_TP10,4928,linhas do cenário não estão em ordem crescente de entry_time.
WARNING,SCENARIO_ORDER,S75_SL4_TP10,4930,linhas do cenário não estão em ordem crescente de entry_time.
WARNING,SCENARIO_ORDER,S75_SL4_TP10,4936,linhas do cenário não estão em ordem crescente de entry_time.
WARNING,SCENARIO_ORDER,S75_SL4_TP10,4939,linhas do cenário não estão em ordem crescente de entry_time.
WARNING,SCENARIO_ORDER,S75_SL4_TP10,4947,linhas do cenário não estão em ordem crescente de entry_time.
WARNING,SCENARIO_ORDER,S75_SL4_TP10,4949,linhas do cenário não estão em ordem crescente de entry_time.
WARNING,SCENARIO_ORDER,S75_SL4_TP10,4951,linhas do cenário não estão em ordem crescente de entry_time.
WARNING,SCENARIO_ORDER,S75_SL4_TP10,4953,linhas do cenário não estão em ordem crescente de entry_time.
WARNING,SCENARIO_ORDER,S75_SL4_TP10,4955,linhas do cenário não estão em ordem crescente de entry_time.
WARNING,SCENARIO_ORDER,S75_SL4_TP10,4957,linhas do cenário não estão em ordem crescente de entry_time.
WARNING,SCENARIO_ORDER,S75_SL4_TP10,4960,linhas do cenário não estão em ordem crescente de entry_time.
WARNING,SCENARIO_ORDER,S75_SL4_TP10,4963,linhas do cenário não estão em ordem crescente de entry_time.
WARNING,SCENARIO_ORDER,S75_SL4_TP10,4965,linhas do cenário não estão em ordem crescente de entry_time.
WARNING,SCENARIO_ORDER,S75_SL4_TP10,4968,linhas do cenário não estão em ordem crescente de entry_time.
WARNING,SCENARIO_ORDER,S75_SL4_TP10,4970,linhas do cenário não estão em ordem crescente de entry_time.
WARNING,SCENARIO_ORDER,S75_SL4_TP10,4979,linhas do cenário não estão em ordem crescente de entry_time.
WARNING,SCENARIO_ORDER,S75_SL4_TP10,4981,linhas do cenário não estão em ordem crescente de entry_time.
WARNING,SCENARIO_ORDER,S75_SL4_TP10,4987,linhas do cenário não estão em ordem crescente de entry_time.
WARNING,SCENARIO_ORDER,S75_SL4_TP10,4990,linhas do cenário não estão em ordem crescente de entry_time.
WARNING,SCENARIO_ORDER,S75_SL4_TP10,4993,linhas do cenário não estão em ordem crescente de entry_time.
WARNING,SCENARIO_ORDER,S75_SL4_TP10,4997,linhas do cenário não estão em ordem crescente de entry_time.
WARNING,SCENARIO_ORDER,S75_SL4_TP10,4998,linhas do cenário não estão em ordem crescente de entry_time.
WARNING,SCENARIO_ORDER,S75_SL4_TP10,5002,linhas do cenário não estão em ordem crescente de entry_time.
WARNING,SCENARIO_ORDER,S75_SL4_TP10,5003,linhas do cenário não estão em ordem crescente de entry_time.
WARNING,SCENARIO_ORDER,S75_SL4_TP10,5005,linhas do cenário não estão em ordem crescente de entry_time.
WARNING,SCENARIO_ORDER,S75_SL4_TP10,5010,linhas do cenário não estão em ordem crescente de entry_time.
WARNING,SCENARIO_ORDER,S75_SL4_TP10,5011,linhas do cenário não estão em ordem crescente de entry_time.
WARNING,SCENARIO_ORDER,S75_SL4_TP10,5014,linhas do cenário não estão em ordem crescente de entry_time.
WARNING,SCENARIO_ORDER,S75_SL4_TP10,5017,linhas do cenário não estão em ordem crescente de entry_time.
WARNING,SCENARIO_ORDER,S75_SL4_TP10,5022,linhas do cenário não estão em ordem crescente de entry_time.
WARNING,SCENARIO_ORDER,S75_SL4_TP10,5027,linhas do cenário não estão em ordem crescente de entry_time.
WARNING,SCENARIO_ORDER,S75_SL4_TP10,5033,linhas do cenário não estão em ordem crescente de entry_time.
WARNING,SCENARIO_ORDER,S75_SL4_TP10,5039,linhas do cenário não estão em ordem crescente de entry_time.
WARNING,SCENARIO_ORDER,S75_SL4_TP10,5042,linhas do cenário não estão em ordem crescente de entry_time.
WARNING,SCENARIO_ORDER,S75_SL4_TP10,5046,linhas do cenário não estão em ordem crescente de entry_time.
WARNING,SCENARIO_ORDER,S75_SL4_TP10,5051,linhas do cenário não estão em ordem crescente de entry_time.
WARNING,SCENARIO_ORDER,S75_SL4_TP10,5053,linhas do cenário não estão em ordem crescente de entry_time.
WARNING,SCENARIO_ORDER,S75_SL4_TP10,5055,linhas do cenário não estão em ordem crescente de entry_time.
WARNING,SCENARIO_ORDER,S75_SL4_TP10,5059,linhas do cenário não estão em ordem crescente de entry_time.
WARNING,SCENARIO_ORDER,S75_SL4_TP10,5063,linhas do cenário não estão em ordem crescente de entry_time.
WARNING,SCENARIO_ORDER,S75_SL4_TP10,5065,linhas do cenário não estão em ordem crescente de entry_time.
WARNING,SCENARIO_ORDER,S75_SL4_TP10,5071,linhas do cenário não estão em ordem crescente de entry_time.
WARNING,SCENARIO_ORDER,S75_SL4_TP10,5072,linhas do cenário não estão em ordem crescente de entry_time.
WARNING,SCENARIO_ORDER,S75_SL4_TP10,5075,linhas do cenário não estão em ordem crescente de entry_time.
WARNING,SCENARIO_ORDER,S75_SL4_TP12,5079,linhas do cenário não estão em ordem crescente de entry_time.
WARNING,SCENARIO_ORDER,S75_SL4_TP12,5082,linhas do cenário não estão em ordem crescente de entry_time.
WARNING,SCENARIO_ORDER,S75_SL4_TP12,5087,linhas do cenário não estão em ordem crescente de entry_time.
WARNING,SCENARIO_ORDER,S75_SL4_TP12,5090,linhas do cenário não estão em ordem crescente de entry_time.
WARNING,SCENARIO_ORDER,S75_SL4_TP12,5101,linhas do cenário não estão em ordem crescente de entry_time.
WARNING,SCENARIO_ORDER,S75_SL4_TP12,5104,linhas do cenário não estão em ordem crescente de entry_time.
WARNING,SCENARIO_ORDER,S75_SL4_TP12,5111,linhas do cenário não estão em ordem crescente de entry_time.
WARNING,SCENARIO_ORDER,S75_SL4_TP12,5113,linhas do cenário não estão em ordem crescente de entry_time.
WARNING,SCENARIO_ORDER,S75_SL4_TP12,5118,linhas do cenário não estão em ordem crescente de entry_time.
WARNING,SCENARIO_ORDER,S75_SL4_TP12,5122,linhas do cenário não estão em ordem crescente de entry_time.
WARNING,SCENARIO_ORDER,S75_SL4_TP12,5139,linhas do cenário não estão em ordem crescente de entry_time.
WARNING,SCENARIO_ORDER,S75_SL4_TP12,5148,linhas do cenário não estão em ordem crescente de entry_time.
WARNING,SCENARIO_ORDER,S75_SL4_TP12,5150,linhas do cenário não estão em ordem crescente de entry_time.
WARNING,SCENARIO_ORDER,S75_SL4_TP12,5159,linhas do cenário não estão em ordem crescente de entry_time.
WARNING,SCENARIO_ORDER,S75_SL4_TP12,5166,linhas do cenário não estão em ordem crescente de entry_time.
WARNING,SCENARIO_ORDER,S75_SL4_TP12,5172,linhas do cenário não estão em ordem crescente de entry_time.
WARNING,SCENARIO_ORDER,S75_SL4_TP12,5180,linhas do cenário não estão em ordem crescente de entry_time.
WARNING,SCENARIO_ORDER,S75_SL4_TP12,5182,linhas do cenário não estão em ordem crescente de entry_time.
WARNING,SCENARIO_ORDER,S75_SL4_TP12,5185,linhas do cenário não estão em ordem crescente de entry_time.
WARNING,SCENARIO_ORDER,S75_SL4_TP12,5192,linhas do cenário não estão em ordem crescente de entry_time.
WARNING,SCENARIO_ORDER,S75_SL4_TP12,5195,linhas do cenário não estão em ordem crescente de entry_time.
WARNING,SCENARIO_ORDER,S75_SL4_TP12,5201,linhas do cenário não estão em ordem crescente de entry_time.
WARNING,SCENARIO_ORDER,S75_SL4_TP12,5203,linhas do cenário não estão em ordem crescente de entry_time.
WARNING,SCENARIO_ORDER,S75_SL4_TP12,5205,linhas do cenário não estão em ordem crescente de entry_time.
WARNING,SCENARIO_ORDER,S75_SL4_TP12,5210,linhas do cenário não estão em ordem crescente de entry_time.
WARNING,SCENARIO_ORDER,S75_SL4_TP12,5212,linhas do cenário não estão em ordem crescente de entry_time.
WARNING,SCENARIO_ORDER,S75_SL4_TP12,5214,linhas do cenário não estão em ordem crescente de entry_time.
WARNING,SCENARIO_ORDER,S75_SL4_TP12,5219,linhas do cenário não estão em ordem crescente de entry_time.
WARNING,SCENARIO_ORDER,S75_SL4_TP12,5230,linhas do cenário não estão em ordem crescente de entry_time.
WARNING,SCENARIO_ORDER,S75_SL4_TP12,5238,linhas do cenário não estão em ordem crescente de entry_time.
WARNING,SCENARIO_ORDER,S75_SL4_TP12,5241,linhas do cenário não estão em ordem crescente de entry_time.
WARNING,SCENARIO_ORDER,S75_SL4_TP12,5243,linhas do cenário não estão em ordem crescente de entry_time.
WARNING,SCENARIO_ORDER,S75_SL4_TP12,5245,linhas do cenário não estão em ordem crescente de entry_time.
WARNING,SCENARIO_ORDER,S75_SL4_TP12,5253,linhas do cenário não estão em ordem crescente de entry_time.
WARNING,SCENARIO_ORDER,S75_SL4_TP12,5255,linhas do cenário não estão em ordem crescente de entry_time.
WARNING,SCENARIO_ORDER,S75_SL4_TP12,5260,linhas do cenário não estão em ordem crescente de entry_time.
WARNING,SCENARIO_ORDER,S75_SL4_TP12,5267,linhas do cenário não estão em ordem crescente de entry_time.
WARNING,SCENARIO_ORDER,S75_SL4_TP12,5281,linhas do cenário não estão em ordem crescente de entry_time.
WARNING,SCENARIO_ORDER,S75_SL4_TP12,5284,linhas do cenário não estão em ordem crescente de entry_time.
WARNING,SCENARIO_ORDER,S75_SL4_TP12,5285,linhas do cenário não estão em ordem crescente de entry_time.
WARNING,SCENARIO_ORDER,S75_SL4_TP12,5291,linhas do cenário não estão em ordem crescente de entry_time.
WARNING,SCENARIO_ORDER,S75_SL4_TP12,5296,linhas do cenário não estão em ordem crescente de entry_time.
WARNING,SCENARIO_ORDER,S75_SL4_TP12,5298,linhas do cenário não estão em ordem crescente de entry_time.
WARNING,SCENARIO_ORDER,S75_SL4_TP12,5299,linhas do cenário não estão em ordem crescente de entry_time.
WARNING,SCENARIO_ORDER,S75_SL4_TP12,5302,linhas do cenário não estão em ordem crescente de entry_time.
WARNING,SCENARIO_ORDER,S75_SL4_TP12,5305,linhas do cenário não estão em ordem crescente de entry_time.
WARNING,SCENARIO_ORDER,S75_SL4_TP12,5309,linhas do cenário não estão em ordem crescente de entry_time.
WARNING,SCENARIO_ORDER,S75_SL4_TP12,5311,linhas do cenário não estão em ordem crescente de entry_time.
WARNING,SCENARIO_ORDER,S75_SL4_TP12,5322,linhas do cenário não estão em ordem crescente de entry_time.
WARNING,SCENARIO_ORDER,S75_SL4_TP12,5324,linhas do cenário não estão em ordem crescente de entry_time.
WARNING,SCENARIO_ORDER,S75_SL4_TP12,5327,linhas do cenário não estão em ordem crescente de entry_time.
WARNING,SCENARIO_ORDER,S75_SL4_TP12,5332,linhas do cenário não estão em ordem crescente de entry_time.
WARNING,SCENARIO_ORDER,S75_SL4_TP12,5337,linhas do cenário não estão em ordem crescente de entry_time.
WARNING,SCENARIO_ORDER,S75_SL4_TP12,5339,linhas do cenário não estão em ordem crescente de entry_time.
WARNING,SCENARIO_ORDER,S75_SL4_TP12,5343,linhas do cenário não estão em ordem crescente de entry_time.
WARNING,SCENARIO_ORDER,S75_SL4_TP12,5344,linhas do cenário não estão em ordem crescente de entry_time.
WARNING,SCENARIO_ORDER,S75_SL4_TP12,5347,linhas do cenário não estão em ordem crescente de entry_time.
WARNING,SCENARIO_ORDER,S75_SL4_TP12,5349,linhas do cenário não estão em ordem crescente de entry_time.
WARNING,SCENARIO_ORDER,S75_SL4_TP12,5351,linhas do cenário não estão em ordem crescente de entry_time.
WARNING,SCENARIO_ORDER,S75_SL4_TP12,5354,linhas do cenário não estão em ordem crescente de entry_time.
WARNING,SCENARIO_ORDER,S75_SL4_TP12,5357,linhas do cenário não estão em ordem crescente de entry_time.
WARNING,SCENARIO_ORDER,S75_SL4_TP12,5361,linhas do cenário não estão em ordem crescente de entry_time.
WARNING,SCENARIO_ORDER,S75_SL4_TP12,5364,linhas do cenário não estão em ordem crescente de entry_time.
WARNING,SCENARIO_ORDER,S75_SL4_TP12,5369,linhas do cenário não estão em ordem crescente de entry_time.
WARNING,SCENARIO_ORDER,S75_SL4_TP12,5370,linhas do cenário não estão em ordem crescente de entry_time.
WARNING,SCENARIO_ORDER,S75_SL4_TP12,5374,linhas do cenário não estão em ordem crescente de entry_time.
WARNING,SCENARIO_ORDER,S75_SL4_TP12,5376,linhas do cenário não estão em ordem crescente de entry_time.
WARNING,SCENARIO_ORDER,S75_SL4_TP12,5382,linhas do cenário não estão em ordem crescente de entry_time.
WARNING,SCENARIO_ORDER,S75_SL4_TP12,5385,linhas do cenário não estão em ordem crescente de entry_time.
WARNING,SCENARIO_ORDER,S75_SL4_TP12,5390,linhas do cenário não estão em ordem crescente de entry_time.
WARNING,SCENARIO_ORDER,S75_SL4_TP12,5392,linhas do cenário não estão em ordem crescente de entry_time.
WARNING,SCENARIO_ORDER,S75_SL4_TP12,5399,linhas do cenário não estão em ordem crescente de entry_time.
WARNING,SCENARIO_ORDER,S75_SL4_TP12,5401,linhas do cenário não estão em ordem crescente de entry_time.
WARNING,SCENARIO_ORDER,S75_SL4_TP12,5403,linhas do cenário não estão em ordem crescente de entry_time.
WARNING,SCENARIO_ORDER,S75_SL4_TP12,5407,linhas do cenário não estão em ordem crescente de entry_time.
WARNING,SCENARIO_ORDER,S75_SL4_TP12,5416,linhas do cenário não estão em ordem crescente de entry_time.
WARNING,SCENARIO_ORDER,S75_SL4_TP12,5419,linhas do cenário não estão em ordem crescente de entry_time.
WARNING,SCENARIO_ORDER,S75_SL4_TP12,5420,linhas do cenário não estão em ordem crescente de entry_time.
WARNING,SCENARIO_ORDER,S75_SL4_TP12,5422,linhas do cenário não estão em ordem crescente de entry_time.
WARNING,SCENARIO_ORDER,S75_SL4_TP12,5424,linhas do cenário não estão em ordem crescente de entry_time.
WARNING,SCENARIO_ORDER,S75_SL4_TP12,5426,linhas do cenário não estão em ordem crescente de entry_time.
WARNING,SCENARIO_ORDER,S75_SL4_TP15,5429,linhas do cenário não estão em ordem crescente de entry_time.
WARNING,SCENARIO_ORDER,S75_SL4_TP15,5432,linhas do cenário não estão em ordem crescente de entry_time.
WARNING,SCENARIO_ORDER,S75_SL4_TP15,5437,linhas do cenário não estão em ordem crescente de entry_time.
WARNING,SCENARIO_ORDER,S75_SL4_TP15,5440,linhas do cenário não estão em ordem crescente de entry_time.
WARNING,SCENARIO_ORDER,S75_SL4_TP15,5451,linhas do cenário não estão em ordem crescente de entry_time.
WARNING,SCENARIO_ORDER,S75_SL4_TP15,5454,linhas do cenário não estão em ordem crescente de entry_time.
WARNING,SCENARIO_ORDER,S75_SL4_TP15,5461,linhas do cenário não estão em ordem crescente de entry_time.
WARNING,SCENARIO_ORDER,S75_SL4_TP15,5463,linhas do cenário não estão em ordem crescente de entry_time.
WARNING,SCENARIO_ORDER,S75_SL4_TP15,5468,linhas do cenário não estão em ordem crescente de entry_time.
WARNING,SCENARIO_ORDER,S75_SL4_TP15,5472,linhas do cenário não estão em ordem crescente de entry_time.
WARNING,SCENARIO_ORDER,S75_SL4_TP15,5489,linhas do cenário não estão em ordem crescente de entry_time.
WARNING,SCENARIO_ORDER,S75_SL4_TP15,5498,linhas do cenário não estão em ordem crescente de entry_time.
WARNING,SCENARIO_ORDER,S75_SL4_TP15,5500,linhas do cenário não estão em ordem crescente de entry_time.
WARNING,SCENARIO_ORDER,S75_SL4_TP15,5508,linhas do cenário não estão em ordem crescente de entry_time.
WARNING,SCENARIO_ORDER,S75_SL4_TP15,5515,linhas do cenário não estão em ordem crescente de entry_time.
WARNING,SCENARIO_ORDER,S75_SL4_TP15,5523,linhas do cenário não estão em ordem crescente de entry_time.
WARNING,SCENARIO_ORDER,S75_SL4_TP15,5529,linhas do cenário não estão em ordem crescente de entry_time.
WARNING,SCENARIO_ORDER,S75_SL4_TP15,5534,linhas do cenário não estão em ordem crescente de entry_time.
WARNING,SCENARIO_ORDER,S75_SL4_TP15,5541,linhas do cenário não estão em ordem crescente de entry_time.
WARNING,SCENARIO_ORDER,S75_SL4_TP15,5543,linhas do cenário não estão em ordem crescente de entry_time.
WARNING,SCENARIO_ORDER,S75_SL4_TP15,5547,linhas do cenário não estão em ordem crescente de entry_time.
WARNING,SCENARIO_ORDER,S75_SL4_TP15,5549,linhas do cenário não estão em ordem crescente de entry_time.
WARNING,SCENARIO_ORDER,S75_SL4_TP15,5553,linhas do cenário não estão em ordem crescente de entry_time.
WARNING,SCENARIO_ORDER,S75_SL4_TP15,5556,linhas do cenário não estão em ordem crescente de entry_time.
WARNING,SCENARIO_ORDER,S75_SL4_TP15,5565,linhas do cenário não estão em ordem crescente de entry_time.
WARNING,SCENARIO_ORDER,S75_SL4_TP15,5567,linhas do cenário não estão em ordem crescente de entry_time.
WARNING,SCENARIO_ORDER,S75_SL4_TP15,5578,linhas do cenário não estão em ordem crescente de entry_time.
WARNING,SCENARIO_ORDER,S75_SL4_TP15,5585,linhas do cenário não estão em ordem crescente de entry_time.
WARNING,SCENARIO_ORDER,S75_SL4_TP15,5588,linhas do cenário não estão em ordem crescente de entry_time.
WARNING,SCENARIO_ORDER,S75_SL4_TP15,5591,linhas do cenário não estão em ordem crescente de entry_time.
WARNING,SCENARIO_ORDER,S75_SL4_TP15,5596,linhas do cenário não estão em ordem crescente de entry_time.
WARNING,SCENARIO_ORDER,S75_SL4_TP15,5599,linhas do cenário não estão em ordem crescente de entry_time.
WARNING,SCENARIO_ORDER,S75_SL4_TP15,5604,linhas do cenário não estão em ordem crescente de entry_time.
WARNING,SCENARIO_ORDER,S75_SL4_TP15,5607,linhas do cenário não estão em ordem crescente de entry_time.
WARNING,SCENARIO_ORDER,S75_SL4_TP15,5610,linhas do cenário não estão em ordem crescente de entry_time.
WARNING,SCENARIO_ORDER,S75_SL4_TP15,5613,linhas do cenário não estão em ordem crescente de entry_time.
WARNING,SCENARIO_ORDER,S75_SL4_TP15,5627,linhas do cenário não estão em ordem crescente de entry_time.
WARNING,SCENARIO_ORDER,S75_SL4_TP15,5628,linhas do cenário não estão em ordem crescente de entry_time.
WARNING,SCENARIO_ORDER,S75_SL4_TP15,5630,linhas do cenário não estão em ordem crescente de entry_time.
WARNING,SCENARIO_ORDER,S75_SL4_TP15,5632,linhas do cenário não estão em ordem crescente de entry_time.
WARNING,SCENARIO_ORDER,S75_SL4_TP15,5640,linhas do cenário não estão em ordem crescente de entry_time.
WARNING,SCENARIO_ORDER,S75_SL4_TP15,5645,linhas do cenário não estão em ordem crescente de entry_time.
WARNING,SCENARIO_ORDER,S75_SL4_TP15,5648,linhas do cenário não estão em ordem crescente de entry_time.
WARNING,SCENARIO_ORDER,S75_SL4_TP15,5655,linhas do cenário não estão em ordem crescente de entry_time.
WARNING,SCENARIO_ORDER,S75_SL4_TP15,5658,linhas do cenário não estão em ordem crescente de entry_time.
WARNING,SCENARIO_ORDER,S75_SL4_TP15,5662,linhas do cenário não estão em ordem crescente de entry_time.
WARNING,SCENARIO_ORDER,S75_SL4_TP15,5670,linhas do cenário não estão em ordem crescente de entry_time.
WARNING,SCENARIO_ORDER,S75_SL4_TP15,5679,linhas do cenário não estão em ordem crescente de entry_time.
WARNING,SCENARIO_ORDER,S75_SL4_TP15,5681,linhas do cenário não estão em ordem crescente de entry_time.
WARNING,SCENARIO_ORDER,S75_SL4_TP15,5688,linhas do cenário não estão em ordem crescente de entry_time.
WARNING,SCENARIO_ORDER,S75_SL4_TP15,5690,linhas do cenário não estão em ordem crescente de entry_time.
WARNING,SCENARIO_ORDER,S75_SL4_TP15,5692,linhas do cenário não estão em ordem crescente de entry_time.
WARNING,SCENARIO_ORDER,S75_SL4_TP15,5701,linhas do cenário não estão em ordem crescente de entry_time.
WARNING,SCENARIO_ORDER,S75_SL4_TP15,5706,linhas do cenário não estão em ordem crescente de entry_time.
WARNING,SCENARIO_ORDER,S75_SL4_TP15,5707,linhas do cenário não estão em ordem crescente de entry_time.
WARNING,SCENARIO_ORDER,S75_SL4_TP15,5712,linhas do cenário não estão em ordem crescente de entry_time.
WARNING,SCENARIO_ORDER,S75_SL4_TP15,5714,linhas do cenário não estão em ordem crescente de entry_time.
WARNING,SCENARIO_ORDER,S75_SL4_TP15,5719,linhas do cenário não estão em ordem crescente de entry_time.
WARNING,SCENARIO_ORDER,S75_SL4_TP15,5725,linhas do cenário não estão em ordem crescente de entry_time.
WARNING,SCENARIO_ORDER,S75_SL4_TP15,5734,linhas do cenário não estão em ordem crescente de entry_time.
WARNING,SCENARIO_ORDER,S75_SL4_TP15,5736,linhas do cenário não estão em ordem crescente de entry_time.
WARNING,SCENARIO_ORDER,S75_SL4_TP15,5739,linhas do cenário não estão em ordem crescente de entry_time.
WARNING,SCENARIO_ORDER,S75_SL4_TP15,5745,linhas do cenário não estão em ordem crescente de entry_time.
WARNING,SCENARIO_ORDER,S75_SL4_TP15,5747,linhas do cenário não estão em ordem crescente de entry_time.
WARNING,SCENARIO_ORDER,S75_SL4_TP15,5757,linhas do cenário não estão em ordem crescente de entry_time.
WARNING,SCENARIO_ORDER,S75_SL5_TP8,5767,linhas do cenário não estão em ordem crescente de entry_time.
WARNING,SCENARIO_ORDER,S75_SL5_TP8,5770,linhas do cenário não estão em ordem crescente de entry_time.
WARNING,SCENARIO_ORDER,S75_SL5_TP8,5773,linhas do cenário não estão em ordem crescente de entry_time.
WARNING,SCENARIO_ORDER,S75_SL5_TP8,5775,linhas do cenário não estão em ordem crescente de entry_time.
WARNING,SCENARIO_ORDER,S75_SL5_TP8,5778,linhas do cenário não estão em ordem crescente de entry_time.
WARNING,SCENARIO_ORDER,S75_SL5_TP8,5789,linhas do cenário não estão em ordem crescente de entry_time.
WARNING,SCENARIO_ORDER,S75_SL5_TP8,5799,linhas do cenário não estão em ordem crescente de entry_time.
WARNING,SCENARIO_ORDER,S75_SL5_TP8,5802,linhas do cenário não estão em ordem crescente de entry_time.
WARNING,SCENARIO_ORDER,S75_SL5_TP8,5806,linhas do cenário não estão em ordem crescente de entry_time.
WARNING,SCENARIO_ORDER,S75_SL5_TP8,5809,linhas do cenário não estão em ordem crescente de entry_time.
WARNING,SCENARIO_ORDER,S75_SL5_TP8,5842,linhas do cenário não estão em ordem crescente de entry_time.
WARNING,SCENARIO_ORDER,S75_SL5_TP8,5844,linhas do cenário não estão em ordem crescente de entry_time.
WARNING,SCENARIO_ORDER,S75_SL5_TP8,5848,linhas do cenário não estão em ordem crescente de entry_time.
WARNING,SCENARIO_ORDER,S75_SL5_TP8,5853,linhas do cenário não estão em ordem crescente de entry_time.
WARNING,SCENARIO_ORDER,S75_SL5_TP8,5858,linhas do cenário não estão em ordem crescente de entry_time.
WARNING,SCENARIO_ORDER,S75_SL5_TP8,5865,linhas do cenário não estão em ordem crescente de entry_time.
WARNING,SCENARIO_ORDER,S75_SL5_TP8,5870,linhas do cenário não estão em ordem crescente de entry_time.
WARNING,SCENARIO_ORDER,S75_SL5_TP8,5878,linhas do cenário não estão em ordem crescente de entry_time.
WARNING,SCENARIO_ORDER,S75_SL5_TP8,5881,linhas do cenário não estão em ordem crescente de entry_time.
WARNING,SCENARIO_ORDER,S75_SL5_TP8,5884,linhas do cenário não estão em ordem crescente de entry_time.
WARNING,SCENARIO_ORDER,S75_SL5_TP8,5890,linhas do cenário não estão em ordem crescente de entry_time.
WARNING,SCENARIO_ORDER,S75_SL5_TP8,5891,linhas do cenário não estão em ordem crescente de entry_time.
WARNING,SCENARIO_ORDER,S75_SL5_TP8,5893,linhas do cenário não estão em ordem crescente de entry_time.
WARNING,SCENARIO_ORDER,S75_SL5_TP8,5896,linhas do cenário não estão em ordem crescente de entry_time.
WARNING,SCENARIO_ORDER,S75_SL5_TP8,5898,linhas do cenário não estão em ordem crescente de entry_time.
WARNING,SCENARIO_ORDER,S75_SL5_TP8,5904,linhas do cenário não estão em ordem crescente de entry_time.
WARNING,SCENARIO_ORDER,S75_SL5_TP8,5910,linhas do cenário não estão em ordem crescente de entry_time.
WARNING,SCENARIO_ORDER,S75_SL5_TP8,5918,linhas do cenário não estão em ordem crescente de entry_time.
WARNING,SCENARIO_ORDER,S75_SL5_TP8,5921,linhas do cenário não estão em ordem crescente de entry_time.
WARNING,SCENARIO_ORDER,S75_SL5_TP8,5922,linhas do cenário não estão em ordem crescente de entry_time.
WARNING,SCENARIO_ORDER,S75_SL5_TP8,5928,linhas do cenário não estão em ordem crescente de entry_time.
WARNING,SCENARIO_ORDER,S75_SL5_TP8,5929,linhas do cenário não estão em ordem crescente de entry_time.
WARNING,SCENARIO_ORDER,S75_SL5_TP8,5931,linhas do cenário não estão em ordem crescente de entry_time.
WARNING,SCENARIO_ORDER,S75_SL5_TP8,5939,linhas do cenário não estão em ordem crescente de entry_time.
WARNING,SCENARIO_ORDER,S75_SL5_TP8,5944,linhas do cenário não estão em ordem crescente de entry_time.
WARNING,SCENARIO_ORDER,S75_SL5_TP8,5946,linhas do cenário não estão em ordem crescente de entry_time.
WARNING,SCENARIO_ORDER,S75_SL5_TP8,5951,linhas do cenário não estão em ordem crescente de entry_time.
WARNING,SCENARIO_ORDER,S75_SL5_TP8,5957,linhas do cenário não estão em ordem crescente de entry_time.
WARNING,SCENARIO_ORDER,S75_SL5_TP8,5965,linhas do cenário não estão em ordem crescente de entry_time.
WARNING,SCENARIO_ORDER,S75_SL5_TP8,5969,linhas do cenário não estão em ordem crescente de entry_time.
WARNING,SCENARIO_ORDER,S75_SL5_TP8,5978,linhas do cenário não estão em ordem crescente de entry_time.
WARNING,SCENARIO_ORDER,S75_SL5_TP8,5981,linhas do cenário não estão em ordem crescente de entry_time.
WARNING,SCENARIO_ORDER,S75_SL5_TP8,5985,linhas do cenário não estão em ordem crescente de entry_time.
WARNING,SCENARIO_ORDER,S75_SL5_TP8,5987,linhas do cenário não estão em ordem crescente de entry_time.
WARNING,SCENARIO_ORDER,S75_SL5_TP8,5989,linhas do cenário não estão em ordem crescente de entry_time.
WARNING,SCENARIO_ORDER,S75_SL5_TP8,5992,linhas do cenário não estão em ordem crescente de entry_time.
WARNING,SCENARIO_ORDER,S75_SL5_TP8,5994,linhas do cenário não estão em ordem crescente de entry_time.
WARNING,SCENARIO_ORDER,S75_SL5_TP8,6000,linhas do cenário não estão em ordem crescente de entry_time.
WARNING,SCENARIO_ORDER,S75_SL5_TP8,6002,linhas do cenário não estão em ordem crescente de entry_time.
WARNING,SCENARIO_ORDER,S75_SL5_TP8,6006,linhas do cenário não estão em ordem crescente de entry_time.
WARNING,SCENARIO_ORDER,S75_SL5_TP8,6018,linhas do cenário não estão em ordem crescente de entry_time.
WARNING,SCENARIO_ORDER,S75_SL5_TP8,6021,linhas do cenário não estão em ordem crescente de entry_time.
WARNING,SCENARIO_ORDER,S75_SL5_TP8,6023,linhas do cenário não estão em ordem crescente de entry_time.
WARNING,SCENARIO_ORDER,S75_SL5_TP8,6029,linhas do cenário não estão em ordem crescente de entry_time.
WARNING,SCENARIO_ORDER,S75_SL5_TP8,6033,linhas do cenário não estão em ordem crescente de entry_time.
WARNING,SCENARIO_ORDER,S75_SL5_TP8,6043,linhas do cenário não estão em ordem crescente de entry_time.
WARNING,SCENARIO_ORDER,S75_SL5_TP8,6046,linhas do cenário não estão em ordem crescente de entry_time.
WARNING,SCENARIO_ORDER,S75_SL5_TP8,6048,linhas do cenário não estão em ordem crescente de entry_time.
WARNING,SCENARIO_ORDER,S75_SL5_TP8,6050,linhas do cenário não estão em ordem crescente de entry_time.
WARNING,SCENARIO_ORDER,S75_SL5_TP8,6056,linhas do cenário não estão em ordem crescente de entry_time.
WARNING,SCENARIO_ORDER,S75_SL5_TP8,6058,linhas do cenário não estão em ordem crescente de entry_time.
WARNING,SCENARIO_ORDER,S75_SL5_TP8,6059,linhas do cenário não estão em ordem crescente de entry_time.
WARNING,SCENARIO_ORDER,S75_SL5_TP8,6062,linhas do cenário não estão em ordem crescente de entry_time.
WARNING,SCENARIO_ORDER,S75_SL5_TP8,6067,linhas do cenário não estão em ordem crescente de entry_time.
WARNING,SCENARIO_ORDER,S75_SL5_TP8,6071,linhas do cenário não estão em ordem crescente de entry_time.
WARNING,SCENARIO_ORDER,S75_SL5_TP8,6076,linhas do cenário não estão em ordem crescente de entry_time.
WARNING,SCENARIO_ORDER,S75_SL5_TP8,6080,linhas do cenário não estão em ordem crescente de entry_time.
WARNING,SCENARIO_ORDER,S75_SL5_TP8,6083,linhas do cenário não estão em ordem crescente de entry_time.
WARNING,SCENARIO_ORDER,S75_SL5_TP8,6084,linhas do cenário não estão em ordem crescente de entry_time.
WARNING,SCENARIO_ORDER,S75_SL5_TP8,6087,linhas do cenário não estão em ordem crescente de entry_time.
WARNING,SCENARIO_ORDER,S75_SL5_TP8,6089,linhas do cenário não estão em ordem crescente de entry_time.
WARNING,SCENARIO_ORDER,S75_SL5_TP8,6092,linhas do cenário não estão em ordem crescente de entry_time.
WARNING,SCENARIO_ORDER,S75_SL5_TP8,6095,linhas do cenário não estão em ordem crescente de entry_time.
WARNING,SCENARIO_ORDER,S75_SL5_TP8,6102,linhas do cenário não estão em ordem crescente de entry_time.
WARNING,SCENARIO_ORDER,S75_SL5_TP8,6104,linhas do cenário não estão em ordem crescente de entry_time.
WARNING,SCENARIO_ORDER,S75_SL5_TP8,6108,linhas do cenário não estão em ordem crescente de entry_time.
WARNING,SCENARIO_ORDER,S75_SL5_TP10,6113,linhas do cenário não estão em ordem crescente de entry_time.
WARNING,SCENARIO_ORDER,S75_SL5_TP10,6116,linhas do cenário não estão em ordem crescente de entry_time.
WARNING,SCENARIO_ORDER,S75_SL5_TP10,6119,linhas do cenário não estão em ordem crescente de entry_time.
WARNING,SCENARIO_ORDER,S75_SL5_TP10,6121,linhas do cenário não estão em ordem crescente de entry_time.
WARNING,SCENARIO_ORDER,S75_SL5_TP10,6124,linhas do cenário não estão em ordem crescente de entry_time.
WARNING,SCENARIO_ORDER,S75_SL5_TP10,6135,linhas do cenário não estão em ordem crescente de entry_time.
WARNING,SCENARIO_ORDER,S75_SL5_TP10,6139,linhas do cenário não estão em ordem crescente de entry_time.
WARNING,SCENARIO_ORDER,S75_SL5_TP10,6147,linhas do cenário não estão em ordem crescente de entry_time.
WARNING,SCENARIO_ORDER,S75_SL5_TP10,6152,linhas do cenário não estão em ordem crescente de entry_time.
WARNING,SCENARIO_ORDER,S75_SL5_TP10,6155,linhas do cenário não estão em ordem crescente de entry_time.
WARNING,SCENARIO_ORDER,S75_SL5_TP10,6188,linhas do cenário não estão em ordem crescente de entry_time.
WARNING,SCENARIO_ORDER,S75_SL5_TP10,6190,linhas do cenário não estão em ordem crescente de entry_time.
WARNING,SCENARIO_ORDER,S75_SL5_TP10,6199,linhas do cenário não estão em ordem crescente de entry_time.
WARNING,SCENARIO_ORDER,S75_SL5_TP10,6203,linhas do cenário não estão em ordem crescente de entry_time.
WARNING,SCENARIO_ORDER,S75_SL5_TP10,6213,linhas do cenário não estão em ordem crescente de entry_time.
WARNING,SCENARIO_ORDER,S75_SL5_TP10,6221,linhas do cenário não estão em ordem crescente de entry_time.
WARNING,SCENARIO_ORDER,S75_SL5_TP10,6224,linhas do cenário não estão em ordem crescente de entry_time.
WARNING,SCENARIO_ORDER,S75_SL5_TP10,6228,linhas do cenário não estão em ordem crescente de entry_time.
WARNING,SCENARIO_ORDER,S75_SL5_TP10,6239,linhas do cenário não estão em ordem crescente de entry_time.
WARNING,SCENARIO_ORDER,S75_SL5_TP10,6240,linhas do cenário não estão em ordem crescente de entry_time.
WARNING,SCENARIO_ORDER,S75_SL5_TP10,6243,linhas do cenário não estão em ordem crescente de entry_time.
WARNING,SCENARIO_ORDER,S75_SL5_TP10,6245,linhas do cenário não estão em ordem crescente de entry_time.
WARNING,SCENARIO_ORDER,S75_SL5_TP10,6246,linhas do cenário não estão em ordem crescente de entry_time.
WARNING,SCENARIO_ORDER,S75_SL5_TP10,6249,linhas do cenário não estão em ordem crescente de entry_time.
WARNING,SCENARIO_ORDER,S75_SL5_TP10,6250,linhas do cenário não estão em ordem crescente de entry_time.
WARNING,SCENARIO_ORDER,S75_SL5_TP10,6262,linhas do cenário não estão em ordem crescente de entry_time.
WARNING,SCENARIO_ORDER,S75_SL5_TP10,6265,linhas do cenário não estão em ordem crescente de entry_time.
WARNING,SCENARIO_ORDER,S75_SL5_TP10,6268,linhas do cenário não estão em ordem crescente de entry_time.
WARNING,SCENARIO_ORDER,S75_SL5_TP10,6272,linhas do cenário não estão em ordem crescente de entry_time.
WARNING,SCENARIO_ORDER,S75_SL5_TP10,6275,linhas do cenário não estão em ordem crescente de entry_time.
WARNING,SCENARIO_ORDER,S75_SL5_TP10,6276,linhas do cenário não estão em ordem crescente de entry_time.
WARNING,SCENARIO_ORDER,S75_SL5_TP10,6277,linhas do cenário não estão em ordem crescente de entry_time.
WARNING,SCENARIO_ORDER,S75_SL5_TP10,6278,linhas do cenário não estão em ordem crescente de entry_time.
WARNING,SCENARIO_ORDER,S75_SL5_TP10,6280,linhas do cenário não estão em ordem crescente de entry_time.
WARNING,SCENARIO_ORDER,S75_SL5_TP10,6286,linhas do cenário não estão em ordem crescente de entry_time.
WARNING,SCENARIO_ORDER,S75_SL5_TP10,6289,linhas do cenário não estão em ordem crescente de entry_time.
WARNING,SCENARIO_ORDER,S75_SL5_TP10,6293,linhas do cenário não estão em ordem crescente de entry_time.
WARNING,SCENARIO_ORDER,S75_SL5_TP10,6295,linhas do cenário não estão em ordem crescente de entry_time.
WARNING,SCENARIO_ORDER,S75_SL5_TP10,6305,linhas do cenário não estão em ordem crescente de entry_time.
WARNING,SCENARIO_ORDER,S75_SL5_TP10,6308,linhas do cenário não estão em ordem crescente de entry_time.
WARNING,SCENARIO_ORDER,S75_SL5_TP10,6311,linhas do cenário não estão em ordem crescente de entry_time.
WARNING,SCENARIO_ORDER,S75_SL5_TP10,6313,linhas do cenário não estão em ordem crescente de entry_time.
WARNING,SCENARIO_ORDER,S75_SL5_TP10,6321,linhas do cenário não estão em ordem crescente de entry_time.
WARNING,SCENARIO_ORDER,S75_SL5_TP10,6325,linhas do cenário não estão em ordem crescente de entry_time.
WARNING,SCENARIO_ORDER,S75_SL5_TP10,6327,linhas do cenário não estão em ordem crescente de entry_time.
WARNING,SCENARIO_ORDER,S75_SL5_TP10,6330,linhas do cenário não estão em ordem crescente de entry_time.
WARNING,SCENARIO_ORDER,S75_SL5_TP10,6333,linhas do cenário não estão em ordem crescente de entry_time.
WARNING,SCENARIO_ORDER,S75_SL5_TP10,6335,linhas do cenário não estão em ordem crescente de entry_time.
WARNING,SCENARIO_ORDER,S75_SL5_TP10,6340,linhas do cenário não estão em ordem crescente de entry_time.
WARNING,SCENARIO_ORDER,S75_SL5_TP10,6343,linhas do cenário não estão em ordem crescente de entry_time.
WARNING,SCENARIO_ORDER,S75_SL5_TP10,6350,linhas do cenário não estão em ordem crescente de entry_time.
WARNING,SCENARIO_ORDER,S75_SL5_TP10,6356,linhas do cenário não estão em ordem crescente de entry_time.
WARNING,SCENARIO_ORDER,S75_SL5_TP10,6365,linhas do cenário não estão em ordem crescente de entry_time.
WARNING,SCENARIO_ORDER,S75_SL5_TP10,6367,linhas do cenário não estão em ordem crescente de entry_time.
WARNING,SCENARIO_ORDER,S75_SL5_TP10,6370,linhas do cenário não estão em ordem crescente de entry_time.
WARNING,SCENARIO_ORDER,S75_SL5_TP10,6372,linhas do cenário não estão em ordem crescente de entry_time.
WARNING,SCENARIO_ORDER,S75_SL5_TP10,6382,linhas do cenário não estão em ordem crescente de entry_time.
WARNING,SCENARIO_ORDER,S75_SL5_TP10,6386,linhas do cenário não estão em ordem crescente de entry_time.
WARNING,SCENARIO_ORDER,S75_SL5_TP10,6393,linhas do cenário não estão em ordem crescente de entry_time.
WARNING,SCENARIO_ORDER,S75_SL5_TP10,6394,linhas do cenário não estão em ordem crescente de entry_time.
WARNING,SCENARIO_ORDER,S75_SL5_TP10,6397,linhas do cenário não estão em ordem crescente de entry_time.
WARNING,SCENARIO_ORDER,S75_SL5_TP10,6398,linhas do cenário não estão em ordem crescente de entry_time.
WARNING,SCENARIO_ORDER,S75_SL5_TP10,6405,linhas do cenário não estão em ordem crescente de entry_time.
WARNING,SCENARIO_ORDER,S75_SL5_TP10,6408,linhas do cenário não estão em ordem crescente de entry_time.
WARNING,SCENARIO_ORDER,S75_SL5_TP10,6411,linhas do cenário não estão em ordem crescente de entry_time.
WARNING,SCENARIO_ORDER,S75_SL5_TP10,6414,linhas do cenário não estão em ordem crescente de entry_time.
WARNING,SCENARIO_ORDER,S75_SL5_TP10,6417,linhas do cenário não estão em ordem crescente de entry_time.
WARNING,SCENARIO_ORDER,S75_SL5_TP10,6421,linhas do cenário não estão em ordem crescente de entry_time.
WARNING,SCENARIO_ORDER,S75_SL5_TP10,6426,linhas do cenário não estão em ordem crescente de entry_time.
WARNING,SCENARIO_ORDER,S75_SL5_TP10,6428,linhas do cenário não estão em ordem crescente de entry_time.
WARNING,SCENARIO_ORDER,S75_SL5_TP10,6430,linhas do cenário não estão em ordem crescente de entry_time.
WARNING,SCENARIO_ORDER,S75_SL5_TP10,6433,linhas do cenário não estão em ordem crescente de entry_time.
WARNING,SCENARIO_ORDER,S75_SL5_TP10,6439,linhas do cenário não estão em ordem crescente de entry_time.
WARNING,SCENARIO_ORDER,S75_SL5_TP10,6442,linhas do cenário não estão em ordem crescente de entry_time.
WARNING,SCENARIO_ORDER,S75_SL5_TP10,6446,linhas do cenário não estão em ordem crescente de entry_time.
WARNING,SCENARIO_ORDER,S75_SL5_TP10,6447,linhas do cenário não estão em ordem crescente de entry_time.
WARNING,SCENARIO_ORDER,S75_SL5_TP10,6449,linhas do cenário não estão em ordem crescente de entry_time.
WARNING,SCENARIO_ORDER,S75_SL5_TP10,6451,linhas do cenário não estão em ordem crescente de entry_time.
WARNING,SCENARIO_ORDER,S75_SL5_TP10,6453,linhas do cenário não estão em ordem crescente de entry_time.
WARNING,SCENARIO_ORDER,S75_SL5_TP10,6455,linhas do cenário não estão em ordem crescente de entry_time.
WARNING,SCENARIO_ORDER,S75_SL5_TP12,6457,linhas do cenário não estão em ordem crescente de entry_time.
WARNING,SCENARIO_ORDER,S75_SL5_TP12,6460,linhas do cenário não estão em ordem crescente de entry_time.
WARNING,SCENARIO_ORDER,S75_SL5_TP12,6465,linhas do cenário não estão em ordem crescente de entry_time.
WARNING,SCENARIO_ORDER,S75_SL5_TP12,6468,linhas do cenário não estão em ordem crescente de entry_time.
WARNING,SCENARIO_ORDER,S75_SL5_TP12,6479,linhas do cenário não estão em ordem crescente de entry_time.
WARNING,SCENARIO_ORDER,S75_SL5_TP12,6483,linhas do cenário não estão em ordem crescente de entry_time.
WARNING,SCENARIO_ORDER,S75_SL5_TP12,6491,linhas do cenário não estão em ordem crescente de entry_time.
WARNING,SCENARIO_ORDER,S75_SL5_TP12,6496,linhas do cenário não estão em ordem crescente de entry_time.
WARNING,SCENARIO_ORDER,S75_SL5_TP12,6499,linhas do cenário não estão em ordem crescente de entry_time.
WARNING,SCENARIO_ORDER,S75_SL5_TP12,6535,linhas do cenário não estão em ordem crescente de entry_time.
WARNING,SCENARIO_ORDER,S75_SL5_TP12,6549,linhas do cenário não estão em ordem crescente de entry_time.
WARNING,SCENARIO_ORDER,S75_SL5_TP12,6556,linhas do cenário não estão em ordem crescente de entry_time.
WARNING,SCENARIO_ORDER,S75_SL5_TP12,6560,linhas do cenário não estão em ordem crescente de entry_time.
WARNING,SCENARIO_ORDER,S75_SL5_TP12,6561,linhas do cenário não estão em ordem crescente de entry_time.
WARNING,SCENARIO_ORDER,S75_SL5_TP12,6567,linhas do cenário não estão em ordem crescente de entry_time.
WARNING,SCENARIO_ORDER,S75_SL5_TP12,6572,linhas do cenário não estão em ordem crescente de entry_time.
WARNING,SCENARIO_ORDER,S75_SL5_TP12,6573,linhas do cenário não estão em ordem crescente de entry_time.
WARNING,SCENARIO_ORDER,S75_SL5_TP12,6578,linhas do cenário não estão em ordem crescente de entry_time.
WARNING,SCENARIO_ORDER,S75_SL5_TP12,6582,linhas do cenário não estão em ordem crescente de entry_time.
WARNING,SCENARIO_ORDER,S75_SL5_TP12,6584,linhas do cenário não estão em ordem crescente de entry_time.
WARNING,SCENARIO_ORDER,S75_SL5_TP12,6586,linhas do cenário não estão em ordem crescente de entry_time.
WARNING,SCENARIO_ORDER,S75_SL5_TP12,6589,linhas do cenário não estão em ordem crescente de entry_time.
WARNING,SCENARIO_ORDER,S75_SL5_TP12,6594,linhas do cenário não estão em ordem crescente de entry_time.
WARNING,SCENARIO_ORDER,S75_SL5_TP12,6606,linhas do cenário não estão em ordem crescente de entry_time.
WARNING,SCENARIO_ORDER,S75_SL5_TP12,6608,linhas do cenário não estão em ordem crescente de entry_time.
WARNING,SCENARIO_ORDER,S75_SL5_TP12,6612,linhas do cenário não estão em ordem crescente de entry_time.
WARNING,SCENARIO_ORDER,S75_SL5_TP12,6616,linhas do cenário não estão em ordem crescente de entry_time.
WARNING,SCENARIO_ORDER,S75_SL5_TP12,6622,linhas do cenário não estão em ordem crescente de entry_time.
WARNING,SCENARIO_ORDER,S75_SL5_TP12,6625,linhas do cenário não estão em ordem crescente de entry_time.
WARNING,SCENARIO_ORDER,S75_SL5_TP12,6629,linhas do cenário não estão em ordem crescente de entry_time.
WARNING,SCENARIO_ORDER,S75_SL5_TP12,6631,linhas do cenário não estão em ordem crescente de entry_time.
WARNING,SCENARIO_ORDER,S75_SL5_TP12,6635,linhas do cenário não estão em ordem crescente de entry_time.
WARNING,SCENARIO_ORDER,S75_SL5_TP12,6644,linhas do cenário não estão em ordem crescente de entry_time.
WARNING,SCENARIO_ORDER,S75_SL5_TP12,6651,linhas do cenário não estão em ordem crescente de entry_time.
WARNING,SCENARIO_ORDER,S75_SL5_TP12,6659,linhas do cenário não estão em ordem crescente de entry_time.
WARNING,SCENARIO_ORDER,S75_SL5_TP12,6663,linhas do cenário não estão em ordem crescente de entry_time.
WARNING,SCENARIO_ORDER,S75_SL5_TP12,6668,linhas do cenário não estão em ordem crescente de entry_time.
WARNING,SCENARIO_ORDER,S75_SL5_TP12,6675,linhas do cenário não estão em ordem crescente de entry_time.
WARNING,SCENARIO_ORDER,S75_SL5_TP12,6677,linhas do cenário não estão em ordem crescente de entry_time.
WARNING,SCENARIO_ORDER,S75_SL5_TP12,6682,linhas do cenário não estão em ordem crescente de entry_time.
WARNING,SCENARIO_ORDER,S75_SL5_TP12,6686,linhas do cenário não estão em ordem crescente de entry_time.
WARNING,SCENARIO_ORDER,S75_SL5_TP12,6693,linhas do cenário não estão em ordem crescente de entry_time.
WARNING,SCENARIO_ORDER,S75_SL5_TP12,6699,linhas do cenário não estão em ordem crescente de entry_time.
WARNING,SCENARIO_ORDER,S75_SL5_TP12,6700,linhas do cenário não estão em ordem crescente de entry_time.
WARNING,SCENARIO_ORDER,S75_SL5_TP12,6709,linhas do cenário não estão em ordem crescente de entry_time.
WARNING,SCENARIO_ORDER,S75_SL5_TP12,6714,linhas do cenário não estão em ordem crescente de entry_time.
WARNING,SCENARIO_ORDER,S75_SL5_TP12,6719,linhas do cenário não estão em ordem crescente de entry_time.
WARNING,SCENARIO_ORDER,S75_SL5_TP12,6722,linhas do cenário não estão em ordem crescente de entry_time.
WARNING,SCENARIO_ORDER,S75_SL5_TP12,6723,linhas do cenário não estão em ordem crescente de entry_time.
WARNING,SCENARIO_ORDER,S75_SL5_TP12,6727,linhas do cenário não estão em ordem crescente de entry_time.
WARNING,SCENARIO_ORDER,S75_SL5_TP12,6728,linhas do cenário não estão em ordem crescente de entry_time.
WARNING,SCENARIO_ORDER,S75_SL5_TP12,6733,linhas do cenário não estão em ordem crescente de entry_time.
WARNING,SCENARIO_ORDER,S75_SL5_TP12,6737,linhas do cenário não estão em ordem crescente de entry_time.
WARNING,SCENARIO_ORDER,S75_SL5_TP12,6738,linhas do cenário não estão em ordem crescente de entry_time.
WARNING,SCENARIO_ORDER,S75_SL5_TP12,6745,linhas do cenário não estão em ordem crescente de entry_time.
WARNING,SCENARIO_ORDER,S75_SL5_TP12,6749,linhas do cenário não estão em ordem crescente de entry_time.
WARNING,SCENARIO_ORDER,S75_SL5_TP12,6751,linhas do cenário não estão em ordem crescente de entry_time.
WARNING,SCENARIO_ORDER,S75_SL5_TP12,6755,linhas do cenário não estão em ordem crescente de entry_time.
WARNING,SCENARIO_ORDER,S75_SL5_TP12,6758,linhas do cenário não estão em ordem crescente de entry_time.
WARNING,SCENARIO_ORDER,S75_SL5_TP12,6762,linhas do cenário não estão em ordem crescente de entry_time.
WARNING,SCENARIO_ORDER,S75_SL5_TP12,6764,linhas do cenário não estão em ordem crescente de entry_time.
WARNING,SCENARIO_ORDER,S75_SL5_TP12,6768,linhas do cenário não estão em ordem crescente de entry_time.
WARNING,SCENARIO_ORDER,S75_SL5_TP12,6770,linhas do cenário não estão em ordem crescente de entry_time.
WARNING,SCENARIO_ORDER,S75_SL5_TP12,6774,linhas do cenário não estão em ordem crescente de entry_time.
WARNING,SCENARIO_ORDER,S75_SL5_TP12,6776,linhas do cenário não estão em ordem crescente de entry_time.
WARNING,SCENARIO_ORDER,S75_SL5_TP12,6778,linhas do cenário não estão em ordem crescente de entry_time.
WARNING,SCENARIO_ORDER,S75_SL5_TP12,6781,linhas do cenário não estão em ordem crescente de entry_time.
WARNING,SCENARIO_ORDER,S75_SL5_TP12,6787,linhas do cenário não estão em ordem crescente de entry_time.
WARNING,SCENARIO_ORDER,S75_SL5_TP12,6793,linhas do cenário não estão em ordem crescente de entry_time.
WARNING,SCENARIO_ORDER,S75_SL5_TP12,6795,linhas do cenário não estão em ordem crescente de entry_time.
WARNING,SCENARIO_ORDER,S75_SL5_TP15,6798,linhas do cenário não estão em ordem crescente de entry_time.
WARNING,SCENARIO_ORDER,S75_SL5_TP15,6801,linhas do cenário não estão em ordem crescente de entry_time.
WARNING,SCENARIO_ORDER,S75_SL5_TP15,6806,linhas do cenário não estão em ordem crescente de entry_time.
WARNING,SCENARIO_ORDER,S75_SL5_TP15,6809,linhas do cenário não estão em ordem crescente de entry_time.
WARNING,SCENARIO_ORDER,S75_SL5_TP15,6820,linhas do cenário não estão em ordem crescente de entry_time.
WARNING,SCENARIO_ORDER,S75_SL5_TP15,6824,linhas do cenário não estão em ordem crescente de entry_time.
WARNING,SCENARIO_ORDER,S75_SL5_TP15,6832,linhas do cenário não estão em ordem crescente de entry_time.
WARNING,SCENARIO_ORDER,S75_SL5_TP15,6837,linhas do cenário não estão em ordem crescente de entry_time.
WARNING,SCENARIO_ORDER,S75_SL5_TP15,6840,linhas do cenário não estão em ordem crescente de entry_time.
WARNING,SCENARIO_ORDER,S75_SL5_TP15,6888,linhas do cenário não estão em ordem crescente de entry_time.
WARNING,SCENARIO_ORDER,S75_SL5_TP15,6889,linhas do cenário não estão em ordem crescente de entry_time.
WARNING,SCENARIO_ORDER,S75_SL5_TP15,6897,linhas do cenário não estão em ordem crescente de entry_time.
WARNING,SCENARIO_ORDER,S75_SL5_TP15,6900,linhas do cenário não estão em ordem crescente de entry_time.
WARNING,SCENARIO_ORDER,S75_SL5_TP15,6907,linhas do cenário não estão em ordem crescente de entry_time.
WARNING,SCENARIO_ORDER,S75_SL5_TP15,6909,linhas do cenário não estão em ordem crescente de entry_time.
WARNING,SCENARIO_ORDER,S75_SL5_TP15,6911,linhas do cenário não estão em ordem crescente de entry_time.
WARNING,SCENARIO_ORDER,S75_SL5_TP15,6920,linhas do cenário não estão em ordem crescente de entry_time.
WARNING,SCENARIO_ORDER,S75_SL5_TP15,6924,linhas do cenário não estão em ordem crescente de entry_time.
WARNING,SCENARIO_ORDER,S75_SL5_TP15,6927,linhas do cenário não estão em ordem crescente de entry_time.
WARNING,SCENARIO_ORDER,S75_SL5_TP15,6934,linhas do cenário não estão em ordem crescente de entry_time.
WARNING,SCENARIO_ORDER,S75_SL5_TP15,6946,linhas do cenário não estão em ordem crescente de entry_time.
WARNING,SCENARIO_ORDER,S75_SL5_TP15,6950,linhas do cenário não estão em ordem crescente de entry_time.
WARNING,SCENARIO_ORDER,S75_SL5_TP15,6954,linhas do cenário não estão em ordem crescente de entry_time.
WARNING,SCENARIO_ORDER,S75_SL5_TP15,6956,linhas do cenário não estão em ordem crescente de entry_time.
WARNING,SCENARIO_ORDER,S75_SL5_TP15,6957,linhas do cenário não estão em ordem crescente de entry_time.
WARNING,SCENARIO_ORDER,S75_SL5_TP15,6959,linhas do cenário não estão em ordem crescente de entry_time.
WARNING,SCENARIO_ORDER,S75_SL5_TP15,6961,linhas do cenário não estão em ordem crescente de entry_time.
WARNING,SCENARIO_ORDER,S75_SL5_TP15,6968,linhas do cenário não estão em ordem crescente de entry_time.
WARNING,SCENARIO_ORDER,S75_SL5_TP15,6970,linhas do cenário não estão em ordem crescente de entry_time.
WARNING,SCENARIO_ORDER,S75_SL5_TP15,6975,linhas do cenário não estão em ordem crescente de entry_time.
WARNING,SCENARIO_ORDER,S75_SL5_TP15,6983,linhas do cenário não estão em ordem crescente de entry_time.
WARNING,SCENARIO_ORDER,S75_SL5_TP15,6986,linhas do cenário não estão em ordem crescente de entry_time.
WARNING,SCENARIO_ORDER,S75_SL5_TP15,6988,linhas do cenário não estão em ordem crescente de entry_time.
WARNING,SCENARIO_ORDER,S75_SL5_TP15,6998,linhas do cenário não estão em ordem crescente de entry_time.
WARNING,SCENARIO_ORDER,S75_SL5_TP15,6999,linhas do cenário não estão em ordem crescente de entry_time.
WARNING,SCENARIO_ORDER,S75_SL5_TP15,7008,linhas do cenário não estão em ordem crescente de entry_time.
WARNING,SCENARIO_ORDER,S75_SL5_TP15,7012,linhas do cenário não estão em ordem crescente de entry_time.
WARNING,SCENARIO_ORDER,S75_SL5_TP15,7016,linhas do cenário não estão em ordem crescente de entry_time.
WARNING,SCENARIO_ORDER,S75_SL5_TP15,7019,linhas do cenário não estão em ordem crescente de entry_time.
WARNING,SCENARIO_ORDER,S75_SL5_TP15,7022,linhas do cenário não estão em ordem crescente de entry_time.
WARNING,SCENARIO_ORDER,S75_SL5_TP15,7024,linhas do cenário não estão em ordem crescente de entry_time.
WARNING,SCENARIO_ORDER,S75_SL5_TP15,7032,linhas do cenário não estão em ordem crescente de entry_time.
WARNING,SCENARIO_ORDER,S75_SL5_TP15,7047,linhas do cenário não estão em ordem crescente de entry_time.
WARNING,SCENARIO_ORDER,S75_SL5_TP15,7050,linhas do cenário não estão em ordem crescente de entry_time.
WARNING,SCENARIO_ORDER,S75_SL5_TP15,7053,linhas do cenário não estão em ordem crescente de entry_time.
WARNING,SCENARIO_ORDER,S75_SL5_TP15,7058,linhas do cenário não estão em ordem crescente de entry_time.
WARNING,SCENARIO_ORDER,S75_SL5_TP15,7061,linhas do cenário não estão em ordem crescente de entry_time.
WARNING,SCENARIO_ORDER,S75_SL5_TP15,7071,linhas do cenário não estão em ordem crescente de entry_time.
WARNING,SCENARIO_ORDER,S75_SL5_TP15,7074,linhas do cenário não estão em ordem crescente de entry_time.
WARNING,SCENARIO_ORDER,S75_SL5_TP15,7082,linhas do cenário não estão em ordem crescente de entry_time.
WARNING,SCENARIO_ORDER,S75_SL5_TP15,7083,linhas do cenário não estão em ordem crescente de entry_time.
WARNING,SCENARIO_ORDER,S75_SL5_TP15,7086,linhas do cenário não estão em ordem crescente de entry_time.
WARNING,SCENARIO_ORDER,S75_SL5_TP15,7088,linhas do cenário não estão em ordem crescente de entry_time.
WARNING,SCENARIO_ORDER,S75_SL5_TP15,7100,linhas do cenário não estão em ordem crescente de entry_time.
WARNING,SCENARIO_ORDER,S75_SL5_TP15,7104,linhas do cenário não estão em ordem crescente de entry_time.
WARNING,SCENARIO_ORDER,S75_SL5_TP15,7105,linhas do cenário não estão em ordem crescente de entry_time.
WARNING,SCENARIO_ORDER,S75_SL5_TP15,7108,linhas do cenário não estão em ordem crescente de entry_time.
WARNING,SCENARIO_ORDER,S75_SL5_TP15,7110,linhas do cenário não estão em ordem crescente de entry_time.
WARNING,SCENARIO_ORDER,S75_SL5_TP15,7115,linhas do cenário não estão em ordem crescente de entry_time.
WARNING,SCENARIO_ORDER,S75_SL5_TP15,7122,linhas do cenário não estão em ordem crescente de entry_time.
WARNING,SCENARIO_ORDER,S75_SL5_TP15,7123,linhas do cenário não estão em ordem crescente de entry_time.
WARNING,SCENARIO_ORDER,S75_SL5_TP15,7129,linhas do cenário não estão em ordem crescente de entry_time.
WARNING,SCENARIO_ORDER,S75_SL6_TP8,7134,linhas do cenário não estão em ordem crescente de entry_time.
WARNING,SCENARIO_ORDER,S75_SL6_TP8,7137,linhas do cenário não estão em ordem crescente de entry_time.
WARNING,SCENARIO_ORDER,S75_SL6_TP8,7140,linhas do cenário não estão em ordem crescente de entry_time.
WARNING,SCENARIO_ORDER,S75_SL6_TP8,7144,linhas do cenário não estão em ordem crescente de entry_time.
WARNING,SCENARIO_ORDER,S75_SL6_TP8,7155,linhas do cenário não estão em ordem crescente de entry_time.
WARNING,SCENARIO_ORDER,S75_SL6_TP8,7168,linhas do cenário não estão em ordem crescente de entry_time.
WARNING,SCENARIO_ORDER,S75_SL6_TP8,7174,linhas do cenário não estão em ordem crescente de entry_time.
WARNING,SCENARIO_ORDER,S75_SL6_TP8,7208,linhas do cenário não estão em ordem crescente de entry_time.
WARNING,SCENARIO_ORDER,S75_SL6_TP8,7210,linhas do cenário não estão em ordem crescente de entry_time.
WARNING,SCENARIO_ORDER,S75_SL6_TP8,7214,linhas do cenário não estão em ordem crescente de entry_time.
WARNING,SCENARIO_ORDER,S75_SL6_TP8,7219,linhas do cenário não estão em ordem crescente de entry_time.
WARNING,SCENARIO_ORDER,S75_SL6_TP8,7224,linhas do cenário não estão em ordem crescente de entry_time.
WARNING,SCENARIO_ORDER,S75_SL6_TP8,7231,linhas do cenário não estão em ordem crescente de entry_time.
WARNING,SCENARIO_ORDER,S75_SL6_TP8,7236,linhas do cenário não estão em ordem crescente de entry_time.
WARNING,SCENARIO_ORDER,S75_SL6_TP8,7245,linhas do cenário não estão em ordem crescente de entry_time.
WARNING,SCENARIO_ORDER,S75_SL6_TP8,7248,linhas do cenário não estão em ordem crescente de entry_time.
WARNING,SCENARIO_ORDER,S75_SL6_TP8,7254,linhas do cenário não estão em ordem crescente de entry_time.
WARNING,SCENARIO_ORDER,S75_SL6_TP8,7256,linhas do cenário não estão em ordem crescente de entry_time.
WARNING,SCENARIO_ORDER,S75_SL6_TP8,7258,linhas do cenário não estão em ordem crescente de entry_time.
WARNING,SCENARIO_ORDER,S75_SL6_TP8,7262,linhas do cenário não estão em ordem crescente de entry_time.
WARNING,SCENARIO_ORDER,S75_SL6_TP8,7269,linhas do cenário não estão em ordem crescente de entry_time.
WARNING,SCENARIO_ORDER,S75_SL6_TP8,7271,linhas do cenário não estão em ordem crescente de entry_time.
WARNING,SCENARIO_ORDER,S75_SL6_TP8,7276,linhas do cenário não estão em ordem crescente de entry_time.
WARNING,SCENARIO_ORDER,S75_SL6_TP8,7282,linhas do cenário não estão em ordem crescente de entry_time.
WARNING,SCENARIO_ORDER,S75_SL6_TP8,7285,linhas do cenário não estão em ordem crescente de entry_time.
WARNING,SCENARIO_ORDER,S75_SL6_TP8,7291,linhas do cenário não estão em ordem crescente de entry_time.
WARNING,SCENARIO_ORDER,S75_SL6_TP8,7294,linhas do cenário não estão em ordem crescente de entry_time.
WARNING,SCENARIO_ORDER,S75_SL6_TP8,7297,linhas do cenário não estão em ordem crescente de entry_time.
WARNING,SCENARIO_ORDER,S75_SL6_TP8,7299,linhas do cenário não estão em ordem crescente de entry_time.
WARNING,SCENARIO_ORDER,S75_SL6_TP8,7301,linhas do cenário não estão em ordem crescente de entry_time.
WARNING,SCENARIO_ORDER,S75_SL6_TP8,7304,linhas do cenário não estão em ordem crescente de entry_time.
WARNING,SCENARIO_ORDER,S75_SL6_TP8,7306,linhas do cenário não estão em ordem crescente de entry_time.
WARNING,SCENARIO_ORDER,S75_SL6_TP8,7308,linhas do cenário não estão em ordem crescente de entry_time.
WARNING,SCENARIO_ORDER,S75_SL6_TP8,7312,linhas do cenário não estão em ordem crescente de entry_time.
WARNING,SCENARIO_ORDER,S75_SL6_TP8,7323,linhas do cenário não estão em ordem crescente de entry_time.
WARNING,SCENARIO_ORDER,S75_SL6_TP8,7325,linhas do cenário não estão em ordem crescente de entry_time.
WARNING,SCENARIO_ORDER,S75_SL6_TP8,7329,linhas do cenário não estão em ordem crescente de entry_time.
WARNING,SCENARIO_ORDER,S75_SL6_TP8,7332,linhas do cenário não estão em ordem crescente de entry_time.
WARNING,SCENARIO_ORDER,S75_SL6_TP8,7335,linhas do cenário não estão em ordem crescente de entry_time.
WARNING,SCENARIO_ORDER,S75_SL6_TP8,7340,linhas do cenário não estão em ordem crescente de entry_time.
WARNING,SCENARIO_ORDER,S75_SL6_TP8,7346,linhas do cenário não estão em ordem crescente de entry_time.
WARNING,SCENARIO_ORDER,S75_SL6_TP8,7347,linhas do cenário não estão em ordem crescente de entry_time.
WARNING,SCENARIO_ORDER,S75_SL6_TP8,7350,linhas do cenário não estão em ordem crescente de entry_time.
WARNING,SCENARIO_ORDER,S75_SL6_TP8,7353,linhas do cenário não estão em ordem crescente de entry_time.
WARNING,SCENARIO_ORDER,S75_SL6_TP8,7357,linhas do cenário não estão em ordem crescente de entry_time.
WARNING,SCENARIO_ORDER,S75_SL6_TP8,7360,linhas do cenário não estão em ordem crescente de entry_time.
WARNING,SCENARIO_ORDER,S75_SL6_TP8,7375,linhas do cenário não estão em ordem crescente de entry_time.
WARNING,SCENARIO_ORDER,S75_SL6_TP8,7381,linhas do cenário não estão em ordem crescente de entry_time.
WARNING,SCENARIO_ORDER,S75_SL6_TP8,7383,linhas do cenário não estão em ordem crescente de entry_time.
WARNING,SCENARIO_ORDER,S75_SL6_TP8,7387,linhas do cenário não estão em ordem crescente de entry_time.
WARNING,SCENARIO_ORDER,S75_SL6_TP8,7389,linhas do cenário não estão em ordem crescente de entry_time.
WARNING,SCENARIO_ORDER,S75_SL6_TP8,7394,linhas do cenário não estão em ordem crescente de entry_time.
WARNING,SCENARIO_ORDER,S75_SL6_TP8,7396,linhas do cenário não estão em ordem crescente de entry_time.
WARNING,SCENARIO_ORDER,S75_SL6_TP8,7399,linhas do cenário não estão em ordem crescente de entry_time.
WARNING,SCENARIO_ORDER,S75_SL6_TP8,7403,linhas do cenário não estão em ordem crescente de entry_time.
WARNING,SCENARIO_ORDER,S75_SL6_TP8,7408,linhas do cenário não estão em ordem crescente de entry_time.
WARNING,SCENARIO_ORDER,S75_SL6_TP8,7411,linhas do cenário não estão em ordem crescente de entry_time.
WARNING,SCENARIO_ORDER,S75_SL6_TP8,7414,linhas do cenário não estão em ordem crescente de entry_time.
WARNING,SCENARIO_ORDER,S75_SL6_TP8,7416,linhas do cenário não estão em ordem crescente de entry_time.
WARNING,SCENARIO_ORDER,S75_SL6_TP8,7421,linhas do cenário não estão em ordem crescente de entry_time.
WARNING,SCENARIO_ORDER,S75_SL6_TP8,7425,linhas do cenário não estão em ordem crescente de entry_time.
WARNING,SCENARIO_ORDER,S75_SL6_TP8,7429,linhas do cenário não estão em ordem crescente de entry_time.
WARNING,SCENARIO_ORDER,S75_SL6_TP8,7430,linhas do cenário não estão em ordem crescente de entry_time.
WARNING,SCENARIO_ORDER,S75_SL6_TP8,7431,linhas do cenário não estão em ordem crescente de entry_time.
WARNING,SCENARIO_ORDER,S75_SL6_TP8,7437,linhas do cenário não estão em ordem crescente de entry_time.
WARNING,SCENARIO_ORDER,S75_SL6_TP8,7440,linhas do cenário não estão em ordem crescente de entry_time.
WARNING,SCENARIO_ORDER,S75_SL6_TP8,7442,linhas do cenário não estão em ordem crescente de entry_time.
WARNING,SCENARIO_ORDER,S75_SL6_TP8,7446,linhas do cenário não estão em ordem crescente de entry_time.
WARNING,SCENARIO_ORDER,S75_SL6_TP8,7448,linhas do cenário não estão em ordem crescente de entry_time.
WARNING,SCENARIO_ORDER,S75_SL6_TP8,7452,linhas do cenário não estão em ordem crescente de entry_time.
WARNING,SCENARIO_ORDER,S75_SL6_TP8,7455,linhas do cenário não estão em ordem crescente de entry_time.
WARNING,SCENARIO_ORDER,S75_SL6_TP8,7459,linhas do cenário não estão em ordem crescente de entry_time.
WARNING,SCENARIO_ORDER,S75_SL6_TP8,7467,linhas do cenário não estão em ordem crescente de entry_time.
WARNING,SCENARIO_ORDER,S75_SL6_TP8,7469,linhas do cenário não estão em ordem crescente de entry_time.
WARNING,SCENARIO_ORDER,S75_SL6_TP10,7476,linhas do cenário não estão em ordem crescente de entry_time.
WARNING,SCENARIO_ORDER,S75_SL6_TP10,7479,linhas do cenário não estão em ordem crescente de entry_time.
WARNING,SCENARIO_ORDER,S75_SL6_TP10,7482,linhas do cenário não estão em ordem crescente de entry_time.
WARNING,SCENARIO_ORDER,S75_SL6_TP10,7486,linhas do cenário não estão em ordem crescente de entry_time.
WARNING,SCENARIO_ORDER,S75_SL6_TP10,7497,linhas do cenário não estão em ordem crescente de entry_time.
WARNING,SCENARIO_ORDER,S75_SL6_TP10,7508,linhas do cenário não estão em ordem crescente de entry_time.
WARNING,SCENARIO_ORDER,S75_SL6_TP10,7510,linhas do cenário não estão em ordem crescente de entry_time.
WARNING,SCENARIO_ORDER,S75_SL6_TP10,7516,linhas do cenário não estão em ordem crescente de entry_time.
WARNING,SCENARIO_ORDER,S75_SL6_TP10,7550,linhas do cenário não estão em ordem crescente de entry_time.
WARNING,SCENARIO_ORDER,S75_SL6_TP10,7552,linhas do cenário não estão em ordem crescente de entry_time.
WARNING,SCENARIO_ORDER,S75_SL6_TP10,7573,linhas do cenário não estão em ordem crescente de entry_time.
WARNING,SCENARIO_ORDER,S75_SL6_TP10,7577,linhas do cenário não estão em ordem crescente de entry_time.
WARNING,SCENARIO_ORDER,S75_SL6_TP10,7586,linhas do cenário não estão em ordem crescente de entry_time.
WARNING,SCENARIO_ORDER,S75_SL6_TP10,7593,linhas do cenário não estão em ordem crescente de entry_time.
WARNING,SCENARIO_ORDER,S75_SL6_TP10,7596,linhas do cenário não estão em ordem crescente de entry_time.
WARNING,SCENARIO_ORDER,S75_SL6_TP10,7600,linhas do cenário não estão em ordem crescente de entry_time.
WARNING,SCENARIO_ORDER,S75_SL6_TP10,7603,linhas do cenário não estão em ordem crescente de entry_time.
WARNING,SCENARIO_ORDER,S75_SL6_TP10,7610,linhas do cenário não estão em ordem crescente de entry_time.
WARNING,SCENARIO_ORDER,S75_SL6_TP10,7613,linhas do cenário não estão em ordem crescente de entry_time.
WARNING,SCENARIO_ORDER,S75_SL6_TP10,7617,linhas do cenário não estão em ordem crescente de entry_time.
WARNING,SCENARIO_ORDER,S75_SL6_TP10,7624,linhas do cenário não estão em ordem crescente de entry_time.
WARNING,SCENARIO_ORDER,S75_SL6_TP10,7629,linhas do cenário não estão em ordem crescente de entry_time.
WARNING,SCENARIO_ORDER,S75_SL6_TP10,7631,linhas do cenário não estão em ordem crescente de entry_time.
WARNING,SCENARIO_ORDER,S75_SL6_TP10,7634,linhas do cenário não estão em ordem crescente de entry_time.
WARNING,SCENARIO_ORDER,S75_SL6_TP10,7637,linhas do cenário não estão em ordem crescente de entry_time.
WARNING,SCENARIO_ORDER,S75_SL6_TP10,7639,linhas do cenário não estão em ordem crescente de entry_time.
WARNING,SCENARIO_ORDER,S75_SL6_TP10,7642,linhas do cenário não estão em ordem crescente de entry_time.
WARNING,SCENARIO_ORDER,S75_SL6_TP10,7645,linhas do cenário não estão em ordem crescente de entry_time.
WARNING,SCENARIO_ORDER,S75_SL6_TP10,7646,linhas do cenário não estão em ordem crescente de entry_time.
WARNING,SCENARIO_ORDER,S75_SL6_TP10,7657,linhas do cenário não estão em ordem crescente de entry_time.
WARNING,SCENARIO_ORDER,S75_SL6_TP10,7660,linhas do cenário não estão em ordem crescente de entry_time.
WARNING,SCENARIO_ORDER,S75_SL6_TP10,7664,linhas do cenário não estão em ordem crescente de entry_time.
WARNING,SCENARIO_ORDER,S75_SL6_TP10,7672,linhas do cenário não estão em ordem crescente de entry_time.
WARNING,SCENARIO_ORDER,S75_SL6_TP10,7677,linhas do cenário não estão em ordem crescente de entry_time.
WARNING,SCENARIO_ORDER,S75_SL6_TP10,7680,linhas do cenário não estão em ordem crescente de entry_time.
WARNING,SCENARIO_ORDER,S75_SL6_TP10,7685,linhas do cenário não estão em ordem crescente de entry_time.
WARNING,SCENARIO_ORDER,S75_SL6_TP10,7686,linhas do cenário não estão em ordem crescente de entry_time.
WARNING,SCENARIO_ORDER,S75_SL6_TP10,7692,linhas do cenário não estão em ordem crescente de entry_time.
WARNING,SCENARIO_ORDER,S75_SL6_TP10,7697,linhas do cenário não estão em ordem crescente de entry_time.
WARNING,SCENARIO_ORDER,S75_SL6_TP10,7700,linhas do cenário não estão em ordem crescente de entry_time.
WARNING,SCENARIO_ORDER,S75_SL6_TP10,7713,linhas do cenário não estão em ordem crescente de entry_time.
WARNING,SCENARIO_ORDER,S75_SL6_TP10,7714,linhas do cenário não estão em ordem crescente de entry_time.
WARNING,SCENARIO_ORDER,S75_SL6_TP10,7722,linhas do cenário não estão em ordem crescente de entry_time.
WARNING,SCENARIO_ORDER,S75_SL6_TP10,7726,linhas do cenário não estão em ordem crescente de entry_time.
WARNING,SCENARIO_ORDER,S75_SL6_TP10,7728,linhas do cenário não estão em ordem crescente de entry_time.
WARNING,SCENARIO_ORDER,S75_SL6_TP10,7735,linhas do cenário não estão em ordem crescente de entry_time.
WARNING,SCENARIO_ORDER,S75_SL6_TP10,7738,linhas do cenário não estão em ordem crescente de entry_time.
WARNING,SCENARIO_ORDER,S75_SL6_TP10,7742,linhas do cenário não estão em ordem crescente de entry_time.
WARNING,SCENARIO_ORDER,S75_SL6_TP10,7749,linhas do cenário não estão em ordem crescente de entry_time.
WARNING,SCENARIO_ORDER,S75_SL6_TP10,7751,linhas do cenário não estão em ordem crescente de entry_time.
WARNING,SCENARIO_ORDER,S75_SL6_TP10,7752,linhas do cenário não estão em ordem crescente de entry_time.
WARNING,SCENARIO_ORDER,S75_SL6_TP10,7756,linhas do cenário não estão em ordem crescente de entry_time.
WARNING,SCENARIO_ORDER,S75_SL6_TP10,7762,linhas do cenário não estão em ordem crescente de entry_time.
WARNING,SCENARIO_ORDER,S75_SL6_TP10,7765,linhas do cenário não estão em ordem crescente de entry_time.
WARNING,SCENARIO_ORDER,S75_SL6_TP10,7767,linhas do cenário não estão em ordem crescente de entry_time.
WARNING,SCENARIO_ORDER,S75_SL6_TP10,7771,linhas do cenário não estão em ordem crescente de entry_time.
WARNING,SCENARIO_ORDER,S75_SL6_TP10,7776,linhas do cenário não estão em ordem crescente de entry_time.
WARNING,SCENARIO_ORDER,S75_SL6_TP10,7779,linhas do cenário não estão em ordem crescente de entry_time.
WARNING,SCENARIO_ORDER,S75_SL6_TP10,7783,linhas do cenário não estão em ordem crescente de entry_time.
WARNING,SCENARIO_ORDER,S75_SL6_TP10,7786,linhas do cenário não estão em ordem crescente de entry_time.
WARNING,SCENARIO_ORDER,S75_SL6_TP10,7787,linhas do cenário não estão em ordem crescente de entry_time.
WARNING,SCENARIO_ORDER,S75_SL6_TP10,7790,linhas do cenário não estão em ordem crescente de entry_time.
WARNING,SCENARIO_ORDER,S75_SL6_TP10,7799,linhas do cenário não estão em ordem crescente de entry_time.
WARNING,SCENARIO_ORDER,S75_SL6_TP10,7804,linhas do cenário não estão em ordem crescente de entry_time.
WARNING,SCENARIO_ORDER,S75_SL6_TP12,7810,linhas do cenário não estão em ordem crescente de entry_time.
WARNING,SCENARIO_ORDER,S75_SL6_TP12,7813,linhas do cenário não estão em ordem crescente de entry_time.
WARNING,SCENARIO_ORDER,S75_SL6_TP12,7820,linhas do cenário não estão em ordem crescente de entry_time.
WARNING,SCENARIO_ORDER,S75_SL6_TP12,7831,linhas do cenário não estão em ordem crescente de entry_time.
WARNING,SCENARIO_ORDER,S75_SL6_TP12,7842,linhas do cenário não estão em ordem crescente de entry_time.
WARNING,SCENARIO_ORDER,S75_SL6_TP12,7844,linhas do cenário não estão em ordem crescente de entry_time.
WARNING,SCENARIO_ORDER,S75_SL6_TP12,7850,linhas do cenário não estão em ordem crescente de entry_time.
WARNING,SCENARIO_ORDER,S75_SL6_TP12,7887,linhas do cenário não estão em ordem crescente de entry_time.
WARNING,SCENARIO_ORDER,S75_SL6_TP12,7900,linhas do cenário não estão em ordem crescente de entry_time.
WARNING,SCENARIO_ORDER,S75_SL6_TP12,7906,linhas do cenário não estão em ordem crescente de entry_time.
WARNING,SCENARIO_ORDER,S75_SL6_TP12,7911,linhas do cenário não estão em ordem crescente de entry_time.
WARNING,SCENARIO_ORDER,S75_SL6_TP12,7912,linhas do cenário não estão em ordem crescente de entry_time.
WARNING,SCENARIO_ORDER,S75_SL6_TP12,7927,linhas do cenário não estão em ordem crescente de entry_time.
WARNING,SCENARIO_ORDER,S75_SL6_TP12,7935,linhas do cenário não estão em ordem crescente de entry_time.
WARNING,SCENARIO_ORDER,S75_SL6_TP12,7937,linhas do cenário não estão em ordem crescente de entry_time.
WARNING,SCENARIO_ORDER,S75_SL6_TP12,7943,linhas do cenário não estão em ordem crescente de entry_time.
WARNING,SCENARIO_ORDER,S75_SL6_TP12,7954,linhas do cenário não estão em ordem crescente de entry_time.
WARNING,SCENARIO_ORDER,S75_SL6_TP12,7957,linhas do cenário não estão em ordem crescente de entry_time.
WARNING,SCENARIO_ORDER,S75_SL6_TP12,7962,linhas do cenário não estão em ordem crescente de entry_time.
WARNING,SCENARIO_ORDER,S75_SL6_TP12,7966,linhas do cenário não estão em ordem crescente de entry_time.
WARNING,SCENARIO_ORDER,S75_SL6_TP12,7968,linhas do cenário não estão em ordem crescente de entry_time.
WARNING,SCENARIO_ORDER,S75_SL6_TP12,7974,linhas do cenário não estão em ordem crescente de entry_time.
WARNING,SCENARIO_ORDER,S75_SL6_TP12,7976,linhas do cenário não estão em ordem crescente de entry_time.
WARNING,SCENARIO_ORDER,S75_SL6_TP12,7978,linhas do cenário não estão em ordem crescente de entry_time.
WARNING,SCENARIO_ORDER,S75_SL6_TP12,7980,linhas do cenário não estão em ordem crescente de entry_time.
WARNING,SCENARIO_ORDER,S75_SL6_TP12,7983,linhas do cenário não estão em ordem crescente de entry_time.
WARNING,SCENARIO_ORDER,S75_SL6_TP12,7991,linhas do cenário não estão em ordem crescente de entry_time.
WARNING,SCENARIO_ORDER,S75_SL6_TP12,7997,linhas do cenário não estão em ordem crescente de entry_time.
WARNING,SCENARIO_ORDER,S75_SL6_TP12,8001,linhas do cenário não estão em ordem crescente de entry_time.
WARNING,SCENARIO_ORDER,S75_SL6_TP12,8005,linhas do cenário não estão em ordem crescente de entry_time.
WARNING,SCENARIO_ORDER,S75_SL6_TP12,8007,linhas do cenário não estão em ordem crescente de entry_time.
WARNING,SCENARIO_ORDER,S75_SL6_TP12,8008,linhas do cenário não estão em ordem crescente de entry_time.
WARNING,SCENARIO_ORDER,S75_SL6_TP12,8018,linhas do cenário não estão em ordem crescente de entry_time.
WARNING,SCENARIO_ORDER,S75_SL6_TP12,8024,linhas do cenário não estão em ordem crescente de entry_time.
WARNING,SCENARIO_ORDER,S75_SL6_TP12,8027,linhas do cenário não estão em ordem crescente de entry_time.
WARNING,SCENARIO_ORDER,S75_SL6_TP12,8031,linhas do cenário não estão em ordem crescente de entry_time.
WARNING,SCENARIO_ORDER,S75_SL6_TP12,8042,linhas do cenário não estão em ordem crescente de entry_time.
WARNING,SCENARIO_ORDER,S75_SL6_TP12,8044,linhas do cenário não estão em ordem crescente de entry_time.
WARNING,SCENARIO_ORDER,S75_SL6_TP12,8055,linhas do cenário não estão em ordem crescente de entry_time.
WARNING,SCENARIO_ORDER,S75_SL6_TP12,8058,linhas do cenário não estão em ordem crescente de entry_time.
WARNING,SCENARIO_ORDER,S75_SL6_TP12,8062,linhas do cenário não estão em ordem crescente de entry_time.
WARNING,SCENARIO_ORDER,S75_SL6_TP12,8067,linhas do cenário não estão em ordem crescente de entry_time.
WARNING,SCENARIO_ORDER,S75_SL6_TP12,8069,linhas do cenário não estão em ordem crescente de entry_time.
WARNING,SCENARIO_ORDER,S75_SL6_TP12,8072,linhas do cenário não estão em ordem crescente de entry_time.
WARNING,SCENARIO_ORDER,S75_SL6_TP12,8077,linhas do cenário não estão em ordem crescente de entry_time.
WARNING,SCENARIO_ORDER,S75_SL6_TP12,8082,linhas do cenário não estão em ordem crescente de entry_time.
WARNING,SCENARIO_ORDER,S75_SL6_TP12,8083,linhas do cenário não estão em ordem crescente de entry_time.
WARNING,SCENARIO_ORDER,S75_SL6_TP12,8088,linhas do cenário não estão em ordem crescente de entry_time.
WARNING,SCENARIO_ORDER,S75_SL6_TP12,8090,linhas do cenário não estão em ordem crescente de entry_time.
WARNING,SCENARIO_ORDER,S75_SL6_TP12,8092,linhas do cenário não estão em ordem crescente de entry_time.
WARNING,SCENARIO_ORDER,S75_SL6_TP12,8093,linhas do cenário não estão em ordem crescente de entry_time.
WARNING,SCENARIO_ORDER,S75_SL6_TP12,8095,linhas do cenário não estão em ordem crescente de entry_time.
WARNING,SCENARIO_ORDER,S75_SL6_TP12,8097,linhas do cenário não estão em ordem crescente de entry_time.
WARNING,SCENARIO_ORDER,S75_SL6_TP12,8109,linhas do cenário não estão em ordem crescente de entry_time.
WARNING,SCENARIO_ORDER,S75_SL6_TP12,8113,linhas do cenário não estão em ordem crescente de entry_time.
WARNING,SCENARIO_ORDER,S75_SL6_TP12,8114,linhas do cenário não estão em ordem crescente de entry_time.
WARNING,SCENARIO_ORDER,S75_SL6_TP12,8117,linhas do cenário não estão em ordem crescente de entry_time.
WARNING,SCENARIO_ORDER,S75_SL6_TP12,8128,linhas do cenário não estão em ordem crescente de entry_time.
WARNING,SCENARIO_ORDER,S75_SL6_TP12,8130,linhas do cenário não estão em ordem crescente de entry_time.
WARNING,SCENARIO_ORDER,S75_SL6_TP12,8131,linhas do cenário não estão em ordem crescente de entry_time.
WARNING,SCENARIO_ORDER,S75_SL6_TP12,8138,linhas do cenário não estão em ordem crescente de entry_time.
WARNING,SCENARIO_ORDER,S75_SL6_TP15,8140,linhas do cenário não estão em ordem crescente de entry_time.
WARNING,SCENARIO_ORDER,S75_SL6_TP15,8143,linhas do cenário não estão em ordem crescente de entry_time.
WARNING,SCENARIO_ORDER,S75_SL6_TP15,8150,linhas do cenário não estão em ordem crescente de entry_time.
WARNING,SCENARIO_ORDER,S75_SL6_TP15,8161,linhas do cenário não estão em ordem crescente de entry_time.
WARNING,SCENARIO_ORDER,S75_SL6_TP15,8172,linhas do cenário não estão em ordem crescente de entry_time.
WARNING,SCENARIO_ORDER,S75_SL6_TP15,8174,linhas do cenário não estão em ordem crescente de entry_time.
WARNING,SCENARIO_ORDER,S75_SL6_TP15,8180,linhas do cenário não estão em ordem crescente de entry_time.
WARNING,SCENARIO_ORDER,S75_SL6_TP15,8229,linhas do cenário não estão em ordem crescente de entry_time.
WARNING,SCENARIO_ORDER,S75_SL6_TP15,8236,linhas do cenário não estão em ordem crescente de entry_time.
WARNING,SCENARIO_ORDER,S75_SL6_TP15,8240,linhas do cenário não estão em ordem crescente de entry_time.
WARNING,SCENARIO_ORDER,S75_SL6_TP15,8241,linhas do cenário não estão em ordem crescente de entry_time.
WARNING,SCENARIO_ORDER,S75_SL6_TP15,8248,linhas do cenário não estão em ordem crescente de entry_time.
WARNING,SCENARIO_ORDER,S75_SL6_TP15,8250,linhas do cenário não estão em ordem crescente de entry_time.
WARNING,SCENARIO_ORDER,S75_SL6_TP15,8260,linhas do cenário não estão em ordem crescente de entry_time.
WARNING,SCENARIO_ORDER,S75_SL6_TP15,8262,linhas do cenário não estão em ordem crescente de entry_time.
WARNING,SCENARIO_ORDER,S75_SL6_TP15,8264,linhas do cenário não estão em ordem crescente de entry_time.
WARNING,SCENARIO_ORDER,S75_SL6_TP15,8267,linhas do cenário não estão em ordem crescente de entry_time.
WARNING,SCENARIO_ORDER,S75_SL6_TP15,8274,linhas do cenário não estão em ordem crescente de entry_time.
WARNING,SCENARIO_ORDER,S75_SL6_TP15,8279,linhas do cenário não estão em ordem crescente de entry_time.
WARNING,SCENARIO_ORDER,S75_SL6_TP15,8286,linhas do cenário não estão em ordem crescente de entry_time.
WARNING,SCENARIO_ORDER,S75_SL6_TP15,8292,linhas do cenário não estão em ordem crescente de entry_time.
WARNING,SCENARIO_ORDER,S75_SL6_TP15,8295,linhas do cenário não estão em ordem crescente de entry_time.
WARNING,SCENARIO_ORDER,S75_SL6_TP15,8297,linhas do cenário não estão em ordem crescente de entry_time.
WARNING,SCENARIO_ORDER,S75_SL6_TP15,8299,linhas do cenário não estão em ordem crescente de entry_time.
WARNING,SCENARIO_ORDER,S75_SL6_TP15,8304,linhas do cenário não estão em ordem crescente de entry_time.
WARNING,SCENARIO_ORDER,S75_SL6_TP15,8309,linhas do cenário não estão em ordem crescente de entry_time.
WARNING,SCENARIO_ORDER,S75_SL6_TP15,8311,linhas do cenário não estão em ordem crescente de entry_time.
WARNING,SCENARIO_ORDER,S75_SL6_TP15,8312,linhas do cenário não estão em ordem crescente de entry_time.
WARNING,SCENARIO_ORDER,S75_SL6_TP15,8315,linhas do cenário não estão em ordem crescente de entry_time.
WARNING,SCENARIO_ORDER,S75_SL6_TP15,8322,linhas do cenário não estão em ordem crescente de entry_time.
WARNING,SCENARIO_ORDER,S75_SL6_TP15,8326,linhas do cenário não estão em ordem crescente de entry_time.
WARNING,SCENARIO_ORDER,S75_SL6_TP15,8331,linhas do cenário não estão em ordem crescente de entry_time.
WARNING,SCENARIO_ORDER,S75_SL6_TP15,8334,linhas do cenário não estão em ordem crescente de entry_time.
WARNING,SCENARIO_ORDER,S75_SL6_TP15,8340,linhas do cenário não estão em ordem crescente de entry_time.
WARNING,SCENARIO_ORDER,S75_SL6_TP15,8341,linhas do cenário não estão em ordem crescente de entry_time.
WARNING,SCENARIO_ORDER,S75_SL6_TP15,8346,linhas do cenário não estão em ordem crescente de entry_time.
WARNING,SCENARIO_ORDER,S75_SL6_TP15,8348,linhas do cenário não estão em ordem crescente de entry_time.
WARNING,SCENARIO_ORDER,S75_SL6_TP15,8353,linhas do cenário não estão em ordem crescente de entry_time.
WARNING,SCENARIO_ORDER,S75_SL6_TP15,8356,linhas do cenário não estão em ordem crescente de entry_time.
WARNING,SCENARIO_ORDER,S75_SL6_TP15,8359,linhas do cenário não estão em ordem crescente de entry_time.
WARNING,SCENARIO_ORDER,S75_SL6_TP15,8362,linhas do cenário não estão em ordem crescente de entry_time.
WARNING,SCENARIO_ORDER,S75_SL6_TP15,8366,linhas do cenário não estão em ordem crescente de entry_time.
WARNING,SCENARIO_ORDER,S75_SL6_TP15,8379,linhas do cenário não estão em ordem crescente de entry_time.
WARNING,SCENARIO_ORDER,S75_SL6_TP15,8381,linhas do cenário não estão em ordem crescente de entry_time.
WARNING,SCENARIO_ORDER,S75_SL6_TP15,8388,linhas do cenário não estão em ordem crescente de entry_time.
WARNING,SCENARIO_ORDER,S75_SL6_TP15,8390,linhas do cenário não estão em ordem crescente de entry_time.
WARNING,SCENARIO_ORDER,S75_SL6_TP15,8393,linhas do cenário não estão em ordem crescente de entry_time.
WARNING,SCENARIO_ORDER,S75_SL6_TP15,8396,linhas do cenário não estão em ordem crescente de entry_time.
WARNING,SCENARIO_ORDER,S75_SL6_TP15,8400,linhas do cenário não estão em ordem crescente de entry_time.
WARNING,SCENARIO_ORDER,S75_SL6_TP15,8403,linhas do cenário não estão em ordem crescente de entry_time.
WARNING,SCENARIO_ORDER,S75_SL6_TP15,8405,linhas do cenário não estão em ordem crescente de entry_time.
WARNING,SCENARIO_ORDER,S75_SL6_TP15,8408,linhas do cenário não estão em ordem crescente de entry_time.
WARNING,SCENARIO_ORDER,S75_SL6_TP15,8413,linhas do cenário não estão em ordem crescente de entry_time.
WARNING,SCENARIO_ORDER,S75_SL6_TP15,8419,linhas do cenário não estão em ordem crescente de entry_time.
WARNING,SCENARIO_ORDER,S75_SL6_TP15,8427,linhas do cenário não estão em ordem crescente de entry_time.
WARNING,SCENARIO_ORDER,S75_SL6_TP15,8428,linhas do cenário não estão em ordem crescente de entry_time.
WARNING,SCENARIO_ORDER,S75_SL6_TP15,8434,linhas do cenário não estão em ordem crescente de entry_time.
WARNING,SCENARIO_ORDER,S75_SL6_TP15,8435,linhas do cenário não estão em ordem crescente de entry_time.
WARNING,SCENARIO_ORDER,S75_SL6_TP15,8438,linhas do cenário não estão em ordem crescente de entry_time.
WARNING,SCENARIO_ORDER,S75_SL6_TP15,8444,linhas do cenário não estão em ordem crescente de entry_time.
WARNING,SCENARIO_ORDER,S75_SL6_TP15,8450,linhas do cenário não estão em ordem crescente de entry_time.
WARNING,SCENARIO_ORDER,S75_SL6_TP15,8453,linhas do cenário não estão em ordem crescente de entry_time.
WARNING,SCENARIO_ORDER,S75_SL6_TP15,8457,linhas do cenário não estão em ordem crescente de entry_time.
WARNING,SCENARIO_ORDER,S75_SL6_TP15,8464,linhas do cenário não estão em ordem crescente de entry_time.
WARNING,SCENARIO_ORDER,S78_SL4_TP8,8486,linhas do cenário não estão em ordem crescente de entry_time.
WARNING,SCENARIO_ORDER,S78_SL4_TP8,8487,linhas do cenário não estão em ordem crescente de entry_time.
WARNING,SCENARIO_ORDER,S78_SL4_TP8,8493,linhas do cenário não estão em ordem crescente de entry_time.
WARNING,SCENARIO_ORDER,S78_SL4_TP8,8500,linhas do cenário não estão em ordem crescente de entry_time.
WARNING,SCENARIO_ORDER,S78_SL4_TP8,8502,linhas do cenário não estão em ordem crescente de entry_time.
WARNING,SCENARIO_ORDER,S78_SL4_TP8,8504,linhas do cenário não estão em ordem crescente de entry_time.
WARNING,SCENARIO_ORDER,S78_SL4_TP8,8507,linhas do cenário não estão em ordem crescente de entry_time.
WARNING,SCENARIO_ORDER,S78_SL4_TP8,8512,linhas do cenário não estão em ordem crescente de entry_time.
WARNING,SCENARIO_ORDER,S78_SL4_TP8,8514,linhas do cenário não estão em ordem crescente de entry_time.
WARNING,SCENARIO_ORDER,S78_SL4_TP8,8520,linhas do cenário não estão em ordem crescente de entry_time.
WARNING,SCENARIO_ORDER,S78_SL4_TP8,8521,linhas do cenário não estão em ordem crescente de entry_time.
WARNING,SCENARIO_ORDER,S78_SL4_TP8,8527,linhas do cenário não estão em ordem crescente de entry_time.
WARNING,SCENARIO_ORDER,S78_SL4_TP8,8534,linhas do cenário não estão em ordem crescente de entry_time.
WARNING,SCENARIO_ORDER,S78_SL4_TP8,8541,linhas do cenário não estão em ordem crescente de entry_time.
WARNING,SCENARIO_ORDER,S78_SL4_TP8,8544,linhas do cenário não estão em ordem crescente de entry_time.
WARNING,SCENARIO_ORDER,S78_SL4_TP8,8548,linhas do cenário não estão em ordem crescente de entry_time.
WARNING,SCENARIO_ORDER,S78_SL4_TP8,8550,linhas do cenário não estão em ordem crescente de entry_time.
WARNING,SCENARIO_ORDER,S78_SL4_TP8,8553,linhas do cenário não estão em ordem crescente de entry_time.
WARNING,SCENARIO_ORDER,S78_SL4_TP8,8555,linhas do cenário não estão em ordem crescente de entry_time.
WARNING,SCENARIO_ORDER,S78_SL4_TP8,8560,linhas do cenário não estão em ordem crescente de entry_time.
WARNING,SCENARIO_ORDER,S78_SL4_TP8,8563,linhas do cenário não estão em ordem crescente de entry_time.
WARNING,SCENARIO_ORDER,S78_SL4_TP8,8565,linhas do cenário não estão em ordem crescente de entry_time.
WARNING,SCENARIO_ORDER,S78_SL4_TP8,8570,linhas do cenário não estão em ordem crescente de entry_time.
WARNING,SCENARIO_ORDER,S78_SL4_TP8,8571,linhas do cenário não estão em ordem crescente de entry_time.
WARNING,SCENARIO_ORDER,S78_SL4_TP8,8581,linhas do cenário não estão em ordem crescente de entry_time.
WARNING,SCENARIO_ORDER,S78_SL4_TP8,8583,linhas do cenário não estão em ordem crescente de entry_time.
WARNING,SCENARIO_ORDER,S78_SL4_TP8,8586,linhas do cenário não estão em ordem crescente de entry_time.
WARNING,SCENARIO_ORDER,S78_SL4_TP8,8588,linhas do cenário não estão em ordem crescente de entry_time.
WARNING,SCENARIO_ORDER,S78_SL4_TP8,8593,linhas do cenário não estão em ordem crescente de entry_time.
WARNING,SCENARIO_ORDER,S78_SL4_TP8,8596,linhas do cenário não estão em ordem crescente de entry_time.
WARNING,SCENARIO_ORDER,S78_SL4_TP8,8598,linhas do cenário não estão em ordem crescente de entry_time.
WARNING,SCENARIO_ORDER,S78_SL4_TP8,8603,linhas do cenário não estão em ordem crescente de entry_time.
WARNING,SCENARIO_ORDER,S78_SL4_TP8,8605,linhas do cenário não estão em ordem crescente de entry_time.
WARNING,SCENARIO_ORDER,S78_SL4_TP8,8607,linhas do cenário não estão em ordem crescente de entry_time.
WARNING,SCENARIO_ORDER,S78_SL4_TP8,8611,linhas do cenário não estão em ordem crescente de entry_time.
WARNING,SCENARIO_ORDER,S78_SL4_TP8,8621,linhas do cenário não estão em ordem crescente de entry_time.
WARNING,SCENARIO_ORDER,S78_SL4_TP8,8624,linhas do cenário não estão em ordem crescente de entry_time.
WARNING,SCENARIO_ORDER,S78_SL4_TP8,8627,linhas do cenário não estão em ordem crescente de entry_time.
WARNING,SCENARIO_ORDER,S78_SL4_TP8,8630,linhas do cenário não estão em ordem crescente de entry_time.
WARNING,SCENARIO_ORDER,S78_SL4_TP8,8634,linhas do cenário não estão em ordem crescente de entry_time.
WARNING,SCENARIO_ORDER,S78_SL4_TP8,8638,linhas do cenário não estão em ordem crescente de entry_time.
WARNING,SCENARIO_ORDER,S78_SL4_TP8,8640,linhas do cenário não estão em ordem crescente de entry_time.
WARNING,SCENARIO_ORDER,S78_SL4_TP8,8644,linhas do cenário não estão em ordem crescente de entry_time.
WARNING,SCENARIO_ORDER,S78_SL4_TP8,8650,linhas do cenário não estão em ordem crescente de entry_time.
WARNING,SCENARIO_ORDER,S78_SL4_TP8,8652,linhas do cenário não estão em ordem crescente de entry_time.
WARNING,SCENARIO_ORDER,S78_SL4_TP8,8653,linhas do cenário não estão em ordem crescente de entry_time.
WARNING,SCENARIO_ORDER,S78_SL4_TP8,8655,linhas do cenário não estão em ordem crescente de entry_time.
WARNING,SCENARIO_ORDER,S78_SL4_TP8,8658,linhas do cenário não estão em ordem crescente de entry_time.
WARNING,SCENARIO_ORDER,S78_SL4_TP8,8661,linhas do cenário não estão em ordem crescente de entry_time.
WARNING,SCENARIO_ORDER,S78_SL4_TP8,8667,linhas do cenário não estão em ordem crescente de entry_time.
WARNING,SCENARIO_ORDER,S78_SL4_TP8,8671,linhas do cenário não estão em ordem crescente de entry_time.
WARNING,SCENARIO_ORDER,S78_SL4_TP8,8682,linhas do cenário não estão em ordem crescente de entry_time.
WARNING,SCENARIO_ORDER,S78_SL4_TP8,8684,linhas do cenário não estão em ordem crescente de entry_time.
WARNING,SCENARIO_ORDER,S78_SL4_TP8,8687,linhas do cenário não estão em ordem crescente de entry_time.
WARNING,SCENARIO_ORDER,S78_SL4_TP8,8694,linhas do cenário não estão em ordem crescente de entry_time.
WARNING,SCENARIO_ORDER,S78_SL4_TP8,8697,linhas do cenário não estão em ordem crescente de entry_time.
WARNING,SCENARIO_ORDER,S78_SL4_TP8,8699,linhas do cenário não estão em ordem crescente de entry_time.
WARNING,SCENARIO_ORDER,S78_SL4_TP8,8705,linhas do cenário não estão em ordem crescente de entry_time.
WARNING,SCENARIO_ORDER,S78_SL4_TP8,8707,linhas do cenário não estão em ordem crescente de entry_time.
WARNING,SCENARIO_ORDER,S78_SL4_TP8,8710,linhas do cenário não estão em ordem crescente de entry_time.
WARNING,SCENARIO_ORDER,S78_SL4_TP8,8714,linhas do cenário não estão em ordem crescente de entry_time.
WARNING,SCENARIO_ORDER,S78_SL4_TP8,8718,linhas do cenário não estão em ordem crescente de entry_time.
WARNING,SCENARIO_ORDER,S78_SL4_TP8,8720,linhas do cenário não estão em ordem crescente de entry_time.
WARNING,SCENARIO_ORDER,S78_SL4_TP8,8723,linhas do cenário não estão em ordem crescente de entry_time.
WARNING,SCENARIO_ORDER,S78_SL4_TP8,8725,linhas do cenário não estão em ordem crescente de entry_time.
WARNING,SCENARIO_ORDER,S78_SL4_TP8,8728,linhas do cenário não estão em ordem crescente de entry_time.
WARNING,SCENARIO_ORDER,S78_SL4_TP8,8731,linhas do cenário não estão em ordem crescente de entry_time.
WARNING,SCENARIO_ORDER,S78_SL4_TP8,8735,linhas do cenário não estão em ordem crescente de entry_time.
WARNING,SCENARIO_ORDER,S78_SL4_TP8,8736,linhas do cenário não estão em ordem crescente de entry_time.
WARNING,SCENARIO_ORDER,S78_SL4_TP8,8741,linhas do cenário não estão em ordem crescente de entry_time.
WARNING,SCENARIO_ORDER,S78_SL4_TP8,8744,linhas do cenário não estão em ordem crescente de entry_time.
WARNING,SCENARIO_ORDER,S78_SL4_TP8,8746,linhas do cenário não estão em ordem crescente de entry_time.
WARNING,SCENARIO_ORDER,S78_SL4_TP8,8748,linhas do cenário não estão em ordem crescente de entry_time.
WARNING,SCENARIO_ORDER,S78_SL4_TP8,8749,linhas do cenário não estão em ordem crescente de entry_time.
WARNING,SCENARIO_ORDER,S78_SL4_TP8,8751,linhas do cenário não estão em ordem crescente de entry_time.
WARNING,SCENARIO_ORDER,S78_SL4_TP8,8754,linhas do cenário não estão em ordem crescente de entry_time.
WARNING,SCENARIO_ORDER,S78_SL4_TP8,8758,linhas do cenário não estão em ordem crescente de entry_time.
WARNING,SCENARIO_ORDER,S78_SL4_TP8,8759,linhas do cenário não estão em ordem crescente de entry_time.
WARNING,SCENARIO_ORDER,S78_SL4_TP8,8760,linhas do cenário não estão em ordem crescente de entry_time.
WARNING,SCENARIO_ORDER,S78_SL4_TP8,8762,linhas do cenário não estão em ordem crescente de entry_time.
WARNING,SCENARIO_ORDER,S78_SL4_TP8,8763,linhas do cenário não estão em ordem crescente de entry_time.
WARNING,SCENARIO_ORDER,S78_SL4_TP8,8765,linhas do cenário não estão em ordem crescente de entry_time.
WARNING,SCENARIO_ORDER,S78_SL4_TP8,8769,linhas do cenário não estão em ordem crescente de entry_time.
WARNING,SCENARIO_ORDER,S78_SL4_TP8,8772,linhas do cenário não estão em ordem crescente de entry_time.
WARNING,SCENARIO_ORDER,S78_SL4_TP8,8778,linhas do cenário não estão em ordem crescente de entry_time.
WARNING,SCENARIO_ORDER,S78_SL4_TP8,8782,linhas do cenário não estão em ordem crescente de entry_time.
WARNING,SCENARIO_ORDER,S78_SL4_TP8,8784,linhas do cenário não estão em ordem crescente de entry_time.
WARNING,SCENARIO_ORDER,S78_SL4_TP10,8798,linhas do cenário não estão em ordem crescente de entry_time.
WARNING,SCENARIO_ORDER,S78_SL4_TP10,8799,linhas do cenário não estão em ordem crescente de entry_time.
WARNING,SCENARIO_ORDER,S78_SL4_TP10,8806,linhas do cenário não estão em ordem crescente de entry_time.
WARNING,SCENARIO_ORDER,S78_SL4_TP10,8813,linhas do cenário não estão em ordem crescente de entry_time.
WARNING,SCENARIO_ORDER,S78_SL4_TP10,8816,linhas do cenário não estão em ordem crescente de entry_time.
WARNING,SCENARIO_ORDER,S78_SL4_TP10,8819,linhas do cenário não estão em ordem crescente de entry_time.
WARNING,SCENARIO_ORDER,S78_SL4_TP10,8827,linhas do cenário não estão em ordem crescente de entry_time.
WARNING,SCENARIO_ORDER,S78_SL4_TP10,8833,linhas do cenário não estão em ordem crescente de entry_time.
WARNING,SCENARIO_ORDER,S78_SL4_TP10,8835,linhas do cenário não estão em ordem crescente de entry_time.
WARNING,SCENARIO_ORDER,S78_SL4_TP10,8840,linhas do cenário não estão em ordem crescente de entry_time.
WARNING,SCENARIO_ORDER,S78_SL4_TP10,8845,linhas do cenário não estão em ordem crescente de entry_time.
WARNING,SCENARIO_ORDER,S78_SL4_TP10,8847,linhas do cenário não estão em ordem crescente de entry_time.
WARNING,SCENARIO_ORDER,S78_SL4_TP10,8852,linhas do cenário não estão em ordem crescente de entry_time.
WARNING,SCENARIO_ORDER,S78_SL4_TP10,8857,linhas do cenário não estão em ordem crescente de entry_time.
WARNING,SCENARIO_ORDER,S78_SL4_TP10,8863,linhas do cenário não estão em ordem crescente de entry_time.
WARNING,SCENARIO_ORDER,S78_SL4_TP10,8865,linhas do cenário não estão em ordem crescente de entry_time.
WARNING,SCENARIO_ORDER,S78_SL4_TP10,8868,linhas do cenário não estão em ordem crescente de entry_time.
WARNING,SCENARIO_ORDER,S78_SL4_TP10,8871,linhas do cenário não estão em ordem crescente de entry_time.
WARNING,SCENARIO_ORDER,S78_SL4_TP10,8873,linhas do cenário não estão em ordem crescente de entry_time.
WARNING,SCENARIO_ORDER,S78_SL4_TP10,8875,linhas do cenário não estão em ordem crescente de entry_time.
WARNING,SCENARIO_ORDER,S78_SL4_TP10,8879,linhas do cenário não estão em ordem crescente de entry_time.
WARNING,SCENARIO_ORDER,S78_SL4_TP10,8881,linhas do cenário não estão em ordem crescente de entry_time.
WARNING,SCENARIO_ORDER,S78_SL4_TP10,8886,linhas do cenário não estão em ordem crescente de entry_time.
WARNING,SCENARIO_ORDER,S78_SL4_TP10,8891,linhas do cenário não estão em ordem crescente de entry_time.
WARNING,SCENARIO_ORDER,S78_SL4_TP10,8894,linhas do cenário não estão em ordem crescente de entry_time.
WARNING,SCENARIO_ORDER,S78_SL4_TP10,8900,linhas do cenário não estão em ordem crescente de entry_time.
WARNING,SCENARIO_ORDER,S78_SL4_TP10,8901,linhas do cenário não estão em ordem crescente de entry_time.
WARNING,SCENARIO_ORDER,S78_SL4_TP10,8905,linhas do cenário não estão em ordem crescente de entry_time.
WARNING,SCENARIO_ORDER,S78_SL4_TP10,8908,linhas do cenário não estão em ordem crescente de entry_time.
WARNING,SCENARIO_ORDER,S78_SL4_TP10,8912,linhas do cenário não estão em ordem crescente de entry_time.
WARNING,SCENARIO_ORDER,S78_SL4_TP10,8913,linhas do cenário não estão em ordem crescente de entry_time.
WARNING,SCENARIO_ORDER,S78_SL4_TP10,8918,linhas do cenário não estão em ordem crescente de entry_time.
WARNING,SCENARIO_ORDER,S78_SL4_TP10,8924,linhas do cenário não estão em ordem crescente de entry_time.
WARNING,SCENARIO_ORDER,S78_SL4_TP10,8926,linhas do cenário não estão em ordem crescente de entry_time.
WARNING,SCENARIO_ORDER,S78_SL4_TP10,8930,linhas do cenário não estão em ordem crescente de entry_time.
WARNING,SCENARIO_ORDER,S78_SL4_TP10,8937,linhas do cenário não estão em ordem crescente de entry_time.
WARNING,SCENARIO_ORDER,S78_SL4_TP10,8940,linhas do cenário não estão em ordem crescente de entry_time.
WARNING,SCENARIO_ORDER,S78_SL4_TP10,8944,linhas do cenário não estão em ordem crescente de entry_time.
WARNING,SCENARIO_ORDER,S78_SL4_TP10,8948,linhas do cenário não estão em ordem crescente de entry_time.
WARNING,SCENARIO_ORDER,S78_SL4_TP10,8950,linhas do cenário não estão em ordem crescente de entry_time.
WARNING,SCENARIO_ORDER,S78_SL4_TP10,8959,linhas do cenário não estão em ordem crescente de entry_time.
WARNING,SCENARIO_ORDER,S78_SL4_TP10,8960,linhas do cenário não estão em ordem crescente de entry_time.
WARNING,SCENARIO_ORDER,S78_SL4_TP10,8965,linhas do cenário não estão em ordem crescente de entry_time.
WARNING,SCENARIO_ORDER,S78_SL4_TP10,8969,linhas do cenário não estão em ordem crescente de entry_time.
WARNING,SCENARIO_ORDER,S78_SL4_TP10,8971,linhas do cenário não estão em ordem crescente de entry_time.
WARNING,SCENARIO_ORDER,S78_SL4_TP10,8975,linhas do cenário não estão em ordem crescente de entry_time.
WARNING,SCENARIO_ORDER,S78_SL4_TP10,8978,linhas do cenário não estão em ordem crescente de entry_time.
WARNING,SCENARIO_ORDER,S78_SL4_TP10,8989,linhas do cenário não estão em ordem crescente de entry_time.
WARNING,SCENARIO_ORDER,S78_SL4_TP10,8992,linhas do cenário não estão em ordem crescente de entry_time.
WARNING,SCENARIO_ORDER,S78_SL4_TP10,9003,linhas do cenário não estão em ordem crescente de entry_time.
WARNING,SCENARIO_ORDER,S78_SL4_TP10,9008,linhas do cenário não estão em ordem crescente de entry_time.
WARNING,SCENARIO_ORDER,S78_SL4_TP10,9009,linhas do cenário não estão em ordem crescente de entry_time.
WARNING,SCENARIO_ORDER,S78_SL4_TP10,9013,linhas do cenário não estão em ordem crescente de entry_time.
WARNING,SCENARIO_ORDER,S78_SL4_TP10,9015,linhas do cenário não estão em ordem crescente de entry_time.
WARNING,SCENARIO_ORDER,S78_SL4_TP10,9017,linhas do cenário não estão em ordem crescente de entry_time.
WARNING,SCENARIO_ORDER,S78_SL4_TP10,9026,linhas do cenário não estão em ordem crescente de entry_time.
WARNING,SCENARIO_ORDER,S78_SL4_TP10,9031,linhas do cenário não estão em ordem crescente de entry_time.
WARNING,SCENARIO_ORDER,S78_SL4_TP10,9033,linhas do cenário não estão em ordem crescente de entry_time.
WARNING,SCENARIO_ORDER,S78_SL4_TP10,9037,linhas do cenário não estão em ordem crescente de entry_time.
WARNING,SCENARIO_ORDER,S78_SL4_TP10,9041,linhas do cenário não estão em ordem crescente de entry_time.
WARNING,SCENARIO_ORDER,S78_SL4_TP10,9042,linhas do cenário não estão em ordem crescente de entry_time.
WARNING,SCENARIO_ORDER,S78_SL4_TP10,9045,linhas do cenário não estão em ordem crescente de entry_time.
WARNING,SCENARIO_ORDER,S78_SL4_TP10,9055,linhas do cenário não estão em ordem crescente de entry_time.
WARNING,SCENARIO_ORDER,S78_SL4_TP10,9061,linhas do cenário não estão em ordem crescente de entry_time.
WARNING,SCENARIO_ORDER,S78_SL4_TP10,9062,linhas do cenário não estão em ordem crescente de entry_time.
WARNING,SCENARIO_ORDER,S78_SL4_TP10,9064,linhas do cenário não estão em ordem crescente de entry_time.
WARNING,SCENARIO_ORDER,S78_SL4_TP10,9074,linhas do cenário não estão em ordem crescente de entry_time.
WARNING,SCENARIO_ORDER,S78_SL4_TP10,9078,linhas do cenário não estão em ordem crescente de entry_time.
WARNING,SCENARIO_ORDER,S78_SL4_TP10,9079,linhas do cenário não estão em ordem crescente de entry_time.
WARNING,SCENARIO_ORDER,S78_SL4_TP10,9082,linhas do cenário não estão em ordem crescente de entry_time.
WARNING,SCENARIO_ORDER,S78_SL4_TP10,9086,linhas do cenário não estão em ordem crescente de entry_time.
WARNING,SCENARIO_ORDER,S78_SL4_TP12,9099,linhas do cenário não estão em ordem crescente de entry_time.
WARNING,SCENARIO_ORDER,S78_SL4_TP12,9100,linhas do cenário não estão em ordem crescente de entry_time.
WARNING,SCENARIO_ORDER,S78_SL4_TP12,9107,linhas do cenário não estão em ordem crescente de entry_time.
WARNING,SCENARIO_ORDER,S78_SL4_TP12,9114,linhas do cenário não estão em ordem crescente de entry_time.
WARNING,SCENARIO_ORDER,S78_SL4_TP12,9120,linhas do cenário não estão em ordem crescente de entry_time.
WARNING,SCENARIO_ORDER,S78_SL4_TP12,9127,linhas do cenário não estão em ordem crescente de entry_time.
WARNING,SCENARIO_ORDER,S78_SL4_TP12,9134,linhas do cenário não estão em ordem crescente de entry_time.
WARNING,SCENARIO_ORDER,S78_SL4_TP12,9136,linhas do cenário não estão em ordem crescente de entry_time.
WARNING,SCENARIO_ORDER,S78_SL4_TP12,9138,linhas do cenário não estão em ordem crescente de entry_time.
WARNING,SCENARIO_ORDER,S78_SL4_TP12,9142,linhas do cenário não estão em ordem crescente de entry_time.
WARNING,SCENARIO_ORDER,S78_SL4_TP12,9146,linhas do cenário não estão em ordem crescente de entry_time.
WARNING,SCENARIO_ORDER,S78_SL4_TP12,9148,linhas do cenário não estão em ordem crescente de entry_time.
WARNING,SCENARIO_ORDER,S78_SL4_TP12,9152,linhas do cenário não estão em ordem crescente de entry_time.
WARNING,SCENARIO_ORDER,S78_SL4_TP12,9154,linhas do cenário não estão em ordem crescente de entry_time.
WARNING,SCENARIO_ORDER,S78_SL4_TP12,9157,linhas do cenário não estão em ordem crescente de entry_time.
WARNING,SCENARIO_ORDER,S78_SL4_TP12,9160,linhas do cenário não estão em ordem crescente de entry_time.
WARNING,SCENARIO_ORDER,S78_SL4_TP12,9164,linhas do cenário não estão em ordem crescente de entry_time.
WARNING,SCENARIO_ORDER,S78_SL4_TP12,9167,linhas do cenário não estão em ordem crescente de entry_time.
WARNING,SCENARIO_ORDER,S78_SL4_TP12,9168,linhas do cenário não estão em ordem crescente de entry_time.
WARNING,SCENARIO_ORDER,S78_SL4_TP12,9172,linhas do cenário não estão em ordem crescente de entry_time.
WARNING,SCENARIO_ORDER,S78_SL4_TP12,9174,linhas do cenário não estão em ordem crescente de entry_time.
WARNING,SCENARIO_ORDER,S78_SL4_TP12,9176,linhas do cenário não estão em ordem crescente de entry_time.
WARNING,SCENARIO_ORDER,S78_SL4_TP12,9178,linhas do cenário não estão em ordem crescente de entry_time.
WARNING,SCENARIO_ORDER,S78_SL4_TP12,9182,linhas do cenário não estão em ordem crescente de entry_time.
WARNING,SCENARIO_ORDER,S78_SL4_TP12,9184,linhas do cenário não estão em ordem crescente de entry_time.
WARNING,SCENARIO_ORDER,S78_SL4_TP12,9187,linhas do cenário não estão em ordem crescente de entry_time.
WARNING,SCENARIO_ORDER,S78_SL4_TP12,9197,linhas do cenário não estão em ordem crescente de entry_time.
WARNING,SCENARIO_ORDER,S78_SL4_TP12,9204,linhas do cenário não estão em ordem crescente de entry_time.
WARNING,SCENARIO_ORDER,S78_SL4_TP12,9207,linhas do cenário não estão em ordem crescente de entry_time.
WARNING,SCENARIO_ORDER,S78_SL4_TP12,9210,linhas do cenário não estão em ordem crescente de entry_time.
WARNING,SCENARIO_ORDER,S78_SL4_TP12,9212,linhas do cenário não estão em ordem crescente de entry_time.
WARNING,SCENARIO_ORDER,S78_SL4_TP12,9215,linhas do cenário não estão em ordem crescente de entry_time.
WARNING,SCENARIO_ORDER,S78_SL4_TP12,9217,linhas do cenário não estão em ordem crescente de entry_time.
WARNING,SCENARIO_ORDER,S78_SL4_TP12,9219,linhas do cenário não estão em ordem crescente de entry_time.
WARNING,SCENARIO_ORDER,S78_SL4_TP12,9221,linhas do cenário não estão em ordem crescente de entry_time.
WARNING,SCENARIO_ORDER,S78_SL4_TP12,9226,linhas do cenário não estão em ordem crescente de entry_time.
WARNING,SCENARIO_ORDER,S78_SL4_TP12,9232,linhas do cenário não estão em ordem crescente de entry_time.
WARNING,SCENARIO_ORDER,S78_SL4_TP12,9235,linhas do cenário não estão em ordem crescente de entry_time.
WARNING,SCENARIO_ORDER,S78_SL4_TP12,9246,linhas do cenário não estão em ordem crescente de entry_time.
WARNING,SCENARIO_ORDER,S78_SL4_TP12,9249,linhas do cenário não estão em ordem crescente de entry_time.
WARNING,SCENARIO_ORDER,S78_SL4_TP12,9252,linhas do cenário não estão em ordem crescente de entry_time.
WARNING,SCENARIO_ORDER,S78_SL4_TP12,9258,linhas do cenário não estão em ordem crescente de entry_time.
WARNING,SCENARIO_ORDER,S78_SL4_TP12,9261,linhas do cenário não estão em ordem crescente de entry_time.
WARNING,SCENARIO_ORDER,S78_SL4_TP12,9262,linhas do cenário não estão em ordem crescente de entry_time.
WARNING,SCENARIO_ORDER,S78_SL4_TP12,9264,linhas do cenário não estão em ordem crescente de entry_time.
WARNING,SCENARIO_ORDER,S78_SL4_TP12,9276,linhas do cenário não estão em ordem crescente de entry_time.
WARNING,SCENARIO_ORDER,S78_SL4_TP12,9277,linhas do cenário não estão em ordem crescente de entry_time.
WARNING,SCENARIO_ORDER,S78_SL4_TP12,9285,linhas do cenário não estão em ordem crescente de entry_time.
WARNING,SCENARIO_ORDER,S78_SL4_TP12,9290,linhas do cenário não estão em ordem crescente de entry_time.
WARNING,SCENARIO_ORDER,S78_SL4_TP12,9291,linhas do cenário não estão em ordem crescente de entry_time.
WARNING,SCENARIO_ORDER,S78_SL4_TP12,9294,linhas do cenário não estão em ordem crescente de entry_time.
WARNING,SCENARIO_ORDER,S78_SL4_TP12,9300,linhas do cenário não estão em ordem crescente de entry_time.
WARNING,SCENARIO_ORDER,S78_SL4_TP12,9302,linhas do cenário não estão em ordem crescente de entry_time.
WARNING,SCENARIO_ORDER,S78_SL4_TP12,9304,linhas do cenário não estão em ordem crescente de entry_time.
WARNING,SCENARIO_ORDER,S78_SL4_TP12,9309,linhas do cenário não estão em ordem crescente de entry_time.
WARNING,SCENARIO_ORDER,S78_SL4_TP12,9312,linhas do cenário não estão em ordem crescente de entry_time.
WARNING,SCENARIO_ORDER,S78_SL4_TP12,9315,linhas do cenário não estão em ordem crescente de entry_time.
WARNING,SCENARIO_ORDER,S78_SL4_TP12,9318,linhas do cenário não estão em ordem crescente de entry_time.
WARNING,SCENARIO_ORDER,S78_SL4_TP12,9322,linhas do cenário não estão em ordem crescente de entry_time.
WARNING,SCENARIO_ORDER,S78_SL4_TP12,9323,linhas do cenário não estão em ordem crescente de entry_time.
WARNING,SCENARIO_ORDER,S78_SL4_TP12,9327,linhas do cenário não estão em ordem crescente de entry_time.
WARNING,SCENARIO_ORDER,S78_SL4_TP12,9329,linhas do cenário não estão em ordem crescente de entry_time.
WARNING,SCENARIO_ORDER,S78_SL4_TP12,9331,linhas do cenário não estão em ordem crescente de entry_time.
WARNING,SCENARIO_ORDER,S78_SL4_TP12,9332,linhas do cenário não estão em ordem crescente de entry_time.
WARNING,SCENARIO_ORDER,S78_SL4_TP12,9336,linhas do cenário não estão em ordem crescente de entry_time.
WARNING,SCENARIO_ORDER,S78_SL4_TP12,9339,linhas do cenário não estão em ordem crescente de entry_time.
WARNING,SCENARIO_ORDER,S78_SL4_TP12,9343,linhas do cenário não estão em ordem crescente de entry_time.
WARNING,SCENARIO_ORDER,S78_SL4_TP12,9347,linhas do cenário não estão em ordem crescente de entry_time.
WARNING,SCENARIO_ORDER,S78_SL4_TP12,9351,linhas do cenário não estão em ordem crescente de entry_time.
WARNING,SCENARIO_ORDER,S78_SL4_TP12,9355,linhas do cenário não estão em ordem crescente de entry_time.
WARNING,SCENARIO_ORDER,S78_SL4_TP12,9359,linhas do cenário não estão em ordem crescente de entry_time.
WARNING,SCENARIO_ORDER,S78_SL4_TP12,9362,linhas do cenário não estão em ordem crescente de entry_time.
WARNING,SCENARIO_ORDER,S78_SL4_TP12,9364,linhas do cenário não estão em ordem crescente de entry_time.
WARNING,SCENARIO_ORDER,S78_SL4_TP12,9366,linhas do cenário não estão em ordem crescente de entry_time.
WARNING,SCENARIO_ORDER,S78_SL4_TP12,9368,linhas do cenário não estão em ordem crescente de entry_time.
WARNING,SCENARIO_ORDER,S78_SL4_TP12,9370,linhas do cenário não estão em ordem crescente de entry_time.
WARNING,SCENARIO_ORDER,S78_SL4_TP12,9372,linhas do cenário não estão em ordem crescente de entry_time.
WARNING,SCENARIO_ORDER,S78_SL4_TP12,9375,linhas do cenário não estão em ordem crescente de entry_time.
WARNING,SCENARIO_ORDER,S78_SL4_TP12,9380,linhas do cenário não estão em ordem crescente de entry_time.
WARNING,SCENARIO_ORDER,S78_SL4_TP12,9382,linhas do cenário não estão em ordem crescente de entry_time.
WARNING,SCENARIO_ORDER,S78_SL4_TP12,9386,linhas do cenário não estão em ordem crescente de entry_time.
WARNING,SCENARIO_ORDER,S78_SL4_TP15,9399,linhas do cenário não estão em ordem crescente de entry_time.
WARNING,SCENARIO_ORDER,S78_SL4_TP15,9400,linhas do cenário não estão em ordem crescente de entry_time.
WARNING,SCENARIO_ORDER,S78_SL4_TP15,9407,linhas do cenário não estão em ordem crescente de entry_time.
WARNING,SCENARIO_ORDER,S78_SL4_TP15,9414,linhas do cenário não estão em ordem crescente de entry_time.
WARNING,SCENARIO_ORDER,S78_SL4_TP15,9419,linhas do cenário não estão em ordem crescente de entry_time.
WARNING,SCENARIO_ORDER,S78_SL4_TP15,9426,linhas do cenário não estão em ordem crescente de entry_time.
WARNING,SCENARIO_ORDER,S78_SL4_TP15,9433,linhas do cenário não estão em ordem crescente de entry_time.
WARNING,SCENARIO_ORDER,S78_SL4_TP15,9436,linhas do cenário não estão em ordem crescente de entry_time.
WARNING,SCENARIO_ORDER,S78_SL4_TP15,9440,linhas do cenário não estão em ordem crescente de entry_time.
WARNING,SCENARIO_ORDER,S78_SL4_TP15,9446,linhas do cenário não estão em ordem crescente de entry_time.
WARNING,SCENARIO_ORDER,S78_SL4_TP15,9450,linhas do cenário não estão em ordem crescente de entry_time.
WARNING,SCENARIO_ORDER,S78_SL4_TP15,9452,linhas do cenário não estão em ordem crescente de entry_time.
WARNING,SCENARIO_ORDER,S78_SL4_TP15,9456,linhas do cenário não estão em ordem crescente de entry_time.
WARNING,SCENARIO_ORDER,S78_SL4_TP15,9459,linhas do cenário não estão em ordem crescente de entry_time.
WARNING,SCENARIO_ORDER,S78_SL4_TP15,9462,linhas do cenário não estão em ordem crescente de entry_time.
WARNING,SCENARIO_ORDER,S78_SL4_TP15,9463,linhas do cenário não estão em ordem crescente de entry_time.
WARNING,SCENARIO_ORDER,S78_SL4_TP15,9467,linhas do cenário não estão em ordem crescente de entry_time.
WARNING,SCENARIO_ORDER,S78_SL4_TP15,9468,linhas do cenário não estão em ordem crescente de entry_time.
WARNING,SCENARIO_ORDER,S78_SL4_TP15,9470,linhas do cenário não estão em ordem crescente de entry_time.
WARNING,SCENARIO_ORDER,S78_SL4_TP15,9477,linhas do cenário não estão em ordem crescente de entry_time.
WARNING,SCENARIO_ORDER,S78_SL4_TP15,9479,linhas do cenário não estão em ordem crescente de entry_time.
WARNING,SCENARIO_ORDER,S78_SL4_TP15,9484,linhas do cenário não estão em ordem crescente de entry_time.
WARNING,SCENARIO_ORDER,S78_SL4_TP15,9490,linhas do cenário não estão em ordem crescente de entry_time.
WARNING,SCENARIO_ORDER,S78_SL4_TP15,9498,linhas do cenário não estão em ordem crescente de entry_time.
WARNING,SCENARIO_ORDER,S78_SL4_TP15,9500,linhas do cenário não estão em ordem crescente de entry_time.
WARNING,SCENARIO_ORDER,S78_SL4_TP15,9502,linhas do cenário não estão em ordem crescente de entry_time.
WARNING,SCENARIO_ORDER,S78_SL4_TP15,9504,linhas do cenário não estão em ordem crescente de entry_time.
WARNING,SCENARIO_ORDER,S78_SL4_TP15,9508,linhas do cenário não estão em ordem crescente de entry_time.
WARNING,SCENARIO_ORDER,S78_SL4_TP15,9510,linhas do cenário não estão em ordem crescente de entry_time.
WARNING,SCENARIO_ORDER,S78_SL4_TP15,9512,linhas do cenário não estão em ordem crescente de entry_time.
WARNING,SCENARIO_ORDER,S78_SL4_TP15,9518,linhas do cenário não estão em ordem crescente de entry_time.
WARNING,SCENARIO_ORDER,S78_SL4_TP15,9525,linhas do cenário não estão em ordem crescente de entry_time.
WARNING,SCENARIO_ORDER,S78_SL4_TP15,9531,linhas do cenário não estão em ordem crescente de entry_time.
WARNING,SCENARIO_ORDER,S78_SL4_TP15,9541,linhas do cenário não estão em ordem crescente de entry_time.
WARNING,SCENARIO_ORDER,S78_SL4_TP15,9549,linhas do cenário não estão em ordem crescente de entry_time.
WARNING,SCENARIO_ORDER,S78_SL4_TP15,9550,linhas do cenário não estão em ordem crescente de entry_time.
WARNING,SCENARIO_ORDER,S78_SL4_TP15,9553,linhas do cenário não estão em ordem crescente de entry_time.
WARNING,SCENARIO_ORDER,S78_SL4_TP15,9555,linhas do cenário não estão em ordem crescente de entry_time.
WARNING,SCENARIO_ORDER,S78_SL4_TP15,9558,linhas do cenário não estão em ordem crescente de entry_time.
WARNING,SCENARIO_ORDER,S78_SL4_TP15,9562,linhas do cenário não estão em ordem crescente de entry_time.
WARNING,SCENARIO_ORDER,S78_SL4_TP15,9565,linhas do cenário não estão em ordem crescente de entry_time.
WARNING,SCENARIO_ORDER,S78_SL4_TP15,9567,linhas do cenário não estão em ordem crescente de entry_time.
WARNING,SCENARIO_ORDER,S78_SL4_TP15,9569,linhas do cenário não estão em ordem crescente de entry_time.
WARNING,SCENARIO_ORDER,S78_SL4_TP15,9581,linhas do cenário não estão em ordem crescente de entry_time.
WARNING,SCENARIO_ORDER,S78_SL4_TP15,9582,linhas do cenário não estão em ordem crescente de entry_time.
WARNING,SCENARIO_ORDER,S78_SL4_TP15,9584,linhas do cenário não estão em ordem crescente de entry_time.
WARNING,SCENARIO_ORDER,S78_SL4_TP15,9589,linhas do cenário não estão em ordem crescente de entry_time.
WARNING,SCENARIO_ORDER,S78_SL4_TP15,9595,linhas do cenário não estão em ordem crescente de entry_time.
WARNING,SCENARIO_ORDER,S78_SL4_TP15,9598,linhas do cenário não estão em ordem crescente de entry_time.
WARNING,SCENARIO_ORDER,S78_SL4_TP15,9601,linhas do cenário não estão em ordem crescente de entry_time.
WARNING,SCENARIO_ORDER,S78_SL4_TP15,9604,linhas do cenário não estão em ordem crescente de entry_time.
WARNING,SCENARIO_ORDER,S78_SL4_TP15,9607,linhas do cenário não estão em ordem crescente de entry_time.
WARNING,SCENARIO_ORDER,S78_SL4_TP15,9614,linhas do cenário não estão em ordem crescente de entry_time.
WARNING,SCENARIO_ORDER,S78_SL4_TP15,9618,linhas do cenário não estão em ordem crescente de entry_time.
WARNING,SCENARIO_ORDER,S78_SL4_TP15,9621,linhas do cenário não estão em ordem crescente de entry_time.
WARNING,SCENARIO_ORDER,S78_SL4_TP15,9623,linhas do cenário não estão em ordem crescente de entry_time.
WARNING,SCENARIO_ORDER,S78_SL4_TP15,9626,linhas do cenário não estão em ordem crescente de entry_time.
WARNING,SCENARIO_ORDER,S78_SL4_TP15,9629,linhas do cenário não estão em ordem crescente de entry_time.
WARNING,SCENARIO_ORDER,S78_SL4_TP15,9635,linhas do cenário não estão em ordem crescente de entry_time.
WARNING,SCENARIO_ORDER,S78_SL4_TP15,9637,linhas do cenário não estão em ordem crescente de entry_time.
WARNING,SCENARIO_ORDER,S78_SL4_TP15,9641,linhas do cenário não estão em ordem crescente de entry_time.
WARNING,SCENARIO_ORDER,S78_SL4_TP15,9643,linhas do cenário não estão em ordem crescente de entry_time.
WARNING,SCENARIO_ORDER,S78_SL4_TP15,9645,linhas do cenário não estão em ordem crescente de entry_time.
WARNING,SCENARIO_ORDER,S78_SL4_TP15,9652,linhas do cenário não estão em ordem crescente de entry_time.
WARNING,SCENARIO_ORDER,S78_SL4_TP15,9654,linhas do cenário não estão em ordem crescente de entry_time.
WARNING,SCENARIO_ORDER,S78_SL4_TP15,9655,linhas do cenário não estão em ordem crescente de entry_time.
WARNING,SCENARIO_ORDER,S78_SL4_TP15,9657,linhas do cenário não estão em ordem crescente de entry_time.
WARNING,SCENARIO_ORDER,S78_SL4_TP15,9669,linhas do cenário não estão em ordem crescente de entry_time.
WARNING,SCENARIO_ORDER,S78_SL4_TP15,9671,linhas do cenário não estão em ordem crescente de entry_time.
WARNING,SCENARIO_ORDER,S78_SL4_TP15,9675,linhas do cenário não estão em ordem crescente de entry_time.
WARNING,SCENARIO_ORDER,S78_SL5_TP8,9690,linhas do cenário não estão em ordem crescente de entry_time.
WARNING,SCENARIO_ORDER,S78_SL5_TP8,9691,linhas do cenário não estão em ordem crescente de entry_time.
WARNING,SCENARIO_ORDER,S78_SL5_TP8,9706,linhas do cenário não estão em ordem crescente de entry_time.
WARNING,SCENARIO_ORDER,S78_SL5_TP8,9714,linhas do cenário não estão em ordem crescente de entry_time.
WARNING,SCENARIO_ORDER,S78_SL5_TP8,9730,linhas do cenário não estão em ordem crescente de entry_time.
WARNING,SCENARIO_ORDER,S78_SL5_TP8,9732,linhas do cenário não estão em ordem crescente de entry_time.
WARNING,SCENARIO_ORDER,S78_SL5_TP8,9735,linhas do cenário não estão em ordem crescente de entry_time.
WARNING,SCENARIO_ORDER,S78_SL5_TP8,9738,linhas do cenário não estão em ordem crescente de entry_time.
WARNING,SCENARIO_ORDER,S78_SL5_TP8,9742,linhas do cenário não estão em ordem crescente de entry_time.
WARNING,SCENARIO_ORDER,S78_SL5_TP8,9745,linhas do cenário não estão em ordem crescente de entry_time.
WARNING,SCENARIO_ORDER,S78_SL5_TP8,9749,linhas do cenário não estão em ordem crescente de entry_time.
WARNING,SCENARIO_ORDER,S78_SL5_TP8,9752,linhas do cenário não estão em ordem crescente de entry_time.
WARNING,SCENARIO_ORDER,S78_SL5_TP8,9757,linhas do cenário não estão em ordem crescente de entry_time.
WARNING,SCENARIO_ORDER,S78_SL5_TP8,9759,linhas do cenário não estão em ordem crescente de entry_time.
WARNING,SCENARIO_ORDER,S78_SL5_TP8,9761,linhas do cenário não estão em ordem crescente de entry_time.
WARNING,SCENARIO_ORDER,S78_SL5_TP8,9764,linhas do cenário não estão em ordem crescente de entry_time.
WARNING,SCENARIO_ORDER,S78_SL5_TP8,9767,linhas do cenário não estão em ordem crescente de entry_time.
WARNING,SCENARIO_ORDER,S78_SL5_TP8,9774,linhas do cenário não estão em ordem crescente de entry_time.
WARNING,SCENARIO_ORDER,S78_SL5_TP8,9778,linhas do cenário não estão em ordem crescente de entry_time.
WARNING,SCENARIO_ORDER,S78_SL5_TP8,9787,linhas do cenário não estão em ordem crescente de entry_time.
WARNING,SCENARIO_ORDER,S78_SL5_TP8,9789,linhas do cenário não estão em ordem crescente de entry_time.
WARNING,SCENARIO_ORDER,S78_SL5_TP8,9793,linhas do cenário não estão em ordem crescente de entry_time.
WARNING,SCENARIO_ORDER,S78_SL5_TP8,9795,linhas do cenário não estão em ordem crescente de entry_time.
WARNING,SCENARIO_ORDER,S78_SL5_TP8,9803,linhas do cenário não estão em ordem crescente de entry_time.
WARNING,SCENARIO_ORDER,S78_SL5_TP8,9805,linhas do cenário não estão em ordem crescente de entry_time.
WARNING,SCENARIO_ORDER,S78_SL5_TP8,9806,linhas do cenário não estão em ordem crescente de entry_time.
WARNING,SCENARIO_ORDER,S78_SL5_TP8,9811,linhas do cenário não estão em ordem crescente de entry_time.
WARNING,SCENARIO_ORDER,S78_SL5_TP8,9823,linhas do cenário não estão em ordem crescente de entry_time.
WARNING,SCENARIO_ORDER,S78_SL5_TP8,9827,linhas do cenário não estão em ordem crescente de entry_time.
WARNING,SCENARIO_ORDER,S78_SL5_TP8,9834,linhas do cenário não estão em ordem crescente de entry_time.
WARNING,SCENARIO_ORDER,S78_SL5_TP8,9835,linhas do cenário não estão em ordem crescente de entry_time.
WARNING,SCENARIO_ORDER,S78_SL5_TP8,9837,linhas do cenário não estão em ordem crescente de entry_time.
WARNING,SCENARIO_ORDER,S78_SL5_TP8,9851,linhas do cenário não estão em ordem crescente de entry_time.
WARNING,SCENARIO_ORDER,S78_SL5_TP8,9857,linhas do cenário não estão em ordem crescente de entry_time.
WARNING,SCENARIO_ORDER,S78_SL5_TP8,9860,linhas do cenário não estão em ordem crescente de entry_time.
WARNING,SCENARIO_ORDER,S78_SL5_TP8,9863,linhas do cenário não estão em ordem crescente de entry_time.
WARNING,SCENARIO_ORDER,S78_SL5_TP8,9875,linhas do cenário não estão em ordem crescente de entry_time.
WARNING,SCENARIO_ORDER,S78_SL5_TP8,9880,linhas do cenário não estão em ordem crescente de entry_time.
WARNING,SCENARIO_ORDER,S78_SL5_TP8,9882,linhas do cenário não estão em ordem crescente de entry_time.
WARNING,SCENARIO_ORDER,S78_SL5_TP8,9886,linhas do cenário não estão em ordem crescente de entry_time.
WARNING,SCENARIO_ORDER,S78_SL5_TP8,9889,linhas do cenário não estão em ordem crescente de entry_time.
WARNING,SCENARIO_ORDER,S78_SL5_TP8,9894,linhas do cenário não estão em ordem crescente de entry_time.
WARNING,SCENARIO_ORDER,S78_SL5_TP8,9897,linhas do cenário não estão em ordem crescente de entry_time.
WARNING,SCENARIO_ORDER,S78_SL5_TP8,9899,linhas do cenário não estão em ordem crescente de entry_time.
WARNING,SCENARIO_ORDER,S78_SL5_TP8,9906,linhas do cenário não estão em ordem crescente de entry_time.
WARNING,SCENARIO_ORDER,S78_SL5_TP8,9909,linhas do cenário não estão em ordem crescente de entry_time.
WARNING,SCENARIO_ORDER,S78_SL5_TP8,9915,linhas do cenário não estão em ordem crescente de entry_time.
WARNING,SCENARIO_ORDER,S78_SL5_TP8,9917,linhas do cenário não estão em ordem crescente de entry_time.
WARNING,SCENARIO_ORDER,S78_SL5_TP8,9921,linhas do cenário não estão em ordem crescente de entry_time.
WARNING,SCENARIO_ORDER,S78_SL5_TP8,9924,linhas do cenário não estão em ordem crescente de entry_time.
WARNING,SCENARIO_ORDER,S78_SL5_TP8,9925,linhas do cenário não estão em ordem crescente de entry_time.
WARNING,SCENARIO_ORDER,S78_SL5_TP8,9932,linhas do cenário não estão em ordem crescente de entry_time.
WARNING,SCENARIO_ORDER,S78_SL5_TP8,9937,linhas do cenário não estão em ordem crescente de entry_time.
WARNING,SCENARIO_ORDER,S78_SL5_TP8,9941,linhas do cenário não estão em ordem crescente de entry_time.
WARNING,SCENARIO_ORDER,S78_SL5_TP8,9949,linhas do cenário não estão em ordem crescente de entry_time.
WARNING,SCENARIO_ORDER,S78_SL5_TP8,9951,linhas do cenário não estão em ordem crescente de entry_time.
WARNING,SCENARIO_ORDER,S78_SL5_TP8,9952,linhas do cenário não estão em ordem crescente de entry_time.
WARNING,SCENARIO_ORDER,S78_SL5_TP8,9954,linhas do cenário não estão em ordem crescente de entry_time.
WARNING,SCENARIO_ORDER,S78_SL5_TP8,9957,linhas do cenário não estão em ordem crescente de entry_time.
WARNING,SCENARIO_ORDER,S78_SL5_TP8,9964,linhas do cenário não estão em ordem crescente de entry_time.
WARNING,SCENARIO_ORDER,S78_SL5_TP8,9970,linhas do cenário não estão em ordem crescente de entry_time.
WARNING,SCENARIO_ORDER,S78_SL5_TP8,9974,linhas do cenário não estão em ordem crescente de entry_time.
WARNING,SCENARIO_ORDER,S78_SL5_TP10,9988,linhas do cenário não estão em ordem crescente de entry_time.
WARNING,SCENARIO_ORDER,S78_SL5_TP10,9990,linhas do cenário não estão em ordem crescente de entry_time.
WARNING,SCENARIO_ORDER,S78_SL5_TP10,10005,linhas do cenário não estão em ordem crescente de entry_time.
WARNING,SCENARIO_ORDER,S78_SL5_TP10,10013,linhas do cenário não estão em ordem crescente de entry_time.
WARNING,SCENARIO_ORDER,S78_SL5_TP10,10029,linhas do cenário não estão em ordem crescente de entry_time.
WARNING,SCENARIO_ORDER,S78_SL5_TP10,10033,linhas do cenário não estão em ordem crescente de entry_time.
WARNING,SCENARIO_ORDER,S78_SL5_TP10,10040,linhas do cenário não estão em ordem crescente de entry_time.
WARNING,SCENARIO_ORDER,S78_SL5_TP10,10043,linhas do cenário não estão em ordem crescente de entry_time.
WARNING,SCENARIO_ORDER,S78_SL5_TP10,10047,linhas do cenário não estão em ordem crescente de entry_time.
WARNING,SCENARIO_ORDER,S78_SL5_TP10,10052,linhas do cenário não estão em ordem crescente de entry_time.
WARNING,SCENARIO_ORDER,S78_SL5_TP10,10057,linhas do cenário não estão em ordem crescente de entry_time.
WARNING,SCENARIO_ORDER,S78_SL5_TP10,10058,linhas do cenário não estão em ordem crescente de entry_time.
WARNING,SCENARIO_ORDER,S78_SL5_TP10,10062,linhas do cenário não estão em ordem crescente de entry_time.
WARNING,SCENARIO_ORDER,S78_SL5_TP10,10064,linhas do cenário não estão em ordem crescente de entry_time.
WARNING,SCENARIO_ORDER,S78_SL5_TP10,10072,linhas do cenário não estão em ordem crescente de entry_time.
WARNING,SCENARIO_ORDER,S78_SL5_TP10,10075,linhas do cenário não estão em ordem crescente de entry_time.
WARNING,SCENARIO_ORDER,S78_SL5_TP10,10079,linhas do cenário não estão em ordem crescente de entry_time.
WARNING,SCENARIO_ORDER,S78_SL5_TP10,10087,linhas do cenário não estão em ordem crescente de entry_time.
WARNING,SCENARIO_ORDER,S78_SL5_TP10,10088,linhas do cenário não estão em ordem crescente de entry_time.
WARNING,SCENARIO_ORDER,S78_SL5_TP10,10090,linhas do cenário não estão em ordem crescente de entry_time.
WARNING,SCENARIO_ORDER,S78_SL5_TP10,10094,linhas do cenário não estão em ordem crescente de entry_time.
WARNING,SCENARIO_ORDER,S78_SL5_TP10,10097,linhas do cenário não estão em ordem crescente de entry_time.
WARNING,SCENARIO_ORDER,S78_SL5_TP10,10099,linhas do cenário não estão em ordem crescente de entry_time.
WARNING,SCENARIO_ORDER,S78_SL5_TP10,10102,linhas do cenário não estão em ordem crescente de entry_time.
WARNING,SCENARIO_ORDER,S78_SL5_TP10,10105,linhas do cenário não estão em ordem crescente de entry_time.
WARNING,SCENARIO_ORDER,S78_SL5_TP10,10114,linhas do cenário não estão em ordem crescente de entry_time.
WARNING,SCENARIO_ORDER,S78_SL5_TP10,10126,linhas do cenário não estão em ordem crescente de entry_time.
WARNING,SCENARIO_ORDER,S78_SL5_TP10,10129,linhas do cenário não estão em ordem crescente de entry_time.
WARNING,SCENARIO_ORDER,S78_SL5_TP10,10131,linhas do cenário não estão em ordem crescente de entry_time.
WARNING,SCENARIO_ORDER,S78_SL5_TP10,10135,linhas do cenário não estão em ordem crescente de entry_time.
WARNING,SCENARIO_ORDER,S78_SL5_TP10,10137,linhas do cenário não estão em ordem crescente de entry_time.
WARNING,SCENARIO_ORDER,S78_SL5_TP10,10139,linhas do cenário não estão em ordem crescente de entry_time.
WARNING,SCENARIO_ORDER,S78_SL5_TP10,10145,linhas do cenário não estão em ordem crescente de entry_time.
WARNING,SCENARIO_ORDER,S78_SL5_TP10,10148,linhas do cenário não estão em ordem crescente de entry_time.
WARNING,SCENARIO_ORDER,S78_SL5_TP10,10151,linhas do cenário não estão em ordem crescente de entry_time.
WARNING,SCENARIO_ORDER,S78_SL5_TP10,10153,linhas do cenário não estão em ordem crescente de entry_time.
WARNING,SCENARIO_ORDER,S78_SL5_TP10,10156,linhas do cenário não estão em ordem crescente de entry_time.
WARNING,SCENARIO_ORDER,S78_SL5_TP10,10159,linhas do cenário não estão em ordem crescente de entry_time.
WARNING,SCENARIO_ORDER,S78_SL5_TP10,10163,linhas do cenário não estão em ordem crescente de entry_time.
WARNING,SCENARIO_ORDER,S78_SL5_TP10,10169,linhas do cenário não estão em ordem crescente de entry_time.
WARNING,SCENARIO_ORDER,S78_SL5_TP10,10174,linhas do cenário não estão em ordem crescente de entry_time.
WARNING,SCENARIO_ORDER,S78_SL5_TP10,10175,linhas do cenário não estão em ordem crescente de entry_time.
WARNING,SCENARIO_ORDER,S78_SL5_TP10,10182,linhas do cenário não estão em ordem crescente de entry_time.
WARNING,SCENARIO_ORDER,S78_SL5_TP10,10187,linhas do cenário não estão em ordem crescente de entry_time.
WARNING,SCENARIO_ORDER,S78_SL5_TP10,10189,linhas do cenário não estão em ordem crescente de entry_time.
WARNING,SCENARIO_ORDER,S78_SL5_TP10,10196,linhas do cenário não estão em ordem crescente de entry_time.
WARNING,SCENARIO_ORDER,S78_SL5_TP10,10200,linhas do cenário não estão em ordem crescente de entry_time.
WARNING,SCENARIO_ORDER,S78_SL5_TP10,10208,linhas do cenário não estão em ordem crescente de entry_time.
WARNING,SCENARIO_ORDER,S78_SL5_TP10,10211,linhas do cenário não estão em ordem crescente de entry_time.
WARNING,SCENARIO_ORDER,S78_SL5_TP10,10213,linhas do cenário não estão em ordem crescente de entry_time.
WARNING,SCENARIO_ORDER,S78_SL5_TP10,10215,linhas do cenário não estão em ordem crescente de entry_time.
WARNING,SCENARIO_ORDER,S78_SL5_TP10,10217,linhas do cenário não estão em ordem crescente de entry_time.
WARNING,SCENARIO_ORDER,S78_SL5_TP10,10222,linhas do cenário não estão em ordem crescente de entry_time.
WARNING,SCENARIO_ORDER,S78_SL5_TP10,10225,linhas do cenário não estão em ordem crescente de entry_time.
WARNING,SCENARIO_ORDER,S78_SL5_TP10,10226,linhas do cenário não estão em ordem crescente de entry_time.
WARNING,SCENARIO_ORDER,S78_SL5_TP10,10230,linhas do cenário não estão em ordem crescente de entry_time.
WARNING,SCENARIO_ORDER,S78_SL5_TP10,10238,linhas do cenário não estão em ordem crescente de entry_time.
WARNING,SCENARIO_ORDER,S78_SL5_TP10,10243,linhas do cenário não estão em ordem crescente de entry_time.
WARNING,SCENARIO_ORDER,S78_SL5_TP10,10247,linhas do cenário não estão em ordem crescente de entry_time.
WARNING,SCENARIO_ORDER,S78_SL5_TP10,10248,linhas do cenário não estão em ordem crescente de entry_time.
WARNING,SCENARIO_ORDER,S78_SL5_TP10,10250,linhas do cenário não estão em ordem crescente de entry_time.
WARNING,SCENARIO_ORDER,S78_SL5_TP10,10256,linhas do cenário não estão em ordem crescente de entry_time.
WARNING,SCENARIO_ORDER,S78_SL5_TP10,10260,linhas do cenário não estão em ordem crescente de entry_time.
WARNING,SCENARIO_ORDER,S78_SL5_TP10,10264,linhas do cenário não estão em ordem crescente de entry_time.
WARNING,SCENARIO_ORDER,S78_SL5_TP10,10265,linhas do cenário não estão em ordem crescente de entry_time.
WARNING,SCENARIO_ORDER,S78_SL5_TP10,10268,linhas do cenário não estão em ordem crescente de entry_time.
WARNING,SCENARIO_ORDER,S78_SL5_TP10,10270,linhas do cenário não estão em ordem crescente de entry_time.
WARNING,SCENARIO_ORDER,S78_SL5_TP12,10282,linhas do cenário não estão em ordem crescente de entry_time.
WARNING,SCENARIO_ORDER,S78_SL5_TP12,10284,linhas do cenário não estão em ordem crescente de entry_time.
WARNING,SCENARIO_ORDER,S78_SL5_TP12,10301,linhas do cenário não estão em ordem crescente de entry_time.
WARNING,SCENARIO_ORDER,S78_SL5_TP12,10307,linhas do cenário não estão em ordem crescente de entry_time.
WARNING,SCENARIO_ORDER,S78_SL5_TP12,10315,linhas do cenário não estão em ordem crescente de entry_time.
WARNING,SCENARIO_ORDER,S78_SL5_TP12,10322,linhas do cenário não estão em ordem crescente de entry_time.
WARNING,SCENARIO_ORDER,S78_SL5_TP12,10324,linhas do cenário não estão em ordem crescente de entry_time.
WARNING,SCENARIO_ORDER,S78_SL5_TP12,10327,linhas do cenário não estão em ordem crescente de entry_time.
WARNING,SCENARIO_ORDER,S78_SL5_TP12,10332,linhas do cenário não estão em ordem crescente de entry_time.
WARNING,SCENARIO_ORDER,S78_SL5_TP12,10334,linhas do cenário não estão em ordem crescente de entry_time.
WARNING,SCENARIO_ORDER,S78_SL5_TP12,10343,linhas do cenário não estão em ordem crescente de entry_time.
WARNING,SCENARIO_ORDER,S78_SL5_TP12,10346,linhas do cenário não estão em ordem crescente de entry_time.
WARNING,SCENARIO_ORDER,S78_SL5_TP12,10350,linhas do cenário não estão em ordem crescente de entry_time.
WARNING,SCENARIO_ORDER,S78_SL5_TP12,10352,linhas do cenário não estão em ordem crescente de entry_time.
WARNING,SCENARIO_ORDER,S78_SL5_TP12,10356,linhas do cenário não estão em ordem crescente de entry_time.
WARNING,SCENARIO_ORDER,S78_SL5_TP12,10367,linhas do cenário não estão em ordem crescente de entry_time.
WARNING,SCENARIO_ORDER,S78_SL5_TP12,10370,linhas do cenário não estão em ordem crescente de entry_time.
WARNING,SCENARIO_ORDER,S78_SL5_TP12,10378,linhas do cenário não estão em ordem crescente de entry_time.
WARNING,SCENARIO_ORDER,S78_SL5_TP12,10384,linhas do cenário não estão em ordem crescente de entry_time.
WARNING,SCENARIO_ORDER,S78_SL5_TP12,10386,linhas do cenário não estão em ordem crescente de entry_time.
WARNING,SCENARIO_ORDER,S78_SL5_TP12,10390,linhas do cenário não estão em ordem crescente de entry_time.
WARNING,SCENARIO_ORDER,S78_SL5_TP12,10395,linhas do cenário não estão em ordem crescente de entry_time.
WARNING,SCENARIO_ORDER,S78_SL5_TP12,10398,linhas do cenário não estão em ordem crescente de entry_time.
WARNING,SCENARIO_ORDER,S78_SL5_TP12,10402,linhas do cenário não estão em ordem crescente de entry_time.
WARNING,SCENARIO_ORDER,S78_SL5_TP12,10412,linhas do cenário não estão em ordem crescente de entry_time.
WARNING,SCENARIO_ORDER,S78_SL5_TP12,10417,linhas do cenário não estão em ordem crescente de entry_time.
WARNING,SCENARIO_ORDER,S78_SL5_TP12,10423,linhas do cenário não estão em ordem crescente de entry_time.
WARNING,SCENARIO_ORDER,S78_SL5_TP12,10427,linhas do cenário não estão em ordem crescente de entry_time.
WARNING,SCENARIO_ORDER,S78_SL5_TP12,10429,linhas do cenário não estão em ordem crescente de entry_time.
WARNING,SCENARIO_ORDER,S78_SL5_TP12,10441,linhas do cenário não estão em ordem crescente de entry_time.
WARNING,SCENARIO_ORDER,S78_SL5_TP12,10444,linhas do cenário não estão em ordem crescente de entry_time.
WARNING,SCENARIO_ORDER,S78_SL5_TP12,10446,linhas do cenário não estão em ordem crescente de entry_time.
WARNING,SCENARIO_ORDER,S78_SL5_TP12,10448,linhas do cenário não estão em ordem crescente de entry_time.
WARNING,SCENARIO_ORDER,S78_SL5_TP12,10452,linhas do cenário não estão em ordem crescente de entry_time.
WARNING,SCENARIO_ORDER,S78_SL5_TP12,10454,linhas do cenário não estão em ordem crescente de entry_time.
WARNING,SCENARIO_ORDER,S78_SL5_TP12,10460,linhas do cenário não estão em ordem crescente de entry_time.
WARNING,SCENARIO_ORDER,S78_SL5_TP12,10465,linhas do cenário não estão em ordem crescente de entry_time.
WARNING,SCENARIO_ORDER,S78_SL5_TP12,10478,linhas do cenário não estão em ordem crescente de entry_time.
WARNING,SCENARIO_ORDER,S78_SL5_TP12,10480,linhas do cenário não estão em ordem crescente de entry_time.
WARNING,SCENARIO_ORDER,S78_SL5_TP12,10484,linhas do cenário não estão em ordem crescente de entry_time.
WARNING,SCENARIO_ORDER,S78_SL5_TP12,10488,linhas do cenário não estão em ordem crescente de entry_time.
WARNING,SCENARIO_ORDER,S78_SL5_TP12,10492,linhas do cenário não estão em ordem crescente de entry_time.
WARNING,SCENARIO_ORDER,S78_SL5_TP12,10496,linhas do cenário não estão em ordem crescente de entry_time.
WARNING,SCENARIO_ORDER,S78_SL5_TP12,10502,linhas do cenário não estão em ordem crescente de entry_time.
WARNING,SCENARIO_ORDER,S78_SL5_TP12,10504,linhas do cenário não estão em ordem crescente de entry_time.
WARNING,SCENARIO_ORDER,S78_SL5_TP12,10506,linhas do cenário não estão em ordem crescente de entry_time.
WARNING,SCENARIO_ORDER,S78_SL5_TP12,10508,linhas do cenário não estão em ordem crescente de entry_time.
WARNING,SCENARIO_ORDER,S78_SL5_TP12,10512,linhas do cenário não estão em ordem crescente de entry_time.
WARNING,SCENARIO_ORDER,S78_SL5_TP12,10514,linhas do cenário não estão em ordem crescente de entry_time.
WARNING,SCENARIO_ORDER,S78_SL5_TP12,10517,linhas do cenário não estão em ordem crescente de entry_time.
WARNING,SCENARIO_ORDER,S78_SL5_TP12,10518,linhas do cenário não estão em ordem crescente de entry_time.
WARNING,SCENARIO_ORDER,S78_SL5_TP12,10521,linhas do cenário não estão em ordem crescente de entry_time.
WARNING,SCENARIO_ORDER,S78_SL5_TP12,10526,linhas do cenário não estão em ordem crescente de entry_time.
WARNING,SCENARIO_ORDER,S78_SL5_TP12,10529,linhas do cenário não estão em ordem crescente de entry_time.
WARNING,SCENARIO_ORDER,S78_SL5_TP12,10534,linhas do cenário não estão em ordem crescente de entry_time.
WARNING,SCENARIO_ORDER,S78_SL5_TP12,10537,linhas do cenário não estão em ordem crescente de entry_time.
WARNING,SCENARIO_ORDER,S78_SL5_TP12,10541,linhas do cenário não estão em ordem crescente de entry_time.
WARNING,SCENARIO_ORDER,S78_SL5_TP12,10551,linhas do cenário não estão em ordem crescente de entry_time.
WARNING,SCENARIO_ORDER,S78_SL5_TP15,10571,linhas do cenário não estão em ordem crescente de entry_time.
WARNING,SCENARIO_ORDER,S78_SL5_TP15,10573,linhas do cenário não estão em ordem crescente de entry_time.
WARNING,SCENARIO_ORDER,S78_SL5_TP15,10596,linhas do cenário não estão em ordem crescente de entry_time.
WARNING,SCENARIO_ORDER,S78_SL5_TP15,10610,linhas do cenário não estão em ordem crescente de entry_time.
WARNING,SCENARIO_ORDER,S78_SL5_TP15,10612,linhas do cenário não estão em ordem crescente de entry_time.
WARNING,SCENARIO_ORDER,S78_SL5_TP15,10615,linhas do cenário não estão em ordem crescente de entry_time.
WARNING,SCENARIO_ORDER,S78_SL5_TP15,10619,linhas do cenário não estão em ordem crescente de entry_time.
WARNING,SCENARIO_ORDER,S78_SL5_TP15,10622,linhas do cenário não estão em ordem crescente de entry_time.
WARNING,SCENARIO_ORDER,S78_SL5_TP15,10625,linhas do cenário não estão em ordem crescente de entry_time.
WARNING,SCENARIO_ORDER,S78_SL5_TP15,10631,linhas do cenário não estão em ordem crescente de entry_time.
WARNING,SCENARIO_ORDER,S78_SL5_TP15,10634,linhas do cenário não estão em ordem crescente de entry_time.
WARNING,SCENARIO_ORDER,S78_SL5_TP15,10638,linhas do cenário não estão em ordem crescente de entry_time.
WARNING,SCENARIO_ORDER,S78_SL5_TP15,10640,linhas do cenário não estão em ordem crescente de entry_time.
WARNING,SCENARIO_ORDER,S78_SL5_TP15,10642,linhas do cenário não estão em ordem crescente de entry_time.
WARNING,SCENARIO_ORDER,S78_SL5_TP15,10645,linhas do cenário não estão em ordem crescente de entry_time.
WARNING,SCENARIO_ORDER,S78_SL5_TP15,10649,linhas do cenário não estão em ordem crescente de entry_time.
WARNING,SCENARIO_ORDER,S78_SL5_TP15,10664,linhas do cenário não estão em ordem crescente de entry_time.
WARNING,SCENARIO_ORDER,S78_SL5_TP15,10668,linhas do cenário não estão em ordem crescente de entry_time.
WARNING,SCENARIO_ORDER,S78_SL5_TP15,10670,linhas do cenário não estão em ordem crescente de entry_time.
WARNING,SCENARIO_ORDER,S78_SL5_TP15,10675,linhas do cenário não estão em ordem crescente de entry_time.
WARNING,SCENARIO_ORDER,S78_SL5_TP15,10679,linhas do cenário não estão em ordem crescente de entry_time.
WARNING,SCENARIO_ORDER,S78_SL5_TP15,10681,linhas do cenário não estão em ordem crescente de entry_time.
WARNING,SCENARIO_ORDER,S78_SL5_TP15,10684,linhas do cenário não estão em ordem crescente de entry_time.
WARNING,SCENARIO_ORDER,S78_SL5_TP15,10693,linhas do cenário não estão em ordem crescente de entry_time.
WARNING,SCENARIO_ORDER,S78_SL5_TP15,10698,linhas do cenário não estão em ordem crescente de entry_time.
WARNING,SCENARIO_ORDER,S78_SL5_TP15,10705,linhas do cenário não estão em ordem crescente de entry_time.
WARNING,SCENARIO_ORDER,S78_SL5_TP15,10711,linhas do cenário não estão em ordem crescente de entry_time.
WARNING,SCENARIO_ORDER,S78_SL5_TP15,10717,linhas do cenário não estão em ordem crescente de entry_time.
WARNING,SCENARIO_ORDER,S78_SL5_TP15,10718,linhas do cenário não estão em ordem crescente de entry_time.
WARNING,SCENARIO_ORDER,S78_SL5_TP15,10721,linhas do cenário não estão em ordem crescente de entry_time.
WARNING,SCENARIO_ORDER,S78_SL5_TP15,10723,linhas do cenário não estão em ordem crescente de entry_time.
WARNING,SCENARIO_ORDER,S78_SL5_TP15,10730,linhas do cenário não estão em ordem crescente de entry_time.
WARNING,SCENARIO_ORDER,S78_SL5_TP15,10735,linhas do cenário não estão em ordem crescente de entry_time.
WARNING,SCENARIO_ORDER,S78_SL5_TP15,10737,linhas do cenário não estão em ordem crescente de entry_time.
WARNING,SCENARIO_ORDER,S78_SL5_TP15,10747,linhas do cenário não estão em ordem crescente de entry_time.
WARNING,SCENARIO_ORDER,S78_SL5_TP15,10756,linhas do cenário não estão em ordem crescente de entry_time.
WARNING,SCENARIO_ORDER,S78_SL5_TP15,10760,linhas do cenário não estão em ordem crescente de entry_time.
WARNING,SCENARIO_ORDER,S78_SL5_TP15,10761,linhas do cenário não estão em ordem crescente de entry_time.
WARNING,SCENARIO_ORDER,S78_SL5_TP15,10764,linhas do cenário não estão em ordem crescente de entry_time.
WARNING,SCENARIO_ORDER,S78_SL5_TP15,10769,linhas do cenário não estão em ordem crescente de entry_time.
WARNING,SCENARIO_ORDER,S78_SL5_TP15,10773,linhas do cenário não estão em ordem crescente de entry_time.
WARNING,SCENARIO_ORDER,S78_SL5_TP15,10776,linhas do cenário não estão em ordem crescente de entry_time.
WARNING,SCENARIO_ORDER,S78_SL5_TP15,10783,linhas do cenário não estão em ordem crescente de entry_time.
WARNING,SCENARIO_ORDER,S78_SL5_TP15,10787,linhas do cenário não estão em ordem crescente de entry_time.
WARNING,SCENARIO_ORDER,S78_SL5_TP15,10788,linhas do cenário não estão em ordem crescente de entry_time.
WARNING,SCENARIO_ORDER,S78_SL5_TP15,10796,linhas do cenário não estão em ordem crescente de entry_time.
WARNING,SCENARIO_ORDER,S78_SL5_TP15,10800,linhas do cenário não estão em ordem crescente de entry_time.
WARNING,SCENARIO_ORDER,S78_SL5_TP15,10803,linhas do cenário não estão em ordem crescente de entry_time.
WARNING,SCENARIO_ORDER,S78_SL5_TP15,10808,linhas do cenário não estão em ordem crescente de entry_time.
WARNING,SCENARIO_ORDER,S78_SL5_TP15,10811,linhas do cenário não estão em ordem crescente de entry_time.
WARNING,SCENARIO_ORDER,S78_SL5_TP15,10817,linhas do cenário não estão em ordem crescente de entry_time.
WARNING,SCENARIO_ORDER,S78_SL5_TP15,10818,linhas do cenário não estão em ordem crescente de entry_time.
WARNING,SCENARIO_ORDER,S78_SL5_TP15,10823,linhas do cenário não estão em ordem crescente de entry_time.
WARNING,SCENARIO_ORDER,S78_SL5_TP15,10825,linhas do cenário não estão em ordem crescente de entry_time.
WARNING,SCENARIO_ORDER,S78_SL5_TP15,10827,linhas do cenário não estão em ordem crescente de entry_time.
WARNING,SCENARIO_ORDER,S78_SL5_TP15,10836,linhas do cenário não estão em ordem crescente de entry_time.
WARNING,SCENARIO_ORDER,S78_SL5_TP15,10843,linhas do cenário não estão em ordem crescente de entry_time.
WARNING,SCENARIO_ORDER,S78_SL6_TP8,10856,linhas do cenário não estão em ordem crescente de entry_time.
WARNING,SCENARIO_ORDER,S78_SL6_TP8,10870,linhas do cenário não estão em ordem crescente de entry_time.
WARNING,SCENARIO_ORDER,S78_SL6_TP8,10872,linhas do cenário não estão em ordem crescente de entry_time.
WARNING,SCENARIO_ORDER,S78_SL6_TP8,10888,linhas do cenário não estão em ordem crescente de entry_time.
WARNING,SCENARIO_ORDER,S78_SL6_TP8,10891,linhas do cenário não estão em ordem crescente de entry_time.
WARNING,SCENARIO_ORDER,S78_SL6_TP8,10896,linhas do cenário não estão em ordem crescente de entry_time.
WARNING,SCENARIO_ORDER,S78_SL6_TP8,10900,linhas do cenário não estão em ordem crescente de entry_time.
WARNING,SCENARIO_ORDER,S78_SL6_TP8,10907,linhas do cenário não estão em ordem crescente de entry_time.
WARNING,SCENARIO_ORDER,S78_SL6_TP8,10922,linhas do cenário não estão em ordem crescente de entry_time.
WARNING,SCENARIO_ORDER,S78_SL6_TP8,10923,linhas do cenário não estão em ordem crescente de entry_time.
WARNING,SCENARIO_ORDER,S78_SL6_TP8,10925,linhas do cenário não estão em ordem crescente de entry_time.
WARNING,SCENARIO_ORDER,S78_SL6_TP8,10928,linhas do cenário não estão em ordem crescente de entry_time.
WARNING,SCENARIO_ORDER,S78_SL6_TP8,10931,linhas do cenário não estão em ordem crescente de entry_time.
WARNING,SCENARIO_ORDER,S78_SL6_TP8,10941,linhas do cenário não estão em ordem crescente de entry_time.
WARNING,SCENARIO_ORDER,S78_SL6_TP8,10952,linhas do cenário não estão em ordem crescente de entry_time.
WARNING,SCENARIO_ORDER,S78_SL6_TP8,10953,linhas do cenário não estão em ordem crescente de entry_time.
WARNING,SCENARIO_ORDER,S78_SL6_TP8,10957,linhas do cenário não estão em ordem crescente de entry_time.
WARNING,SCENARIO_ORDER,S78_SL6_TP8,10959,linhas do cenário não estão em ordem crescente de entry_time.
WARNING,SCENARIO_ORDER,S78_SL6_TP8,10961,linhas do cenário não estão em ordem crescente de entry_time.
WARNING,SCENARIO_ORDER,S78_SL6_TP8,10964,linhas do cenário não estão em ordem crescente de entry_time.
WARNING,SCENARIO_ORDER,S78_SL6_TP8,10968,linhas do cenário não estão em ordem crescente de entry_time.
WARNING,SCENARIO_ORDER,S78_SL6_TP8,10970,linhas do cenário não estão em ordem crescente de entry_time.
WARNING,SCENARIO_ORDER,S78_SL6_TP8,10971,linhas do cenário não estão em ordem crescente de entry_time.
WARNING,SCENARIO_ORDER,S78_SL6_TP8,10972,linhas do cenário não estão em ordem crescente de entry_time.
WARNING,SCENARIO_ORDER,S78_SL6_TP8,10976,linhas do cenário não estão em ordem crescente de entry_time.
WARNING,SCENARIO_ORDER,S78_SL6_TP8,10978,linhas do cenário não estão em ordem crescente de entry_time.
WARNING,SCENARIO_ORDER,S78_SL6_TP8,10993,linhas do cenário não estão em ordem crescente de entry_time.
WARNING,SCENARIO_ORDER,S78_SL6_TP8,10996,linhas do cenário não estão em ordem crescente de entry_time.
WARNING,SCENARIO_ORDER,S78_SL6_TP8,10998,linhas do cenário não estão em ordem crescente de entry_time.
WARNING,SCENARIO_ORDER,S78_SL6_TP8,11001,linhas do cenário não estão em ordem crescente de entry_time.
WARNING,SCENARIO_ORDER,S78_SL6_TP8,11011,linhas do cenário não estão em ordem crescente de entry_time.
WARNING,SCENARIO_ORDER,S78_SL6_TP8,11014,linhas do cenário não estão em ordem crescente de entry_time.
WARNING,SCENARIO_ORDER,S78_SL6_TP8,11016,linhas do cenário não estão em ordem crescente de entry_time.
WARNING,SCENARIO_ORDER,S78_SL6_TP8,11020,linhas do cenário não estão em ordem crescente de entry_time.
WARNING,SCENARIO_ORDER,S78_SL6_TP8,11036,linhas do cenário não estão em ordem crescente de entry_time.
WARNING,SCENARIO_ORDER,S78_SL6_TP8,11038,linhas do cenário não estão em ordem crescente de entry_time.
WARNING,SCENARIO_ORDER,S78_SL6_TP8,11048,linhas do cenário não estão em ordem crescente de entry_time.
WARNING,SCENARIO_ORDER,S78_SL6_TP8,11050,linhas do cenário não estão em ordem crescente de entry_time.
WARNING,SCENARIO_ORDER,S78_SL6_TP8,11056,linhas do cenário não estão em ordem crescente de entry_time.
WARNING,SCENARIO_ORDER,S78_SL6_TP8,11060,linhas do cenário não estão em ordem crescente de entry_time.
WARNING,SCENARIO_ORDER,S78_SL6_TP8,11066,linhas do cenário não estão em ordem crescente de entry_time.
WARNING,SCENARIO_ORDER,S78_SL6_TP8,11071,linhas do cenário não estão em ordem crescente de entry_time.
WARNING,SCENARIO_ORDER,S78_SL6_TP8,11073,linhas do cenário não estão em ordem crescente de entry_time.
WARNING,SCENARIO_ORDER,S78_SL6_TP8,11076,linhas do cenário não estão em ordem crescente de entry_time.
WARNING,SCENARIO_ORDER,S78_SL6_TP8,11084,linhas do cenário não estão em ordem crescente de entry_time.
WARNING,SCENARIO_ORDER,S78_SL6_TP8,11086,linhas do cenário não estão em ordem crescente de entry_time.
WARNING,SCENARIO_ORDER,S78_SL6_TP8,11090,linhas do cenário não estão em ordem crescente de entry_time.
WARNING,SCENARIO_ORDER,S78_SL6_TP8,11094,linhas do cenário não estão em ordem crescente de entry_time.
WARNING,SCENARIO_ORDER,S78_SL6_TP8,11097,linhas do cenário não estão em ordem crescente de entry_time.
WARNING,SCENARIO_ORDER,S78_SL6_TP8,11101,linhas do cenário não estão em ordem crescente de entry_time.
WARNING,SCENARIO_ORDER,S78_SL6_TP8,11104,linhas do cenário não estão em ordem crescente de entry_time.
WARNING,SCENARIO_ORDER,S78_SL6_TP8,11106,linhas do cenário não estão em ordem crescente de entry_time.
WARNING,SCENARIO_ORDER,S78_SL6_TP8,11108,linhas do cenário não estão em ordem crescente de entry_time.
WARNING,SCENARIO_ORDER,S78_SL6_TP8,11112,linhas do cenário não estão em ordem crescente de entry_time.
WARNING,SCENARIO_ORDER,S78_SL6_TP8,11114,linhas do cenário não estão em ordem crescente de entry_time.
WARNING,SCENARIO_ORDER,S78_SL6_TP8,11116,linhas do cenário não estão em ordem crescente de entry_time.
WARNING,SCENARIO_ORDER,S78_SL6_TP8,11121,linhas do cenário não estão em ordem crescente de entry_time.
WARNING,SCENARIO_ORDER,S78_SL6_TP8,11124,linhas do cenário não estão em ordem crescente de entry_time.
WARNING,SCENARIO_ORDER,S78_SL6_TP8,11130,linhas do cenário não estão em ordem crescente de entry_time.
WARNING,SCENARIO_ORDER,S78_SL6_TP8,11132,linhas do cenário não estão em ordem crescente de entry_time.
WARNING,SCENARIO_ORDER,S78_SL6_TP8,11134,linhas do cenário não estão em ordem crescente de entry_time.
WARNING,SCENARIO_ORDER,S78_SL6_TP10,11148,linhas do cenário não estão em ordem crescente de entry_time.
WARNING,SCENARIO_ORDER,S78_SL6_TP10,11162,linhas do cenário não estão em ordem crescente de entry_time.
WARNING,SCENARIO_ORDER,S78_SL6_TP10,11164,linhas do cenário não estão em ordem crescente de entry_time.
WARNING,SCENARIO_ORDER,S78_SL6_TP10,11171,linhas do cenário não estão em ordem crescente de entry_time.
WARNING,SCENARIO_ORDER,S78_SL6_TP10,11173,linhas do cenário não estão em ordem crescente de entry_time.
WARNING,SCENARIO_ORDER,S78_SL6_TP10,11180,linhas do cenário não estão em ordem crescente de entry_time.
WARNING,SCENARIO_ORDER,S78_SL6_TP10,11187,linhas do cenário não estão em ordem crescente de entry_time.
WARNING,SCENARIO_ORDER,S78_SL6_TP10,11190,linhas do cenário não estão em ordem crescente de entry_time.
WARNING,SCENARIO_ORDER,S78_SL6_TP10,11192,linhas do cenário não estão em ordem crescente de entry_time.
WARNING,SCENARIO_ORDER,S78_SL6_TP10,11201,linhas do cenário não estão em ordem crescente de entry_time.
WARNING,SCENARIO_ORDER,S78_SL6_TP10,11205,linhas do cenário não estão em ordem crescente de entry_time.
WARNING,SCENARIO_ORDER,S78_SL6_TP10,11208,linhas do cenário não estão em ordem crescente de entry_time.
WARNING,SCENARIO_ORDER,S78_SL6_TP10,11214,linhas do cenário não estão em ordem crescente de entry_time.
WARNING,SCENARIO_ORDER,S78_SL6_TP10,11216,linhas do cenário não estão em ordem crescente de entry_time.
WARNING,SCENARIO_ORDER,S78_SL6_TP10,11218,linhas do cenário não estão em ordem crescente de entry_time.
WARNING,SCENARIO_ORDER,S78_SL6_TP10,11223,linhas do cenário não estão em ordem crescente de entry_time.
WARNING,SCENARIO_ORDER,S78_SL6_TP10,11227,linhas do cenário não estão em ordem crescente de entry_time.
WARNING,SCENARIO_ORDER,S78_SL6_TP10,11232,linhas do cenário não estão em ordem crescente de entry_time.
WARNING,SCENARIO_ORDER,S78_SL6_TP10,11239,linhas do cenário não estão em ordem crescente de entry_time.
WARNING,SCENARIO_ORDER,S78_SL6_TP10,11244,linhas do cenário não estão em ordem crescente de entry_time.
WARNING,SCENARIO_ORDER,S78_SL6_TP10,11248,linhas do cenário não estão em ordem crescente de entry_time.
WARNING,SCENARIO_ORDER,S78_SL6_TP10,11250,linhas do cenário não estão em ordem crescente de entry_time.
WARNING,SCENARIO_ORDER,S78_SL6_TP10,11253,linhas do cenário não estão em ordem crescente de entry_time.
WARNING,SCENARIO_ORDER,S78_SL6_TP10,11255,linhas do cenário não estão em ordem crescente de entry_time.
WARNING,SCENARIO_ORDER,S78_SL6_TP10,11260,linhas do cenário não estão em ordem crescente de entry_time.
WARNING,SCENARIO_ORDER,S78_SL6_TP10,11263,linhas do cenário não estão em ordem crescente de entry_time.
WARNING,SCENARIO_ORDER,S78_SL6_TP10,11264,linhas do cenário não estão em ordem crescente de entry_time.
WARNING,SCENARIO_ORDER,S78_SL6_TP10,11269,linhas do cenário não estão em ordem crescente de entry_time.
WARNING,SCENARIO_ORDER,S78_SL6_TP10,11277,linhas do cenário não estão em ordem crescente de entry_time.
WARNING,SCENARIO_ORDER,S78_SL6_TP10,11280,linhas do cenário não estão em ordem crescente de entry_time.
WARNING,SCENARIO_ORDER,S78_SL6_TP10,11282,linhas do cenário não estão em ordem crescente de entry_time.
WARNING,SCENARIO_ORDER,S78_SL6_TP10,11285,linhas do cenário não estão em ordem crescente de entry_time.
WARNING,SCENARIO_ORDER,S78_SL6_TP10,11289,linhas do cenário não estão em ordem crescente de entry_time.
WARNING,SCENARIO_ORDER,S78_SL6_TP10,11291,linhas do cenário não estão em ordem crescente de entry_time.
WARNING,SCENARIO_ORDER,S78_SL6_TP10,11294,linhas do cenário não estão em ordem crescente de entry_time.
WARNING,SCENARIO_ORDER,S78_SL6_TP10,11296,linhas do cenário não estão em ordem crescente de entry_time.
WARNING,SCENARIO_ORDER,S78_SL6_TP10,11308,linhas do cenário não estão em ordem crescente de entry_time.
WARNING,SCENARIO_ORDER,S78_SL6_TP10,11311,linhas do cenário não estão em ordem crescente de entry_time.
WARNING,SCENARIO_ORDER,S78_SL6_TP10,11314,linhas do cenário não estão em ordem crescente de entry_time.
WARNING,SCENARIO_ORDER,S78_SL6_TP10,11316,linhas do cenário não estão em ordem crescente de entry_time.
WARNING,SCENARIO_ORDER,S78_SL6_TP10,11320,linhas do cenário não estão em ordem crescente de entry_time.
WARNING,SCENARIO_ORDER,S78_SL6_TP10,11329,linhas do cenário não estão em ordem crescente de entry_time.
WARNING,SCENARIO_ORDER,S78_SL6_TP10,11333,linhas do cenário não estão em ordem crescente de entry_time.
WARNING,SCENARIO_ORDER,S78_SL6_TP10,11341,linhas do cenário não estão em ordem crescente de entry_time.
WARNING,SCENARIO_ORDER,S78_SL6_TP10,11350,linhas do cenário não estão em ordem crescente de entry_time.
WARNING,SCENARIO_ORDER,S78_SL6_TP10,11353,linhas do cenário não estão em ordem crescente de entry_time.
WARNING,SCENARIO_ORDER,S78_SL6_TP10,11358,linhas do cenário não estão em ordem crescente de entry_time.
WARNING,SCENARIO_ORDER,S78_SL6_TP10,11363,linhas do cenário não estão em ordem crescente de entry_time.
WARNING,SCENARIO_ORDER,S78_SL6_TP10,11367,linhas do cenário não estão em ordem crescente de entry_time.
WARNING,SCENARIO_ORDER,S78_SL6_TP10,11375,linhas do cenário não estão em ordem crescente de entry_time.
WARNING,SCENARIO_ORDER,S78_SL6_TP10,11377,linhas do cenário não estão em ordem crescente de entry_time.
WARNING,SCENARIO_ORDER,S78_SL6_TP10,11378,linhas do cenário não estão em ordem crescente de entry_time.
WARNING,SCENARIO_ORDER,S78_SL6_TP10,11391,linhas do cenário não estão em ordem crescente de entry_time.
WARNING,SCENARIO_ORDER,S78_SL6_TP10,11397,linhas do cenário não estão em ordem crescente de entry_time.
WARNING,SCENARIO_ORDER,S78_SL6_TP10,11399,linhas do cenário não estão em ordem crescente de entry_time.
WARNING,SCENARIO_ORDER,S78_SL6_TP10,11409,linhas do cenário não estão em ordem crescente de entry_time.
WARNING,SCENARIO_ORDER,S78_SL6_TP10,11413,linhas do cenário não estão em ordem crescente de entry_time.
WARNING,SCENARIO_ORDER,S78_SL6_TP10,11416,linhas do cenário não estão em ordem crescente de entry_time.
WARNING,SCENARIO_ORDER,S78_SL6_TP10,11419,linhas do cenário não estão em ordem crescente de entry_time.
WARNING,SCENARIO_ORDER,S78_SL6_TP12,11432,linhas do cenário não estão em ordem crescente de entry_time.
WARNING,SCENARIO_ORDER,S78_SL6_TP12,11446,linhas do cenário não estão em ordem crescente de entry_time.
WARNING,SCENARIO_ORDER,S78_SL6_TP12,11450,linhas do cenário não estão em ordem crescente de entry_time.
WARNING,SCENARIO_ORDER,S78_SL6_TP12,11455,linhas do cenário não estão em ordem crescente de entry_time.
WARNING,SCENARIO_ORDER,S78_SL6_TP12,11457,linhas do cenário não estão em ordem crescente de entry_time.
WARNING,SCENARIO_ORDER,S78_SL6_TP12,11465,linhas do cenário não estão em ordem crescente de entry_time.
WARNING,SCENARIO_ORDER,S78_SL6_TP12,11472,linhas do cenário não estão em ordem crescente de entry_time.
WARNING,SCENARIO_ORDER,S78_SL6_TP12,11474,linhas do cenário não estão em ordem crescente de entry_time.
WARNING,SCENARIO_ORDER,S78_SL6_TP12,11476,linhas do cenário não estão em ordem crescente de entry_time.
WARNING,SCENARIO_ORDER,S78_SL6_TP12,11484,linhas do cenário não estão em ordem crescente de entry_time.
WARNING,SCENARIO_ORDER,S78_SL6_TP12,11492,linhas do cenário não estão em ordem crescente de entry_time.
WARNING,SCENARIO_ORDER,S78_SL6_TP12,11500,linhas do cenário não estão em ordem crescente de entry_time.
WARNING,SCENARIO_ORDER,S78_SL6_TP12,11502,linhas do cenário não estão em ordem crescente de entry_time.
WARNING,SCENARIO_ORDER,S78_SL6_TP12,11507,linhas do cenário não estão em ordem crescente de entry_time.
WARNING,SCENARIO_ORDER,S78_SL6_TP12,11509,linhas do cenário não estão em ordem crescente de entry_time.
WARNING,SCENARIO_ORDER,S78_SL6_TP12,11526,linhas do cenário não estão em ordem crescente de entry_time.
WARNING,SCENARIO_ORDER,S78_SL6_TP12,11529,linhas do cenário não estão em ordem crescente de entry_time.
WARNING,SCENARIO_ORDER,S78_SL6_TP12,11531,linhas do cenário não estão em ordem crescente de entry_time.
WARNING,SCENARIO_ORDER,S78_SL6_TP12,11533,linhas do cenário não estão em ordem crescente de entry_time.
WARNING,SCENARIO_ORDER,S78_SL6_TP12,11537,linhas do cenário não estão em ordem crescente de entry_time.
WARNING,SCENARIO_ORDER,S78_SL6_TP12,11541,linhas do cenário não estão em ordem crescente de entry_time.
WARNING,SCENARIO_ORDER,S78_SL6_TP12,11544,linhas do cenário não estão em ordem crescente de entry_time.
WARNING,SCENARIO_ORDER,S78_SL6_TP12,11548,linhas do cenário não estão em ordem crescente de entry_time.
WARNING,SCENARIO_ORDER,S78_SL6_TP12,11556,linhas do cenário não estão em ordem crescente de entry_time.
WARNING,SCENARIO_ORDER,S78_SL6_TP12,11567,linhas do cenário não estão em ordem crescente de entry_time.
WARNING,SCENARIO_ORDER,S78_SL6_TP12,11572,linhas do cenário não estão em ordem crescente de entry_time.
WARNING,SCENARIO_ORDER,S78_SL6_TP12,11576,linhas do cenário não estão em ordem crescente de entry_time.
WARNING,SCENARIO_ORDER,S78_SL6_TP12,11579,linhas do cenário não estão em ordem crescente de entry_time.
WARNING,SCENARIO_ORDER,S78_SL6_TP12,11587,linhas do cenário não estão em ordem crescente de entry_time.
WARNING,SCENARIO_ORDER,S78_SL6_TP12,11590,linhas do cenário não estão em ordem crescente de entry_time.
WARNING,SCENARIO_ORDER,S78_SL6_TP12,11593,linhas do cenário não estão em ordem crescente de entry_time.
WARNING,SCENARIO_ORDER,S78_SL6_TP12,11597,linhas do cenário não estão em ordem crescente de entry_time.
WARNING,SCENARIO_ORDER,S78_SL6_TP12,11609,linhas do cenário não estão em ordem crescente de entry_time.
WARNING,SCENARIO_ORDER,S78_SL6_TP12,11610,linhas do cenário não estão em ordem crescente de entry_time.
WARNING,SCENARIO_ORDER,S78_SL6_TP12,11611,linhas do cenário não estão em ordem crescente de entry_time.
WARNING,SCENARIO_ORDER,S78_SL6_TP12,11620,linhas do cenário não estão em ordem crescente de entry_time.
WARNING,SCENARIO_ORDER,S78_SL6_TP12,11632,linhas do cenário não estão em ordem crescente de entry_time.
WARNING,SCENARIO_ORDER,S78_SL6_TP12,11640,linhas do cenário não estão em ordem crescente de entry_time.
WARNING,SCENARIO_ORDER,S78_SL6_TP12,11645,linhas do cenário não estão em ordem crescente de entry_time.
WARNING,SCENARIO_ORDER,S78_SL6_TP12,11648,linhas do cenário não estão em ordem crescente de entry_time.
WARNING,SCENARIO_ORDER,S78_SL6_TP12,11652,linhas do cenário não estão em ordem crescente de entry_time.
WARNING,SCENARIO_ORDER,S78_SL6_TP12,11656,linhas do cenário não estão em ordem crescente de entry_time.
WARNING,SCENARIO_ORDER,S78_SL6_TP12,11663,linhas do cenário não estão em ordem crescente de entry_time.
WARNING,SCENARIO_ORDER,S78_SL6_TP12,11665,linhas do cenário não estão em ordem crescente de entry_time.
WARNING,SCENARIO_ORDER,S78_SL6_TP12,11675,linhas do cenário não estão em ordem crescente de entry_time.
WARNING,SCENARIO_ORDER,S78_SL6_TP12,11678,linhas do cenário não estão em ordem crescente de entry_time.
WARNING,SCENARIO_ORDER,S78_SL6_TP12,11680,linhas do cenário não estão em ordem crescente de entry_time.
WARNING,SCENARIO_ORDER,S78_SL6_TP12,11682,linhas do cenário não estão em ordem crescente de entry_time.
WARNING,SCENARIO_ORDER,S78_SL6_TP12,11694,linhas do cenário não estão em ordem crescente de entry_time.
WARNING,SCENARIO_ORDER,S78_SL6_TP12,11695,linhas do cenário não estão em ordem crescente de entry_time.
WARNING,SCENARIO_ORDER,S78_SL6_TP12,11698,linhas do cenário não estão em ordem crescente de entry_time.
WARNING,SCENARIO_ORDER,S78_SL6_TP15,11714,linhas do cenário não estão em ordem crescente de entry_time.
WARNING,SCENARIO_ORDER,S78_SL6_TP15,11738,linhas do cenário não estão em ordem crescente de entry_time.
WARNING,SCENARIO_ORDER,S78_SL6_TP15,11745,linhas do cenário não estão em ordem crescente de entry_time.
WARNING,SCENARIO_ORDER,S78_SL6_TP15,11746,linhas do cenário não estão em ordem crescente de entry_time.
WARNING,SCENARIO_ORDER,S78_SL6_TP15,11752,linhas do cenário não estão em ordem crescente de entry_time.
WARNING,SCENARIO_ORDER,S78_SL6_TP15,11756,linhas do cenário não estão em ordem crescente de entry_time.
WARNING,SCENARIO_ORDER,S78_SL6_TP15,11765,linhas do cenário não estão em ordem crescente de entry_time.
WARNING,SCENARIO_ORDER,S78_SL6_TP15,11779,linhas do cenário não estão em ordem crescente de entry_time.
WARNING,SCENARIO_ORDER,S78_SL6_TP15,11782,linhas do cenário não estão em ordem crescente de entry_time.
WARNING,SCENARIO_ORDER,S78_SL6_TP15,11786,linhas do cenário não estão em ordem crescente de entry_time.
WARNING,SCENARIO_ORDER,S78_SL6_TP15,11788,linhas do cenário não estão em ordem crescente de entry_time.
WARNING,SCENARIO_ORDER,S78_SL6_TP15,11804,linhas do cenário não estão em ordem crescente de entry_time.
WARNING,SCENARIO_ORDER,S78_SL6_TP15,11807,linhas do cenário não estão em ordem crescente de entry_time.
WARNING,SCENARIO_ORDER,S78_SL6_TP15,11809,linhas do cenário não estão em ordem crescente de entry_time.
WARNING,SCENARIO_ORDER,S78_SL6_TP15,11811,linhas do cenário não estão em ordem crescente de entry_time.
WARNING,SCENARIO_ORDER,S78_SL6_TP15,11813,linhas do cenário não estão em ordem crescente de entry_time.
WARNING,SCENARIO_ORDER,S78_SL6_TP15,11814,linhas do cenário não estão em ordem crescente de entry_time.
WARNING,SCENARIO_ORDER,S78_SL6_TP15,11818,linhas do cenário não estão em ordem crescente de entry_time.
WARNING,SCENARIO_ORDER,S78_SL6_TP15,11822,linhas do cenário não estão em ordem crescente de entry_time.
WARNING,SCENARIO_ORDER,S78_SL6_TP15,11826,linhas do cenário não estão em ordem crescente de entry_time.
WARNING,SCENARIO_ORDER,S78_SL6_TP15,11844,linhas do cenário não estão em ordem crescente de entry_time.
WARNING,SCENARIO_ORDER,S78_SL6_TP15,11861,linhas do cenário não estão em ordem crescente de entry_time.
WARNING,SCENARIO_ORDER,S78_SL6_TP15,11866,linhas do cenário não estão em ordem crescente de entry_time.
WARNING,SCENARIO_ORDER,S78_SL6_TP15,11870,linhas do cenário não estão em ordem crescente de entry_time.
WARNING,SCENARIO_ORDER,S78_SL6_TP15,11884,linhas do cenário não estão em ordem crescente de entry_time.
WARNING,SCENARIO_ORDER,S78_SL6_TP15,11886,linhas do cenário não estão em ordem crescente de entry_time.
WARNING,SCENARIO_ORDER,S78_SL6_TP15,11895,linhas do cenário não estão em ordem crescente de entry_time.
WARNING,SCENARIO_ORDER,S78_SL6_TP15,11899,linhas do cenário não estão em ordem crescente de entry_time.
WARNING,SCENARIO_ORDER,S78_SL6_TP15,11908,linhas do cenário não estão em ordem crescente de entry_time.
WARNING,SCENARIO_ORDER,S78_SL6_TP15,11917,linhas do cenário não estão em ordem crescente de entry_time.
WARNING,SCENARIO_ORDER,S78_SL6_TP15,11921,linhas do cenário não estão em ordem crescente de entry_time.
WARNING,SCENARIO_ORDER,S78_SL6_TP15,11925,linhas do cenário não estão em ordem crescente de entry_time.
WARNING,SCENARIO_ORDER,S78_SL6_TP15,11928,linhas do cenário não estão em ordem crescente de entry_time.
WARNING,SCENARIO_ORDER,S78_SL6_TP15,11930,linhas do cenário não estão em ordem crescente de entry_time.
WARNING,SCENARIO_ORDER,S78_SL6_TP15,11946,linhas do cenário não estão em ordem crescente de entry_time.
WARNING,SCENARIO_ORDER,S78_SL6_TP15,11947,linhas do cenário não estão em ordem crescente de entry_time.
WARNING,SCENARIO_ORDER,S78_SL6_TP15,11951,linhas do cenário não estão em ordem crescente de entry_time.
WARNING,SCENARIO_ORDER,S78_SL6_TP15,11952,linhas do cenário não estão em ordem crescente de entry_time.
WARNING,SCENARIO_ORDER,S78_SL6_TP15,11957,linhas do cenário não estão em ordem crescente de entry_time.
WARNING,SCENARIO_ORDER,S78_SL6_TP15,11969,linhas do cenário não estão em ordem crescente de entry_time.
WARNING,SCENARIO_ORDER,S78_SL6_TP15,11970,linhas do cenário não estão em ordem crescente de entry_time.
WARNING,SCENARIO_ORDER,S78_SL6_TP15,11973,linhas do cenário não estão em ordem crescente de entry_time.
WARNING,SCENARIO_ORDER,S80_SL4_TP8,11989,linhas do cenário não estão em ordem crescente de entry_time.
WARNING,SCENARIO_ORDER,S80_SL4_TP8,11990,linhas do cenário não estão em ordem crescente de entry_time.
WARNING,SCENARIO_ORDER,S80_SL4_TP8,11996,linhas do cenário não estão em ordem crescente de entry_time.
WARNING,SCENARIO_ORDER,S80_SL4_TP8,12003,linhas do cenário não estão em ordem crescente de entry_time.
WARNING,SCENARIO_ORDER,S80_SL4_TP8,12005,linhas do cenário não estão em ordem crescente de entry_time.
WARNING,SCENARIO_ORDER,S80_SL4_TP8,12009,linhas do cenário não estão em ordem crescente de entry_time.
WARNING,SCENARIO_ORDER,S80_SL4_TP8,12011,linhas do cenário não estão em ordem crescente de entry_time.
WARNING,SCENARIO_ORDER,S80_SL4_TP8,12016,linhas do cenário não estão em ordem crescente de entry_time.
WARNING,SCENARIO_ORDER,S80_SL4_TP8,12021,linhas do cenário não estão em ordem crescente de entry_time.
WARNING,SCENARIO_ORDER,S80_SL4_TP8,12026,linhas do cenário não estão em ordem crescente de entry_time.
WARNING,SCENARIO_ORDER,S80_SL4_TP8,12030,linhas do cenário não estão em ordem crescente de entry_time.
WARNING,SCENARIO_ORDER,S80_SL4_TP8,12033,linhas do cenário não estão em ordem crescente de entry_time.
WARNING,SCENARIO_ORDER,S80_SL4_TP8,12037,linhas do cenário não estão em ordem crescente de entry_time.
WARNING,SCENARIO_ORDER,S80_SL4_TP8,12042,linhas do cenário não estão em ordem crescente de entry_time.
WARNING,SCENARIO_ORDER,S80_SL4_TP8,12046,linhas do cenário não estão em ordem crescente de entry_time.
WARNING,SCENARIO_ORDER,S80_SL4_TP8,12050,linhas do cenário não estão em ordem crescente de entry_time.
WARNING,SCENARIO_ORDER,S80_SL4_TP8,12052,linhas do cenário não estão em ordem crescente de entry_time.
WARNING,SCENARIO_ORDER,S80_SL4_TP8,12055,linhas do cenário não estão em ordem crescente de entry_time.
WARNING,SCENARIO_ORDER,S80_SL4_TP8,12061,linhas do cenário não estão em ordem crescente de entry_time.
WARNING,SCENARIO_ORDER,S80_SL4_TP8,12064,linhas do cenário não estão em ordem crescente de entry_time.
WARNING,SCENARIO_ORDER,S80_SL4_TP8,12066,linhas do cenário não estão em ordem crescente de entry_time.
WARNING,SCENARIO_ORDER,S80_SL4_TP8,12072,linhas do cenário não estão em ordem crescente de entry_time.
WARNING,SCENARIO_ORDER,S80_SL4_TP8,12073,linhas do cenário não estão em ordem crescente de entry_time.
WARNING,SCENARIO_ORDER,S80_SL4_TP8,12082,linhas do cenário não estão em ordem crescente de entry_time.
WARNING,SCENARIO_ORDER,S80_SL4_TP8,12085,linhas do cenário não estão em ordem crescente de entry_time.
WARNING,SCENARIO_ORDER,S80_SL4_TP8,12087,linhas do cenário não estão em ordem crescente de entry_time.
WARNING,SCENARIO_ORDER,S80_SL4_TP8,12094,linhas do cenário não estão em ordem crescente de entry_time.
WARNING,SCENARIO_ORDER,S80_SL4_TP8,12097,linhas do cenário não estão em ordem crescente de entry_time.
WARNING,SCENARIO_ORDER,S80_SL4_TP8,12100,linhas do cenário não estão em ordem crescente de entry_time.
WARNING,SCENARIO_ORDER,S80_SL4_TP8,12101,linhas do cenário não estão em ordem crescente de entry_time.
WARNING,SCENARIO_ORDER,S80_SL4_TP8,12106,linhas do cenário não estão em ordem crescente de entry_time.
WARNING,SCENARIO_ORDER,S80_SL4_TP8,12110,linhas do cenário não estão em ordem crescente de entry_time.
WARNING,SCENARIO_ORDER,S80_SL4_TP8,12113,linhas do cenário não estão em ordem crescente de entry_time.
WARNING,SCENARIO_ORDER,S80_SL4_TP8,12117,linhas do cenário não estão em ordem crescente de entry_time.
WARNING,SCENARIO_ORDER,S80_SL4_TP8,12119,linhas do cenário não estão em ordem crescente de entry_time.
WARNING,SCENARIO_ORDER,S80_SL4_TP8,12132,linhas do cenário não estão em ordem crescente de entry_time.
WARNING,SCENARIO_ORDER,S80_SL4_TP8,12139,linhas do cenário não estão em ordem crescente de entry_time.
WARNING,SCENARIO_ORDER,S80_SL4_TP8,12142,linhas do cenário não estão em ordem crescente de entry_time.
WARNING,SCENARIO_ORDER,S80_SL4_TP8,12151,linhas do cenário não estão em ordem crescente de entry_time.
WARNING,SCENARIO_ORDER,S80_SL4_TP8,12156,linhas do cenário não estão em ordem crescente de entry_time.
WARNING,SCENARIO_ORDER,S80_SL4_TP8,12159,linhas do cenário não estão em ordem crescente de entry_time.
WARNING,SCENARIO_ORDER,S80_SL4_TP8,12162,linhas do cenário não estão em ordem crescente de entry_time.
WARNING,SCENARIO_ORDER,S80_SL4_TP8,12166,linhas do cenário não estão em ordem crescente de entry_time.
WARNING,SCENARIO_ORDER,S80_SL4_TP8,12176,linhas do cenário não estão em ordem crescente de entry_time.
WARNING,SCENARIO_ORDER,S80_SL4_TP8,12181,linhas do cenário não estão em ordem crescente de entry_time.
WARNING,SCENARIO_ORDER,S80_SL4_TP8,12183,linhas do cenário não estão em ordem crescente de entry_time.
WARNING,SCENARIO_ORDER,S80_SL4_TP8,12185,linhas do cenário não estão em ordem crescente de entry_time.
WARNING,SCENARIO_ORDER,S80_SL4_TP8,12189,linhas do cenário não estão em ordem crescente de entry_time.
WARNING,SCENARIO_ORDER,S80_SL4_TP8,12194,linhas do cenário não estão em ordem crescente de entry_time.
WARNING,SCENARIO_ORDER,S80_SL4_TP8,12196,linhas do cenário não estão em ordem crescente de entry_time.
WARNING,SCENARIO_ORDER,S80_SL4_TP8,12198,linhas do cenário não estão em ordem crescente de entry_time.
WARNING,SCENARIO_ORDER,S80_SL4_TP8,12205,linhas do cenário não estão em ordem crescente de entry_time.
WARNING,SCENARIO_ORDER,S80_SL4_TP8,12207,linhas do cenário não estão em ordem crescente de entry_time.
WARNING,SCENARIO_ORDER,S80_SL4_TP8,12213,linhas do cenário não estão em ordem crescente de entry_time.
WARNING,SCENARIO_ORDER,S80_SL4_TP8,12216,linhas do cenário não estão em ordem crescente de entry_time.
WARNING,SCENARIO_ORDER,S80_SL4_TP8,12217,linhas do cenário não estão em ordem crescente de entry_time.
WARNING,SCENARIO_ORDER,S80_SL4_TP8,12219,linhas do cenário não estão em ordem crescente de entry_time.
WARNING,SCENARIO_ORDER,S80_SL4_TP8,12224,linhas do cenário não estão em ordem crescente de entry_time.
WARNING,SCENARIO_ORDER,S80_SL4_TP8,12228,linhas do cenário não estão em ordem crescente de entry_time.
WARNING,SCENARIO_ORDER,S80_SL4_TP8,12230,linhas do cenário não estão em ordem crescente de entry_time.
WARNING,SCENARIO_ORDER,S80_SL4_TP8,12232,linhas do cenário não estão em ordem crescente de entry_time.
WARNING,SCENARIO_ORDER,S80_SL4_TP8,12236,linhas do cenário não estão em ordem crescente de entry_time.
WARNING,SCENARIO_ORDER,S80_SL4_TP8,12237,linhas do cenário não estão em ordem crescente de entry_time.
WARNING,SCENARIO_ORDER,S80_SL4_TP8,12241,linhas do cenário não estão em ordem crescente de entry_time.
WARNING,SCENARIO_ORDER,S80_SL4_TP8,12242,linhas do cenário não estão em ordem crescente de entry_time.
WARNING,SCENARIO_ORDER,S80_SL4_TP8,12245,linhas do cenário não estão em ordem crescente de entry_time.
WARNING,SCENARIO_ORDER,S80_SL4_TP8,12250,linhas do cenário não estão em ordem crescente de entry_time.
WARNING,SCENARIO_ORDER,S80_SL4_TP8,12252,linhas do cenário não estão em ordem crescente de entry_time.
WARNING,SCENARIO_ORDER,S80_SL4_TP8,12257,linhas do cenário não estão em ordem crescente de entry_time.
WARNING,SCENARIO_ORDER,S80_SL4_TP8,12261,linhas do cenário não estão em ordem crescente de entry_time.
WARNING,SCENARIO_ORDER,S80_SL4_TP8,12263,linhas do cenário não estão em ordem crescente de entry_time.
WARNING,SCENARIO_ORDER,S80_SL4_TP8,12264,linhas do cenário não estão em ordem crescente de entry_time.
WARNING,SCENARIO_ORDER,S80_SL4_TP8,12266,linhas do cenário não estão em ordem crescente de entry_time.
WARNING,SCENARIO_ORDER,S80_SL4_TP8,12269,linhas do cenário não estão em ordem crescente de entry_time.
WARNING,SCENARIO_ORDER,S80_SL4_TP8,12271,linhas do cenário não estão em ordem crescente de entry_time.
WARNING,SCENARIO_ORDER,S80_SL4_TP8,12272,linhas do cenário não estão em ordem crescente de entry_time.
WARNING,SCENARIO_ORDER,S80_SL4_TP8,12278,linhas do cenário não estão em ordem crescente de entry_time.
WARNING,SCENARIO_ORDER,S80_SL4_TP8,12282,linhas do cenário não estão em ordem crescente de entry_time.
WARNING,SCENARIO_ORDER,S80_SL4_TP8,12286,linhas do cenário não estão em ordem crescente de entry_time.
WARNING,SCENARIO_ORDER,S80_SL4_TP8,12288,linhas do cenário não estão em ordem crescente de entry_time.
WARNING,SCENARIO_ORDER,S80_SL4_TP10,12302,linhas do cenário não estão em ordem crescente de entry_time.
WARNING,SCENARIO_ORDER,S80_SL4_TP10,12303,linhas do cenário não estão em ordem crescente de entry_time.
WARNING,SCENARIO_ORDER,S80_SL4_TP10,12309,linhas do cenário não estão em ordem crescente de entry_time.
WARNING,SCENARIO_ORDER,S80_SL4_TP10,12316,linhas do cenário não estão em ordem crescente de entry_time.
WARNING,SCENARIO_ORDER,S80_SL4_TP10,12321,linhas do cenário não estão em ordem crescente de entry_time.
WARNING,SCENARIO_ORDER,S80_SL4_TP10,12324,linhas do cenário não estão em ordem crescente de entry_time.
WARNING,SCENARIO_ORDER,S80_SL4_TP10,12329,linhas do cenário não estão em ordem crescente de entry_time.
WARNING,SCENARIO_ORDER,S80_SL4_TP10,12334,linhas do cenário não estão em ordem crescente de entry_time.
WARNING,SCENARIO_ORDER,S80_SL4_TP10,12339,linhas do cenário não estão em ordem crescente de entry_time.
WARNING,SCENARIO_ORDER,S80_SL4_TP10,12343,linhas do cenário não estão em ordem crescente de entry_time.
WARNING,SCENARIO_ORDER,S80_SL4_TP10,12346,linhas do cenário não estão em ordem crescente de entry_time.
WARNING,SCENARIO_ORDER,S80_SL4_TP10,12350,linhas do cenário não estão em ordem crescente de entry_time.
WARNING,SCENARIO_ORDER,S80_SL4_TP10,12354,linhas do cenário não estão em ordem crescente de entry_time.
WARNING,SCENARIO_ORDER,S80_SL4_TP10,12357,linhas do cenário não estão em ordem crescente de entry_time.
WARNING,SCENARIO_ORDER,S80_SL4_TP10,12360,linhas do cenário não estão em ordem crescente de entry_time.
WARNING,SCENARIO_ORDER,S80_SL4_TP10,12364,linhas do cenário não estão em ordem crescente de entry_time.
WARNING,SCENARIO_ORDER,S80_SL4_TP10,12368,linhas do cenário não estão em ordem crescente de entry_time.
WARNING,SCENARIO_ORDER,S80_SL4_TP10,12370,linhas do cenário não estão em ordem crescente de entry_time.
WARNING,SCENARIO_ORDER,S80_SL4_TP10,12374,linhas do cenário não estão em ordem crescente de entry_time.
WARNING,SCENARIO_ORDER,S80_SL4_TP10,12377,linhas do cenário não estão em ordem crescente de entry_time.
WARNING,SCENARIO_ORDER,S80_SL4_TP10,12379,linhas do cenário não estão em ordem crescente de entry_time.
WARNING,SCENARIO_ORDER,S80_SL4_TP10,12381,linhas do cenário não estão em ordem crescente de entry_time.
WARNING,SCENARIO_ORDER,S80_SL4_TP10,12385,linhas do cenário não estão em ordem crescente de entry_time.
WARNING,SCENARIO_ORDER,S80_SL4_TP10,12387,linhas do cenário não estão em ordem crescente de entry_time.
WARNING,SCENARIO_ORDER,S80_SL4_TP10,12392,linhas do cenário não estão em ordem crescente de entry_time.
WARNING,SCENARIO_ORDER,S80_SL4_TP10,12397,linhas do cenário não estão em ordem crescente de entry_time.
WARNING,SCENARIO_ORDER,S80_SL4_TP10,12400,linhas do cenário não estão em ordem crescente de entry_time.
WARNING,SCENARIO_ORDER,S80_SL4_TP10,12406,linhas do cenário não estão em ordem crescente de entry_time.
WARNING,SCENARIO_ORDER,S80_SL4_TP10,12408,linhas do cenário não estão em ordem crescente de entry_time.
WARNING,SCENARIO_ORDER,S80_SL4_TP10,12411,linhas do cenário não estão em ordem crescente de entry_time.
WARNING,SCENARIO_ORDER,S80_SL4_TP10,12414,linhas do cenário não estão em ordem crescente de entry_time.
WARNING,SCENARIO_ORDER,S80_SL4_TP10,12419,linhas do cenário não estão em ordem crescente de entry_time.
WARNING,SCENARIO_ORDER,S80_SL4_TP10,12420,linhas do cenário não estão em ordem crescente de entry_time.
WARNING,SCENARIO_ORDER,S80_SL4_TP10,12424,linhas do cenário não estão em ordem crescente de entry_time.
WARNING,SCENARIO_ORDER,S80_SL4_TP10,12431,linhas do cenário não estão em ordem crescente de entry_time.
WARNING,SCENARIO_ORDER,S80_SL4_TP10,12437,linhas do cenário não estão em ordem crescente de entry_time.
WARNING,SCENARIO_ORDER,S80_SL4_TP10,12441,linhas do cenário não estão em ordem crescente de entry_time.
WARNING,SCENARIO_ORDER,S80_SL4_TP10,12445,linhas do cenário não estão em ordem crescente de entry_time.
WARNING,SCENARIO_ORDER,S80_SL4_TP10,12447,linhas do cenário não estão em ordem crescente de entry_time.
WARNING,SCENARIO_ORDER,S80_SL4_TP10,12452,linhas do cenário não estão em ordem crescente de entry_time.
WARNING,SCENARIO_ORDER,S80_SL4_TP10,12454,linhas do cenário não estão em ordem crescente de entry_time.
WARNING,SCENARIO_ORDER,S80_SL4_TP10,12458,linhas do cenário não estão em ordem crescente de entry_time.
WARNING,SCENARIO_ORDER,S80_SL4_TP10,12463,linhas do cenário não estão em ordem crescente de entry_time.
WARNING,SCENARIO_ORDER,S80_SL4_TP10,12466,linhas do cenário não estão em ordem crescente de entry_time.
WARNING,SCENARIO_ORDER,S80_SL4_TP10,12468,linhas do cenário não estão em ordem crescente de entry_time.
WARNING,SCENARIO_ORDER,S80_SL4_TP10,12475,linhas do cenário não estão em ordem crescente de entry_time.
WARNING,SCENARIO_ORDER,S80_SL4_TP10,12483,linhas do cenário não estão em ordem crescente de entry_time.
WARNING,SCENARIO_ORDER,S80_SL4_TP10,12485,linhas do cenário não estão em ordem crescente de entry_time.
WARNING,SCENARIO_ORDER,S80_SL4_TP10,12494,linhas do cenário não estão em ordem crescente de entry_time.
WARNING,SCENARIO_ORDER,S80_SL4_TP10,12497,linhas do cenário não estão em ordem crescente de entry_time.
WARNING,SCENARIO_ORDER,S80_SL4_TP10,12500,linhas do cenário não estão em ordem crescente de entry_time.
WARNING,SCENARIO_ORDER,S80_SL4_TP10,12505,linhas do cenário não estão em ordem crescente de entry_time.
WARNING,SCENARIO_ORDER,S80_SL4_TP10,12511,linhas do cenário não estão em ordem crescente de entry_time.
WARNING,SCENARIO_ORDER,S80_SL4_TP10,12516,linhas do cenário não estão em ordem crescente de entry_time.
WARNING,SCENARIO_ORDER,S80_SL4_TP10,12521,linhas do cenário não estão em ordem crescente de entry_time.
WARNING,SCENARIO_ORDER,S80_SL4_TP10,12522,linhas do cenário não estão em ordem crescente de entry_time.
WARNING,SCENARIO_ORDER,S80_SL4_TP10,12525,linhas do cenário não estão em ordem crescente de entry_time.
WARNING,SCENARIO_ORDER,S80_SL4_TP10,12529,linhas do cenário não estão em ordem crescente de entry_time.
WARNING,SCENARIO_ORDER,S80_SL4_TP10,12531,linhas do cenário não estão em ordem crescente de entry_time.
WARNING,SCENARIO_ORDER,S80_SL4_TP10,12534,linhas do cenário não estão em ordem crescente de entry_time.
WARNING,SCENARIO_ORDER,S80_SL4_TP10,12535,linhas do cenário não estão em ordem crescente de entry_time.
WARNING,SCENARIO_ORDER,S80_SL4_TP10,12537,linhas do cenário não estão em ordem crescente de entry_time.
WARNING,SCENARIO_ORDER,S80_SL4_TP10,12541,linhas do cenário não estão em ordem crescente de entry_time.
WARNING,SCENARIO_ORDER,S80_SL4_TP10,12543,linhas do cenário não estão em ordem crescente de entry_time.
WARNING,SCENARIO_ORDER,S80_SL4_TP10,12549,linhas do cenário não estão em ordem crescente de entry_time.
WARNING,SCENARIO_ORDER,S80_SL4_TP10,12551,linhas do cenário não estão em ordem crescente de entry_time.
WARNING,SCENARIO_ORDER,S80_SL4_TP10,12552,linhas do cenário não estão em ordem crescente de entry_time.
WARNING,SCENARIO_ORDER,S80_SL4_TP10,12562,linhas do cenário não estão em ordem crescente de entry_time.
WARNING,SCENARIO_ORDER,S80_SL4_TP10,12566,linhas do cenário não estão em ordem crescente de entry_time.
WARNING,SCENARIO_ORDER,S80_SL4_TP10,12572,linhas do cenário não estão em ordem crescente de entry_time.
WARNING,SCENARIO_ORDER,S80_SL4_TP10,12574,linhas do cenário não estão em ordem crescente de entry_time.
WARNING,SCENARIO_ORDER,S80_SL4_TP10,12583,linhas do cenário não estão em ordem crescente de entry_time.
WARNING,SCENARIO_ORDER,S80_SL4_TP10,12584,linhas do cenário não estão em ordem crescente de entry_time.
WARNING,SCENARIO_ORDER,S80_SL4_TP10,12588,linhas do cenário não estão em ordem crescente de entry_time.
WARNING,SCENARIO_ORDER,S80_SL4_TP10,12590,linhas do cenário não estão em ordem crescente de entry_time.
WARNING,SCENARIO_ORDER,S80_SL4_TP10,12592,linhas do cenário não estão em ordem crescente de entry_time.
WARNING,SCENARIO_ORDER,S80_SL4_TP10,12594,linhas do cenário não estão em ordem crescente de entry_time.
WARNING,SCENARIO_ORDER,S80_SL4_TP10,12595,linhas do cenário não estão em ordem crescente de entry_time.
WARNING,SCENARIO_ORDER,S80_SL4_TP12,12608,linhas do cenário não estão em ordem crescente de entry_time.
WARNING,SCENARIO_ORDER,S80_SL4_TP12,12610,linhas do cenário não estão em ordem crescente de entry_time.
WARNING,SCENARIO_ORDER,S80_SL4_TP12,12616,linhas do cenário não estão em ordem crescente de entry_time.
WARNING,SCENARIO_ORDER,S80_SL4_TP12,12623,linhas do cenário não estão em ordem crescente de entry_time.
WARNING,SCENARIO_ORDER,S80_SL4_TP12,12628,linhas do cenário não estão em ordem crescente de entry_time.
WARNING,SCENARIO_ORDER,S80_SL4_TP12,12631,linhas do cenário não estão em ordem crescente de entry_time.
WARNING,SCENARIO_ORDER,S80_SL4_TP12,12636,linhas do cenário não estão em ordem crescente de entry_time.
WARNING,SCENARIO_ORDER,S80_SL4_TP12,12644,linhas do cenário não estão em ordem crescente de entry_time.
WARNING,SCENARIO_ORDER,S80_SL4_TP12,12646,linhas do cenário não estão em ordem crescente de entry_time.
WARNING,SCENARIO_ORDER,S80_SL4_TP12,12649,linhas do cenário não estão em ordem crescente de entry_time.
WARNING,SCENARIO_ORDER,S80_SL4_TP12,12660,linhas do cenário não estão em ordem crescente de entry_time.
WARNING,SCENARIO_ORDER,S80_SL4_TP12,12663,linhas do cenário não estão em ordem crescente de entry_time.
WARNING,SCENARIO_ORDER,S80_SL4_TP12,12665,linhas do cenário não estão em ordem crescente de entry_time.
WARNING,SCENARIO_ORDER,S80_SL4_TP12,12668,linhas do cenário não estão em ordem crescente de entry_time.
WARNING,SCENARIO_ORDER,S80_SL4_TP12,12672,linhas do cenário não estão em ordem crescente de entry_time.
WARNING,SCENARIO_ORDER,S80_SL4_TP12,12674,linhas do cenário não estão em ordem crescente de entry_time.
WARNING,SCENARIO_ORDER,S80_SL4_TP12,12678,linhas do cenário não estão em ordem crescente de entry_time.
WARNING,SCENARIO_ORDER,S80_SL4_TP12,12682,linhas do cenário não estão em ordem crescente de entry_time.
WARNING,SCENARIO_ORDER,S80_SL4_TP12,12685,linhas do cenário não estão em ordem crescente de entry_time.
WARNING,SCENARIO_ORDER,S80_SL4_TP12,12689,linhas do cenário não estão em ordem crescente de entry_time.
WARNING,SCENARIO_ORDER,S80_SL4_TP12,12698,linhas do cenário não estão em ordem crescente de entry_time.
WARNING,SCENARIO_ORDER,S80_SL4_TP12,12701,linhas do cenário não estão em ordem crescente de entry_time.
WARNING,SCENARIO_ORDER,S80_SL4_TP12,12708,linhas do cenário não estão em ordem crescente de entry_time.
WARNING,SCENARIO_ORDER,S80_SL4_TP12,12710,linhas do cenário não estão em ordem crescente de entry_time.
WARNING,SCENARIO_ORDER,S80_SL4_TP12,12712,linhas do cenário não estão em ordem crescente de entry_time.
WARNING,SCENARIO_ORDER,S80_SL4_TP12,12715,linhas do cenário não estão em ordem crescente de entry_time.
WARNING,SCENARIO_ORDER,S80_SL4_TP12,12722,linhas do cenário não estão em ordem crescente de entry_time.
WARNING,SCENARIO_ORDER,S80_SL4_TP12,12725,linhas do cenário não estão em ordem crescente de entry_time.
WARNING,SCENARIO_ORDER,S80_SL4_TP12,12728,linhas do cenário não estão em ordem crescente de entry_time.
WARNING,SCENARIO_ORDER,S80_SL4_TP12,12739,linhas do cenário não estão em ordem crescente de entry_time.
WARNING,SCENARIO_ORDER,S80_SL4_TP12,12743,linhas do cenário não estão em ordem crescente de entry_time.
WARNING,SCENARIO_ORDER,S80_SL4_TP12,12753,linhas do cenário não estão em ordem crescente de entry_time.
WARNING,SCENARIO_ORDER,S80_SL4_TP12,12756,linhas do cenário não estão em ordem crescente de entry_time.
WARNING,SCENARIO_ORDER,S80_SL4_TP12,12759,linhas do cenário não estão em ordem crescente de entry_time.
WARNING,SCENARIO_ORDER,S80_SL4_TP12,12765,linhas do cenário não estão em ordem crescente de entry_time.
WARNING,SCENARIO_ORDER,S80_SL4_TP12,12770,linhas do cenário não estão em ordem crescente de entry_time.
WARNING,SCENARIO_ORDER,S80_SL4_TP12,12773,linhas do cenário não estão em ordem crescente de entry_time.
WARNING,SCENARIO_ORDER,S80_SL4_TP12,12776,linhas do cenário não estão em ordem crescente de entry_time.
WARNING,SCENARIO_ORDER,S80_SL4_TP12,12780,linhas do cenário não estão em ordem crescente de entry_time.
WARNING,SCENARIO_ORDER,S80_SL4_TP12,12790,linhas do cenário não estão em ordem crescente de entry_time.
WARNING,SCENARIO_ORDER,S80_SL4_TP12,12795,linhas do cenário não estão em ordem crescente de entry_time.
WARNING,SCENARIO_ORDER,S80_SL4_TP12,12798,linhas do cenário não estão em ordem crescente de entry_time.
WARNING,SCENARIO_ORDER,S80_SL4_TP12,12805,linhas do cenário não estão em ordem crescente de entry_time.
WARNING,SCENARIO_ORDER,S80_SL4_TP12,12808,linhas do cenário não estão em ordem crescente de entry_time.
WARNING,SCENARIO_ORDER,S80_SL4_TP12,12814,linhas do cenário não estão em ordem crescente de entry_time.
WARNING,SCENARIO_ORDER,S80_SL4_TP12,12818,linhas do cenário não estão em ordem crescente de entry_time.
WARNING,SCENARIO_ORDER,S80_SL4_TP12,12821,linhas do cenário não estão em ordem crescente de entry_time.
WARNING,SCENARIO_ORDER,S80_SL4_TP12,12828,linhas do cenário não estão em ordem crescente de entry_time.
WARNING,SCENARIO_ORDER,S80_SL4_TP12,12832,linhas do cenário não estão em ordem crescente de entry_time.
WARNING,SCENARIO_ORDER,S80_SL4_TP12,12836,linhas do cenário não estão em ordem crescente de entry_time.
WARNING,SCENARIO_ORDER,S80_SL4_TP12,12838,linhas do cenário não estão em ordem crescente de entry_time.
WARNING,SCENARIO_ORDER,S80_SL4_TP12,12843,linhas do cenário não estão em ordem crescente de entry_time.
WARNING,SCENARIO_ORDER,S80_SL4_TP12,12847,linhas do cenário não estão em ordem crescente de entry_time.
WARNING,SCENARIO_ORDER,S80_SL4_TP12,12851,linhas do cenário não estão em ordem crescente de entry_time.
WARNING,SCENARIO_ORDER,S80_SL4_TP12,12856,linhas do cenário não estão em ordem crescente de entry_time.
WARNING,SCENARIO_ORDER,S80_SL4_TP12,12866,linhas do cenário não estão em ordem crescente de entry_time.
WARNING,SCENARIO_ORDER,S80_SL4_TP12,12868,linhas do cenário não estão em ordem crescente de entry_time.
WARNING,SCENARIO_ORDER,S80_SL4_TP12,12870,linhas do cenário não estão em ordem crescente de entry_time.
WARNING,SCENARIO_ORDER,S80_SL4_TP12,12873,linhas do cenário não estão em ordem crescente de entry_time.
WARNING,SCENARIO_ORDER,S80_SL4_TP12,12880,linhas do cenário não estão em ordem crescente de entry_time.
WARNING,SCENARIO_ORDER,S80_SL4_TP12,12886,linhas do cenário não estão em ordem crescente de entry_time.
WARNING,SCENARIO_ORDER,S80_SL4_TP12,12889,linhas do cenário não estão em ordem crescente de entry_time.
WARNING,SCENARIO_ORDER,S80_SL4_TP12,12891,linhas do cenário não estão em ordem crescente de entry_time.
WARNING,SCENARIO_ORDER,S80_SL4_TP15,12904,linhas do cenário não estão em ordem crescente de entry_time.
WARNING,SCENARIO_ORDER,S80_SL4_TP15,12906,linhas do cenário não estão em ordem crescente de entry_time.
WARNING,SCENARIO_ORDER,S80_SL4_TP15,12912,linhas do cenário não estão em ordem crescente de entry_time.
WARNING,SCENARIO_ORDER,S80_SL4_TP15,12919,linhas do cenário não estão em ordem crescente de entry_time.
WARNING,SCENARIO_ORDER,S80_SL4_TP15,12924,linhas do cenário não estão em ordem crescente de entry_time.
WARNING,SCENARIO_ORDER,S80_SL4_TP15,12927,linhas do cenário não estão em ordem crescente de entry_time.
WARNING,SCENARIO_ORDER,S80_SL4_TP15,12931,linhas do cenário não estão em ordem crescente de entry_time.
WARNING,SCENARIO_ORDER,S80_SL4_TP15,12940,linhas do cenário não estão em ordem crescente de entry_time.
WARNING,SCENARIO_ORDER,S80_SL4_TP15,12942,linhas do cenário não estão em ordem crescente de entry_time.
WARNING,SCENARIO_ORDER,S80_SL4_TP15,12944,linhas do cenário não estão em ordem crescente de entry_time.
WARNING,SCENARIO_ORDER,S80_SL4_TP15,12951,linhas do cenário não estão em ordem crescente de entry_time.
WARNING,SCENARIO_ORDER,S80_SL4_TP15,12955,linhas do cenário não estão em ordem crescente de entry_time.
WARNING,SCENARIO_ORDER,S80_SL4_TP15,12958,linhas do cenário não estão em ordem crescente de entry_time.
WARNING,SCENARIO_ORDER,S80_SL4_TP15,12961,linhas do cenário não estão em ordem crescente de entry_time.
WARNING,SCENARIO_ORDER,S80_SL4_TP15,12965,linhas do cenário não estão em ordem crescente de entry_time.
WARNING,SCENARIO_ORDER,S80_SL4_TP15,12967,linhas do cenário não estão em ordem crescente de entry_time.
WARNING,SCENARIO_ORDER,S80_SL4_TP15,12972,linhas do cenário não estão em ordem crescente de entry_time.
WARNING,SCENARIO_ORDER,S80_SL4_TP15,12975,linhas do cenário não estão em ordem crescente de entry_time.
WARNING,SCENARIO_ORDER,S80_SL4_TP15,12978,linhas do cenário não estão em ordem crescente de entry_time.
WARNING,SCENARIO_ORDER,S80_SL4_TP15,12981,linhas do cenário não estão em ordem crescente de entry_time.
WARNING,SCENARIO_ORDER,S80_SL4_TP15,12984,linhas do cenário não estão em ordem crescente de entry_time.
WARNING,SCENARIO_ORDER,S80_SL4_TP15,12994,linhas do cenário não estão em ordem crescente de entry_time.
WARNING,SCENARIO_ORDER,S80_SL4_TP15,13004,linhas do cenário não estão em ordem crescente de entry_time.
WARNING,SCENARIO_ORDER,S80_SL4_TP15,13007,linhas do cenário não estão em ordem crescente de entry_time.
WARNING,SCENARIO_ORDER,S80_SL4_TP15,13011,linhas do cenário não estão em ordem crescente de entry_time.
WARNING,SCENARIO_ORDER,S80_SL4_TP15,13014,linhas do cenário não estão em ordem crescente de entry_time.
WARNING,SCENARIO_ORDER,S80_SL4_TP15,13016,linhas do cenário não estão em ordem crescente de entry_time.
WARNING,SCENARIO_ORDER,S80_SL4_TP15,13018,linhas do cenário não estão em ordem crescente de entry_time.
WARNING,SCENARIO_ORDER,S80_SL4_TP15,13020,linhas do cenário não estão em ordem crescente de entry_time.
WARNING,SCENARIO_ORDER,S80_SL4_TP15,13021,linhas do cenário não estão em ordem crescente de entry_time.
WARNING,SCENARIO_ORDER,S80_SL4_TP15,13024,linhas do cenário não estão em ordem crescente de entry_time.
WARNING,SCENARIO_ORDER,S80_SL4_TP15,13029,linhas do cenário não estão em ordem crescente de entry_time.
WARNING,SCENARIO_ORDER,S80_SL4_TP15,13033,linhas do cenário não estão em ordem crescente de entry_time.
WARNING,SCENARIO_ORDER,S80_SL4_TP15,13036,linhas do cenário não estão em ordem crescente de entry_time.
WARNING,SCENARIO_ORDER,S80_SL4_TP15,13048,linhas do cenário não estão em ordem crescente de entry_time.
WARNING,SCENARIO_ORDER,S80_SL4_TP15,13050,linhas do cenário não estão em ordem crescente de entry_time.
WARNING,SCENARIO_ORDER,S80_SL4_TP15,13057,linhas do cenário não estão em ordem crescente de entry_time.
WARNING,SCENARIO_ORDER,S80_SL4_TP15,13061,linhas do cenário não estão em ordem crescente de entry_time.
WARNING,SCENARIO_ORDER,S80_SL4_TP15,13064,linhas do cenário não estão em ordem crescente de entry_time.
WARNING,SCENARIO_ORDER,S80_SL4_TP15,13066,linhas do cenário não estão em ordem crescente de entry_time.
WARNING,SCENARIO_ORDER,S80_SL4_TP15,13068,linhas do cenário não estão em ordem crescente de entry_time.
WARNING,SCENARIO_ORDER,S80_SL4_TP15,13072,linhas do cenário não estão em ordem crescente de entry_time.
WARNING,SCENARIO_ORDER,S80_SL4_TP15,13075,linhas do cenário não estão em ordem crescente de entry_time.
WARNING,SCENARIO_ORDER,S80_SL4_TP15,13078,linhas do cenário não estão em ordem crescente de entry_time.
WARNING,SCENARIO_ORDER,S80_SL4_TP15,13082,linhas do cenário não estão em ordem crescente de entry_time.
WARNING,SCENARIO_ORDER,S80_SL4_TP15,13088,linhas do cenário não estão em ordem crescente de entry_time.
WARNING,SCENARIO_ORDER,S80_SL4_TP15,13091,linhas do cenário não estão em ordem crescente de entry_time.
WARNING,SCENARIO_ORDER,S80_SL4_TP15,13093,linhas do cenário não estão em ordem crescente de entry_time.
WARNING,SCENARIO_ORDER,S80_SL4_TP15,13098,linhas do cenário não estão em ordem crescente de entry_time.
WARNING,SCENARIO_ORDER,S80_SL4_TP15,13103,linhas do cenário não estão em ordem crescente de entry_time.
WARNING,SCENARIO_ORDER,S80_SL4_TP15,13105,linhas do cenário não estão em ordem crescente de entry_time.
WARNING,SCENARIO_ORDER,S80_SL4_TP15,13107,linhas do cenário não estão em ordem crescente de entry_time.
WARNING,SCENARIO_ORDER,S80_SL4_TP15,13108,linhas do cenário não estão em ordem crescente de entry_time.
WARNING,SCENARIO_ORDER,S80_SL4_TP15,13111,linhas do cenário não estão em ordem crescente de entry_time.
WARNING,SCENARIO_ORDER,S80_SL4_TP15,13114,linhas do cenário não estão em ordem crescente de entry_time.
WARNING,SCENARIO_ORDER,S80_SL4_TP15,13117,linhas do cenário não estão em ordem crescente de entry_time.
WARNING,SCENARIO_ORDER,S80_SL4_TP15,13121,linhas do cenário não estão em ordem crescente de entry_time.
WARNING,SCENARIO_ORDER,S80_SL4_TP15,13123,linhas do cenário não estão em ordem crescente de entry_time.
WARNING,SCENARIO_ORDER,S80_SL4_TP15,13129,linhas do cenário não estão em ordem crescente de entry_time.
WARNING,SCENARIO_ORDER,S80_SL4_TP15,13132,linhas do cenário não estão em ordem crescente de entry_time.
WARNING,SCENARIO_ORDER,S80_SL4_TP15,13134,linhas do cenário não estão em ordem crescente de entry_time.
WARNING,SCENARIO_ORDER,S80_SL4_TP15,13136,linhas do cenário não estão em ordem crescente de entry_time.
WARNING,SCENARIO_ORDER,S80_SL4_TP15,13139,linhas do cenário não estão em ordem crescente de entry_time.
WARNING,SCENARIO_ORDER,S80_SL4_TP15,13141,linhas do cenário não estão em ordem crescente de entry_time.
WARNING,SCENARIO_ORDER,S80_SL4_TP15,13146,linhas do cenário não estão em ordem crescente de entry_time.
WARNING,SCENARIO_ORDER,S80_SL4_TP15,13150,linhas do cenário não estão em ordem crescente de entry_time.
WARNING,SCENARIO_ORDER,S80_SL4_TP15,13154,linhas do cenário não estão em ordem crescente de entry_time.
WARNING,SCENARIO_ORDER,S80_SL4_TP15,13159,linhas do cenário não estão em ordem crescente de entry_time.
WARNING,SCENARIO_ORDER,S80_SL4_TP15,13161,linhas do cenário não estão em ordem crescente de entry_time.
WARNING,SCENARIO_ORDER,S80_SL4_TP15,13165,linhas do cenário não estão em ordem crescente de entry_time.
WARNING,SCENARIO_ORDER,S80_SL4_TP15,13167,linhas do cenário não estão em ordem crescente de entry_time.
WARNING,SCENARIO_ORDER,S80_SL4_TP15,13170,linhas do cenário não estão em ordem crescente de entry_time.
WARNING,SCENARIO_ORDER,S80_SL4_TP15,13173,linhas do cenário não estão em ordem crescente de entry_time.
WARNING,SCENARIO_ORDER,S80_SL4_TP15,13183,linhas do cenário não estão em ordem crescente de entry_time.
WARNING,SCENARIO_ORDER,S80_SL4_TP15,13185,linhas do cenário não estão em ordem crescente de entry_time.
WARNING,SCENARIO_ORDER,S80_SL4_TP15,13187,linhas do cenário não estão em ordem crescente de entry_time.
WARNING,SCENARIO_ORDER,S80_SL5_TP8,13201,linhas do cenário não estão em ordem crescente de entry_time.
WARNING,SCENARIO_ORDER,S80_SL5_TP8,13202,linhas do cenário não estão em ordem crescente de entry_time.
WARNING,SCENARIO_ORDER,S80_SL5_TP8,13216,linhas do cenário não estão em ordem crescente de entry_time.
WARNING,SCENARIO_ORDER,S80_SL5_TP8,13221,linhas do cenário não estão em ordem crescente de entry_time.
WARNING,SCENARIO_ORDER,S80_SL5_TP8,13223,linhas do cenário não estão em ordem crescente de entry_time.
WARNING,SCENARIO_ORDER,S80_SL5_TP8,13233,linhas do cenário não estão em ordem crescente de entry_time.
WARNING,SCENARIO_ORDER,S80_SL5_TP8,13237,linhas do cenário não estão em ordem crescente de entry_time.
WARNING,SCENARIO_ORDER,S80_SL5_TP8,13242,linhas do cenário não estão em ordem crescente de entry_time.
WARNING,SCENARIO_ORDER,S80_SL5_TP8,13244,linhas do cenário não estão em ordem crescente de entry_time.
WARNING,SCENARIO_ORDER,S80_SL5_TP8,13247,linhas do cenário não estão em ordem crescente de entry_time.
WARNING,SCENARIO_ORDER,S80_SL5_TP8,13253,linhas do cenário não estão em ordem crescente de entry_time.
WARNING,SCENARIO_ORDER,S80_SL5_TP8,13260,linhas do cenário não estão em ordem crescente de entry_time.
WARNING,SCENARIO_ORDER,S80_SL5_TP8,13267,linhas do cenário não estão em ordem crescente de entry_time.
WARNING,SCENARIO_ORDER,S80_SL5_TP8,13269,linhas do cenário não estão em ordem crescente de entry_time.
WARNING,SCENARIO_ORDER,S80_SL5_TP8,13271,linhas do cenário não estão em ordem crescente de entry_time.
WARNING,SCENARIO_ORDER,S80_SL5_TP8,13273,linhas do cenário não estão em ordem crescente de entry_time.
WARNING,SCENARIO_ORDER,S80_SL5_TP8,13276,linhas do cenário não estão em ordem crescente de entry_time.
WARNING,SCENARIO_ORDER,S80_SL5_TP8,13279,linhas do cenário não estão em ordem crescente de entry_time.
WARNING,SCENARIO_ORDER,S80_SL5_TP8,13281,linhas do cenário não estão em ordem crescente de entry_time.
WARNING,SCENARIO_ORDER,S80_SL5_TP8,13291,linhas do cenário não estão em ordem crescente de entry_time.
WARNING,SCENARIO_ORDER,S80_SL5_TP8,13293,linhas do cenário não estão em ordem crescente de entry_time.
WARNING,SCENARIO_ORDER,S80_SL5_TP8,13297,linhas do cenário não estão em ordem crescente de entry_time.
WARNING,SCENARIO_ORDER,S80_SL5_TP8,13302,linhas do cenário não estão em ordem crescente de entry_time.
WARNING,SCENARIO_ORDER,S80_SL5_TP8,13306,linhas do cenário não estão em ordem crescente de entry_time.
WARNING,SCENARIO_ORDER,S80_SL5_TP8,13308,linhas do cenário não estão em ordem crescente de entry_time.
WARNING,SCENARIO_ORDER,S80_SL5_TP8,13309,linhas do cenário não estão em ordem crescente de entry_time.
WARNING,SCENARIO_ORDER,S80_SL5_TP8,13312,linhas do cenário não estão em ordem crescente de entry_time.
WARNING,SCENARIO_ORDER,S80_SL5_TP8,13314,linhas do cenário não estão em ordem crescente de entry_time.
WARNING,SCENARIO_ORDER,S80_SL5_TP8,13318,linhas do cenário não estão em ordem crescente de entry_time.
WARNING,SCENARIO_ORDER,S80_SL5_TP8,13320,linhas do cenário não estão em ordem crescente de entry_time.
WARNING,SCENARIO_ORDER,S80_SL5_TP8,13321,linhas do cenário não estão em ordem crescente de entry_time.
WARNING,SCENARIO_ORDER,S80_SL5_TP8,13328,linhas do cenário não estão em ordem crescente de entry_time.
WARNING,SCENARIO_ORDER,S80_SL5_TP8,13333,linhas do cenário não estão em ordem crescente de entry_time.
WARNING,SCENARIO_ORDER,S80_SL5_TP8,13339,linhas do cenário não estão em ordem crescente de entry_time.
WARNING,SCENARIO_ORDER,S80_SL5_TP8,13346,linhas do cenário não estão em ordem crescente de entry_time.
WARNING,SCENARIO_ORDER,S80_SL5_TP8,13347,linhas do cenário não estão em ordem crescente de entry_time.
WARNING,SCENARIO_ORDER,S80_SL5_TP8,13350,linhas do cenário não estão em ordem crescente de entry_time.
WARNING,SCENARIO_ORDER,S80_SL5_TP8,13353,linhas do cenário não estão em ordem crescente de entry_time.
WARNING,SCENARIO_ORDER,S80_SL5_TP8,13355,linhas do cenário não estão em ordem crescente de entry_time.
WARNING,SCENARIO_ORDER,S80_SL5_TP8,13359,linhas do cenário não estão em ordem crescente de entry_time.
WARNING,SCENARIO_ORDER,S80_SL5_TP8,13363,linhas do cenário não estão em ordem crescente de entry_time.
WARNING,SCENARIO_ORDER,S80_SL5_TP8,13367,linhas do cenário não estão em ordem crescente de entry_time.
WARNING,SCENARIO_ORDER,S80_SL5_TP8,13371,linhas do cenário não estão em ordem crescente de entry_time.
WARNING,SCENARIO_ORDER,S80_SL5_TP8,13374,linhas do cenário não estão em ordem crescente de entry_time.
WARNING,SCENARIO_ORDER,S80_SL5_TP8,13376,linhas do cenário não estão em ordem crescente de entry_time.
WARNING,SCENARIO_ORDER,S80_SL5_TP8,13378,linhas do cenário não estão em ordem crescente de entry_time.
WARNING,SCENARIO_ORDER,S80_SL5_TP8,13386,linhas do cenário não estão em ordem crescente de entry_time.
WARNING,SCENARIO_ORDER,S80_SL5_TP8,13392,linhas do cenário não estão em ordem crescente de entry_time.
WARNING,SCENARIO_ORDER,S80_SL5_TP8,13404,linhas do cenário não estão em ordem crescente de entry_time.
WARNING,SCENARIO_ORDER,S80_SL5_TP8,13411,linhas do cenário não estão em ordem crescente de entry_time.
WARNING,SCENARIO_ORDER,S80_SL5_TP8,13414,linhas do cenário não estão em ordem crescente de entry_time.
WARNING,SCENARIO_ORDER,S80_SL5_TP8,13417,linhas do cenário não estão em ordem crescente de entry_time.
WARNING,SCENARIO_ORDER,S80_SL5_TP8,13420,linhas do cenário não estão em ordem crescente de entry_time.
WARNING,SCENARIO_ORDER,S80_SL5_TP8,13423,linhas do cenário não estão em ordem crescente de entry_time.
WARNING,SCENARIO_ORDER,S80_SL5_TP8,13425,linhas do cenário não estão em ordem crescente de entry_time.
WARNING,SCENARIO_ORDER,S80_SL5_TP8,13427,linhas do cenário não estão em ordem crescente de entry_time.
WARNING,SCENARIO_ORDER,S80_SL5_TP8,13431,linhas do cenário não estão em ordem crescente de entry_time.
WARNING,SCENARIO_ORDER,S80_SL5_TP8,13433,linhas do cenário não estão em ordem crescente de entry_time.
WARNING,SCENARIO_ORDER,S80_SL5_TP8,13434,linhas do cenário não estão em ordem crescente de entry_time.
WARNING,SCENARIO_ORDER,S80_SL5_TP8,13436,linhas do cenário não estão em ordem crescente de entry_time.
WARNING,SCENARIO_ORDER,S80_SL5_TP8,13438,linhas do cenário não estão em ordem crescente de entry_time.
WARNING,SCENARIO_ORDER,S80_SL5_TP8,13443,linhas do cenário não estão em ordem crescente de entry_time.
WARNING,SCENARIO_ORDER,S80_SL5_TP8,13445,linhas do cenário não estão em ordem crescente de entry_time.
WARNING,SCENARIO_ORDER,S80_SL5_TP8,13447,linhas do cenário não estão em ordem crescente de entry_time.
WARNING,SCENARIO_ORDER,S80_SL5_TP8,13450,linhas do cenário não estão em ordem crescente de entry_time.
WARNING,SCENARIO_ORDER,S80_SL5_TP8,13457,linhas do cenário não estão em ordem crescente de entry_time.
WARNING,SCENARIO_ORDER,S80_SL5_TP8,13459,linhas do cenário não estão em ordem crescente de entry_time.
WARNING,SCENARIO_ORDER,S80_SL5_TP8,13460,linhas do cenário não estão em ordem crescente de entry_time.
WARNING,SCENARIO_ORDER,S80_SL5_TP8,13463,linhas do cenário não estão em ordem crescente de entry_time.
WARNING,SCENARIO_ORDER,S80_SL5_TP8,13465,linhas do cenário não estão em ordem crescente de entry_time.
WARNING,SCENARIO_ORDER,S80_SL5_TP8,13469,linhas do cenário não estão em ordem crescente de entry_time.
WARNING,SCENARIO_ORDER,S80_SL5_TP8,13471,linhas do cenário não estão em ordem crescente de entry_time.
WARNING,SCENARIO_ORDER,S80_SL5_TP8,13473,linhas do cenário não estão em ordem crescente de entry_time.
WARNING,SCENARIO_ORDER,S80_SL5_TP8,13477,linhas do cenário não estão em ordem crescente de entry_time.
WARNING,SCENARIO_ORDER,S80_SL5_TP8,13480,linhas do cenário não estão em ordem crescente de entry_time.
WARNING,SCENARIO_ORDER,S80_SL5_TP8,13483,linhas do cenário não estão em ordem crescente de entry_time.
WARNING,SCENARIO_ORDER,S80_SL5_TP8,13488,linhas do cenário não estão em ordem crescente de entry_time.
WARNING,SCENARIO_ORDER,S80_SL5_TP8,13490,linhas do cenário não estão em ordem crescente de entry_time.
WARNING,SCENARIO_ORDER,S80_SL5_TP8,13491,linhas do cenário não estão em ordem crescente de entry_time.
WARNING,SCENARIO_ORDER,S80_SL5_TP10,13504,linhas do cenário não estão em ordem crescente de entry_time.
WARNING,SCENARIO_ORDER,S80_SL5_TP10,13505,linhas do cenário não estão em ordem crescente de entry_time.
WARNING,SCENARIO_ORDER,S80_SL5_TP10,13519,linhas do cenário não estão em ordem crescente de entry_time.
WARNING,SCENARIO_ORDER,S80_SL5_TP10,13524,linhas do cenário não estão em ordem crescente de entry_time.
WARNING,SCENARIO_ORDER,S80_SL5_TP10,13526,linhas do cenário não estão em ordem crescente de entry_time.
WARNING,SCENARIO_ORDER,S80_SL5_TP10,13536,linhas do cenário não estão em ordem crescente de entry_time.
WARNING,SCENARIO_ORDER,S80_SL5_TP10,13539,linhas do cenário não estão em ordem crescente de entry_time.
WARNING,SCENARIO_ORDER,S80_SL5_TP10,13544,linhas do cenário não estão em ordem crescente de entry_time.
WARNING,SCENARIO_ORDER,S80_SL5_TP10,13546,linhas do cenário não estão em ordem crescente de entry_time.
WARNING,SCENARIO_ORDER,S80_SL5_TP10,13548,linhas do cenário não estão em ordem crescente de entry_time.
WARNING,SCENARIO_ORDER,S80_SL5_TP10,13551,linhas do cenário não estão em ordem crescente de entry_time.
WARNING,SCENARIO_ORDER,S80_SL5_TP10,13555,linhas do cenário não estão em ordem crescente de entry_time.
WARNING,SCENARIO_ORDER,S80_SL5_TP10,13563,linhas do cenário não estão em ordem crescente de entry_time.
WARNING,SCENARIO_ORDER,S80_SL5_TP10,13568,linhas do cenário não estão em ordem crescente de entry_time.
WARNING,SCENARIO_ORDER,S80_SL5_TP10,13569,linhas do cenário não estão em ordem crescente de entry_time.
WARNING,SCENARIO_ORDER,S80_SL5_TP10,13571,linhas do cenário não estão em ordem crescente de entry_time.
WARNING,SCENARIO_ORDER,S80_SL5_TP10,13572,linhas do cenário não estão em ordem crescente de entry_time.
WARNING,SCENARIO_ORDER,S80_SL5_TP10,13574,linhas do cenário não estão em ordem crescente de entry_time.
WARNING,SCENARIO_ORDER,S80_SL5_TP10,13577,linhas do cenário não estão em ordem crescente de entry_time.
WARNING,SCENARIO_ORDER,S80_SL5_TP10,13579,linhas do cenário não estão em ordem crescente de entry_time.
WARNING,SCENARIO_ORDER,S80_SL5_TP10,13581,linhas do cenário não estão em ordem crescente de entry_time.
WARNING,SCENARIO_ORDER,S80_SL5_TP10,13593,linhas do cenário não estão em ordem crescente de entry_time.
WARNING,SCENARIO_ORDER,S80_SL5_TP10,13596,linhas do cenário não estão em ordem crescente de entry_time.
WARNING,SCENARIO_ORDER,S80_SL5_TP10,13600,linhas do cenário não estão em ordem crescente de entry_time.
WARNING,SCENARIO_ORDER,S80_SL5_TP10,13603,linhas do cenário não estão em ordem crescente de entry_time.
WARNING,SCENARIO_ORDER,S80_SL5_TP10,13606,linhas do cenário não estão em ordem crescente de entry_time.
WARNING,SCENARIO_ORDER,S80_SL5_TP10,13610,linhas do cenário não estão em ordem crescente de entry_time.
WARNING,SCENARIO_ORDER,S80_SL5_TP10,13614,linhas do cenário não estão em ordem crescente de entry_time.
WARNING,SCENARIO_ORDER,S80_SL5_TP10,13615,linhas do cenário não estão em ordem crescente de entry_time.
WARNING,SCENARIO_ORDER,S80_SL5_TP10,13617,linhas do cenário não estão em ordem crescente de entry_time.
WARNING,SCENARIO_ORDER,S80_SL5_TP10,13621,linhas do cenário não estão em ordem crescente de entry_time.
WARNING,SCENARIO_ORDER,S80_SL5_TP10,13625,linhas do cenário não estão em ordem crescente de entry_time.
WARNING,SCENARIO_ORDER,S80_SL5_TP10,13631,linhas do cenário não estão em ordem crescente de entry_time.
WARNING,SCENARIO_ORDER,S80_SL5_TP10,13640,linhas do cenário não estão em ordem crescente de entry_time.
WARNING,SCENARIO_ORDER,S80_SL5_TP10,13644,linhas do cenário não estão em ordem crescente de entry_time.
WARNING,SCENARIO_ORDER,S80_SL5_TP10,13647,linhas do cenário não estão em ordem crescente de entry_time.
WARNING,SCENARIO_ORDER,S80_SL5_TP10,13650,linhas do cenário não estão em ordem crescente de entry_time.
WARNING,SCENARIO_ORDER,S80_SL5_TP10,13651,linhas do cenário não estão em ordem crescente de entry_time.
WARNING,SCENARIO_ORDER,S80_SL5_TP10,13659,linhas do cenário não estão em ordem crescente de entry_time.
WARNING,SCENARIO_ORDER,S80_SL5_TP10,13664,linhas do cenário não estão em ordem crescente de entry_time.
WARNING,SCENARIO_ORDER,S80_SL5_TP10,13667,linhas do cenário não estão em ordem crescente de entry_time.
WARNING,SCENARIO_ORDER,S80_SL5_TP10,13669,linhas do cenário não estão em ordem crescente de entry_time.
WARNING,SCENARIO_ORDER,S80_SL5_TP10,13672,linhas do cenário não estão em ordem crescente de entry_time.
WARNING,SCENARIO_ORDER,S80_SL5_TP10,13674,linhas do cenário não estão em ordem crescente de entry_time.
WARNING,SCENARIO_ORDER,S80_SL5_TP10,13675,linhas do cenário não estão em ordem crescente de entry_time.
WARNING,SCENARIO_ORDER,S80_SL5_TP10,13678,linhas do cenário não estão em ordem crescente de entry_time.
WARNING,SCENARIO_ORDER,S80_SL5_TP10,13688,linhas do cenário não estão em ordem crescente de entry_time.
WARNING,SCENARIO_ORDER,S80_SL5_TP10,13692,linhas do cenário não estão em ordem crescente de entry_time.
WARNING,SCENARIO_ORDER,S80_SL5_TP10,13697,linhas do cenário não estão em ordem crescente de entry_time.
WARNING,SCENARIO_ORDER,S80_SL5_TP10,13699,linhas do cenário não estão em ordem crescente de entry_time.
WARNING,SCENARIO_ORDER,S80_SL5_TP10,13702,linhas do cenário não estão em ordem crescente de entry_time.
WARNING,SCENARIO_ORDER,S80_SL5_TP10,13705,linhas do cenário não estão em ordem crescente de entry_time.
WARNING,SCENARIO_ORDER,S80_SL5_TP10,13712,linhas do cenário não estão em ordem crescente de entry_time.
WARNING,SCENARIO_ORDER,S80_SL5_TP10,13721,linhas do cenário não estão em ordem crescente de entry_time.
WARNING,SCENARIO_ORDER,S80_SL5_TP10,13726,linhas do cenário não estão em ordem crescente de entry_time.
WARNING,SCENARIO_ORDER,S80_SL5_TP10,13727,linhas do cenário não estão em ordem crescente de entry_time.
WARNING,SCENARIO_ORDER,S80_SL5_TP10,13734,linhas do cenário não estão em ordem crescente de entry_time.
WARNING,SCENARIO_ORDER,S80_SL5_TP10,13738,linhas do cenário não estão em ordem crescente de entry_time.
WARNING,SCENARIO_ORDER,S80_SL5_TP10,13740,linhas do cenário não estão em ordem crescente de entry_time.
WARNING,SCENARIO_ORDER,S80_SL5_TP10,13743,linhas do cenário não estão em ordem crescente de entry_time.
WARNING,SCENARIO_ORDER,S80_SL5_TP10,13746,linhas do cenário não estão em ordem crescente de entry_time.
WARNING,SCENARIO_ORDER,S80_SL5_TP10,13750,linhas do cenário não estão em ordem crescente de entry_time.
WARNING,SCENARIO_ORDER,S80_SL5_TP10,13758,linhas do cenário não estão em ordem crescente de entry_time.
WARNING,SCENARIO_ORDER,S80_SL5_TP10,13760,linhas do cenário não estão em ordem crescente de entry_time.
WARNING,SCENARIO_ORDER,S80_SL5_TP10,13761,linhas do cenário não estão em ordem crescente de entry_time.
WARNING,SCENARIO_ORDER,S80_SL5_TP10,13763,linhas do cenário não estão em ordem crescente de entry_time.
WARNING,SCENARIO_ORDER,S80_SL5_TP10,13764,linhas do cenário não estão em ordem crescente de entry_time.
WARNING,SCENARIO_ORDER,S80_SL5_TP10,13766,linhas do cenário não estão em ordem crescente de entry_time.
WARNING,SCENARIO_ORDER,S80_SL5_TP10,13773,linhas do cenário não estão em ordem crescente de entry_time.
WARNING,SCENARIO_ORDER,S80_SL5_TP10,13778,linhas do cenário não estão em ordem crescente de entry_time.
WARNING,SCENARIO_ORDER,S80_SL5_TP10,13780,linhas do cenário não estão em ordem crescente de entry_time.
WARNING,SCENARIO_ORDER,S80_SL5_TP10,13781,linhas do cenário não estão em ordem crescente de entry_time.
WARNING,SCENARIO_ORDER,S80_SL5_TP12,13793,linhas do cenário não estão em ordem crescente de entry_time.
WARNING,SCENARIO_ORDER,S80_SL5_TP12,13795,linhas do cenário não estão em ordem crescente de entry_time.
WARNING,SCENARIO_ORDER,S80_SL5_TP12,13809,linhas do cenário não estão em ordem crescente de entry_time.
WARNING,SCENARIO_ORDER,S80_SL5_TP12,13814,linhas do cenário não estão em ordem crescente de entry_time.
WARNING,SCENARIO_ORDER,S80_SL5_TP12,13816,linhas do cenário não estão em ordem crescente de entry_time.
WARNING,SCENARIO_ORDER,S80_SL5_TP12,13826,linhas do cenário não estão em ordem crescente de entry_time.
WARNING,SCENARIO_ORDER,S80_SL5_TP12,13834,linhas do cenário não estão em ordem crescente de entry_time.
WARNING,SCENARIO_ORDER,S80_SL5_TP12,13837,linhas do cenário não estão em ordem crescente de entry_time.
WARNING,SCENARIO_ORDER,S80_SL5_TP12,13840,linhas do cenário não estão em ordem crescente de entry_time.
WARNING,SCENARIO_ORDER,S80_SL5_TP12,13844,linhas do cenário não estão em ordem crescente de entry_time.
WARNING,SCENARIO_ORDER,S80_SL5_TP12,13856,linhas do cenário não estão em ordem crescente de entry_time.
WARNING,SCENARIO_ORDER,S80_SL5_TP12,13860,linhas do cenário não estão em ordem crescente de entry_time.
WARNING,SCENARIO_ORDER,S80_SL5_TP12,13861,linhas do cenário não estão em ordem crescente de entry_time.
WARNING,SCENARIO_ORDER,S80_SL5_TP12,13863,linhas do cenário não estão em ordem crescente de entry_time.
WARNING,SCENARIO_ORDER,S80_SL5_TP12,13866,linhas do cenário não estão em ordem crescente de entry_time.
WARNING,SCENARIO_ORDER,S80_SL5_TP12,13867,linhas do cenário não estão em ordem crescente de entry_time.
WARNING,SCENARIO_ORDER,S80_SL5_TP12,13869,linhas do cenário não estão em ordem crescente de entry_time.
WARNING,SCENARIO_ORDER,S80_SL5_TP12,13879,linhas do cenário não estão em ordem crescente de entry_time.
WARNING,SCENARIO_ORDER,S80_SL5_TP12,13883,linhas do cenário não estão em ordem crescente de entry_time.
WARNING,SCENARIO_ORDER,S80_SL5_TP12,13889,linhas do cenário não estão em ordem crescente de entry_time.
WARNING,SCENARIO_ORDER,S80_SL5_TP12,13893,linhas do cenário não estão em ordem crescente de entry_time.
WARNING,SCENARIO_ORDER,S80_SL5_TP12,13895,linhas do cenário não estão em ordem crescente de entry_time.
WARNING,SCENARIO_ORDER,S80_SL5_TP12,13900,linhas do cenário não estão em ordem crescente de entry_time.
WARNING,SCENARIO_ORDER,S80_SL5_TP12,13903,linhas do cenário não estão em ordem crescente de entry_time.
WARNING,SCENARIO_ORDER,S80_SL5_TP12,13907,linhas do cenário não estão em ordem crescente de entry_time.
WARNING,SCENARIO_ORDER,S80_SL5_TP12,13908,linhas do cenário não estão em ordem crescente de entry_time.
WARNING,SCENARIO_ORDER,S80_SL5_TP12,13913,linhas do cenário não estão em ordem crescente de entry_time.
WARNING,SCENARIO_ORDER,S80_SL5_TP12,13921,linhas do cenário não estão em ordem crescente de entry_time.
WARNING,SCENARIO_ORDER,S80_SL5_TP12,13928,linhas do cenário não estão em ordem crescente de entry_time.
WARNING,SCENARIO_ORDER,S80_SL5_TP12,13933,linhas do cenário não estão em ordem crescente de entry_time.
WARNING,SCENARIO_ORDER,S80_SL5_TP12,13935,linhas do cenário não estão em ordem crescente de entry_time.
WARNING,SCENARIO_ORDER,S80_SL5_TP12,13944,linhas do cenário não estão em ordem crescente de entry_time.
WARNING,SCENARIO_ORDER,S80_SL5_TP12,13946,linhas do cenário não estão em ordem crescente de entry_time.
WARNING,SCENARIO_ORDER,S80_SL5_TP12,13954,linhas do cenário não estão em ordem crescente de entry_time.
WARNING,SCENARIO_ORDER,S80_SL5_TP12,13957,linhas do cenário não estão em ordem crescente de entry_time.
WARNING,SCENARIO_ORDER,S80_SL5_TP12,13962,linhas do cenário não estão em ordem crescente de entry_time.
WARNING,SCENARIO_ORDER,S80_SL5_TP12,13976,linhas do cenário não estão em ordem crescente de entry_time.
WARNING,SCENARIO_ORDER,S80_SL5_TP12,13984,linhas do cenário não estão em ordem crescente de entry_time.
WARNING,SCENARIO_ORDER,S80_SL5_TP12,13989,linhas do cenário não estão em ordem crescente de entry_time.
WARNING,SCENARIO_ORDER,S80_SL5_TP12,13991,linhas do cenário não estão em ordem crescente de entry_time.
WARNING,SCENARIO_ORDER,S80_SL5_TP12,13993,linhas do cenário não estão em ordem crescente de entry_time.
WARNING,SCENARIO_ORDER,S80_SL5_TP12,13994,linhas do cenário não estão em ordem crescente de entry_time.
WARNING,SCENARIO_ORDER,S80_SL5_TP12,14001,linhas do cenário não estão em ordem crescente de entry_time.
WARNING,SCENARIO_ORDER,S80_SL5_TP12,14006,linhas do cenário não estão em ordem crescente de entry_time.
WARNING,SCENARIO_ORDER,S80_SL5_TP12,14008,linhas do cenário não estão em ordem crescente de entry_time.
WARNING,SCENARIO_ORDER,S80_SL5_TP12,14011,linhas do cenário não estão em ordem crescente de entry_time.
WARNING,SCENARIO_ORDER,S80_SL5_TP12,14013,linhas do cenário não estão em ordem crescente de entry_time.
WARNING,SCENARIO_ORDER,S80_SL5_TP12,14015,linhas do cenário não estão em ordem crescente de entry_time.
WARNING,SCENARIO_ORDER,S80_SL5_TP12,14017,linhas do cenário não estão em ordem crescente de entry_time.
WARNING,SCENARIO_ORDER,S80_SL5_TP12,14023,linhas do cenário não estão em ordem crescente de entry_time.
WARNING,SCENARIO_ORDER,S80_SL5_TP12,14027,linhas do cenário não estão em ordem crescente de entry_time.
WARNING,SCENARIO_ORDER,S80_SL5_TP12,14028,linhas do cenário não estão em ordem crescente de entry_time.
WARNING,SCENARIO_ORDER,S80_SL5_TP12,14035,linhas do cenário não estão em ordem crescente de entry_time.
WARNING,SCENARIO_ORDER,S80_SL5_TP12,14046,linhas do cenário não estão em ordem crescente de entry_time.
WARNING,SCENARIO_ORDER,S80_SL5_TP12,14047,linhas do cenário não estão em ordem crescente de entry_time.
WARNING,SCENARIO_ORDER,S80_SL5_TP12,14049,linhas do cenário não estão em ordem crescente de entry_time.
WARNING,SCENARIO_ORDER,S80_SL5_TP12,14052,linhas do cenário não estão em ordem crescente de entry_time.
WARNING,SCENARIO_ORDER,S80_SL5_TP12,14053,linhas do cenário não estão em ordem crescente de entry_time.
WARNING,SCENARIO_ORDER,S80_SL5_TP12,14061,linhas do cenário não estão em ordem crescente de entry_time.
WARNING,SCENARIO_ORDER,S80_SL5_TP12,14063,linhas do cenário não estão em ordem crescente de entry_time.
WARNING,SCENARIO_ORDER,S80_SL5_TP12,14067,linhas do cenário não estão em ordem crescente de entry_time.
WARNING,SCENARIO_ORDER,S80_SL5_TP12,14070,linhas do cenário não estão em ordem crescente de entry_time.
WARNING,SCENARIO_ORDER,S80_SL5_TP15,14082,linhas do cenário não estão em ordem crescente de entry_time.
WARNING,SCENARIO_ORDER,S80_SL5_TP15,14084,linhas do cenário não estão em ordem crescente de entry_time.
WARNING,SCENARIO_ORDER,S80_SL5_TP15,14103,linhas do cenário não estão em ordem crescente de entry_time.
WARNING,SCENARIO_ORDER,S80_SL5_TP15,14105,linhas do cenário não estão em ordem crescente de entry_time.
WARNING,SCENARIO_ORDER,S80_SL5_TP15,14115,linhas do cenário não estão em ordem crescente de entry_time.
WARNING,SCENARIO_ORDER,S80_SL5_TP15,14123,linhas do cenário não estão em ordem crescente de entry_time.
WARNING,SCENARIO_ORDER,S80_SL5_TP15,14130,linhas do cenário não estão em ordem crescente de entry_time.
WARNING,SCENARIO_ORDER,S80_SL5_TP15,14132,linhas do cenário não estão em ordem crescente de entry_time.
WARNING,SCENARIO_ORDER,S80_SL5_TP15,14146,linhas do cenário não estão em ordem crescente de entry_time.
WARNING,SCENARIO_ORDER,S80_SL5_TP15,14147,linhas do cenário não estão em ordem crescente de entry_time.
WARNING,SCENARIO_ORDER,S80_SL5_TP15,14149,linhas do cenário não estão em ordem crescente de entry_time.
WARNING,SCENARIO_ORDER,S80_SL5_TP15,14153,linhas do cenário não estão em ordem crescente de entry_time.
WARNING,SCENARIO_ORDER,S80_SL5_TP15,14156,linhas do cenário não estão em ordem crescente de entry_time.
WARNING,SCENARIO_ORDER,S80_SL5_TP15,14161,linhas do cenário não estão em ordem crescente de entry_time.
WARNING,SCENARIO_ORDER,S80_SL5_TP15,14168,linhas do cenário não estão em ordem crescente de entry_time.
WARNING,SCENARIO_ORDER,S80_SL5_TP15,14176,linhas do cenário não estão em ordem crescente de entry_time.
WARNING,SCENARIO_ORDER,S80_SL5_TP15,14177,linhas do cenário não estão em ordem crescente de entry_time.
WARNING,SCENARIO_ORDER,S80_SL5_TP15,14180,linhas do cenário não estão em ordem crescente de entry_time.
WARNING,SCENARIO_ORDER,S80_SL5_TP15,14182,linhas do cenário não estão em ordem crescente de entry_time.
WARNING,SCENARIO_ORDER,S80_SL5_TP15,14187,linhas do cenário não estão em ordem crescente de entry_time.
WARNING,SCENARIO_ORDER,S80_SL5_TP15,14189,linhas do cenário não estão em ordem crescente de entry_time.
WARNING,SCENARIO_ORDER,S80_SL5_TP15,14193,linhas do cenário não estão em ordem crescente de entry_time.
WARNING,SCENARIO_ORDER,S80_SL5_TP15,14196,linhas do cenário não estão em ordem crescente de entry_time.
WARNING,SCENARIO_ORDER,S80_SL5_TP15,14204,linhas do cenário não estão em ordem crescente de entry_time.
WARNING,SCENARIO_ORDER,S80_SL5_TP15,14210,linhas do cenário não estão em ordem crescente de entry_time.
WARNING,SCENARIO_ORDER,S80_SL5_TP15,14212,linhas do cenário não estão em ordem crescente de entry_time.
WARNING,SCENARIO_ORDER,S80_SL5_TP15,14215,linhas do cenário não estão em ordem crescente de entry_time.
WARNING,SCENARIO_ORDER,S80_SL5_TP15,14218,linhas do cenário não estão em ordem crescente de entry_time.
WARNING,SCENARIO_ORDER,S80_SL5_TP15,14225,linhas do cenário não estão em ordem crescente de entry_time.
WARNING,SCENARIO_ORDER,S80_SL5_TP15,14228,linhas do cenário não estão em ordem crescente de entry_time.
WARNING,SCENARIO_ORDER,S80_SL5_TP15,14234,linhas do cenário não estão em ordem crescente de entry_time.
WARNING,SCENARIO_ORDER,S80_SL5_TP15,14237,linhas do cenário não estão em ordem crescente de entry_time.
WARNING,SCENARIO_ORDER,S80_SL5_TP15,14240,linhas do cenário não estão em ordem crescente de entry_time.
WARNING,SCENARIO_ORDER,S80_SL5_TP15,14244,linhas do cenário não estão em ordem crescente de entry_time.
WARNING,SCENARIO_ORDER,S80_SL5_TP15,14248,linhas do cenário não estão em ordem crescente de entry_time.
WARNING,SCENARIO_ORDER,S80_SL5_TP15,14256,linhas do cenário não estão em ordem crescente de entry_time.
WARNING,SCENARIO_ORDER,S80_SL5_TP15,14259,linhas do cenário não estão em ordem crescente de entry_time.
WARNING,SCENARIO_ORDER,S80_SL5_TP15,14261,linhas do cenário não estão em ordem crescente de entry_time.
WARNING,SCENARIO_ORDER,S80_SL5_TP15,14266,linhas do cenário não estão em ordem crescente de entry_time.
WARNING,SCENARIO_ORDER,S80_SL5_TP15,14269,linhas do cenário não estão em ordem crescente de entry_time.
WARNING,SCENARIO_ORDER,S80_SL5_TP15,14272,linhas do cenário não estão em ordem crescente de entry_time.
WARNING,SCENARIO_ORDER,S80_SL5_TP15,14274,linhas do cenário não estão em ordem crescente de entry_time.
WARNING,SCENARIO_ORDER,S80_SL5_TP15,14277,linhas do cenário não estão em ordem crescente de entry_time.
WARNING,SCENARIO_ORDER,S80_SL5_TP15,14282,linhas do cenário não estão em ordem crescente de entry_time.
WARNING,SCENARIO_ORDER,S80_SL5_TP15,14291,linhas do cenário não estão em ordem crescente de entry_time.
WARNING,SCENARIO_ORDER,S80_SL5_TP15,14295,linhas do cenário não estão em ordem crescente de entry_time.
WARNING,SCENARIO_ORDER,S80_SL5_TP15,14298,linhas do cenário não estão em ordem crescente de entry_time.
WARNING,SCENARIO_ORDER,S80_SL5_TP15,14310,linhas do cenário não estão em ordem crescente de entry_time.
WARNING,SCENARIO_ORDER,S80_SL5_TP15,14315,linhas do cenário não estão em ordem crescente de entry_time.
WARNING,SCENARIO_ORDER,S80_SL5_TP15,14317,linhas do cenário não estão em ordem crescente de entry_time.
WARNING,SCENARIO_ORDER,S80_SL5_TP15,14321,linhas do cenário não estão em ordem crescente de entry_time.
WARNING,SCENARIO_ORDER,S80_SL5_TP15,14327,linhas do cenário não estão em ordem crescente de entry_time.
WARNING,SCENARIO_ORDER,S80_SL5_TP15,14330,linhas do cenário não estão em ordem crescente de entry_time.
WARNING,SCENARIO_ORDER,S80_SL5_TP15,14332,linhas do cenário não estão em ordem crescente de entry_time.
WARNING,SCENARIO_ORDER,S80_SL5_TP15,14343,linhas do cenário não estão em ordem crescente de entry_time.
WARNING,SCENARIO_ORDER,S80_SL5_TP15,14346,linhas do cenário não estão em ordem crescente de entry_time.
WARNING,SCENARIO_ORDER,S80_SL6_TP8,14363,linhas do cenário não estão em ordem crescente de entry_time.
WARNING,SCENARIO_ORDER,S80_SL6_TP8,14377,linhas do cenário não estão em ordem crescente de entry_time.
WARNING,SCENARIO_ORDER,S80_SL6_TP8,14383,linhas do cenário não estão em ordem crescente de entry_time.
WARNING,SCENARIO_ORDER,S80_SL6_TP8,14386,linhas do cenário não estão em ordem crescente de entry_time.
WARNING,SCENARIO_ORDER,S80_SL6_TP8,14393,linhas do cenário não estão em ordem crescente de entry_time.
WARNING,SCENARIO_ORDER,S80_SL6_TP8,14395,linhas do cenário não estão em ordem crescente de entry_time.
WARNING,SCENARIO_ORDER,S80_SL6_TP8,14399,linhas do cenário não estão em ordem crescente de entry_time.
WARNING,SCENARIO_ORDER,S80_SL6_TP8,14404,linhas do cenário não estão em ordem crescente de entry_time.
WARNING,SCENARIO_ORDER,S80_SL6_TP8,14405,linhas do cenário não estão em ordem crescente de entry_time.
WARNING,SCENARIO_ORDER,S80_SL6_TP8,14407,linhas do cenário não estão em ordem crescente de entry_time.
WARNING,SCENARIO_ORDER,S80_SL6_TP8,14411,linhas do cenário não estão em ordem crescente de entry_time.
WARNING,SCENARIO_ORDER,S80_SL6_TP8,14414,linhas do cenário não estão em ordem crescente de entry_time.
WARNING,SCENARIO_ORDER,S80_SL6_TP8,14424,linhas do cenário não estão em ordem crescente de entry_time.
WARNING,SCENARIO_ORDER,S80_SL6_TP8,14427,linhas do cenário não estão em ordem crescente de entry_time.
WARNING,SCENARIO_ORDER,S80_SL6_TP8,14429,linhas do cenário não estão em ordem crescente de entry_time.
WARNING,SCENARIO_ORDER,S80_SL6_TP8,14431,linhas do cenário não estão em ordem crescente de entry_time.
WARNING,SCENARIO_ORDER,S80_SL6_TP8,14434,linhas do cenário não estão em ordem crescente de entry_time.
WARNING,SCENARIO_ORDER,S80_SL6_TP8,14439,linhas do cenário não estão em ordem crescente de entry_time.
WARNING,SCENARIO_ORDER,S80_SL6_TP8,14453,linhas do cenário não estão em ordem crescente de entry_time.
WARNING,SCENARIO_ORDER,S80_SL6_TP8,14458,linhas do cenário não estão em ordem crescente de entry_time.
WARNING,SCENARIO_ORDER,S80_SL6_TP8,14459,linhas do cenário não estão em ordem crescente de entry_time.
WARNING,SCENARIO_ORDER,S80_SL6_TP8,14461,linhas do cenário não estão em ordem crescente de entry_time.
WARNING,SCENARIO_ORDER,S80_SL6_TP8,14464,linhas do cenário não estão em ordem crescente de entry_time.
WARNING,SCENARIO_ORDER,S80_SL6_TP8,14466,linhas do cenário não estão em ordem crescente de entry_time.
WARNING,SCENARIO_ORDER,S80_SL6_TP8,14470,linhas do cenário não estão em ordem crescente de entry_time.
WARNING,SCENARIO_ORDER,S80_SL6_TP8,14474,linhas do cenário não estão em ordem crescente de entry_time.
WARNING,SCENARIO_ORDER,S80_SL6_TP8,14479,linhas do cenário não estão em ordem crescente de entry_time.
WARNING,SCENARIO_ORDER,S80_SL6_TP8,14483,linhas do cenário não estão em ordem crescente de entry_time.
WARNING,SCENARIO_ORDER,S80_SL6_TP8,14490,linhas do cenário não estão em ordem crescente de entry_time.
WARNING,SCENARIO_ORDER,S80_SL6_TP8,14499,linhas do cenário não estão em ordem crescente de entry_time.
WARNING,SCENARIO_ORDER,S80_SL6_TP8,14501,linhas do cenário não estão em ordem crescente de entry_time.
WARNING,SCENARIO_ORDER,S80_SL6_TP8,14506,linhas do cenário não estão em ordem crescente de entry_time.
WARNING,SCENARIO_ORDER,S80_SL6_TP8,14517,linhas do cenário não estão em ordem crescente de entry_time.
WARNING,SCENARIO_ORDER,S80_SL6_TP8,14521,linhas do cenário não estão em ordem crescente de entry_time.
WARNING,SCENARIO_ORDER,S80_SL6_TP8,14524,linhas do cenário não estão em ordem crescente de entry_time.
WARNING,SCENARIO_ORDER,S80_SL6_TP8,14527,linhas do cenário não estão em ordem crescente de entry_time.
WARNING,SCENARIO_ORDER,S80_SL6_TP8,14529,linhas do cenário não estão em ordem crescente de entry_time.
WARNING,SCENARIO_ORDER,S80_SL6_TP8,14535,linhas do cenário não estão em ordem crescente de entry_time.
WARNING,SCENARIO_ORDER,S80_SL6_TP8,14544,linhas do cenário não estão em ordem crescente de entry_time.
WARNING,SCENARIO_ORDER,S80_SL6_TP8,14551,linhas do cenário não estão em ordem crescente de entry_time.
WARNING,SCENARIO_ORDER,S80_SL6_TP8,14556,linhas do cenário não estão em ordem crescente de entry_time.
WARNING,SCENARIO_ORDER,S80_SL6_TP8,14558,linhas do cenário não estão em ordem crescente de entry_time.
WARNING,SCENARIO_ORDER,S80_SL6_TP8,14561,linhas do cenário não estão em ordem crescente de entry_time.
WARNING,SCENARIO_ORDER,S80_SL6_TP8,14567,linhas do cenário não estão em ordem crescente de entry_time.
WARNING,SCENARIO_ORDER,S80_SL6_TP8,14570,linhas do cenário não estão em ordem crescente de entry_time.
WARNING,SCENARIO_ORDER,S80_SL6_TP8,14574,linhas do cenário não estão em ordem crescente de entry_time.
WARNING,SCENARIO_ORDER,S80_SL6_TP8,14580,linhas do cenário não estão em ordem crescente de entry_time.
WARNING,SCENARIO_ORDER,S80_SL6_TP8,14581,linhas do cenário não estão em ordem crescente de entry_time.
WARNING,SCENARIO_ORDER,S80_SL6_TP8,14584,linhas do cenário não estão em ordem crescente de entry_time.
WARNING,SCENARIO_ORDER,S80_SL6_TP8,14590,linhas do cenário não estão em ordem crescente de entry_time.
WARNING,SCENARIO_ORDER,S80_SL6_TP8,14592,linhas do cenário não estão em ordem crescente de entry_time.
WARNING,SCENARIO_ORDER,S80_SL6_TP8,14594,linhas do cenário não estão em ordem crescente de entry_time.
WARNING,SCENARIO_ORDER,S80_SL6_TP8,14600,linhas do cenário não estão em ordem crescente de entry_time.
WARNING,SCENARIO_ORDER,S80_SL6_TP8,14605,linhas do cenário não estão em ordem crescente de entry_time.
WARNING,SCENARIO_ORDER,S80_SL6_TP8,14607,linhas do cenário não estão em ordem crescente de entry_time.
WARNING,SCENARIO_ORDER,S80_SL6_TP8,14610,linhas do cenário não estão em ordem crescente de entry_time.
WARNING,SCENARIO_ORDER,S80_SL6_TP8,14612,linhas do cenário não estão em ordem crescente de entry_time.
WARNING,SCENARIO_ORDER,S80_SL6_TP8,14614,linhas do cenário não estão em ordem crescente de entry_time.
WARNING,SCENARIO_ORDER,S80_SL6_TP8,14616,linhas do cenário não estão em ordem crescente de entry_time.
WARNING,SCENARIO_ORDER,S80_SL6_TP8,14619,linhas do cenário não estão em ordem crescente de entry_time.
WARNING,SCENARIO_ORDER,S80_SL6_TP8,14620,linhas do cenário não estão em ordem crescente de entry_time.
WARNING,SCENARIO_ORDER,S80_SL6_TP8,14622,linhas do cenário não estão em ordem crescente de entry_time.
WARNING,SCENARIO_ORDER,S80_SL6_TP8,14626,linhas do cenário não estão em ordem crescente de entry_time.
WARNING,SCENARIO_ORDER,S80_SL6_TP8,14633,linhas do cenário não estão em ordem crescente de entry_time.
WARNING,SCENARIO_ORDER,S80_SL6_TP8,14638,linhas do cenário não estão em ordem crescente de entry_time.
WARNING,SCENARIO_ORDER,S80_SL6_TP8,14640,linhas do cenário não estão em ordem crescente de entry_time.
WARNING,SCENARIO_ORDER,S80_SL6_TP8,14642,linhas do cenário não estão em ordem crescente de entry_time.
WARNING,SCENARIO_ORDER,S80_SL6_TP8,14644,linhas do cenário não estão em ordem crescente de entry_time.
WARNING,SCENARIO_ORDER,S80_SL6_TP10,14657,linhas do cenário não estão em ordem crescente de entry_time.
WARNING,SCENARIO_ORDER,S80_SL6_TP10,14671,linhas do cenário não estão em ordem crescente de entry_time.
WARNING,SCENARIO_ORDER,S80_SL6_TP10,14677,linhas do cenário não estão em ordem crescente de entry_time.
WARNING,SCENARIO_ORDER,S80_SL6_TP10,14680,linhas do cenário não estão em ordem crescente de entry_time.
WARNING,SCENARIO_ORDER,S80_SL6_TP10,14687,linhas do cenário não estão em ordem crescente de entry_time.
WARNING,SCENARIO_ORDER,S80_SL6_TP10,14689,linhas do cenário não estão em ordem crescente de entry_time.
WARNING,SCENARIO_ORDER,S80_SL6_TP10,14698,linhas do cenário não estão em ordem crescente de entry_time.
WARNING,SCENARIO_ORDER,S80_SL6_TP10,14700,linhas do cenário não estão em ordem crescente de entry_time.
WARNING,SCENARIO_ORDER,S80_SL6_TP10,14705,linhas do cenário não estão em ordem crescente de entry_time.
WARNING,SCENARIO_ORDER,S80_SL6_TP10,14707,linhas do cenário não estão em ordem crescente de entry_time.
WARNING,SCENARIO_ORDER,S80_SL6_TP10,14717,linhas do cenário não estão em ordem crescente de entry_time.
WARNING,SCENARIO_ORDER,S80_SL6_TP10,14721,linhas do cenário não estão em ordem crescente de entry_time.
WARNING,SCENARIO_ORDER,S80_SL6_TP10,14724,linhas do cenário não estão em ordem crescente de entry_time.
WARNING,SCENARIO_ORDER,S80_SL6_TP10,14726,linhas do cenário não estão em ordem crescente de entry_time.
WARNING,SCENARIO_ORDER,S80_SL6_TP10,14729,linhas do cenário não estão em ordem crescente de entry_time.
WARNING,SCENARIO_ORDER,S80_SL6_TP10,14732,linhas do cenário não estão em ordem crescente de entry_time.
WARNING,SCENARIO_ORDER,S80_SL6_TP10,14738,linhas do cenário não estão em ordem crescente de entry_time.
WARNING,SCENARIO_ORDER,S80_SL6_TP10,14745,linhas do cenário não estão em ordem crescente de entry_time.
WARNING,SCENARIO_ORDER,S80_SL6_TP10,14747,linhas do cenário não estão em ordem crescente de entry_time.
WARNING,SCENARIO_ORDER,S80_SL6_TP10,14750,linhas do cenário não estão em ordem crescente de entry_time.
WARNING,SCENARIO_ORDER,S80_SL6_TP10,14752,linhas do cenário não estão em ordem crescente de entry_time.
WARNING,SCENARIO_ORDER,S80_SL6_TP10,14754,linhas do cenário não estão em ordem crescente de entry_time.
WARNING,SCENARIO_ORDER,S80_SL6_TP10,14758,linhas do cenário não estão em ordem crescente de entry_time.
WARNING,SCENARIO_ORDER,S80_SL6_TP10,14761,linhas do cenário não estão em ordem crescente de entry_time.
WARNING,SCENARIO_ORDER,S80_SL6_TP10,14765,linhas do cenário não estão em ordem crescente de entry_time.
WARNING,SCENARIO_ORDER,S80_SL6_TP10,14768,linhas do cenário não estão em ordem crescente de entry_time.
WARNING,SCENARIO_ORDER,S80_SL6_TP10,14770,linhas do cenário não estão em ordem crescente de entry_time.
WARNING,SCENARIO_ORDER,S80_SL6_TP10,14779,linhas do cenário não estão em ordem crescente de entry_time.
WARNING,SCENARIO_ORDER,S80_SL6_TP10,14785,linhas do cenário não estão em ordem crescente de entry_time.
WARNING,SCENARIO_ORDER,S80_SL6_TP10,14789,linhas do cenário não estão em ordem crescente de entry_time.
WARNING,SCENARIO_ORDER,S80_SL6_TP10,14791,linhas do cenário não estão em ordem crescente de entry_time.
WARNING,SCENARIO_ORDER,S80_SL6_TP10,14795,linhas do cenário não estão em ordem crescente de entry_time.
WARNING,SCENARIO_ORDER,S80_SL6_TP10,14796,linhas do cenário não estão em ordem crescente de entry_time.
WARNING,SCENARIO_ORDER,S80_SL6_TP10,14798,linhas do cenário não estão em ordem crescente de entry_time.
WARNING,SCENARIO_ORDER,S80_SL6_TP10,14804,linhas do cenário não estão em ordem crescente de entry_time.
WARNING,SCENARIO_ORDER,S80_SL6_TP10,14806,linhas do cenário não estão em ordem crescente de entry_time.
WARNING,SCENARIO_ORDER,S80_SL6_TP10,14812,linhas do cenário não estão em ordem crescente de entry_time.
WARNING,SCENARIO_ORDER,S80_SL6_TP10,14815,linhas do cenário não estão em ordem crescente de entry_time.
WARNING,SCENARIO_ORDER,S80_SL6_TP10,14818,linhas do cenário não estão em ordem crescente de entry_time.
WARNING,SCENARIO_ORDER,S80_SL6_TP10,14832,linhas do cenário não estão em ordem crescente de entry_time.
WARNING,SCENARIO_ORDER,S80_SL6_TP10,14843,linhas do cenário não estão em ordem crescente de entry_time.
WARNING,SCENARIO_ORDER,S80_SL6_TP10,14845,linhas do cenário não estão em ordem crescente de entry_time.
WARNING,SCENARIO_ORDER,S80_SL6_TP10,14847,linhas do cenário não estão em ordem crescente de entry_time.
WARNING,SCENARIO_ORDER,S80_SL6_TP10,14855,linhas do cenário não estão em ordem crescente de entry_time.
WARNING,SCENARIO_ORDER,S80_SL6_TP10,14863,linhas do cenário não estão em ordem crescente de entry_time.
WARNING,SCENARIO_ORDER,S80_SL6_TP10,14866,linhas do cenário não estão em ordem crescente de entry_time.
WARNING,SCENARIO_ORDER,S80_SL6_TP10,14870,linhas do cenário não estão em ordem crescente de entry_time.
WARNING,SCENARIO_ORDER,S80_SL6_TP10,14872,linhas do cenário não estão em ordem crescente de entry_time.
WARNING,SCENARIO_ORDER,S80_SL6_TP10,14876,linhas do cenário não estão em ordem crescente de entry_time.
WARNING,SCENARIO_ORDER,S80_SL6_TP10,14878,linhas do cenário não estão em ordem crescente de entry_time.
WARNING,SCENARIO_ORDER,S80_SL6_TP10,14884,linhas do cenário não estão em ordem crescente de entry_time.
WARNING,SCENARIO_ORDER,S80_SL6_TP10,14889,linhas do cenário não estão em ordem crescente de entry_time.
WARNING,SCENARIO_ORDER,S80_SL6_TP10,14897,linhas do cenário não estão em ordem crescente de entry_time.
WARNING,SCENARIO_ORDER,S80_SL6_TP10,14898,linhas do cenário não estão em ordem crescente de entry_time.
WARNING,SCENARIO_ORDER,S80_SL6_TP10,14901,linhas do cenário não estão em ordem crescente de entry_time.
WARNING,SCENARIO_ORDER,S80_SL6_TP10,14906,linhas do cenário não estão em ordem crescente de entry_time.
WARNING,SCENARIO_ORDER,S80_SL6_TP10,14910,linhas do cenário não estão em ordem crescente de entry_time.
WARNING,SCENARIO_ORDER,S80_SL6_TP10,14917,linhas do cenário não estão em ordem crescente de entry_time.
WARNING,SCENARIO_ORDER,S80_SL6_TP10,14920,linhas do cenário não estão em ordem crescente de entry_time.
WARNING,SCENARIO_ORDER,S80_SL6_TP10,14923,linhas do cenário não estão em ordem crescente de entry_time.
WARNING,SCENARIO_ORDER,S80_SL6_TP12,14935,linhas do cenário não estão em ordem crescente de entry_time.
WARNING,SCENARIO_ORDER,S80_SL6_TP12,14936,linhas do cenário não estão em ordem crescente de entry_time.
WARNING,SCENARIO_ORDER,S80_SL6_TP12,14955,linhas do cenário não estão em ordem crescente de entry_time.
WARNING,SCENARIO_ORDER,S80_SL6_TP12,14957,linhas do cenário não estão em ordem crescente de entry_time.
WARNING,SCENARIO_ORDER,S80_SL6_TP12,14967,linhas do cenário não estão em ordem crescente de entry_time.
WARNING,SCENARIO_ORDER,S80_SL6_TP12,14975,linhas do cenário não estão em ordem crescente de entry_time.
WARNING,SCENARIO_ORDER,S80_SL6_TP12,14977,linhas do cenário não estão em ordem crescente de entry_time.
WARNING,SCENARIO_ORDER,S80_SL6_TP12,14979,linhas do cenário não estão em ordem crescente de entry_time.
WARNING,SCENARIO_ORDER,S80_SL6_TP12,14983,linhas do cenário não estão em ordem crescente de entry_time.
WARNING,SCENARIO_ORDER,S80_SL6_TP12,14985,linhas do cenário não estão em ordem crescente de entry_time.
WARNING,SCENARIO_ORDER,S80_SL6_TP12,14993,linhas do cenário não estão em ordem crescente de entry_time.
WARNING,SCENARIO_ORDER,S80_SL6_TP12,14994,linhas do cenário não estão em ordem crescente de entry_time.
WARNING,SCENARIO_ORDER,S80_SL6_TP12,15002,linhas do cenário não estão em ordem crescente de entry_time.
WARNING,SCENARIO_ORDER,S80_SL6_TP12,15004,linhas do cenário não estão em ordem crescente de entry_time.
WARNING,SCENARIO_ORDER,S80_SL6_TP12,15005,linhas do cenário não estão em ordem crescente de entry_time.
WARNING,SCENARIO_ORDER,S80_SL6_TP12,15008,linhas do cenário não estão em ordem crescente de entry_time.
WARNING,SCENARIO_ORDER,S80_SL6_TP12,15011,linhas do cenário não estão em ordem crescente de entry_time.
WARNING,SCENARIO_ORDER,S80_SL6_TP12,15016,linhas do cenário não estão em ordem crescente de entry_time.
WARNING,SCENARIO_ORDER,S80_SL6_TP12,15024,linhas do cenário não estão em ordem crescente de entry_time.
WARNING,SCENARIO_ORDER,S80_SL6_TP12,15028,linhas do cenário não estão em ordem crescente de entry_time.
WARNING,SCENARIO_ORDER,S80_SL6_TP12,15030,linhas do cenário não estão em ordem crescente de entry_time.
WARNING,SCENARIO_ORDER,S80_SL6_TP12,15033,linhas do cenário não estão em ordem crescente de entry_time.
WARNING,SCENARIO_ORDER,S80_SL6_TP12,15036,linhas do cenário não estão em ordem crescente de entry_time.
WARNING,SCENARIO_ORDER,S80_SL6_TP12,15038,linhas do cenário não estão em ordem crescente de entry_time.
WARNING,SCENARIO_ORDER,S80_SL6_TP12,15040,linhas do cenário não estão em ordem crescente de entry_time.
WARNING,SCENARIO_ORDER,S80_SL6_TP12,15043,linhas do cenário não estão em ordem crescente de entry_time.
WARNING,SCENARIO_ORDER,S80_SL6_TP12,15047,linhas do cenário não estão em ordem crescente de entry_time.
WARNING,SCENARIO_ORDER,S80_SL6_TP12,15051,linhas do cenário não estão em ordem crescente de entry_time.
WARNING,SCENARIO_ORDER,S80_SL6_TP12,15065,linhas do cenário não estão em ordem crescente de entry_time.
WARNING,SCENARIO_ORDER,S80_SL6_TP12,15071,linhas do cenário não estão em ordem crescente de entry_time.
WARNING,SCENARIO_ORDER,S80_SL6_TP12,15073,linhas do cenário não estão em ordem crescente de entry_time.
WARNING,SCENARIO_ORDER,S80_SL6_TP12,15079,linhas do cenário não estão em ordem crescente de entry_time.
WARNING,SCENARIO_ORDER,S80_SL6_TP12,15082,linhas do cenário não estão em ordem crescente de entry_time.
WARNING,SCENARIO_ORDER,S80_SL6_TP12,15091,linhas do cenário não estão em ordem crescente de entry_time.
WARNING,SCENARIO_ORDER,S80_SL6_TP12,15096,linhas do cenário não estão em ordem crescente de entry_time.
WARNING,SCENARIO_ORDER,S80_SL6_TP12,15099,linhas do cenário não estão em ordem crescente de entry_time.
WARNING,SCENARIO_ORDER,S80_SL6_TP12,15113,linhas do cenário não estão em ordem crescente de entry_time.
WARNING,SCENARIO_ORDER,S80_SL6_TP12,15121,linhas do cenário não estão em ordem crescente de entry_time.
WARNING,SCENARIO_ORDER,S80_SL6_TP12,15125,linhas do cenário não estão em ordem crescente de entry_time.
WARNING,SCENARIO_ORDER,S80_SL6_TP12,15131,linhas do cenário não estão em ordem crescente de entry_time.
WARNING,SCENARIO_ORDER,S80_SL6_TP12,15136,linhas do cenário não estão em ordem crescente de entry_time.
WARNING,SCENARIO_ORDER,S80_SL6_TP12,15139,linhas do cenário não estão em ordem crescente de entry_time.
WARNING,SCENARIO_ORDER,S80_SL6_TP12,15144,linhas do cenário não estão em ordem crescente de entry_time.
WARNING,SCENARIO_ORDER,S80_SL6_TP12,15146,linhas do cenário não estão em ordem crescente de entry_time.
WARNING,SCENARIO_ORDER,S80_SL6_TP12,15149,linhas do cenário não estão em ordem crescente de entry_time.
WARNING,SCENARIO_ORDER,S80_SL6_TP12,15151,linhas do cenário não estão em ordem crescente de entry_time.
WARNING,SCENARIO_ORDER,S80_SL6_TP12,15152,linhas do cenário não estão em ordem crescente de entry_time.
WARNING,SCENARIO_ORDER,S80_SL6_TP12,15158,linhas do cenário não estão em ordem crescente de entry_time.
WARNING,SCENARIO_ORDER,S80_SL6_TP12,15166,linhas do cenário não estão em ordem crescente de entry_time.
WARNING,SCENARIO_ORDER,S80_SL6_TP12,15174,linhas do cenário não estão em ordem crescente de entry_time.
WARNING,SCENARIO_ORDER,S80_SL6_TP12,15177,linhas do cenário não estão em ordem crescente de entry_time.
WARNING,SCENARIO_ORDER,S80_SL6_TP12,15179,linhas do cenário não estão em ordem crescente de entry_time.
WARNING,SCENARIO_ORDER,S80_SL6_TP12,15180,linhas do cenário não estão em ordem crescente de entry_time.
WARNING,SCENARIO_ORDER,S80_SL6_TP12,15184,linhas do cenário não estão em ordem crescente de entry_time.
WARNING,SCENARIO_ORDER,S80_SL6_TP12,15186,linhas do cenário não estão em ordem crescente de entry_time.
WARNING,SCENARIO_ORDER,S80_SL6_TP12,15188,linhas do cenário não estão em ordem crescente de entry_time.
WARNING,SCENARIO_ORDER,S80_SL6_TP12,15197,linhas do cenário não estão em ordem crescente de entry_time.
WARNING,SCENARIO_ORDER,S80_SL6_TP12,15199,linhas do cenário não estão em ordem crescente de entry_time.
WARNING,SCENARIO_ORDER,S80_SL6_TP12,15202,linhas do cenário não estão em ordem crescente de entry_time.
WARNING,SCENARIO_ORDER,S80_SL6_TP15,15216,linhas do cenário não estão em ordem crescente de entry_time.
WARNING,SCENARIO_ORDER,S80_SL6_TP15,15217,linhas do cenário não estão em ordem crescente de entry_time.
WARNING,SCENARIO_ORDER,S80_SL6_TP15,15236,linhas do cenário não estão em ordem crescente de entry_time.
WARNING,SCENARIO_ORDER,S80_SL6_TP15,15238,linhas do cenário não estão em ordem crescente de entry_time.
WARNING,SCENARIO_ORDER,S80_SL6_TP15,15248,linhas do cenário não estão em ordem crescente de entry_time.
WARNING,SCENARIO_ORDER,S80_SL6_TP15,15256,linhas do cenário não estão em ordem crescente de entry_time.
WARNING,SCENARIO_ORDER,S80_SL6_TP15,15258,linhas do cenário não estão em ordem crescente de entry_time.
WARNING,SCENARIO_ORDER,S80_SL6_TP15,15265,linhas do cenário não estão em ordem crescente de entry_time.
WARNING,SCENARIO_ORDER,S80_SL6_TP15,15274,linhas do cenário não estão em ordem crescente de entry_time.
WARNING,SCENARIO_ORDER,S80_SL6_TP15,15281,linhas do cenário não estão em ordem crescente de entry_time.
WARNING,SCENARIO_ORDER,S80_SL6_TP15,15284,linhas do cenário não estão em ordem crescente de entry_time.
WARNING,SCENARIO_ORDER,S80_SL6_TP15,15285,linhas do cenário não estão em ordem crescente de entry_time.
WARNING,SCENARIO_ORDER,S80_SL6_TP15,15290,linhas do cenário não estão em ordem crescente de entry_time.
WARNING,SCENARIO_ORDER,S80_SL6_TP15,15303,linhas do cenário não estão em ordem crescente de entry_time.
WARNING,SCENARIO_ORDER,S80_SL6_TP15,15307,linhas do cenário não estão em ordem crescente de entry_time.
WARNING,SCENARIO_ORDER,S80_SL6_TP15,15310,linhas do cenário não estão em ordem crescente de entry_time.
WARNING,SCENARIO_ORDER,S80_SL6_TP15,15313,linhas do cenário não estão em ordem crescente de entry_time.
WARNING,SCENARIO_ORDER,S80_SL6_TP15,15315,linhas do cenário não estão em ordem crescente de entry_time.
WARNING,SCENARIO_ORDER,S80_SL6_TP15,15316,linhas do cenário não estão em ordem crescente de entry_time.
WARNING,SCENARIO_ORDER,S80_SL6_TP15,15319,linhas do cenário não estão em ordem crescente de entry_time.
WARNING,SCENARIO_ORDER,S80_SL6_TP15,15323,linhas do cenário não estão em ordem crescente de entry_time.
WARNING,SCENARIO_ORDER,S80_SL6_TP15,15325,linhas do cenário não estão em ordem crescente de entry_time.
WARNING,SCENARIO_ORDER,S80_SL6_TP15,15328,linhas do cenário não estão em ordem crescente de entry_time.
WARNING,SCENARIO_ORDER,S80_SL6_TP15,15334,linhas do cenário não estão em ordem crescente de entry_time.
WARNING,SCENARIO_ORDER,S80_SL6_TP15,15345,linhas do cenário não estão em ordem crescente de entry_time.
WARNING,SCENARIO_ORDER,S80_SL6_TP15,15353,linhas do cenário não estão em ordem crescente de entry_time.
WARNING,SCENARIO_ORDER,S80_SL6_TP15,15356,linhas do cenário não estão em ordem crescente de entry_time.
WARNING,SCENARIO_ORDER,S80_SL6_TP15,15359,linhas do cenário não estão em ordem crescente de entry_time.
WARNING,SCENARIO_ORDER,S80_SL6_TP15,15365,linhas do cenário não estão em ordem crescente de entry_time.
WARNING,SCENARIO_ORDER,S80_SL6_TP15,15372,linhas do cenário não estão em ordem crescente de entry_time.
WARNING,SCENARIO_ORDER,S80_SL6_TP15,15386,linhas do cenário não estão em ordem crescente de entry_time.
WARNING,SCENARIO_ORDER,S80_SL6_TP15,15387,linhas do cenário não estão em ordem crescente de entry_time.
WARNING,SCENARIO_ORDER,S80_SL6_TP15,15396,linhas do cenário não estão em ordem crescente de entry_time.
WARNING,SCENARIO_ORDER,S80_SL6_TP15,15398,linhas do cenário não estão em ordem crescente de entry_time.
WARNING,SCENARIO_ORDER,S80_SL6_TP15,15400,linhas do cenário não estão em ordem crescente de entry_time.
WARNING,SCENARIO_ORDER,S80_SL6_TP15,15402,linhas do cenário não estão em ordem crescente de entry_time.
WARNING,SCENARIO_ORDER,S80_SL6_TP15,15408,linhas do cenário não estão em ordem crescente de entry_time.
WARNING,SCENARIO_ORDER,S80_SL6_TP15,15412,linhas do cenário não estão em ordem crescente de entry_time.
WARNING,SCENARIO_ORDER,S80_SL6_TP15,15421,linhas do cenário não estão em ordem crescente de entry_time.
WARNING,SCENARIO_ORDER,S80_SL6_TP15,15424,linhas do cenário não estão em ordem crescente de entry_time.
WARNING,SCENARIO_ORDER,S80_SL6_TP15,15425,linhas do cenário não estão em ordem crescente de entry_time.
WARNING,SCENARIO_ORDER,S80_SL6_TP15,15429,linhas do cenário não estão em ordem crescente de entry_time.
WARNING,SCENARIO_ORDER,S80_SL6_TP15,15433,linhas do cenário não estão em ordem crescente de entry_time.
WARNING,SCENARIO_ORDER,S80_SL6_TP15,15434,linhas do cenário não estão em ordem crescente de entry_time.
WARNING,SCENARIO_ORDER,S80_SL6_TP15,15445,linhas do cenário não estão em ordem crescente de entry_time.
WARNING,SCENARIO_ORDER,S80_SL6_TP15,15452,linhas do cenário não estão em ordem crescente de entry_time.
WARNING,SCENARIO_ORDER,S80_SL6_TP15,15453,linhas do cenário não estão em ordem crescente de entry_time.
WARNING,SCENARIO_ORDER,S80_SL6_TP15,15455,linhas do cenário não estão em ordem crescente de entry_time.
WARNING,SCENARIO_ORDER,S80_SL6_TP15,15460,linhas do cenário não estão em ordem crescente de entry_time.
WARNING,SCENARIO_ORDER,S80_SL6_TP15,15461,linhas do cenário não estão em ordem crescente de entry_time.
WARNING,SCENARIO_ORDER,S80_SL6_TP15,15473,linhas do cenário não estão em ordem crescente de entry_time.
WARNING,SCENARIO_ORDER,S80_SL6_TP15,15476,linhas do cenário não estão em ordem crescente de entry_time.
WARNING,SCENARIO_ORDER,S82_SL4_TP8,15481,linhas do cenário não estão em ordem crescente de entry_time.
WARNING,SCENARIO_ORDER,S82_SL4_TP8,15490,linhas do cenário não estão em ordem crescente de entry_time.
WARNING,SCENARIO_ORDER,S82_SL4_TP8,15495,linhas do cenário não estão em ordem crescente de entry_time.
WARNING,SCENARIO_ORDER,S82_SL4_TP8,15496,linhas do cenário não estão em ordem crescente de entry_time.
WARNING,SCENARIO_ORDER,S82_SL4_TP8,15508,linhas do cenário não estão em ordem crescente de entry_time.
WARNING,SCENARIO_ORDER,S82_SL4_TP8,15512,linhas do cenário não estão em ordem crescente de entry_time.
WARNING,SCENARIO_ORDER,S82_SL4_TP8,15515,linhas do cenário não estão em ordem crescente de entry_time.
WARNING,SCENARIO_ORDER,S82_SL4_TP8,15519,linhas do cenário não estão em ordem crescente de entry_time.
WARNING,SCENARIO_ORDER,S82_SL4_TP8,15524,linhas do cenário não estão em ordem crescente de entry_time.
WARNING,SCENARIO_ORDER,S82_SL4_TP8,15529,linhas do cenário não estão em ordem crescente de entry_time.
WARNING,SCENARIO_ORDER,S82_SL4_TP8,15532,linhas do cenário não estão em ordem crescente de entry_time.
WARNING,SCENARIO_ORDER,S82_SL4_TP8,15534,linhas do cenário não estão em ordem crescente de entry_time.
WARNING,SCENARIO_ORDER,S82_SL4_TP8,15539,linhas do cenário não estão em ordem crescente de entry_time.
WARNING,SCENARIO_ORDER,S82_SL4_TP8,15545,linhas do cenário não estão em ordem crescente de entry_time.
WARNING,SCENARIO_ORDER,S82_SL4_TP8,15554,linhas do cenário não estão em ordem crescente de entry_time.
WARNING,SCENARIO_ORDER,S82_SL4_TP8,15558,linhas do cenário não estão em ordem crescente de entry_time.
WARNING,SCENARIO_ORDER,S82_SL4_TP8,15560,linhas do cenário não estão em ordem crescente de entry_time.
WARNING,SCENARIO_ORDER,S82_SL4_TP8,15561,linhas do cenário não estão em ordem crescente de entry_time.
WARNING,SCENARIO_ORDER,S82_SL4_TP8,15564,linhas do cenário não estão em ordem crescente de entry_time.
WARNING,SCENARIO_ORDER,S82_SL4_TP8,15566,linhas do cenário não estão em ordem crescente de entry_time.
WARNING,SCENARIO_ORDER,S82_SL4_TP8,15568,linhas do cenário não estão em ordem crescente de entry_time.
WARNING,SCENARIO_ORDER,S82_SL4_TP8,15571,linhas do cenário não estão em ordem crescente de entry_time.
WARNING,SCENARIO_ORDER,S82_SL4_TP8,15573,linhas do cenário não estão em ordem crescente de entry_time.
WARNING,SCENARIO_ORDER,S82_SL4_TP8,15579,linhas do cenário não estão em ordem crescente de entry_time.
WARNING,SCENARIO_ORDER,S82_SL4_TP8,15585,linhas do cenário não estão em ordem crescente de entry_time.
WARNING,SCENARIO_ORDER,S82_SL4_TP8,15589,linhas do cenário não estão em ordem crescente de entry_time.
WARNING,SCENARIO_ORDER,S82_SL4_TP8,15594,linhas do cenário não estão em ordem crescente de entry_time.
WARNING,SCENARIO_ORDER,S82_SL4_TP8,15595,linhas do cenário não estão em ordem crescente de entry_time.
WARNING,SCENARIO_ORDER,S82_SL4_TP8,15596,linhas do cenário não estão em ordem crescente de entry_time.
WARNING,SCENARIO_ORDER,S82_SL4_TP8,15599,linhas do cenário não estão em ordem crescente de entry_time.
WARNING,SCENARIO_ORDER,S82_SL4_TP8,15601,linhas do cenário não estão em ordem crescente de entry_time.
WARNING,SCENARIO_ORDER,S82_SL4_TP8,15605,linhas do cenário não estão em ordem crescente de entry_time.
WARNING,SCENARIO_ORDER,S82_SL4_TP8,15607,linhas do cenário não estão em ordem crescente de entry_time.
WARNING,SCENARIO_ORDER,S82_SL4_TP8,15609,linhas do cenário não estão em ordem crescente de entry_time.
WARNING,SCENARIO_ORDER,S82_SL4_TP8,15611,linhas do cenário não estão em ordem crescente de entry_time.
WARNING,SCENARIO_ORDER,S82_SL4_TP8,15617,linhas do cenário não estão em ordem crescente de entry_time.
WARNING,SCENARIO_ORDER,S82_SL4_TP8,15620,linhas do cenário não estão em ordem crescente de entry_time.
WARNING,SCENARIO_ORDER,S82_SL4_TP8,15622,linhas do cenário não estão em ordem crescente de entry_time.
WARNING,SCENARIO_ORDER,S82_SL4_TP8,15625,linhas do cenário não estão em ordem crescente de entry_time.
WARNING,SCENARIO_ORDER,S82_SL4_TP8,15627,linhas do cenário não estão em ordem crescente de entry_time.
WARNING,SCENARIO_ORDER,S82_SL4_TP8,15629,linhas do cenário não estão em ordem crescente de entry_time.
WARNING,SCENARIO_ORDER,S82_SL4_TP8,15637,linhas do cenário não estão em ordem crescente de entry_time.
WARNING,SCENARIO_ORDER,S82_SL4_TP8,15639,linhas do cenário não estão em ordem crescente de entry_time.
WARNING,SCENARIO_ORDER,S82_SL4_TP8,15642,linhas do cenário não estão em ordem crescente de entry_time.
WARNING,SCENARIO_ORDER,S82_SL4_TP8,15645,linhas do cenário não estão em ordem crescente de entry_time.
WARNING,SCENARIO_ORDER,S82_SL4_TP8,15647,linhas do cenário não estão em ordem crescente de entry_time.
WARNING,SCENARIO_ORDER,S82_SL4_TP8,15649,linhas do cenário não estão em ordem crescente de entry_time.
WARNING,SCENARIO_ORDER,S82_SL4_TP8,15654,linhas do cenário não estão em ordem crescente de entry_time.
WARNING,SCENARIO_ORDER,S82_SL4_TP8,15656,linhas do cenário não estão em ordem crescente de entry_time.
WARNING,SCENARIO_ORDER,S82_SL4_TP8,15659,linhas do cenário não estão em ordem crescente de entry_time.
WARNING,SCENARIO_ORDER,S82_SL4_TP8,15662,linhas do cenário não estão em ordem crescente de entry_time.
WARNING,SCENARIO_ORDER,S82_SL4_TP8,15665,linhas do cenário não estão em ordem crescente de entry_time.
WARNING,SCENARIO_ORDER,S82_SL4_TP8,15668,linhas do cenário não estão em ordem crescente de entry_time.
WARNING,SCENARIO_ORDER,S82_SL4_TP8,15672,linhas do cenário não estão em ordem crescente de entry_time.
WARNING,SCENARIO_ORDER,S82_SL4_TP8,15674,linhas do cenário não estão em ordem crescente de entry_time.
WARNING,SCENARIO_ORDER,S82_SL4_TP8,15686,linhas do cenário não estão em ordem crescente de entry_time.
WARNING,SCENARIO_ORDER,S82_SL4_TP8,15687,linhas do cenário não estão em ordem crescente de entry_time.
WARNING,SCENARIO_ORDER,S82_SL4_TP8,15690,linhas do cenário não estão em ordem crescente de entry_time.
WARNING,SCENARIO_ORDER,S82_SL4_TP8,15693,linhas do cenário não estão em ordem crescente de entry_time.
WARNING,SCENARIO_ORDER,S82_SL4_TP8,15698,linhas do cenário não estão em ordem crescente de entry_time.
WARNING,SCENARIO_ORDER,S82_SL4_TP8,15700,linhas do cenário não estão em ordem crescente de entry_time.
WARNING,SCENARIO_ORDER,S82_SL4_TP8,15705,linhas do cenário não estão em ordem crescente de entry_time.
WARNING,SCENARIO_ORDER,S82_SL4_TP8,15706,linhas do cenário não estão em ordem crescente de entry_time.
WARNING,SCENARIO_ORDER,S82_SL4_TP8,15709,linhas do cenário não estão em ordem crescente de entry_time.
WARNING,SCENARIO_ORDER,S82_SL4_TP8,15712,linhas do cenário não estão em ordem crescente de entry_time.
WARNING,SCENARIO_ORDER,S82_SL4_TP8,15713,linhas do cenário não estão em ordem crescente de entry_time.
WARNING,SCENARIO_ORDER,S82_SL4_TP8,15716,linhas do cenário não estão em ordem crescente de entry_time.
WARNING,SCENARIO_ORDER,S82_SL4_TP8,15719,linhas do cenário não estão em ordem crescente de entry_time.
WARNING,SCENARIO_ORDER,S82_SL4_TP8,15721,linhas do cenário não estão em ordem crescente de entry_time.
WARNING,SCENARIO_ORDER,S82_SL4_TP8,15725,linhas do cenário não estão em ordem crescente de entry_time.
WARNING,SCENARIO_ORDER,S82_SL4_TP8,15727,linhas do cenário não estão em ordem crescente de entry_time.
WARNING,SCENARIO_ORDER,S82_SL4_TP8,15731,linhas do cenário não estão em ordem crescente de entry_time.
WARNING,SCENARIO_ORDER,S82_SL4_TP8,15732,linhas do cenário não estão em ordem crescente de entry_time.
WARNING,SCENARIO_ORDER,S82_SL4_TP8,15738,linhas do cenário não estão em ordem crescente de entry_time.
WARNING,SCENARIO_ORDER,S82_SL4_TP8,15743,linhas do cenário não estão em ordem crescente de entry_time.
WARNING,SCENARIO_ORDER,S82_SL4_TP8,15749,linhas do cenário não estão em ordem crescente de entry_time.
WARNING,SCENARIO_ORDER,S82_SL4_TP8,15754,linhas do cenário não estão em ordem crescente de entry_time.
WARNING,SCENARIO_ORDER,S82_SL4_TP8,15756,linhas do cenário não estão em ordem crescente de entry_time.
WARNING,SCENARIO_ORDER,S82_SL4_TP8,15759,linhas do cenário não estão em ordem crescente de entry_time.
WARNING,SCENARIO_ORDER,S82_SL4_TP8,15767,linhas do cenário não estão em ordem crescente de entry_time.
WARNING,SCENARIO_ORDER,S82_SL4_TP8,15769,linhas do cenário não estão em ordem crescente de entry_time.
WARNING,SCENARIO_ORDER,S82_SL4_TP8,15771,linhas do cenário não estão em ordem crescente de entry_time.
WARNING,SCENARIO_ORDER,S82_SL4_TP8,15776,linhas do cenário não estão em ordem crescente de entry_time.
WARNING,SCENARIO_ORDER,S82_SL4_TP8,15778,linhas do cenário não estão em ordem crescente de entry_time.
WARNING,SCENARIO_ORDER,S82_SL4_TP8,15782,linhas do cenário não estão em ordem crescente de entry_time.
WARNING,SCENARIO_ORDER,S82_SL4_TP8,15785,linhas do cenário não estão em ordem crescente de entry_time.
WARNING,SCENARIO_ORDER,S82_SL4_TP8,15787,linhas do cenário não estão em ordem crescente de entry_time.
WARNING,SCENARIO_ORDER,S82_SL4_TP8,15788,linhas do cenário não estão em ordem crescente de entry_time.
WARNING,SCENARIO_ORDER,S82_SL4_TP8,15790,linhas do cenário não estão em ordem crescente de entry_time.
WARNING,SCENARIO_ORDER,S82_SL4_TP10,15793,linhas do cenário não estão em ordem crescente de entry_time.
WARNING,SCENARIO_ORDER,S82_SL4_TP10,15802,linhas do cenário não estão em ordem crescente de entry_time.
WARNING,SCENARIO_ORDER,S82_SL4_TP10,15807,linhas do cenário não estão em ordem crescente de entry_time.
WARNING,SCENARIO_ORDER,S82_SL4_TP10,15808,linhas do cenário não estão em ordem crescente de entry_time.
WARNING,SCENARIO_ORDER,S82_SL4_TP10,15820,linhas do cenário não estão em ordem crescente de entry_time.
WARNING,SCENARIO_ORDER,S82_SL4_TP10,15824,linhas do cenário não estão em ordem crescente de entry_time.
WARNING,SCENARIO_ORDER,S82_SL4_TP10,15827,linhas do cenário não estão em ordem crescente de entry_time.
WARNING,SCENARIO_ORDER,S82_SL4_TP10,15831,linhas do cenário não estão em ordem crescente de entry_time.
WARNING,SCENARIO_ORDER,S82_SL4_TP10,15838,linhas do cenário não estão em ordem crescente de entry_time.
WARNING,SCENARIO_ORDER,S82_SL4_TP10,15841,linhas do cenário não estão em ordem crescente de entry_time.
WARNING,SCENARIO_ORDER,S82_SL4_TP10,15844,linhas do cenário não estão em ordem crescente de entry_time.
WARNING,SCENARIO_ORDER,S82_SL4_TP10,15847,linhas do cenário não estão em ordem crescente de entry_time.
WARNING,SCENARIO_ORDER,S82_SL4_TP10,15851,linhas do cenário não estão em ordem crescente de entry_time.
WARNING,SCENARIO_ORDER,S82_SL4_TP10,15856,linhas do cenário não estão em ordem crescente de entry_time.
WARNING,SCENARIO_ORDER,S82_SL4_TP10,15858,linhas do cenário não estão em ordem crescente de entry_time.
WARNING,SCENARIO_ORDER,S82_SL4_TP10,15866,linhas do cenário não estão em ordem crescente de entry_time.
WARNING,SCENARIO_ORDER,S82_SL4_TP10,15867,linhas do cenário não estão em ordem crescente de entry_time.
WARNING,SCENARIO_ORDER,S82_SL4_TP10,15871,linhas do cenário não estão em ordem crescente de entry_time.
WARNING,SCENARIO_ORDER,S82_SL4_TP10,15873,linhas do cenário não estão em ordem crescente de entry_time.
WARNING,SCENARIO_ORDER,S82_SL4_TP10,15874,linhas do cenário não estão em ordem crescente de entry_time.
WARNING,SCENARIO_ORDER,S82_SL4_TP10,15876,linhas do cenário não estão em ordem crescente de entry_time.
WARNING,SCENARIO_ORDER,S82_SL4_TP10,15878,linhas do cenário não estão em ordem crescente de entry_time.
WARNING,SCENARIO_ORDER,S82_SL4_TP10,15880,linhas do cenário não estão em ordem crescente de entry_time.
WARNING,SCENARIO_ORDER,S82_SL4_TP10,15884,linhas do cenário não estão em ordem crescente de entry_time.
WARNING,SCENARIO_ORDER,S82_SL4_TP10,15891,linhas do cenário não estão em ordem crescente de entry_time.
WARNING,SCENARIO_ORDER,S82_SL4_TP10,15896,linhas do cenário não estão em ordem crescente de entry_time.
WARNING,SCENARIO_ORDER,S82_SL4_TP10,15901,linhas do cenário não estão em ordem crescente de entry_time.
WARNING,SCENARIO_ORDER,S82_SL4_TP10,15906,linhas do cenário não estão em ordem crescente de entry_time.
WARNING,SCENARIO_ORDER,S82_SL4_TP10,15908,linhas do cenário não estão em ordem crescente de entry_time.
WARNING,SCENARIO_ORDER,S82_SL4_TP10,15912,linhas do cenário não estão em ordem crescente de entry_time.
WARNING,SCENARIO_ORDER,S82_SL4_TP10,15919,linhas do cenário não estão em ordem crescente de entry_time.
WARNING,SCENARIO_ORDER,S82_SL4_TP10,15920,linhas do cenário não estão em ordem crescente de entry_time.
WARNING,SCENARIO_ORDER,S82_SL4_TP10,15922,linhas do cenário não estão em ordem crescente de entry_time.
WARNING,SCENARIO_ORDER,S82_SL4_TP10,15925,linhas do cenário não estão em ordem crescente de entry_time.
WARNING,SCENARIO_ORDER,S82_SL4_TP10,15927,linhas do cenário não estão em ordem crescente de entry_time.
WARNING,SCENARIO_ORDER,S82_SL4_TP10,15929,linhas do cenário não estão em ordem crescente de entry_time.
WARNING,SCENARIO_ORDER,S82_SL4_TP10,15933,linhas do cenário não estão em ordem crescente de entry_time.
WARNING,SCENARIO_ORDER,S82_SL4_TP10,15936,linhas do cenário não estão em ordem crescente de entry_time.
WARNING,SCENARIO_ORDER,S82_SL4_TP10,15938,linhas do cenário não estão em ordem crescente de entry_time.
WARNING,SCENARIO_ORDER,S82_SL4_TP10,15943,linhas do cenário não estão em ordem crescente de entry_time.
WARNING,SCENARIO_ORDER,S82_SL4_TP10,15945,linhas do cenário não estão em ordem crescente de entry_time.
WARNING,SCENARIO_ORDER,S82_SL4_TP10,15949,linhas do cenário não estão em ordem crescente de entry_time.
WARNING,SCENARIO_ORDER,S82_SL4_TP10,15953,linhas do cenário não estão em ordem crescente de entry_time.
WARNING,SCENARIO_ORDER,S82_SL4_TP10,15956,linhas do cenário não estão em ordem crescente de entry_time.
WARNING,SCENARIO_ORDER,S82_SL4_TP10,15959,linhas do cenário não estão em ordem crescente de entry_time.
WARNING,SCENARIO_ORDER,S82_SL4_TP10,15964,linhas do cenário não estão em ordem crescente de entry_time.
WARNING,SCENARIO_ORDER,S82_SL4_TP10,15967,linhas do cenário não estão em ordem crescente de entry_time.
WARNING,SCENARIO_ORDER,S82_SL4_TP10,15970,linhas do cenário não estão em ordem crescente de entry_time.
WARNING,SCENARIO_ORDER,S82_SL4_TP10,15974,linhas do cenário não estão em ordem crescente de entry_time.
WARNING,SCENARIO_ORDER,S82_SL4_TP10,15976,linhas do cenário não estão em ordem crescente de entry_time.
WARNING,SCENARIO_ORDER,S82_SL4_TP10,15982,linhas do cenário não estão em ordem crescente de entry_time.
WARNING,SCENARIO_ORDER,S82_SL4_TP10,15995,linhas do cenário não estão em ordem crescente de entry_time.
WARNING,SCENARIO_ORDER,S82_SL4_TP10,15997,linhas do cenário não estão em ordem crescente de entry_time.
WARNING,SCENARIO_ORDER,S82_SL4_TP10,15999,linhas do cenário não estão em ordem crescente de entry_time.
WARNING,SCENARIO_ORDER,S82_SL4_TP10,16008,linhas do cenário não estão em ordem crescente de entry_time.
WARNING,SCENARIO_ORDER,S82_SL4_TP10,16014,linhas do cenário não estão em ordem crescente de entry_time.
WARNING,SCENARIO_ORDER,S82_SL4_TP10,16018,linhas do cenário não estão em ordem crescente de entry_time.
WARNING,SCENARIO_ORDER,S82_SL4_TP10,16020,linhas do cenário não estão em ordem crescente de entry_time.
WARNING,SCENARIO_ORDER,S82_SL4_TP10,16022,linhas do cenário não estão em ordem crescente de entry_time.
WARNING,SCENARIO_ORDER,S82_SL4_TP10,16027,linhas do cenário não estão em ordem crescente de entry_time.
WARNING,SCENARIO_ORDER,S82_SL4_TP10,16030,linhas do cenário não estão em ordem crescente de entry_time.
WARNING,SCENARIO_ORDER,S82_SL4_TP10,16032,linhas do cenário não estão em ordem crescente de entry_time.
WARNING,SCENARIO_ORDER,S82_SL4_TP10,16036,linhas do cenário não estão em ordem crescente de entry_time.
WARNING,SCENARIO_ORDER,S82_SL4_TP10,16037,linhas do cenário não estão em ordem crescente de entry_time.
WARNING,SCENARIO_ORDER,S82_SL4_TP10,16042,linhas do cenário não estão em ordem crescente de entry_time.
WARNING,SCENARIO_ORDER,S82_SL4_TP10,16046,linhas do cenário não estão em ordem crescente de entry_time.
WARNING,SCENARIO_ORDER,S82_SL4_TP10,16047,linhas do cenário não estão em ordem crescente de entry_time.
WARNING,SCENARIO_ORDER,S82_SL4_TP10,16052,linhas do cenário não estão em ordem crescente de entry_time.
WARNING,SCENARIO_ORDER,S82_SL4_TP10,16054,linhas do cenário não estão em ordem crescente de entry_time.
WARNING,SCENARIO_ORDER,S82_SL4_TP10,16057,linhas do cenário não estão em ordem crescente de entry_time.
WARNING,SCENARIO_ORDER,S82_SL4_TP10,16060,linhas do cenário não estão em ordem crescente de entry_time.
WARNING,SCENARIO_ORDER,S82_SL4_TP10,16062,linhas do cenário não estão em ordem crescente de entry_time.
WARNING,SCENARIO_ORDER,S82_SL4_TP10,16064,linhas do cenário não estão em ordem crescente de entry_time.
WARNING,SCENARIO_ORDER,S82_SL4_TP10,16067,linhas do cenário não estão em ordem crescente de entry_time.
WARNING,SCENARIO_ORDER,S82_SL4_TP10,16071,linhas do cenário não estão em ordem crescente de entry_time.
WARNING,SCENARIO_ORDER,S82_SL4_TP10,16072,linhas do cenário não estão em ordem crescente de entry_time.
WARNING,SCENARIO_ORDER,S82_SL4_TP10,16073,linhas do cenário não estão em ordem crescente de entry_time.
WARNING,SCENARIO_ORDER,S82_SL4_TP10,16075,linhas do cenário não estão em ordem crescente de entry_time.
WARNING,SCENARIO_ORDER,S82_SL4_TP10,16080,linhas do cenário não estão em ordem crescente de entry_time.
WARNING,SCENARIO_ORDER,S82_SL4_TP10,16082,linhas do cenário não estão em ordem crescente de entry_time.
WARNING,SCENARIO_ORDER,S82_SL4_TP10,16085,linhas do cenário não estão em ordem crescente de entry_time.
WARNING,SCENARIO_ORDER,S82_SL4_TP10,16089,linhas do cenário não estão em ordem crescente de entry_time.
WARNING,SCENARIO_ORDER,S82_SL4_TP10,16092,linhas do cenário não estão em ordem crescente de entry_time.
WARNING,SCENARIO_ORDER,S82_SL4_TP12,16097,linhas do cenário não estão em ordem crescente de entry_time.
WARNING,SCENARIO_ORDER,S82_SL4_TP12,16109,linhas do cenário não estão em ordem crescente de entry_time.
WARNING,SCENARIO_ORDER,S82_SL4_TP12,16110,linhas do cenário não estão em ordem crescente de entry_time.
WARNING,SCENARIO_ORDER,S82_SL4_TP12,16123,linhas do cenário não estão em ordem crescente de entry_time.
WARNING,SCENARIO_ORDER,S82_SL4_TP12,16127,linhas do cenário não estão em ordem crescente de entry_time.
WARNING,SCENARIO_ORDER,S82_SL4_TP12,16130,linhas do cenário não estão em ordem crescente de entry_time.
WARNING,SCENARIO_ORDER,S82_SL4_TP12,16133,linhas do cenário não estão em ordem crescente de entry_time.
WARNING,SCENARIO_ORDER,S82_SL4_TP12,16144,linhas do cenário não estão em ordem crescente de entry_time.
WARNING,SCENARIO_ORDER,S82_SL4_TP12,16146,linhas do cenário não estão em ordem crescente de entry_time.
WARNING,SCENARIO_ORDER,S82_SL4_TP12,16149,linhas do cenário não estão em ordem crescente de entry_time.
WARNING,SCENARIO_ORDER,S82_SL4_TP12,16154,linhas do cenário não estão em ordem crescente de entry_time.
WARNING,SCENARIO_ORDER,S82_SL4_TP12,16158,linhas do cenário não estão em ordem crescente de entry_time.
WARNING,SCENARIO_ORDER,S82_SL4_TP12,16160,linhas do cenário não estão em ordem crescente de entry_time.
WARNING,SCENARIO_ORDER,S82_SL4_TP12,16162,linhas do cenário não estão em ordem crescente de entry_time.
WARNING,SCENARIO_ORDER,S82_SL4_TP12,16170,linhas do cenário não estão em ordem crescente de entry_time.
WARNING,SCENARIO_ORDER,S82_SL4_TP12,16172,linhas do cenário não estão em ordem crescente de entry_time.
WARNING,SCENARIO_ORDER,S82_SL4_TP12,16174,linhas do cenário não estão em ordem crescente de entry_time.
WARNING,SCENARIO_ORDER,S82_SL4_TP12,16176,linhas do cenário não estão em ordem crescente de entry_time.
WARNING,SCENARIO_ORDER,S82_SL4_TP12,16178,linhas do cenário não estão em ordem crescente de entry_time.
WARNING,SCENARIO_ORDER,S82_SL4_TP12,16180,linhas do cenário não estão em ordem crescente de entry_time.
WARNING,SCENARIO_ORDER,S82_SL4_TP12,16182,linhas do cenário não estão em ordem crescente de entry_time.
WARNING,SCENARIO_ORDER,S82_SL4_TP12,16185,linhas do cenário não estão em ordem crescente de entry_time.
WARNING,SCENARIO_ORDER,S82_SL4_TP12,16189,linhas do cenário não estão em ordem crescente de entry_time.
WARNING,SCENARIO_ORDER,S82_SL4_TP12,16193,linhas do cenário não estão em ordem crescente de entry_time.
WARNING,SCENARIO_ORDER,S82_SL4_TP12,16198,linhas do cenário não estão em ordem crescente de entry_time.
WARNING,SCENARIO_ORDER,S82_SL4_TP12,16207,linhas do cenário não estão em ordem crescente de entry_time.
WARNING,SCENARIO_ORDER,S82_SL4_TP12,16208,linhas do cenário não estão em ordem crescente de entry_time.
WARNING,SCENARIO_ORDER,S82_SL4_TP12,16209,linhas do cenário não estão em ordem crescente de entry_time.
WARNING,SCENARIO_ORDER,S82_SL4_TP12,16218,linhas do cenário não estão em ordem crescente de entry_time.
WARNING,SCENARIO_ORDER,S82_SL4_TP12,16222,linhas do cenário não estão em ordem crescente de entry_time.
WARNING,SCENARIO_ORDER,S82_SL4_TP12,16224,linhas do cenário não estão em ordem crescente de entry_time.
WARNING,SCENARIO_ORDER,S82_SL4_TP12,16228,linhas do cenário não estão em ordem crescente de entry_time.
WARNING,SCENARIO_ORDER,S82_SL4_TP12,16236,linhas do cenário não estão em ordem crescente de entry_time.
WARNING,SCENARIO_ORDER,S82_SL4_TP12,16238,linhas do cenário não estão em ordem crescente de entry_time.
WARNING,SCENARIO_ORDER,S82_SL4_TP12,16241,linhas do cenário não estão em ordem crescente de entry_time.
WARNING,SCENARIO_ORDER,S82_SL4_TP12,16245,linhas do cenário não estão em ordem crescente de entry_time.
WARNING,SCENARIO_ORDER,S82_SL4_TP12,16251,linhas do cenário não estão em ordem crescente de entry_time.
WARNING,SCENARIO_ORDER,S82_SL4_TP12,16252,linhas do cenário não estão em ordem crescente de entry_time.
WARNING,SCENARIO_ORDER,S82_SL4_TP12,16258,linhas do cenário não estão em ordem crescente de entry_time.
WARNING,SCENARIO_ORDER,S82_SL4_TP12,16261,linhas do cenário não estão em ordem crescente de entry_time.
WARNING,SCENARIO_ORDER,S82_SL4_TP12,16264,linhas do cenário não estão em ordem crescente de entry_time.
WARNING,SCENARIO_ORDER,S82_SL4_TP12,16265,linhas do cenário não estão em ordem crescente de entry_time.
WARNING,SCENARIO_ORDER,S82_SL4_TP12,16269,linhas do cenário não estão em ordem crescente de entry_time.
WARNING,SCENARIO_ORDER,S82_SL4_TP12,16271,linhas do cenário não estão em ordem crescente de entry_time.
WARNING,SCENARIO_ORDER,S82_SL4_TP12,16273,linhas do cenário não estão em ordem crescente de entry_time.
WARNING,SCENARIO_ORDER,S82_SL4_TP12,16278,linhas do cenário não estão em ordem crescente de entry_time.
WARNING,SCENARIO_ORDER,S82_SL4_TP12,16280,linhas do cenário não estão em ordem crescente de entry_time.
WARNING,SCENARIO_ORDER,S82_SL4_TP12,16292,linhas do cenário não estão em ordem crescente de entry_time.
WARNING,SCENARIO_ORDER,S82_SL4_TP12,16293,linhas do cenário não estão em ordem crescente de entry_time.
WARNING,SCENARIO_ORDER,S82_SL4_TP12,16296,linhas do cenário não estão em ordem crescente de entry_time.
WARNING,SCENARIO_ORDER,S82_SL4_TP12,16305,linhas do cenário não estão em ordem crescente de entry_time.
WARNING,SCENARIO_ORDER,S82_SL4_TP12,16309,linhas do cenário não estão em ordem crescente de entry_time.
WARNING,SCENARIO_ORDER,S82_SL4_TP12,16315,linhas do cenário não estão em ordem crescente de entry_time.
WARNING,SCENARIO_ORDER,S82_SL4_TP12,16318,linhas do cenário não estão em ordem crescente de entry_time.
WARNING,SCENARIO_ORDER,S82_SL4_TP12,16321,linhas do cenário não estão em ordem crescente de entry_time.
WARNING,SCENARIO_ORDER,S82_SL4_TP12,16326,linhas do cenário não estão em ordem crescente de entry_time.
WARNING,SCENARIO_ORDER,S82_SL4_TP12,16328,linhas do cenário não estão em ordem crescente de entry_time.
WARNING,SCENARIO_ORDER,S82_SL4_TP12,16333,linhas do cenário não estão em ordem crescente de entry_time.
WARNING,SCENARIO_ORDER,S82_SL4_TP12,16335,linhas do cenário não estão em ordem crescente de entry_time.
WARNING,SCENARIO_ORDER,S82_SL4_TP12,16338,linhas do cenário não estão em ordem crescente de entry_time.
WARNING,SCENARIO_ORDER,S82_SL4_TP12,16340,linhas do cenário não estão em ordem crescente de entry_time.
WARNING,SCENARIO_ORDER,S82_SL4_TP12,16342,linhas do cenário não estão em ordem crescente de entry_time.
WARNING,SCENARIO_ORDER,S82_SL4_TP12,16345,linhas do cenário não estão em ordem crescente de entry_time.
WARNING,SCENARIO_ORDER,S82_SL4_TP12,16350,linhas do cenário não estão em ordem crescente de entry_time.
WARNING,SCENARIO_ORDER,S82_SL4_TP12,16352,linhas do cenário não estão em ordem crescente de entry_time.
WARNING,SCENARIO_ORDER,S82_SL4_TP12,16354,linhas do cenário não estão em ordem crescente de entry_time.
WARNING,SCENARIO_ORDER,S82_SL4_TP12,16358,linhas do cenário não estão em ordem crescente de entry_time.
WARNING,SCENARIO_ORDER,S82_SL4_TP12,16363,linhas do cenário não estão em ordem crescente de entry_time.
WARNING,SCENARIO_ORDER,S82_SL4_TP12,16365,linhas do cenário não estão em ordem crescente de entry_time.
WARNING,SCENARIO_ORDER,S82_SL4_TP12,16368,linhas do cenário não estão em ordem crescente de entry_time.
WARNING,SCENARIO_ORDER,S82_SL4_TP12,16369,linhas do cenário não estão em ordem crescente de entry_time.
WARNING,SCENARIO_ORDER,S82_SL4_TP12,16373,linhas do cenário não estão em ordem crescente de entry_time.
WARNING,SCENARIO_ORDER,S82_SL4_TP12,16376,linhas do cenário não estão em ordem crescente de entry_time.
WARNING,SCENARIO_ORDER,S82_SL4_TP12,16384,linhas do cenário não estão em ordem crescente de entry_time.
WARNING,SCENARIO_ORDER,S82_SL4_TP12,16387,linhas do cenário não estão em ordem crescente de entry_time.
WARNING,SCENARIO_ORDER,S82_SL4_TP15,16392,linhas do cenário não estão em ordem crescente de entry_time.
WARNING,SCENARIO_ORDER,S82_SL4_TP15,16404,linhas do cenário não estão em ordem crescente de entry_time.
WARNING,SCENARIO_ORDER,S82_SL4_TP15,16405,linhas do cenário não estão em ordem crescente de entry_time.
WARNING,SCENARIO_ORDER,S82_SL4_TP15,16421,linhas do cenário não estão em ordem crescente de entry_time.
WARNING,SCENARIO_ORDER,S82_SL4_TP15,16425,linhas do cenário não estão em ordem crescente de entry_time.
WARNING,SCENARIO_ORDER,S82_SL4_TP15,16428,linhas do cenário não estão em ordem crescente de entry_time.
WARNING,SCENARIO_ORDER,S82_SL4_TP15,16439,linhas do cenário não estão em ordem crescente de entry_time.
WARNING,SCENARIO_ORDER,S82_SL4_TP15,16441,linhas do cenário não estão em ordem crescente de entry_time.
WARNING,SCENARIO_ORDER,S82_SL4_TP15,16444,linhas do cenário não estão em ordem crescente de entry_time.
WARNING,SCENARIO_ORDER,S82_SL4_TP15,16453,linhas do cenário não estão em ordem crescente de entry_time.
WARNING,SCENARIO_ORDER,S82_SL4_TP15,16455,linhas do cenário não estão em ordem crescente de entry_time.
WARNING,SCENARIO_ORDER,S82_SL4_TP15,16457,linhas do cenário não estão em ordem crescente de entry_time.
WARNING,SCENARIO_ORDER,S82_SL4_TP15,16464,linhas do cenário não estão em ordem crescente de entry_time.
WARNING,SCENARIO_ORDER,S82_SL4_TP15,16467,linhas do cenário não estão em ordem crescente de entry_time.
WARNING,SCENARIO_ORDER,S82_SL4_TP15,16469,linhas do cenário não estão em ordem crescente de entry_time.
WARNING,SCENARIO_ORDER,S82_SL4_TP15,16470,linhas do cenário não estão em ordem crescente de entry_time.
WARNING,SCENARIO_ORDER,S82_SL4_TP15,16474,linhas do cenário não estão em ordem crescente de entry_time.
WARNING,SCENARIO_ORDER,S82_SL4_TP15,16476,linhas do cenário não estão em ordem crescente de entry_time.
WARNING,SCENARIO_ORDER,S82_SL4_TP15,16479,linhas do cenário não estão em ordem crescente de entry_time.
WARNING,SCENARIO_ORDER,S82_SL4_TP15,16481,linhas do cenário não estão em ordem crescente de entry_time.
WARNING,SCENARIO_ORDER,S82_SL4_TP15,16487,linhas do cenário não estão em ordem crescente de entry_time.
WARNING,SCENARIO_ORDER,S82_SL4_TP15,16495,linhas do cenário não estão em ordem crescente de entry_time.
WARNING,SCENARIO_ORDER,S82_SL4_TP15,16502,linhas do cenário não estão em ordem crescente de entry_time.
WARNING,SCENARIO_ORDER,S82_SL4_TP15,16503,linhas do cenário não estão em ordem crescente de entry_time.
WARNING,SCENARIO_ORDER,S82_SL4_TP15,16505,linhas do cenário não estão em ordem crescente de entry_time.
WARNING,SCENARIO_ORDER,S82_SL4_TP15,16513,linhas do cenário não estão em ordem crescente de entry_time.
WARNING,SCENARIO_ORDER,S82_SL4_TP15,16517,linhas do cenário não estão em ordem crescente de entry_time.
WARNING,SCENARIO_ORDER,S82_SL4_TP15,16520,linhas do cenário não estão em ordem crescente de entry_time.
WARNING,SCENARIO_ORDER,S82_SL4_TP15,16522,linhas do cenário não estão em ordem crescente de entry_time.
WARNING,SCENARIO_ORDER,S82_SL4_TP15,16529,linhas do cenário não estão em ordem crescente de entry_time.
WARNING,SCENARIO_ORDER,S82_SL4_TP15,16543,linhas do cenário não estão em ordem crescente de entry_time.
WARNING,SCENARIO_ORDER,S82_SL4_TP15,16555,linhas do cenário não estão em ordem crescente de entry_time.
WARNING,SCENARIO_ORDER,S82_SL4_TP15,16557,linhas do cenário não estão em ordem crescente de entry_time.
WARNING,SCENARIO_ORDER,S82_SL4_TP15,16561,linhas do cenário não estão em ordem crescente de entry_time.
WARNING,SCENARIO_ORDER,S82_SL4_TP15,16563,linhas do cenário não estão em ordem crescente de entry_time.
WARNING,SCENARIO_ORDER,S82_SL4_TP15,16566,linhas do cenário não estão em ordem crescente de entry_time.
WARNING,SCENARIO_ORDER,S82_SL4_TP15,16571,linhas do cenário não estão em ordem crescente de entry_time.
WARNING,SCENARIO_ORDER,S82_SL4_TP15,16573,linhas do cenário não estão em ordem crescente de entry_time.
WARNING,SCENARIO_ORDER,S82_SL4_TP15,16583,linhas do cenário não estão em ordem crescente de entry_time.
WARNING,SCENARIO_ORDER,S82_SL4_TP15,16585,linhas do cenário não estão em ordem crescente de entry_time.
WARNING,SCENARIO_ORDER,S82_SL4_TP15,16587,linhas do cenário não estão em ordem crescente de entry_time.
WARNING,SCENARIO_ORDER,S82_SL4_TP15,16593,linhas do cenário não estão em ordem crescente de entry_time.
WARNING,SCENARIO_ORDER,S82_SL4_TP15,16598,linhas do cenário não estão em ordem crescente de entry_time.
WARNING,SCENARIO_ORDER,S82_SL4_TP15,16602,linhas do cenário não estão em ordem crescente de entry_time.
WARNING,SCENARIO_ORDER,S82_SL4_TP15,16607,linhas do cenário não estão em ordem crescente de entry_time.
WARNING,SCENARIO_ORDER,S82_SL4_TP15,16609,linhas do cenário não estão em ordem crescente de entry_time.
WARNING,SCENARIO_ORDER,S82_SL4_TP15,16612,linhas do cenário não estão em ordem crescente de entry_time.
WARNING,SCENARIO_ORDER,S82_SL4_TP15,16619,linhas do cenário não estão em ordem crescente de entry_time.
WARNING,SCENARIO_ORDER,S82_SL4_TP15,16626,linhas do cenário não estão em ordem crescente de entry_time.
WARNING,SCENARIO_ORDER,S82_SL4_TP15,16627,linhas do cenário não estão em ordem crescente de entry_time.
WARNING,SCENARIO_ORDER,S82_SL4_TP15,16629,linhas do cenário não estão em ordem crescente de entry_time.
WARNING,SCENARIO_ORDER,S82_SL4_TP15,16631,linhas do cenário não estão em ordem crescente de entry_time.
WARNING,SCENARIO_ORDER,S82_SL4_TP15,16632,linhas do cenário não estão em ordem crescente de entry_time.
WARNING,SCENARIO_ORDER,S82_SL4_TP15,16636,linhas do cenário não estão em ordem crescente de entry_time.
WARNING,SCENARIO_ORDER,S82_SL4_TP15,16637,linhas do cenário não estão em ordem crescente de entry_time.
WARNING,SCENARIO_ORDER,S82_SL4_TP15,16639,linhas do cenário não estão em ordem crescente de entry_time.
WARNING,SCENARIO_ORDER,S82_SL4_TP15,16643,linhas do cenário não estão em ordem crescente de entry_time.
WARNING,SCENARIO_ORDER,S82_SL4_TP15,16655,linhas do cenário não estão em ordem crescente de entry_time.
WARNING,SCENARIO_ORDER,S82_SL4_TP15,16657,linhas do cenário não estão em ordem crescente de entry_time.
WARNING,SCENARIO_ORDER,S82_SL4_TP15,16658,linhas do cenário não estão em ordem crescente de entry_time.
WARNING,SCENARIO_ORDER,S82_SL4_TP15,16660,linhas do cenário não estão em ordem crescente de entry_time.
WARNING,SCENARIO_ORDER,S82_SL4_TP15,16664,linhas do cenário não estão em ordem crescente de entry_time.
WARNING,SCENARIO_ORDER,S82_SL4_TP15,16666,linhas do cenário não estão em ordem crescente de entry_time.
WARNING,SCENARIO_ORDER,S82_SL4_TP15,16667,linhas do cenário não estão em ordem crescente de entry_time.
WARNING,SCENARIO_ORDER,S82_SL4_TP15,16676,linhas do cenário não estão em ordem crescente de entry_time.
WARNING,SCENARIO_ORDER,S82_SL4_TP15,16679,linhas do cenário não estão em ordem crescente de entry_time.
WARNING,SCENARIO_ORDER,S82_SL4_TP15,16681,linhas do cenário não estão em ordem crescente de entry_time.
WARNING,SCENARIO_ORDER,S82_SL5_TP8,16685,linhas do cenário não estão em ordem crescente de entry_time.
WARNING,SCENARIO_ORDER,S82_SL5_TP8,16694,linhas do cenário não estão em ordem crescente de entry_time.
WARNING,SCENARIO_ORDER,S82_SL5_TP8,16697,linhas do cenário não estão em ordem crescente de entry_time.
WARNING,SCENARIO_ORDER,S82_SL5_TP8,16699,linhas do cenário não estão em ordem crescente de entry_time.
WARNING,SCENARIO_ORDER,S82_SL5_TP8,16711,linhas do cenário não estão em ordem crescente de entry_time.
WARNING,SCENARIO_ORDER,S82_SL5_TP8,16717,linhas do cenário não estão em ordem crescente de entry_time.
WARNING,SCENARIO_ORDER,S82_SL5_TP8,16720,linhas do cenário não estão em ordem crescente de entry_time.
WARNING,SCENARIO_ORDER,S82_SL5_TP8,16726,linhas do cenário não estão em ordem crescente de entry_time.
WARNING,SCENARIO_ORDER,S82_SL5_TP8,16730,linhas do cenário não estão em ordem crescente de entry_time.
WARNING,SCENARIO_ORDER,S82_SL5_TP8,16733,linhas do cenário não estão em ordem crescente de entry_time.
WARNING,SCENARIO_ORDER,S82_SL5_TP8,16738,linhas do cenário não estão em ordem crescente de entry_time.
WARNING,SCENARIO_ORDER,S82_SL5_TP8,16742,linhas do cenário não estão em ordem crescente de entry_time.
WARNING,SCENARIO_ORDER,S82_SL5_TP8,16748,linhas do cenário não estão em ordem crescente de entry_time.
WARNING,SCENARIO_ORDER,S82_SL5_TP8,16756,linhas do cenário não estão em ordem crescente de entry_time.
WARNING,SCENARIO_ORDER,S82_SL5_TP8,16760,linhas do cenário não estão em ordem crescente de entry_time.
WARNING,SCENARIO_ORDER,S82_SL5_TP8,16762,linhas do cenário não estão em ordem crescente de entry_time.
WARNING,SCENARIO_ORDER,S82_SL5_TP8,16763,linhas do cenário não estão em ordem crescente de entry_time.
WARNING,SCENARIO_ORDER,S82_SL5_TP8,16765,linhas do cenário não estão em ordem crescente de entry_time.
WARNING,SCENARIO_ORDER,S82_SL5_TP8,16766,linhas do cenário não estão em ordem crescente de entry_time.
WARNING,SCENARIO_ORDER,S82_SL5_TP8,16768,linhas do cenário não estão em ordem crescente de entry_time.
WARNING,SCENARIO_ORDER,S82_SL5_TP8,16771,linhas do cenário não estão em ordem crescente de entry_time.
WARNING,SCENARIO_ORDER,S82_SL5_TP8,16773,linhas do cenário não estão em ordem crescente de entry_time.
WARNING,SCENARIO_ORDER,S82_SL5_TP8,16780,linhas do cenário não estão em ordem crescente de entry_time.
WARNING,SCENARIO_ORDER,S82_SL5_TP8,16784,linhas do cenário não estão em ordem crescente de entry_time.
WARNING,SCENARIO_ORDER,S82_SL5_TP8,16786,linhas do cenário não estão em ordem crescente de entry_time.
WARNING,SCENARIO_ORDER,S82_SL5_TP8,16790,linhas do cenário não estão em ordem crescente de entry_time.
WARNING,SCENARIO_ORDER,S82_SL5_TP8,16797,linhas do cenário não estão em ordem crescente de entry_time.
WARNING,SCENARIO_ORDER,S82_SL5_TP8,16800,linhas do cenário não estão em ordem crescente de entry_time.
WARNING,SCENARIO_ORDER,S82_SL5_TP8,16802,linhas do cenário não estão em ordem crescente de entry_time.
WARNING,SCENARIO_ORDER,S82_SL5_TP8,16803,linhas do cenário não estão em ordem crescente de entry_time.
WARNING,SCENARIO_ORDER,S82_SL5_TP8,16805,linhas do cenário não estão em ordem crescente de entry_time.
WARNING,SCENARIO_ORDER,S82_SL5_TP8,16809,linhas do cenário não estão em ordem crescente de entry_time.
WARNING,SCENARIO_ORDER,S82_SL5_TP8,16811,linhas do cenário não estão em ordem crescente de entry_time.
WARNING,SCENARIO_ORDER,S82_SL5_TP8,16814,linhas do cenário não estão em ordem crescente de entry_time.
WARNING,SCENARIO_ORDER,S82_SL5_TP8,16817,linhas do cenário não estão em ordem crescente de entry_time.
WARNING,SCENARIO_ORDER,S82_SL5_TP8,16818,linhas do cenário não estão em ordem crescente de entry_time.
WARNING,SCENARIO_ORDER,S82_SL5_TP8,16822,linhas do cenário não estão em ordem crescente de entry_time.
WARNING,SCENARIO_ORDER,S82_SL5_TP8,16828,linhas do cenário não estão em ordem crescente de entry_time.
WARNING,SCENARIO_ORDER,S82_SL5_TP8,16835,linhas do cenário não estão em ordem crescente de entry_time.
WARNING,SCENARIO_ORDER,S82_SL5_TP8,16837,linhas do cenário não estão em ordem crescente de entry_time.
WARNING,SCENARIO_ORDER,S82_SL5_TP8,16840,linhas do cenário não estão em ordem crescente de entry_time.
WARNING,SCENARIO_ORDER,S82_SL5_TP8,16845,linhas do cenário não estão em ordem crescente de entry_time.
WARNING,SCENARIO_ORDER,S82_SL5_TP8,16849,linhas do cenário não estão em ordem crescente de entry_time.
WARNING,SCENARIO_ORDER,S82_SL5_TP8,16853,linhas do cenário não estão em ordem crescente de entry_time.
WARNING,SCENARIO_ORDER,S82_SL5_TP8,16857,linhas do cenário não estão em ordem crescente de entry_time.
WARNING,SCENARIO_ORDER,S82_SL5_TP8,16860,linhas do cenário não estão em ordem crescente de entry_time.
WARNING,SCENARIO_ORDER,S82_SL5_TP8,16863,linhas do cenário não estão em ordem crescente de entry_time.
WARNING,SCENARIO_ORDER,S82_SL5_TP8,16866,linhas do cenário não estão em ordem crescente de entry_time.
WARNING,SCENARIO_ORDER,S82_SL5_TP8,16871,linhas do cenário não estão em ordem crescente de entry_time.
WARNING,SCENARIO_ORDER,S82_SL5_TP8,16880,linhas do cenário não estão em ordem crescente de entry_time.
WARNING,SCENARIO_ORDER,S82_SL5_TP8,16886,linhas do cenário não estão em ordem crescente de entry_time.
WARNING,SCENARIO_ORDER,S82_SL5_TP8,16891,linhas do cenário não estão em ordem crescente de entry_time.
WARNING,SCENARIO_ORDER,S82_SL5_TP8,16904,linhas do cenário não estão em ordem crescente de entry_time.
WARNING,SCENARIO_ORDER,S82_SL5_TP8,16907,linhas do cenário não estão em ordem crescente de entry_time.
WARNING,SCENARIO_ORDER,S82_SL5_TP8,16909,linhas do cenário não estão em ordem crescente de entry_time.
WARNING,SCENARIO_ORDER,S82_SL5_TP8,16914,linhas do cenário não estão em ordem crescente de entry_time.
WARNING,SCENARIO_ORDER,S82_SL5_TP8,16917,linhas do cenário não estão em ordem crescente de entry_time.
WARNING,SCENARIO_ORDER,S82_SL5_TP8,16919,linhas do cenário não estão em ordem crescente de entry_time.
WARNING,SCENARIO_ORDER,S82_SL5_TP8,16924,linhas do cenário não estão em ordem crescente de entry_time.
WARNING,SCENARIO_ORDER,S82_SL5_TP8,16927,linhas do cenário não estão em ordem crescente de entry_time.
WARNING,SCENARIO_ORDER,S82_SL5_TP8,16930,linhas do cenário não estão em ordem crescente de entry_time.
WARNING,SCENARIO_ORDER,S82_SL5_TP8,16933,linhas do cenário não estão em ordem crescente de entry_time.
WARNING,SCENARIO_ORDER,S82_SL5_TP8,16934,linhas do cenário não estão em ordem crescente de entry_time.
WARNING,SCENARIO_ORDER,S82_SL5_TP8,16936,linhas do cenário não estão em ordem crescente de entry_time.
WARNING,SCENARIO_ORDER,S82_SL5_TP8,16939,linhas do cenário não estão em ordem crescente de entry_time.
WARNING,SCENARIO_ORDER,S82_SL5_TP8,16943,linhas do cenário não estão em ordem crescente de entry_time.
WARNING,SCENARIO_ORDER,S82_SL5_TP8,16946,linhas do cenário não estão em ordem crescente de entry_time.
WARNING,SCENARIO_ORDER,S82_SL5_TP8,16948,linhas do cenário não estão em ordem crescente de entry_time.
WARNING,SCENARIO_ORDER,S82_SL5_TP8,16954,linhas do cenário não estão em ordem crescente de entry_time.
WARNING,SCENARIO_ORDER,S82_SL5_TP8,16958,linhas do cenário não estão em ordem crescente de entry_time.
WARNING,SCENARIO_ORDER,S82_SL5_TP8,16960,linhas do cenário não estão em ordem crescente de entry_time.
WARNING,SCENARIO_ORDER,S82_SL5_TP8,16962,linhas do cenário não estão em ordem crescente de entry_time.
WARNING,SCENARIO_ORDER,S82_SL5_TP8,16966,linhas do cenário não estão em ordem crescente de entry_time.
WARNING,SCENARIO_ORDER,S82_SL5_TP8,16973,linhas do cenário não estão em ordem crescente de entry_time.
WARNING,SCENARIO_ORDER,S82_SL5_TP8,16977,linhas do cenário não estão em ordem crescente de entry_time.
WARNING,SCENARIO_ORDER,S82_SL5_TP8,16981,linhas do cenário não estão em ordem crescente de entry_time.
WARNING,SCENARIO_ORDER,S82_SL5_TP8,16983,linhas do cenário não estão em ordem crescente de entry_time.
WARNING,SCENARIO_ORDER,S82_SL5_TP10,16986,linhas do cenário não estão em ordem crescente de entry_time.
WARNING,SCENARIO_ORDER,S82_SL5_TP10,16995,linhas do cenário não estão em ordem crescente de entry_time.
WARNING,SCENARIO_ORDER,S82_SL5_TP10,16998,linhas do cenário não estão em ordem crescente de entry_time.
WARNING,SCENARIO_ORDER,S82_SL5_TP10,17000,linhas do cenário não estão em ordem crescente de entry_time.
WARNING,SCENARIO_ORDER,S82_SL5_TP10,17012,linhas do cenário não estão em ordem crescente de entry_time.
WARNING,SCENARIO_ORDER,S82_SL5_TP10,17018,linhas do cenário não estão em ordem crescente de entry_time.
WARNING,SCENARIO_ORDER,S82_SL5_TP10,17021,linhas do cenário não estão em ordem crescente de entry_time.
WARNING,SCENARIO_ORDER,S82_SL5_TP10,17030,linhas do cenário não estão em ordem crescente de entry_time.
WARNING,SCENARIO_ORDER,S82_SL5_TP10,17031,linhas do cenário não estão em ordem crescente de entry_time.
WARNING,SCENARIO_ORDER,S82_SL5_TP10,17037,linhas do cenário não estão em ordem crescente de entry_time.
WARNING,SCENARIO_ORDER,S82_SL5_TP10,17040,linhas do cenário não estão em ordem crescente de entry_time.
WARNING,SCENARIO_ORDER,S82_SL5_TP10,17041,linhas do cenário não estão em ordem crescente de entry_time.
WARNING,SCENARIO_ORDER,S82_SL5_TP10,17048,linhas do cenário não estão em ordem crescente de entry_time.
WARNING,SCENARIO_ORDER,S82_SL5_TP10,17057,linhas do cenário não estão em ordem crescente de entry_time.
WARNING,SCENARIO_ORDER,S82_SL5_TP10,17061,linhas do cenário não estão em ordem crescente de entry_time.
WARNING,SCENARIO_ORDER,S82_SL5_TP10,17064,linhas do cenário não estão em ordem crescente de entry_time.
WARNING,SCENARIO_ORDER,S82_SL5_TP10,17065,linhas do cenário não estão em ordem crescente de entry_time.
WARNING,SCENARIO_ORDER,S82_SL5_TP10,17067,linhas do cenário não estão em ordem crescente de entry_time.
WARNING,SCENARIO_ORDER,S82_SL5_TP10,17069,linhas do cenário não estão em ordem crescente de entry_time.
WARNING,SCENARIO_ORDER,S82_SL5_TP10,17071,linhas do cenário não estão em ordem crescente de entry_time.
WARNING,SCENARIO_ORDER,S82_SL5_TP10,17074,linhas do cenário não estão em ordem crescente de entry_time.
WARNING,SCENARIO_ORDER,S82_SL5_TP10,17079,linhas do cenário não estão em ordem crescente de entry_time.
WARNING,SCENARIO_ORDER,S82_SL5_TP10,17082,linhas do cenário não estão em ordem crescente de entry_time.
WARNING,SCENARIO_ORDER,S82_SL5_TP10,17086,linhas do cenário não estão em ordem crescente de entry_time.
WARNING,SCENARIO_ORDER,S82_SL5_TP10,17088,linhas do cenário não estão em ordem crescente de entry_time.
WARNING,SCENARIO_ORDER,S82_SL5_TP10,17093,linhas do cenário não estão em ordem crescente de entry_time.
WARNING,SCENARIO_ORDER,S82_SL5_TP10,17096,linhas do cenário não estão em ordem crescente de entry_time.
WARNING,SCENARIO_ORDER,S82_SL5_TP10,17098,linhas do cenário não estão em ordem crescente de entry_time.
WARNING,SCENARIO_ORDER,S82_SL5_TP10,17099,linhas do cenário não estão em ordem crescente de entry_time.
WARNING,SCENARIO_ORDER,S82_SL5_TP10,17101,linhas do cenário não estão em ordem crescente de entry_time.
WARNING,SCENARIO_ORDER,S82_SL5_TP10,17107,linhas do cenário não estão em ordem crescente de entry_time.
WARNING,SCENARIO_ORDER,S82_SL5_TP10,17110,linhas do cenário não estão em ordem crescente de entry_time.
WARNING,SCENARIO_ORDER,S82_SL5_TP10,17111,linhas do cenário não estão em ordem crescente de entry_time.
WARNING,SCENARIO_ORDER,S82_SL5_TP10,17117,linhas do cenário não estão em ordem crescente de entry_time.
WARNING,SCENARIO_ORDER,S82_SL5_TP10,17119,linhas do cenário não estão em ordem crescente de entry_time.
WARNING,SCENARIO_ORDER,S82_SL5_TP10,17124,linhas do cenário não estão em ordem crescente de entry_time.
WARNING,SCENARIO_ORDER,S82_SL5_TP10,17133,linhas do cenário não estão em ordem crescente de entry_time.
WARNING,SCENARIO_ORDER,S82_SL5_TP10,17140,linhas do cenário não estão em ordem crescente de entry_time.
WARNING,SCENARIO_ORDER,S82_SL5_TP10,17141,linhas do cenário não estão em ordem crescente de entry_time.
WARNING,SCENARIO_ORDER,S82_SL5_TP10,17143,linhas do cenário não estão em ordem crescente de entry_time.
WARNING,SCENARIO_ORDER,S82_SL5_TP10,17148,linhas do cenário não estão em ordem crescente de entry_time.
WARNING,SCENARIO_ORDER,S82_SL5_TP10,17154,linhas do cenário não estão em ordem crescente de entry_time.
WARNING,SCENARIO_ORDER,S82_SL5_TP10,17156,linhas do cenário não estão em ordem crescente de entry_time.
WARNING,SCENARIO_ORDER,S82_SL5_TP10,17159,linhas do cenário não estão em ordem crescente de entry_time.
WARNING,SCENARIO_ORDER,S82_SL5_TP10,17162,linhas do cenário não estão em ordem crescente de entry_time.
WARNING,SCENARIO_ORDER,S82_SL5_TP10,17164,linhas do cenário não estão em ordem crescente de entry_time.
WARNING,SCENARIO_ORDER,S82_SL5_TP10,17167,linhas do cenário não estão em ordem crescente de entry_time.
WARNING,SCENARIO_ORDER,S82_SL5_TP10,17169,linhas do cenário não estão em ordem crescente de entry_time.
WARNING,SCENARIO_ORDER,S82_SL5_TP10,17178,linhas do cenário não estão em ordem crescente de entry_time.
WARNING,SCENARIO_ORDER,S82_SL5_TP10,17186,linhas do cenário não estão em ordem crescente de entry_time.
WARNING,SCENARIO_ORDER,S82_SL5_TP10,17189,linhas do cenário não estão em ordem crescente de entry_time.
WARNING,SCENARIO_ORDER,S82_SL5_TP10,17193,linhas do cenário não estão em ordem crescente de entry_time.
WARNING,SCENARIO_ORDER,S82_SL5_TP10,17199,linhas do cenário não estão em ordem crescente de entry_time.
WARNING,SCENARIO_ORDER,S82_SL5_TP10,17200,linhas do cenário não estão em ordem crescente de entry_time.
WARNING,SCENARIO_ORDER,S82_SL5_TP10,17205,linhas do cenário não estão em ordem crescente de entry_time.
WARNING,SCENARIO_ORDER,S82_SL5_TP10,17210,linhas do cenário não estão em ordem crescente de entry_time.
WARNING,SCENARIO_ORDER,S82_SL5_TP10,17212,linhas do cenário não estão em ordem crescente de entry_time.
WARNING,SCENARIO_ORDER,S82_SL5_TP10,17216,linhas do cenário não estão em ordem crescente de entry_time.
WARNING,SCENARIO_ORDER,S82_SL5_TP10,17218,linhas do cenário não estão em ordem crescente de entry_time.
WARNING,SCENARIO_ORDER,S82_SL5_TP10,17223,linhas do cenário não estão em ordem crescente de entry_time.
WARNING,SCENARIO_ORDER,S82_SL5_TP10,17225,linhas do cenário não estão em ordem crescente de entry_time.
WARNING,SCENARIO_ORDER,S82_SL5_TP10,17228,linhas do cenário não estão em ordem crescente de entry_time.
WARNING,SCENARIO_ORDER,S82_SL5_TP10,17232,linhas do cenário não estão em ordem crescente de entry_time.
WARNING,SCENARIO_ORDER,S82_SL5_TP10,17235,linhas do cenário não estão em ordem crescente de entry_time.
WARNING,SCENARIO_ORDER,S82_SL5_TP10,17238,linhas do cenário não estão em ordem crescente de entry_time.
WARNING,SCENARIO_ORDER,S82_SL5_TP10,17248,linhas do cenário não estão em ordem crescente de entry_time.
WARNING,SCENARIO_ORDER,S82_SL5_TP10,17249,linhas do cenário não estão em ordem crescente de entry_time.
WARNING,SCENARIO_ORDER,S82_SL5_TP10,17252,linhas do cenário não estão em ordem crescente de entry_time.
WARNING,SCENARIO_ORDER,S82_SL5_TP10,17261,linhas do cenário não estão em ordem crescente de entry_time.
WARNING,SCENARIO_ORDER,S82_SL5_TP10,17265,linhas do cenário não estão em ordem crescente de entry_time.
WARNING,SCENARIO_ORDER,S82_SL5_TP10,17268,linhas do cenário não estão em ordem crescente de entry_time.
WARNING,SCENARIO_ORDER,S82_SL5_TP12,17272,linhas do cenário não estão em ordem crescente de entry_time.
WARNING,SCENARIO_ORDER,S82_SL5_TP12,17284,linhas do cenário não estão em ordem crescente de entry_time.
WARNING,SCENARIO_ORDER,S82_SL5_TP12,17286,linhas do cenário não estão em ordem crescente de entry_time.
WARNING,SCENARIO_ORDER,S82_SL5_TP12,17298,linhas do cenário não estão em ordem crescente de entry_time.
WARNING,SCENARIO_ORDER,S82_SL5_TP12,17303,linhas do cenário não estão em ordem crescente de entry_time.
WARNING,SCENARIO_ORDER,S82_SL5_TP12,17306,linhas do cenário não estão em ordem crescente de entry_time.
WARNING,SCENARIO_ORDER,S82_SL5_TP12,17315,linhas do cenário não estão em ordem crescente de entry_time.
WARNING,SCENARIO_ORDER,S82_SL5_TP12,17318,linhas do cenário não estão em ordem crescente de entry_time.
WARNING,SCENARIO_ORDER,S82_SL5_TP12,17320,linhas do cenário não estão em ordem crescente de entry_time.
WARNING,SCENARIO_ORDER,S82_SL5_TP12,17324,linhas do cenário não estão em ordem crescente de entry_time.
WARNING,SCENARIO_ORDER,S82_SL5_TP12,17327,linhas do cenário não estão em ordem crescente de entry_time.
WARNING,SCENARIO_ORDER,S82_SL5_TP12,17332,linhas do cenário não estão em ordem crescente de entry_time.
WARNING,SCENARIO_ORDER,S82_SL5_TP12,17335,linhas do cenário não estão em ordem crescente de entry_time.
WARNING,SCENARIO_ORDER,S82_SL5_TP12,17343,linhas do cenário não estão em ordem crescente de entry_time.
WARNING,SCENARIO_ORDER,S82_SL5_TP12,17350,linhas do cenário não estão em ordem crescente de entry_time.
WARNING,SCENARIO_ORDER,S82_SL5_TP12,17352,linhas do cenário não estão em ordem crescente de entry_time.
WARNING,SCENARIO_ORDER,S82_SL5_TP12,17355,linhas do cenário não estão em ordem crescente de entry_time.
WARNING,SCENARIO_ORDER,S82_SL5_TP12,17359,linhas do cenário não estão em ordem crescente de entry_time.
WARNING,SCENARIO_ORDER,S82_SL5_TP12,17364,linhas do cenário não estão em ordem crescente de entry_time.
WARNING,SCENARIO_ORDER,S82_SL5_TP12,17368,linhas do cenário não estão em ordem crescente de entry_time.
WARNING,SCENARIO_ORDER,S82_SL5_TP12,17372,linhas do cenário não estão em ordem crescente de entry_time.
WARNING,SCENARIO_ORDER,S82_SL5_TP12,17378,linhas do cenário não estão em ordem crescente de entry_time.
WARNING,SCENARIO_ORDER,S82_SL5_TP12,17379,linhas do cenário não estão em ordem crescente de entry_time.
WARNING,SCENARIO_ORDER,S82_SL5_TP12,17381,linhas do cenário não estão em ordem crescente de entry_time.
WARNING,SCENARIO_ORDER,S82_SL5_TP12,17383,linhas do cenário não estão em ordem crescente de entry_time.
WARNING,SCENARIO_ORDER,S82_SL5_TP12,17385,linhas do cenário não estão em ordem crescente de entry_time.
WARNING,SCENARIO_ORDER,S82_SL5_TP12,17388,linhas do cenário não estão em ordem crescente de entry_time.
WARNING,SCENARIO_ORDER,S82_SL5_TP12,17392,linhas do cenário não estão em ordem crescente de entry_time.
WARNING,SCENARIO_ORDER,S82_SL5_TP12,17394,linhas do cenário não estão em ordem crescente de entry_time.
WARNING,SCENARIO_ORDER,S82_SL5_TP12,17397,linhas do cenário não estão em ordem crescente de entry_time.
WARNING,SCENARIO_ORDER,S82_SL5_TP12,17398,linhas do cenário não estão em ordem crescente de entry_time.
WARNING,SCENARIO_ORDER,S82_SL5_TP12,17402,linhas do cenário não estão em ordem crescente de entry_time.
WARNING,SCENARIO_ORDER,S82_SL5_TP12,17410,linhas do cenário não estão em ordem crescente de entry_time.
WARNING,SCENARIO_ORDER,S82_SL5_TP12,17414,linhas do cenário não estão em ordem crescente de entry_time.
WARNING,SCENARIO_ORDER,S82_SL5_TP12,17416,linhas do cenário não estão em ordem crescente de entry_time.
WARNING,SCENARIO_ORDER,S82_SL5_TP12,17419,linhas do cenário não estão em ordem crescente de entry_time.
WARNING,SCENARIO_ORDER,S82_SL5_TP12,17424,linhas do cenário não estão em ordem crescente de entry_time.
WARNING,SCENARIO_ORDER,S82_SL5_TP12,17425,linhas do cenário não estão em ordem crescente de entry_time.
WARNING,SCENARIO_ORDER,S82_SL5_TP12,17433,linhas do cenário não estão em ordem crescente de entry_time.
WARNING,SCENARIO_ORDER,S82_SL5_TP12,17436,linhas do cenário não estão em ordem crescente de entry_time.
WARNING,SCENARIO_ORDER,S82_SL5_TP12,17444,linhas do cenário não estão em ordem crescente de entry_time.
WARNING,SCENARIO_ORDER,S82_SL5_TP12,17451,linhas do cenário não estão em ordem crescente de entry_time.
WARNING,SCENARIO_ORDER,S82_SL5_TP12,17463,linhas do cenário não estão em ordem crescente de entry_time.
WARNING,SCENARIO_ORDER,S82_SL5_TP12,17467,linhas do cenário não estão em ordem crescente de entry_time.
WARNING,SCENARIO_ORDER,S82_SL5_TP12,17474,linhas do cenário não estão em ordem crescente de entry_time.
WARNING,SCENARIO_ORDER,S82_SL5_TP12,17480,linhas do cenário não estão em ordem crescente de entry_time.
WARNING,SCENARIO_ORDER,S82_SL5_TP12,17486,linhas do cenário não estão em ordem crescente de entry_time.
WARNING,SCENARIO_ORDER,S82_SL5_TP12,17490,linhas do cenário não estão em ordem crescente de entry_time.
WARNING,SCENARIO_ORDER,S82_SL5_TP12,17500,linhas do cenário não estão em ordem crescente de entry_time.
WARNING,SCENARIO_ORDER,S82_SL5_TP12,17503,linhas do cenário não estão em ordem crescente de entry_time.
WARNING,SCENARIO_ORDER,S82_SL5_TP12,17505,linhas do cenário não estão em ordem crescente de entry_time.
WARNING,SCENARIO_ORDER,S82_SL5_TP12,17510,linhas do cenário não estão em ordem crescente de entry_time.
WARNING,SCENARIO_ORDER,S82_SL5_TP12,17512,linhas do cenário não estão em ordem crescente de entry_time.
WARNING,SCENARIO_ORDER,S82_SL5_TP12,17520,linhas do cenário não estão em ordem crescente de entry_time.
WARNING,SCENARIO_ORDER,S82_SL5_TP12,17525,linhas do cenário não estão em ordem crescente de entry_time.
WARNING,SCENARIO_ORDER,S82_SL5_TP12,17526,linhas do cenário não estão em ordem crescente de entry_time.
WARNING,SCENARIO_ORDER,S82_SL5_TP12,17533,linhas do cenário não estão em ordem crescente de entry_time.
WARNING,SCENARIO_ORDER,S82_SL5_TP12,17534,linhas do cenário não estão em ordem crescente de entry_time.
WARNING,SCENARIO_ORDER,S82_SL5_TP12,17538,linhas do cenário não estão em ordem crescente de entry_time.
WARNING,SCENARIO_ORDER,S82_SL5_TP12,17540,linhas do cenário não estão em ordem crescente de entry_time.
WARNING,SCENARIO_ORDER,S82_SL5_TP12,17549,linhas do cenário não estão em ordem crescente de entry_time.
WARNING,SCENARIO_ORDER,S82_SL5_TP12,17551,linhas do cenário não estão em ordem crescente de entry_time.
WARNING,SCENARIO_ORDER,S82_SL5_TP12,17554,linhas do cenário não estão em ordem crescente de entry_time.
WARNING,SCENARIO_ORDER,S82_SL5_TP12,17557,linhas do cenário não estão em ordem crescente de entry_time.
WARNING,SCENARIO_ORDER,S82_SL5_TP15,17559,linhas do cenário não estão em ordem crescente de entry_time.
WARNING,SCENARIO_ORDER,S82_SL5_TP15,17571,linhas do cenário não estão em ordem crescente de entry_time.
WARNING,SCENARIO_ORDER,S82_SL5_TP15,17573,linhas do cenário não estão em ordem crescente de entry_time.
WARNING,SCENARIO_ORDER,S82_SL5_TP15,17590,linhas do cenário não estão em ordem crescente de entry_time.
WARNING,SCENARIO_ORDER,S82_SL5_TP15,17593,linhas do cenário não estão em ordem crescente de entry_time.
WARNING,SCENARIO_ORDER,S82_SL5_TP15,17602,linhas do cenário não estão em ordem crescente de entry_time.
WARNING,SCENARIO_ORDER,S82_SL5_TP15,17605,linhas do cenário não estão em ordem crescente de entry_time.
WARNING,SCENARIO_ORDER,S82_SL5_TP15,17607,linhas do cenário não estão em ordem crescente de entry_time.
WARNING,SCENARIO_ORDER,S82_SL5_TP15,17611,linhas do cenário não estão em ordem crescente de entry_time.
WARNING,SCENARIO_ORDER,S82_SL5_TP15,17618,linhas do cenário não estão em ordem crescente de entry_time.
WARNING,SCENARIO_ORDER,S82_SL5_TP15,17620,linhas do cenário não estão em ordem crescente de entry_time.
WARNING,SCENARIO_ORDER,S82_SL5_TP15,17622,linhas do cenário não estão em ordem crescente de entry_time.
WARNING,SCENARIO_ORDER,S82_SL5_TP15,17634,linhas do cenário não estão em ordem crescente de entry_time.
WARNING,SCENARIO_ORDER,S82_SL5_TP15,17636,linhas do cenário não estão em ordem crescente de entry_time.
WARNING,SCENARIO_ORDER,S82_SL5_TP15,17639,linhas do cenário não estão em ordem crescente de entry_time.
WARNING,SCENARIO_ORDER,S82_SL5_TP15,17640,linhas do cenário não estão em ordem crescente de entry_time.
WARNING,SCENARIO_ORDER,S82_SL5_TP15,17645,linhas do cenário não estão em ordem crescente de entry_time.
WARNING,SCENARIO_ORDER,S82_SL5_TP15,17661,linhas do cenário não estão em ordem crescente de entry_time.
WARNING,SCENARIO_ORDER,S82_SL5_TP15,17664,linhas do cenário não estão em ordem crescente de entry_time.
WARNING,SCENARIO_ORDER,S82_SL5_TP15,17666,linhas do cenário não estão em ordem crescente de entry_time.
WARNING,SCENARIO_ORDER,S82_SL5_TP15,17667,linhas do cenário não estão em ordem crescente de entry_time.
WARNING,SCENARIO_ORDER,S82_SL5_TP15,17669,linhas do cenário não estão em ordem crescente de entry_time.
WARNING,SCENARIO_ORDER,S82_SL5_TP15,17671,linhas do cenário não estão em ordem crescente de entry_time.
WARNING,SCENARIO_ORDER,S82_SL5_TP15,17675,linhas do cenário não estão em ordem crescente de entry_time.
WARNING,SCENARIO_ORDER,S82_SL5_TP15,17676,linhas do cenário não estão em ordem crescente de entry_time.
WARNING,SCENARIO_ORDER,S82_SL5_TP15,17684,linhas do cenário não estão em ordem crescente de entry_time.
WARNING,SCENARIO_ORDER,S82_SL5_TP15,17690,linhas do cenário não estão em ordem crescente de entry_time.
WARNING,SCENARIO_ORDER,S82_SL5_TP15,17692,linhas do cenário não estão em ordem crescente de entry_time.
WARNING,SCENARIO_ORDER,S82_SL5_TP15,17695,linhas do cenário não estão em ordem crescente de entry_time.
WARNING,SCENARIO_ORDER,S82_SL5_TP15,17703,linhas do cenário não estão em ordem crescente de entry_time.
WARNING,SCENARIO_ORDER,S82_SL5_TP15,17708,linhas do cenário não estão em ordem crescente de entry_time.
WARNING,SCENARIO_ORDER,S82_SL5_TP15,17711,linhas do cenário não estão em ordem crescente de entry_time.
WARNING,SCENARIO_ORDER,S82_SL5_TP15,17723,linhas do cenário não estão em ordem crescente de entry_time.
WARNING,SCENARIO_ORDER,S82_SL5_TP15,17727,linhas do cenário não estão em ordem crescente de entry_time.
WARNING,SCENARIO_ORDER,S82_SL5_TP15,17728,linhas do cenário não estão em ordem crescente de entry_time.
WARNING,SCENARIO_ORDER,S82_SL5_TP15,17732,linhas do cenário não estão em ordem crescente de entry_time.
WARNING,SCENARIO_ORDER,S82_SL5_TP15,17741,linhas do cenário não estão em ordem crescente de entry_time.
WARNING,SCENARIO_ORDER,S82_SL5_TP15,17747,linhas do cenário não estão em ordem crescente de entry_time.
WARNING,SCENARIO_ORDER,S82_SL5_TP15,17759,linhas do cenário não estão em ordem crescente de entry_time.
WARNING,SCENARIO_ORDER,S82_SL5_TP15,17762,linhas do cenário não estão em ordem crescente de entry_time.
WARNING,SCENARIO_ORDER,S82_SL5_TP15,17777,linhas do cenário não estão em ordem crescente de entry_time.
WARNING,SCENARIO_ORDER,S82_SL5_TP15,17778,linhas do cenário não estão em ordem crescente de entry_time.
WARNING,SCENARIO_ORDER,S82_SL5_TP15,17782,linhas do cenário não estão em ordem crescente de entry_time.
WARNING,SCENARIO_ORDER,S82_SL5_TP15,17783,linhas do cenário não estão em ordem crescente de entry_time.
WARNING,SCENARIO_ORDER,S82_SL5_TP15,17787,linhas do cenário não estão em ordem crescente de entry_time.
WARNING,SCENARIO_ORDER,S82_SL5_TP15,17789,linhas do cenário não estão em ordem crescente de entry_time.
WARNING,SCENARIO_ORDER,S82_SL5_TP15,17792,linhas do cenário não estão em ordem crescente de entry_time.
WARNING,SCENARIO_ORDER,S82_SL5_TP15,17795,linhas do cenário não estão em ordem crescente de entry_time.
WARNING,SCENARIO_ORDER,S82_SL5_TP15,17801,linhas do cenário não estão em ordem crescente de entry_time.
WARNING,SCENARIO_ORDER,S82_SL5_TP15,17804,linhas do cenário não estão em ordem crescente de entry_time.
WARNING,SCENARIO_ORDER,S82_SL5_TP15,17808,linhas do cenário não estão em ordem crescente de entry_time.
WARNING,SCENARIO_ORDER,S82_SL5_TP15,17811,linhas do cenário não estão em ordem crescente de entry_time.
WARNING,SCENARIO_ORDER,S82_SL5_TP15,17812,linhas do cenário não estão em ordem crescente de entry_time.
WARNING,SCENARIO_ORDER,S82_SL5_TP15,17818,linhas do cenário não estão em ordem crescente de entry_time.
WARNING,SCENARIO_ORDER,S82_SL5_TP15,17820,linhas do cenário não estão em ordem crescente de entry_time.
WARNING,SCENARIO_ORDER,S82_SL5_TP15,17831,linhas do cenário não estão em ordem crescente de entry_time.
WARNING,SCENARIO_ORDER,S82_SL5_TP15,17834,linhas do cenário não estão em ordem crescente de entry_time.
WARNING,SCENARIO_ORDER,S82_SL5_TP15,17837,linhas do cenário não estão em ordem crescente de entry_time.
WARNING,SCENARIO_ORDER,S82_SL6_TP8,17840,linhas do cenário não estão em ordem crescente de entry_time.
WARNING,SCENARIO_ORDER,S82_SL6_TP8,17852,linhas do cenário não estão em ordem crescente de entry_time.
WARNING,SCENARIO_ORDER,S82_SL6_TP8,17864,linhas do cenário não estão em ordem crescente de entry_time.
WARNING,SCENARIO_ORDER,S82_SL6_TP8,17872,linhas do cenário não estão em ordem crescente de entry_time.
WARNING,SCENARIO_ORDER,S82_SL6_TP8,17875,linhas do cenário não estão em ordem crescente de entry_time.
WARNING,SCENARIO_ORDER,S82_SL6_TP8,17881,linhas do cenário não estão em ordem crescente de entry_time.
WARNING,SCENARIO_ORDER,S82_SL6_TP8,17886,linhas do cenário não estão em ordem crescente de entry_time.
WARNING,SCENARIO_ORDER,S82_SL6_TP8,17889,linhas do cenário não estão em ordem crescente de entry_time.
WARNING,SCENARIO_ORDER,S82_SL6_TP8,17894,linhas do cenário não estão em ordem crescente de entry_time.
WARNING,SCENARIO_ORDER,S82_SL6_TP8,17903,linhas do cenário não estão em ordem crescente de entry_time.
WARNING,SCENARIO_ORDER,S82_SL6_TP8,17910,linhas do cenário não estão em ordem crescente de entry_time.
WARNING,SCENARIO_ORDER,S82_SL6_TP8,17915,linhas do cenário não estão em ordem crescente de entry_time.
WARNING,SCENARIO_ORDER,S82_SL6_TP8,17917,linhas do cenário não estão em ordem crescente de entry_time.
WARNING,SCENARIO_ORDER,S82_SL6_TP8,17919,linhas do cenário não estão em ordem crescente de entry_time.
WARNING,SCENARIO_ORDER,S82_SL6_TP8,17921,linhas do cenário não estão em ordem crescente de entry_time.
WARNING,SCENARIO_ORDER,S82_SL6_TP8,17922,linhas do cenário não estão em ordem crescente de entry_time.
WARNING,SCENARIO_ORDER,S82_SL6_TP8,17925,linhas do cenário não estão em ordem crescente de entry_time.
WARNING,SCENARIO_ORDER,S82_SL6_TP8,17929,linhas do cenário não estão em ordem crescente de entry_time.
WARNING,SCENARIO_ORDER,S82_SL6_TP8,17936,linhas do cenário não estão em ordem crescente de entry_time.
WARNING,SCENARIO_ORDER,S82_SL6_TP8,17942,linhas do cenário não estão em ordem crescente de entry_time.
WARNING,SCENARIO_ORDER,S82_SL6_TP8,17945,linhas do cenário não estão em ordem crescente de entry_time.
WARNING,SCENARIO_ORDER,S82_SL6_TP8,17946,linhas do cenário não estão em ordem crescente de entry_time.
WARNING,SCENARIO_ORDER,S82_SL6_TP8,17951,linhas do cenário não estão em ordem crescente de entry_time.
WARNING,SCENARIO_ORDER,S82_SL6_TP8,17954,linhas do cenário não estão em ordem crescente de entry_time.
WARNING,SCENARIO_ORDER,S82_SL6_TP8,17957,linhas do cenário não estão em ordem crescente de entry_time.
WARNING,SCENARIO_ORDER,S82_SL6_TP8,17961,linhas do cenário não estão em ordem crescente de entry_time.
WARNING,SCENARIO_ORDER,S82_SL6_TP8,17963,linhas do cenário não estão em ordem crescente de entry_time.
WARNING,SCENARIO_ORDER,S82_SL6_TP8,17965,linhas do cenário não estão em ordem crescente de entry_time.
WARNING,SCENARIO_ORDER,S82_SL6_TP8,17967,linhas do cenário não estão em ordem crescente de entry_time.
WARNING,SCENARIO_ORDER,S82_SL6_TP8,17982,linhas do cenário não estão em ordem crescente de entry_time.
WARNING,SCENARIO_ORDER,S82_SL6_TP8,17984,linhas do cenário não estão em ordem crescente de entry_time.
WARNING,SCENARIO_ORDER,S82_SL6_TP8,17986,linhas do cenário não estão em ordem crescente de entry_time.
WARNING,SCENARIO_ORDER,S82_SL6_TP8,17988,linhas do cenário não estão em ordem crescente de entry_time.
WARNING,SCENARIO_ORDER,S82_SL6_TP8,17991,linhas do cenário não estão em ordem crescente de entry_time.
WARNING,SCENARIO_ORDER,S82_SL6_TP8,17998,linhas do cenário não estão em ordem crescente de entry_time.
WARNING,SCENARIO_ORDER,S82_SL6_TP8,18002,linhas do cenário não estão em ordem crescente de entry_time.
WARNING,SCENARIO_ORDER,S82_SL6_TP8,18003,linhas do cenário não estão em ordem crescente de entry_time.
WARNING,SCENARIO_ORDER,S82_SL6_TP8,18010,linhas do cenário não estão em ordem crescente de entry_time.
WARNING,SCENARIO_ORDER,S82_SL6_TP8,18013,linhas do cenário não estão em ordem crescente de entry_time.
WARNING,SCENARIO_ORDER,S82_SL6_TP8,18020,linhas do cenário não estão em ordem crescente de entry_time.
WARNING,SCENARIO_ORDER,S82_SL6_TP8,18029,linhas do cenário não estão em ordem crescente de entry_time.
WARNING,SCENARIO_ORDER,S82_SL6_TP8,18039,linhas do cenário não estão em ordem crescente de entry_time.
WARNING,SCENARIO_ORDER,S82_SL6_TP8,18043,linhas do cenário não estão em ordem crescente de entry_time.
WARNING,SCENARIO_ORDER,S82_SL6_TP8,18049,linhas do cenário não estão em ordem crescente de entry_time.
WARNING,SCENARIO_ORDER,S82_SL6_TP8,18051,linhas do cenário não estão em ordem crescente de entry_time.
WARNING,SCENARIO_ORDER,S82_SL6_TP8,18056,linhas do cenário não estão em ordem crescente de entry_time.
WARNING,SCENARIO_ORDER,S82_SL6_TP8,18059,linhas do cenário não estão em ordem crescente de entry_time.
WARNING,SCENARIO_ORDER,S82_SL6_TP8,18062,linhas do cenário não estão em ordem crescente de entry_time.
WARNING,SCENARIO_ORDER,S82_SL6_TP8,18064,linhas do cenário não estão em ordem crescente de entry_time.
WARNING,SCENARIO_ORDER,S82_SL6_TP8,18067,linhas do cenário não estão em ordem crescente de entry_time.
WARNING,SCENARIO_ORDER,S82_SL6_TP8,18074,linhas do cenário não estão em ordem crescente de entry_time.
WARNING,SCENARIO_ORDER,S82_SL6_TP8,18076,linhas do cenário não estão em ordem crescente de entry_time.
WARNING,SCENARIO_ORDER,S82_SL6_TP8,18077,linhas do cenário não estão em ordem crescente de entry_time.
WARNING,SCENARIO_ORDER,S82_SL6_TP8,18079,linhas do cenário não estão em ordem crescente de entry_time.
WARNING,SCENARIO_ORDER,S82_SL6_TP8,18082,linhas do cenário não estão em ordem crescente de entry_time.
WARNING,SCENARIO_ORDER,S82_SL6_TP8,18088,linhas do cenário não estão em ordem crescente de entry_time.
WARNING,SCENARIO_ORDER,S82_SL6_TP8,18091,linhas do cenário não estão em ordem crescente de entry_time.
WARNING,SCENARIO_ORDER,S82_SL6_TP8,18093,linhas do cenário não estão em ordem crescente de entry_time.
WARNING,SCENARIO_ORDER,S82_SL6_TP8,18096,linhas do cenário não estão em ordem crescente de entry_time.
WARNING,SCENARIO_ORDER,S82_SL6_TP8,18100,linhas do cenário não estão em ordem crescente de entry_time.
WARNING,SCENARIO_ORDER,S82_SL6_TP8,18102,linhas do cenário não estão em ordem crescente de entry_time.
WARNING,SCENARIO_ORDER,S82_SL6_TP8,18105,linhas do cenário não estão em ordem crescente de entry_time.
WARNING,SCENARIO_ORDER,S82_SL6_TP8,18109,linhas do cenário não estão em ordem crescente de entry_time.
WARNING,SCENARIO_ORDER,S82_SL6_TP8,18115,linhas do cenário não estão em ordem crescente de entry_time.
WARNING,SCENARIO_ORDER,S82_SL6_TP8,18121,linhas do cenário não estão em ordem crescente de entry_time.
WARNING,SCENARIO_ORDER,S82_SL6_TP8,18124,linhas do cenário não estão em ordem crescente de entry_time.
WARNING,SCENARIO_ORDER,S82_SL6_TP8,18126,linhas do cenário não estão em ordem crescente de entry_time.
WARNING,SCENARIO_ORDER,S82_SL6_TP8,18127,linhas do cenário não estão em ordem crescente de entry_time.
WARNING,SCENARIO_ORDER,S82_SL6_TP10,18130,linhas do cenário não estão em ordem crescente de entry_time.
WARNING,SCENARIO_ORDER,S82_SL6_TP10,18142,linhas do cenário não estão em ordem crescente de entry_time.
WARNING,SCENARIO_ORDER,S82_SL6_TP10,18154,linhas do cenário não estão em ordem crescente de entry_time.
WARNING,SCENARIO_ORDER,S82_SL6_TP10,18162,linhas do cenário não estão em ordem crescente de entry_time.
WARNING,SCENARIO_ORDER,S82_SL6_TP10,18165,linhas do cenário não estão em ordem crescente de entry_time.
WARNING,SCENARIO_ORDER,S82_SL6_TP10,18173,linhas do cenário não estão em ordem crescente de entry_time.
WARNING,SCENARIO_ORDER,S82_SL6_TP10,18175,linhas do cenário não estão em ordem crescente de entry_time.
WARNING,SCENARIO_ORDER,S82_SL6_TP10,18178,linhas do cenário não estão em ordem crescente de entry_time.
WARNING,SCENARIO_ORDER,S82_SL6_TP10,18184,linhas do cenário não estão em ordem crescente de entry_time.
WARNING,SCENARIO_ORDER,S82_SL6_TP10,18192,linhas do cenário não estão em ordem crescente de entry_time.
WARNING,SCENARIO_ORDER,S82_SL6_TP10,18199,linhas do cenário não estão em ordem crescente de entry_time.
WARNING,SCENARIO_ORDER,S82_SL6_TP10,18204,linhas do cenário não estão em ordem crescente de entry_time.
WARNING,SCENARIO_ORDER,S82_SL6_TP10,18206,linhas do cenário não estão em ordem crescente de entry_time.
WARNING,SCENARIO_ORDER,S82_SL6_TP10,18208,linhas do cenário não estão em ordem crescente de entry_time.
WARNING,SCENARIO_ORDER,S82_SL6_TP10,18210,linhas do cenário não estão em ordem crescente de entry_time.
WARNING,SCENARIO_ORDER,S82_SL6_TP10,18211,linhas do cenário não estão em ordem crescente de entry_time.
WARNING,SCENARIO_ORDER,S82_SL6_TP10,18213,linhas do cenário não estão em ordem crescente de entry_time.
WARNING,SCENARIO_ORDER,S82_SL6_TP10,18218,linhas do cenário não estão em ordem crescente de entry_time.
WARNING,SCENARIO_ORDER,S82_SL6_TP10,18228,linhas do cenário não estão em ordem crescente de entry_time.
WARNING,SCENARIO_ORDER,S82_SL6_TP10,18231,linhas do cenário não estão em ordem crescente de entry_time.
WARNING,SCENARIO_ORDER,S82_SL6_TP10,18234,linhas do cenário não estão em ordem crescente de entry_time.
WARNING,SCENARIO_ORDER,S82_SL6_TP10,18235,linhas do cenário não estão em ordem crescente de entry_time.
WARNING,SCENARIO_ORDER,S82_SL6_TP10,18238,linhas do cenário não estão em ordem crescente de entry_time.
WARNING,SCENARIO_ORDER,S82_SL6_TP10,18241,linhas do cenário não estão em ordem crescente de entry_time.
WARNING,SCENARIO_ORDER,S82_SL6_TP10,18246,linhas do cenário não estão em ordem crescente de entry_time.
WARNING,SCENARIO_ORDER,S82_SL6_TP10,18248,linhas do cenário não estão em ordem crescente de entry_time.
WARNING,SCENARIO_ORDER,S82_SL6_TP10,18251,linhas do cenário não estão em ordem crescente de entry_time.
WARNING,SCENARIO_ORDER,S82_SL6_TP10,18256,linhas do cenário não estão em ordem crescente de entry_time.
WARNING,SCENARIO_ORDER,S82_SL6_TP10,18258,linhas do cenário não estão em ordem crescente de entry_time.
WARNING,SCENARIO_ORDER,S82_SL6_TP10,18259,linhas do cenário não estão em ordem crescente de entry_time.
WARNING,SCENARIO_ORDER,S82_SL6_TP10,18264,linhas do cenário não estão em ordem crescente de entry_time.
WARNING,SCENARIO_ORDER,S82_SL6_TP10,18270,linhas do cenário não estão em ordem crescente de entry_time.
WARNING,SCENARIO_ORDER,S82_SL6_TP10,18272,linhas do cenário não estão em ordem crescente de entry_time.
WARNING,SCENARIO_ORDER,S82_SL6_TP10,18275,linhas do cenário não estão em ordem crescente de entry_time.
WARNING,SCENARIO_ORDER,S82_SL6_TP10,18278,linhas do cenário não estão em ordem crescente de entry_time.
WARNING,SCENARIO_ORDER,S82_SL6_TP10,18281,linhas do cenário não estão em ordem crescente de entry_time.
WARNING,SCENARIO_ORDER,S82_SL6_TP10,18288,linhas do cenário não estão em ordem crescente de entry_time.
WARNING,SCENARIO_ORDER,S82_SL6_TP10,18293,linhas do cenário não estão em ordem crescente de entry_time.
WARNING,SCENARIO_ORDER,S82_SL6_TP10,18296,linhas do cenário não estão em ordem crescente de entry_time.
WARNING,SCENARIO_ORDER,S82_SL6_TP10,18299,linhas do cenário não estão em ordem crescente de entry_time.
WARNING,SCENARIO_ORDER,S82_SL6_TP10,18301,linhas do cenário não estão em ordem crescente de entry_time.
WARNING,SCENARIO_ORDER,S82_SL6_TP10,18303,linhas do cenário não estão em ordem crescente de entry_time.
WARNING,SCENARIO_ORDER,S82_SL6_TP10,18306,linhas do cenário não estão em ordem crescente de entry_time.
WARNING,SCENARIO_ORDER,S82_SL6_TP10,18308,linhas do cenário não estão em ordem crescente de entry_time.
WARNING,SCENARIO_ORDER,S82_SL6_TP10,18319,linhas do cenário não estão em ordem crescente de entry_time.
WARNING,SCENARIO_ORDER,S82_SL6_TP10,18321,linhas do cenário não estão em ordem crescente de entry_time.
WARNING,SCENARIO_ORDER,S82_SL6_TP10,18328,linhas do cenário não estão em ordem crescente de entry_time.
WARNING,SCENARIO_ORDER,S82_SL6_TP10,18334,linhas do cenário não estão em ordem crescente de entry_time.
WARNING,SCENARIO_ORDER,S82_SL6_TP10,18339,linhas do cenário não estão em ordem crescente de entry_time.
WARNING,SCENARIO_ORDER,S82_SL6_TP10,18345,linhas do cenário não estão em ordem crescente de entry_time.
WARNING,SCENARIO_ORDER,S82_SL6_TP10,18348,linhas do cenário não estão em ordem crescente de entry_time.
WARNING,SCENARIO_ORDER,S82_SL6_TP10,18354,linhas do cenário não estão em ordem crescente de entry_time.
WARNING,SCENARIO_ORDER,S82_SL6_TP10,18356,linhas do cenário não estão em ordem crescente de entry_time.
WARNING,SCENARIO_ORDER,S82_SL6_TP10,18359,linhas do cenário não estão em ordem crescente de entry_time.
WARNING,SCENARIO_ORDER,S82_SL6_TP10,18363,linhas do cenário não estão em ordem crescente de entry_time.
WARNING,SCENARIO_ORDER,S82_SL6_TP10,18365,linhas do cenário não estão em ordem crescente de entry_time.
WARNING,SCENARIO_ORDER,S82_SL6_TP10,18367,linhas do cenário não estão em ordem crescente de entry_time.
WARNING,SCENARIO_ORDER,S82_SL6_TP10,18373,linhas do cenário não estão em ordem crescente de entry_time.
WARNING,SCENARIO_ORDER,S82_SL6_TP10,18380,linhas do cenário não estão em ordem crescente de entry_time.
WARNING,SCENARIO_ORDER,S82_SL6_TP10,18382,linhas do cenário não estão em ordem crescente de entry_time.
WARNING,SCENARIO_ORDER,S82_SL6_TP10,18387,linhas do cenário não estão em ordem crescente de entry_time.
WARNING,SCENARIO_ORDER,S82_SL6_TP10,18389,linhas do cenário não estão em ordem crescente de entry_time.
WARNING,SCENARIO_ORDER,S82_SL6_TP10,18390,linhas do cenário não estão em ordem crescente de entry_time.
WARNING,SCENARIO_ORDER,S82_SL6_TP10,18391,linhas do cenário não estão em ordem crescente de entry_time.
WARNING,SCENARIO_ORDER,S82_SL6_TP10,18393,linhas do cenário não estão em ordem crescente de entry_time.
WARNING,SCENARIO_ORDER,S82_SL6_TP10,18398,linhas do cenário não estão em ordem crescente de entry_time.
WARNING,SCENARIO_ORDER,S82_SL6_TP10,18402,linhas do cenário não estão em ordem crescente de entry_time.
WARNING,SCENARIO_ORDER,S82_SL6_TP10,18406,linhas do cenário não estão em ordem crescente de entry_time.
WARNING,SCENARIO_ORDER,S82_SL6_TP10,18410,linhas do cenário não estão em ordem crescente de entry_time.
WARNING,SCENARIO_ORDER,S82_SL6_TP12,18413,linhas do cenário não estão em ordem crescente de entry_time.
WARNING,SCENARIO_ORDER,S82_SL6_TP12,18424,linhas do cenário não estão em ordem crescente de entry_time.
WARNING,SCENARIO_ORDER,S82_SL6_TP12,18427,linhas do cenário não estão em ordem crescente de entry_time.
WARNING,SCENARIO_ORDER,S82_SL6_TP12,18444,linhas do cenário não estão em ordem crescente de entry_time.
WARNING,SCENARIO_ORDER,S82_SL6_TP12,18446,linhas do cenário não estão em ordem crescente de entry_time.
WARNING,SCENARIO_ORDER,S82_SL6_TP12,18457,linhas do cenário não estão em ordem crescente de entry_time.
WARNING,SCENARIO_ORDER,S82_SL6_TP12,18460,linhas do cenário não estão em ordem crescente de entry_time.
WARNING,SCENARIO_ORDER,S82_SL6_TP12,18466,linhas do cenário não estão em ordem crescente de entry_time.
WARNING,SCENARIO_ORDER,S82_SL6_TP12,18472,linhas do cenário não estão em ordem crescente de entry_time.
WARNING,SCENARIO_ORDER,S82_SL6_TP12,18482,linhas do cenário não estão em ordem crescente de entry_time.
WARNING,SCENARIO_ORDER,S82_SL6_TP12,18484,linhas do cenário não estão em ordem crescente de entry_time.
WARNING,SCENARIO_ORDER,S82_SL6_TP12,18489,linhas do cenário não estão em ordem crescente de entry_time.
WARNING,SCENARIO_ORDER,S82_SL6_TP12,18491,linhas do cenário não estão em ordem crescente de entry_time.
WARNING,SCENARIO_ORDER,S82_SL6_TP12,18494,linhas do cenário não estão em ordem crescente de entry_time.
WARNING,SCENARIO_ORDER,S82_SL6_TP12,18495,linhas do cenário não estão em ordem crescente de entry_time.
WARNING,SCENARIO_ORDER,S82_SL6_TP12,18499,linhas do cenário não estão em ordem crescente de entry_time.
WARNING,SCENARIO_ORDER,S82_SL6_TP12,18506,linhas do cenário não estão em ordem crescente de entry_time.
WARNING,SCENARIO_ORDER,S82_SL6_TP12,18507,linhas do cenário não estão em ordem crescente de entry_time.
WARNING,SCENARIO_ORDER,S82_SL6_TP12,18511,linhas do cenário não estão em ordem crescente de entry_time.
WARNING,SCENARIO_ORDER,S82_SL6_TP12,18513,linhas do cenário não estão em ordem crescente de entry_time.
WARNING,SCENARIO_ORDER,S82_SL6_TP12,18518,linhas do cenário não estão em ordem crescente de entry_time.
WARNING,SCENARIO_ORDER,S82_SL6_TP12,18520,linhas do cenário não estão em ordem crescente de entry_time.
WARNING,SCENARIO_ORDER,S82_SL6_TP12,18522,linhas do cenário não estão em ordem crescente de entry_time.
WARNING,SCENARIO_ORDER,S82_SL6_TP12,18524,linhas do cenário não estão em ordem crescente de entry_time.
WARNING,SCENARIO_ORDER,S82_SL6_TP12,18526,linhas do cenário não estão em ordem crescente de entry_time.
WARNING,SCENARIO_ORDER,S82_SL6_TP12,18529,linhas do cenário não estão em ordem crescente de entry_time.
WARNING,SCENARIO_ORDER,S82_SL6_TP12,18534,linhas do cenário não estão em ordem crescente de entry_time.
WARNING,SCENARIO_ORDER,S82_SL6_TP12,18539,linhas do cenário não estão em ordem crescente de entry_time.
WARNING,SCENARIO_ORDER,S82_SL6_TP12,18541,linhas do cenário não estão em ordem crescente de entry_time.
WARNING,SCENARIO_ORDER,S82_SL6_TP12,18548,linhas do cenário não estão em ordem crescente de entry_time.
WARNING,SCENARIO_ORDER,S82_SL6_TP12,18552,linhas do cenário não estão em ordem crescente de entry_time.
WARNING,SCENARIO_ORDER,S82_SL6_TP12,18556,linhas do cenário não estão em ordem crescente de entry_time.
WARNING,SCENARIO_ORDER,S82_SL6_TP12,18558,linhas do cenário não estão em ordem crescente de entry_time.
WARNING,SCENARIO_ORDER,S82_SL6_TP12,18563,linhas do cenário não estão em ordem crescente de entry_time.
WARNING,SCENARIO_ORDER,S82_SL6_TP12,18569,linhas do cenário não estão em ordem crescente de entry_time.
WARNING,SCENARIO_ORDER,S82_SL6_TP12,18572,linhas do cenário não estão em ordem crescente de entry_time.
WARNING,SCENARIO_ORDER,S82_SL6_TP12,18574,linhas do cenário não estão em ordem crescente de entry_time.
WARNING,SCENARIO_ORDER,S82_SL6_TP12,18583,linhas do cenário não estão em ordem crescente de entry_time.
WARNING,SCENARIO_ORDER,S82_SL6_TP12,18586,linhas do cenário não estão em ordem crescente de entry_time.
WARNING,SCENARIO_ORDER,S82_SL6_TP12,18589,linhas do cenário não estão em ordem crescente de entry_time.
WARNING,SCENARIO_ORDER,S82_SL6_TP12,18592,linhas do cenário não estão em ordem crescente de entry_time.
WARNING,SCENARIO_ORDER,S82_SL6_TP12,18603,linhas do cenário não estão em ordem crescente de entry_time.
WARNING,SCENARIO_ORDER,S82_SL6_TP12,18605,linhas do cenário não estão em ordem crescente de entry_time.
WARNING,SCENARIO_ORDER,S82_SL6_TP12,18613,linhas do cenário não estão em ordem crescente de entry_time.
WARNING,SCENARIO_ORDER,S82_SL6_TP12,18617,linhas do cenário não estão em ordem crescente de entry_time.
WARNING,SCENARIO_ORDER,S82_SL6_TP12,18619,linhas do cenário não estão em ordem crescente de entry_time.
WARNING,SCENARIO_ORDER,S82_SL6_TP12,18624,linhas do cenário não estão em ordem crescente de entry_time.
WARNING,SCENARIO_ORDER,S82_SL6_TP12,18628,linhas do cenário não estão em ordem crescente de entry_time.
WARNING,SCENARIO_ORDER,S82_SL6_TP12,18631,linhas do cenário não estão em ordem crescente de entry_time.
WARNING,SCENARIO_ORDER,S82_SL6_TP12,18635,linhas do cenário não estão em ordem crescente de entry_time.
WARNING,SCENARIO_ORDER,S82_SL6_TP12,18639,linhas do cenário não estão em ordem crescente de entry_time.
WARNING,SCENARIO_ORDER,S82_SL6_TP12,18642,linhas do cenário não estão em ordem crescente de entry_time.
WARNING,SCENARIO_ORDER,S82_SL6_TP12,18644,linhas do cenário não estão em ordem crescente de entry_time.
WARNING,SCENARIO_ORDER,S82_SL6_TP12,18650,linhas do cenário não estão em ordem crescente de entry_time.
WARNING,SCENARIO_ORDER,S82_SL6_TP12,18654,linhas do cenário não estão em ordem crescente de entry_time.
WARNING,SCENARIO_ORDER,S82_SL6_TP12,18658,linhas do cenário não estão em ordem crescente de entry_time.
WARNING,SCENARIO_ORDER,S82_SL6_TP12,18660,linhas do cenário não estão em ordem crescente de entry_time.
WARNING,SCENARIO_ORDER,S82_SL6_TP12,18662,linhas do cenário não estão em ordem crescente de entry_time.
WARNING,SCENARIO_ORDER,S82_SL6_TP12,18665,linhas do cenário não estão em ordem crescente de entry_time.
WARNING,SCENARIO_ORDER,S82_SL6_TP12,18672,linhas do cenário não estão em ordem crescente de entry_time.
WARNING,SCENARIO_ORDER,S82_SL6_TP12,18674,linhas do cenário não estão em ordem crescente de entry_time.
WARNING,SCENARIO_ORDER,S82_SL6_TP12,18675,linhas do cenário não estão em ordem crescente de entry_time.
WARNING,SCENARIO_ORDER,S82_SL6_TP12,18676,linhas do cenário não estão em ordem crescente de entry_time.
WARNING,SCENARIO_ORDER,S82_SL6_TP12,18678,linhas do cenário não estão em ordem crescente de entry_time.
WARNING,SCENARIO_ORDER,S82_SL6_TP12,18682,linhas do cenário não estão em ordem crescente de entry_time.
WARNING,SCENARIO_ORDER,S82_SL6_TP12,18691,linhas do cenário não estão em ordem crescente de entry_time.
WARNING,SCENARIO_ORDER,S82_SL6_TP12,18693,linhas do cenário não estão em ordem crescente de entry_time.
WARNING,SCENARIO_ORDER,S82_SL6_TP12,18695,linhas do cenário não estão em ordem crescente de entry_time.
WARNING,SCENARIO_ORDER,S82_SL6_TP15,18699,linhas do cenário não estão em ordem crescente de entry_time.
WARNING,SCENARIO_ORDER,S82_SL6_TP15,18710,linhas do cenário não estão em ordem crescente de entry_time.
WARNING,SCENARIO_ORDER,S82_SL6_TP15,18713,linhas do cenário não estão em ordem crescente de entry_time.
WARNING,SCENARIO_ORDER,S82_SL6_TP15,18730,linhas do cenário não estão em ordem crescente de entry_time.
WARNING,SCENARIO_ORDER,S82_SL6_TP15,18732,linhas do cenário não estão em ordem crescente de entry_time.
WARNING,SCENARIO_ORDER,S82_SL6_TP15,18743,linhas do cenário não estão em ordem crescente de entry_time.
WARNING,SCENARIO_ORDER,S82_SL6_TP15,18746,linhas do cenário não estão em ordem crescente de entry_time.
WARNING,SCENARIO_ORDER,S82_SL6_TP15,18752,linhas do cenário não estão em ordem crescente de entry_time.
WARNING,SCENARIO_ORDER,S82_SL6_TP15,18758,linhas do cenário não estão em ordem crescente de entry_time.
WARNING,SCENARIO_ORDER,S82_SL6_TP15,18767,linhas do cenário não estão em ordem crescente de entry_time.
WARNING,SCENARIO_ORDER,S82_SL6_TP15,18769,linhas do cenário não estão em ordem crescente de entry_time.
WARNING,SCENARIO_ORDER,S82_SL6_TP15,18775,linhas do cenário não estão em ordem crescente de entry_time.
WARNING,SCENARIO_ORDER,S82_SL6_TP15,18778,linhas do cenário não estão em ordem crescente de entry_time.
WARNING,SCENARIO_ORDER,S82_SL6_TP15,18779,linhas do cenário não estão em ordem crescente de entry_time.
WARNING,SCENARIO_ORDER,S82_SL6_TP15,18783,linhas do cenário não estão em ordem crescente de entry_time.
WARNING,SCENARIO_ORDER,S82_SL6_TP15,18790,linhas do cenário não estão em ordem crescente de entry_time.
WARNING,SCENARIO_ORDER,S82_SL6_TP15,18801,linhas do cenário não estão em ordem crescente de entry_time.
WARNING,SCENARIO_ORDER,S82_SL6_TP15,18803,linhas do cenário não estão em ordem crescente de entry_time.
WARNING,SCENARIO_ORDER,S82_SL6_TP15,18807,linhas do cenário não estão em ordem crescente de entry_time.
WARNING,SCENARIO_ORDER,S82_SL6_TP15,18809,linhas do cenário não estão em ordem crescente de entry_time.
WARNING,SCENARIO_ORDER,S82_SL6_TP15,18813,linhas do cenário não estão em ordem crescente de entry_time.
WARNING,SCENARIO_ORDER,S82_SL6_TP15,18817,linhas do cenário não estão em ordem crescente de entry_time.
WARNING,SCENARIO_ORDER,S82_SL6_TP15,18821,linhas do cenário não estão em ordem crescente de entry_time.
WARNING,SCENARIO_ORDER,S82_SL6_TP15,18828,linhas do cenário não estão em ordem crescente de entry_time.
WARNING,SCENARIO_ORDER,S82_SL6_TP15,18836,linhas do cenário não estão em ordem crescente de entry_time.
WARNING,SCENARIO_ORDER,S82_SL6_TP15,18838,linhas do cenário não estão em ordem crescente de entry_time.
WARNING,SCENARIO_ORDER,S82_SL6_TP15,18840,linhas do cenário não estão em ordem crescente de entry_time.
WARNING,SCENARIO_ORDER,S82_SL6_TP15,18844,linhas do cenário não estão em ordem crescente de entry_time.
WARNING,SCENARIO_ORDER,S82_SL6_TP15,18849,linhas do cenário não estão em ordem crescente de entry_time.
WARNING,SCENARIO_ORDER,S82_SL6_TP15,18858,linhas do cenário não estão em ordem crescente de entry_time.
WARNING,SCENARIO_ORDER,S82_SL6_TP15,18863,linhas do cenário não estão em ordem crescente de entry_time.
WARNING,SCENARIO_ORDER,S82_SL6_TP15,18866,linhas do cenário não estão em ordem crescente de entry_time.
WARNING,SCENARIO_ORDER,S82_SL6_TP15,18879,linhas do cenário não estão em ordem crescente de entry_time.
WARNING,SCENARIO_ORDER,S82_SL6_TP15,18889,linhas do cenário não estão em ordem crescente de entry_time.
WARNING,SCENARIO_ORDER,S82_SL6_TP15,18892,linhas do cenário não estão em ordem crescente de entry_time.
WARNING,SCENARIO_ORDER,S82_SL6_TP15,18893,linhas do cenário não estão em ordem crescente de entry_time.
WARNING,SCENARIO_ORDER,S82_SL6_TP15,18894,linhas do cenário não estão em ordem crescente de entry_time.
WARNING,SCENARIO_ORDER,S82_SL6_TP15,18897,linhas do cenário não estão em ordem crescente de entry_time.
WARNING,SCENARIO_ORDER,S82_SL6_TP15,18902,linhas do cenário não estão em ordem crescente de entry_time.
WARNING,SCENARIO_ORDER,S82_SL6_TP15,18905,linhas do cenário não estão em ordem crescente de entry_time.
WARNING,SCENARIO_ORDER,S82_SL6_TP15,18907,linhas do cenário não estão em ordem crescente de entry_time.
WARNING,SCENARIO_ORDER,S82_SL6_TP15,18910,linhas do cenário não estão em ordem crescente de entry_time.
WARNING,SCENARIO_ORDER,S82_SL6_TP15,18916,linhas do cenário não estão em ordem crescente de entry_time.
WARNING,SCENARIO_ORDER,S82_SL6_TP15,18920,linhas do cenário não estão em ordem crescente de entry_time.
WARNING,SCENARIO_ORDER,S82_SL6_TP15,18925,linhas do cenário não estão em ordem crescente de entry_time.
WARNING,SCENARIO_ORDER,S82_SL6_TP15,18929,linhas do cenário não estão em ordem crescente de entry_time.
WARNING,SCENARIO_ORDER,S82_SL6_TP15,18931,linhas do cenário não estão em ordem crescente de entry_time.
WARNING,SCENARIO_ORDER,S82_SL6_TP15,18944,linhas do cenário não estão em ordem crescente de entry_time.
WARNING,SCENARIO_ORDER,S82_SL6_TP15,18947,linhas do cenário não estão em ordem crescente de entry_time.
WARNING,SCENARIO_ORDER,S82_SL6_TP15,18948,linhas do cenário não estão em ordem crescente de entry_time.
WARNING,SCENARIO_ORDER,S82_SL6_TP15,18953,linhas do cenário não estão em ordem crescente de entry_time.
WARNING,SCENARIO_ORDER,S82_SL6_TP15,18957,linhas do cenário não estão em ordem crescente de entry_time.
WARNING,SCENARIO_ORDER,S82_SL6_TP15,18966,linhas do cenário não estão em ordem crescente de entry_time.
WARNING,SCENARIO_ORDER,S82_SL6_TP15,18968,linhas do cenário não estão em ordem crescente de entry_time.
WARNING,SCENARIO_ORDER,S85_SL4_TP8,18974,linhas do cenário não estão em ordem crescente de entry_time.
WARNING,SCENARIO_ORDER,S85_SL4_TP8,18979,linhas do cenário não estão em ordem crescente de entry_time.
WARNING,SCENARIO_ORDER,S85_SL4_TP8,18985,linhas do cenário não estão em ordem crescente de entry_time.
WARNING,SCENARIO_ORDER,S85_SL4_TP8,18996,linhas do cenário não estão em ordem crescente de entry_time.
WARNING,SCENARIO_ORDER,S85_SL4_TP8,19001,linhas do cenário não estão em ordem crescente de entry_time.
WARNING,SCENARIO_ORDER,S85_SL4_TP8,19004,linhas do cenário não estão em ordem crescente de entry_time.
WARNING,SCENARIO_ORDER,S85_SL4_TP8,19009,linhas do cenário não estão em ordem crescente de entry_time.
WARNING,SCENARIO_ORDER,S85_SL4_TP8,19012,linhas do cenário não estão em ordem crescente de entry_time.
WARNING,SCENARIO_ORDER,S85_SL4_TP8,19018,linhas do cenário não estão em ordem crescente de entry_time.
WARNING,SCENARIO_ORDER,S85_SL4_TP8,19021,linhas do cenário não estão em ordem crescente de entry_time.
WARNING,SCENARIO_ORDER,S85_SL4_TP8,19024,linhas do cenário não estão em ordem crescente de entry_time.
WARNING,SCENARIO_ORDER,S85_SL4_TP8,19029,linhas do cenário não estão em ordem crescente de entry_time.
WARNING,SCENARIO_ORDER,S85_SL4_TP8,19032,linhas do cenário não estão em ordem crescente de entry_time.
WARNING,SCENARIO_ORDER,S85_SL4_TP8,19037,linhas do cenário não estão em ordem crescente de entry_time.
WARNING,SCENARIO_ORDER,S85_SL4_TP8,19043,linhas do cenário não estão em ordem crescente de entry_time.
WARNING,SCENARIO_ORDER,S85_SL4_TP8,19045,linhas do cenário não estão em ordem crescente de entry_time.
WARNING,SCENARIO_ORDER,S85_SL4_TP8,19048,linhas do cenário não estão em ordem crescente de entry_time.
WARNING,SCENARIO_ORDER,S85_SL4_TP8,19052,linhas do cenário não estão em ordem crescente de entry_time.
WARNING,SCENARIO_ORDER,S85_SL4_TP8,19060,linhas do cenário não estão em ordem crescente de entry_time.
WARNING,SCENARIO_ORDER,S85_SL4_TP8,19063,linhas do cenário não estão em ordem crescente de entry_time.
WARNING,SCENARIO_ORDER,S85_SL4_TP8,19065,linhas do cenário não estão em ordem crescente de entry_time.
WARNING,SCENARIO_ORDER,S85_SL4_TP8,19067,linhas do cenário não estão em ordem crescente de entry_time.
WARNING,SCENARIO_ORDER,S85_SL4_TP8,19075,linhas do cenário não estão em ordem crescente de entry_time.
WARNING,SCENARIO_ORDER,S85_SL4_TP8,19078,linhas do cenário não estão em ordem crescente de entry_time.
WARNING,SCENARIO_ORDER,S85_SL4_TP8,19085,linhas do cenário não estão em ordem crescente de entry_time.
WARNING,SCENARIO_ORDER,S85_SL4_TP8,19088,linhas do cenário não estão em ordem crescente de entry_time.
WARNING,SCENARIO_ORDER,S85_SL4_TP8,19091,linhas do cenário não estão em ordem crescente de entry_time.
WARNING,SCENARIO_ORDER,S85_SL4_TP8,19092,linhas do cenário não estão em ordem crescente de entry_time.
WARNING,SCENARIO_ORDER,S85_SL4_TP8,19096,linhas do cenário não estão em ordem crescente de entry_time.
WARNING,SCENARIO_ORDER,S85_SL4_TP8,19101,linhas do cenário não estão em ordem crescente de entry_time.
WARNING,SCENARIO_ORDER,S85_SL4_TP8,19104,linhas do cenário não estão em ordem crescente de entry_time.
WARNING,SCENARIO_ORDER,S85_SL4_TP8,19107,linhas do cenário não estão em ordem crescente de entry_time.
WARNING,SCENARIO_ORDER,S85_SL4_TP8,19110,linhas do cenário não estão em ordem crescente de entry_time.
WARNING,SCENARIO_ORDER,S85_SL4_TP8,19114,linhas do cenário não estão em ordem crescente de entry_time.
WARNING,SCENARIO_ORDER,S85_SL4_TP8,19115,linhas do cenário não estão em ordem crescente de entry_time.
WARNING,SCENARIO_ORDER,S85_SL4_TP8,19119,linhas do cenário não estão em ordem crescente de entry_time.
WARNING,SCENARIO_ORDER,S85_SL4_TP8,19122,linhas do cenário não estão em ordem crescente de entry_time.
WARNING,SCENARIO_ORDER,S85_SL4_TP8,19125,linhas do cenário não estão em ordem crescente de entry_time.
WARNING,SCENARIO_ORDER,S85_SL4_TP8,19129,linhas do cenário não estão em ordem crescente de entry_time.
WARNING,SCENARIO_ORDER,S85_SL4_TP8,19134,linhas do cenário não estão em ordem crescente de entry_time.
WARNING,SCENARIO_ORDER,S85_SL4_TP8,19137,linhas do cenário não estão em ordem crescente de entry_time.
WARNING,SCENARIO_ORDER,S85_SL4_TP8,19140,linhas do cenário não estão em ordem crescente de entry_time.
WARNING,SCENARIO_ORDER,S85_SL4_TP8,19142,linhas do cenário não estão em ordem crescente de entry_time.
WARNING,SCENARIO_ORDER,S85_SL4_TP8,19146,linhas do cenário não estão em ordem crescente de entry_time.
WARNING,SCENARIO_ORDER,S85_SL4_TP8,19154,linhas do cenário não estão em ordem crescente de entry_time.
WARNING,SCENARIO_ORDER,S85_SL4_TP8,19156,linhas do cenário não estão em ordem crescente de entry_time.
WARNING,SCENARIO_ORDER,S85_SL4_TP8,19161,linhas do cenário não estão em ordem crescente de entry_time.
WARNING,SCENARIO_ORDER,S85_SL4_TP8,19164,linhas do cenário não estão em ordem crescente de entry_time.
WARNING,SCENARIO_ORDER,S85_SL4_TP8,19165,linhas do cenário não estão em ordem crescente de entry_time.
WARNING,SCENARIO_ORDER,S85_SL4_TP8,19168,linhas do cenário não estão em ordem crescente de entry_time.
WARNING,SCENARIO_ORDER,S85_SL4_TP8,19176,linhas do cenário não estão em ordem crescente de entry_time.
WARNING,SCENARIO_ORDER,S85_SL4_TP8,19179,linhas do cenário não estão em ordem crescente de entry_time.
WARNING,SCENARIO_ORDER,S85_SL4_TP8,19182,linhas do cenário não estão em ordem crescente de entry_time.
WARNING,SCENARIO_ORDER,S85_SL4_TP8,19184,linhas do cenário não estão em ordem crescente de entry_time.
WARNING,SCENARIO_ORDER,S85_SL4_TP8,19187,linhas do cenário não estão em ordem crescente de entry_time.
WARNING,SCENARIO_ORDER,S85_SL4_TP8,19191,linhas do cenário não estão em ordem crescente de entry_time.
WARNING,SCENARIO_ORDER,S85_SL4_TP8,19199,linhas do cenário não estão em ordem crescente de entry_time.
WARNING,SCENARIO_ORDER,S85_SL4_TP8,19200,linhas do cenário não estão em ordem crescente de entry_time.
WARNING,SCENARIO_ORDER,S85_SL4_TP8,19202,linhas do cenário não estão em ordem crescente de entry_time.
WARNING,SCENARIO_ORDER,S85_SL4_TP8,19204,linhas do cenário não estão em ordem crescente de entry_time.
WARNING,SCENARIO_ORDER,S85_SL4_TP8,19205,linhas do cenário não estão em ordem crescente de entry_time.
WARNING,SCENARIO_ORDER,S85_SL4_TP8,19212,linhas do cenário não estão em ordem crescente de entry_time.
WARNING,SCENARIO_ORDER,S85_SL4_TP8,19213,linhas do cenário não estão em ordem crescente de entry_time.
WARNING,SCENARIO_ORDER,S85_SL4_TP8,19219,linhas do cenário não estão em ordem crescente de entry_time.
WARNING,SCENARIO_ORDER,S85_SL4_TP8,19222,linhas do cenário não estão em ordem crescente de entry_time.
WARNING,SCENARIO_ORDER,S85_SL4_TP8,19225,linhas do cenário não estão em ordem crescente de entry_time.
WARNING,SCENARIO_ORDER,S85_SL4_TP8,19227,linhas do cenário não estão em ordem crescente de entry_time.
WARNING,SCENARIO_ORDER,S85_SL4_TP8,19230,linhas do cenário não estão em ordem crescente de entry_time.
WARNING,SCENARIO_ORDER,S85_SL4_TP8,19238,linhas do cenário não estão em ordem crescente de entry_time.
WARNING,SCENARIO_ORDER,S85_SL4_TP8,19240,linhas do cenário não estão em ordem crescente de entry_time.
WARNING,SCENARIO_ORDER,S85_SL4_TP8,19244,linhas do cenário não estão em ordem crescente de entry_time.
WARNING,SCENARIO_ORDER,S85_SL4_TP8,19246,linhas do cenário não estão em ordem crescente de entry_time.
WARNING,SCENARIO_ORDER,S85_SL4_TP8,19251,linhas do cenário não estão em ordem crescente de entry_time.
WARNING,SCENARIO_ORDER,S85_SL4_TP8,19255,linhas do cenário não estão em ordem crescente de entry_time.
WARNING,SCENARIO_ORDER,S85_SL4_TP8,19257,linhas do cenário não estão em ordem crescente de entry_time.
WARNING,SCENARIO_ORDER,S85_SL4_TP8,19258,linhas do cenário não estão em ordem crescente de entry_time.
WARNING,SCENARIO_ORDER,S85_SL4_TP10,19263,linhas do cenário não estão em ordem crescente de entry_time.
WARNING,SCENARIO_ORDER,S85_SL4_TP10,19268,linhas do cenário não estão em ordem crescente de entry_time.
WARNING,SCENARIO_ORDER,S85_SL4_TP10,19273,linhas do cenário não estão em ordem crescente de entry_time.
WARNING,SCENARIO_ORDER,S85_SL4_TP10,19284,linhas do cenário não estão em ordem crescente de entry_time.
WARNING,SCENARIO_ORDER,S85_SL4_TP10,19289,linhas do cenário não estão em ordem crescente de entry_time.
WARNING,SCENARIO_ORDER,S85_SL4_TP10,19292,linhas do cenário não estão em ordem crescente de entry_time.
WARNING,SCENARIO_ORDER,S85_SL4_TP10,19300,linhas do cenário não estão em ordem crescente de entry_time.
WARNING,SCENARIO_ORDER,S85_SL4_TP10,19306,linhas do cenário não estão em ordem crescente de entry_time.
WARNING,SCENARIO_ORDER,S85_SL4_TP10,19308,linhas do cenário não estão em ordem crescente de entry_time.
WARNING,SCENARIO_ORDER,S85_SL4_TP10,19312,linhas do cenário não estão em ordem crescente de entry_time.
WARNING,SCENARIO_ORDER,S85_SL4_TP10,19317,linhas do cenário não estão em ordem crescente de entry_time.
WARNING,SCENARIO_ORDER,S85_SL4_TP10,19320,linhas do cenário não estão em ordem crescente de entry_time.
WARNING,SCENARIO_ORDER,S85_SL4_TP10,19325,linhas do cenário não estão em ordem crescente de entry_time.
WARNING,SCENARIO_ORDER,S85_SL4_TP10,19332,linhas do cenário não estão em ordem crescente de entry_time.
WARNING,SCENARIO_ORDER,S85_SL4_TP10,19335,linhas do cenário não estão em ordem crescente de entry_time.
WARNING,SCENARIO_ORDER,S85_SL4_TP10,19339,linhas do cenário não estão em ordem crescente de entry_time.
WARNING,SCENARIO_ORDER,S85_SL4_TP10,19347,linhas do cenário não estão em ordem crescente de entry_time.
WARNING,SCENARIO_ORDER,S85_SL4_TP10,19349,linhas do cenário não estão em ordem crescente de entry_time.
WARNING,SCENARIO_ORDER,S85_SL4_TP10,19351,linhas do cenário não estão em ordem crescente de entry_time.
WARNING,SCENARIO_ORDER,S85_SL4_TP10,19355,linhas do cenário não estão em ordem crescente de entry_time.
WARNING,SCENARIO_ORDER,S85_SL4_TP10,19361,linhas do cenário não estão em ordem crescente de entry_time.
WARNING,SCENARIO_ORDER,S85_SL4_TP10,19365,linhas do cenário não estão em ordem crescente de entry_time.
WARNING,SCENARIO_ORDER,S85_SL4_TP10,19372,linhas do cenário não estão em ordem crescente de entry_time.
WARNING,SCENARIO_ORDER,S85_SL4_TP10,19376,linhas do cenário não estão em ordem crescente de entry_time.
WARNING,SCENARIO_ORDER,S85_SL4_TP10,19381,linhas do cenário não estão em ordem crescente de entry_time.
WARNING,SCENARIO_ORDER,S85_SL4_TP10,19393,linhas do cenário não estão em ordem crescente de entry_time.
WARNING,SCENARIO_ORDER,S85_SL4_TP10,19396,linhas do cenário não estão em ordem crescente de entry_time.
WARNING,SCENARIO_ORDER,S85_SL4_TP10,19400,linhas do cenário não estão em ordem crescente de entry_time.
WARNING,SCENARIO_ORDER,S85_SL4_TP10,19402,linhas do cenário não estão em ordem crescente de entry_time.
WARNING,SCENARIO_ORDER,S85_SL4_TP10,19406,linhas do cenário não estão em ordem crescente de entry_time.
WARNING,SCENARIO_ORDER,S85_SL4_TP10,19407,linhas do cenário não estão em ordem crescente de entry_time.
WARNING,SCENARIO_ORDER,S85_SL4_TP10,19412,linhas do cenário não estão em ordem crescente de entry_time.
WARNING,SCENARIO_ORDER,S85_SL4_TP10,19417,linhas do cenário não estão em ordem crescente de entry_time.
WARNING,SCENARIO_ORDER,S85_SL4_TP10,19421,linhas do cenário não estão em ordem crescente de entry_time.
WARNING,SCENARIO_ORDER,S85_SL4_TP10,19423,linhas do cenário não estão em ordem crescente de entry_time.
WARNING,SCENARIO_ORDER,S85_SL4_TP10,19428,linhas do cenário não estão em ordem crescente de entry_time.
WARNING,SCENARIO_ORDER,S85_SL4_TP10,19436,linhas do cenário não estão em ordem crescente de entry_time.
WARNING,SCENARIO_ORDER,S85_SL4_TP10,19441,linhas do cenário não estão em ordem crescente de entry_time.
WARNING,SCENARIO_ORDER,S85_SL4_TP10,19444,linhas do cenário não estão em ordem crescente de entry_time.
WARNING,SCENARIO_ORDER,S85_SL4_TP10,19449,linhas do cenário não estão em ordem crescente de entry_time.
WARNING,SCENARIO_ORDER,S85_SL4_TP10,19454,linhas do cenário não estão em ordem crescente de entry_time.
WARNING,SCENARIO_ORDER,S85_SL4_TP10,19456,linhas do cenário não estão em ordem crescente de entry_time.
WARNING,SCENARIO_ORDER,S85_SL4_TP10,19459,linhas do cenário não estão em ordem crescente de entry_time.
WARNING,SCENARIO_ORDER,S85_SL4_TP10,19461,linhas do cenário não estão em ordem crescente de entry_time.
WARNING,SCENARIO_ORDER,S85_SL4_TP10,19465,linhas do cenário não estão em ordem crescente de entry_time.
WARNING,SCENARIO_ORDER,S85_SL4_TP10,19467,linhas do cenário não estão em ordem crescente de entry_time.
WARNING,SCENARIO_ORDER,S85_SL4_TP10,19469,linhas do cenário não estão em ordem crescente de entry_time.
WARNING,SCENARIO_ORDER,S85_SL4_TP10,19476,linhas do cenário não estão em ordem crescente de entry_time.
WARNING,SCENARIO_ORDER,S85_SL4_TP10,19478,linhas do cenário não estão em ordem crescente de entry_time.
WARNING,SCENARIO_ORDER,S85_SL4_TP10,19480,linhas do cenário não estão em ordem crescente de entry_time.
WARNING,SCENARIO_ORDER,S85_SL4_TP10,19482,linhas do cenário não estão em ordem crescente de entry_time.
WARNING,SCENARIO_ORDER,S85_SL4_TP10,19487,linhas do cenário não estão em ordem crescente de entry_time.
WARNING,SCENARIO_ORDER,S85_SL4_TP10,19492,linhas do cenário não estão em ordem crescente de entry_time.
WARNING,SCENARIO_ORDER,S85_SL4_TP10,19494,linhas do cenário não estão em ordem crescente de entry_time.
WARNING,SCENARIO_ORDER,S85_SL4_TP10,19511,linhas do cenário não estão em ordem crescente de entry_time.
WARNING,SCENARIO_ORDER,S85_SL4_TP10,19513,linhas do cenário não estão em ordem crescente de entry_time.
WARNING,SCENARIO_ORDER,S85_SL4_TP10,19514,linhas do cenário não estão em ordem crescente de entry_time.
WARNING,SCENARIO_ORDER,S85_SL4_TP10,19517,linhas do cenário não estão em ordem crescente de entry_time.
WARNING,SCENARIO_ORDER,S85_SL4_TP10,19519,linhas do cenário não estão em ordem crescente de entry_time.
WARNING,SCENARIO_ORDER,S85_SL4_TP10,19522,linhas do cenário não estão em ordem crescente de entry_time.
WARNING,SCENARIO_ORDER,S85_SL4_TP10,19526,linhas do cenário não estão em ordem crescente de entry_time.
WARNING,SCENARIO_ORDER,S85_SL4_TP10,19530,linhas do cenário não estão em ordem crescente de entry_time.
WARNING,SCENARIO_ORDER,S85_SL4_TP10,19533,linhas do cenário não estão em ordem crescente de entry_time.
WARNING,SCENARIO_ORDER,S85_SL4_TP12,19538,linhas do cenário não estão em ordem crescente de entry_time.
WARNING,SCENARIO_ORDER,S85_SL4_TP12,19543,linhas do cenário não estão em ordem crescente de entry_time.
WARNING,SCENARIO_ORDER,S85_SL4_TP12,19548,linhas do cenário não estão em ordem crescente de entry_time.
WARNING,SCENARIO_ORDER,S85_SL4_TP12,19559,linhas do cenário não estão em ordem crescente de entry_time.
WARNING,SCENARIO_ORDER,S85_SL4_TP12,19564,linhas do cenário não estão em ordem crescente de entry_time.
WARNING,SCENARIO_ORDER,S85_SL4_TP12,19566,linhas do cenário não estão em ordem crescente de entry_time.
WARNING,SCENARIO_ORDER,S85_SL4_TP12,19571,linhas do cenário não estão em ordem crescente de entry_time.
WARNING,SCENARIO_ORDER,S85_SL4_TP12,19575,linhas do cenário não estão em ordem crescente de entry_time.
WARNING,SCENARIO_ORDER,S85_SL4_TP12,19576,linhas do cenário não estão em ordem crescente de entry_time.
WARNING,SCENARIO_ORDER,S85_SL4_TP12,19583,linhas do cenário não estão em ordem crescente de entry_time.
WARNING,SCENARIO_ORDER,S85_SL4_TP12,19587,linhas do cenário não estão em ordem crescente de entry_time.
WARNING,SCENARIO_ORDER,S85_SL4_TP12,19592,linhas do cenário não estão em ordem crescente de entry_time.
WARNING,SCENARIO_ORDER,S85_SL4_TP12,19594,linhas do cenário não estão em ordem crescente de entry_time.
WARNING,SCENARIO_ORDER,S85_SL4_TP12,19599,linhas do cenário não estão em ordem crescente de entry_time.
WARNING,SCENARIO_ORDER,S85_SL4_TP12,19607,linhas do cenário não estão em ordem crescente de entry_time.
WARNING,SCENARIO_ORDER,S85_SL4_TP12,19609,linhas do cenário não estão em ordem crescente de entry_time.
WARNING,SCENARIO_ORDER,S85_SL4_TP12,19613,linhas do cenário não estão em ordem crescente de entry_time.
WARNING,SCENARIO_ORDER,S85_SL4_TP12,19621,linhas do cenário não estão em ordem crescente de entry_time.
WARNING,SCENARIO_ORDER,S85_SL4_TP12,19623,linhas do cenário não estão em ordem crescente de entry_time.
WARNING,SCENARIO_ORDER,S85_SL4_TP12,19625,linhas do cenário não estão em ordem crescente de entry_time.
WARNING,SCENARIO_ORDER,S85_SL4_TP12,19627,linhas do cenário não estão em ordem crescente de entry_time.
WARNING,SCENARIO_ORDER,S85_SL4_TP12,19634,linhas do cenário não estão em ordem crescente de entry_time.
WARNING,SCENARIO_ORDER,S85_SL4_TP12,19637,linhas do cenário não estão em ordem crescente de entry_time.
WARNING,SCENARIO_ORDER,S85_SL4_TP12,19644,linhas do cenário não estão em ordem crescente de entry_time.
WARNING,SCENARIO_ORDER,S85_SL4_TP12,19648,linhas do cenário não estão em ordem crescente de entry_time.
WARNING,SCENARIO_ORDER,S85_SL4_TP12,19650,linhas do cenário não estão em ordem crescente de entry_time.
WARNING,SCENARIO_ORDER,S85_SL4_TP12,19654,linhas do cenário não estão em ordem crescente de entry_time.
WARNING,SCENARIO_ORDER,S85_SL4_TP12,19661,linhas do cenário não estão em ordem crescente de entry_time.
WARNING,SCENARIO_ORDER,S85_SL4_TP12,19666,linhas do cenário não estão em ordem crescente de entry_time.
WARNING,SCENARIO_ORDER,S85_SL4_TP12,19669,linhas do cenário não estão em ordem crescente de entry_time.
WARNING,SCENARIO_ORDER,S85_SL4_TP12,19673,linhas do cenário não estão em ordem crescente de entry_time.
WARNING,SCENARIO_ORDER,S85_SL4_TP12,19675,linhas do cenário não estão em ordem crescente de entry_time.
WARNING,SCENARIO_ORDER,S85_SL4_TP12,19677,linhas do cenário não estão em ordem crescente de entry_time.
WARNING,SCENARIO_ORDER,S85_SL4_TP12,19683,linhas do cenário não estão em ordem crescente de entry_time.
WARNING,SCENARIO_ORDER,S85_SL4_TP12,19685,linhas do cenário não estão em ordem crescente de entry_time.
WARNING,SCENARIO_ORDER,S85_SL4_TP12,19686,linhas do cenário não estão em ordem crescente de entry_time.
WARNING,SCENARIO_ORDER,S85_SL4_TP12,19694,linhas do cenário não estão em ordem crescente de entry_time.
WARNING,SCENARIO_ORDER,S85_SL4_TP12,19696,linhas do cenário não estão em ordem crescente de entry_time.
WARNING,SCENARIO_ORDER,S85_SL4_TP12,19703,linhas do cenário não estão em ordem crescente de entry_time.
WARNING,SCENARIO_ORDER,S85_SL4_TP12,19714,linhas do cenário não estão em ordem crescente de entry_time.
WARNING,SCENARIO_ORDER,S85_SL4_TP12,19716,linhas do cenário não estão em ordem crescente de entry_time.
WARNING,SCENARIO_ORDER,S85_SL4_TP12,19718,linhas do cenário não estão em ordem crescente de entry_time.
WARNING,SCENARIO_ORDER,S85_SL4_TP12,19723,linhas do cenário não estão em ordem crescente de entry_time.
WARNING,SCENARIO_ORDER,S85_SL4_TP12,19731,linhas do cenário não estão em ordem crescente de entry_time.
WARNING,SCENARIO_ORDER,S85_SL4_TP12,19733,linhas do cenário não estão em ordem crescente de entry_time.
WARNING,SCENARIO_ORDER,S85_SL4_TP12,19736,linhas do cenário não estão em ordem crescente de entry_time.
WARNING,SCENARIO_ORDER,S85_SL4_TP12,19740,linhas do cenário não estão em ordem crescente de entry_time.
WARNING,SCENARIO_ORDER,S85_SL4_TP12,19742,linhas do cenário não estão em ordem crescente de entry_time.
WARNING,SCENARIO_ORDER,S85_SL4_TP12,19744,linhas do cenário não estão em ordem crescente de entry_time.
WARNING,SCENARIO_ORDER,S85_SL4_TP12,19750,linhas do cenário não estão em ordem crescente de entry_time.
WARNING,SCENARIO_ORDER,S85_SL4_TP12,19752,linhas do cenário não estão em ordem crescente de entry_time.
WARNING,SCENARIO_ORDER,S85_SL4_TP12,19756,linhas do cenário não estão em ordem crescente de entry_time.
WARNING,SCENARIO_ORDER,S85_SL4_TP12,19757,linhas do cenário não estão em ordem crescente de entry_time.
WARNING,SCENARIO_ORDER,S85_SL4_TP12,19759,linhas do cenário não estão em ordem crescente de entry_time.
WARNING,SCENARIO_ORDER,S85_SL4_TP12,19766,linhas do cenário não estão em ordem crescente de entry_time.
WARNING,SCENARIO_ORDER,S85_SL4_TP12,19768,linhas do cenário não estão em ordem crescente de entry_time.
WARNING,SCENARIO_ORDER,S85_SL4_TP12,19774,linhas do cenário não estão em ordem crescente de entry_time.
WARNING,SCENARIO_ORDER,S85_SL4_TP12,19777,linhas do cenário não estão em ordem crescente de entry_time.
WARNING,SCENARIO_ORDER,S85_SL4_TP12,19786,linhas do cenário não estão em ordem crescente de entry_time.
WARNING,SCENARIO_ORDER,S85_SL4_TP12,19788,linhas do cenário não estão em ordem crescente de entry_time.
WARNING,SCENARIO_ORDER,S85_SL4_TP12,19790,linhas do cenário não estão em ordem crescente de entry_time.
WARNING,SCENARIO_ORDER,S85_SL4_TP12,19792,linhas do cenário não estão em ordem crescente de entry_time.
WARNING,SCENARIO_ORDER,S85_SL4_TP12,19794,linhas do cenário não estão em ordem crescente de entry_time.
WARNING,SCENARIO_ORDER,S85_SL4_TP12,19797,linhas do cenário não estão em ordem crescente de entry_time.
WARNING,SCENARIO_ORDER,S85_SL4_TP12,19805,linhas do cenário não estão em ordem crescente de entry_time.
WARNING,SCENARIO_ORDER,S85_SL4_TP12,19808,linhas do cenário não estão em ordem crescente de entry_time.
WARNING,SCENARIO_ORDER,S85_SL4_TP12,19809,linhas do cenário não estão em ordem crescente de entry_time.
WARNING,SCENARIO_ORDER,S85_SL4_TP15,19812,linhas do cenário não estão em ordem crescente de entry_time.
WARNING,SCENARIO_ORDER,S85_SL4_TP15,19817,linhas do cenário não estão em ordem crescente de entry_time.
WARNING,SCENARIO_ORDER,S85_SL4_TP15,19823,linhas do cenário não estão em ordem crescente de entry_time.
WARNING,SCENARIO_ORDER,S85_SL4_TP15,19834,linhas do cenário não estão em ordem crescente de entry_time.
WARNING,SCENARIO_ORDER,S85_SL4_TP15,19839,linhas do cenário não estão em ordem crescente de entry_time.
WARNING,SCENARIO_ORDER,S85_SL4_TP15,19841,linhas do cenário não estão em ordem crescente de entry_time.
WARNING,SCENARIO_ORDER,S85_SL4_TP15,19848,linhas do cenário não estão em ordem crescente de entry_time.
WARNING,SCENARIO_ORDER,S85_SL4_TP15,19850,linhas do cenário não estão em ordem crescente de entry_time.
WARNING,SCENARIO_ORDER,S85_SL4_TP15,19859,linhas do cenário não estão em ordem crescente de entry_time.
WARNING,SCENARIO_ORDER,S85_SL4_TP15,19864,linhas do cenário não estão em ordem crescente de entry_time.
WARNING,SCENARIO_ORDER,S85_SL4_TP15,19866,linhas do cenário não estão em ordem crescente de entry_time.
WARNING,SCENARIO_ORDER,S85_SL4_TP15,19869,linhas do cenário não estão em ordem crescente de entry_time.
WARNING,SCENARIO_ORDER,S85_SL4_TP15,19875,linhas do cenário não estão em ordem crescente de entry_time.
WARNING,SCENARIO_ORDER,S85_SL4_TP15,19881,linhas do cenário não estão em ordem crescente de entry_time.
WARNING,SCENARIO_ORDER,S85_SL4_TP15,19885,linhas do cenário não estão em ordem crescente de entry_time.
WARNING,SCENARIO_ORDER,S85_SL4_TP15,19889,linhas do cenário não estão em ordem crescente de entry_time.
WARNING,SCENARIO_ORDER,S85_SL4_TP15,19897,linhas do cenário não estão em ordem crescente de entry_time.
WARNING,SCENARIO_ORDER,S85_SL4_TP15,19900,linhas do cenário não estão em ordem crescente de entry_time.
WARNING,SCENARIO_ORDER,S85_SL4_TP15,19909,linhas do cenário não estão em ordem crescente de entry_time.
WARNING,SCENARIO_ORDER,S85_SL4_TP15,19912,linhas do cenário não estão em ordem crescente de entry_time.
WARNING,SCENARIO_ORDER,S85_SL4_TP15,19919,linhas do cenário não estão em ordem crescente de entry_time.
WARNING,SCENARIO_ORDER,S85_SL4_TP15,19924,linhas do cenário não estão em ordem crescente de entry_time.
WARNING,SCENARIO_ORDER,S85_SL4_TP15,19926,linhas do cenário não estão em ordem crescente de entry_time.
WARNING,SCENARIO_ORDER,S85_SL4_TP15,19929,linhas do cenário não estão em ordem crescente de entry_time.
WARNING,SCENARIO_ORDER,S85_SL4_TP15,19935,linhas do cenário não estão em ordem crescente de entry_time.
WARNING,SCENARIO_ORDER,S85_SL4_TP15,19943,linhas do cenário não estão em ordem crescente de entry_time.
WARNING,SCENARIO_ORDER,S85_SL4_TP15,19946,linhas do cenário não estão em ordem crescente de entry_time.
WARNING,SCENARIO_ORDER,S85_SL4_TP15,19948,linhas do cenário não estão em ordem crescente de entry_time.
WARNING,SCENARIO_ORDER,S85_SL4_TP15,19951,linhas do cenário não estão em ordem crescente de entry_time.
WARNING,SCENARIO_ORDER,S85_SL4_TP15,19956,linhas do cenário não estão em ordem crescente de entry_time.
WARNING,SCENARIO_ORDER,S85_SL4_TP15,19959,linhas do cenário não estão em ordem crescente de entry_time.
WARNING,SCENARIO_ORDER,S85_SL4_TP15,19967,linhas do cenário não estão em ordem crescente de entry_time.
WARNING,SCENARIO_ORDER,S85_SL4_TP15,19969,linhas do cenário não estão em ordem crescente de entry_time.
WARNING,SCENARIO_ORDER,S85_SL4_TP15,19970,linhas do cenário não estão em ordem crescente de entry_time.
WARNING,SCENARIO_ORDER,S85_SL4_TP15,19977,linhas do cenário não estão em ordem crescente de entry_time.
WARNING,SCENARIO_ORDER,S85_SL4_TP15,19979,linhas do cenário não estão em ordem crescente de entry_time.
WARNING,SCENARIO_ORDER,S85_SL4_TP15,19988,linhas do cenário não estão em ordem crescente de entry_time.
WARNING,SCENARIO_ORDER,S85_SL4_TP15,19991,linhas do cenário não estão em ordem crescente de entry_time.
WARNING,SCENARIO_ORDER,S85_SL4_TP15,19998,linhas do cenário não estão em ordem crescente de entry_time.
WARNING,SCENARIO_ORDER,S85_SL4_TP15,20002,linhas do cenário não estão em ordem crescente de entry_time.
WARNING,SCENARIO_ORDER,S85_SL4_TP15,20004,linhas do cenário não estão em ordem crescente de entry_time.
WARNING,SCENARIO_ORDER,S85_SL4_TP15,20006,linhas do cenário não estão em ordem crescente de entry_time.
WARNING,SCENARIO_ORDER,S85_SL4_TP15,20014,linhas do cenário não estão em ordem crescente de entry_time.
WARNING,SCENARIO_ORDER,S85_SL4_TP15,20023,linhas do cenário não estão em ordem crescente de entry_time.
WARNING,SCENARIO_ORDER,S85_SL4_TP15,20025,linhas do cenário não estão em ordem crescente de entry_time.
WARNING,SCENARIO_ORDER,S85_SL4_TP15,20028,linhas do cenário não estão em ordem crescente de entry_time.
WARNING,SCENARIO_ORDER,S85_SL4_TP15,20029,linhas do cenário não estão em ordem crescente de entry_time.
WARNING,SCENARIO_ORDER,S85_SL4_TP15,20033,linhas do cenário não estão em ordem crescente de entry_time.
WARNING,SCENARIO_ORDER,S85_SL4_TP15,20036,linhas do cenário não estão em ordem crescente de entry_time.
WARNING,SCENARIO_ORDER,S85_SL4_TP15,20040,linhas do cenário não estão em ordem crescente de entry_time.
WARNING,SCENARIO_ORDER,S85_SL4_TP15,20043,linhas do cenário não estão em ordem crescente de entry_time.
WARNING,SCENARIO_ORDER,S85_SL4_TP15,20049,linhas do cenário não estão em ordem crescente de entry_time.
WARNING,SCENARIO_ORDER,S85_SL4_TP15,20055,linhas do cenário não estão em ordem crescente de entry_time.
WARNING,SCENARIO_ORDER,S85_SL4_TP15,20058,linhas do cenário não estão em ordem crescente de entry_time.
WARNING,SCENARIO_ORDER,S85_SL4_TP15,20060,linhas do cenário não estão em ordem crescente de entry_time.
WARNING,SCENARIO_ORDER,S85_SL4_TP15,20064,linhas do cenário não estão em ordem crescente de entry_time.
WARNING,SCENARIO_ORDER,S85_SL4_TP15,20067,linhas do cenário não estão em ordem crescente de entry_time.
WARNING,SCENARIO_ORDER,S85_SL4_TP15,20069,linhas do cenário não estão em ordem crescente de entry_time.
WARNING,SCENARIO_ORDER,S85_SL4_TP15,20075,linhas do cenário não estão em ordem crescente de entry_time.
WARNING,SCENARIO_ORDER,S85_SL5_TP8,20083,linhas do cenário não estão em ordem crescente de entry_time.
WARNING,SCENARIO_ORDER,S85_SL5_TP8,20088,linhas do cenário não estão em ordem crescente de entry_time.
WARNING,SCENARIO_ORDER,S85_SL5_TP8,20093,linhas do cenário não estão em ordem crescente de entry_time.
WARNING,SCENARIO_ORDER,S85_SL5_TP8,20094,linhas do cenário não estão em ordem crescente de entry_time.
WARNING,SCENARIO_ORDER,S85_SL5_TP8,20104,linhas do cenário não estão em ordem crescente de entry_time.
WARNING,SCENARIO_ORDER,S85_SL5_TP8,20112,linhas do cenário não estão em ordem crescente de entry_time.
WARNING,SCENARIO_ORDER,S85_SL5_TP8,20113,linhas do cenário não estão em ordem crescente de entry_time.
WARNING,SCENARIO_ORDER,S85_SL5_TP8,20118,linhas do cenário não estão em ordem crescente de entry_time.
WARNING,SCENARIO_ORDER,S85_SL5_TP8,20121,linhas do cenário não estão em ordem crescente de entry_time.
WARNING,SCENARIO_ORDER,S85_SL5_TP8,20122,linhas do cenário não estão em ordem crescente de entry_time.
WARNING,SCENARIO_ORDER,S85_SL5_TP8,20127,linhas do cenário não estão em ordem crescente de entry_time.
WARNING,SCENARIO_ORDER,S85_SL5_TP8,20132,linhas do cenário não estão em ordem crescente de entry_time.
WARNING,SCENARIO_ORDER,S85_SL5_TP8,20134,linhas do cenário não estão em ordem crescente de entry_time.
WARNING,SCENARIO_ORDER,S85_SL5_TP8,20139,linhas do cenário não estão em ordem crescente de entry_time.
WARNING,SCENARIO_ORDER,S85_SL5_TP8,20141,linhas do cenário não estão em ordem crescente de entry_time.
WARNING,SCENARIO_ORDER,S85_SL5_TP8,20145,linhas do cenário não estão em ordem crescente de entry_time.
WARNING,SCENARIO_ORDER,S85_SL5_TP8,20149,linhas do cenário não estão em ordem crescente de entry_time.
WARNING,SCENARIO_ORDER,S85_SL5_TP8,20153,linhas do cenário não estão em ordem crescente de entry_time.
WARNING,SCENARIO_ORDER,S85_SL5_TP8,20155,linhas do cenário não estão em ordem crescente de entry_time.
WARNING,SCENARIO_ORDER,S85_SL5_TP8,20156,linhas do cenário não estão em ordem crescente de entry_time.
WARNING,SCENARIO_ORDER,S85_SL5_TP8,20158,linhas do cenário não estão em ordem crescente de entry_time.
WARNING,SCENARIO_ORDER,S85_SL5_TP8,20161,linhas do cenário não estão em ordem crescente de entry_time.
WARNING,SCENARIO_ORDER,S85_SL5_TP8,20171,linhas do cenário não estão em ordem crescente de entry_time.
WARNING,SCENARIO_ORDER,S85_SL5_TP8,20173,linhas do cenário não estão em ordem crescente de entry_time.
WARNING,SCENARIO_ORDER,S85_SL5_TP8,20180,linhas do cenário não estão em ordem crescente de entry_time.
WARNING,SCENARIO_ORDER,S85_SL5_TP8,20185,linhas do cenário não estão em ordem crescente de entry_time.
WARNING,SCENARIO_ORDER,S85_SL5_TP8,20187,linhas do cenário não estão em ordem crescente de entry_time.
WARNING,SCENARIO_ORDER,S85_SL5_TP8,20193,linhas do cenário não estão em ordem crescente de entry_time.
WARNING,SCENARIO_ORDER,S85_SL5_TP8,20197,linhas do cenário não estão em ordem crescente de entry_time.
WARNING,SCENARIO_ORDER,S85_SL5_TP8,20199,linhas do cenário não estão em ordem crescente de entry_time.
WARNING,SCENARIO_ORDER,S85_SL5_TP8,20200,linhas do cenário não estão em ordem crescente de entry_time.
WARNING,SCENARIO_ORDER,S85_SL5_TP8,20202,linhas do cenário não estão em ordem crescente de entry_time.
WARNING,SCENARIO_ORDER,S85_SL5_TP8,20204,linhas do cenário não estão em ordem crescente de entry_time.
WARNING,SCENARIO_ORDER,S85_SL5_TP8,20212,linhas do cenário não estão em ordem crescente de entry_time.
WARNING,SCENARIO_ORDER,S85_SL5_TP8,20216,linhas do cenário não estão em ordem crescente de entry_time.
WARNING,SCENARIO_ORDER,S85_SL5_TP8,20221,linhas do cenário não estão em ordem crescente de entry_time.
WARNING,SCENARIO_ORDER,S85_SL5_TP8,20222,linhas do cenário não estão em ordem crescente de entry_time.
WARNING,SCENARIO_ORDER,S85_SL5_TP8,20225,linhas do cenário não estão em ordem crescente de entry_time.
WARNING,SCENARIO_ORDER,S85_SL5_TP8,20229,linhas do cenário não estão em ordem crescente de entry_time.
WARNING,SCENARIO_ORDER,S85_SL5_TP8,20242,linhas do cenário não estão em ordem crescente de entry_time.
WARNING,SCENARIO_ORDER,S85_SL5_TP8,20244,linhas do cenário não estão em ordem crescente de entry_time.
WARNING,SCENARIO_ORDER,S85_SL5_TP8,20247,linhas do cenário não estão em ordem crescente de entry_time.
WARNING,SCENARIO_ORDER,S85_SL5_TP8,20250,linhas do cenário não estão em ordem crescente de entry_time.
WARNING,SCENARIO_ORDER,S85_SL5_TP8,20252,linhas do cenário não estão em ordem crescente de entry_time.
WARNING,SCENARIO_ORDER,S85_SL5_TP8,20260,linhas do cenário não estão em ordem crescente de entry_time.
WARNING,SCENARIO_ORDER,S85_SL5_TP8,20265,linhas do cenário não estão em ordem crescente de entry_time.
WARNING,SCENARIO_ORDER,S85_SL5_TP8,20270,linhas do cenário não estão em ordem crescente de entry_time.
WARNING,SCENARIO_ORDER,S85_SL5_TP8,20278,linhas do cenário não estão em ordem crescente de entry_time.
WARNING,SCENARIO_ORDER,S85_SL5_TP8,20287,linhas do cenário não estão em ordem crescente de entry_time.
WARNING,SCENARIO_ORDER,S85_SL5_TP8,20291,linhas do cenário não estão em ordem crescente de entry_time.
WARNING,SCENARIO_ORDER,S85_SL5_TP8,20298,linhas do cenário não estão em ordem crescente de entry_time.
WARNING,SCENARIO_ORDER,S85_SL5_TP8,20301,linhas do cenário não estão em ordem crescente de entry_time.
WARNING,SCENARIO_ORDER,S85_SL5_TP8,20304,linhas do cenário não estão em ordem crescente de entry_time.
WARNING,SCENARIO_ORDER,S85_SL5_TP8,20306,linhas do cenário não estão em ordem crescente de entry_time.
WARNING,SCENARIO_ORDER,S85_SL5_TP8,20311,linhas do cenário não estão em ordem crescente de entry_time.
WARNING,SCENARIO_ORDER,S85_SL5_TP8,20314,linhas do cenário não estão em ordem crescente de entry_time.
WARNING,SCENARIO_ORDER,S85_SL5_TP8,20315,linhas do cenário não estão em ordem crescente de entry_time.
WARNING,SCENARIO_ORDER,S85_SL5_TP8,20319,linhas do cenário não estão em ordem crescente de entry_time.
WARNING,SCENARIO_ORDER,S85_SL5_TP8,20323,linhas do cenário não estão em ordem crescente de entry_time.
WARNING,SCENARIO_ORDER,S85_SL5_TP8,20327,linhas do cenário não estão em ordem crescente de entry_time.
WARNING,SCENARIO_ORDER,S85_SL5_TP8,20329,linhas do cenário não estão em ordem crescente de entry_time.
WARNING,SCENARIO_ORDER,S85_SL5_TP8,20337,linhas do cenário não estão em ordem crescente de entry_time.
WARNING,SCENARIO_ORDER,S85_SL5_TP8,20339,linhas do cenário não estão em ordem crescente de entry_time.
WARNING,SCENARIO_ORDER,S85_SL5_TP8,20341,linhas do cenário não estão em ordem crescente de entry_time.
WARNING,SCENARIO_ORDER,S85_SL5_TP8,20342,linhas do cenário não estão em ordem crescente de entry_time.
WARNING,SCENARIO_ORDER,S85_SL5_TP8,20345,linhas do cenário não estão em ordem crescente de entry_time.
WARNING,SCENARIO_ORDER,S85_SL5_TP8,20353,linhas do cenário não estão em ordem crescente de entry_time.
WARNING,SCENARIO_ORDER,S85_SL5_TP8,20356,linhas do cenário não estão em ordem crescente de entry_time.
WARNING,SCENARIO_ORDER,S85_SL5_TP8,20358,linhas do cenário não estão em ordem crescente de entry_time.
WARNING,SCENARIO_ORDER,S85_SL5_TP8,20359,linhas do cenário não estão em ordem crescente de entry_time.
WARNING,SCENARIO_ORDER,S85_SL5_TP10,20363,linhas do cenário não estão em ordem crescente de entry_time.
WARNING,SCENARIO_ORDER,S85_SL5_TP10,20368,linhas do cenário não estão em ordem crescente de entry_time.
WARNING,SCENARIO_ORDER,S85_SL5_TP10,20373,linhas do cenário não estão em ordem crescente de entry_time.
WARNING,SCENARIO_ORDER,S85_SL5_TP10,20374,linhas do cenário não estão em ordem crescente de entry_time.
WARNING,SCENARIO_ORDER,S85_SL5_TP10,20384,linhas do cenário não estão em ordem crescente de entry_time.
WARNING,SCENARIO_ORDER,S85_SL5_TP10,20392,linhas do cenário não estão em ordem crescente de entry_time.
WARNING,SCENARIO_ORDER,S85_SL5_TP10,20393,linhas do cenário não estão em ordem crescente de entry_time.
WARNING,SCENARIO_ORDER,S85_SL5_TP10,20401,linhas do cenário não estão em ordem crescente de entry_time.
WARNING,SCENARIO_ORDER,S85_SL5_TP10,20402,linhas do cenário não estão em ordem crescente de entry_time.
WARNING,SCENARIO_ORDER,S85_SL5_TP10,20407,linhas do cenário não estão em ordem crescente de entry_time.
WARNING,SCENARIO_ORDER,S85_SL5_TP10,20412,linhas do cenário não estão em ordem crescente de entry_time.
WARNING,SCENARIO_ORDER,S85_SL5_TP10,20414,linhas do cenário não estão em ordem crescente de entry_time.
WARNING,SCENARIO_ORDER,S85_SL5_TP10,20419,linhas do cenário não estão em ordem crescente de entry_time.
WARNING,SCENARIO_ORDER,S85_SL5_TP10,20421,linhas do cenário não estão em ordem crescente de entry_time.
WARNING,SCENARIO_ORDER,S85_SL5_TP10,20425,linhas do cenário não estão em ordem crescente de entry_time.
WARNING,SCENARIO_ORDER,S85_SL5_TP10,20429,linhas do cenário não estão em ordem crescente de entry_time.
WARNING,SCENARIO_ORDER,S85_SL5_TP10,20433,linhas do cenário não estão em ordem crescente de entry_time.
WARNING,SCENARIO_ORDER,S85_SL5_TP10,20434,linhas do cenário não estão em ordem crescente de entry_time.
WARNING,SCENARIO_ORDER,S85_SL5_TP10,20437,linhas do cenário não estão em ordem crescente de entry_time.
WARNING,SCENARIO_ORDER,S85_SL5_TP10,20439,linhas do cenário não estão em ordem crescente de entry_time.
WARNING,SCENARIO_ORDER,S85_SL5_TP10,20450,linhas do cenário não estão em ordem crescente de entry_time.
WARNING,SCENARIO_ORDER,S85_SL5_TP10,20455,linhas do cenário não estão em ordem crescente de entry_time.
WARNING,SCENARIO_ORDER,S85_SL5_TP10,20462,linhas do cenário não estão em ordem crescente de entry_time.
WARNING,SCENARIO_ORDER,S85_SL5_TP10,20464,linhas do cenário não estão em ordem crescente de entry_time.
WARNING,SCENARIO_ORDER,S85_SL5_TP10,20466,linhas do cenário não estão em ordem crescente de entry_time.
WARNING,SCENARIO_ORDER,S85_SL5_TP10,20472,linhas do cenário não estão em ordem crescente de entry_time.
WARNING,SCENARIO_ORDER,S85_SL5_TP10,20473,linhas do cenário não estão em ordem crescente de entry_time.
WARNING,SCENARIO_ORDER,S85_SL5_TP10,20481,linhas do cenário não estão em ordem crescente de entry_time.
WARNING,SCENARIO_ORDER,S85_SL5_TP10,20488,linhas do cenário não estão em ordem crescente de entry_time.
WARNING,SCENARIO_ORDER,S85_SL5_TP10,20494,linhas do cenário não estão em ordem crescente de entry_time.
WARNING,SCENARIO_ORDER,S85_SL5_TP10,20498,linhas do cenário não estão em ordem crescente de entry_time.
WARNING,SCENARIO_ORDER,S85_SL5_TP10,20505,linhas do cenário não estão em ordem crescente de entry_time.
WARNING,SCENARIO_ORDER,S85_SL5_TP10,20506,linhas do cenário não estão em ordem crescente de entry_time.
WARNING,SCENARIO_ORDER,S85_SL5_TP10,20509,linhas do cenário não estão em ordem crescente de entry_time.
WARNING,SCENARIO_ORDER,S85_SL5_TP10,20518,linhas do cenário não estão em ordem crescente de entry_time.
WARNING,SCENARIO_ORDER,S85_SL5_TP10,20520,linhas do cenário não estão em ordem crescente de entry_time.
WARNING,SCENARIO_ORDER,S85_SL5_TP10,20527,linhas do cenário não estão em ordem crescente de entry_time.
WARNING,SCENARIO_ORDER,S85_SL5_TP10,20529,linhas do cenário não estão em ordem crescente de entry_time.
WARNING,SCENARIO_ORDER,S85_SL5_TP10,20541,linhas do cenário não estão em ordem crescente de entry_time.
WARNING,SCENARIO_ORDER,S85_SL5_TP10,20549,linhas do cenário não estão em ordem crescente de entry_time.
WARNING,SCENARIO_ORDER,S85_SL5_TP10,20554,linhas do cenário não estão em ordem crescente de entry_time.
WARNING,SCENARIO_ORDER,S85_SL5_TP10,20563,linhas do cenário não estão em ordem crescente de entry_time.
WARNING,SCENARIO_ORDER,S85_SL5_TP10,20566,linhas do cenário não estão em ordem crescente de entry_time.
WARNING,SCENARIO_ORDER,S85_SL5_TP10,20572,linhas do cenário não estão em ordem crescente de entry_time.
WARNING,SCENARIO_ORDER,S85_SL5_TP10,20575,linhas do cenário não estão em ordem crescente de entry_time.
WARNING,SCENARIO_ORDER,S85_SL5_TP10,20578,linhas do cenário não estão em ordem crescente de entry_time.
WARNING,SCENARIO_ORDER,S85_SL5_TP10,20580,linhas do cenário não estão em ordem crescente de entry_time.
WARNING,SCENARIO_ORDER,S85_SL5_TP10,20585,linhas do cenário não estão em ordem crescente de entry_time.
WARNING,SCENARIO_ORDER,S85_SL5_TP10,20588,linhas do cenário não estão em ordem crescente de entry_time.
WARNING,SCENARIO_ORDER,S85_SL5_TP10,20589,linhas do cenário não estão em ordem crescente de entry_time.
WARNING,SCENARIO_ORDER,S85_SL5_TP10,20592,linhas do cenário não estão em ordem crescente de entry_time.
WARNING,SCENARIO_ORDER,S85_SL5_TP10,20595,linhas do cenário não estão em ordem crescente de entry_time.
WARNING,SCENARIO_ORDER,S85_SL5_TP10,20597,linhas do cenário não estão em ordem crescente de entry_time.
WARNING,SCENARIO_ORDER,S85_SL5_TP10,20599,linhas do cenário não estão em ordem crescente de entry_time.
WARNING,SCENARIO_ORDER,S85_SL5_TP10,20601,linhas do cenário não estão em ordem crescente de entry_time.
WARNING,SCENARIO_ORDER,S85_SL5_TP10,20609,linhas do cenário não estão em ordem crescente de entry_time.
WARNING,SCENARIO_ORDER,S85_SL5_TP10,20610,linhas do cenário não estão em ordem crescente de entry_time.
WARNING,SCENARIO_ORDER,S85_SL5_TP10,20611,linhas do cenário não estão em ordem crescente de entry_time.
WARNING,SCENARIO_ORDER,S85_SL5_TP10,20613,linhas do cenário não estão em ordem crescente de entry_time.
WARNING,SCENARIO_ORDER,S85_SL5_TP10,20615,linhas do cenário não estão em ordem crescente de entry_time.
WARNING,SCENARIO_ORDER,S85_SL5_TP10,20618,linhas do cenário não estão em ordem crescente de entry_time.
WARNING,SCENARIO_ORDER,S85_SL5_TP10,20629,linhas do cenário não estão em ordem crescente de entry_time.
WARNING,SCENARIO_ORDER,S85_SL5_TP10,20633,linhas do cenário não estão em ordem crescente de entry_time.
WARNING,SCENARIO_ORDER,S85_SL5_TP12,20637,linhas do cenário não estão em ordem crescente de entry_time.
WARNING,SCENARIO_ORDER,S85_SL5_TP12,20642,linhas do cenário não estão em ordem crescente de entry_time.
WARNING,SCENARIO_ORDER,S85_SL5_TP12,20647,linhas do cenário não estão em ordem crescente de entry_time.
WARNING,SCENARIO_ORDER,S85_SL5_TP12,20648,linhas do cenário não estão em ordem crescente de entry_time.
WARNING,SCENARIO_ORDER,S85_SL5_TP12,20658,linhas do cenário não estão em ordem crescente de entry_time.
WARNING,SCENARIO_ORDER,S85_SL5_TP12,20665,linhas do cenário não estão em ordem crescente de entry_time.
WARNING,SCENARIO_ORDER,S85_SL5_TP12,20666,linhas do cenário não estão em ordem crescente de entry_time.
WARNING,SCENARIO_ORDER,S85_SL5_TP12,20671,linhas do cenário não estão em ordem crescente de entry_time.
WARNING,SCENARIO_ORDER,S85_SL5_TP12,20675,linhas do cenário não estão em ordem crescente de entry_time.
WARNING,SCENARIO_ORDER,S85_SL5_TP12,20676,linhas do cenário não estão em ordem crescente de entry_time.
WARNING,SCENARIO_ORDER,S85_SL5_TP12,20680,linhas do cenário não estão em ordem crescente de entry_time.
WARNING,SCENARIO_ORDER,S85_SL5_TP12,20685,linhas do cenário não estão em ordem crescente de entry_time.
WARNING,SCENARIO_ORDER,S85_SL5_TP12,20688,linhas do cenário não estão em ordem crescente de entry_time.
WARNING,SCENARIO_ORDER,S85_SL5_TP12,20692,linhas do cenário não estão em ordem crescente de entry_time.
WARNING,SCENARIO_ORDER,S85_SL5_TP12,20694,linhas do cenário não estão em ordem crescente de entry_time.
WARNING,SCENARIO_ORDER,S85_SL5_TP12,20699,linhas do cenário não estão em ordem crescente de entry_time.
WARNING,SCENARIO_ORDER,S85_SL5_TP12,20703,linhas do cenário não estão em ordem crescente de entry_time.
WARNING,SCENARIO_ORDER,S85_SL5_TP12,20706,linhas do cenário não estão em ordem crescente de entry_time.
WARNING,SCENARIO_ORDER,S85_SL5_TP12,20707,linhas do cenário não estão em ordem crescente de entry_time.
WARNING,SCENARIO_ORDER,S85_SL5_TP12,20710,linhas do cenário não estão em ordem crescente de entry_time.
WARNING,SCENARIO_ORDER,S85_SL5_TP12,20713,linhas do cenário não estão em ordem crescente de entry_time.
WARNING,SCENARIO_ORDER,S85_SL5_TP12,20723,linhas do cenário não estão em ordem crescente de entry_time.
WARNING,SCENARIO_ORDER,S85_SL5_TP12,20727,linhas do cenário não estão em ordem crescente de entry_time.
WARNING,SCENARIO_ORDER,S85_SL5_TP12,20730,linhas do cenário não estão em ordem crescente de entry_time.
WARNING,SCENARIO_ORDER,S85_SL5_TP12,20733,linhas do cenário não estão em ordem crescente de entry_time.
WARNING,SCENARIO_ORDER,S85_SL5_TP12,20737,linhas do cenário não estão em ordem crescente de entry_time.
WARNING,SCENARIO_ORDER,S85_SL5_TP12,20739,linhas do cenário não estão em ordem crescente de entry_time.
WARNING,SCENARIO_ORDER,S85_SL5_TP12,20747,linhas do cenário não estão em ordem crescente de entry_time.
WARNING,SCENARIO_ORDER,S85_SL5_TP12,20749,linhas do cenário não estão em ordem crescente de entry_time.
WARNING,SCENARIO_ORDER,S85_SL5_TP12,20752,linhas do cenário não estão em ordem crescente de entry_time.
WARNING,SCENARIO_ORDER,S85_SL5_TP12,20756,linhas do cenário não estão em ordem crescente de entry_time.
WARNING,SCENARIO_ORDER,S85_SL5_TP12,20762,linhas do cenário não estão em ordem crescente de entry_time.
WARNING,SCENARIO_ORDER,S85_SL5_TP12,20768,linhas do cenário não estão em ordem crescente de entry_time.
WARNING,SCENARIO_ORDER,S85_SL5_TP12,20770,linhas do cenário não estão em ordem crescente de entry_time.
WARNING,SCENARIO_ORDER,S85_SL5_TP12,20775,linhas do cenário não estão em ordem crescente de entry_time.
WARNING,SCENARIO_ORDER,S85_SL5_TP12,20785,linhas do cenário não estão em ordem crescente de entry_time.
WARNING,SCENARIO_ORDER,S85_SL5_TP12,20790,linhas do cenário não estão em ordem crescente de entry_time.
WARNING,SCENARIO_ORDER,S85_SL5_TP12,20793,linhas do cenário não estão em ordem crescente de entry_time.
WARNING,SCENARIO_ORDER,S85_SL5_TP12,20798,linhas do cenário não estão em ordem crescente de entry_time.
WARNING,SCENARIO_ORDER,S85_SL5_TP12,20800,linhas do cenário não estão em ordem crescente de entry_time.
WARNING,SCENARIO_ORDER,S85_SL5_TP12,20804,linhas do cenário não estão em ordem crescente de entry_time.
WARNING,SCENARIO_ORDER,S85_SL5_TP12,20814,linhas do cenário não estão em ordem crescente de entry_time.
WARNING,SCENARIO_ORDER,S85_SL5_TP12,20816,linhas do cenário não estão em ordem crescente de entry_time.
WARNING,SCENARIO_ORDER,S85_SL5_TP12,20825,linhas do cenário não estão em ordem crescente de entry_time.
WARNING,SCENARIO_ORDER,S85_SL5_TP12,20829,linhas do cenário não estão em ordem crescente de entry_time.
WARNING,SCENARIO_ORDER,S85_SL5_TP12,20831,linhas do cenário não estão em ordem crescente de entry_time.
WARNING,SCENARIO_ORDER,S85_SL5_TP12,20840,linhas do cenário não estão em ordem crescente de entry_time.
WARNING,SCENARIO_ORDER,S85_SL5_TP12,20849,linhas do cenário não estão em ordem crescente de entry_time.
WARNING,SCENARIO_ORDER,S85_SL5_TP12,20852,linhas do cenário não estão em ordem crescente de entry_time.
WARNING,SCENARIO_ORDER,S85_SL5_TP12,20855,linhas do cenário não estão em ordem crescente de entry_time.
WARNING,SCENARIO_ORDER,S85_SL5_TP12,20858,linhas do cenário não estão em ordem crescente de entry_time.
WARNING,SCENARIO_ORDER,S85_SL5_TP12,20861,linhas do cenário não estão em ordem crescente de entry_time.
WARNING,SCENARIO_ORDER,S85_SL5_TP12,20863,linhas do cenário não estão em ordem crescente de entry_time.
WARNING,SCENARIO_ORDER,S85_SL5_TP12,20870,linhas do cenário não estão em ordem crescente de entry_time.
WARNING,SCENARIO_ORDER,S85_SL5_TP12,20873,linhas do cenário não estão em ordem crescente de entry_time.
WARNING,SCENARIO_ORDER,S85_SL5_TP12,20874,linhas do cenário não estão em ordem crescente de entry_time.
WARNING,SCENARIO_ORDER,S85_SL5_TP12,20876,linhas do cenário não estão em ordem crescente de entry_time.
WARNING,SCENARIO_ORDER,S85_SL5_TP12,20882,linhas do cenário não estão em ordem crescente de entry_time.
WARNING,SCENARIO_ORDER,S85_SL5_TP12,20883,linhas do cenário não estão em ordem crescente de entry_time.
WARNING,SCENARIO_ORDER,S85_SL5_TP12,20884,linhas do cenário não estão em ordem crescente de entry_time.
WARNING,SCENARIO_ORDER,S85_SL5_TP12,20885,linhas do cenário não estão em ordem crescente de entry_time.
WARNING,SCENARIO_ORDER,S85_SL5_TP12,20887,linhas do cenário não estão em ordem crescente de entry_time.
WARNING,SCENARIO_ORDER,S85_SL5_TP12,20889,linhas do cenário não estão em ordem crescente de entry_time.
WARNING,SCENARIO_ORDER,S85_SL5_TP12,20892,linhas do cenário não estão em ordem crescente de entry_time.
WARNING,SCENARIO_ORDER,S85_SL5_TP12,20898,linhas do cenário não estão em ordem crescente de entry_time.
WARNING,SCENARIO_ORDER,S85_SL5_TP12,20900,linhas do cenário não estão em ordem crescente de entry_time.
WARNING,SCENARIO_ORDER,S85_SL5_TP15,20907,linhas do cenário não estão em ordem crescente de entry_time.
WARNING,SCENARIO_ORDER,S85_SL5_TP15,20912,linhas do cenário não estão em ordem crescente de entry_time.
WARNING,SCENARIO_ORDER,S85_SL5_TP15,20917,linhas do cenário não estão em ordem crescente de entry_time.
WARNING,SCENARIO_ORDER,S85_SL5_TP15,20918,linhas do cenário não estão em ordem crescente de entry_time.
WARNING,SCENARIO_ORDER,S85_SL5_TP15,20928,linhas do cenário não estão em ordem crescente de entry_time.
WARNING,SCENARIO_ORDER,S85_SL5_TP15,20935,linhas do cenário não estão em ordem crescente de entry_time.
WARNING,SCENARIO_ORDER,S85_SL5_TP15,20936,linhas do cenário não estão em ordem crescente de entry_time.
WARNING,SCENARIO_ORDER,S85_SL5_TP15,20943,linhas do cenário não estão em ordem crescente de entry_time.
WARNING,SCENARIO_ORDER,S85_SL5_TP15,20945,linhas do cenário não estão em ordem crescente de entry_time.
WARNING,SCENARIO_ORDER,S85_SL5_TP15,20946,linhas do cenário não estão em ordem crescente de entry_time.
WARNING,SCENARIO_ORDER,S85_SL5_TP15,20950,linhas do cenário não estão em ordem crescente de entry_time.
WARNING,SCENARIO_ORDER,S85_SL5_TP15,20955,linhas do cenário não estão em ordem crescente de entry_time.
WARNING,SCENARIO_ORDER,S85_SL5_TP15,20960,linhas do cenário não estão em ordem crescente de entry_time.
WARNING,SCENARIO_ORDER,S85_SL5_TP15,20962,linhas do cenário não estão em ordem crescente de entry_time.
WARNING,SCENARIO_ORDER,S85_SL5_TP15,20964,linhas do cenário não estão em ordem crescente de entry_time.
WARNING,SCENARIO_ORDER,S85_SL5_TP15,20969,linhas do cenário não estão em ordem crescente de entry_time.
WARNING,SCENARIO_ORDER,S85_SL5_TP15,20973,linhas do cenário não estão em ordem crescente de entry_time.
WARNING,SCENARIO_ORDER,S85_SL5_TP15,20976,linhas do cenário não estão em ordem crescente de entry_time.
WARNING,SCENARIO_ORDER,S85_SL5_TP15,20980,linhas do cenário não estão em ordem crescente de entry_time.
WARNING,SCENARIO_ORDER,S85_SL5_TP15,20983,linhas do cenário não estão em ordem crescente de entry_time.
WARNING,SCENARIO_ORDER,S85_SL5_TP15,20998,linhas do cenário não estão em ordem crescente de entry_time.
WARNING,SCENARIO_ORDER,S85_SL5_TP15,21003,linhas do cenário não estão em ordem crescente de entry_time.
WARNING,SCENARIO_ORDER,S85_SL5_TP15,21005,linhas do cenário não estão em ordem crescente de entry_time.
WARNING,SCENARIO_ORDER,S85_SL5_TP15,21008,linhas do cenário não estão em ordem crescente de entry_time.
WARNING,SCENARIO_ORDER,S85_SL5_TP15,21019,linhas do cenário não estão em ordem crescente de entry_time.
WARNING,SCENARIO_ORDER,S85_SL5_TP15,21024,linhas do cenário não estão em ordem crescente de entry_time.
WARNING,SCENARIO_ORDER,S85_SL5_TP15,21029,linhas do cenário não estão em ordem crescente de entry_time.
WARNING,SCENARIO_ORDER,S85_SL5_TP15,21041,linhas do cenário não estão em ordem crescente de entry_time.
WARNING,SCENARIO_ORDER,S85_SL5_TP15,21045,linhas do cenário não estão em ordem crescente de entry_time.
WARNING,SCENARIO_ORDER,S85_SL5_TP15,21049,linhas do cenário não estão em ordem crescente de entry_time.
WARNING,SCENARIO_ORDER,S85_SL5_TP15,21060,linhas do cenário não estão em ordem crescente de entry_time.
WARNING,SCENARIO_ORDER,S85_SL5_TP15,21063,linhas do cenário não estão em ordem crescente de entry_time.
WARNING,SCENARIO_ORDER,S85_SL5_TP15,21070,linhas do cenário não estão em ordem crescente de entry_time.
WARNING,SCENARIO_ORDER,S85_SL5_TP15,21081,linhas do cenário não estão em ordem crescente de entry_time.
WARNING,SCENARIO_ORDER,S85_SL5_TP15,21093,linhas do cenário não estão em ordem crescente de entry_time.
WARNING,SCENARIO_ORDER,S85_SL5_TP15,21098,linhas do cenário não estão em ordem crescente de entry_time.
WARNING,SCENARIO_ORDER,S85_SL5_TP15,21105,linhas do cenário não estão em ordem crescente de entry_time.
WARNING,SCENARIO_ORDER,S85_SL5_TP15,21113,linhas do cenário não estão em ordem crescente de entry_time.
WARNING,SCENARIO_ORDER,S85_SL5_TP15,21116,linhas do cenário não estão em ordem crescente de entry_time.
WARNING,SCENARIO_ORDER,S85_SL5_TP15,21118,linhas do cenário não estão em ordem crescente de entry_time.
WARNING,SCENARIO_ORDER,S85_SL5_TP15,21124,linhas do cenário não estão em ordem crescente de entry_time.
WARNING,SCENARIO_ORDER,S85_SL5_TP15,21127,linhas do cenário não estão em ordem crescente de entry_time.
WARNING,SCENARIO_ORDER,S85_SL5_TP15,21139,linhas do cenário não estão em ordem crescente de entry_time.
WARNING,SCENARIO_ORDER,S85_SL5_TP15,21140,linhas do cenário não estão em ordem crescente de entry_time.
WARNING,SCENARIO_ORDER,S85_SL5_TP15,21147,linhas do cenário não estão em ordem crescente de entry_time.
WARNING,SCENARIO_ORDER,S85_SL5_TP15,21161,linhas do cenário não estão em ordem crescente de entry_time.
WARNING,SCENARIO_ORDER,S85_SL6_TP8,21169,linhas do cenário não estão em ordem crescente de entry_time.
WARNING,SCENARIO_ORDER,S85_SL6_TP8,21175,linhas do cenário não estão em ordem crescente de entry_time.
WARNING,SCENARIO_ORDER,S85_SL6_TP8,21179,linhas do cenário não estão em ordem crescente de entry_time.
WARNING,SCENARIO_ORDER,S85_SL6_TP8,21191,linhas do cenário não estão em ordem crescente de entry_time.
WARNING,SCENARIO_ORDER,S85_SL6_TP8,21196,linhas do cenário não estão em ordem crescente de entry_time.
WARNING,SCENARIO_ORDER,S85_SL6_TP8,21199,linhas do cenário não estão em ordem crescente de entry_time.
WARNING,SCENARIO_ORDER,S85_SL6_TP8,21204,linhas do cenário não estão em ordem crescente de entry_time.
WARNING,SCENARIO_ORDER,S85_SL6_TP8,21207,linhas do cenário não estão em ordem crescente de entry_time.
WARNING,SCENARIO_ORDER,S85_SL6_TP8,21217,linhas do cenário não estão em ordem crescente de entry_time.
WARNING,SCENARIO_ORDER,S85_SL6_TP8,21223,linhas do cenário não estão em ordem crescente de entry_time.
WARNING,SCENARIO_ORDER,S85_SL6_TP8,21228,linhas do cenário não estão em ordem crescente de entry_time.
WARNING,SCENARIO_ORDER,S85_SL6_TP8,21229,linhas do cenário não estão em ordem crescente de entry_time.
WARNING,SCENARIO_ORDER,S85_SL6_TP8,21233,linhas do cenário não estão em ordem crescente de entry_time.
WARNING,SCENARIO_ORDER,S85_SL6_TP8,21237,linhas do cenário não estão em ordem crescente de entry_time.
WARNING,SCENARIO_ORDER,S85_SL6_TP8,21238,linhas do cenário não estão em ordem crescente de entry_time.
WARNING,SCENARIO_ORDER,S85_SL6_TP8,21240,linhas do cenário não estão em ordem crescente de entry_time.
WARNING,SCENARIO_ORDER,S85_SL6_TP8,21244,linhas do cenário não estão em ordem crescente de entry_time.
WARNING,SCENARIO_ORDER,S85_SL6_TP8,21253,linhas do cenário não estão em ordem crescente de entry_time.
WARNING,SCENARIO_ORDER,S85_SL6_TP8,21255,linhas do cenário não estão em ordem crescente de entry_time.
WARNING,SCENARIO_ORDER,S85_SL6_TP8,21262,linhas do cenário não estão em ordem crescente de entry_time.
WARNING,SCENARIO_ORDER,S85_SL6_TP8,21267,linhas do cenário não estão em ordem crescente de entry_time.
WARNING,SCENARIO_ORDER,S85_SL6_TP8,21269,linhas do cenário não estão em ordem crescente de entry_time.
WARNING,SCENARIO_ORDER,S85_SL6_TP8,21275,linhas do cenário não estão em ordem crescente de entry_time.
WARNING,SCENARIO_ORDER,S85_SL6_TP8,21279,linhas do cenário não estão em ordem crescente de entry_time.
WARNING,SCENARIO_ORDER,S85_SL6_TP8,21281,linhas do cenário não estão em ordem crescente de entry_time.
WARNING,SCENARIO_ORDER,S85_SL6_TP8,21282,linhas do cenário não estão em ordem crescente de entry_time.
WARNING,SCENARIO_ORDER,S85_SL6_TP8,21284,linhas do cenário não estão em ordem crescente de entry_time.
WARNING,SCENARIO_ORDER,S85_SL6_TP8,21286,linhas do cenário não estão em ordem crescente de entry_time.
WARNING,SCENARIO_ORDER,S85_SL6_TP8,21294,linhas do cenário não estão em ordem crescente de entry_time.
WARNING,SCENARIO_ORDER,S85_SL6_TP8,21298,linhas do cenário não estão em ordem crescente de entry_time.
WARNING,SCENARIO_ORDER,S85_SL6_TP8,21303,linhas do cenário não estão em ordem crescente de entry_time.
WARNING,SCENARIO_ORDER,S85_SL6_TP8,21304,linhas do cenário não estão em ordem crescente de entry_time.
WARNING,SCENARIO_ORDER,S85_SL6_TP8,21307,linhas do cenário não estão em ordem crescente de entry_time.
WARNING,SCENARIO_ORDER,S85_SL6_TP8,21311,linhas do cenário não estão em ordem crescente de entry_time.
WARNING,SCENARIO_ORDER,S85_SL6_TP8,21324,linhas do cenário não estão em ordem crescente de entry_time.
WARNING,SCENARIO_ORDER,S85_SL6_TP8,21327,linhas do cenário não estão em ordem crescente de entry_time.
WARNING,SCENARIO_ORDER,S85_SL6_TP8,21331,linhas do cenário não estão em ordem crescente de entry_time.
WARNING,SCENARIO_ORDER,S85_SL6_TP8,21333,linhas do cenário não estão em ordem crescente de entry_time.
WARNING,SCENARIO_ORDER,S85_SL6_TP8,21346,linhas do cenário não estão em ordem crescente de entry_time.
WARNING,SCENARIO_ORDER,S85_SL6_TP8,21354,linhas do cenário não estão em ordem crescente de entry_time.
WARNING,SCENARIO_ORDER,S85_SL6_TP8,21359,linhas do cenário não estão em ordem crescente de entry_time.
WARNING,SCENARIO_ORDER,S85_SL6_TP8,21366,linhas do cenário não estão em ordem crescente de entry_time.
WARNING,SCENARIO_ORDER,S85_SL6_TP8,21371,linhas do cenário não estão em ordem crescente de entry_time.
WARNING,SCENARIO_ORDER,S85_SL6_TP8,21373,linhas do cenário não estão em ordem crescente de entry_time.
WARNING,SCENARIO_ORDER,S85_SL6_TP8,21376,linhas do cenário não estão em ordem crescente de entry_time.
WARNING,SCENARIO_ORDER,S85_SL6_TP8,21378,linhas do cenário não estão em ordem crescente de entry_time.
WARNING,SCENARIO_ORDER,S85_SL6_TP8,21381,linhas do cenário não estão em ordem crescente de entry_time.
WARNING,SCENARIO_ORDER,S85_SL6_TP8,21385,linhas do cenário não estão em ordem crescente de entry_time.
WARNING,SCENARIO_ORDER,S85_SL6_TP8,21391,linhas do cenário não estão em ordem crescente de entry_time.
WARNING,SCENARIO_ORDER,S85_SL6_TP8,21394,linhas do cenário não estão em ordem crescente de entry_time.
WARNING,SCENARIO_ORDER,S85_SL6_TP8,21395,linhas do cenário não estão em ordem crescente de entry_time.
WARNING,SCENARIO_ORDER,S85_SL6_TP8,21400,linhas do cenário não estão em ordem crescente de entry_time.
WARNING,SCENARIO_ORDER,S85_SL6_TP8,21404,linhas do cenário não estão em ordem crescente de entry_time.
WARNING,SCENARIO_ORDER,S85_SL6_TP8,21407,linhas do cenário não estão em ordem crescente de entry_time.
WARNING,SCENARIO_ORDER,S85_SL6_TP8,21416,linhas do cenário não estão em ordem crescente de entry_time.
WARNING,SCENARIO_ORDER,S85_SL6_TP8,21419,linhas do cenário não estão em ordem crescente de entry_time.
WARNING,SCENARIO_ORDER,S85_SL6_TP8,21421,linhas do cenário não estão em ordem crescente de entry_time.
WARNING,SCENARIO_ORDER,S85_SL6_TP8,21425,linhas do cenário não estão em ordem crescente de entry_time.
WARNING,SCENARIO_ORDER,S85_SL6_TP8,21433,linhas do cenário não estão em ordem crescente de entry_time.
WARNING,SCENARIO_ORDER,S85_SL6_TP8,21436,linhas do cenário não estão em ordem crescente de entry_time.
WARNING,SCENARIO_ORDER,S85_SL6_TP8,21438,linhas do cenário não estão em ordem crescente de entry_time.
WARNING,SCENARIO_ORDER,S85_SL6_TP8,21439,linhas do cenário não estão em ordem crescente de entry_time.
WARNING,SCENARIO_ORDER,S85_SL6_TP10,21443,linhas do cenário não estão em ordem crescente de entry_time.
WARNING,SCENARIO_ORDER,S85_SL6_TP10,21449,linhas do cenário não estão em ordem crescente de entry_time.
WARNING,SCENARIO_ORDER,S85_SL6_TP10,21453,linhas do cenário não estão em ordem crescente de entry_time.
WARNING,SCENARIO_ORDER,S85_SL6_TP10,21465,linhas do cenário não estão em ordem crescente de entry_time.
WARNING,SCENARIO_ORDER,S85_SL6_TP10,21470,linhas do cenário não estão em ordem crescente de entry_time.
WARNING,SCENARIO_ORDER,S85_SL6_TP10,21473,linhas do cenário não estão em ordem crescente de entry_time.
WARNING,SCENARIO_ORDER,S85_SL6_TP10,21481,linhas do cenário não estão em ordem crescente de entry_time.
WARNING,SCENARIO_ORDER,S85_SL6_TP10,21491,linhas do cenário não estão em ordem crescente de entry_time.
WARNING,SCENARIO_ORDER,S85_SL6_TP10,21497,linhas do cenário não estão em ordem crescente de entry_time.
WARNING,SCENARIO_ORDER,S85_SL6_TP10,21502,linhas do cenário não estão em ordem crescente de entry_time.
WARNING,SCENARIO_ORDER,S85_SL6_TP10,21503,linhas do cenário não estão em ordem crescente de entry_time.
WARNING,SCENARIO_ORDER,S85_SL6_TP10,21507,linhas do cenário não estão em ordem crescente de entry_time.
WARNING,SCENARIO_ORDER,S85_SL6_TP10,21511,linhas do cenário não estão em ordem crescente de entry_time.
WARNING,SCENARIO_ORDER,S85_SL6_TP10,21512,linhas do cenário não estão em ordem crescente de entry_time.
WARNING,SCENARIO_ORDER,S85_SL6_TP10,21514,linhas do cenário não estão em ordem crescente de entry_time.
WARNING,SCENARIO_ORDER,S85_SL6_TP10,21518,linhas do cenário não estão em ordem crescente de entry_time.
WARNING,SCENARIO_ORDER,S85_SL6_TP10,21528,linhas do cenário não estão em ordem crescente de entry_time.
WARNING,SCENARIO_ORDER,S85_SL6_TP10,21529,linhas do cenário não estão em ordem crescente de entry_time.
WARNING,SCENARIO_ORDER,S85_SL6_TP10,21532,linhas do cenário não estão em ordem crescente de entry_time.
WARNING,SCENARIO_ORDER,S85_SL6_TP10,21540,linhas do cenário não estão em ordem crescente de entry_time.
WARNING,SCENARIO_ORDER,S85_SL6_TP10,21542,linhas do cenário não estão em ordem crescente de entry_time.
WARNING,SCENARIO_ORDER,S85_SL6_TP10,21544,linhas do cenário não estão em ordem crescente de entry_time.
WARNING,SCENARIO_ORDER,S85_SL6_TP10,21546,linhas do cenário não estão em ordem crescente de entry_time.
WARNING,SCENARIO_ORDER,S85_SL6_TP10,21550,linhas do cenário não estão em ordem crescente de entry_time.
WARNING,SCENARIO_ORDER,S85_SL6_TP10,21554,linhas do cenário não estão em ordem crescente de entry_time.
WARNING,SCENARIO_ORDER,S85_SL6_TP10,21560,linhas do cenário não estão em ordem crescente de entry_time.
WARNING,SCENARIO_ORDER,S85_SL6_TP10,21567,linhas do cenário não estão em ordem crescente de entry_time.
WARNING,SCENARIO_ORDER,S85_SL6_TP10,21572,linhas do cenário não estão em ordem crescente de entry_time.
WARNING,SCENARIO_ORDER,S85_SL6_TP10,21576,linhas do cenário não estão em ordem crescente de entry_time.
WARNING,SCENARIO_ORDER,S85_SL6_TP10,21579,linhas do cenário não estão em ordem crescente de entry_time.
WARNING,SCENARIO_ORDER,S85_SL6_TP10,21583,linhas do cenário não estão em ordem crescente de entry_time.
WARNING,SCENARIO_ORDER,S85_SL6_TP10,21586,linhas do cenário não estão em ordem crescente de entry_time.
WARNING,SCENARIO_ORDER,S85_SL6_TP10,21588,linhas do cenário não estão em ordem crescente de entry_time.
WARNING,SCENARIO_ORDER,S85_SL6_TP10,21596,linhas do cenário não estão em ordem crescente de entry_time.
WARNING,SCENARIO_ORDER,S85_SL6_TP10,21598,linhas do cenário não estão em ordem crescente de entry_time.
WARNING,SCENARIO_ORDER,S85_SL6_TP10,21602,linhas do cenário não estão em ordem crescente de entry_time.
WARNING,SCENARIO_ORDER,S85_SL6_TP10,21605,linhas do cenário não estão em ordem crescente de entry_time.
WARNING,SCENARIO_ORDER,S85_SL6_TP10,21617,linhas do cenário não estão em ordem crescente de entry_time.
WARNING,SCENARIO_ORDER,S85_SL6_TP10,21625,linhas do cenário não estão em ordem crescente de entry_time.
WARNING,SCENARIO_ORDER,S85_SL6_TP10,21631,linhas do cenário não estão em ordem crescente de entry_time.
WARNING,SCENARIO_ORDER,S85_SL6_TP10,21636,linhas do cenário não estão em ordem crescente de entry_time.
WARNING,SCENARIO_ORDER,S85_SL6_TP10,21637,linhas do cenário não estão em ordem crescente de entry_time.
WARNING,SCENARIO_ORDER,S85_SL6_TP10,21643,linhas do cenário não estão em ordem crescente de entry_time.
WARNING,SCENARIO_ORDER,S85_SL6_TP10,21651,linhas do cenário não estão em ordem crescente de entry_time.
WARNING,SCENARIO_ORDER,S85_SL6_TP10,21655,linhas do cenário não estão em ordem crescente de entry_time.
WARNING,SCENARIO_ORDER,S85_SL6_TP10,21656,linhas do cenário não estão em ordem crescente de entry_time.
WARNING,SCENARIO_ORDER,S85_SL6_TP10,21658,linhas do cenário não estão em ordem crescente de entry_time.
WARNING,SCENARIO_ORDER,S85_SL6_TP10,21662,linhas do cenário não estão em ordem crescente de entry_time.
WARNING,SCENARIO_ORDER,S85_SL6_TP10,21665,linhas do cenário não estão em ordem crescente de entry_time.
WARNING,SCENARIO_ORDER,S85_SL6_TP10,21666,linhas do cenário não estão em ordem crescente de entry_time.
WARNING,SCENARIO_ORDER,S85_SL6_TP10,21671,linhas do cenário não estão em ordem crescente de entry_time.
WARNING,SCENARIO_ORDER,S85_SL6_TP10,21673,linhas do cenário não estão em ordem crescente de entry_time.
WARNING,SCENARIO_ORDER,S85_SL6_TP10,21675,linhas do cenário não estão em ordem crescente de entry_time.
WARNING,SCENARIO_ORDER,S85_SL6_TP10,21678,linhas do cenário não estão em ordem crescente de entry_time.
WARNING,SCENARIO_ORDER,S85_SL6_TP10,21686,linhas do cenário não estão em ordem crescente de entry_time.
WARNING,SCENARIO_ORDER,S85_SL6_TP10,21687,linhas do cenário não estão em ordem crescente de entry_time.
WARNING,SCENARIO_ORDER,S85_SL6_TP10,21688,linhas do cenário não estão em ordem crescente de entry_time.
WARNING,SCENARIO_ORDER,S85_SL6_TP10,21691,linhas do cenário não estão em ordem crescente de entry_time.
WARNING,SCENARIO_ORDER,S85_SL6_TP10,21695,linhas do cenário não estão em ordem crescente de entry_time.
WARNING,SCENARIO_ORDER,S85_SL6_TP10,21706,linhas do cenário não estão em ordem crescente de entry_time.
WARNING,SCENARIO_ORDER,S85_SL6_TP10,21709,linhas do cenário não estão em ordem crescente de entry_time.
WARNING,SCENARIO_ORDER,S85_SL6_TP12,21713,linhas do cenário não estão em ordem crescente de entry_time.
WARNING,SCENARIO_ORDER,S85_SL6_TP12,21719,linhas do cenário não estão em ordem crescente de entry_time.
WARNING,SCENARIO_ORDER,S85_SL6_TP12,21723,linhas do cenário não estão em ordem crescente de entry_time.
WARNING,SCENARIO_ORDER,S85_SL6_TP12,21735,linhas do cenário não estão em ordem crescente de entry_time.
WARNING,SCENARIO_ORDER,S85_SL6_TP12,21740,linhas do cenário não estão em ordem crescente de entry_time.
WARNING,SCENARIO_ORDER,S85_SL6_TP12,21742,linhas do cenário não estão em ordem crescente de entry_time.
WARNING,SCENARIO_ORDER,S85_SL6_TP12,21747,linhas do cenário não estão em ordem crescente de entry_time.
WARNING,SCENARIO_ORDER,S85_SL6_TP12,21751,linhas do cenário não estão em ordem crescente de entry_time.
WARNING,SCENARIO_ORDER,S85_SL6_TP12,21761,linhas do cenário não estão em ordem crescente de entry_time.
WARNING,SCENARIO_ORDER,S85_SL6_TP12,21766,linhas do cenário não estão em ordem crescente de entry_time.
WARNING,SCENARIO_ORDER,S85_SL6_TP12,21773,linhas do cenário não estão em ordem crescente de entry_time.
WARNING,SCENARIO_ORDER,S85_SL6_TP12,21777,linhas do cenário não estão em ordem crescente de entry_time.
WARNING,SCENARIO_ORDER,S85_SL6_TP12,21780,linhas do cenário não estão em ordem crescente de entry_time.
WARNING,SCENARIO_ORDER,S85_SL6_TP12,21781,linhas do cenário não estão em ordem crescente de entry_time.
WARNING,SCENARIO_ORDER,S85_SL6_TP12,21783,linhas do cenário não estão em ordem crescente de entry_time.
WARNING,SCENARIO_ORDER,S85_SL6_TP12,21788,linhas do cenário não estão em ordem crescente de entry_time.
WARNING,SCENARIO_ORDER,S85_SL6_TP12,21797,linhas do cenário não estão em ordem crescente de entry_time.
WARNING,SCENARIO_ORDER,S85_SL6_TP12,21801,linhas do cenário não estão em ordem crescente de entry_time.
WARNING,SCENARIO_ORDER,S85_SL6_TP12,21810,linhas do cenário não estão em ordem crescente de entry_time.
WARNING,SCENARIO_ORDER,S85_SL6_TP12,21813,linhas do cenário não estão em ordem crescente de entry_time.
WARNING,SCENARIO_ORDER,S85_SL6_TP12,21816,linhas do cenário não estão em ordem crescente de entry_time.
WARNING,SCENARIO_ORDER,S85_SL6_TP12,21817,linhas do cenário não estão em ordem crescente de entry_time.
WARNING,SCENARIO_ORDER,S85_SL6_TP12,21820,linhas do cenário não estão em ordem crescente de entry_time.
WARNING,SCENARIO_ORDER,S85_SL6_TP12,21824,linhas do cenário não estão em ordem crescente de entry_time.
WARNING,SCENARIO_ORDER,S85_SL6_TP12,21828,linhas do cenário não estão em ordem crescente de entry_time.
WARNING,SCENARIO_ORDER,S85_SL6_TP12,21834,linhas do cenário não estão em ordem crescente de entry_time.
WARNING,SCENARIO_ORDER,S85_SL6_TP12,21841,linhas do cenário não estão em ordem crescente de entry_time.
WARNING,SCENARIO_ORDER,S85_SL6_TP12,21843,linhas do cenário não estão em ordem crescente de entry_time.
WARNING,SCENARIO_ORDER,S85_SL6_TP12,21847,linhas do cenário não estão em ordem crescente de entry_time.
WARNING,SCENARIO_ORDER,S85_SL6_TP12,21850,linhas do cenário não estão em ordem crescente de entry_time.
WARNING,SCENARIO_ORDER,S85_SL6_TP12,21857,linhas do cenário não estão em ordem crescente de entry_time.
WARNING,SCENARIO_ORDER,S85_SL6_TP12,21866,linhas do cenário não estão em ordem crescente de entry_time.
WARNING,SCENARIO_ORDER,S85_SL6_TP12,21868,linhas do cenário não estão em ordem crescente de entry_time.
WARNING,SCENARIO_ORDER,S85_SL6_TP12,21872,linhas do cenário não estão em ordem crescente de entry_time.
WARNING,SCENARIO_ORDER,S85_SL6_TP12,21887,linhas do cenário não estão em ordem crescente de entry_time.
WARNING,SCENARIO_ORDER,S85_SL6_TP12,21896,linhas do cenário não estão em ordem crescente de entry_time.
WARNING,SCENARIO_ORDER,S85_SL6_TP12,21901,linhas do cenário não estão em ordem crescente de entry_time.
WARNING,SCENARIO_ORDER,S85_SL6_TP12,21912,linhas do cenário não estão em ordem crescente de entry_time.
WARNING,SCENARIO_ORDER,S85_SL6_TP12,21920,linhas do cenário não estão em ordem crescente de entry_time.
WARNING,SCENARIO_ORDER,S85_SL6_TP12,21923,linhas do cenário não estão em ordem crescente de entry_time.
WARNING,SCENARIO_ORDER,S85_SL6_TP12,21926,linhas do cenário não estão em ordem crescente de entry_time.
WARNING,SCENARIO_ORDER,S85_SL6_TP12,21930,linhas do cenário não estão em ordem crescente de entry_time.
WARNING,SCENARIO_ORDER,S85_SL6_TP12,21933,linhas do cenário não estão em ordem crescente de entry_time.
WARNING,SCENARIO_ORDER,S85_SL6_TP12,21934,linhas do cenário não estão em ordem crescente de entry_time.
WARNING,SCENARIO_ORDER,S85_SL6_TP12,21939,linhas do cenário não estão em ordem crescente de entry_time.
WARNING,SCENARIO_ORDER,S85_SL6_TP12,21942,linhas do cenário não estão em ordem crescente de entry_time.
WARNING,SCENARIO_ORDER,S85_SL6_TP12,21945,linhas do cenário não estão em ordem crescente de entry_time.
WARNING,SCENARIO_ORDER,S85_SL6_TP12,21947,linhas do cenário não estão em ordem crescente de entry_time.
WARNING,SCENARIO_ORDER,S85_SL6_TP12,21952,linhas do cenário não estão em ordem crescente de entry_time.
WARNING,SCENARIO_ORDER,S85_SL6_TP12,21954,linhas do cenário não estão em ordem crescente de entry_time.
WARNING,SCENARIO_ORDER,S85_SL6_TP12,21955,linhas do cenário não estão em ordem crescente de entry_time.
WARNING,SCENARIO_ORDER,S85_SL6_TP12,21956,linhas do cenário não estão em ordem crescente de entry_time.
WARNING,SCENARIO_ORDER,S85_SL6_TP12,21957,linhas do cenário não estão em ordem crescente de entry_time.
WARNING,SCENARIO_ORDER,S85_SL6_TP12,21959,linhas do cenário não estão em ordem crescente de entry_time.
WARNING,SCENARIO_ORDER,S85_SL6_TP12,21961,linhas do cenário não estão em ordem crescente de entry_time.
WARNING,SCENARIO_ORDER,S85_SL6_TP12,21963,linhas do cenário não estão em ordem crescente de entry_time.
WARNING,SCENARIO_ORDER,S85_SL6_TP12,21970,linhas do cenário não estão em ordem crescente de entry_time.
WARNING,SCENARIO_ORDER,S85_SL6_TP12,21973,linhas do cenário não estão em ordem crescente de entry_time.
WARNING,SCENARIO_ORDER,S85_SL6_TP12,21976,linhas do cenário não estão em ordem crescente de entry_time.
WARNING,SCENARIO_ORDER,S85_SL6_TP15,21979,linhas do cenário não estão em ordem crescente de entry_time.
WARNING,SCENARIO_ORDER,S85_SL6_TP15,21986,linhas do cenário não estão em ordem crescente de entry_time.
WARNING,SCENARIO_ORDER,S85_SL6_TP15,21989,linhas do cenário não estão em ordem crescente de entry_time.
WARNING,SCENARIO_ORDER,S85_SL6_TP15,22001,linhas do cenário não estão em ordem crescente de entry_time.
WARNING,SCENARIO_ORDER,S85_SL6_TP15,22006,linhas do cenário não estão em ordem crescente de entry_time.
WARNING,SCENARIO_ORDER,S85_SL6_TP15,22008,linhas do cenário não estão em ordem crescente de entry_time.
WARNING,SCENARIO_ORDER,S85_SL6_TP15,22015,linhas do cenário não estão em ordem crescente de entry_time.
WARNING,SCENARIO_ORDER,S85_SL6_TP15,22017,linhas do cenário não estão em ordem crescente de entry_time.
WARNING,SCENARIO_ORDER,S85_SL6_TP15,22027,linhas do cenário não estão em ordem crescente de entry_time.
WARNING,SCENARIO_ORDER,S85_SL6_TP15,22032,linhas do cenário não estão em ordem crescente de entry_time.
WARNING,SCENARIO_ORDER,S85_SL6_TP15,22039,linhas do cenário não estão em ordem crescente de entry_time.
WARNING,SCENARIO_ORDER,S85_SL6_TP15,22043,linhas do cenário não estão em ordem crescente de entry_time.
WARNING,SCENARIO_ORDER,S85_SL6_TP15,22046,linhas do cenário não estão em ordem crescente de entry_time.
WARNING,SCENARIO_ORDER,S85_SL6_TP15,22049,linhas do cenário não estão em ordem crescente de entry_time.
WARNING,SCENARIO_ORDER,S85_SL6_TP15,22055,linhas do cenário não estão em ordem crescente de entry_time.
WARNING,SCENARIO_ORDER,S85_SL6_TP15,22062,linhas do cenário não estão em ordem crescente de entry_time.
WARNING,SCENARIO_ORDER,S85_SL6_TP15,22066,linhas do cenário não estão em ordem crescente de entry_time.
WARNING,SCENARIO_ORDER,S85_SL6_TP15,22073,linhas do cenário não estão em ordem crescente de entry_time.
WARNING,SCENARIO_ORDER,S85_SL6_TP15,22074,linhas do cenário não estão em ordem crescente de entry_time.
WARNING,SCENARIO_ORDER,S85_SL6_TP15,22078,linhas do cenário não estão em ordem crescente de entry_time.
WARNING,SCENARIO_ORDER,S85_SL6_TP15,22079,linhas do cenário não estão em ordem crescente de entry_time.
WARNING,SCENARIO_ORDER,S85_SL6_TP15,22081,linhas do cenário não estão em ordem crescente de entry_time.
WARNING,SCENARIO_ORDER,S85_SL6_TP15,22087,linhas do cenário não estão em ordem crescente de entry_time.
WARNING,SCENARIO_ORDER,S85_SL6_TP15,22092,linhas do cenário não estão em ordem crescente de entry_time.
WARNING,SCENARIO_ORDER,S85_SL6_TP15,22094,linhas do cenário não estão em ordem crescente de entry_time.
WARNING,SCENARIO_ORDER,S85_SL6_TP15,22100,linhas do cenário não estão em ordem crescente de entry_time.
WARNING,SCENARIO_ORDER,S85_SL6_TP15,22109,linhas do cenário não estão em ordem crescente de entry_time.
WARNING,SCENARIO_ORDER,S85_SL6_TP15,22126,linhas do cenário não estão em ordem crescente de entry_time.
WARNING,SCENARIO_ORDER,S85_SL6_TP15,22128,linhas do cenário não estão em ordem crescente de entry_time.
WARNING,SCENARIO_ORDER,S85_SL6_TP15,22130,linhas do cenário não estão em ordem crescente de entry_time.
WARNING,SCENARIO_ORDER,S85_SL6_TP15,22135,linhas do cenário não estão em ordem crescente de entry_time.
WARNING,SCENARIO_ORDER,S85_SL6_TP15,22138,linhas do cenário não estão em ordem crescente de entry_time.
WARNING,SCENARIO_ORDER,S85_SL6_TP15,22140,linhas do cenário não estão em ordem crescente de entry_time.
WARNING,SCENARIO_ORDER,S85_SL6_TP15,22151,linhas do cenário não estão em ordem crescente de entry_time.
WARNING,SCENARIO_ORDER,S85_SL6_TP15,22156,linhas do cenário não estão em ordem crescente de entry_time.
WARNING,SCENARIO_ORDER,S85_SL6_TP15,22163,linhas do cenário não estão em ordem crescente de entry_time.
WARNING,SCENARIO_ORDER,S85_SL6_TP15,22167,linhas do cenário não estão em ordem crescente de entry_time.
WARNING,SCENARIO_ORDER,S85_SL6_TP15,22175,linhas do cenário não estão em ordem crescente de entry_time.
WARNING,SCENARIO_ORDER,S85_SL6_TP15,22183,linhas do cenário não estão em ordem crescente de entry_time.
WARNING,SCENARIO_ORDER,S85_SL6_TP15,22186,linhas do cenário não estão em ordem crescente de entry_time.
WARNING,SCENARIO_ORDER,S85_SL6_TP15,22194,linhas do cenário não estão em ordem crescente de entry_time.
WARNING,SCENARIO_ORDER,S85_SL6_TP15,22197,linhas do cenário não estão em ordem crescente de entry_time.
WARNING,SCENARIO_ORDER,S85_SL6_TP15,22205,linhas do cenário não estão em ordem crescente de entry_time.
WARNING,SCENARIO_ORDER,S85_SL6_TP15,22211,linhas do cenário não estão em ordem crescente de entry_time.
WARNING,SCENARIO_ORDER,S85_SL6_TP15,22213,linhas do cenário não estão em ordem crescente de entry_time.
WARNING,SCENARIO_ORDER,S85_SL6_TP15,22214,linhas do cenário não estão em ordem crescente de entry_time.
WARNING,SCENARIO_ORDER,S85_SL6_TP15,22223,linhas do cenário não estão em ordem crescente de entry_time.
WARNING,SCENARIO_ORDER,S85_SL6_TP15,22229,linhas do cenário não estão em ordem crescente de entry_time.
WARNING,SCENARIO_ORDER,CD6_E1_P5,22236,linhas do cenário não estão em ordem crescente de entry_time.
WARNING,SCENARIO_ORDER,CD6_E1_P5,22241,linhas do cenário não estão em ordem crescente de entry_time.
WARNING,SCENARIO_ORDER,CD6_E1_P5,22243,linhas do cenário não estão em ordem crescente de entry_time.
WARNING,SCENARIO_ORDER,CD6_E1_P5,22245,linhas do cenário não estão em ordem crescente de entry_time.
WARNING,SCENARIO_ORDER,CD6_E1_P5,22251,linhas do cenário não estão em ordem crescente de entry_time.
WARNING,SCENARIO_ORDER,CD6_E1_P5,22257,linhas do cenário não estão em ordem crescente de entry_time.
WARNING,SCENARIO_ORDER,CD6_E1_P5,22259,linhas do cenário não estão em ordem crescente de entry_time.
WARNING,SCENARIO_ORDER,CD6_E1_P5,22263,linhas do cenário não estão em ordem crescente de entry_time.
WARNING,SCENARIO_ORDER,CD6_E1_P5,22266,linhas do cenário não estão em ordem crescente de entry_time.
WARNING,SCENARIO_ORDER,CD6_E1_P5,22277,linhas do cenário não estão em ordem crescente de entry_time.
WARNING,SCENARIO_ORDER,CD6_E1_P5,22288,linhas do cenário não estão em ordem crescente de entry_time.
WARNING,SCENARIO_ORDER,CD6_E1_P5,22298,linhas do cenário não estão em ordem crescente de entry_time.
WARNING,SCENARIO_ORDER,CD6_E1_P5,22302,linhas do cenário não estão em ordem crescente de entry_time.
WARNING,SCENARIO_ORDER,CD6_E1_P5,22307,linhas do cenário não estão em ordem crescente de entry_time.
WARNING,SCENARIO_ORDER,CD6_E1_P5,22309,linhas do cenário não estão em ordem crescente de entry_time.
WARNING,SCENARIO_ORDER,CD6_E1_P5,22310,linhas do cenário não estão em ordem crescente de entry_time.
WARNING,SCENARIO_ORDER,CD6_E1_P5,22312,linhas do cenário não estão em ordem crescente de entry_time.
WARNING,SCENARIO_ORDER,CD6_E1_P5,22315,linhas do cenário não estão em ordem crescente de entry_time.
WARNING,SCENARIO_ORDER,CD6_E1_P5,22316,linhas do cenário não estão em ordem crescente de entry_time.
WARNING,SCENARIO_ORDER,CD6_E1_P5,22318,linhas do cenário não estão em ordem crescente de entry_time.
WARNING,SCENARIO_ORDER,CD6_E1_P5,22320,linhas do cenário não estão em ordem crescente de entry_time.
WARNING,SCENARIO_ORDER,CD6_E1_P5,22325,linhas do cenário não estão em ordem crescente de entry_time.
WARNING,SCENARIO_ORDER,CD6_E1_P5,22330,linhas do cenário não estão em ordem crescente de entry_time.
WARNING,SCENARIO_ORDER,CD6_E1_P5,22332,linhas do cenário não estão em ordem crescente de entry_time.
WARNING,SCENARIO_ORDER,CD6_E1_P5,22333,linhas do cenário não estão em ordem crescente de entry_time.
WARNING,SCENARIO_ORDER,CD6_E1_P5,22338,linhas do cenário não estão em ordem crescente de entry_time.
WARNING,SCENARIO_ORDER,CD6_E1_P5,22340,linhas do cenário não estão em ordem crescente de entry_time.
WARNING,SCENARIO_ORDER,CD6_E1_P5,22344,linhas do cenário não estão em ordem crescente de entry_time.
WARNING,SCENARIO_ORDER,CD6_E1_P5,22350,linhas do cenário não estão em ordem crescente de entry_time.
WARNING,SCENARIO_ORDER,CD6_E1_P5,22354,linhas do cenário não estão em ordem crescente de entry_time.
WARNING,SCENARIO_ORDER,CD6_E1_P5,22361,linhas do cenário não estão em ordem crescente de entry_time.
WARNING,SCENARIO_ORDER,CD6_E1_P5,22363,linhas do cenário não estão em ordem crescente de entry_time.
WARNING,SCENARIO_ORDER,CD6_E1_P5,22366,linhas do cenário não estão em ordem crescente de entry_time.
WARNING,SCENARIO_ORDER,CD6_E1_P5,22368,linhas do cenário não estão em ordem crescente de entry_time.
WARNING,SCENARIO_ORDER,CD6_E1_P5,22372,linhas do cenário não estão em ordem crescente de entry_time.
WARNING,SCENARIO_ORDER,CD6_E1_P5,22383,linhas do cenário não estão em ordem crescente de entry_time.
WARNING,SCENARIO_ORDER,CD6_E1_P5,22390,linhas do cenário não estão em ordem crescente de entry_time.
WARNING,SCENARIO_ORDER,CD6_E1_P5,22393,linhas do cenário não estão em ordem crescente de entry_time.
WARNING,SCENARIO_ORDER,CD6_E1_P5,22398,linhas do cenário não estão em ordem crescente de entry_time.
WARNING,SCENARIO_ORDER,CD6_E1_P5,22401,linhas do cenário não estão em ordem crescente de entry_time.
WARNING,SCENARIO_ORDER,CD6_E1_P5,22403,linhas do cenário não estão em ordem crescente de entry_time.
WARNING,SCENARIO_ORDER,CD6_E1_P5,22405,linhas do cenário não estão em ordem crescente de entry_time.
WARNING,SCENARIO_ORDER,CD6_E1_P5,22409,linhas do cenário não estão em ordem crescente de entry_time.
WARNING,SCENARIO_ORDER,CD6_E1_P5,22414,linhas do cenário não estão em ordem crescente de entry_time.
WARNING,SCENARIO_ORDER,CD6_E1_P5,22417,linhas do cenário não estão em ordem crescente de entry_time.
WARNING,SCENARIO_ORDER,CD6_E1_P5,22418,linhas do cenário não estão em ordem crescente de entry_time.
WARNING,SCENARIO_ORDER,CD6_E1_P5,22425,linhas do cenário não estão em ordem crescente de entry_time.
WARNING,SCENARIO_ORDER,CD6_E1_P7,22430,linhas do cenário não estão em ordem crescente de entry_time.
WARNING,SCENARIO_ORDER,CD6_E1_P7,22433,linhas do cenário não estão em ordem crescente de entry_time.
WARNING,SCENARIO_ORDER,CD6_E1_P7,22436,linhas do cenário não estão em ordem crescente de entry_time.
WARNING,SCENARIO_ORDER,CD6_E1_P7,22438,linhas do cenário não estão em ordem crescente de entry_time.
WARNING,SCENARIO_ORDER,CD6_E1_P7,22440,linhas do cenário não estão em ordem crescente de entry_time.
WARNING,SCENARIO_ORDER,CD6_E1_P7,22448,linhas do cenário não estão em ordem crescente de entry_time.
WARNING,SCENARIO_ORDER,CD6_E1_P7,22456,linhas do cenário não estão em ordem crescente de entry_time.
WARNING,SCENARIO_ORDER,CD6_E1_P7,22458,linhas do cenário não estão em ordem crescente de entry_time.
WARNING,SCENARIO_ORDER,CD6_E1_P7,22462,linhas do cenário não estão em ordem crescente de entry_time.
WARNING,SCENARIO_ORDER,CD6_E1_P7,22465,linhas do cenário não estão em ordem crescente de entry_time.
WARNING,SCENARIO_ORDER,CD6_E1_P7,22480,linhas do cenário não estão em ordem crescente de entry_time.
WARNING,SCENARIO_ORDER,CD6_E1_P7,22493,linhas do cenário não estão em ordem crescente de entry_time.
WARNING,SCENARIO_ORDER,CD6_E1_P7,22495,linhas do cenário não estão em ordem crescente de entry_time.
WARNING,SCENARIO_ORDER,CD6_E1_P7,22500,linhas do cenário não estão em ordem crescente de entry_time.
WARNING,SCENARIO_ORDER,CD6_E1_P7,22501,linhas do cenário não estão em ordem crescente de entry_time.
WARNING,SCENARIO_ORDER,CD6_E1_P7,22512,linhas do cenário não estão em ordem crescente de entry_time.
WARNING,SCENARIO_ORDER,CD6_E1_P7,22521,linhas do cenário não estão em ordem crescente de entry_time.
WARNING,SCENARIO_ORDER,CD6_E1_P7,22523,linhas do cenário não estão em ordem crescente de entry_time.
WARNING,SCENARIO_ORDER,CD6_E1_P7,22526,linhas do cenário não estão em ordem crescente de entry_time.
WARNING,SCENARIO_ORDER,CD6_E1_P7,22529,linhas do cenário não estão em ordem crescente de entry_time.
WARNING,SCENARIO_ORDER,CD6_E1_P7,22530,linhas do cenário não estão em ordem crescente de entry_time.
WARNING,SCENARIO_ORDER,CD6_E1_P7,22534,linhas do cenário não estão em ordem crescente de entry_time.
WARNING,SCENARIO_ORDER,CD6_E1_P7,22538,linhas do cenário não estão em ordem crescente de entry_time.
WARNING,SCENARIO_ORDER,CD6_E1_P7,22550,linhas do cenário não estão em ordem crescente de entry_time.
WARNING,SCENARIO_ORDER,CD6_E1_P7,22552,linhas do cenário não estão em ordem crescente de entry_time.
WARNING,SCENARIO_ORDER,CD6_E1_P7,22555,linhas do cenário não estão em ordem crescente de entry_time.
WARNING,SCENARIO_ORDER,CD6_E1_P7,22556,linhas do cenário não estão em ordem crescente de entry_time.
WARNING,SCENARIO_ORDER,CD6_E1_P7,22559,linhas do cenário não estão em ordem crescente de entry_time.
WARNING,SCENARIO_ORDER,CD6_E1_P7,22564,linhas do cenário não estão em ordem crescente de entry_time.
WARNING,SCENARIO_ORDER,CD6_E1_P7,22566,linhas do cenário não estão em ordem crescente de entry_time.
WARNING,SCENARIO_ORDER,CD6_E1_P7,22570,linhas do cenário não estão em ordem crescente de entry_time.
WARNING,SCENARIO_ORDER,CD6_E1_P7,22579,linhas do cenário não estão em ordem crescente de entry_time.
WARNING,SCENARIO_ORDER,CD6_E1_P7,22583,linhas do cenário não estão em ordem crescente de entry_time.
WARNING,SCENARIO_ORDER,CD6_E1_P7,22585,linhas do cenário não estão em ordem crescente de entry_time.
WARNING,SCENARIO_ORDER,CD6_E1_P7,22594,linhas do cenário não estão em ordem crescente de entry_time.
WARNING,SCENARIO_ORDER,CD6_E1_P7,22595,linhas do cenário não estão em ordem crescente de entry_time.
WARNING,SCENARIO_ORDER,CD6_E1_P7,22597,linhas do cenário não estão em ordem crescente de entry_time.
WARNING,SCENARIO_ORDER,CD6_E1_P7,22599,linhas do cenário não estão em ordem crescente de entry_time.
WARNING,SCENARIO_ORDER,CD6_E1_P7,22604,linhas do cenário não estão em ordem crescente de entry_time.
WARNING,SCENARIO_ORDER,CD6_E1_P7,22609,linhas do cenário não estão em ordem crescente de entry_time.
WARNING,SCENARIO_ORDER,CD6_E1_P7,22623,linhas do cenário não estão em ordem crescente de entry_time.
WARNING,SCENARIO_ORDER,CD6_E1_P7,22625,linhas do cenário não estão em ordem crescente de entry_time.
WARNING,SCENARIO_ORDER,CD6_E1_P7,22631,linhas do cenário não estão em ordem crescente de entry_time.
WARNING,SCENARIO_ORDER,CD6_E1_P7,22633,linhas do cenário não estão em ordem crescente de entry_time.
WARNING,SCENARIO_ORDER,CD6_E1_P7,22639,linhas do cenário não estão em ordem crescente de entry_time.
WARNING,SCENARIO_ORDER,CD6_E1_P7,22641,linhas do cenário não estão em ordem crescente de entry_time.
WARNING,SCENARIO_ORDER,CD6_E1_P7,22643,linhas do cenário não estão em ordem crescente de entry_time.
WARNING,SCENARIO_ORDER,CD6_E1_P7,22644,linhas do cenário não estão em ordem crescente de entry_time.
WARNING,SCENARIO_ORDER,CD6_E1_P7,22649,linhas do cenário não estão em ordem crescente de entry_time.
WARNING,SCENARIO_ORDER,CD6_E1_P7,22651,linhas do cenário não estão em ordem crescente de entry_time.
WARNING,SCENARIO_ORDER,CD6_E1_P7,22652,linhas do cenário não estão em ordem crescente de entry_time.
WARNING,SCENARIO_ORDER,CD6_E1_P7,22654,linhas do cenário não estão em ordem crescente de entry_time.
WARNING,SCENARIO_ORDER,CD6_E1_P7,22656,linhas do cenário não estão em ordem crescente de entry_time.
WARNING,SCENARIO_ORDER,CD6_E1_P7,22660,linhas do cenário não estão em ordem crescente de entry_time.
WARNING,SCENARIO_ORDER,CD6_E1_P7,22664,linhas do cenário não estão em ordem crescente de entry_time.
WARNING,SCENARIO_ORDER,CD6_E1_P7,22665,linhas do cenário não estão em ordem crescente de entry_time.
WARNING,SCENARIO_ORDER,CD6_E1_P7,22667,linhas do cenário não estão em ordem crescente de entry_time.
WARNING,SCENARIO_ORDER,CD6_E1_P7,22669,linhas do cenário não estão em ordem crescente de entry_time.
WARNING,SCENARIO_ORDER,CD6_E1_P7,22671,linhas do cenário não estão em ordem crescente de entry_time.
WARNING,SCENARIO_ORDER,CD6_E1_P7,22674,linhas do cenário não estão em ordem crescente de entry_time.
WARNING,SCENARIO_ORDER,CD6_E1_P7,22676,linhas do cenário não estão em ordem crescente de entry_time.
WARNING,SCENARIO_ORDER,CD6_E1_P7,22681,linhas do cenário não estão em ordem crescente de entry_time.
WARNING,SCENARIO_ORDER,CD6_E1_P7,22683,linhas do cenário não estão em ordem crescente de entry_time.
WARNING,SCENARIO_ORDER,CD6_E1_P10,22687,linhas do cenário não estão em ordem crescente de entry_time.
WARNING,SCENARIO_ORDER,CD6_E1_P10,22690,linhas do cenário não estão em ordem crescente de entry_time.
WARNING,SCENARIO_ORDER,CD6_E1_P10,22693,linhas do cenário não estão em ordem crescente de entry_time.
WARNING,SCENARIO_ORDER,CD6_E1_P10,22695,linhas do cenário não estão em ordem crescente de entry_time.
WARNING,SCENARIO_ORDER,CD6_E1_P10,22698,linhas do cenário não estão em ordem crescente de entry_time.
WARNING,SCENARIO_ORDER,CD6_E1_P10,22709,linhas do cenário não estão em ordem crescente de entry_time.
WARNING,SCENARIO_ORDER,CD6_E1_P10,22720,linhas do cenário não estão em ordem crescente de entry_time.
WARNING,SCENARIO_ORDER,CD6_E1_P10,22722,linhas do cenário não estão em ordem crescente de entry_time.
WARNING,SCENARIO_ORDER,CD6_E1_P10,22726,linhas do cenário não estão em ordem crescente de entry_time.
WARNING,SCENARIO_ORDER,CD6_E1_P10,22729,linhas do cenário não estão em ordem crescente de entry_time.
WARNING,SCENARIO_ORDER,CD6_E1_P10,22762,linhas do cenário não estão em ordem crescente de entry_time.
WARNING,SCENARIO_ORDER,CD6_E1_P10,22764,linhas do cenário não estão em ordem crescente de entry_time.
WARNING,SCENARIO_ORDER,CD6_E1_P10,22773,linhas do cenário não estão em ordem crescente de entry_time.
WARNING,SCENARIO_ORDER,CD6_E1_P10,22777,linhas do cenário não estão em ordem crescente de entry_time.
WARNING,SCENARIO_ORDER,CD6_E1_P10,22787,linhas do cenário não estão em ordem crescente de entry_time.
WARNING,SCENARIO_ORDER,CD6_E1_P10,22795,linhas do cenário não estão em ordem crescente de entry_time.
WARNING,SCENARIO_ORDER,CD6_E1_P10,22798,linhas do cenário não estão em ordem crescente de entry_time.
WARNING,SCENARIO_ORDER,CD6_E1_P10,22802,linhas do cenário não estão em ordem crescente de entry_time.
WARNING,SCENARIO_ORDER,CD6_E1_P10,22813,linhas do cenário não estão em ordem crescente de entry_time.
WARNING,SCENARIO_ORDER,CD6_E1_P10,22814,linhas do cenário não estão em ordem crescente de entry_time.
WARNING,SCENARIO_ORDER,CD6_E1_P10,22817,linhas do cenário não estão em ordem crescente de entry_time.
WARNING,SCENARIO_ORDER,CD6_E1_P10,22819,linhas do cenário não estão em ordem crescente de entry_time.
WARNING,SCENARIO_ORDER,CD6_E1_P10,22820,linhas do cenário não estão em ordem crescente de entry_time.
WARNING,SCENARIO_ORDER,CD6_E1_P10,22823,linhas do cenário não estão em ordem crescente de entry_time.
WARNING,SCENARIO_ORDER,CD6_E1_P10,22824,linhas do cenário não estão em ordem crescente de entry_time.
WARNING,SCENARIO_ORDER,CD6_E1_P10,22827,linhas do cenário não estão em ordem crescente de entry_time.
WARNING,SCENARIO_ORDER,CD6_E1_P10,22833,linhas do cenário não estão em ordem crescente de entry_time.
WARNING,SCENARIO_ORDER,CD6_E1_P10,22837,linhas do cenário não estão em ordem crescente de entry_time.
WARNING,SCENARIO_ORDER,CD6_E1_P10,22839,linhas do cenário não estão em ordem crescente de entry_time.
WARNING,SCENARIO_ORDER,CD6_E1_P10,22843,linhas do cenário não estão em ordem crescente de entry_time.
WARNING,SCENARIO_ORDER,CD6_E1_P10,22847,linhas do cenário não estão em ordem crescente de entry_time.
WARNING,SCENARIO_ORDER,CD6_E1_P10,22850,linhas do cenário não estão em ordem crescente de entry_time.
WARNING,SCENARIO_ORDER,CD6_E1_P10,22856,linhas do cenário não estão em ordem crescente de entry_time.
WARNING,SCENARIO_ORDER,CD6_E1_P10,22859,linhas do cenário não estão em ordem crescente de entry_time.
WARNING,SCENARIO_ORDER,CD6_E1_P10,22861,linhas do cenário não estão em ordem crescente de entry_time.
WARNING,SCENARIO_ORDER,CD6_E1_P10,22867,linhas do cenário não estão em ordem crescente de entry_time.
WARNING,SCENARIO_ORDER,CD6_E1_P10,22875,linhas do cenário não estão em ordem crescente de entry_time.
WARNING,SCENARIO_ORDER,CD6_E1_P10,22880,linhas do cenário não estão em ordem crescente de entry_time.
WARNING,SCENARIO_ORDER,CD6_E1_P10,22882,linhas do cenário não estão em ordem crescente de entry_time.
WARNING,SCENARIO_ORDER,CD6_E1_P10,22886,linhas do cenário não estão em ordem crescente de entry_time.
WARNING,SCENARIO_ORDER,CD6_E1_P10,22890,linhas do cenário não estão em ordem crescente de entry_time.
WARNING,SCENARIO_ORDER,CD6_E1_P10,22892,linhas do cenário não estão em ordem crescente de entry_time.
WARNING,SCENARIO_ORDER,CD6_E1_P10,22899,linhas do cenário não estão em ordem crescente de entry_time.
WARNING,SCENARIO_ORDER,CD6_E1_P10,22901,linhas do cenário não estão em ordem crescente de entry_time.
WARNING,SCENARIO_ORDER,CD6_E1_P10,22903,linhas do cenário não estão em ordem crescente de entry_time.
WARNING,SCENARIO_ORDER,CD6_E1_P10,22909,linhas do cenário não estão em ordem crescente de entry_time.
WARNING,SCENARIO_ORDER,CD6_E1_P10,22912,linhas do cenário não estão em ordem crescente de entry_time.
WARNING,SCENARIO_ORDER,CD6_E1_P10,22918,linhas do cenário não estão em ordem crescente de entry_time.
WARNING,SCENARIO_ORDER,CD6_E1_P10,22919,linhas do cenário não estão em ordem crescente de entry_time.
WARNING,SCENARIO_ORDER,CD6_E1_P10,22924,linhas do cenário não estão em ordem crescente de entry_time.
WARNING,SCENARIO_ORDER,CD6_E1_P10,22933,linhas do cenário não estão em ordem crescente de entry_time.
WARNING,SCENARIO_ORDER,CD6_E1_P10,22941,linhas do cenário não estão em ordem crescente de entry_time.
WARNING,SCENARIO_ORDER,CD6_E1_P10,22944,linhas do cenário não estão em ordem crescente de entry_time.
WARNING,SCENARIO_ORDER,CD6_E1_P10,22949,linhas do cenário não estão em ordem crescente de entry_time.
WARNING,SCENARIO_ORDER,CD6_E1_P10,22954,linhas do cenário não estão em ordem crescente de entry_time.
WARNING,SCENARIO_ORDER,CD6_E1_P10,22958,linhas do cenário não estão em ordem crescente de entry_time.
WARNING,SCENARIO_ORDER,CD6_E1_P10,22962,linhas do cenário não estão em ordem crescente de entry_time.
WARNING,SCENARIO_ORDER,CD6_E1_P10,22966,linhas do cenário não estão em ordem crescente de entry_time.
WARNING,SCENARIO_ORDER,CD6_E1_P10,22968,linhas do cenário não estão em ordem crescente de entry_time.
WARNING,SCENARIO_ORDER,CD6_E1_P10,22972,linhas do cenário não estão em ordem crescente de entry_time.
WARNING,SCENARIO_ORDER,CD6_E1_P10,22974,linhas do cenário não estão em ordem crescente de entry_time.
WARNING,SCENARIO_ORDER,CD6_E1_P10,22979,linhas do cenário não estão em ordem crescente de entry_time.
WARNING,SCENARIO_ORDER,CD6_E1_P10,22981,linhas do cenário não estão em ordem crescente de entry_time.
WARNING,SCENARIO_ORDER,CD6_E1_P10,22982,linhas do cenário não estão em ordem crescente de entry_time.
WARNING,SCENARIO_ORDER,CD6_E1_P10,22985,linhas do cenário não estão em ordem crescente de entry_time.
WARNING,SCENARIO_ORDER,CD6_E1_P10,22991,linhas do cenário não estão em ordem crescente de entry_time.
WARNING,SCENARIO_ORDER,CD6_E1_P10,22995,linhas do cenário não estão em ordem crescente de entry_time.
WARNING,SCENARIO_ORDER,CD6_E1_P10,22997,linhas do cenário não estão em ordem crescente de entry_time.
WARNING,SCENARIO_ORDER,CD6_E1_P10,22998,linhas do cenário não estão em ordem crescente de entry_time.
WARNING,SCENARIO_ORDER,CD6_E1_P10,23004,linhas do cenário não estão em ordem crescente de entry_time.
WARNING,SCENARIO_ORDER,CD6_E1_P10,23007,linhas do cenário não estão em ordem crescente de entry_time.
WARNING,SCENARIO_ORDER,CD6_E1_P10,23009,linhas do cenário não estão em ordem crescente de entry_time.
WARNING,SCENARIO_ORDER,CD6_E1_P10,23013,linhas do cenário não estão em ordem crescente de entry_time.
WARNING,SCENARIO_ORDER,CD6_E1_P10,23014,linhas do cenário não estão em ordem crescente de entry_time.
WARNING,SCENARIO_ORDER,CD6_E1_P10,23015,linhas do cenário não estão em ordem crescente de entry_time.
WARNING,SCENARIO_ORDER,CD6_E1_P10,23017,linhas do cenário não estão em ordem crescente de entry_time.
WARNING,SCENARIO_ORDER,CD6_E1_P10,23021,linhas do cenário não estão em ordem crescente de entry_time.
WARNING,SCENARIO_ORDER,CD6_E1_P10,23026,linhas do cenário não estão em ordem crescente de entry_time.
WARNING,SCENARIO_ORDER,CD6_E1_P10,23027,linhas do cenário não estão em ordem crescente de entry_time.
WARNING,SCENARIO_ORDER,CD6_E1_P10,23030,linhas do cenário não estão em ordem crescente de entry_time.
WARNING,SCENARIO_ORDER,CD6_E1_P10,23032,linhas do cenário não estão em ordem crescente de entry_time.
WARNING,SCENARIO_ORDER,CD6_E1_P10,23034,linhas do cenário não estão em ordem crescente de entry_time.
WARNING,SCENARIO_ORDER,CD6_E1_P15,23036,linhas do cenário não estão em ordem crescente de entry_time.
WARNING,SCENARIO_ORDER,CD6_E1_P15,23039,linhas do cenário não estão em ordem crescente de entry_time.
WARNING,SCENARIO_ORDER,CD6_E1_P15,23042,linhas do cenário não estão em ordem crescente de entry_time.
WARNING,SCENARIO_ORDER,CD6_E1_P15,23044,linhas do cenário não estão em ordem crescente de entry_time.
WARNING,SCENARIO_ORDER,CD6_E1_P15,23047,linhas do cenário não estão em ordem crescente de entry_time.
WARNING,SCENARIO_ORDER,CD6_E1_P15,23062,linhas do cenário não estão em ordem crescente de entry_time.
WARNING,SCENARIO_ORDER,CD6_E1_P15,23074,linhas do cenário não estão em ordem crescente de entry_time.
WARNING,SCENARIO_ORDER,CD6_E1_P15,23079,linhas do cenário não estão em ordem crescente de entry_time.
WARNING,SCENARIO_ORDER,CD6_E1_P15,23082,linhas do cenário não estão em ordem crescente de entry_time.
WARNING,SCENARIO_ORDER,CD6_E1_P15,23088,linhas do cenário não estão em ordem crescente de entry_time.
WARNING,SCENARIO_ORDER,CD6_E1_P15,23090,linhas do cenário não estão em ordem crescente de entry_time.
WARNING,SCENARIO_ORDER,CD6_E1_P15,23104,linhas do cenário não estão em ordem crescente de entry_time.
WARNING,SCENARIO_ORDER,CD6_E1_P15,23126,linhas do cenário não estão em ordem crescente de entry_time.
WARNING,SCENARIO_ORDER,CD6_E1_P15,23129,linhas do cenário não estão em ordem crescente de entry_time.
WARNING,SCENARIO_ORDER,CD6_E1_P15,23140,linhas do cenário não estão em ordem crescente de entry_time.
WARNING,SCENARIO_ORDER,CD6_E1_P15,23142,linhas do cenário não estão em ordem crescente de entry_time.
WARNING,SCENARIO_ORDER,CD6_E1_P15,23150,linhas do cenário não estão em ordem crescente de entry_time.
WARNING,SCENARIO_ORDER,CD6_E1_P15,23152,linhas do cenário não estão em ordem crescente de entry_time.
WARNING,SCENARIO_ORDER,CD6_E1_P15,23156,linhas do cenário não estão em ordem crescente de entry_time.
WARNING,SCENARIO_ORDER,CD6_E1_P15,23164,linhas do cenário não estão em ordem crescente de entry_time.
WARNING,SCENARIO_ORDER,CD6_E1_P15,23168,linhas do cenário não estão em ordem crescente de entry_time.
WARNING,SCENARIO_ORDER,CD6_E1_P15,23172,linhas do cenário não estão em ordem crescente de entry_time.
WARNING,SCENARIO_ORDER,CD6_E1_P15,23174,linhas do cenário não estão em ordem crescente de entry_time.
WARNING,SCENARIO_ORDER,CD6_E1_P15,23178,linhas do cenário não estão em ordem crescente de entry_time.
WARNING,SCENARIO_ORDER,CD6_E1_P15,23182,linhas do cenário não estão em ordem crescente de entry_time.
WARNING,SCENARIO_ORDER,CD6_E1_P15,23184,linhas do cenário não estão em ordem crescente de entry_time.
WARNING,SCENARIO_ORDER,CD6_E1_P15,23194,linhas do cenário não estão em ordem crescente de entry_time.
WARNING,SCENARIO_ORDER,CD6_E1_P15,23198,linhas do cenário não estão em ordem crescente de entry_time.
WARNING,SCENARIO_ORDER,CD6_E1_P15,23201,linhas do cenário não estão em ordem crescente de entry_time.
WARNING,SCENARIO_ORDER,CD6_E1_P15,23204,linhas do cenário não estão em ordem crescente de entry_time.
WARNING,SCENARIO_ORDER,CD6_E1_P15,23207,linhas do cenário não estão em ordem crescente de entry_time.
WARNING,SCENARIO_ORDER,CD6_E1_P15,23212,linhas do cenário não estão em ordem crescente de entry_time.
WARNING,SCENARIO_ORDER,CD6_E1_P15,23214,linhas do cenário não estão em ordem crescente de entry_time.
WARNING,SCENARIO_ORDER,CD6_E1_P15,23217,linhas do cenário não estão em ordem crescente de entry_time.
WARNING,SCENARIO_ORDER,CD6_E1_P15,23222,linhas do cenário não estão em ordem crescente de entry_time.
WARNING,SCENARIO_ORDER,CD6_E1_P15,23232,linhas do cenário não estão em ordem crescente de entry_time.
WARNING,SCENARIO_ORDER,CD6_E1_P15,23234,linhas do cenário não estão em ordem crescente de entry_time.
WARNING,SCENARIO_ORDER,CD6_E1_P15,23237,linhas do cenário não estão em ordem crescente de entry_time.
WARNING,SCENARIO_ORDER,CD6_E1_P15,23239,linhas do cenário não estão em ordem crescente de entry_time.
WARNING,SCENARIO_ORDER,CD6_E1_P15,23241,linhas do cenário não estão em ordem crescente de entry_time.
WARNING,SCENARIO_ORDER,CD6_E1_P15,23248,linhas do cenário não estão em ordem crescente de entry_time.
WARNING,SCENARIO_ORDER,CD6_E1_P15,23250,linhas do cenário não estão em ordem crescente de entry_time.
WARNING,SCENARIO_ORDER,CD6_E1_P15,23253,linhas do cenário não estão em ordem crescente de entry_time.
WARNING,SCENARIO_ORDER,CD6_E1_P15,23259,linhas do cenário não estão em ordem crescente de entry_time.
WARNING,SCENARIO_ORDER,CD6_E1_P15,23264,linhas do cenário não estão em ordem crescente de entry_time.
WARNING,SCENARIO_ORDER,CD6_E1_P15,23266,linhas do cenário não estão em ordem crescente de entry_time.
WARNING,SCENARIO_ORDER,CD6_E1_P15,23269,linhas do cenário não estão em ordem crescente de entry_time.
WARNING,SCENARIO_ORDER,CD6_E1_P15,23275,linhas do cenário não estão em ordem crescente de entry_time.
WARNING,SCENARIO_ORDER,CD6_E1_P15,23279,linhas do cenário não estão em ordem crescente de entry_time.
WARNING,SCENARIO_ORDER,CD6_E1_P15,23286,linhas do cenário não estão em ordem crescente de entry_time.
WARNING,SCENARIO_ORDER,CD6_E1_P15,23289,linhas do cenário não estão em ordem crescente de entry_time.
WARNING,SCENARIO_ORDER,CD6_E1_P15,23292,linhas do cenário não estão em ordem crescente de entry_time.
WARNING,SCENARIO_ORDER,CD6_E1_P15,23294,linhas do cenário não estão em ordem crescente de entry_time.
WARNING,SCENARIO_ORDER,CD6_E1_P15,23301,linhas do cenário não estão em ordem crescente de entry_time.
WARNING,SCENARIO_ORDER,CD6_E1_P15,23304,linhas do cenário não estão em ordem crescente de entry_time.
WARNING,SCENARIO_ORDER,CD6_E1_P15,23309,linhas do cenário não estão em ordem crescente de entry_time.
WARNING,SCENARIO_ORDER,CD6_E1_P15,23314,linhas do cenário não estão em ordem crescente de entry_time.
WARNING,SCENARIO_ORDER,CD6_E1_P15,23315,linhas do cenário não estão em ordem crescente de entry_time.
WARNING,SCENARIO_ORDER,CD6_E1_P15,23320,linhas do cenário não estão em ordem crescente de entry_time.
WARNING,SCENARIO_ORDER,CD6_E1_P15,23331,linhas do cenário não estão em ordem crescente de entry_time.
WARNING,SCENARIO_ORDER,CD6_E1_P15,23335,linhas do cenário não estão em ordem crescente de entry_time.
WARNING,SCENARIO_ORDER,CD6_E1_P15,23343,linhas do cenário não estão em ordem crescente de entry_time.
WARNING,SCENARIO_ORDER,CD6_E1_P15,23345,linhas do cenário não estão em ordem crescente de entry_time.
WARNING,SCENARIO_ORDER,CD6_E1_P15,23349,linhas do cenário não estão em ordem crescente de entry_time.
WARNING,SCENARIO_ORDER,CD6_E1_P15,23354,linhas do cenário não estão em ordem crescente de entry_time.
WARNING,SCENARIO_ORDER,CD6_E1_P15,23362,linhas do cenário não estão em ordem crescente de entry_time.
WARNING,SCENARIO_ORDER,CD6_E1_P15,23372,linhas do cenário não estão em ordem crescente de entry_time.
WARNING,SCENARIO_ORDER,CD6_E1_P15,23374,linhas do cenário não estão em ordem crescente de entry_time.
WARNING,SCENARIO_ORDER,CD6_E1_P15,23378,linhas do cenário não estão em ordem crescente de entry_time.
WARNING,SCENARIO_ORDER,CD6_E1_P15,23381,linhas do cenário não estão em ordem crescente de entry_time.
WARNING,SCENARIO_ORDER,CD6_E1_P15,23385,linhas do cenário não estão em ordem crescente de entry_time.
WARNING,SCENARIO_ORDER,CD6_E1_P15,23389,linhas do cenário não estão em ordem crescente de entry_time.
WARNING,SCENARIO_ORDER,CD6_E1_P15,23394,linhas do cenário não estão em ordem crescente de entry_time.
WARNING,SCENARIO_ORDER,CD6_E1_P15,23399,linhas do cenário não estão em ordem crescente de entry_time.
WARNING,SCENARIO_ORDER,CD6_E1_P15,23406,linhas do cenário não estão em ordem crescente de entry_time.
WARNING,SCENARIO_ORDER,CD6_E1_P15,23408,linhas do cenário não estão em ordem crescente de entry_time.
WARNING,SCENARIO_ORDER,CD6_E1_P15,23412,linhas do cenário não estão em ordem crescente de entry_time.
WARNING,SCENARIO_ORDER,CD6_E1_P15,23415,linhas do cenário não estão em ordem crescente de entry_time.
WARNING,SCENARIO_ORDER,CD6_E1_P15,23418,linhas do cenário não estão em ordem crescente de entry_time.
WARNING,SCENARIO_ORDER,CD6_E1_P15,23420,linhas do cenário não estão em ordem crescente de entry_time.
WARNING,SCENARIO_ORDER,CD6_E1_P15,23425,linhas do cenário não estão em ordem crescente de entry_time.
WARNING,SCENARIO_ORDER,CD6_E1_P15,23427,linhas do cenário não estão em ordem crescente de entry_time.
WARNING,SCENARIO_ORDER,CD6_E1_P15,23430,linhas do cenário não estão em ordem crescente de entry_time.
WARNING,SCENARIO_ORDER,CD6_E1_P15,23431,linhas do cenário não estão em ordem crescente de entry_time.
WARNING,SCENARIO_ORDER,CD6_E1_P15,23433,linhas do cenário não estão em ordem crescente de entry_time.
WARNING,SCENARIO_ORDER,CD6_E1_P15,23436,linhas do cenário não estão em ordem crescente de entry_time.
WARNING,SCENARIO_ORDER,CD6_E1_P15,23437,linhas do cenário não estão em ordem crescente de entry_time.
WARNING,SCENARIO_ORDER,CD6_E1_P15,23445,linhas do cenário não estão em ordem crescente de entry_time.
WARNING,SCENARIO_ORDER,CD6_E1_P15,23449,linhas do cenário não estão em ordem crescente de entry_time.
WARNING,SCENARIO_ORDER,CD6_E1_P15,23452,linhas do cenário não estão em ordem crescente de entry_time.
WARNING,SCENARIO_ORDER,CD6_E1_P15,23458,linhas do cenário não estão em ordem crescente de entry_time.
WARNING,SCENARIO_ORDER,CD6_E1_P15,23465,linhas do cenário não estão em ordem crescente de entry_time.
WARNING,SCENARIO_ORDER,CD6_E1_P15,23467,linhas do cenário não estão em ordem crescente de entry_time.
WARNING,SCENARIO_ORDER,CD6_E1_P15,23470,linhas do cenário não estão em ordem crescente de entry_time.
WARNING,SCENARIO_ORDER,CD6_E1_P15,23473,linhas do cenário não estão em ordem crescente de entry_time.
WARNING,SCENARIO_ORDER,CD6_E1_P15,23475,linhas do cenário não estão em ordem crescente de entry_time.
WARNING,SCENARIO_ORDER,CD6_E1_P15,23480,linhas do cenário não estão em ordem crescente de entry_time.
WARNING,SCENARIO_ORDER,CD6_E1_P15,23482,linhas do cenário não estão em ordem crescente de entry_time.
WARNING,SCENARIO_ORDER,CD6_E1_P15,23484,linhas do cenário não estão em ordem crescente de entry_time.
WARNING,SCENARIO_ORDER,CD6_E1_P15,23488,linhas do cenário não estão em ordem crescente de entry_time.
WARNING,SCENARIO_ORDER,CD6_E1_P15,23490,linhas do cenário não estão em ordem crescente de entry_time.
WARNING,SCENARIO_ORDER,CD6_E1_P15,23496,linhas do cenário não estão em ordem crescente de entry_time.
WARNING,SCENARIO_ORDER,CD6_E1_P15,23499,linhas do cenário não estão em ordem crescente de entry_time.
WARNING,SCENARIO_ORDER,CD6_E1_P15,23501,linhas do cenário não estão em ordem crescente de entry_time.
WARNING,SCENARIO_ORDER,CD6_E1_P15,23509,linhas do cenário não estão em ordem crescente de entry_time.
WARNING,SCENARIO_ORDER,CD6_E1_P15,23514,linhas do cenário não estão em ordem crescente de entry_time.
WARNING,SCENARIO_ORDER,CD6_E1_P15,23517,linhas do cenário não estão em ordem crescente de entry_time.
WARNING,SCENARIO_ORDER,CD6_E1_P15,23518,linhas do cenário não estão em ordem crescente de entry_time.
WARNING,SCENARIO_ORDER,CD6_E1_P15,23523,linhas do cenário não estão em ordem crescente de entry_time.
WARNING,SCENARIO_ORDER,CD6_E2_P5,23526,linhas do cenário não estão em ordem crescente de entry_time.
WARNING,SCENARIO_ORDER,CD6_E2_P5,23531,linhas do cenário não estão em ordem crescente de entry_time.
WARNING,SCENARIO_ORDER,CD6_E2_P5,23533,linhas do cenário não estão em ordem crescente de entry_time.
WARNING,SCENARIO_ORDER,CD6_E2_P5,23535,linhas do cenário não estão em ordem crescente de entry_time.
WARNING,SCENARIO_ORDER,CD6_E2_P5,23541,linhas do cenário não estão em ordem crescente de entry_time.
WARNING,SCENARIO_ORDER,CD6_E2_P5,23549,linhas do cenário não estão em ordem crescente de entry_time.
WARNING,SCENARIO_ORDER,CD6_E2_P5,23553,linhas do cenário não estão em ordem crescente de entry_time.
WARNING,SCENARIO_ORDER,CD6_E2_P5,23556,linhas do cenário não estão em ordem crescente de entry_time.
WARNING,SCENARIO_ORDER,CD6_E2_P5,23567,linhas do cenário não estão em ordem crescente de entry_time.
WARNING,SCENARIO_ORDER,CD6_E2_P5,23578,linhas do cenário não estão em ordem crescente de entry_time.
WARNING,SCENARIO_ORDER,CD6_E2_P5,23588,linhas do cenário não estão em ordem crescente de entry_time.
WARNING,SCENARIO_ORDER,CD6_E2_P5,23592,linhas do cenário não estão em ordem crescente de entry_time.
WARNING,SCENARIO_ORDER,CD6_E2_P5,23597,linhas do cenário não estão em ordem crescente de entry_time.
WARNING,SCENARIO_ORDER,CD6_E2_P5,23599,linhas do cenário não estão em ordem crescente de entry_time.
WARNING,SCENARIO_ORDER,CD6_E2_P5,23600,linhas do cenário não estão em ordem crescente de entry_time.
WARNING,SCENARIO_ORDER,CD6_E2_P5,23602,linhas do cenário não estão em ordem crescente de entry_time.
WARNING,SCENARIO_ORDER,CD6_E2_P5,23605,linhas do cenário não estão em ordem crescente de entry_time.
WARNING,SCENARIO_ORDER,CD6_E2_P5,23606,linhas do cenário não estão em ordem crescente de entry_time.
WARNING,SCENARIO_ORDER,CD6_E2_P5,23608,linhas do cenário não estão em ordem crescente de entry_time.
WARNING,SCENARIO_ORDER,CD6_E2_P5,23610,linhas do cenário não estão em ordem crescente de entry_time.
WARNING,SCENARIO_ORDER,CD6_E2_P5,23615,linhas do cenário não estão em ordem crescente de entry_time.
WARNING,SCENARIO_ORDER,CD6_E2_P5,23620,linhas do cenário não estão em ordem crescente de entry_time.
WARNING,SCENARIO_ORDER,CD6_E2_P5,23622,linhas do cenário não estão em ordem crescente de entry_time.
WARNING,SCENARIO_ORDER,CD6_E2_P5,23623,linhas do cenário não estão em ordem crescente de entry_time.
WARNING,SCENARIO_ORDER,CD6_E2_P5,23628,linhas do cenário não estão em ordem crescente de entry_time.
WARNING,SCENARIO_ORDER,CD6_E2_P5,23630,linhas do cenário não estão em ordem crescente de entry_time.
WARNING,SCENARIO_ORDER,CD6_E2_P5,23634,linhas do cenário não estão em ordem crescente de entry_time.
WARNING,SCENARIO_ORDER,CD6_E2_P5,23640,linhas do cenário não estão em ordem crescente de entry_time.
WARNING,SCENARIO_ORDER,CD6_E2_P5,23644,linhas do cenário não estão em ordem crescente de entry_time.
WARNING,SCENARIO_ORDER,CD6_E2_P5,23651,linhas do cenário não estão em ordem crescente de entry_time.
WARNING,SCENARIO_ORDER,CD6_E2_P5,23653,linhas do cenário não estão em ordem crescente de entry_time.
WARNING,SCENARIO_ORDER,CD6_E2_P5,23656,linhas do cenário não estão em ordem crescente de entry_time.
WARNING,SCENARIO_ORDER,CD6_E2_P5,23658,linhas do cenário não estão em ordem crescente de entry_time.
WARNING,SCENARIO_ORDER,CD6_E2_P5,23662,linhas do cenário não estão em ordem crescente de entry_time.
WARNING,SCENARIO_ORDER,CD6_E2_P5,23673,linhas do cenário não estão em ordem crescente de entry_time.
WARNING,SCENARIO_ORDER,CD6_E2_P5,23680,linhas do cenário não estão em ordem crescente de entry_time.
WARNING,SCENARIO_ORDER,CD6_E2_P5,23683,linhas do cenário não estão em ordem crescente de entry_time.
WARNING,SCENARIO_ORDER,CD6_E2_P5,23688,linhas do cenário não estão em ordem crescente de entry_time.
WARNING,SCENARIO_ORDER,CD6_E2_P5,23691,linhas do cenário não estão em ordem crescente de entry_time.
WARNING,SCENARIO_ORDER,CD6_E2_P5,23693,linhas do cenário não estão em ordem crescente de entry_time.
WARNING,SCENARIO_ORDER,CD6_E2_P5,23695,linhas do cenário não estão em ordem crescente de entry_time.
WARNING,SCENARIO_ORDER,CD6_E2_P5,23699,linhas do cenário não estão em ordem crescente de entry_time.
WARNING,SCENARIO_ORDER,CD6_E2_P5,23704,linhas do cenário não estão em ordem crescente de entry_time.
WARNING,SCENARIO_ORDER,CD6_E2_P5,23707,linhas do cenário não estão em ordem crescente de entry_time.
WARNING,SCENARIO_ORDER,CD6_E2_P5,23708,linhas do cenário não estão em ordem crescente de entry_time.
WARNING,SCENARIO_ORDER,CD6_E2_P5,23715,linhas do cenário não estão em ordem crescente de entry_time.
WARNING,SCENARIO_ORDER,CD6_E2_P7,23720,linhas do cenário não estão em ordem crescente de entry_time.
WARNING,SCENARIO_ORDER,CD6_E2_P7,23723,linhas do cenário não estão em ordem crescente de entry_time.
WARNING,SCENARIO_ORDER,CD6_E2_P7,23726,linhas do cenário não estão em ordem crescente de entry_time.
WARNING,SCENARIO_ORDER,CD6_E2_P7,23728,linhas do cenário não estão em ordem crescente de entry_time.
WARNING,SCENARIO_ORDER,CD6_E2_P7,23730,linhas do cenário não estão em ordem crescente de entry_time.
WARNING,SCENARIO_ORDER,CD6_E2_P7,23738,linhas do cenário não estão em ordem crescente de entry_time.
WARNING,SCENARIO_ORDER,CD6_E2_P7,23748,linhas do cenário não estão em ordem crescente de entry_time.
WARNING,SCENARIO_ORDER,CD6_E2_P7,23752,linhas do cenário não estão em ordem crescente de entry_time.
WARNING,SCENARIO_ORDER,CD6_E2_P7,23755,linhas do cenário não estão em ordem crescente de entry_time.
WARNING,SCENARIO_ORDER,CD6_E2_P7,23770,linhas do cenário não estão em ordem crescente de entry_time.
WARNING,SCENARIO_ORDER,CD6_E2_P7,23783,linhas do cenário não estão em ordem crescente de entry_time.
WARNING,SCENARIO_ORDER,CD6_E2_P7,23785,linhas do cenário não estão em ordem crescente de entry_time.
WARNING,SCENARIO_ORDER,CD6_E2_P7,23790,linhas do cenário não estão em ordem crescente de entry_time.
WARNING,SCENARIO_ORDER,CD6_E2_P7,23791,linhas do cenário não estão em ordem crescente de entry_time.
WARNING,SCENARIO_ORDER,CD6_E2_P7,23802,linhas do cenário não estão em ordem crescente de entry_time.
WARNING,SCENARIO_ORDER,CD6_E2_P7,23811,linhas do cenário não estão em ordem crescente de entry_time.
WARNING,SCENARIO_ORDER,CD6_E2_P7,23813,linhas do cenário não estão em ordem crescente de entry_time.
WARNING,SCENARIO_ORDER,CD6_E2_P7,23816,linhas do cenário não estão em ordem crescente de entry_time.
WARNING,SCENARIO_ORDER,CD6_E2_P7,23819,linhas do cenário não estão em ordem crescente de entry_time.
WARNING,SCENARIO_ORDER,CD6_E2_P7,23820,linhas do cenário não estão em ordem crescente de entry_time.
WARNING,SCENARIO_ORDER,CD6_E2_P7,23824,linhas do cenário não estão em ordem crescente de entry_time.
WARNING,SCENARIO_ORDER,CD6_E2_P7,23828,linhas do cenário não estão em ordem crescente de entry_time.
WARNING,SCENARIO_ORDER,CD6_E2_P7,23840,linhas do cenário não estão em ordem crescente de entry_time.
WARNING,SCENARIO_ORDER,CD6_E2_P7,23842,linhas do cenário não estão em ordem crescente de entry_time.
WARNING,SCENARIO_ORDER,CD6_E2_P7,23845,linhas do cenário não estão em ordem crescente de entry_time.
WARNING,SCENARIO_ORDER,CD6_E2_P7,23846,linhas do cenário não estão em ordem crescente de entry_time.
WARNING,SCENARIO_ORDER,CD6_E2_P7,23849,linhas do cenário não estão em ordem crescente de entry_time.
WARNING,SCENARIO_ORDER,CD6_E2_P7,23853,linhas do cenário não estão em ordem crescente de entry_time.
WARNING,SCENARIO_ORDER,CD6_E2_P7,23855,linhas do cenário não estão em ordem crescente de entry_time.
WARNING,SCENARIO_ORDER,CD6_E2_P7,23857,linhas do cenário não estão em ordem crescente de entry_time.
WARNING,SCENARIO_ORDER,CD6_E2_P7,23860,linhas do cenário não estão em ordem crescente de entry_time.
WARNING,SCENARIO_ORDER,CD6_E2_P7,23861,linhas do cenário não estão em ordem crescente de entry_time.
WARNING,SCENARIO_ORDER,CD6_E2_P7,23870,linhas do cenário não estão em ordem crescente de entry_time.
WARNING,SCENARIO_ORDER,CD6_E2_P7,23873,linhas do cenário não estão em ordem crescente de entry_time.
WARNING,SCENARIO_ORDER,CD6_E2_P7,23875,linhas do cenário não estão em ordem crescente de entry_time.
WARNING,SCENARIO_ORDER,CD6_E2_P7,23885,linhas do cenário não estão em ordem crescente de entry_time.
WARNING,SCENARIO_ORDER,CD6_E2_P7,23887,linhas do cenário não estão em ordem crescente de entry_time.
WARNING,SCENARIO_ORDER,CD6_E2_P7,23889,linhas do cenário não estão em ordem crescente de entry_time.
WARNING,SCENARIO_ORDER,CD6_E2_P7,23894,linhas do cenário não estão em ordem crescente de entry_time.
WARNING,SCENARIO_ORDER,CD6_E2_P7,23899,linhas do cenário não estão em ordem crescente de entry_time.
WARNING,SCENARIO_ORDER,CD6_E2_P7,23904,linhas do cenário não estão em ordem crescente de entry_time.
WARNING,SCENARIO_ORDER,CD6_E2_P7,23910,linhas do cenário não estão em ordem crescente de entry_time.
WARNING,SCENARIO_ORDER,CD6_E2_P7,23913,linhas do cenário não estão em ordem crescente de entry_time.
WARNING,SCENARIO_ORDER,CD6_E2_P7,23916,linhas do cenário não estão em ordem crescente de entry_time.
WARNING,SCENARIO_ORDER,CD6_E2_P7,23919,linhas do cenário não estão em ordem crescente de entry_time.
WARNING,SCENARIO_ORDER,CD6_E2_P7,23922,linhas do cenário não estão em ordem crescente de entry_time.
WARNING,SCENARIO_ORDER,CD6_E2_P7,23929,linhas do cenário não estão em ordem crescente de entry_time.
WARNING,SCENARIO_ORDER,CD6_E2_P7,23932,linhas do cenário não estão em ordem crescente de entry_time.
WARNING,SCENARIO_ORDER,CD6_E2_P7,23933,linhas do cenário não estão em ordem crescente de entry_time.
WARNING,SCENARIO_ORDER,CD6_E2_P7,23935,linhas do cenário não estão em ordem crescente de entry_time.
WARNING,SCENARIO_ORDER,CD6_E2_P7,23938,linhas do cenário não estão em ordem crescente de entry_time.
WARNING,SCENARIO_ORDER,CD6_E2_P7,23940,linhas do cenário não estão em ordem crescente de entry_time.
WARNING,SCENARIO_ORDER,CD6_E2_P7,23942,linhas do cenário não estão em ordem crescente de entry_time.
WARNING,SCENARIO_ORDER,CD6_E2_P7,23944,linhas do cenário não estão em ordem crescente de entry_time.
WARNING,SCENARIO_ORDER,CD6_E2_P7,23948,linhas do cenário não estão em ordem crescente de entry_time.
WARNING,SCENARIO_ORDER,CD6_E2_P7,23950,linhas do cenário não estão em ordem crescente de entry_time.
WARNING,SCENARIO_ORDER,CD6_E2_P7,23954,linhas do cenário não estão em ordem crescente de entry_time.
WARNING,SCENARIO_ORDER,CD6_E2_P7,23956,linhas do cenário não estão em ordem crescente de entry_time.
WARNING,SCENARIO_ORDER,CD6_E2_P7,23957,linhas do cenário não estão em ordem crescente de entry_time.
WARNING,SCENARIO_ORDER,CD6_E2_P7,23960,linhas do cenário não estão em ordem crescente de entry_time.
WARNING,SCENARIO_ORDER,CD6_E2_P7,23962,linhas do cenário não estão em ordem crescente de entry_time.
WARNING,SCENARIO_ORDER,CD6_E2_P7,23965,linhas do cenário não estão em ordem crescente de entry_time.
WARNING,SCENARIO_ORDER,CD6_E2_P7,23972,linhas do cenário não estão em ordem crescente de entry_time.
WARNING,SCENARIO_ORDER,CD6_E2_P7,23974,linhas do cenário não estão em ordem crescente de entry_time.
WARNING,SCENARIO_ORDER,CD6_E2_P10,23976,linhas do cenário não estão em ordem crescente de entry_time.
WARNING,SCENARIO_ORDER,CD6_E2_P10,23979,linhas do cenário não estão em ordem crescente de entry_time.
WARNING,SCENARIO_ORDER,CD6_E2_P10,23982,linhas do cenário não estão em ordem crescente de entry_time.
WARNING,SCENARIO_ORDER,CD6_E2_P10,23984,linhas do cenário não estão em ordem crescente de entry_time.
WARNING,SCENARIO_ORDER,CD6_E2_P10,23987,linhas do cenário não estão em ordem crescente de entry_time.
WARNING,SCENARIO_ORDER,CD6_E2_P10,23998,linhas do cenário não estão em ordem crescente de entry_time.
WARNING,SCENARIO_ORDER,CD6_E2_P10,24011,linhas do cenário não estão em ordem crescente de entry_time.
WARNING,SCENARIO_ORDER,CD6_E2_P10,24015,linhas do cenário não estão em ordem crescente de entry_time.
WARNING,SCENARIO_ORDER,CD6_E2_P10,24018,linhas do cenário não estão em ordem crescente de entry_time.
WARNING,SCENARIO_ORDER,CD6_E2_P10,24051,linhas do cenário não estão em ordem crescente de entry_time.
WARNING,SCENARIO_ORDER,CD6_E2_P10,24053,linhas do cenário não estão em ordem crescente de entry_time.
WARNING,SCENARIO_ORDER,CD6_E2_P10,24062,linhas do cenário não estão em ordem crescente de entry_time.
WARNING,SCENARIO_ORDER,CD6_E2_P10,24066,linhas do cenário não estão em ordem crescente de entry_time.
WARNING,SCENARIO_ORDER,CD6_E2_P10,24077,linhas do cenário não estão em ordem crescente de entry_time.
WARNING,SCENARIO_ORDER,CD6_E2_P10,24080,linhas do cenário não estão em ordem crescente de entry_time.
WARNING,SCENARIO_ORDER,CD6_E2_P10,24087,linhas do cenário não estão em ordem crescente de entry_time.
WARNING,SCENARIO_ORDER,CD6_E2_P10,24091,linhas do cenário não estão em ordem crescente de entry_time.
WARNING,SCENARIO_ORDER,CD6_E2_P10,24095,linhas do cenário não estão em ordem crescente de entry_time.
WARNING,SCENARIO_ORDER,CD6_E2_P10,24105,linhas do cenário não estão em ordem crescente de entry_time.
WARNING,SCENARIO_ORDER,CD6_E2_P10,24108,linhas do cenário não estão em ordem crescente de entry_time.
WARNING,SCENARIO_ORDER,CD6_E2_P10,24110,linhas do cenário não estão em ordem crescente de entry_time.
WARNING,SCENARIO_ORDER,CD6_E2_P10,24113,linhas do cenário não estão em ordem crescente de entry_time.
WARNING,SCENARIO_ORDER,CD6_E2_P10,24116,linhas do cenário não estão em ordem crescente de entry_time.
WARNING,SCENARIO_ORDER,CD6_E2_P10,24125,linhas do cenário não estão em ordem crescente de entry_time.
WARNING,SCENARIO_ORDER,CD6_E2_P10,24126,linhas do cenário não estão em ordem crescente de entry_time.
WARNING,SCENARIO_ORDER,CD6_E2_P10,24128,linhas do cenário não estão em ordem crescente de entry_time.
WARNING,SCENARIO_ORDER,CD6_E2_P10,24131,linhas do cenário não estão em ordem crescente de entry_time.
WARNING,SCENARIO_ORDER,CD6_E2_P10,24137,linhas do cenário não estão em ordem crescente de entry_time.
WARNING,SCENARIO_ORDER,CD6_E2_P10,24139,linhas do cenário não estão em ordem crescente de entry_time.
WARNING,SCENARIO_ORDER,CD6_E2_P10,24143,linhas do cenário não estão em ordem crescente de entry_time.
WARNING,SCENARIO_ORDER,CD6_E2_P10,24144,linhas do cenário não estão em ordem crescente de entry_time.
WARNING,SCENARIO_ORDER,CD6_E2_P10,24147,linhas do cenário não estão em ordem crescente de entry_time.
WARNING,SCENARIO_ORDER,CD6_E2_P10,24149,linhas do cenário não estão em ordem crescente de entry_time.
WARNING,SCENARIO_ORDER,CD6_E2_P10,24153,linhas do cenário não estão em ordem crescente de entry_time.
WARNING,SCENARIO_ORDER,CD6_E2_P10,24154,linhas do cenário não estão em ordem crescente de entry_time.
WARNING,SCENARIO_ORDER,CD6_E2_P10,24162,linhas do cenário não estão em ordem crescente de entry_time.
WARNING,SCENARIO_ORDER,CD6_E2_P10,24163,linhas do cenário não estão em ordem crescente de entry_time.
WARNING,SCENARIO_ORDER,CD6_E2_P10,24170,linhas do cenário não estão em ordem crescente de entry_time.
WARNING,SCENARIO_ORDER,CD6_E2_P10,24173,linhas do cenário não estão em ordem crescente de entry_time.
WARNING,SCENARIO_ORDER,CD6_E2_P10,24183,linhas do cenário não estão em ordem crescente de entry_time.
WARNING,SCENARIO_ORDER,CD6_E2_P10,24187,linhas do cenário não estão em ordem crescente de entry_time.
WARNING,SCENARIO_ORDER,CD6_E2_P10,24190,linhas do cenário não estão em ordem crescente de entry_time.
WARNING,SCENARIO_ORDER,CD6_E2_P10,24201,linhas do cenário não estão em ordem crescente de entry_time.
WARNING,SCENARIO_ORDER,CD6_E2_P10,24204,linhas do cenário não estão em ordem crescente de entry_time.
WARNING,SCENARIO_ORDER,CD6_E2_P10,24206,linhas do cenário não estão em ordem crescente de entry_time.
WARNING,SCENARIO_ORDER,CD6_E2_P10,24208,linhas do cenário não estão em ordem crescente de entry_time.
WARNING,SCENARIO_ORDER,CD6_E2_P10,24210,linhas do cenário não estão em ordem crescente de entry_time.
WARNING,SCENARIO_ORDER,CD6_E2_P10,24213,linhas do cenário não estão em ordem crescente de entry_time.
WARNING,SCENARIO_ORDER,CD6_E2_P10,24220,linhas do cenário não estão em ordem crescente de entry_time.
WARNING,SCENARIO_ORDER,CD6_E2_P10,24226,linhas do cenário não estão em ordem crescente de entry_time.
WARNING,SCENARIO_ORDER,CD6_E2_P10,24236,linhas do cenário não estão em ordem crescente de entry_time.
WARNING,SCENARIO_ORDER,CD6_E2_P10,24239,linhas do cenário não estão em ordem crescente de entry_time.
WARNING,SCENARIO_ORDER,CD6_E2_P10,24242,linhas do cenário não estão em ordem crescente de entry_time.
WARNING,SCENARIO_ORDER,CD6_E2_P10,24247,linhas do cenário não estão em ordem crescente de entry_time.
WARNING,SCENARIO_ORDER,CD6_E2_P10,24249,linhas do cenário não estão em ordem crescente de entry_time.
WARNING,SCENARIO_ORDER,CD6_E2_P10,24250,linhas do cenário não estão em ordem crescente de entry_time.
WARNING,SCENARIO_ORDER,CD6_E2_P10,24253,linhas do cenário não estão em ordem crescente de entry_time.
WARNING,SCENARIO_ORDER,CD6_E2_P10,24254,linhas do cenário não estão em ordem crescente de entry_time.
WARNING,SCENARIO_ORDER,CD6_E2_P10,24256,linhas do cenário não estão em ordem crescente de entry_time.
WARNING,SCENARIO_ORDER,CD6_E2_P10,24261,linhas do cenário não estão em ordem crescente de entry_time.
WARNING,SCENARIO_ORDER,CD6_E2_P10,24267,linhas do cenário não estão em ordem crescente de entry_time.
WARNING,SCENARIO_ORDER,CD6_E2_P10,24276,linhas do cenário não estão em ordem crescente de entry_time.
WARNING,SCENARIO_ORDER,CD6_E2_P10,24277,linhas do cenário não estão em ordem crescente de entry_time.
WARNING,SCENARIO_ORDER,CD6_E2_P10,24280,linhas do cenário não estão em ordem crescente de entry_time.
WARNING,SCENARIO_ORDER,CD6_E2_P10,24283,linhas do cenário não estão em ordem crescente de entry_time.
WARNING,SCENARIO_ORDER,CD6_E2_P10,24286,linhas do cenário não estão em ordem crescente de entry_time.
WARNING,SCENARIO_ORDER,CD6_E2_P10,24288,linhas do cenário não estão em ordem crescente de entry_time.
WARNING,SCENARIO_ORDER,CD6_E2_P10,24294,linhas do cenário não estão em ordem crescente de entry_time.
WARNING,SCENARIO_ORDER,CD6_E2_P10,24298,linhas do cenário não estão em ordem crescente de entry_time.
WARNING,SCENARIO_ORDER,CD6_E2_P10,24300,linhas do cenário não estão em ordem crescente de entry_time.
WARNING,SCENARIO_ORDER,CD6_E2_P10,24302,linhas do cenário não estão em ordem crescente de entry_time.
WARNING,SCENARIO_ORDER,CD6_E2_P10,24304,linhas do cenário não estão em ordem crescente de entry_time.
WARNING,SCENARIO_ORDER,CD6_E2_P10,24306,linhas do cenário não estão em ordem crescente de entry_time.
WARNING,SCENARIO_ORDER,CD6_E2_P10,24310,linhas do cenário não estão em ordem crescente de entry_time.
WARNING,SCENARIO_ORDER,CD6_E2_P10,24312,linhas do cenário não estão em ordem crescente de entry_time.
WARNING,SCENARIO_ORDER,CD6_E2_P10,24315,linhas do cenário não estão em ordem crescente de entry_time.
WARNING,SCENARIO_ORDER,CD6_E2_P10,24319,linhas do cenário não estão em ordem crescente de entry_time.
WARNING,SCENARIO_ORDER,CD6_E2_P10,24321,linhas do cenário não estão em ordem crescente de entry_time.
WARNING,SCENARIO_ORDER,CD6_E2_P10,24324,linhas do cenário não estão em ordem crescente de entry_time.
WARNING,SCENARIO_ORDER,CD6_E2_P15,24329,linhas do cenário não estão em ordem crescente de entry_time.
WARNING,SCENARIO_ORDER,CD6_E2_P15,24332,linhas do cenário não estão em ordem crescente de entry_time.
WARNING,SCENARIO_ORDER,CD6_E2_P15,24335,linhas do cenário não estão em ordem crescente de entry_time.
WARNING,SCENARIO_ORDER,CD6_E2_P15,24337,linhas do cenário não estão em ordem crescente de entry_time.
WARNING,SCENARIO_ORDER,CD6_E2_P15,24340,linhas do cenário não estão em ordem crescente de entry_time.
WARNING,SCENARIO_ORDER,CD6_E2_P15,24355,linhas do cenário não estão em ordem crescente de entry_time.
WARNING,SCENARIO_ORDER,CD6_E2_P15,24367,linhas do cenário não estão em ordem crescente de entry_time.
WARNING,SCENARIO_ORDER,CD6_E2_P15,24369,linhas do cenário não estão em ordem crescente de entry_time.
WARNING,SCENARIO_ORDER,CD6_E2_P15,24373,linhas do cenário não estão em ordem crescente de entry_time.
WARNING,SCENARIO_ORDER,CD6_E2_P15,24376,linhas do cenário não estão em ordem crescente de entry_time.
WARNING,SCENARIO_ORDER,CD6_E2_P15,24382,linhas do cenário não estão em ordem crescente de entry_time.
WARNING,SCENARIO_ORDER,CD6_E2_P15,24384,linhas do cenário não estão em ordem crescente de entry_time.
WARNING,SCENARIO_ORDER,CD6_E2_P15,24398,linhas do cenário não estão em ordem crescente de entry_time.
WARNING,SCENARIO_ORDER,CD6_E2_P15,24420,linhas do cenário não estão em ordem crescente de entry_time.
WARNING,SCENARIO_ORDER,CD6_E2_P15,24423,linhas do cenário não estão em ordem crescente de entry_time.
WARNING,SCENARIO_ORDER,CD6_E2_P15,24430,linhas do cenário não estão em ordem crescente de entry_time.
WARNING,SCENARIO_ORDER,CD6_E2_P15,24435,linhas do cenário não estão em ordem crescente de entry_time.
WARNING,SCENARIO_ORDER,CD6_E2_P15,24437,linhas do cenário não estão em ordem crescente de entry_time.
WARNING,SCENARIO_ORDER,CD6_E2_P15,24445,linhas do cenário não estão em ordem crescente de entry_time.
WARNING,SCENARIO_ORDER,CD6_E2_P15,24447,linhas do cenário não estão em ordem crescente de entry_time.
WARNING,SCENARIO_ORDER,CD6_E2_P15,24451,linhas do cenário não estão em ordem crescente de entry_time.
WARNING,SCENARIO_ORDER,CD6_E2_P15,24460,linhas do cenário não estão em ordem crescente de entry_time.
WARNING,SCENARIO_ORDER,CD6_E2_P15,24464,linhas do cenário não estão em ordem crescente de entry_time.
WARNING,SCENARIO_ORDER,CD6_E2_P15,24467,linhas do cenário não estão em ordem crescente de entry_time.
WARNING,SCENARIO_ORDER,CD6_E2_P15,24471,linhas do cenário não estão em ordem crescente de entry_time.
WARNING,SCENARIO_ORDER,CD6_E2_P15,24475,linhas do cenário não estão em ordem crescente de entry_time.
WARNING,SCENARIO_ORDER,CD6_E2_P15,24477,linhas do cenário não estão em ordem crescente de entry_time.
WARNING,SCENARIO_ORDER,CD6_E2_P15,24482,linhas do cenário não estão em ordem crescente de entry_time.
WARNING,SCENARIO_ORDER,CD6_E2_P15,24491,linhas do cenário não estão em ordem crescente de entry_time.
WARNING,SCENARIO_ORDER,CD6_E2_P15,24496,linhas do cenário não estão em ordem crescente de entry_time.
WARNING,SCENARIO_ORDER,CD6_E2_P15,24501,linhas do cenário não estão em ordem crescente de entry_time.
WARNING,SCENARIO_ORDER,CD6_E2_P15,24504,linhas do cenário não estão em ordem crescente de entry_time.
WARNING,SCENARIO_ORDER,CD6_E2_P15,24505,linhas do cenário não estão em ordem crescente de entry_time.
WARNING,SCENARIO_ORDER,CD6_E2_P15,24509,linhas do cenário não estão em ordem crescente de entry_time.
WARNING,SCENARIO_ORDER,CD6_E2_P15,24514,linhas do cenário não estão em ordem crescente de entry_time.
WARNING,SCENARIO_ORDER,CD6_E2_P15,24517,linhas do cenário não estão em ordem crescente de entry_time.
WARNING,SCENARIO_ORDER,CD6_E2_P15,24521,linhas do cenário não estão em ordem crescente de entry_time.
WARNING,SCENARIO_ORDER,CD6_E2_P15,24526,linhas do cenário não estão em ordem crescente de entry_time.
WARNING,SCENARIO_ORDER,CD6_E2_P15,24532,linhas do cenário não estão em ordem crescente de entry_time.
WARNING,SCENARIO_ORDER,CD6_E2_P15,24538,linhas do cenário não estão em ordem crescente de entry_time.
WARNING,SCENARIO_ORDER,CD6_E2_P15,24541,linhas do cenário não estão em ordem crescente de entry_time.
WARNING,SCENARIO_ORDER,CD6_E2_P15,24547,linhas do cenário não estão em ordem crescente de entry_time.
WARNING,SCENARIO_ORDER,CD6_E2_P15,24554,linhas do cenário não estão em ordem crescente de entry_time.
WARNING,SCENARIO_ORDER,CD6_E2_P15,24556,linhas do cenário não estão em ordem crescente de entry_time.
WARNING,SCENARIO_ORDER,CD6_E2_P15,24557,linhas do cenário não estão em ordem crescente de entry_time.
WARNING,SCENARIO_ORDER,CD6_E2_P15,24559,linhas do cenário não estão em ordem crescente de entry_time.
WARNING,SCENARIO_ORDER,CD6_E2_P15,24563,linhas do cenário não estão em ordem crescente de entry_time.
WARNING,SCENARIO_ORDER,CD6_E2_P15,24565,linhas do cenário não estão em ordem crescente de entry_time.
WARNING,SCENARIO_ORDER,CD6_E2_P15,24568,linhas do cenário não estão em ordem crescente de entry_time.
WARNING,SCENARIO_ORDER,CD6_E2_P15,24570,linhas do cenário não estão em ordem crescente de entry_time.
WARNING,SCENARIO_ORDER,CD6_E2_P15,24575,linhas do cenário não estão em ordem crescente de entry_time.
WARNING,SCENARIO_ORDER,CD6_E2_P15,24576,linhas do cenário não estão em ordem crescente de entry_time.
WARNING,SCENARIO_ORDER,CD6_E2_P15,24578,linhas do cenário não estão em ordem crescente de entry_time.
WARNING,SCENARIO_ORDER,CD6_E2_P15,24583,linhas do cenário não estão em ordem crescente de entry_time.
WARNING,SCENARIO_ORDER,CD6_E2_P15,24589,linhas do cenário não estão em ordem crescente de entry_time.
WARNING,SCENARIO_ORDER,CD6_E2_P15,24595,linhas do cenário não estão em ordem crescente de entry_time.
WARNING,SCENARIO_ORDER,CD6_E2_P15,24598,linhas do cenário não estão em ordem crescente de entry_time.
WARNING,SCENARIO_ORDER,CD6_E2_P15,24604,linhas do cenário não estão em ordem crescente de entry_time.
WARNING,SCENARIO_ORDER,CD6_E2_P15,24608,linhas do cenário não estão em ordem crescente de entry_time.
WARNING,SCENARIO_ORDER,CD6_E2_P15,24615,linhas do cenário não estão em ordem crescente de entry_time.
WARNING,SCENARIO_ORDER,CD6_E2_P15,24617,linhas do cenário não estão em ordem crescente de entry_time.
WARNING,SCENARIO_ORDER,CD6_E2_P15,24619,linhas do cenário não estão em ordem crescente de entry_time.
WARNING,SCENARIO_ORDER,CD6_E2_P15,24623,linhas do cenário não estão em ordem crescente de entry_time.
WARNING,SCENARIO_ORDER,CD6_E2_P15,24626,linhas do cenário não estão em ordem crescente de entry_time.
WARNING,SCENARIO_ORDER,CD6_E2_P15,24637,linhas do cenário não estão em ordem crescente de entry_time.
WARNING,SCENARIO_ORDER,CD6_E2_P15,24642,linhas do cenário não estão em ordem crescente de entry_time.
WARNING,SCENARIO_ORDER,CD6_E2_P15,24649,linhas do cenário não estão em ordem crescente de entry_time.
WARNING,SCENARIO_ORDER,CD6_E2_P15,24655,linhas do cenário não estão em ordem crescente de entry_time.
WARNING,SCENARIO_ORDER,CD6_E2_P15,24657,linhas do cenário não estão em ordem crescente de entry_time.
WARNING,SCENARIO_ORDER,CD6_E2_P15,24673,linhas do cenário não estão em ordem crescente de entry_time.
WARNING,SCENARIO_ORDER,CD6_E2_P15,24675,linhas do cenário não estão em ordem crescente de entry_time.
WARNING,SCENARIO_ORDER,CD6_E2_P15,24687,linhas do cenário não estão em ordem crescente de entry_time.
WARNING,SCENARIO_ORDER,CD6_E2_P15,24690,linhas do cenário não estão em ordem crescente de entry_time.
WARNING,SCENARIO_ORDER,CD6_E2_P15,24695,linhas do cenário não estão em ordem crescente de entry_time.
WARNING,SCENARIO_ORDER,CD6_E2_P15,24697,linhas do cenário não estão em ordem crescente de entry_time.
WARNING,SCENARIO_ORDER,CD6_E2_P15,24700,linhas do cenário não estão em ordem crescente de entry_time.
WARNING,SCENARIO_ORDER,CD6_E2_P15,24713,linhas do cenário não estão em ordem crescente de entry_time.
WARNING,SCENARIO_ORDER,CD6_E2_P15,24717,linhas do cenário não estão em ordem crescente de entry_time.
WARNING,SCENARIO_ORDER,CD6_E2_P15,24725,linhas do cenário não estão em ordem crescente de entry_time.
WARNING,SCENARIO_ORDER,CD6_E2_P15,24731,linhas do cenário não estão em ordem crescente de entry_time.
WARNING,SCENARIO_ORDER,CD6_E2_P15,24735,linhas do cenário não estão em ordem crescente de entry_time.
WARNING,SCENARIO_ORDER,CD6_E2_P15,24743,linhas do cenário não estão em ordem crescente de entry_time.
WARNING,SCENARIO_ORDER,CD6_E2_P15,24745,linhas do cenário não estão em ordem crescente de entry_time.
WARNING,SCENARIO_ORDER,CD6_E2_P15,24748,linhas do cenário não estão em ordem crescente de entry_time.
WARNING,SCENARIO_ORDER,CD6_E2_P15,24750,linhas do cenário não estão em ordem crescente de entry_time.
WARNING,SCENARIO_ORDER,CD6_E2_P15,24756,linhas do cenário não estão em ordem crescente de entry_time.
WARNING,SCENARIO_ORDER,CD6_E2_P15,24761,linhas do cenário não estão em ordem crescente de entry_time.
WARNING,SCENARIO_ORDER,CD6_E2_P15,24765,linhas do cenário não estão em ordem crescente de entry_time.
WARNING,SCENARIO_ORDER,CD6_E2_P15,24769,linhas do cenário não estão em ordem crescente de entry_time.
WARNING,SCENARIO_ORDER,CD6_E2_P15,24771,linhas do cenário não estão em ordem crescente de entry_time.
WARNING,SCENARIO_ORDER,CD6_E2_P15,24779,linhas do cenário não estão em ordem crescente de entry_time.
WARNING,SCENARIO_ORDER,CD6_E2_P15,24784,linhas do cenário não estão em ordem crescente de entry_time.
WARNING,SCENARIO_ORDER,CD6_E2_P15,24786,linhas do cenário não estão em ordem crescente de entry_time.
WARNING,SCENARIO_ORDER,CD6_E2_P15,24791,linhas do cenário não estão em ordem crescente de entry_time.
WARNING,SCENARIO_ORDER,CD6_E2_P15,24800,linhas do cenário não estão em ordem crescente de entry_time.
WARNING,SCENARIO_ORDER,CD6_E2_P15,24803,linhas do cenário não estão em ordem crescente de entry_time.
WARNING,SCENARIO_ORDER,CD6_E2_P15,24807,linhas do cenário não estão em ordem crescente de entry_time.
WARNING,SCENARIO_ORDER,CD6_E2_P15,24810,linhas do cenário não estão em ordem crescente de entry_time.
WARNING,SCENARIO_ORDER,CD6_E2_P15,24813,linhas do cenário não estão em ordem crescente de entry_time.
WARNING,SCENARIO_ORDER,CD6_E2_P15,24817,linhas do cenário não estão em ordem crescente de entry_time.
WARNING,SCENARIO_ORDER,CD6_E2_P15,24818,linhas do cenário não estão em ordem crescente de entry_time.
WARNING,SCENARIO_ORDER,CD6_E2_P15,24822,linhas do cenário não estão em ordem crescente de entry_time.
WARNING,SCENARIO_ORDER,CD12_E1_P5,24825,linhas do cenário não estão em ordem crescente de entry_time.
WARNING,SCENARIO_ORDER,CD12_E1_P5,24830,linhas do cenário não estão em ordem crescente de entry_time.
WARNING,SCENARIO_ORDER,CD12_E1_P5,24832,linhas do cenário não estão em ordem crescente de entry_time.
WARNING,SCENARIO_ORDER,CD12_E1_P5,24834,linhas do cenário não estão em ordem crescente de entry_time.
WARNING,SCENARIO_ORDER,CD12_E1_P5,24840,linhas do cenário não estão em ordem crescente de entry_time.
WARNING,SCENARIO_ORDER,CD12_E1_P5,24846,linhas do cenário não estão em ordem crescente de entry_time.
WARNING,SCENARIO_ORDER,CD12_E1_P5,24848,linhas do cenário não estão em ordem crescente de entry_time.
WARNING,SCENARIO_ORDER,CD12_E1_P5,24852,linhas do cenário não estão em ordem crescente de entry_time.
WARNING,SCENARIO_ORDER,CD12_E1_P5,24855,linhas do cenário não estão em ordem crescente de entry_time.
WARNING,SCENARIO_ORDER,CD12_E1_P5,24866,linhas do cenário não estão em ordem crescente de entry_time.
WARNING,SCENARIO_ORDER,CD12_E1_P5,24877,linhas do cenário não estão em ordem crescente de entry_time.
WARNING,SCENARIO_ORDER,CD12_E1_P5,24888,linhas do cenário não estão em ordem crescente de entry_time.
WARNING,SCENARIO_ORDER,CD12_E1_P5,24891,linhas do cenário não estão em ordem crescente de entry_time.
WARNING,SCENARIO_ORDER,CD12_E1_P5,24895,linhas do cenário não estão em ordem crescente de entry_time.
WARNING,SCENARIO_ORDER,CD12_E1_P5,24906,linhas do cenário não estão em ordem crescente de entry_time.
WARNING,SCENARIO_ORDER,CD12_E1_P5,24908,linhas do cenário não estão em ordem crescente de entry_time.
WARNING,SCENARIO_ORDER,CD12_E1_P5,24910,linhas do cenário não estão em ordem crescente de entry_time.
WARNING,SCENARIO_ORDER,CD12_E1_P5,24916,linhas do cenário não estão em ordem crescente de entry_time.
WARNING,SCENARIO_ORDER,CD12_E1_P5,24918,linhas do cenário não estão em ordem crescente de entry_time.
WARNING,SCENARIO_ORDER,CD12_E1_P5,24919,linhas do cenário não estão em ordem crescente de entry_time.
WARNING,SCENARIO_ORDER,CD12_E1_P5,24922,linhas do cenário não estão em ordem crescente de entry_time.
WARNING,SCENARIO_ORDER,CD12_E1_P5,24924,linhas do cenário não estão em ordem crescente de entry_time.
WARNING,SCENARIO_ORDER,CD12_E1_P5,24926,linhas do cenário não estão em ordem crescente de entry_time.
WARNING,SCENARIO_ORDER,CD12_E1_P5,24929,linhas do cenário não estão em ordem crescente de entry_time.
WARNING,SCENARIO_ORDER,CD12_E1_P5,24945,linhas do cenário não estão em ordem crescente de entry_time.
WARNING,SCENARIO_ORDER,CD12_E1_P5,24948,linhas do cenário não estão em ordem crescente de entry_time.
WARNING,SCENARIO_ORDER,CD12_E1_P5,24959,linhas do cenário não estão em ordem crescente de entry_time.
WARNING,SCENARIO_ORDER,CD12_E1_P5,24964,linhas do cenário não estão em ordem crescente de entry_time.
WARNING,SCENARIO_ORDER,CD12_E1_P5,24966,linhas do cenário não estão em ordem crescente de entry_time.
WARNING,SCENARIO_ORDER,CD12_E1_P5,24972,linhas do cenário não estão em ordem crescente de entry_time.
WARNING,SCENARIO_ORDER,CD12_E1_P5,24976,linhas do cenário não estão em ordem crescente de entry_time.
WARNING,SCENARIO_ORDER,CD12_E1_P5,24978,linhas do cenário não estão em ordem crescente de entry_time.
WARNING,SCENARIO_ORDER,CD12_E1_P5,24980,linhas do cenário não estão em ordem crescente de entry_time.
WARNING,SCENARIO_ORDER,CD12_E1_P5,24981,linhas do cenário não estão em ordem crescente de entry_time.
WARNING,SCENARIO_ORDER,CD12_E1_P5,24984,linhas do cenário não estão em ordem crescente de entry_time.
WARNING,SCENARIO_ORDER,CD12_E1_P5,24987,linhas do cenário não estão em ordem crescente de entry_time.
WARNING,SCENARIO_ORDER,CD12_E1_P5,24995,linhas do cenário não estão em ordem crescente de entry_time.
WARNING,SCENARIO_ORDER,CD12_E1_P5,24998,linhas do cenário não estão em ordem crescente de entry_time.
WARNING,SCENARIO_ORDER,CD12_E1_P5,24999,linhas do cenário não estão em ordem crescente de entry_time.
WARNING,SCENARIO_ORDER,CD12_E1_P5,25007,linhas do cenário não estão em ordem crescente de entry_time.
WARNING,SCENARIO_ORDER,CD12_E1_P7,25009,linhas do cenário não estão em ordem crescente de entry_time.
WARNING,SCENARIO_ORDER,CD12_E1_P7,25012,linhas do cenário não estão em ordem crescente de entry_time.
WARNING,SCENARIO_ORDER,CD12_E1_P7,25015,linhas do cenário não estão em ordem crescente de entry_time.
WARNING,SCENARIO_ORDER,CD12_E1_P7,25017,linhas do cenário não estão em ordem crescente de entry_time.
WARNING,SCENARIO_ORDER,CD12_E1_P7,25019,linhas do cenário não estão em ordem crescente de entry_time.
WARNING,SCENARIO_ORDER,CD12_E1_P7,25027,linhas do cenário não estão em ordem crescente de entry_time.
WARNING,SCENARIO_ORDER,CD12_E1_P7,25035,linhas do cenário não estão em ordem crescente de entry_time.
WARNING,SCENARIO_ORDER,CD12_E1_P7,25037,linhas do cenário não estão em ordem crescente de entry_time.
WARNING,SCENARIO_ORDER,CD12_E1_P7,25041,linhas do cenário não estão em ordem crescente de entry_time.
WARNING,SCENARIO_ORDER,CD12_E1_P7,25044,linhas do cenário não estão em ordem crescente de entry_time.
WARNING,SCENARIO_ORDER,CD12_E1_P7,25059,linhas do cenário não estão em ordem crescente de entry_time.
WARNING,SCENARIO_ORDER,CD12_E1_P7,25072,linhas do cenário não estão em ordem crescente de entry_time.
WARNING,SCENARIO_ORDER,CD12_E1_P7,25074,linhas do cenário não estão em ordem crescente de entry_time.
WARNING,SCENARIO_ORDER,CD12_E1_P7,25083,linhas do cenário não estão em ordem crescente de entry_time.
WARNING,SCENARIO_ORDER,CD12_E1_P7,25088,linhas do cenário não estão em ordem crescente de entry_time.
WARNING,SCENARIO_ORDER,CD12_E1_P7,25091,linhas do cenário não estão em ordem crescente de entry_time.
WARNING,SCENARIO_ORDER,CD12_E1_P7,25099,linhas do cenário não estão em ordem crescente de entry_time.
WARNING,SCENARIO_ORDER,CD12_E1_P7,25108,linhas do cenário não estão em ordem crescente de entry_time.
WARNING,SCENARIO_ORDER,CD12_E1_P7,25109,linhas do cenário não estão em ordem crescente de entry_time.
WARNING,SCENARIO_ORDER,CD12_E1_P7,25110,linhas do cenário não estão em ordem crescente de entry_time.
WARNING,SCENARIO_ORDER,CD12_E1_P7,25112,linhas do cenário não estão em ordem crescente de entry_time.
WARNING,SCENARIO_ORDER,CD12_E1_P7,25113,linhas do cenário não estão em ordem crescente de entry_time.
WARNING,SCENARIO_ORDER,CD12_E1_P7,25117,linhas do cenário não estão em ordem crescente de entry_time.
WARNING,SCENARIO_ORDER,CD12_E1_P7,25122,linhas do cenário não estão em ordem crescente de entry_time.
WARNING,SCENARIO_ORDER,CD12_E1_P7,25127,linhas do cenário não estão em ordem crescente de entry_time.
WARNING,SCENARIO_ORDER,CD12_E1_P7,25130,linhas do cenário não estão em ordem crescente de entry_time.
WARNING,SCENARIO_ORDER,CD12_E1_P7,25133,linhas do cenário não estão em ordem crescente de entry_time.
WARNING,SCENARIO_ORDER,CD12_E1_P7,25134,linhas do cenário não estão em ordem crescente de entry_time.
WARNING,SCENARIO_ORDER,CD12_E1_P7,25135,linhas do cenário não estão em ordem crescente de entry_time.
WARNING,SCENARIO_ORDER,CD12_E1_P7,25136,linhas do cenário não estão em ordem crescente de entry_time.
WARNING,SCENARIO_ORDER,CD12_E1_P7,25138,linhas do cenário não estão em ordem crescente de entry_time.
WARNING,SCENARIO_ORDER,CD12_E1_P7,25140,linhas do cenário não estão em ordem crescente de entry_time.
WARNING,SCENARIO_ORDER,CD12_E1_P7,25143,linhas do cenário não estão em ordem crescente de entry_time.
WARNING,SCENARIO_ORDER,CD12_E1_P7,25148,linhas do cenário não estão em ordem crescente de entry_time.
WARNING,SCENARIO_ORDER,CD12_E1_P7,25156,linhas do cenário não estão em ordem crescente de entry_time.
WARNING,SCENARIO_ORDER,CD12_E1_P7,25158,linhas do cenário não estão em ordem crescente de entry_time.
WARNING,SCENARIO_ORDER,CD12_E1_P7,25171,linhas do cenário não estão em ordem crescente de entry_time.
WARNING,SCENARIO_ORDER,CD12_E1_P7,25174,linhas do cenário não estão em ordem crescente de entry_time.
WARNING,SCENARIO_ORDER,CD12_E1_P7,25178,linhas do cenário não estão em ordem crescente de entry_time.
WARNING,SCENARIO_ORDER,CD12_E1_P7,25180,linhas do cenário não estão em ordem crescente de entry_time.
WARNING,SCENARIO_ORDER,CD12_E1_P7,25183,linhas do cenário não estão em ordem crescente de entry_time.
WARNING,SCENARIO_ORDER,CD12_E1_P7,25188,linhas do cenário não estão em ordem crescente de entry_time.
WARNING,SCENARIO_ORDER,CD12_E1_P7,25199,linhas do cenário não estão em ordem crescente de entry_time.
WARNING,SCENARIO_ORDER,CD12_E1_P7,25204,linhas do cenário não estão em ordem crescente de entry_time.
WARNING,SCENARIO_ORDER,CD12_E1_P7,25206,linhas do cenário não estão em ordem crescente de entry_time.
WARNING,SCENARIO_ORDER,CD12_E1_P7,25209,linhas do cenário não estão em ordem crescente de entry_time.
WARNING,SCENARIO_ORDER,CD12_E1_P7,25211,linhas do cenário não estão em ordem crescente de entry_time.
WARNING,SCENARIO_ORDER,CD12_E1_P7,25215,linhas do cenário não estão em ordem crescente de entry_time.
WARNING,SCENARIO_ORDER,CD12_E1_P7,25220,linhas do cenário não estão em ordem crescente de entry_time.
WARNING,SCENARIO_ORDER,CD12_E1_P7,25221,linhas do cenário não estão em ordem crescente de entry_time.
WARNING,SCENARIO_ORDER,CD12_E1_P7,25223,linhas do cenário não estão em ordem crescente de entry_time.
WARNING,SCENARIO_ORDER,CD12_E1_P7,25227,linhas do cenário não estão em ordem crescente de entry_time.
WARNING,SCENARIO_ORDER,CD12_E1_P7,25228,linhas do cenário não estão em ordem crescente de entry_time.
WARNING,SCENARIO_ORDER,CD12_E1_P7,25233,linhas do cenário não estão em ordem crescente de entry_time.
WARNING,SCENARIO_ORDER,CD12_E1_P7,25234,linhas do cenário não estão em ordem crescente de entry_time.
WARNING,SCENARIO_ORDER,CD12_E1_P7,25236,linhas do cenário não estão em ordem crescente de entry_time.
WARNING,SCENARIO_ORDER,CD12_E1_P7,25242,linhas do cenário não estão em ordem crescente de entry_time.
WARNING,SCENARIO_ORDER,CD12_E1_P7,25244,linhas do cenário não estão em ordem crescente de entry_time.
WARNING,SCENARIO_ORDER,CD12_E1_P7,25246,linhas do cenário não estão em ordem crescente de entry_time.
WARNING,SCENARIO_ORDER,CD12_E1_P7,25248,linhas do cenário não estão em ordem crescente de entry_time.
WARNING,SCENARIO_ORDER,CD12_E1_P7,25251,linhas do cenário não estão em ordem crescente de entry_time.
WARNING,SCENARIO_ORDER,CD12_E1_P7,25253,linhas do cenário não estão em ordem crescente de entry_time.
WARNING,SCENARIO_ORDER,CD12_E1_P7,25257,linhas do cenário não estão em ordem crescente de entry_time.
WARNING,SCENARIO_ORDER,CD12_E1_P7,25259,linhas do cenário não estão em ordem crescente de entry_time.
WARNING,SCENARIO_ORDER,CD12_E1_P7,25261,linhas do cenário não estão em ordem crescente de entry_time.
WARNING,SCENARIO_ORDER,CD12_E1_P7,25263,linhas do cenário não estão em ordem crescente de entry_time.
WARNING,SCENARIO_ORDER,CD12_E1_P15,25265,linhas do cenário não estão em ordem crescente de entry_time.
WARNING,SCENARIO_ORDER,CD12_E1_P15,25268,linhas do cenário não estão em ordem crescente de entry_time.
WARNING,SCENARIO_ORDER,CD12_E1_P15,25271,linhas do cenário não estão em ordem crescente de entry_time.
WARNING,SCENARIO_ORDER,CD12_E1_P15,25273,linhas do cenário não estão em ordem crescente de entry_time.
WARNING,SCENARIO_ORDER,CD12_E1_P15,25276,linhas do cenário não estão em ordem crescente de entry_time.
WARNING,SCENARIO_ORDER,CD12_E1_P15,25291,linhas do cenário não estão em ordem crescente de entry_time.
WARNING,SCENARIO_ORDER,CD12_E1_P15,25299,linhas do cenário não estão em ordem crescente de entry_time.
WARNING,SCENARIO_ORDER,CD12_E1_P15,25304,linhas do cenário não estão em ordem crescente de entry_time.
WARNING,SCENARIO_ORDER,CD12_E1_P15,25307,linhas do cenário não estão em ordem crescente de entry_time.
WARNING,SCENARIO_ORDER,CD12_E1_P15,25313,linhas do cenário não estão em ordem crescente de entry_time.
WARNING,SCENARIO_ORDER,CD12_E1_P15,25315,linhas do cenário não estão em ordem crescente de entry_time.
WARNING,SCENARIO_ORDER,CD12_E1_P15,25329,linhas do cenário não estão em ordem crescente de entry_time.
WARNING,SCENARIO_ORDER,CD12_E1_P15,25347,linhas do cenário não estão em ordem crescente de entry_time.
WARNING,SCENARIO_ORDER,CD12_E1_P15,25352,linhas do cenário não estão em ordem crescente de entry_time.
WARNING,SCENARIO_ORDER,CD12_E1_P15,25355,linhas do cenário não estão em ordem crescente de entry_time.
WARNING,SCENARIO_ORDER,CD12_E1_P15,25365,linhas do cenário não estão em ordem crescente de entry_time.
WARNING,SCENARIO_ORDER,CD12_E1_P15,25367,linhas do cenário não estão em ordem crescente de entry_time.
WARNING,SCENARIO_ORDER,CD12_E1_P15,25376,linhas do cenário não estão em ordem crescente de entry_time.
WARNING,SCENARIO_ORDER,CD12_E1_P15,25378,linhas do cenário não estão em ordem crescente de entry_time.
WARNING,SCENARIO_ORDER,CD12_E1_P15,25379,linhas do cenário não estão em ordem crescente de entry_time.
WARNING,SCENARIO_ORDER,CD12_E1_P15,25381,linhas do cenário não estão em ordem crescente de entry_time.
WARNING,SCENARIO_ORDER,CD12_E1_P15,25388,linhas do cenário não estão em ordem crescente de entry_time.
WARNING,SCENARIO_ORDER,CD12_E1_P15,25392,linhas do cenário não estão em ordem crescente de entry_time.
WARNING,SCENARIO_ORDER,CD12_E1_P15,25396,linhas do cenário não estão em ordem crescente de entry_time.
WARNING,SCENARIO_ORDER,CD12_E1_P15,25401,linhas do cenário não estão em ordem crescente de entry_time.
WARNING,SCENARIO_ORDER,CD12_E1_P15,25403,linhas do cenário não estão em ordem crescente de entry_time.
WARNING,SCENARIO_ORDER,CD12_E1_P15,25407,linhas do cenário não estão em ordem crescente de entry_time.
WARNING,SCENARIO_ORDER,CD12_E1_P15,25409,linhas do cenário não estão em ordem crescente de entry_time.
WARNING,SCENARIO_ORDER,CD12_E1_P15,25418,linhas do cenário não estão em ordem crescente de entry_time.
WARNING,SCENARIO_ORDER,CD12_E1_P15,25420,linhas do cenário não estão em ordem crescente de entry_time.
WARNING,SCENARIO_ORDER,CD12_E1_P15,25426,linhas do cenário não estão em ordem crescente de entry_time.
WARNING,SCENARIO_ORDER,CD12_E1_P15,25429,linhas do cenário não estão em ordem crescente de entry_time.
WARNING,SCENARIO_ORDER,CD12_E1_P15,25431,linhas do cenário não estão em ordem crescente de entry_time.
WARNING,SCENARIO_ORDER,CD12_E1_P15,25434,linhas do cenário não estão em ordem crescente de entry_time.
WARNING,SCENARIO_ORDER,CD12_E1_P15,25437,linhas do cenário não estão em ordem crescente de entry_time.
WARNING,SCENARIO_ORDER,CD12_E1_P15,25438,linhas do cenário não estão em ordem crescente de entry_time.
WARNING,SCENARIO_ORDER,CD12_E1_P15,25442,linhas do cenário não estão em ordem crescente de entry_time.
WARNING,SCENARIO_ORDER,CD12_E1_P15,25452,linhas do cenário não estão em ordem crescente de entry_time.
WARNING,SCENARIO_ORDER,CD12_E1_P15,25457,linhas do cenário não estão em ordem crescente de entry_time.
WARNING,SCENARIO_ORDER,CD12_E1_P15,25460,linhas do cenário não estão em ordem crescente de entry_time.
WARNING,SCENARIO_ORDER,CD12_E1_P15,25465,linhas do cenário não estão em ordem crescente de entry_time.
WARNING,SCENARIO_ORDER,CD12_E1_P15,25472,linhas do cenário não estão em ordem crescente de entry_time.
WARNING,SCENARIO_ORDER,CD12_E1_P15,25473,linhas do cenário não estão em ordem crescente de entry_time.
WARNING,SCENARIO_ORDER,CD12_E1_P15,25479,linhas do cenário não estão em ordem crescente de entry_time.
WARNING,SCENARIO_ORDER,CD12_E1_P15,25480,linhas do cenário não estão em ordem crescente de entry_time.
WARNING,SCENARIO_ORDER,CD12_E1_P15,25488,linhas do cenário não estão em ordem crescente de entry_time.
WARNING,SCENARIO_ORDER,CD12_E1_P15,25491,linhas do cenário não estão em ordem crescente de entry_time.
WARNING,SCENARIO_ORDER,CD12_E1_P15,25496,linhas do cenário não estão em ordem crescente de entry_time.
WARNING,SCENARIO_ORDER,CD12_E1_P15,25498,linhas do cenário não estão em ordem crescente de entry_time.
WARNING,SCENARIO_ORDER,CD12_E1_P15,25500,linhas do cenário não estão em ordem crescente de entry_time.
WARNING,SCENARIO_ORDER,CD12_E1_P15,25505,linhas do cenário não estão em ordem crescente de entry_time.
WARNING,SCENARIO_ORDER,CD12_E1_P15,25514,linhas do cenário não estão em ordem crescente de entry_time.
WARNING,SCENARIO_ORDER,CD12_E1_P15,25517,linhas do cenário não estão em ordem crescente de entry_time.
WARNING,SCENARIO_ORDER,CD12_E1_P15,25519,linhas do cenário não estão em ordem crescente de entry_time.
WARNING,SCENARIO_ORDER,CD12_E1_P15,25523,linhas do cenário não estão em ordem crescente de entry_time.
WARNING,SCENARIO_ORDER,CD12_E1_P15,25525,linhas do cenário não estão em ordem crescente de entry_time.
WARNING,SCENARIO_ORDER,CD12_E1_P15,25527,linhas do cenário não estão em ordem crescente de entry_time.
WARNING,SCENARIO_ORDER,CD12_E1_P15,25530,linhas do cenário não estão em ordem crescente de entry_time.
WARNING,SCENARIO_ORDER,CD12_E1_P15,25536,linhas do cenário não estão em ordem crescente de entry_time.
WARNING,SCENARIO_ORDER,CD12_E1_P15,25539,linhas do cenário não estão em ordem crescente de entry_time.
WARNING,SCENARIO_ORDER,CD12_E1_P15,25540,linhas do cenário não estão em ordem crescente de entry_time.
WARNING,SCENARIO_ORDER,CD12_E1_P15,25543,linhas do cenário não estão em ordem crescente de entry_time.
WARNING,SCENARIO_ORDER,CD12_E1_P15,25547,linhas do cenário não estão em ordem crescente de entry_time.
WARNING,SCENARIO_ORDER,CD12_E1_P15,25551,linhas do cenário não estão em ordem crescente de entry_time.
WARNING,SCENARIO_ORDER,CD12_E1_P15,25554,linhas do cenário não estão em ordem crescente de entry_time.
WARNING,SCENARIO_ORDER,CD12_E1_P15,25556,linhas do cenário não estão em ordem crescente de entry_time.
WARNING,SCENARIO_ORDER,CD12_E1_P15,25565,linhas do cenário não estão em ordem crescente de entry_time.
WARNING,SCENARIO_ORDER,CD12_E1_P15,25571,linhas do cenário não estão em ordem crescente de entry_time.
WARNING,SCENARIO_ORDER,CD12_E1_P15,25574,linhas do cenário não estão em ordem crescente de entry_time.
WARNING,SCENARIO_ORDER,CD12_E1_P15,25579,linhas do cenário não estão em ordem crescente de entry_time.
WARNING,SCENARIO_ORDER,CD12_E1_P15,25583,linhas do cenário não estão em ordem crescente de entry_time.
WARNING,SCENARIO_ORDER,CD12_E1_P15,25585,linhas do cenário não estão em ordem crescente de entry_time.
WARNING,SCENARIO_ORDER,CD12_E1_P15,25587,linhas do cenário não estão em ordem crescente de entry_time.
WARNING,SCENARIO_ORDER,CD12_E1_P15,25594,linhas do cenário não estão em ordem crescente de entry_time.
WARNING,SCENARIO_ORDER,CD12_E1_P15,25601,linhas do cenário não estão em ordem crescente de entry_time.
WARNING,SCENARIO_ORDER,CD12_E1_P15,25605,linhas do cenário não estão em ordem crescente de entry_time.
WARNING,SCENARIO_ORDER,CD12_E1_P15,25609,linhas do cenário não estão em ordem crescente de entry_time.
WARNING,SCENARIO_ORDER,CD12_E1_P15,25614,linhas do cenário não estão em ordem crescente de entry_time.
WARNING,SCENARIO_ORDER,CD12_E1_P15,25617,linhas do cenário não estão em ordem crescente de entry_time.
WARNING,SCENARIO_ORDER,CD12_E1_P15,25621,linhas do cenário não estão em ordem crescente de entry_time.
WARNING,SCENARIO_ORDER,CD12_E1_P15,25623,linhas do cenário não estão em ordem crescente de entry_time.
WARNING,SCENARIO_ORDER,CD12_E1_P15,25625,linhas do cenário não estão em ordem crescente de entry_time.
WARNING,SCENARIO_ORDER,CD12_E1_P15,25628,linhas do cenário não estão em ordem crescente de entry_time.
WARNING,SCENARIO_ORDER,CD12_E1_P15,25632,linhas do cenário não estão em ordem crescente de entry_time.
WARNING,SCENARIO_ORDER,CD12_E1_P15,25634,linhas do cenário não estão em ordem crescente de entry_time.
WARNING,SCENARIO_ORDER,CD12_E1_P15,25636,linhas do cenário não estão em ordem crescente de entry_time.
WARNING,SCENARIO_ORDER,CD12_E1_P15,25639,linhas do cenário não estão em ordem crescente de entry_time.
WARNING,SCENARIO_ORDER,CD12_E1_P15,25643,linhas do cenário não estão em ordem crescente de entry_time.
WARNING,SCENARIO_ORDER,CD12_E1_P15,25647,linhas do cenário não estão em ordem crescente de entry_time.
WARNING,SCENARIO_ORDER,CD12_E1_P15,25651,linhas do cenário não estão em ordem crescente de entry_time.
WARNING,SCENARIO_ORDER,CD12_E1_P15,25653,linhas do cenário não estão em ordem crescente de entry_time.
WARNING,SCENARIO_ORDER,CD12_E1_P15,25655,linhas do cenário não estão em ordem crescente de entry_time.
WARNING,SCENARIO_ORDER,CD12_E1_P15,25661,linhas do cenário não estão em ordem crescente de entry_time.
WARNING,SCENARIO_ORDER,CD12_E1_P15,25663,linhas do cenário não estão em ordem crescente de entry_time.
WARNING,SCENARIO_ORDER,CD12_E1_P15,25670,linhas do cenário não estão em ordem crescente de entry_time.
WARNING,SCENARIO_ORDER,CD12_E1_P15,25673,linhas do cenário não estão em ordem crescente de entry_time.
WARNING,SCENARIO_ORDER,CD12_E1_P15,25677,linhas do cenário não estão em ordem crescente de entry_time.
WARNING,SCENARIO_ORDER,CD12_E1_P15,25680,linhas do cenário não estão em ordem crescente de entry_time.
WARNING,SCENARIO_ORDER,CD12_E1_P15,25682,linhas do cenário não estão em ordem crescente de entry_time.
WARNING,SCENARIO_ORDER,CD12_E1_P15,25686,linhas do cenário não estão em ordem crescente de entry_time.
WARNING,SCENARIO_ORDER,CD12_E1_P15,25691,linhas do cenário não estão em ordem crescente de entry_time.
WARNING,SCENARIO_ORDER,CD12_E1_P15,25695,linhas do cenário não estão em ordem crescente de entry_time.
WARNING,SCENARIO_ORDER,CD12_E1_P15,25704,linhas do cenário não estão em ordem crescente de entry_time.
WARNING,SCENARIO_ORDER,CD12_E1_P15,25708,linhas do cenário não estão em ordem crescente de entry_time.
WARNING,SCENARIO_ORDER,CD12_E1_P15,25712,linhas do cenário não estão em ordem crescente de entry_time.
WARNING,SCENARIO_ORDER,CD12_E1_P15,25721,linhas do cenário não estão em ordem crescente de entry_time.
WARNING,SCENARIO_ORDER,CD12_E1_P15,25728,linhas do cenário não estão em ordem crescente de entry_time.
WARNING,SCENARIO_ORDER,CD12_E1_P15,25731,linhas do cenário não estão em ordem crescente de entry_time.
WARNING,SCENARIO_ORDER,CD12_E1_P15,25732,linhas do cenário não estão em ordem crescente de entry_time.
WARNING,SCENARIO_ORDER,CD12_E1_P15,25734,linhas do cenário não estão em ordem crescente de entry_time.
WARNING,SCENARIO_ORDER,CD12_E1_P15,25736,linhas do cenário não estão em ordem crescente de entry_time.
WARNING,SCENARIO_ORDER,CD12_E1_P15,25740,linhas do cenário não estão em ordem crescente de entry_time.
WARNING,SCENARIO_ORDER,CD12_E1_P15,25741,linhas do cenário não estão em ordem crescente de entry_time.
WARNING,SCENARIO_ORDER,CD12_E1_P15,25743,linhas do cenário não estão em ordem crescente de entry_time.
WARNING,SCENARIO_ORDER,CD12_E1_P15,25745,linhas do cenário não estão em ordem crescente de entry_time.
WARNING,SCENARIO_ORDER,CD12_E2_P5,25748,linhas do cenário não estão em ordem crescente de entry_time.
WARNING,SCENARIO_ORDER,CD12_E2_P5,25753,linhas do cenário não estão em ordem crescente de entry_time.
WARNING,SCENARIO_ORDER,CD12_E2_P5,25755,linhas do cenário não estão em ordem crescente de entry_time.
WARNING,SCENARIO_ORDER,CD12_E2_P5,25757,linhas do cenário não estão em ordem crescente de entry_time.
WARNING,SCENARIO_ORDER,CD12_E2_P5,25763,linhas do cenário não estão em ordem crescente de entry_time.
WARNING,SCENARIO_ORDER,CD12_E2_P5,25771,linhas do cenário não estão em ordem crescente de entry_time.
WARNING,SCENARIO_ORDER,CD12_E2_P5,25775,linhas do cenário não estão em ordem crescente de entry_time.
WARNING,SCENARIO_ORDER,CD12_E2_P5,25778,linhas do cenário não estão em ordem crescente de entry_time.
WARNING,SCENARIO_ORDER,CD12_E2_P5,25789,linhas do cenário não estão em ordem crescente de entry_time.
WARNING,SCENARIO_ORDER,CD12_E2_P5,25800,linhas do cenário não estão em ordem crescente de entry_time.
WARNING,SCENARIO_ORDER,CD12_E2_P5,25811,linhas do cenário não estão em ordem crescente de entry_time.
WARNING,SCENARIO_ORDER,CD12_E2_P5,25814,linhas do cenário não estão em ordem crescente de entry_time.
WARNING,SCENARIO_ORDER,CD12_E2_P5,25818,linhas do cenário não estão em ordem crescente de entry_time.
WARNING,SCENARIO_ORDER,CD12_E2_P5,25829,linhas do cenário não estão em ordem crescente de entry_time.
WARNING,SCENARIO_ORDER,CD12_E2_P5,25831,linhas do cenário não estão em ordem crescente de entry_time.
WARNING,SCENARIO_ORDER,CD12_E2_P5,25833,linhas do cenário não estão em ordem crescente de entry_time.
WARNING,SCENARIO_ORDER,CD12_E2_P5,25839,linhas do cenário não estão em ordem crescente de entry_time.
WARNING,SCENARIO_ORDER,CD12_E2_P5,25841,linhas do cenário não estão em ordem crescente de entry_time.
WARNING,SCENARIO_ORDER,CD12_E2_P5,25842,linhas do cenário não estão em ordem crescente de entry_time.
WARNING,SCENARIO_ORDER,CD12_E2_P5,25845,linhas do cenário não estão em ordem crescente de entry_time.
WARNING,SCENARIO_ORDER,CD12_E2_P5,25847,linhas do cenário não estão em ordem crescente de entry_time.
WARNING,SCENARIO_ORDER,CD12_E2_P5,25849,linhas do cenário não estão em ordem crescente de entry_time.
WARNING,SCENARIO_ORDER,CD12_E2_P5,25852,linhas do cenário não estão em ordem crescente de entry_time.
WARNING,SCENARIO_ORDER,CD12_E2_P5,25868,linhas do cenário não estão em ordem crescente de entry_time.
WARNING,SCENARIO_ORDER,CD12_E2_P5,25871,linhas do cenário não estão em ordem crescente de entry_time.
WARNING,SCENARIO_ORDER,CD12_E2_P5,25882,linhas do cenário não estão em ordem crescente de entry_time.
WARNING,SCENARIO_ORDER,CD12_E2_P5,25887,linhas do cenário não estão em ordem crescente de entry_time.
WARNING,SCENARIO_ORDER,CD12_E2_P5,25889,linhas do cenário não estão em ordem crescente de entry_time.
WARNING,SCENARIO_ORDER,CD12_E2_P5,25895,linhas do cenário não estão em ordem crescente de entry_time.
WARNING,SCENARIO_ORDER,CD12_E2_P5,25899,linhas do cenário não estão em ordem crescente de entry_time.
WARNING,SCENARIO_ORDER,CD12_E2_P5,25901,linhas do cenário não estão em ordem crescente de entry_time.
WARNING,SCENARIO_ORDER,CD12_E2_P5,25903,linhas do cenário não estão em ordem crescente de entry_time.
WARNING,SCENARIO_ORDER,CD12_E2_P5,25904,linhas do cenário não estão em ordem crescente de entry_time.
WARNING,SCENARIO_ORDER,CD12_E2_P5,25907,linhas do cenário não estão em ordem crescente de entry_time.
WARNING,SCENARIO_ORDER,CD12_E2_P5,25910,linhas do cenário não estão em ordem crescente de entry_time.
WARNING,SCENARIO_ORDER,CD12_E2_P5,25912,linhas do cenário não estão em ordem crescente de entry_time.
WARNING,SCENARIO_ORDER,CD12_E2_P5,25916,linhas do cenário não estão em ordem crescente de entry_time.
WARNING,SCENARIO_ORDER,CD12_E2_P5,25919,linhas do cenário não estão em ordem crescente de entry_time.
WARNING,SCENARIO_ORDER,CD12_E2_P5,25921,linhas do cenário não estão em ordem crescente de entry_time.
WARNING,SCENARIO_ORDER,CD12_E2_P5,25922,linhas do cenário não estão em ordem crescente de entry_time.
WARNING,SCENARIO_ORDER,CD12_E2_P5,25926,linhas do cenário não estão em ordem crescente de entry_time.
WARNING,SCENARIO_ORDER,CD12_E2_P5,25931,linhas do cenário não estão em ordem crescente de entry_time.
WARNING,SCENARIO_ORDER,CD12_E2_P7,25933,linhas do cenário não estão em ordem crescente de entry_time.
WARNING,SCENARIO_ORDER,CD12_E2_P7,25936,linhas do cenário não estão em ordem crescente de entry_time.
WARNING,SCENARIO_ORDER,CD12_E2_P7,25939,linhas do cenário não estão em ordem crescente de entry_time.
WARNING,SCENARIO_ORDER,CD12_E2_P7,25941,linhas do cenário não estão em ordem crescente de entry_time.
WARNING,SCENARIO_ORDER,CD12_E2_P7,25943,linhas do cenário não estão em ordem crescente de entry_time.
WARNING,SCENARIO_ORDER,CD12_E2_P7,25951,linhas do cenário não estão em ordem crescente de entry_time.
WARNING,SCENARIO_ORDER,CD12_E2_P7,25961,linhas do cenário não estão em ordem crescente de entry_time.
WARNING,SCENARIO_ORDER,CD12_E2_P7,25965,linhas do cenário não estão em ordem crescente de entry_time.
WARNING,SCENARIO_ORDER,CD12_E2_P7,25968,linhas do cenário não estão em ordem crescente de entry_time.
WARNING,SCENARIO_ORDER,CD12_E2_P7,25983,linhas do cenário não estão em ordem crescente de entry_time.
WARNING,SCENARIO_ORDER,CD12_E2_P7,25996,linhas do cenário não estão em ordem crescente de entry_time.
WARNING,SCENARIO_ORDER,CD12_E2_P7,25998,linhas do cenário não estão em ordem crescente de entry_time.
WARNING,SCENARIO_ORDER,CD12_E2_P7,26007,linhas do cenário não estão em ordem crescente de entry_time.
WARNING,SCENARIO_ORDER,CD12_E2_P7,26012,linhas do cenário não estão em ordem crescente de entry_time.
WARNING,SCENARIO_ORDER,CD12_E2_P7,26015,linhas do cenário não estão em ordem crescente de entry_time.
WARNING,SCENARIO_ORDER,CD12_E2_P7,26017,linhas do cenário não estão em ordem crescente de entry_time.
WARNING,SCENARIO_ORDER,CD12_E2_P7,26022,linhas do cenário não estão em ordem crescente de entry_time.
WARNING,SCENARIO_ORDER,CD12_E2_P7,26025,linhas do cenário não estão em ordem crescente de entry_time.
WARNING,SCENARIO_ORDER,CD12_E2_P7,26033,linhas do cenário não estão em ordem crescente de entry_time.
WARNING,SCENARIO_ORDER,CD12_E2_P7,26034,linhas do cenário não estão em ordem crescente de entry_time.
WARNING,SCENARIO_ORDER,CD12_E2_P7,26035,linhas do cenário não estão em ordem crescente de entry_time.
WARNING,SCENARIO_ORDER,CD12_E2_P7,26037,linhas do cenário não estão em ordem crescente de entry_time.
WARNING,SCENARIO_ORDER,CD12_E2_P7,26041,linhas do cenário não estão em ordem crescente de entry_time.
WARNING,SCENARIO_ORDER,CD12_E2_P7,26044,linhas do cenário não estão em ordem crescente de entry_time.
WARNING,SCENARIO_ORDER,CD12_E2_P7,26054,linhas do cenário não estão em ordem crescente de entry_time.
WARNING,SCENARIO_ORDER,CD12_E2_P7,26055,linhas do cenário não estão em ordem crescente de entry_time.
WARNING,SCENARIO_ORDER,CD12_E2_P7,26058,linhas do cenário não estão em ordem crescente de entry_time.
WARNING,SCENARIO_ORDER,CD12_E2_P7,26059,linhas do cenário não estão em ordem crescente de entry_time.
WARNING,SCENARIO_ORDER,CD12_E2_P7,26062,linhas do cenário não estão em ordem crescente de entry_time.
WARNING,SCENARIO_ORDER,CD12_E2_P7,26066,linhas do cenário não estão em ordem crescente de entry_time.
WARNING,SCENARIO_ORDER,CD12_E2_P7,26067,linhas do cenário não estão em ordem crescente de entry_time.
WARNING,SCENARIO_ORDER,CD12_E2_P7,26069,linhas do cenário não estão em ordem crescente de entry_time.
WARNING,SCENARIO_ORDER,CD12_E2_P7,26071,linhas do cenário não estão em ordem crescente de entry_time.
WARNING,SCENARIO_ORDER,CD12_E2_P7,26074,linhas do cenário não estão em ordem crescente de entry_time.
WARNING,SCENARIO_ORDER,CD12_E2_P7,26083,linhas do cenário não estão em ordem crescente de entry_time.
WARNING,SCENARIO_ORDER,CD12_E2_P7,26086,linhas do cenário não estão em ordem crescente de entry_time.
WARNING,SCENARIO_ORDER,CD12_E2_P7,26096,linhas do cenário não estão em ordem crescente de entry_time.
WARNING,SCENARIO_ORDER,CD12_E2_P7,26098,linhas do cenário não estão em ordem crescente de entry_time.
WARNING,SCENARIO_ORDER,CD12_E2_P7,26099,linhas do cenário não estão em ordem crescente de entry_time.
WARNING,SCENARIO_ORDER,CD12_E2_P7,26102,linhas do cenário não estão em ordem crescente de entry_time.
WARNING,SCENARIO_ORDER,CD12_E2_P7,26108,linhas do cenário não estão em ordem crescente de entry_time.
WARNING,SCENARIO_ORDER,CD12_E2_P7,26112,linhas do cenário não estão em ordem crescente de entry_time.
WARNING,SCENARIO_ORDER,CD12_E2_P7,26118,linhas do cenário não estão em ordem crescente de entry_time.
WARNING,SCENARIO_ORDER,CD12_E2_P7,26125,linhas do cenário não estão em ordem crescente de entry_time.
WARNING,SCENARIO_ORDER,CD12_E2_P7,26127,linhas do cenário não estão em ordem crescente de entry_time.
WARNING,SCENARIO_ORDER,CD12_E2_P7,26130,linhas do cenário não estão em ordem crescente de entry_time.
WARNING,SCENARIO_ORDER,CD12_E2_P7,26135,linhas do cenário não estão em ordem crescente de entry_time.
WARNING,SCENARIO_ORDER,CD12_E2_P7,26141,linhas do cenário não estão em ordem crescente de entry_time.
WARNING,SCENARIO_ORDER,CD12_E2_P7,26142,linhas do cenário não estão em ordem crescente de entry_time.
WARNING,SCENARIO_ORDER,CD12_E2_P7,26144,linhas do cenário não estão em ordem crescente de entry_time.
WARNING,SCENARIO_ORDER,CD12_E2_P7,26146,linhas do cenário não estão em ordem crescente de entry_time.
WARNING,SCENARIO_ORDER,CD12_E2_P7,26148,linhas do cenário não estão em ordem crescente de entry_time.
WARNING,SCENARIO_ORDER,CD12_E2_P7,26152,linhas do cenário não estão em ordem crescente de entry_time.
WARNING,SCENARIO_ORDER,CD12_E2_P7,26154,linhas do cenário não estão em ordem crescente de entry_time.
WARNING,SCENARIO_ORDER,CD12_E2_P7,26156,linhas do cenário não estão em ordem crescente de entry_time.
WARNING,SCENARIO_ORDER,CD12_E2_P7,26159,linhas do cenário não estão em ordem crescente de entry_time.
WARNING,SCENARIO_ORDER,CD12_E2_P7,26166,linhas do cenário não estão em ordem crescente de entry_time.
WARNING,SCENARIO_ORDER,CD12_E2_P7,26168,linhas do cenário não estão em ordem crescente de entry_time.
WARNING,SCENARIO_ORDER,CD12_E2_P7,26171,linhas do cenário não estão em ordem crescente de entry_time.
WARNING,SCENARIO_ORDER,CD12_E2_P7,26172,linhas do cenário não estão em ordem crescente de entry_time.
WARNING,SCENARIO_ORDER,CD12_E2_P7,26182,linhas do cenário não estão em ordem crescente de entry_time.
WARNING,SCENARIO_ORDER,CD12_E2_P7,26183,linhas do cenário não estão em ordem crescente de entry_time.
WARNING,SCENARIO_ORDER,CD12_E2_P7,26185,linhas do cenário não estão em ordem crescente de entry_time.
WARNING,SCENARIO_ORDER,CD12_E2_P10,26189,linhas do cenário não estão em ordem crescente de entry_time.
WARNING,SCENARIO_ORDER,CD12_E2_P10,26192,linhas do cenário não estão em ordem crescente de entry_time.
WARNING,SCENARIO_ORDER,CD12_E2_P10,26195,linhas do cenário não estão em ordem crescente de entry_time.
WARNING,SCENARIO_ORDER,CD12_E2_P10,26197,linhas do cenário não estão em ordem crescente de entry_time.
WARNING,SCENARIO_ORDER,CD12_E2_P10,26200,linhas do cenário não estão em ordem crescente de entry_time.
WARNING,SCENARIO_ORDER,CD12_E2_P10,26211,linhas do cenário não estão em ordem crescente de entry_time.
WARNING,SCENARIO_ORDER,CD12_E2_P10,26214,linhas do cenário não estão em ordem crescente de entry_time.
WARNING,SCENARIO_ORDER,CD12_E2_P10,26224,linhas do cenário não estão em ordem crescente de entry_time.
WARNING,SCENARIO_ORDER,CD12_E2_P10,26228,linhas do cenário não estão em ordem crescente de entry_time.
WARNING,SCENARIO_ORDER,CD12_E2_P10,26231,linhas do cenário não estão em ordem crescente de entry_time.
WARNING,SCENARIO_ORDER,CD12_E2_P10,26264,linhas do cenário não estão em ordem crescente de entry_time.
WARNING,SCENARIO_ORDER,CD12_E2_P10,26266,linhas do cenário não estão em ordem crescente de entry_time.
WARNING,SCENARIO_ORDER,CD12_E2_P10,26275,linhas do cenário não estão em ordem crescente de entry_time.
WARNING,SCENARIO_ORDER,CD12_E2_P10,26279,linhas do cenário não estão em ordem crescente de entry_time.
WARNING,SCENARIO_ORDER,CD12_E2_P10,26289,linhas do cenário não estão em ordem crescente de entry_time.
WARNING,SCENARIO_ORDER,CD12_E2_P10,26292,linhas do cenário não estão em ordem crescente de entry_time.
WARNING,SCENARIO_ORDER,CD12_E2_P10,26300,linhas do cenário não estão em ordem crescente de entry_time.
WARNING,SCENARIO_ORDER,CD12_E2_P10,26303,linhas do cenário não estão em ordem crescente de entry_time.
WARNING,SCENARIO_ORDER,CD12_E2_P10,26307,linhas do cenário não estão em ordem crescente de entry_time.
WARNING,SCENARIO_ORDER,CD12_E2_P10,26312,linhas do cenário não estão em ordem crescente de entry_time.
WARNING,SCENARIO_ORDER,CD12_E2_P10,26316,linhas do cenário não estão em ordem crescente de entry_time.
WARNING,SCENARIO_ORDER,CD12_E2_P10,26317,linhas do cenário não estão em ordem crescente de entry_time.
WARNING,SCENARIO_ORDER,CD12_E2_P10,26319,linhas do cenário não estão em ordem crescente de entry_time.
WARNING,SCENARIO_ORDER,CD12_E2_P10,26321,linhas do cenário não estão em ordem crescente de entry_time.
WARNING,SCENARIO_ORDER,CD12_E2_P10,26322,linhas do cenário não estão em ordem crescente de entry_time.
WARNING,SCENARIO_ORDER,CD12_E2_P10,26325,linhas do cenário não estão em ordem crescente de entry_time.
WARNING,SCENARIO_ORDER,CD12_E2_P10,26328,linhas do cenário não estão em ordem crescente de entry_time.
WARNING,SCENARIO_ORDER,CD12_E2_P10,26330,linhas do cenário não estão em ordem crescente de entry_time.
WARNING,SCENARIO_ORDER,CD12_E2_P10,26336,linhas do cenário não estão em ordem crescente de entry_time.
WARNING,SCENARIO_ORDER,CD12_E2_P10,26341,linhas do cenário não estão em ordem crescente de entry_time.
WARNING,SCENARIO_ORDER,CD12_E2_P10,26343,linhas do cenário não estão em ordem crescente de entry_time.
WARNING,SCENARIO_ORDER,CD12_E2_P10,26346,linhas do cenário não estão em ordem crescente de entry_time.
WARNING,SCENARIO_ORDER,CD12_E2_P10,26350,linhas do cenário não estão em ordem crescente de entry_time.
WARNING,SCENARIO_ORDER,CD12_E2_P10,26352,linhas do cenário não estão em ordem crescente de entry_time.
WARNING,SCENARIO_ORDER,CD12_E2_P10,26357,linhas do cenário não estão em ordem crescente de entry_time.
WARNING,SCENARIO_ORDER,CD12_E2_P10,26361,linhas do cenário não estão em ordem crescente de entry_time.
WARNING,SCENARIO_ORDER,CD12_E2_P10,26363,linhas do cenário não estão em ordem crescente de entry_time.
WARNING,SCENARIO_ORDER,CD12_E2_P10,26364,linhas do cenário não estão em ordem crescente de entry_time.
WARNING,SCENARIO_ORDER,CD12_E2_P10,26369,linhas do cenário não estão em ordem crescente de entry_time.
WARNING,SCENARIO_ORDER,CD12_E2_P10,26372,linhas do cenário não estão em ordem crescente de entry_time.
WARNING,SCENARIO_ORDER,CD12_E2_P10,26378,linhas do cenário não estão em ordem crescente de entry_time.
WARNING,SCENARIO_ORDER,CD12_E2_P10,26384,linhas do cenário não estão em ordem crescente de entry_time.
WARNING,SCENARIO_ORDER,CD12_E2_P10,26397,linhas do cenário não estão em ordem crescente de entry_time.
WARNING,SCENARIO_ORDER,CD12_E2_P10,26399,linhas do cenário não estão em ordem crescente de entry_time.
WARNING,SCENARIO_ORDER,CD12_E2_P10,26411,linhas do cenário não estão em ordem crescente de entry_time.
WARNING,SCENARIO_ORDER,CD12_E2_P10,26414,linhas do cenário não estão em ordem crescente de entry_time.
WARNING,SCENARIO_ORDER,CD12_E2_P10,26417,linhas do cenário não estão em ordem crescente de entry_time.
WARNING,SCENARIO_ORDER,CD12_E2_P10,26418,linhas do cenário não estão em ordem crescente de entry_time.
WARNING,SCENARIO_ORDER,CD12_E2_P10,26421,linhas do cenário não estão em ordem crescente de entry_time.
WARNING,SCENARIO_ORDER,CD12_E2_P10,26429,linhas do cenário não estão em ordem crescente de entry_time.
WARNING,SCENARIO_ORDER,CD12_E2_P10,26435,linhas do cenário não estão em ordem crescente de entry_time.
WARNING,SCENARIO_ORDER,CD12_E2_P10,26436,linhas do cenário não estão em ordem crescente de entry_time.
WARNING,SCENARIO_ORDER,CD12_E2_P10,26448,linhas do cenário não estão em ordem crescente de entry_time.
WARNING,SCENARIO_ORDER,CD12_E2_P10,26450,linhas do cenário não estão em ordem crescente de entry_time.
WARNING,SCENARIO_ORDER,CD12_E2_P10,26452,linhas do cenário não estão em ordem crescente de entry_time.
WARNING,SCENARIO_ORDER,CD12_E2_P10,26454,linhas do cenário não estão em ordem crescente de entry_time.
WARNING,SCENARIO_ORDER,CD12_E2_P10,26459,linhas do cenário não estão em ordem crescente de entry_time.
WARNING,SCENARIO_ORDER,CD12_E2_P10,26462,linhas do cenário não estão em ordem crescente de entry_time.
WARNING,SCENARIO_ORDER,CD12_E2_P10,26466,linhas do cenário não estão em ordem crescente de entry_time.
WARNING,SCENARIO_ORDER,CD12_E2_P10,26469,linhas do cenário não estão em ordem crescente de entry_time.
WARNING,SCENARIO_ORDER,CD12_E2_P10,26473,linhas do cenário não estão em ordem crescente de entry_time.
WARNING,SCENARIO_ORDER,CD12_E2_P10,26476,linhas do cenário não estão em ordem crescente de entry_time.
WARNING,SCENARIO_ORDER,CD12_E2_P10,26478,linhas do cenário não estão em ordem crescente de entry_time.
WARNING,SCENARIO_ORDER,CD12_E2_P10,26484,linhas do cenário não estão em ordem crescente de entry_time.
WARNING,SCENARIO_ORDER,CD12_E2_P10,26488,linhas do cenário não estão em ordem crescente de entry_time.
WARNING,SCENARIO_ORDER,CD12_E2_P10,26489,linhas do cenário não estão em ordem crescente de entry_time.
WARNING,SCENARIO_ORDER,CD12_E2_P10,26492,linhas do cenário não estão em ordem crescente de entry_time.
WARNING,SCENARIO_ORDER,CD12_E2_P10,26494,linhas do cenário não estão em ordem crescente de entry_time.
WARNING,SCENARIO_ORDER,CD12_E2_P10,26496,linhas do cenário não estão em ordem crescente de entry_time.
WARNING,SCENARIO_ORDER,CD12_E2_P10,26501,linhas do cenário não estão em ordem crescente de entry_time.
WARNING,SCENARIO_ORDER,CD12_E2_P10,26506,linhas do cenário não estão em ordem crescente de entry_time.
WARNING,SCENARIO_ORDER,CD12_E2_P10,26508,linhas do cenário não estão em ordem crescente de entry_time.
WARNING,SCENARIO_ORDER,CD12_E2_P10,26510,linhas do cenário não estão em ordem crescente de entry_time.
WARNING,SCENARIO_ORDER,CD12_E2_P10,26512,linhas do cenário não estão em ordem crescente de entry_time.
WARNING,SCENARIO_ORDER,CD12_E2_P10,26514,linhas do cenário não estão em ordem crescente de entry_time.
WARNING,SCENARIO_ORDER,CD12_E2_P10,26517,linhas do cenário não estão em ordem crescente de entry_time.
WARNING,SCENARIO_ORDER,CD12_E2_P10,26523,linhas do cenário não estão em ordem crescente de entry_time.
WARNING,SCENARIO_ORDER,CD12_E2_P10,26528,linhas do cenário não estão em ordem crescente de entry_time.
WARNING,SCENARIO_ORDER,CD12_E2_P10,26531,linhas do cenário não estão em ordem crescente de entry_time.
WARNING,SCENARIO_ORDER,CD12_E2_P10,26532,linhas do cenário não estão em ordem crescente de entry_time.
WARNING,SCENARIO_ORDER,CD12_E2_P15,26536,linhas do cenário não estão em ordem crescente de entry_time.
WARNING,SCENARIO_ORDER,CD12_E2_P15,26539,linhas do cenário não estão em ordem crescente de entry_time.
WARNING,SCENARIO_ORDER,CD12_E2_P15,26542,linhas do cenário não estão em ordem crescente de entry_time.
WARNING,SCENARIO_ORDER,CD12_E2_P15,26544,linhas do cenário não estão em ordem crescente de entry_time.
WARNING,SCENARIO_ORDER,CD12_E2_P15,26547,linhas do cenário não estão em ordem crescente de entry_time.
WARNING,SCENARIO_ORDER,CD12_E2_P15,26562,linhas do cenário não estão em ordem crescente de entry_time.
WARNING,SCENARIO_ORDER,CD12_E2_P15,26570,linhas do cenário não estão em ordem crescente de entry_time.
WARNING,SCENARIO_ORDER,CD12_E2_P15,26572,linhas do cenário não estão em ordem crescente de entry_time.
WARNING,SCENARIO_ORDER,CD12_E2_P15,26576,linhas do cenário não estão em ordem crescente de entry_time.
WARNING,SCENARIO_ORDER,CD12_E2_P15,26579,linhas do cenário não estão em ordem crescente de entry_time.
WARNING,SCENARIO_ORDER,CD12_E2_P15,26585,linhas do cenário não estão em ordem crescente de entry_time.
WARNING,SCENARIO_ORDER,CD12_E2_P15,26587,linhas do cenário não estão em ordem crescente de entry_time.
WARNING,SCENARIO_ORDER,CD12_E2_P15,26601,linhas do cenário não estão em ordem crescente de entry_time.
WARNING,SCENARIO_ORDER,CD12_E2_P15,26619,linhas do cenário não estão em ordem crescente de entry_time.
WARNING,SCENARIO_ORDER,CD12_E2_P15,26624,linhas do cenário não estão em ordem crescente de entry_time.
WARNING,SCENARIO_ORDER,CD12_E2_P15,26627,linhas do cenário não estão em ordem crescente de entry_time.
WARNING,SCENARIO_ORDER,CD12_E2_P15,26637,linhas do cenário não estão em ordem crescente de entry_time.
WARNING,SCENARIO_ORDER,CD12_E2_P15,26639,linhas do cenário não estão em ordem crescente de entry_time.
WARNING,SCENARIO_ORDER,CD12_E2_P15,26648,linhas do cenário não estão em ordem crescente de entry_time.
WARNING,SCENARIO_ORDER,CD12_E2_P15,26650,linhas do cenário não estão em ordem crescente de entry_time.
WARNING,SCENARIO_ORDER,CD12_E2_P15,26651,linhas do cenário não estão em ordem crescente de entry_time.
WARNING,SCENARIO_ORDER,CD12_E2_P15,26653,linhas do cenário não estão em ordem crescente de entry_time.
WARNING,SCENARIO_ORDER,CD12_E2_P15,26660,linhas do cenário não estão em ordem crescente de entry_time.
WARNING,SCENARIO_ORDER,CD12_E2_P15,26664,linhas do cenário não estão em ordem crescente de entry_time.
WARNING,SCENARIO_ORDER,CD12_E2_P15,26667,linhas do cenário não estão em ordem crescente de entry_time.
WARNING,SCENARIO_ORDER,CD12_E2_P15,26669,linhas do cenário não estão em ordem crescente de entry_time.
WARNING,SCENARIO_ORDER,CD12_E2_P15,26674,linhas do cenário não estão em ordem crescente de entry_time.
WARNING,SCENARIO_ORDER,CD12_E2_P15,26676,linhas do cenário não estão em ordem crescente de entry_time.
WARNING,SCENARIO_ORDER,CD12_E2_P15,26680,linhas do cenário não estão em ordem crescente de entry_time.
WARNING,SCENARIO_ORDER,CD12_E2_P15,26682,linhas do cenário não estão em ordem crescente de entry_time.
WARNING,SCENARIO_ORDER,CD12_E2_P15,26691,linhas do cenário não estão em ordem crescente de entry_time.
WARNING,SCENARIO_ORDER,CD12_E2_P15,26693,linhas do cenário não estão em ordem crescente de entry_time.
WARNING,SCENARIO_ORDER,CD12_E2_P15,26699,linhas do cenário não estão em ordem crescente de entry_time.
WARNING,SCENARIO_ORDER,CD12_E2_P15,26702,linhas do cenário não estão em ordem crescente de entry_time.
WARNING,SCENARIO_ORDER,CD12_E2_P15,26704,linhas do cenário não estão em ordem crescente de entry_time.
WARNING,SCENARIO_ORDER,CD12_E2_P15,26707,linhas do cenário não estão em ordem crescente de entry_time.
WARNING,SCENARIO_ORDER,CD12_E2_P15,26710,linhas do cenário não estão em ordem crescente de entry_time.
WARNING,SCENARIO_ORDER,CD12_E2_P15,26711,linhas do cenário não estão em ordem crescente de entry_time.
WARNING,SCENARIO_ORDER,CD12_E2_P15,26715,linhas do cenário não estão em ordem crescente de entry_time.
WARNING,SCENARIO_ORDER,CD12_E2_P15,26722,linhas do cenário não estão em ordem crescente de entry_time.
WARNING,SCENARIO_ORDER,CD12_E2_P15,26726,linhas do cenário não estão em ordem crescente de entry_time.
WARNING,SCENARIO_ORDER,CD12_E2_P15,26731,linhas do cenário não estão em ordem crescente de entry_time.
WARNING,SCENARIO_ORDER,CD12_E2_P15,26734,linhas do cenário não estão em ordem crescente de entry_time.
WARNING,SCENARIO_ORDER,CD12_E2_P15,26739,linhas do cenário não estão em ordem crescente de entry_time.
WARNING,SCENARIO_ORDER,CD12_E2_P15,26746,linhas do cenário não estão em ordem crescente de entry_time.
WARNING,SCENARIO_ORDER,CD12_E2_P15,26747,linhas do cenário não estão em ordem crescente de entry_time.
WARNING,SCENARIO_ORDER,CD12_E2_P15,26753,linhas do cenário não estão em ordem crescente de entry_time.
WARNING,SCENARIO_ORDER,CD12_E2_P15,26754,linhas do cenário não estão em ordem crescente de entry_time.
WARNING,SCENARIO_ORDER,CD12_E2_P15,26762,linhas do cenário não estão em ordem crescente de entry_time.
WARNING,SCENARIO_ORDER,CD12_E2_P15,26765,linhas do cenário não estão em ordem crescente de entry_time.
WARNING,SCENARIO_ORDER,CD12_E2_P15,26770,linhas do cenário não estão em ordem crescente de entry_time.
WARNING,SCENARIO_ORDER,CD12_E2_P15,26772,linhas do cenário não estão em ordem crescente de entry_time.
WARNING,SCENARIO_ORDER,CD12_E2_P15,26774,linhas do cenário não estão em ordem crescente de entry_time.
WARNING,SCENARIO_ORDER,CD12_E2_P15,26779,linhas do cenário não estão em ordem crescente de entry_time.
WARNING,SCENARIO_ORDER,CD12_E2_P15,26788,linhas do cenário não estão em ordem crescente de entry_time.
WARNING,SCENARIO_ORDER,CD12_E2_P15,26791,linhas do cenário não estão em ordem crescente de entry_time.
WARNING,SCENARIO_ORDER,CD12_E2_P15,26793,linhas do cenário não estão em ordem crescente de entry_time.
WARNING,SCENARIO_ORDER,CD12_E2_P15,26796,linhas do cenário não estão em ordem crescente de entry_time.
WARNING,SCENARIO_ORDER,CD12_E2_P15,26799,linhas do cenário não estão em ordem crescente de entry_time.
WARNING,SCENARIO_ORDER,CD12_E2_P15,26801,linhas do cenário não estão em ordem crescente de entry_time.
WARNING,SCENARIO_ORDER,CD12_E2_P15,26802,linhas do cenário não estão em ordem crescente de entry_time.
WARNING,SCENARIO_ORDER,CD12_E2_P15,26805,linhas do cenário não estão em ordem crescente de entry_time.
WARNING,SCENARIO_ORDER,CD12_E2_P15,26810,linhas do cenário não estão em ordem crescente de entry_time.
WARNING,SCENARIO_ORDER,CD12_E2_P15,26812,linhas do cenário não estão em ordem crescente de entry_time.
WARNING,SCENARIO_ORDER,CD12_E2_P15,26814,linhas do cenário não estão em ordem crescente de entry_time.
WARNING,SCENARIO_ORDER,CD12_E2_P15,26819,linhas do cenário não estão em ordem crescente de entry_time.
WARNING,SCENARIO_ORDER,CD12_E2_P15,26824,linhas do cenário não estão em ordem crescente de entry_time.
WARNING,SCENARIO_ORDER,CD12_E2_P15,26829,linhas do cenário não estão em ordem crescente de entry_time.
WARNING,SCENARIO_ORDER,CD12_E2_P15,26837,linhas do cenário não estão em ordem crescente de entry_time.
WARNING,SCENARIO_ORDER,CD12_E2_P15,26839,linhas do cenário não estão em ordem crescente de entry_time.
WARNING,SCENARIO_ORDER,CD12_E2_P15,26843,linhas do cenário não estão em ordem crescente de entry_time.
WARNING,SCENARIO_ORDER,CD12_E2_P15,26850,linhas do cenário não estão em ordem crescente de entry_time.
WARNING,SCENARIO_ORDER,CD12_E2_P15,26855,linhas do cenário não estão em ordem crescente de entry_time.
WARNING,SCENARIO_ORDER,CD12_E2_P15,26858,linhas do cenário não estão em ordem crescente de entry_time.
WARNING,SCENARIO_ORDER,CD12_E2_P15,26860,linhas do cenário não estão em ordem crescente de entry_time.
WARNING,SCENARIO_ORDER,CD12_E2_P15,26865,linhas do cenário não estão em ordem crescente de entry_time.
WARNING,SCENARIO_ORDER,CD12_E2_P15,26878,linhas do cenário não estão em ordem crescente de entry_time.
WARNING,SCENARIO_ORDER,CD12_E2_P15,26892,linhas do cenário não estão em ordem crescente de entry_time.
WARNING,SCENARIO_ORDER,CD12_E2_P15,26897,linhas do cenário não estão em ordem crescente de entry_time.
WARNING,SCENARIO_ORDER,CD12_E2_P15,26898,linhas do cenário não estão em ordem crescente de entry_time.
WARNING,SCENARIO_ORDER,CD12_E2_P15,26907,linhas do cenário não estão em ordem crescente de entry_time.
WARNING,SCENARIO_ORDER,CD12_E2_P15,26910,linhas do cenário não estão em ordem crescente de entry_time.
WARNING,SCENARIO_ORDER,CD12_E2_P15,26912,linhas do cenário não estão em ordem crescente de entry_time.
WARNING,SCENARIO_ORDER,CD12_E2_P15,26917,linhas do cenário não estão em ordem crescente de entry_time.
WARNING,SCENARIO_ORDER,CD12_E2_P15,26923,linhas do cenário não estão em ordem crescente de entry_time.
WARNING,SCENARIO_ORDER,CD12_E2_P15,26925,linhas do cenário não estão em ordem crescente de entry_time.
WARNING,SCENARIO_ORDER,CD12_E2_P15,26927,linhas do cenário não estão em ordem crescente de entry_time.
WARNING,SCENARIO_ORDER,CD12_E2_P15,26929,linhas do cenário não estão em ordem crescente de entry_time.
WARNING,SCENARIO_ORDER,CD12_E2_P15,26934,linhas do cenário não estão em ordem crescente de entry_time.
WARNING,SCENARIO_ORDER,CD12_E2_P15,26935,linhas do cenário não estão em ordem crescente de entry_time.
WARNING,SCENARIO_ORDER,CD12_E2_P15,26936,linhas do cenário não estão em ordem crescente de entry_time.
WARNING,SCENARIO_ORDER,CD12_E2_P15,26944,linhas do cenário não estão em ordem crescente de entry_time.
WARNING,SCENARIO_ORDER,CD12_E2_P15,26946,linhas do cenário não estão em ordem crescente de entry_time.
WARNING,SCENARIO_ORDER,CD12_E2_P15,26953,linhas do cenário não estão em ordem crescente de entry_time.
WARNING,SCENARIO_ORDER,CD12_E2_P15,26956,linhas do cenário não estão em ordem crescente de entry_time.
WARNING,SCENARIO_ORDER,CD12_E2_P15,26960,linhas do cenário não estão em ordem crescente de entry_time.
WARNING,SCENARIO_ORDER,CD12_E2_P15,26961,linhas do cenário não estão em ordem crescente de entry_time.
WARNING,SCENARIO_ORDER,CD12_E2_P15,26965,linhas do cenário não estão em ordem crescente de entry_time.
WARNING,SCENARIO_ORDER,CD12_E2_P15,26975,linhas do cenário não estão em ordem crescente de entry_time.
WARNING,SCENARIO_ORDER,CD12_E2_P15,26979,linhas do cenário não estão em ordem crescente de entry_time.
WARNING,SCENARIO_ORDER,CD12_E2_P15,26983,linhas do cenário não estão em ordem crescente de entry_time.
WARNING,SCENARIO_ORDER,CD12_E2_P15,26984,linhas do cenário não estão em ordem crescente de entry_time.
WARNING,SCENARIO_ORDER,CD12_E2_P15,26986,linhas do cenário não estão em ordem crescente de entry_time.
WARNING,SCENARIO_ORDER,CD12_E2_P15,26998,linhas do cenário não estão em ordem crescente de entry_time.
WARNING,SCENARIO_ORDER,CD12_E2_P15,27000,linhas do cenário não estão em ordem crescente de entry_time.
WARNING,SCENARIO_ORDER,CD12_E2_P15,27002,linhas do cenário não estão em ordem crescente de entry_time.
WARNING,SCENARIO_ORDER,CD12_E2_P15,27006,linhas do cenário não estão em ordem crescente de entry_time.
WARNING,SCENARIO_ORDER,CD12_E2_P15,27008,linhas do cenário não estão em ordem crescente de entry_time.
WARNING,SCENARIO_ORDER,CD12_E2_P15,27011,linhas do cenário não estão em ordem crescente de entry_time.
WARNING,SCENARIO_ORDER,CD12_E2_P15,27015,linhas do cenário não estão em ordem crescente de entry_time.
WARNING,SCENARIO_ORDER,CD12_E2_P15,27016,linhas do cenário não estão em ordem crescente de entry_time.
WARNING,SCENARIO_ORDER,CD12_E2_P15,27017,linhas do cenário não estão em ordem crescente de entry_time.
WARNING,SCENARIO_ORDER,CD12_E2_P15,27020,linhas do cenário não estão em ordem crescente de entry_time.
WARNING,SCENARIO_ORDER,CD12_E2_P15,27023,linhas do cenário não estão em ordem crescente de entry_time.
WARNING,SCENARIO_ORDER,CD24_E1_P5,27026,linhas do cenário não estão em ordem crescente de entry_time.
WARNING,SCENARIO_ORDER,CD24_E1_P5,27031,linhas do cenário não estão em ordem crescente de entry_time.
WARNING,SCENARIO_ORDER,CD24_E1_P5,27033,linhas do cenário não estão em ordem crescente de entry_time.
WARNING,SCENARIO_ORDER,CD24_E1_P5,27035,linhas do cenário não estão em ordem crescente de entry_time.
WARNING,SCENARIO_ORDER,CD24_E1_P5,27041,linhas do cenário não estão em ordem crescente de entry_time.
WARNING,SCENARIO_ORDER,CD24_E1_P5,27047,linhas do cenário não estão em ordem crescente de entry_time.
WARNING,SCENARIO_ORDER,CD24_E1_P5,27049,linhas do cenário não estão em ordem crescente de entry_time.
WARNING,SCENARIO_ORDER,CD24_E1_P5,27055,linhas do cenário não estão em ordem crescente de entry_time.
WARNING,SCENARIO_ORDER,CD24_E1_P5,27067,linhas do cenário não estão em ordem crescente de entry_time.
WARNING,SCENARIO_ORDER,CD24_E1_P5,27078,linhas do cenário não estão em ordem crescente de entry_time.
WARNING,SCENARIO_ORDER,CD24_E1_P5,27088,linhas do cenário não estão em ordem crescente de entry_time.
WARNING,SCENARIO_ORDER,CD24_E1_P5,27090,linhas do cenário não estão em ordem crescente de entry_time.
WARNING,SCENARIO_ORDER,CD24_E1_P5,27095,linhas do cenário não estão em ordem crescente de entry_time.
WARNING,SCENARIO_ORDER,CD24_E1_P5,27098,linhas do cenário não estão em ordem crescente de entry_time.
WARNING,SCENARIO_ORDER,CD24_E1_P5,27103,linhas do cenário não estão em ordem crescente de entry_time.
WARNING,SCENARIO_ORDER,CD24_E1_P5,27105,linhas do cenário não estão em ordem crescente de entry_time.
WARNING,SCENARIO_ORDER,CD24_E1_P5,27107,linhas do cenário não estão em ordem crescente de entry_time.
WARNING,SCENARIO_ORDER,CD24_E1_P5,27109,linhas do cenário não estão em ordem crescente de entry_time.
WARNING,SCENARIO_ORDER,CD24_E1_P5,27112,linhas do cenário não estão em ordem crescente de entry_time.
WARNING,SCENARIO_ORDER,CD24_E1_P5,27119,linhas do cenário não estão em ordem crescente de entry_time.
WARNING,SCENARIO_ORDER,CD24_E1_P5,27120,linhas do cenário não estão em ordem crescente de entry_time.
WARNING,SCENARIO_ORDER,CD24_E1_P5,27125,linhas do cenário não estão em ordem crescente de entry_time.
WARNING,SCENARIO_ORDER,CD24_E1_P5,27139,linhas do cenário não estão em ordem crescente de entry_time.
WARNING,SCENARIO_ORDER,CD24_E1_P5,27145,linhas do cenário não estão em ordem crescente de entry_time.
WARNING,SCENARIO_ORDER,CD24_E1_P5,27147,linhas do cenário não estão em ordem crescente de entry_time.
WARNING,SCENARIO_ORDER,CD24_E1_P5,27149,linhas do cenário não estão em ordem crescente de entry_time.
WARNING,SCENARIO_ORDER,CD24_E1_P5,27153,linhas do cenário não estão em ordem crescente de entry_time.
WARNING,SCENARIO_ORDER,CD24_E1_P5,27159,linhas do cenário não estão em ordem crescente de entry_time.
WARNING,SCENARIO_ORDER,CD24_E1_P5,27170,linhas do cenário não estão em ordem crescente de entry_time.
WARNING,SCENARIO_ORDER,CD24_E1_P5,27174,linhas do cenário não estão em ordem crescente de entry_time.
WARNING,SCENARIO_ORDER,CD24_E1_P5,27177,linhas do cenário não estão em ordem crescente de entry_time.
WARNING,SCENARIO_ORDER,CD24_E1_P5,27182,linhas do cenário não estão em ordem crescente de entry_time.
WARNING,SCENARIO_ORDER,CD24_E1_P5,27191,linhas do cenário não estão em ordem crescente de entry_time.
WARNING,SCENARIO_ORDER,CD24_E1_P5,27195,linhas do cenário não estão em ordem crescente de entry_time.
WARNING,SCENARIO_ORDER,CD24_E1_P5,27199,linhas do cenário não estão em ordem crescente de entry_time.
WARNING,SCENARIO_ORDER,CD24_E1_P5,27204,linhas do cenário não estão em ordem crescente de entry_time.
WARNING,SCENARIO_ORDER,CD24_E1_P5,27206,linhas do cenário não estão em ordem crescente de entry_time.
WARNING,SCENARIO_ORDER,CD24_E1_P5,27207,linhas do cenário não estão em ordem crescente de entry_time.
WARNING,SCENARIO_ORDER,CD24_E1_P5,27209,linhas do cenário não estão em ordem crescente de entry_time.
WARNING,SCENARIO_ORDER,CD24_E1_P7,27214,linhas do cenário não estão em ordem crescente de entry_time.
WARNING,SCENARIO_ORDER,CD24_E1_P7,27217,linhas do cenário não estão em ordem crescente de entry_time.
WARNING,SCENARIO_ORDER,CD24_E1_P7,27220,linhas do cenário não estão em ordem crescente de entry_time.
WARNING,SCENARIO_ORDER,CD24_E1_P7,27222,linhas do cenário não estão em ordem crescente de entry_time.
WARNING,SCENARIO_ORDER,CD24_E1_P7,27224,linhas do cenário não estão em ordem crescente de entry_time.
WARNING,SCENARIO_ORDER,CD24_E1_P7,27232,linhas do cenário não estão em ordem crescente de entry_time.
WARNING,SCENARIO_ORDER,CD24_E1_P7,27240,linhas do cenário não estão em ordem crescente de entry_time.
WARNING,SCENARIO_ORDER,CD24_E1_P7,27242,linhas do cenário não estão em ordem crescente de entry_time.
WARNING,SCENARIO_ORDER,CD24_E1_P7,27248,linhas do cenário não estão em ordem crescente de entry_time.
WARNING,SCENARIO_ORDER,CD24_E1_P7,27263,linhas do cenário não estão em ordem crescente de entry_time.
WARNING,SCENARIO_ORDER,CD24_E1_P7,27277,linhas do cenário não estão em ordem crescente de entry_time.
WARNING,SCENARIO_ORDER,CD24_E1_P7,27285,linhas do cenário não estão em ordem crescente de entry_time.
WARNING,SCENARIO_ORDER,CD24_E1_P7,27291,linhas do cenário não estão em ordem crescente de entry_time.
WARNING,SCENARIO_ORDER,CD24_E1_P7,27293,linhas do cenário não estão em ordem crescente de entry_time.
WARNING,SCENARIO_ORDER,CD24_E1_P7,27301,linhas do cenário não estão em ordem crescente de entry_time.
WARNING,SCENARIO_ORDER,CD24_E1_P7,27311,linhas do cenário não estão em ordem crescente de entry_time.
WARNING,SCENARIO_ORDER,CD24_E1_P7,27312,linhas do cenário não estão em ordem crescente de entry_time.
WARNING,SCENARIO_ORDER,CD24_E1_P7,27314,linhas do cenário não estão em ordem crescente de entry_time.
WARNING,SCENARIO_ORDER,CD24_E1_P7,27317,linhas do cenário não estão em ordem crescente de entry_time.
WARNING,SCENARIO_ORDER,CD24_E1_P7,27319,linhas do cenário não estão em ordem crescente de entry_time.
WARNING,SCENARIO_ORDER,CD24_E1_P7,27324,linhas do cenário não estão em ordem crescente de entry_time.
WARNING,SCENARIO_ORDER,CD24_E1_P7,27334,linhas do cenário não estão em ordem crescente de entry_time.
WARNING,SCENARIO_ORDER,CD24_E1_P7,27335,linhas do cenário não estão em ordem crescente de entry_time.
WARNING,SCENARIO_ORDER,CD24_E1_P7,27343,linhas do cenário não estão em ordem crescente de entry_time.
WARNING,SCENARIO_ORDER,CD24_E1_P7,27351,linhas do cenário não estão em ordem crescente de entry_time.
WARNING,SCENARIO_ORDER,CD24_E1_P7,27356,linhas do cenário não estão em ordem crescente de entry_time.
WARNING,SCENARIO_ORDER,CD24_E1_P7,27362,linhas do cenário não estão em ordem crescente de entry_time.
WARNING,SCENARIO_ORDER,CD24_E1_P7,27369,linhas do cenário não estão em ordem crescente de entry_time.
WARNING,SCENARIO_ORDER,CD24_E1_P7,27371,linhas do cenário não estão em ordem crescente de entry_time.
WARNING,SCENARIO_ORDER,CD24_E1_P7,27373,linhas do cenário não estão em ordem crescente de entry_time.
WARNING,SCENARIO_ORDER,CD24_E1_P7,27380,linhas do cenário não estão em ordem crescente de entry_time.
WARNING,SCENARIO_ORDER,CD24_E1_P7,27384,linhas do cenário não estão em ordem crescente de entry_time.
WARNING,SCENARIO_ORDER,CD24_E1_P7,27389,linhas do cenário não estão em ordem crescente de entry_time.
WARNING,SCENARIO_ORDER,CD24_E1_P7,27390,linhas do cenário não estão em ordem crescente de entry_time.
WARNING,SCENARIO_ORDER,CD24_E1_P7,27396,linhas do cenário não estão em ordem crescente de entry_time.
WARNING,SCENARIO_ORDER,CD24_E1_P7,27399,linhas do cenário não estão em ordem crescente de entry_time.
WARNING,SCENARIO_ORDER,CD24_E1_P7,27404,linhas do cenário não estão em ordem crescente de entry_time.
WARNING,SCENARIO_ORDER,CD24_E1_P7,27408,linhas do cenário não estão em ordem crescente de entry_time.
WARNING,SCENARIO_ORDER,CD24_E1_P7,27414,linhas do cenário não estão em ordem crescente de entry_time.
WARNING,SCENARIO_ORDER,CD24_E1_P7,27417,linhas do cenário não estão em ordem crescente de entry_time.
WARNING,SCENARIO_ORDER,CD24_E1_P7,27422,linhas do cenário não estão em ordem crescente de entry_time.
WARNING,SCENARIO_ORDER,CD24_E1_P7,27424,linhas do cenário não estão em ordem crescente de entry_time.
WARNING,SCENARIO_ORDER,CD24_E1_P7,27428,linhas do cenário não estão em ordem crescente de entry_time.
WARNING,SCENARIO_ORDER,CD24_E1_P7,27433,linhas do cenário não estão em ordem crescente de entry_time.
WARNING,SCENARIO_ORDER,CD24_E1_P7,27435,linhas do cenário não estão em ordem crescente de entry_time.
WARNING,SCENARIO_ORDER,CD24_E1_P7,27436,linhas do cenário não estão em ordem crescente de entry_time.
WARNING,SCENARIO_ORDER,CD24_E1_P7,27439,linhas do cenário não estão em ordem crescente de entry_time.
WARNING,SCENARIO_ORDER,CD24_E1_P7,27441,linhas do cenário não estão em ordem crescente de entry_time.
WARNING,SCENARIO_ORDER,CD24_E1_P7,27444,linhas do cenário não estão em ordem crescente de entry_time.
WARNING,SCENARIO_ORDER,CD24_E1_P7,27446,linhas do cenário não estão em ordem crescente de entry_time.
WARNING,SCENARIO_ORDER,CD24_E1_P7,27453,linhas do cenário não estão em ordem crescente de entry_time.
WARNING,SCENARIO_ORDER,CD24_E1_P7,27457,linhas do cenário não estão em ordem crescente de entry_time.
WARNING,SCENARIO_ORDER,CD24_E1_P7,27459,linhas do cenário não estão em ordem crescente de entry_time.
WARNING,SCENARIO_ORDER,CD24_E1_P10,27461,linhas do cenário não estão em ordem crescente de entry_time.
WARNING,SCENARIO_ORDER,CD24_E1_P10,27464,linhas do cenário não estão em ordem crescente de entry_time.
WARNING,SCENARIO_ORDER,CD24_E1_P10,27467,linhas do cenário não estão em ordem crescente de entry_time.
WARNING,SCENARIO_ORDER,CD24_E1_P10,27469,linhas do cenário não estão em ordem crescente de entry_time.
WARNING,SCENARIO_ORDER,CD24_E1_P10,27472,linhas do cenário não estão em ordem crescente de entry_time.
WARNING,SCENARIO_ORDER,CD24_E1_P10,27483,linhas do cenário não estão em ordem crescente de entry_time.
WARNING,SCENARIO_ORDER,CD24_E1_P10,27487,linhas do cenário não estão em ordem crescente de entry_time.
WARNING,SCENARIO_ORDER,CD24_E1_P10,27495,linhas do cenário não estão em ordem crescente de entry_time.
WARNING,SCENARIO_ORDER,CD24_E1_P10,27502,linhas do cenário não estão em ordem crescente de entry_time.
WARNING,SCENARIO_ORDER,CD24_E1_P10,27536,linhas do cenário não estão em ordem crescente de entry_time.
WARNING,SCENARIO_ORDER,CD24_E1_P10,27539,linhas do cenário não estão em ordem crescente de entry_time.
WARNING,SCENARIO_ORDER,CD24_E1_P10,27557,linhas do cenário não estão em ordem crescente de entry_time.
WARNING,SCENARIO_ORDER,CD24_E1_P10,27562,linhas do cenário não estão em ordem crescente de entry_time.
WARNING,SCENARIO_ORDER,CD24_E1_P10,27565,linhas do cenário não estão em ordem crescente de entry_time.
WARNING,SCENARIO_ORDER,CD24_E1_P10,27571,linhas do cenário não estão em ordem crescente de entry_time.
WARNING,SCENARIO_ORDER,CD24_E1_P10,27576,linhas do cenário não estão em ordem crescente de entry_time.
WARNING,SCENARIO_ORDER,CD24_E1_P10,27578,linhas do cenário não estão em ordem crescente de entry_time.
WARNING,SCENARIO_ORDER,CD24_E1_P10,27580,linhas do cenário não estão em ordem crescente de entry_time.
WARNING,SCENARIO_ORDER,CD24_E1_P10,27583,linhas do cenário não estão em ordem crescente de entry_time.
WARNING,SCENARIO_ORDER,CD24_E1_P10,27586,linhas do cenário não estão em ordem crescente de entry_time.
WARNING,SCENARIO_ORDER,CD24_E1_P10,27589,linhas do cenário não estão em ordem crescente de entry_time.
WARNING,SCENARIO_ORDER,CD24_E1_P10,27591,linhas do cenário não estão em ordem crescente de entry_time.
WARNING,SCENARIO_ORDER,CD24_E1_P10,27594,linhas do cenário não estão em ordem crescente de entry_time.
WARNING,SCENARIO_ORDER,CD24_E1_P10,27599,linhas do cenário não estão em ordem crescente de entry_time.
WARNING,SCENARIO_ORDER,CD24_E1_P10,27607,linhas do cenário não estão em ordem crescente de entry_time.
WARNING,SCENARIO_ORDER,CD24_E1_P10,27610,linhas do cenário não estão em ordem crescente de entry_time.
WARNING,SCENARIO_ORDER,CD24_E1_P10,27613,linhas do cenário não estão em ordem crescente de entry_time.
WARNING,SCENARIO_ORDER,CD24_E1_P10,27619,linhas do cenário não estão em ordem crescente de entry_time.
WARNING,SCENARIO_ORDER,CD24_E1_P10,27624,linhas do cenário não estão em ordem crescente de entry_time.
WARNING,SCENARIO_ORDER,CD24_E1_P10,27627,linhas do cenário não estão em ordem crescente de entry_time.
WARNING,SCENARIO_ORDER,CD24_E1_P10,27630,linhas do cenário não estão em ordem crescente de entry_time.
WARNING,SCENARIO_ORDER,CD24_E1_P10,27635,linhas do cenário não estão em ordem crescente de entry_time.
WARNING,SCENARIO_ORDER,CD24_E1_P10,27636,linhas do cenário não estão em ordem crescente de entry_time.
WARNING,SCENARIO_ORDER,CD24_E1_P10,27641,linhas do cenário não estão em ordem crescente de entry_time.
WARNING,SCENARIO_ORDER,CD24_E1_P10,27647,linhas do cenário não estão em ordem crescente de entry_time.
WARNING,SCENARIO_ORDER,CD24_E1_P10,27650,linhas do cenário não estão em ordem crescente de entry_time.
WARNING,SCENARIO_ORDER,CD24_E1_P10,27654,linhas do cenário não estão em ordem crescente de entry_time.
WARNING,SCENARIO_ORDER,CD24_E1_P10,27665,linhas do cenário não estão em ordem crescente de entry_time.
WARNING,SCENARIO_ORDER,CD24_E1_P10,27673,linhas do cenário não estão em ordem crescente de entry_time.
WARNING,SCENARIO_ORDER,CD24_E1_P10,27678,linhas do cenário não estão em ordem crescente de entry_time.
WARNING,SCENARIO_ORDER,CD24_E1_P10,27680,linhas do cenário não estão em ordem crescente de entry_time.
WARNING,SCENARIO_ORDER,CD24_E1_P10,27683,linhas do cenário não estão em ordem crescente de entry_time.
WARNING,SCENARIO_ORDER,CD24_E1_P10,27687,linhas do cenário não estão em ordem crescente de entry_time.
WARNING,SCENARIO_ORDER,CD24_E1_P10,27690,linhas do cenário não estão em ordem crescente de entry_time.
WARNING,SCENARIO_ORDER,CD24_E1_P10,27692,linhas do cenário não estão em ordem crescente de entry_time.
WARNING,SCENARIO_ORDER,CD24_E1_P10,27699,linhas do cenário não estão em ordem crescente de entry_time.
WARNING,SCENARIO_ORDER,CD24_E1_P10,27705,linhas do cenário não estão em ordem crescente de entry_time.
WARNING,SCENARIO_ORDER,CD24_E1_P10,27713,linhas do cenário não estão em ordem crescente de entry_time.
WARNING,SCENARIO_ORDER,CD24_E1_P10,27716,linhas do cenário não estão em ordem crescente de entry_time.
WARNING,SCENARIO_ORDER,CD24_E1_P10,27720,linhas do cenário não estão em ordem crescente de entry_time.
WARNING,SCENARIO_ORDER,CD24_E1_P10,27726,linhas do cenário não estão em ordem crescente de entry_time.
WARNING,SCENARIO_ORDER,CD24_E1_P10,27727,linhas do cenário não estão em ordem crescente de entry_time.
WARNING,SCENARIO_ORDER,CD24_E1_P10,27730,linhas do cenário não estão em ordem crescente de entry_time.
WARNING,SCENARIO_ORDER,CD24_E1_P10,27737,linhas do cenário não estão em ordem crescente de entry_time.
WARNING,SCENARIO_ORDER,CD24_E1_P10,27740,linhas do cenário não estão em ordem crescente de entry_time.
WARNING,SCENARIO_ORDER,CD24_E1_P10,27745,linhas do cenário não estão em ordem crescente de entry_time.
WARNING,SCENARIO_ORDER,CD24_E1_P10,27746,linhas do cenário não estão em ordem crescente de entry_time.
WARNING,SCENARIO_ORDER,CD24_E1_P10,27749,linhas do cenário não estão em ordem crescente de entry_time.
WARNING,SCENARIO_ORDER,CD24_E1_P10,27757,linhas do cenário não estão em ordem crescente de entry_time.
WARNING,SCENARIO_ORDER,CD24_E1_P10,27759,linhas do cenário não estão em ordem crescente de entry_time.
WARNING,SCENARIO_ORDER,CD24_E1_P10,27761,linhas do cenário não estão em ordem crescente de entry_time.
WARNING,SCENARIO_ORDER,CD24_E1_P10,27763,linhas do cenário não estão em ordem crescente de entry_time.
WARNING,SCENARIO_ORDER,CD24_E1_P10,27767,linhas do cenário não estão em ordem crescente de entry_time.
WARNING,SCENARIO_ORDER,CD24_E1_P10,27768,linhas do cenário não estão em ordem crescente de entry_time.
WARNING,SCENARIO_ORDER,CD24_E1_P10,27775,linhas do cenário não estão em ordem crescente de entry_time.
WARNING,SCENARIO_ORDER,CD24_E1_P10,27778,linhas do cenário não estão em ordem crescente de entry_time.
WARNING,SCENARIO_ORDER,CD24_E1_P10,27779,linhas do cenário não estão em ordem crescente de entry_time.
WARNING,SCENARIO_ORDER,CD24_E1_P10,27783,linhas do cenário não estão em ordem crescente de entry_time.
WARNING,SCENARIO_ORDER,CD24_E1_P10,27785,linhas do cenário não estão em ordem crescente de entry_time.
WARNING,SCENARIO_ORDER,CD24_E1_P10,27789,linhas do cenário não estão em ordem crescente de entry_time.
WARNING,SCENARIO_ORDER,CD24_E1_P10,27793,linhas do cenário não estão em ordem crescente de entry_time.
WARNING,SCENARIO_ORDER,CD24_E1_P10,27794,linhas do cenário não estão em ordem crescente de entry_time.
WARNING,SCENARIO_ORDER,CD24_E1_P10,27796,linhas do cenário não estão em ordem crescente de entry_time.
WARNING,SCENARIO_ORDER,CD24_E1_P10,27798,linhas do cenário não estão em ordem crescente de entry_time.
WARNING,SCENARIO_ORDER,CD24_E1_P10,27804,linhas do cenário não estão em ordem crescente de entry_time.
WARNING,SCENARIO_ORDER,CD24_E1_P15,27806,linhas do cenário não estão em ordem crescente de entry_time.
WARNING,SCENARIO_ORDER,CD24_E1_P15,27809,linhas do cenário não estão em ordem crescente de entry_time.
WARNING,SCENARIO_ORDER,CD24_E1_P15,27812,linhas do cenário não estão em ordem crescente de entry_time.
WARNING,SCENARIO_ORDER,CD24_E1_P15,27814,linhas do cenário não estão em ordem crescente de entry_time.
WARNING,SCENARIO_ORDER,CD24_E1_P15,27817,linhas do cenário não estão em ordem crescente de entry_time.
WARNING,SCENARIO_ORDER,CD24_E1_P15,27832,linhas do cenário não estão em ordem crescente de entry_time.
WARNING,SCENARIO_ORDER,CD24_E1_P15,27840,linhas do cenário não estão em ordem crescente de entry_time.
WARNING,SCENARIO_ORDER,CD24_E1_P15,27847,linhas do cenário não estão em ordem crescente de entry_time.
WARNING,SCENARIO_ORDER,CD24_E1_P15,27853,linhas do cenário não estão em ordem crescente de entry_time.
WARNING,SCENARIO_ORDER,CD24_E1_P15,27855,linhas do cenário não estão em ordem crescente de entry_time.
WARNING,SCENARIO_ORDER,CD24_E1_P15,27869,linhas do cenário não estão em ordem crescente de entry_time.
WARNING,SCENARIO_ORDER,CD24_E1_P15,27872,linhas do cenário não estão em ordem crescente de entry_time.
WARNING,SCENARIO_ORDER,CD24_E1_P15,27886,linhas do cenário não estão em ordem crescente de entry_time.
WARNING,SCENARIO_ORDER,CD24_E1_P15,27894,linhas do cenário não estão em ordem crescente de entry_time.
WARNING,SCENARIO_ORDER,CD24_E1_P15,27897,linhas do cenário não estão em ordem crescente de entry_time.
WARNING,SCENARIO_ORDER,CD24_E1_P15,27901,linhas do cenário não estão em ordem crescente de entry_time.
WARNING,SCENARIO_ORDER,CD24_E1_P15,27905,linhas do cenário não estão em ordem crescente de entry_time.
WARNING,SCENARIO_ORDER,CD24_E1_P15,27910,linhas do cenário não estão em ordem crescente de entry_time.
WARNING,SCENARIO_ORDER,CD24_E1_P15,27912,linhas do cenário não estão em ordem crescente de entry_time.
WARNING,SCENARIO_ORDER,CD24_E1_P15,27918,linhas do cenário não estão em ordem crescente de entry_time.
WARNING,SCENARIO_ORDER,CD24_E1_P15,27919,linhas do cenário não estão em ordem crescente de entry_time.
WARNING,SCENARIO_ORDER,CD24_E1_P15,27925,linhas do cenário não estão em ordem crescente de entry_time.
WARNING,SCENARIO_ORDER,CD24_E1_P15,27932,linhas do cenário não estão em ordem crescente de entry_time.
WARNING,SCENARIO_ORDER,CD24_E1_P15,27939,linhas do cenário não estão em ordem crescente de entry_time.
WARNING,SCENARIO_ORDER,CD24_E1_P15,27941,linhas do cenário não estão em ordem crescente de entry_time.
WARNING,SCENARIO_ORDER,CD24_E1_P15,27943,linhas do cenário não estão em ordem crescente de entry_time.
WARNING,SCENARIO_ORDER,CD24_E1_P15,27946,linhas do cenário não estão em ordem crescente de entry_time.
WARNING,SCENARIO_ORDER,CD24_E1_P15,27955,linhas do cenário não estão em ordem crescente de entry_time.
WARNING,SCENARIO_ORDER,CD24_E1_P15,27966,linhas do cenário não estão em ordem crescente de entry_time.
WARNING,SCENARIO_ORDER,CD24_E1_P15,27967,linhas do cenário não estão em ordem crescente de entry_time.
WARNING,SCENARIO_ORDER,CD24_E1_P15,27969,linhas do cenário não estão em ordem crescente de entry_time.
WARNING,SCENARIO_ORDER,CD24_E1_P15,27973,linhas do cenário não estão em ordem crescente de entry_time.
WARNING,SCENARIO_ORDER,CD24_E1_P15,27976,linhas do cenário não estão em ordem crescente de entry_time.
WARNING,SCENARIO_ORDER,CD24_E1_P15,27981,linhas do cenário não estão em ordem crescente de entry_time.
WARNING,SCENARIO_ORDER,CD24_E1_P15,27983,linhas do cenário não estão em ordem crescente de entry_time.
WARNING,SCENARIO_ORDER,CD24_E1_P15,27992,linhas do cenário não estão em ordem crescente de entry_time.
WARNING,SCENARIO_ORDER,CD24_E1_P15,27994,linhas do cenário não estão em ordem crescente de entry_time.
WARNING,SCENARIO_ORDER,CD24_E1_P15,27997,linhas do cenário não estão em ordem crescente de entry_time.
WARNING,SCENARIO_ORDER,CD24_E1_P15,28000,linhas do cenário não estão em ordem crescente de entry_time.
WARNING,SCENARIO_ORDER,CD24_E1_P15,28002,linhas do cenário não estão em ordem crescente de entry_time.
WARNING,SCENARIO_ORDER,CD24_E1_P15,28005,linhas do cenário não estão em ordem crescente de entry_time.
WARNING,SCENARIO_ORDER,CD24_E1_P15,28009,linhas do cenário não estão em ordem crescente de entry_time.
WARNING,SCENARIO_ORDER,CD24_E1_P15,28011,linhas do cenário não estão em ordem crescente de entry_time.
WARNING,SCENARIO_ORDER,CD24_E1_P15,28014,linhas do cenário não estão em ordem crescente de entry_time.
WARNING,SCENARIO_ORDER,CD24_E1_P15,28019,linhas do cenário não estão em ordem crescente de entry_time.
WARNING,SCENARIO_ORDER,CD24_E1_P15,28021,linhas do cenário não estão em ordem crescente de entry_time.
WARNING,SCENARIO_ORDER,CD24_E1_P15,28026,linhas do cenário não estão em ordem crescente de entry_time.
WARNING,SCENARIO_ORDER,CD24_E1_P15,28029,linhas do cenário não estão em ordem crescente de entry_time.
WARNING,SCENARIO_ORDER,CD24_E1_P15,28034,linhas do cenário não estão em ordem crescente de entry_time.
WARNING,SCENARIO_ORDER,CD24_E1_P15,28036,linhas do cenário não estão em ordem crescente de entry_time.
WARNING,SCENARIO_ORDER,CD24_E1_P15,28043,linhas do cenário não estão em ordem crescente de entry_time.
WARNING,SCENARIO_ORDER,CD24_E1_P15,28049,linhas do cenário não estão em ordem crescente de entry_time.
WARNING,SCENARIO_ORDER,CD24_E1_P15,28051,linhas do cenário não estão em ordem crescente de entry_time.
WARNING,SCENARIO_ORDER,CD24_E1_P15,28059,linhas do cenário não estão em ordem crescente de entry_time.
WARNING,SCENARIO_ORDER,CD24_E1_P15,28064,linhas do cenário não estão em ordem crescente de entry_time.
WARNING,SCENARIO_ORDER,CD24_E1_P15,28068,linhas do cenário não estão em ordem crescente de entry_time.
WARNING,SCENARIO_ORDER,CD24_E1_P15,28075,linhas do cenário não estão em ordem crescente de entry_time.
WARNING,SCENARIO_ORDER,CD24_E1_P15,28078,linhas do cenário não estão em ordem crescente de entry_time.
WARNING,SCENARIO_ORDER,CD24_E1_P15,28082,linhas do cenário não estão em ordem crescente de entry_time.
WARNING,SCENARIO_ORDER,CD24_E1_P15,28091,linhas do cenário não estão em ordem crescente de entry_time.
WARNING,SCENARIO_ORDER,CD24_E1_P15,28094,linhas do cenário não estão em ordem crescente de entry_time.
WARNING,SCENARIO_ORDER,CD24_E1_P15,28102,linhas do cenário não estão em ordem crescente de entry_time.
WARNING,SCENARIO_ORDER,CD24_E1_P15,28109,linhas do cenário não estão em ordem crescente de entry_time.
WARNING,SCENARIO_ORDER,CD24_E1_P15,28112,linhas do cenário não estão em ordem crescente de entry_time.
WARNING,SCENARIO_ORDER,CD24_E1_P15,28116,linhas do cenário não estão em ordem crescente de entry_time.
WARNING,SCENARIO_ORDER,CD24_E1_P15,28121,linhas do cenário não estão em ordem crescente de entry_time.
WARNING,SCENARIO_ORDER,CD24_E1_P15,28137,linhas do cenário não estão em ordem crescente de entry_time.
WARNING,SCENARIO_ORDER,CD24_E1_P15,28146,linhas do cenário não estão em ordem crescente de entry_time.
WARNING,SCENARIO_ORDER,CD24_E1_P15,28152,linhas do cenário não estão em ordem crescente de entry_time.
WARNING,SCENARIO_ORDER,CD24_E1_P15,28153,linhas do cenário não estão em ordem crescente de entry_time.
WARNING,SCENARIO_ORDER,CD24_E1_P15,28155,linhas do cenário não estão em ordem crescente de entry_time.
WARNING,SCENARIO_ORDER,CD24_E1_P15,28165,linhas do cenário não estão em ordem crescente de entry_time.
WARNING,SCENARIO_ORDER,CD24_E1_P15,28167,linhas do cenário não estão em ordem crescente de entry_time.
WARNING,SCENARIO_ORDER,CD24_E1_P15,28169,linhas do cenário não estão em ordem crescente de entry_time.
WARNING,SCENARIO_ORDER,CD24_E1_P15,28171,linhas do cenário não estão em ordem crescente de entry_time.
WARNING,SCENARIO_ORDER,CD24_E1_P15,28176,linhas do cenário não estão em ordem crescente de entry_time.
WARNING,SCENARIO_ORDER,CD24_E1_P15,28180,linhas do cenário não estão em ordem crescente de entry_time.
WARNING,SCENARIO_ORDER,CD24_E1_P15,28184,linhas do cenário não estão em ordem crescente de entry_time.
WARNING,SCENARIO_ORDER,CD24_E1_P15,28187,linhas do cenário não estão em ordem crescente de entry_time.
WARNING,SCENARIO_ORDER,CD24_E1_P15,28190,linhas do cenário não estão em ordem crescente de entry_time.
WARNING,SCENARIO_ORDER,CD24_E1_P15,28207,linhas do cenário não estão em ordem crescente de entry_time.
WARNING,SCENARIO_ORDER,CD24_E1_P15,28210,linhas do cenário não estão em ordem crescente de entry_time.
WARNING,SCENARIO_ORDER,CD24_E1_P15,28215,linhas do cenário não estão em ordem crescente de entry_time.
WARNING,SCENARIO_ORDER,CD24_E1_P15,28224,linhas do cenário não estão em ordem crescente de entry_time.
WARNING,SCENARIO_ORDER,CD24_E1_P15,28226,linhas do cenário não estão em ordem crescente de entry_time.
WARNING,SCENARIO_ORDER,CD24_E1_P15,28228,linhas do cenário não estão em ordem crescente de entry_time.
WARNING,SCENARIO_ORDER,CD24_E1_P15,28233,linhas do cenário não estão em ordem crescente de entry_time.
WARNING,SCENARIO_ORDER,CD24_E1_P15,28235,linhas do cenário não estão em ordem crescente de entry_time.
WARNING,SCENARIO_ORDER,CD24_E1_P15,28238,linhas do cenário não estão em ordem crescente de entry_time.
WARNING,SCENARIO_ORDER,CD24_E1_P15,28243,linhas do cenário não estão em ordem crescente de entry_time.
WARNING,SCENARIO_ORDER,CD24_E1_P15,28247,linhas do cenário não estão em ordem crescente de entry_time.
WARNING,SCENARIO_ORDER,CD24_E1_P15,28249,linhas do cenário não estão em ordem crescente de entry_time.
WARNING,SCENARIO_ORDER,CD24_E1_P15,28250,linhas do cenário não estão em ordem crescente de entry_time.
WARNING,SCENARIO_ORDER,CD24_E1_P15,28260,linhas do cenário não estão em ordem crescente de entry_time.
WARNING,SCENARIO_ORDER,CD24_E1_P15,28263,linhas do cenário não estão em ordem crescente de entry_time.
WARNING,SCENARIO_ORDER,CD24_E1_P15,28266,linhas do cenário não estão em ordem crescente de entry_time.
WARNING,SCENARIO_ORDER,CD24_E1_P15,28270,linhas do cenário não estão em ordem crescente de entry_time.
WARNING,SCENARIO_ORDER,CD24_E1_P15,28274,linhas do cenário não estão em ordem crescente de entry_time.
WARNING,SCENARIO_ORDER,CD24_E1_P15,28279,linhas do cenário não estão em ordem crescente de entry_time.
WARNING,SCENARIO_ORDER,CD24_E2_P5,28283,linhas do cenário não estão em ordem crescente de entry_time.
WARNING,SCENARIO_ORDER,CD24_E2_P5,28288,linhas do cenário não estão em ordem crescente de entry_time.
WARNING,SCENARIO_ORDER,CD24_E2_P5,28290,linhas do cenário não estão em ordem crescente de entry_time.
WARNING,SCENARIO_ORDER,CD24_E2_P5,28292,linhas do cenário não estão em ordem crescente de entry_time.
WARNING,SCENARIO_ORDER,CD24_E2_P5,28298,linhas do cenário não estão em ordem crescente de entry_time.
WARNING,SCENARIO_ORDER,CD24_E2_P5,28304,linhas do cenário não estão em ordem crescente de entry_time.
WARNING,SCENARIO_ORDER,CD24_E2_P5,28306,linhas do cenário não estão em ordem crescente de entry_time.
WARNING,SCENARIO_ORDER,CD24_E2_P5,28312,linhas do cenário não estão em ordem crescente de entry_time.
WARNING,SCENARIO_ORDER,CD24_E2_P5,28324,linhas do cenário não estão em ordem crescente de entry_time.
WARNING,SCENARIO_ORDER,CD24_E2_P5,28335,linhas do cenário não estão em ordem crescente de entry_time.
WARNING,SCENARIO_ORDER,CD24_E2_P5,28345,linhas do cenário não estão em ordem crescente de entry_time.
WARNING,SCENARIO_ORDER,CD24_E2_P5,28347,linhas do cenário não estão em ordem crescente de entry_time.
WARNING,SCENARIO_ORDER,CD24_E2_P5,28352,linhas do cenário não estão em ordem crescente de entry_time.
WARNING,SCENARIO_ORDER,CD24_E2_P5,28355,linhas do cenário não estão em ordem crescente de entry_time.
WARNING,SCENARIO_ORDER,CD24_E2_P5,28360,linhas do cenário não estão em ordem crescente de entry_time.
WARNING,SCENARIO_ORDER,CD24_E2_P5,28362,linhas do cenário não estão em ordem crescente de entry_time.
WARNING,SCENARIO_ORDER,CD24_E2_P5,28364,linhas do cenário não estão em ordem crescente de entry_time.
WARNING,SCENARIO_ORDER,CD24_E2_P5,28366,linhas do cenário não estão em ordem crescente de entry_time.
WARNING,SCENARIO_ORDER,CD24_E2_P5,28369,linhas do cenário não estão em ordem crescente de entry_time.
WARNING,SCENARIO_ORDER,CD24_E2_P5,28376,linhas do cenário não estão em ordem crescente de entry_time.
WARNING,SCENARIO_ORDER,CD24_E2_P5,28377,linhas do cenário não estão em ordem crescente de entry_time.
WARNING,SCENARIO_ORDER,CD24_E2_P5,28382,linhas do cenário não estão em ordem crescente de entry_time.
WARNING,SCENARIO_ORDER,CD24_E2_P5,28396,linhas do cenário não estão em ordem crescente de entry_time.
WARNING,SCENARIO_ORDER,CD24_E2_P5,28402,linhas do cenário não estão em ordem crescente de entry_time.
WARNING,SCENARIO_ORDER,CD24_E2_P5,28404,linhas do cenário não estão em ordem crescente de entry_time.
WARNING,SCENARIO_ORDER,CD24_E2_P5,28406,linhas do cenário não estão em ordem crescente de entry_time.
WARNING,SCENARIO_ORDER,CD24_E2_P5,28410,linhas do cenário não estão em ordem crescente de entry_time.
WARNING,SCENARIO_ORDER,CD24_E2_P5,28416,linhas do cenário não estão em ordem crescente de entry_time.
WARNING,SCENARIO_ORDER,CD24_E2_P5,28427,linhas do cenário não estão em ordem crescente de entry_time.
WARNING,SCENARIO_ORDER,CD24_E2_P5,28431,linhas do cenário não estão em ordem crescente de entry_time.
WARNING,SCENARIO_ORDER,CD24_E2_P5,28434,linhas do cenário não estão em ordem crescente de entry_time.
WARNING,SCENARIO_ORDER,CD24_E2_P5,28439,linhas do cenário não estão em ordem crescente de entry_time.
WARNING,SCENARIO_ORDER,CD24_E2_P5,28448,linhas do cenário não estão em ordem crescente de entry_time.
WARNING,SCENARIO_ORDER,CD24_E2_P5,28452,linhas do cenário não estão em ordem crescente de entry_time.
WARNING,SCENARIO_ORDER,CD24_E2_P5,28456,linhas do cenário não estão em ordem crescente de entry_time.
WARNING,SCENARIO_ORDER,CD24_E2_P5,28461,linhas do cenário não estão em ordem crescente de entry_time.
WARNING,SCENARIO_ORDER,CD24_E2_P5,28463,linhas do cenário não estão em ordem crescente de entry_time.
WARNING,SCENARIO_ORDER,CD24_E2_P5,28464,linhas do cenário não estão em ordem crescente de entry_time.
WARNING,SCENARIO_ORDER,CD24_E2_P5,28466,linhas do cenário não estão em ordem crescente de entry_time.
WARNING,SCENARIO_ORDER,CD24_E2_P7,28471,linhas do cenário não estão em ordem crescente de entry_time.
WARNING,SCENARIO_ORDER,CD24_E2_P7,28474,linhas do cenário não estão em ordem crescente de entry_time.
WARNING,SCENARIO_ORDER,CD24_E2_P7,28477,linhas do cenário não estão em ordem crescente de entry_time.
WARNING,SCENARIO_ORDER,CD24_E2_P7,28479,linhas do cenário não estão em ordem crescente de entry_time.
WARNING,SCENARIO_ORDER,CD24_E2_P7,28481,linhas do cenário não estão em ordem crescente de entry_time.
WARNING,SCENARIO_ORDER,CD24_E2_P7,28489,linhas do cenário não estão em ordem crescente de entry_time.
WARNING,SCENARIO_ORDER,CD24_E2_P7,28497,linhas do cenário não estão em ordem crescente de entry_time.
WARNING,SCENARIO_ORDER,CD24_E2_P7,28499,linhas do cenário não estão em ordem crescente de entry_time.
WARNING,SCENARIO_ORDER,CD24_E2_P7,28505,linhas do cenário não estão em ordem crescente de entry_time.
WARNING,SCENARIO_ORDER,CD24_E2_P7,28520,linhas do cenário não estão em ordem crescente de entry_time.
WARNING,SCENARIO_ORDER,CD24_E2_P7,28534,linhas do cenário não estão em ordem crescente de entry_time.
WARNING,SCENARIO_ORDER,CD24_E2_P7,28542,linhas do cenário não estão em ordem crescente de entry_time.
WARNING,SCENARIO_ORDER,CD24_E2_P7,28548,linhas do cenário não estão em ordem crescente de entry_time.
WARNING,SCENARIO_ORDER,CD24_E2_P7,28550,linhas do cenário não estão em ordem crescente de entry_time.
WARNING,SCENARIO_ORDER,CD24_E2_P7,28558,linhas do cenário não estão em ordem crescente de entry_time.
WARNING,SCENARIO_ORDER,CD24_E2_P7,28568,linhas do cenário não estão em ordem crescente de entry_time.
WARNING,SCENARIO_ORDER,CD24_E2_P7,28569,linhas do cenário não estão em ordem crescente de entry_time.
WARNING,SCENARIO_ORDER,CD24_E2_P7,28571,linhas do cenário não estão em ordem crescente de entry_time.
WARNING,SCENARIO_ORDER,CD24_E2_P7,28574,linhas do cenário não estão em ordem crescente de entry_time.
WARNING,SCENARIO_ORDER,CD24_E2_P7,28576,linhas do cenário não estão em ordem crescente de entry_time.
WARNING,SCENARIO_ORDER,CD24_E2_P7,28581,linhas do cenário não estão em ordem crescente de entry_time.
WARNING,SCENARIO_ORDER,CD24_E2_P7,28591,linhas do cenário não estão em ordem crescente de entry_time.
WARNING,SCENARIO_ORDER,CD24_E2_P7,28592,linhas do cenário não estão em ordem crescente de entry_time.
WARNING,SCENARIO_ORDER,CD24_E2_P7,28600,linhas do cenário não estão em ordem crescente de entry_time.
WARNING,SCENARIO_ORDER,CD24_E2_P7,28608,linhas do cenário não estão em ordem crescente de entry_time.
WARNING,SCENARIO_ORDER,CD24_E2_P7,28613,linhas do cenário não estão em ordem crescente de entry_time.
WARNING,SCENARIO_ORDER,CD24_E2_P7,28619,linhas do cenário não estão em ordem crescente de entry_time.
WARNING,SCENARIO_ORDER,CD24_E2_P7,28626,linhas do cenário não estão em ordem crescente de entry_time.
WARNING,SCENARIO_ORDER,CD24_E2_P7,28628,linhas do cenário não estão em ordem crescente de entry_time.
WARNING,SCENARIO_ORDER,CD24_E2_P7,28630,linhas do cenário não estão em ordem crescente de entry_time.
WARNING,SCENARIO_ORDER,CD24_E2_P7,28637,linhas do cenário não estão em ordem crescente de entry_time.
WARNING,SCENARIO_ORDER,CD24_E2_P7,28641,linhas do cenário não estão em ordem crescente de entry_time.
WARNING,SCENARIO_ORDER,CD24_E2_P7,28646,linhas do cenário não estão em ordem crescente de entry_time.
WARNING,SCENARIO_ORDER,CD24_E2_P7,28647,linhas do cenário não estão em ordem crescente de entry_time.
WARNING,SCENARIO_ORDER,CD24_E2_P7,28653,linhas do cenário não estão em ordem crescente de entry_time.
WARNING,SCENARIO_ORDER,CD24_E2_P7,28656,linhas do cenário não estão em ordem crescente de entry_time.
WARNING,SCENARIO_ORDER,CD24_E2_P7,28661,linhas do cenário não estão em ordem crescente de entry_time.
WARNING,SCENARIO_ORDER,CD24_E2_P7,28665,linhas do cenário não estão em ordem crescente de entry_time.
WARNING,SCENARIO_ORDER,CD24_E2_P7,28671,linhas do cenário não estão em ordem crescente de entry_time.
WARNING,SCENARIO_ORDER,CD24_E2_P7,28674,linhas do cenário não estão em ordem crescente de entry_time.
WARNING,SCENARIO_ORDER,CD24_E2_P7,28679,linhas do cenário não estão em ordem crescente de entry_time.
WARNING,SCENARIO_ORDER,CD24_E2_P7,28681,linhas do cenário não estão em ordem crescente de entry_time.
WARNING,SCENARIO_ORDER,CD24_E2_P7,28685,linhas do cenário não estão em ordem crescente de entry_time.
WARNING,SCENARIO_ORDER,CD24_E2_P7,28690,linhas do cenário não estão em ordem crescente de entry_time.
WARNING,SCENARIO_ORDER,CD24_E2_P7,28692,linhas do cenário não estão em ordem crescente de entry_time.
WARNING,SCENARIO_ORDER,CD24_E2_P7,28693,linhas do cenário não estão em ordem crescente de entry_time.
WARNING,SCENARIO_ORDER,CD24_E2_P7,28696,linhas do cenário não estão em ordem crescente de entry_time.
WARNING,SCENARIO_ORDER,CD24_E2_P7,28698,linhas do cenário não estão em ordem crescente de entry_time.
WARNING,SCENARIO_ORDER,CD24_E2_P7,28701,linhas do cenário não estão em ordem crescente de entry_time.
WARNING,SCENARIO_ORDER,CD24_E2_P7,28703,linhas do cenário não estão em ordem crescente de entry_time.
WARNING,SCENARIO_ORDER,CD24_E2_P7,28710,linhas do cenário não estão em ordem crescente de entry_time.
WARNING,SCENARIO_ORDER,CD24_E2_P7,28714,linhas do cenário não estão em ordem crescente de entry_time.
WARNING,SCENARIO_ORDER,CD24_E2_P7,28716,linhas do cenário não estão em ordem crescente de entry_time.
WARNING,SCENARIO_ORDER,CD24_E2_P10,28718,linhas do cenário não estão em ordem crescente de entry_time.
WARNING,SCENARIO_ORDER,CD24_E2_P10,28721,linhas do cenário não estão em ordem crescente de entry_time.
WARNING,SCENARIO_ORDER,CD24_E2_P10,28724,linhas do cenário não estão em ordem crescente de entry_time.
WARNING,SCENARIO_ORDER,CD24_E2_P10,28726,linhas do cenário não estão em ordem crescente de entry_time.
WARNING,SCENARIO_ORDER,CD24_E2_P10,28729,linhas do cenário não estão em ordem crescente de entry_time.
WARNING,SCENARIO_ORDER,CD24_E2_P10,28740,linhas do cenário não estão em ordem crescente de entry_time.
WARNING,SCENARIO_ORDER,CD24_E2_P10,28744,linhas do cenário não estão em ordem crescente de entry_time.
WARNING,SCENARIO_ORDER,CD24_E2_P10,28752,linhas do cenário não estão em ordem crescente de entry_time.
WARNING,SCENARIO_ORDER,CD24_E2_P10,28759,linhas do cenário não estão em ordem crescente de entry_time.
WARNING,SCENARIO_ORDER,CD24_E2_P10,28793,linhas do cenário não estão em ordem crescente de entry_time.
WARNING,SCENARIO_ORDER,CD24_E2_P10,28796,linhas do cenário não estão em ordem crescente de entry_time.
WARNING,SCENARIO_ORDER,CD24_E2_P10,28814,linhas do cenário não estão em ordem crescente de entry_time.
WARNING,SCENARIO_ORDER,CD24_E2_P10,28819,linhas do cenário não estão em ordem crescente de entry_time.
WARNING,SCENARIO_ORDER,CD24_E2_P10,28822,linhas do cenário não estão em ordem crescente de entry_time.
WARNING,SCENARIO_ORDER,CD24_E2_P10,28828,linhas do cenário não estão em ordem crescente de entry_time.
WARNING,SCENARIO_ORDER,CD24_E2_P10,28833,linhas do cenário não estão em ordem crescente de entry_time.
WARNING,SCENARIO_ORDER,CD24_E2_P10,28835,linhas do cenário não estão em ordem crescente de entry_time.
WARNING,SCENARIO_ORDER,CD24_E2_P10,28837,linhas do cenário não estão em ordem crescente de entry_time.
WARNING,SCENARIO_ORDER,CD24_E2_P10,28840,linhas do cenário não estão em ordem crescente de entry_time.
WARNING,SCENARIO_ORDER,CD24_E2_P10,28843,linhas do cenário não estão em ordem crescente de entry_time.
WARNING,SCENARIO_ORDER,CD24_E2_P10,28846,linhas do cenário não estão em ordem crescente de entry_time.
WARNING,SCENARIO_ORDER,CD24_E2_P10,28848,linhas do cenário não estão em ordem crescente de entry_time.
WARNING,SCENARIO_ORDER,CD24_E2_P10,28851,linhas do cenário não estão em ordem crescente de entry_time.
WARNING,SCENARIO_ORDER,CD24_E2_P10,28856,linhas do cenário não estão em ordem crescente de entry_time.
WARNING,SCENARIO_ORDER,CD24_E2_P10,28864,linhas do cenário não estão em ordem crescente de entry_time.
WARNING,SCENARIO_ORDER,CD24_E2_P10,28867,linhas do cenário não estão em ordem crescente de entry_time.
WARNING,SCENARIO_ORDER,CD24_E2_P10,28870,linhas do cenário não estão em ordem crescente de entry_time.
WARNING,SCENARIO_ORDER,CD24_E2_P10,28876,linhas do cenário não estão em ordem crescente de entry_time.
WARNING,SCENARIO_ORDER,CD24_E2_P10,28881,linhas do cenário não estão em ordem crescente de entry_time.
WARNING,SCENARIO_ORDER,CD24_E2_P10,28884,linhas do cenário não estão em ordem crescente de entry_time.
WARNING,SCENARIO_ORDER,CD24_E2_P10,28887,linhas do cenário não estão em ordem crescente de entry_time.
WARNING,SCENARIO_ORDER,CD24_E2_P10,28892,linhas do cenário não estão em ordem crescente de entry_time.
WARNING,SCENARIO_ORDER,CD24_E2_P10,28893,linhas do cenário não estão em ordem crescente de entry_time.
WARNING,SCENARIO_ORDER,CD24_E2_P10,28898,linhas do cenário não estão em ordem crescente de entry_time.
WARNING,SCENARIO_ORDER,CD24_E2_P10,28904,linhas do cenário não estão em ordem crescente de entry_time.
WARNING,SCENARIO_ORDER,CD24_E2_P10,28907,linhas do cenário não estão em ordem crescente de entry_time.
WARNING,SCENARIO_ORDER,CD24_E2_P10,28911,linhas do cenário não estão em ordem crescente de entry_time.
WARNING,SCENARIO_ORDER,CD24_E2_P10,28922,linhas do cenário não estão em ordem crescente de entry_time.
WARNING,SCENARIO_ORDER,CD24_E2_P10,28930,linhas do cenário não estão em ordem crescente de entry_time.
WARNING,SCENARIO_ORDER,CD24_E2_P10,28935,linhas do cenário não estão em ordem crescente de entry_time.
WARNING,SCENARIO_ORDER,CD24_E2_P10,28937,linhas do cenário não estão em ordem crescente de entry_time.
WARNING,SCENARIO_ORDER,CD24_E2_P10,28940,linhas do cenário não estão em ordem crescente de entry_time.
WARNING,SCENARIO_ORDER,CD24_E2_P10,28944,linhas do cenário não estão em ordem crescente de entry_time.
WARNING,SCENARIO_ORDER,CD24_E2_P10,28947,linhas do cenário não estão em ordem crescente de entry_time.
WARNING,SCENARIO_ORDER,CD24_E2_P10,28949,linhas do cenário não estão em ordem crescente de entry_time.
WARNING,SCENARIO_ORDER,CD24_E2_P10,28956,linhas do cenário não estão em ordem crescente de entry_time.
WARNING,SCENARIO_ORDER,CD24_E2_P10,28962,linhas do cenário não estão em ordem crescente de entry_time.
WARNING,SCENARIO_ORDER,CD24_E2_P10,28970,linhas do cenário não estão em ordem crescente de entry_time.
WARNING,SCENARIO_ORDER,CD24_E2_P10,28973,linhas do cenário não estão em ordem crescente de entry_time.
WARNING,SCENARIO_ORDER,CD24_E2_P10,28977,linhas do cenário não estão em ordem crescente de entry_time.
WARNING,SCENARIO_ORDER,CD24_E2_P10,28983,linhas do cenário não estão em ordem crescente de entry_time.
WARNING,SCENARIO_ORDER,CD24_E2_P10,28984,linhas do cenário não estão em ordem crescente de entry_time.
WARNING,SCENARIO_ORDER,CD24_E2_P10,28987,linhas do cenário não estão em ordem crescente de entry_time.
WARNING,SCENARIO_ORDER,CD24_E2_P10,28994,linhas do cenário não estão em ordem crescente de entry_time.
WARNING,SCENARIO_ORDER,CD24_E2_P10,28997,linhas do cenário não estão em ordem crescente de entry_time.
WARNING,SCENARIO_ORDER,CD24_E2_P10,29002,linhas do cenário não estão em ordem crescente de entry_time.
WARNING,SCENARIO_ORDER,CD24_E2_P10,29003,linhas do cenário não estão em ordem crescente de entry_time.
WARNING,SCENARIO_ORDER,CD24_E2_P10,29006,linhas do cenário não estão em ordem crescente de entry_time.
WARNING,SCENARIO_ORDER,CD24_E2_P10,29014,linhas do cenário não estão em ordem crescente de entry_time.
WARNING,SCENARIO_ORDER,CD24_E2_P10,29016,linhas do cenário não estão em ordem crescente de entry_time.
WARNING,SCENARIO_ORDER,CD24_E2_P10,29018,linhas do cenário não estão em ordem crescente de entry_time.
WARNING,SCENARIO_ORDER,CD24_E2_P10,29020,linhas do cenário não estão em ordem crescente de entry_time.
WARNING,SCENARIO_ORDER,CD24_E2_P10,29024,linhas do cenário não estão em ordem crescente de entry_time.
WARNING,SCENARIO_ORDER,CD24_E2_P10,29025,linhas do cenário não estão em ordem crescente de entry_time.
WARNING,SCENARIO_ORDER,CD24_E2_P10,29032,linhas do cenário não estão em ordem crescente de entry_time.
WARNING,SCENARIO_ORDER,CD24_E2_P10,29035,linhas do cenário não estão em ordem crescente de entry_time.
WARNING,SCENARIO_ORDER,CD24_E2_P10,29036,linhas do cenário não estão em ordem crescente de entry_time.
WARNING,SCENARIO_ORDER,CD24_E2_P10,29040,linhas do cenário não estão em ordem crescente de entry_time.
WARNING,SCENARIO_ORDER,CD24_E2_P10,29042,linhas do cenário não estão em ordem crescente de entry_time.
WARNING,SCENARIO_ORDER,CD24_E2_P10,29046,linhas do cenário não estão em ordem crescente de entry_time.
WARNING,SCENARIO_ORDER,CD24_E2_P10,29050,linhas do cenário não estão em ordem crescente de entry_time.
WARNING,SCENARIO_ORDER,CD24_E2_P10,29051,linhas do cenário não estão em ordem crescente de entry_time.
WARNING,SCENARIO_ORDER,CD24_E2_P10,29053,linhas do cenário não estão em ordem crescente de entry_time.
WARNING,SCENARIO_ORDER,CD24_E2_P10,29055,linhas do cenário não estão em ordem crescente de entry_time.
WARNING,SCENARIO_ORDER,CD24_E2_P10,29061,linhas do cenário não estão em ordem crescente de entry_time.
WARNING,SCENARIO_ORDER,CD24_E2_P15,29063,linhas do cenário não estão em ordem crescente de entry_time.
WARNING,SCENARIO_ORDER,CD24_E2_P15,29066,linhas do cenário não estão em ordem crescente de entry_time.
WARNING,SCENARIO_ORDER,CD24_E2_P15,29069,linhas do cenário não estão em ordem crescente de entry_time.
WARNING,SCENARIO_ORDER,CD24_E2_P15,29071,linhas do cenário não estão em ordem crescente de entry_time.
WARNING,SCENARIO_ORDER,CD24_E2_P15,29074,linhas do cenário não estão em ordem crescente de entry_time.
WARNING,SCENARIO_ORDER,CD24_E2_P15,29089,linhas do cenário não estão em ordem crescente de entry_time.
WARNING,SCENARIO_ORDER,CD24_E2_P15,29097,linhas do cenário não estão em ordem crescente de entry_time.
WARNING,SCENARIO_ORDER,CD24_E2_P15,29104,linhas do cenário não estão em ordem crescente de entry_time.
WARNING,SCENARIO_ORDER,CD24_E2_P15,29110,linhas do cenário não estão em ordem crescente de entry_time.
WARNING,SCENARIO_ORDER,CD24_E2_P15,29112,linhas do cenário não estão em ordem crescente de entry_time.
WARNING,SCENARIO_ORDER,CD24_E2_P15,29126,linhas do cenário não estão em ordem crescente de entry_time.
WARNING,SCENARIO_ORDER,CD24_E2_P15,29129,linhas do cenário não estão em ordem crescente de entry_time.
WARNING,SCENARIO_ORDER,CD24_E2_P15,29143,linhas do cenário não estão em ordem crescente de entry_time.
WARNING,SCENARIO_ORDER,CD24_E2_P15,29151,linhas do cenário não estão em ordem crescente de entry_time.
WARNING,SCENARIO_ORDER,CD24_E2_P15,29154,linhas do cenário não estão em ordem crescente de entry_time.
WARNING,SCENARIO_ORDER,CD24_E2_P15,29158,linhas do cenário não estão em ordem crescente de entry_time.
WARNING,SCENARIO_ORDER,CD24_E2_P15,29162,linhas do cenário não estão em ordem crescente de entry_time.
WARNING,SCENARIO_ORDER,CD24_E2_P15,29167,linhas do cenário não estão em ordem crescente de entry_time.
WARNING,SCENARIO_ORDER,CD24_E2_P15,29169,linhas do cenário não estão em ordem crescente de entry_time.
WARNING,SCENARIO_ORDER,CD24_E2_P15,29175,linhas do cenário não estão em ordem crescente de entry_time.
WARNING,SCENARIO_ORDER,CD24_E2_P15,29176,linhas do cenário não estão em ordem crescente de entry_time.
WARNING,SCENARIO_ORDER,CD24_E2_P15,29182,linhas do cenário não estão em ordem crescente de entry_time.
WARNING,SCENARIO_ORDER,CD24_E2_P15,29189,linhas do cenário não estão em ordem crescente de entry_time.
WARNING,SCENARIO_ORDER,CD24_E2_P15,29196,linhas do cenário não estão em ordem crescente de entry_time.
WARNING,SCENARIO_ORDER,CD24_E2_P15,29198,linhas do cenário não estão em ordem crescente de entry_time.
WARNING,SCENARIO_ORDER,CD24_E2_P15,29200,linhas do cenário não estão em ordem crescente de entry_time.
WARNING,SCENARIO_ORDER,CD24_E2_P15,29203,linhas do cenário não estão em ordem crescente de entry_time.
WARNING,SCENARIO_ORDER,CD24_E2_P15,29212,linhas do cenário não estão em ordem crescente de entry_time.
WARNING,SCENARIO_ORDER,CD24_E2_P15,29223,linhas do cenário não estão em ordem crescente de entry_time.
WARNING,SCENARIO_ORDER,CD24_E2_P15,29224,linhas do cenário não estão em ordem crescente de entry_time.
WARNING,SCENARIO_ORDER,CD24_E2_P15,29226,linhas do cenário não estão em ordem crescente de entry_time.
WARNING,SCENARIO_ORDER,CD24_E2_P15,29230,linhas do cenário não estão em ordem crescente de entry_time.
WARNING,SCENARIO_ORDER,CD24_E2_P15,29233,linhas do cenário não estão em ordem crescente de entry_time.
WARNING,SCENARIO_ORDER,CD24_E2_P15,29238,linhas do cenário não estão em ordem crescente de entry_time.
WARNING,SCENARIO_ORDER,CD24_E2_P15,29240,linhas do cenário não estão em ordem crescente de entry_time.
WARNING,SCENARIO_ORDER,CD24_E2_P15,29249,linhas do cenário não estão em ordem crescente de entry_time.
WARNING,SCENARIO_ORDER,CD24_E2_P15,29251,linhas do cenário não estão em ordem crescente de entry_time.
WARNING,SCENARIO_ORDER,CD24_E2_P15,29254,linhas do cenário não estão em ordem crescente de entry_time.
WARNING,SCENARIO_ORDER,CD24_E2_P15,29257,linhas do cenário não estão em ordem crescente de entry_time.
WARNING,SCENARIO_ORDER,CD24_E2_P15,29259,linhas do cenário não estão em ordem crescente de entry_time.
WARNING,SCENARIO_ORDER,CD24_E2_P15,29262,linhas do cenário não estão em ordem crescente de entry_time.
WARNING,SCENARIO_ORDER,CD24_E2_P15,29266,linhas do cenário não estão em ordem crescente de entry_time.
WARNING,SCENARIO_ORDER,CD24_E2_P15,29268,linhas do cenário não estão em ordem crescente de entry_time.
WARNING,SCENARIO_ORDER,CD24_E2_P15,29271,linhas do cenário não estão em ordem crescente de entry_time.
WARNING,SCENARIO_ORDER,CD24_E2_P15,29276,linhas do cenário não estão em ordem crescente de entry_time.
WARNING,SCENARIO_ORDER,CD24_E2_P15,29278,linhas do cenário não estão em ordem crescente de entry_time.
WARNING,SCENARIO_ORDER,CD24_E2_P15,29283,linhas do cenário não estão em ordem crescente de entry_time.
WARNING,SCENARIO_ORDER,CD24_E2_P15,29286,linhas do cenário não estão em ordem crescente de entry_time.
WARNING,SCENARIO_ORDER,CD24_E2_P15,29291,linhas do cenário não estão em ordem crescente de entry_time.
WARNING,SCENARIO_ORDER,CD24_E2_P15,29293,linhas do cenário não estão em ordem crescente de entry_time.
WARNING,SCENARIO_ORDER,CD24_E2_P15,29300,linhas do cenário não estão em ordem crescente de entry_time.
WARNING,SCENARIO_ORDER,CD24_E2_P15,29306,linhas do cenário não estão em ordem crescente de entry_time.
WARNING,SCENARIO_ORDER,CD24_E2_P15,29308,linhas do cenário não estão em ordem crescente de entry_time.
WARNING,SCENARIO_ORDER,CD24_E2_P15,29316,linhas do cenário não estão em ordem crescente de entry_time.
WARNING,SCENARIO_ORDER,CD24_E2_P15,29321,linhas do cenário não estão em ordem crescente de entry_time.
WARNING,SCENARIO_ORDER,CD24_E2_P15,29325,linhas do cenário não estão em ordem crescente de entry_time.
WARNING,SCENARIO_ORDER,CD24_E2_P15,29332,linhas do cenário não estão em ordem crescente de entry_time.
WARNING,SCENARIO_ORDER,CD24_E2_P15,29335,linhas do cenário não estão em ordem crescente de entry_time.
WARNING,SCENARIO_ORDER,CD24_E2_P15,29339,linhas do cenário não estão em ordem crescente de entry_time.
WARNING,SCENARIO_ORDER,CD24_E2_P15,29348,linhas do cenário não estão em ordem crescente de entry_time.
WARNING,SCENARIO_ORDER,CD24_E2_P15,29351,linhas do cenário não estão em ordem crescente de entry_time.
WARNING,SCENARIO_ORDER,CD24_E2_P15,29359,linhas do cenário não estão em ordem crescente de entry_time.
WARNING,SCENARIO_ORDER,CD24_E2_P15,29366,linhas do cenário não estão em ordem crescente de entry_time.
WARNING,SCENARIO_ORDER,CD24_E2_P15,29369,linhas do cenário não estão em ordem crescente de entry_time.
WARNING,SCENARIO_ORDER,CD24_E2_P15,29373,linhas do cenário não estão em ordem crescente de entry_time.
WARNING,SCENARIO_ORDER,CD24_E2_P15,29378,linhas do cenário não estão em ordem crescente de entry_time.
WARNING,SCENARIO_ORDER,CD24_E2_P15,29394,linhas do cenário não estão em ordem crescente de entry_time.
WARNING,SCENARIO_ORDER,CD24_E2_P15,29403,linhas do cenário não estão em ordem crescente de entry_time.
WARNING,SCENARIO_ORDER,CD24_E2_P15,29409,linhas do cenário não estão em ordem crescente de entry_time.
WARNING,SCENARIO_ORDER,CD24_E2_P15,29410,linhas do cenário não estão em ordem crescente de entry_time.
WARNING,SCENARIO_ORDER,CD24_E2_P15,29412,linhas do cenário não estão em ordem crescente de entry_time.
WARNING,SCENARIO_ORDER,CD24_E2_P15,29422,linhas do cenário não estão em ordem crescente de entry_time.
WARNING,SCENARIO_ORDER,CD24_E2_P15,29424,linhas do cenário não estão em ordem crescente de entry_time.
WARNING,SCENARIO_ORDER,CD24_E2_P15,29426,linhas do cenário não estão em ordem crescente de entry_time.
WARNING,SCENARIO_ORDER,CD24_E2_P15,29428,linhas do cenário não estão em ordem crescente de entry_time.
WARNING,SCENARIO_ORDER,CD24_E2_P15,29433,linhas do cenário não estão em ordem crescente de entry_time.
WARNING,SCENARIO_ORDER,CD24_E2_P15,29437,linhas do cenário não estão em ordem crescente de entry_time.
WARNING,SCENARIO_ORDER,CD24_E2_P15,29441,linhas do cenário não estão em ordem crescente de entry_time.
WARNING,SCENARIO_ORDER,CD24_E2_P15,29444,linhas do cenário não estão em ordem crescente de entry_time.
WARNING,SCENARIO_ORDER,CD24_E2_P15,29447,linhas do cenário não estão em ordem crescente de entry_time.
WARNING,SCENARIO_ORDER,CD24_E2_P15,29464,linhas do cenário não estão em ordem crescente de entry_time.
WARNING,SCENARIO_ORDER,CD24_E2_P15,29467,linhas do cenário não estão em ordem crescente de entry_time.
WARNING,SCENARIO_ORDER,CD24_E2_P15,29472,linhas do cenário não estão em ordem crescente de entry_time.
WARNING,SCENARIO_ORDER,CD24_E2_P15,29481,linhas do cenário não estão em ordem crescente de entry_time.
WARNING,SCENARIO_ORDER,CD24_E2_P15,29483,linhas do cenário não estão em ordem crescente de entry_time.
WARNING,SCENARIO_ORDER,CD24_E2_P15,29485,linhas do cenário não estão em ordem crescente de entry_time.
WARNING,SCENARIO_ORDER,CD24_E2_P15,29490,linhas do cenário não estão em ordem crescente de entry_time.
WARNING,SCENARIO_ORDER,CD24_E2_P15,29492,linhas do cenário não estão em ordem crescente de entry_time.
WARNING,SCENARIO_ORDER,CD24_E2_P15,29495,linhas do cenário não estão em ordem crescente de entry_time.
WARNING,SCENARIO_ORDER,CD24_E2_P15,29500,linhas do cenário não estão em ordem crescente de entry_time.
WARNING,SCENARIO_ORDER,CD24_E2_P15,29504,linhas do cenário não estão em ordem crescente de entry_time.
WARNING,SCENARIO_ORDER,CD24_E2_P15,29506,linhas do cenário não estão em ordem crescente de entry_time.
WARNING,SCENARIO_ORDER,CD24_E2_P15,29507,linhas do cenário não estão em ordem crescente de entry_time.
WARNING,SCENARIO_ORDER,CD24_E2_P15,29517,linhas do cenário não estão em ordem crescente de entry_time.
WARNING,SCENARIO_ORDER,CD24_E2_P15,29520,linhas do cenário não estão em ordem crescente de entry_time.
WARNING,SCENARIO_ORDER,CD24_E2_P15,29523,linhas do cenário não estão em ordem crescente de entry_time.
WARNING,SCENARIO_ORDER,CD24_E2_P15,29527,linhas do cenário não estão em ordem crescente de entry_time.
WARNING,SCENARIO_ORDER,CD24_E2_P15,29531,linhas do cenário não estão em ordem crescente de entry_time.
WARNING,SCENARIO_ORDER,CD24_E2_P15,29536,linhas do cenário não estão em ordem crescente de entry_time.
WARNING,SCENARIO_ORDER,COST_0.15,29540,linhas do cenário não estão em ordem crescente de entry_time.
WARNING,SCENARIO_ORDER,COST_0.15,29543,linhas do cenário não estão em ordem crescente de entry_time.
WARNING,SCENARIO_ORDER,COST_0.15,29546,linhas do cenário não estão em ordem crescente de entry_time.
WARNING,SCENARIO_ORDER,COST_0.15,29548,linhas do cenário não estão em ordem crescente de entry_time.
WARNING,SCENARIO_ORDER,COST_0.15,29551,linhas do cenário não estão em ordem crescente de entry_time.
WARNING,SCENARIO_ORDER,COST_0.15,29562,linhas do cenário não estão em ordem crescente de entry_time.
WARNING,SCENARIO_ORDER,COST_0.15,29566,linhas do cenário não estão em ordem crescente de entry_time.
WARNING,SCENARIO_ORDER,COST_0.15,29574,linhas do cenário não estão em ordem crescente de entry_time.
WARNING,SCENARIO_ORDER,COST_0.15,29579,linhas do cenário não estão em ordem crescente de entry_time.
WARNING,SCENARIO_ORDER,COST_0.15,29582,linhas do cenário não estão em ordem crescente de entry_time.
WARNING,SCENARIO_ORDER,COST_0.15,29615,linhas do cenário não estão em ordem crescente de entry_time.
WARNING,SCENARIO_ORDER,COST_0.15,29617,linhas do cenário não estão em ordem crescente de entry_time.
WARNING,SCENARIO_ORDER,COST_0.15,29626,linhas do cenário não estão em ordem crescente de entry_time.
WARNING,SCENARIO_ORDER,COST_0.15,29630,linhas do cenário não estão em ordem crescente de entry_time.
WARNING,SCENARIO_ORDER,COST_0.15,29640,linhas do cenário não estão em ordem crescente de entry_time.
WARNING,SCENARIO_ORDER,COST_0.15,29648,linhas do cenário não estão em ordem crescente de entry_time.
WARNING,SCENARIO_ORDER,COST_0.15,29651,linhas do cenário não estão em ordem crescente de entry_time.
WARNING,SCENARIO_ORDER,COST_0.15,29655,linhas do cenário não estão em ordem crescente de entry_time.
WARNING,SCENARIO_ORDER,COST_0.15,29666,linhas do cenário não estão em ordem crescente de entry_time.
WARNING,SCENARIO_ORDER,COST_0.15,29667,linhas do cenário não estão em ordem crescente de entry_time.
WARNING,SCENARIO_ORDER,COST_0.15,29670,linhas do cenário não estão em ordem crescente de entry_time.
WARNING,SCENARIO_ORDER,COST_0.15,29672,linhas do cenário não estão em ordem crescente de entry_time.
WARNING,SCENARIO_ORDER,COST_0.15,29673,linhas do cenário não estão em ordem crescente de entry_time.
WARNING,SCENARIO_ORDER,COST_0.15,29676,linhas do cenário não estão em ordem crescente de entry_time.
WARNING,SCENARIO_ORDER,COST_0.15,29677,linhas do cenário não estão em ordem crescente de entry_time.
WARNING,SCENARIO_ORDER,COST_0.15,29689,linhas do cenário não estão em ordem crescente de entry_time.
WARNING,SCENARIO_ORDER,COST_0.15,29692,linhas do cenário não estão em ordem crescente de entry_time.
WARNING,SCENARIO_ORDER,COST_0.15,29695,linhas do cenário não estão em ordem crescente de entry_time.
WARNING,SCENARIO_ORDER,COST_0.15,29699,linhas do cenário não estão em ordem crescente de entry_time.
WARNING,SCENARIO_ORDER,COST_0.15,29702,linhas do cenário não estão em ordem crescente de entry_time.
WARNING,SCENARIO_ORDER,COST_0.15,29703,linhas do cenário não estão em ordem crescente de entry_time.
WARNING,SCENARIO_ORDER,COST_0.15,29704,linhas do cenário não estão em ordem crescente de entry_time.
WARNING,SCENARIO_ORDER,COST_0.15,29705,linhas do cenário não estão em ordem crescente de entry_time.
WARNING,SCENARIO_ORDER,COST_0.15,29707,linhas do cenário não estão em ordem crescente de entry_time.
WARNING,SCENARIO_ORDER,COST_0.15,29713,linhas do cenário não estão em ordem crescente de entry_time.
WARNING,SCENARIO_ORDER,COST_0.15,29716,linhas do cenário não estão em ordem crescente de entry_time.
WARNING,SCENARIO_ORDER,COST_0.15,29720,linhas do cenário não estão em ordem crescente de entry_time.
WARNING,SCENARIO_ORDER,COST_0.15,29722,linhas do cenário não estão em ordem crescente de entry_time.
WARNING,SCENARIO_ORDER,COST_0.15,29732,linhas do cenário não estão em ordem crescente de entry_time.
WARNING,SCENARIO_ORDER,COST_0.15,29735,linhas do cenário não estão em ordem crescente de entry_time.
WARNING,SCENARIO_ORDER,COST_0.15,29738,linhas do cenário não estão em ordem crescente de entry_time.
WARNING,SCENARIO_ORDER,COST_0.15,29740,linhas do cenário não estão em ordem crescente de entry_time.
WARNING,SCENARIO_ORDER,COST_0.15,29748,linhas do cenário não estão em ordem crescente de entry_time.
WARNING,SCENARIO_ORDER,COST_0.15,29752,linhas do cenário não estão em ordem crescente de entry_time.
WARNING,SCENARIO_ORDER,COST_0.15,29754,linhas do cenário não estão em ordem crescente de entry_time.
WARNING,SCENARIO_ORDER,COST_0.15,29757,linhas do cenário não estão em ordem crescente de entry_time.
WARNING,SCENARIO_ORDER,COST_0.15,29760,linhas do cenário não estão em ordem crescente de entry_time.
WARNING,SCENARIO_ORDER,COST_0.15,29762,linhas do cenário não estão em ordem crescente de entry_time.
WARNING,SCENARIO_ORDER,COST_0.15,29767,linhas do cenário não estão em ordem crescente de entry_time.
WARNING,SCENARIO_ORDER,COST_0.15,29770,linhas do cenário não estão em ordem crescente de entry_time.
WARNING,SCENARIO_ORDER,COST_0.15,29777,linhas do cenário não estão em ordem crescente de entry_time.
WARNING,SCENARIO_ORDER,COST_0.15,29783,linhas do cenário não estão em ordem crescente de entry_time.
WARNING,SCENARIO_ORDER,COST_0.15,29792,linhas do cenário não estão em ordem crescente de entry_time.
WARNING,SCENARIO_ORDER,COST_0.15,29794,linhas do cenário não estão em ordem crescente de entry_time.
WARNING,SCENARIO_ORDER,COST_0.15,29797,linhas do cenário não estão em ordem crescente de entry_time.
WARNING,SCENARIO_ORDER,COST_0.15,29799,linhas do cenário não estão em ordem crescente de entry_time.
WARNING,SCENARIO_ORDER,COST_0.15,29809,linhas do cenário não estão em ordem crescente de entry_time.
WARNING,SCENARIO_ORDER,COST_0.15,29813,linhas do cenário não estão em ordem crescente de entry_time.
WARNING,SCENARIO_ORDER,COST_0.15,29820,linhas do cenário não estão em ordem crescente de entry_time.
WARNING,SCENARIO_ORDER,COST_0.15,29821,linhas do cenário não estão em ordem crescente de entry_time.
WARNING,SCENARIO_ORDER,COST_0.15,29824,linhas do cenário não estão em ordem crescente de entry_time.
WARNING,SCENARIO_ORDER,COST_0.15,29825,linhas do cenário não estão em ordem crescente de entry_time.
WARNING,SCENARIO_ORDER,COST_0.15,29832,linhas do cenário não estão em ordem crescente de entry_time.
WARNING,SCENARIO_ORDER,COST_0.15,29835,linhas do cenário não estão em ordem crescente de entry_time.
WARNING,SCENARIO_ORDER,COST_0.15,29838,linhas do cenário não estão em ordem crescente de entry_time.
WARNING,SCENARIO_ORDER,COST_0.15,29841,linhas do cenário não estão em ordem crescente de entry_time.
WARNING,SCENARIO_ORDER,COST_0.15,29844,linhas do cenário não estão em ordem crescente de entry_time.
WARNING,SCENARIO_ORDER,COST_0.15,29848,linhas do cenário não estão em ordem crescente de entry_time.
WARNING,SCENARIO_ORDER,COST_0.15,29853,linhas do cenário não estão em ordem crescente de entry_time.
WARNING,SCENARIO_ORDER,COST_0.15,29855,linhas do cenário não estão em ordem crescente de entry_time.
WARNING,SCENARIO_ORDER,COST_0.15,29857,linhas do cenário não estão em ordem crescente de entry_time.
WARNING,SCENARIO_ORDER,COST_0.15,29860,linhas do cenário não estão em ordem crescente de entry_time.
WARNING,SCENARIO_ORDER,COST_0.15,29866,linhas do cenário não estão em ordem crescente de entry_time.
WARNING,SCENARIO_ORDER,COST_0.15,29869,linhas do cenário não estão em ordem crescente de entry_time.
WARNING,SCENARIO_ORDER,COST_0.15,29873,linhas do cenário não estão em ordem crescente de entry_time.
WARNING,SCENARIO_ORDER,COST_0.15,29874,linhas do cenário não estão em ordem crescente de entry_time.
WARNING,SCENARIO_ORDER,COST_0.15,29876,linhas do cenário não estão em ordem crescente de entry_time.
WARNING,SCENARIO_ORDER,COST_0.15,29878,linhas do cenário não estão em ordem crescente de entry_time.
WARNING,SCENARIO_ORDER,COST_0.15,29880,linhas do cenário não estão em ordem crescente de entry_time.
WARNING,SCENARIO_ORDER,COST_0.15,29882,linhas do cenário não estão em ordem crescente de entry_time.
WARNING,SCENARIO_ORDER,COST_0.20,29884,linhas do cenário não estão em ordem crescente de entry_time.
WARNING,SCENARIO_ORDER,COST_0.20,29887,linhas do cenário não estão em ordem crescente de entry_time.
WARNING,SCENARIO_ORDER,COST_0.20,29890,linhas do cenário não estão em ordem crescente de entry_time.
WARNING,SCENARIO_ORDER,COST_0.20,29892,linhas do cenário não estão em ordem crescente de entry_time.
WARNING,SCENARIO_ORDER,COST_0.20,29895,linhas do cenário não estão em ordem crescente de entry_time.
WARNING,SCENARIO_ORDER,COST_0.20,29906,linhas do cenário não estão em ordem crescente de entry_time.
WARNING,SCENARIO_ORDER,COST_0.20,29910,linhas do cenário não estão em ordem crescente de entry_time.
WARNING,SCENARIO_ORDER,COST_0.20,29918,linhas do cenário não estão em ordem crescente de entry_time.
WARNING,SCENARIO_ORDER,COST_0.20,29923,linhas do cenário não estão em ordem crescente de entry_time.
WARNING,SCENARIO_ORDER,COST_0.20,29926,linhas do cenário não estão em ordem crescente de entry_time.
WARNING,SCENARIO_ORDER,COST_0.20,29959,linhas do cenário não estão em ordem crescente de entry_time.
WARNING,SCENARIO_ORDER,COST_0.20,29961,linhas do cenário não estão em ordem crescente de entry_time.
WARNING,SCENARIO_ORDER,COST_0.20,29970,linhas do cenário não estão em ordem crescente de entry_time.
WARNING,SCENARIO_ORDER,COST_0.20,29974,linhas do cenário não estão em ordem crescente de entry_time.
WARNING,SCENARIO_ORDER,COST_0.20,29984,linhas do cenário não estão em ordem crescente de entry_time.
WARNING,SCENARIO_ORDER,COST_0.20,29992,linhas do cenário não estão em ordem crescente de entry_time.
WARNING,SCENARIO_ORDER,COST_0.20,29995,linhas do cenário não estão em ordem crescente de entry_time.
WARNING,SCENARIO_ORDER,COST_0.20,29999,linhas do cenário não estão em ordem crescente de entry_time.
WARNING,SCENARIO_ORDER,COST_0.20,30010,linhas do cenário não estão em ordem crescente de entry_time.
WARNING,SCENARIO_ORDER,COST_0.20,30011,linhas do cenário não estão em ordem crescente de entry_time.
WARNING,SCENARIO_ORDER,COST_0.20,30014,linhas do cenário não estão em ordem crescente de entry_time.
WARNING,SCENARIO_ORDER,COST_0.20,30016,linhas do cenário não estão em ordem crescente de entry_time.
WARNING,SCENARIO_ORDER,COST_0.20,30017,linhas do cenário não estão em ordem crescente de entry_time.
WARNING,SCENARIO_ORDER,COST_0.20,30020,linhas do cenário não estão em ordem crescente de entry_time.
WARNING,SCENARIO_ORDER,COST_0.20,30021,linhas do cenário não estão em ordem crescente de entry_time.
WARNING,SCENARIO_ORDER,COST_0.20,30033,linhas do cenário não estão em ordem crescente de entry_time.
WARNING,SCENARIO_ORDER,COST_0.20,30036,linhas do cenário não estão em ordem crescente de entry_time.
WARNING,SCENARIO_ORDER,COST_0.20,30039,linhas do cenário não estão em ordem crescente de entry_time.
WARNING,SCENARIO_ORDER,COST_0.20,30043,linhas do cenário não estão em ordem crescente de entry_time.
WARNING,SCENARIO_ORDER,COST_0.20,30046,linhas do cenário não estão em ordem crescente de entry_time.
WARNING,SCENARIO_ORDER,COST_0.20,30047,linhas do cenário não estão em ordem crescente de entry_time.
WARNING,SCENARIO_ORDER,COST_0.20,30048,linhas do cenário não estão em ordem crescente de entry_time.
WARNING,SCENARIO_ORDER,COST_0.20,30049,linhas do cenário não estão em ordem crescente de entry_time.
WARNING,SCENARIO_ORDER,COST_0.20,30051,linhas do cenário não estão em ordem crescente de entry_time.
WARNING,SCENARIO_ORDER,COST_0.20,30057,linhas do cenário não estão em ordem crescente de entry_time.
WARNING,SCENARIO_ORDER,COST_0.20,30060,linhas do cenário não estão em ordem crescente de entry_time.
WARNING,SCENARIO_ORDER,COST_0.20,30064,linhas do cenário não estão em ordem crescente de entry_time.
WARNING,SCENARIO_ORDER,COST_0.20,30066,linhas do cenário não estão em ordem crescente de entry_time.
WARNING,SCENARIO_ORDER,COST_0.20,30076,linhas do cenário não estão em ordem crescente de entry_time.
WARNING,SCENARIO_ORDER,COST_0.20,30079,linhas do cenário não estão em ordem crescente de entry_time.
WARNING,SCENARIO_ORDER,COST_0.20,30082,linhas do cenário não estão em ordem crescente de entry_time.
WARNING,SCENARIO_ORDER,COST_0.20,30084,linhas do cenário não estão em ordem crescente de entry_time.
WARNING,SCENARIO_ORDER,COST_0.20,30092,linhas do cenário não estão em ordem crescente de entry_time.
WARNING,SCENARIO_ORDER,COST_0.20,30096,linhas do cenário não estão em ordem crescente de entry_time.
WARNING,SCENARIO_ORDER,COST_0.20,30098,linhas do cenário não estão em ordem crescente de entry_time.
WARNING,SCENARIO_ORDER,COST_0.20,30101,linhas do cenário não estão em ordem crescente de entry_time.
WARNING,SCENARIO_ORDER,COST_0.20,30104,linhas do cenário não estão em ordem crescente de entry_time.
WARNING,SCENARIO_ORDER,COST_0.20,30106,linhas do cenário não estão em ordem crescente de entry_time.
WARNING,SCENARIO_ORDER,COST_0.20,30111,linhas do cenário não estão em ordem crescente de entry_time.
WARNING,SCENARIO_ORDER,COST_0.20,30114,linhas do cenário não estão em ordem crescente de entry_time.
WARNING,SCENARIO_ORDER,COST_0.20,30121,linhas do cenário não estão em ordem crescente de entry_time.
WARNING,SCENARIO_ORDER,COST_0.20,30127,linhas do cenário não estão em ordem crescente de entry_time.
WARNING,SCENARIO_ORDER,COST_0.20,30136,linhas do cenário não estão em ordem crescente de entry_time.
WARNING,SCENARIO_ORDER,COST_0.20,30138,linhas do cenário não estão em ordem crescente de entry_time.
WARNING,SCENARIO_ORDER,COST_0.20,30141,linhas do cenário não estão em ordem crescente de entry_time.
WARNING,SCENARIO_ORDER,COST_0.20,30143,linhas do cenário não estão em ordem crescente de entry_time.
WARNING,SCENARIO_ORDER,COST_0.20,30153,linhas do cenário não estão em ordem crescente de entry_time.
WARNING,SCENARIO_ORDER,COST_0.20,30157,linhas do cenário não estão em ordem crescente de entry_time.
WARNING,SCENARIO_ORDER,COST_0.20,30164,linhas do cenário não estão em ordem crescente de entry_time.
WARNING,SCENARIO_ORDER,COST_0.20,30165,linhas do cenário não estão em ordem crescente de entry_time.
WARNING,SCENARIO_ORDER,COST_0.20,30168,linhas do cenário não estão em ordem crescente de entry_time.
WARNING,SCENARIO_ORDER,COST_0.20,30169,linhas do cenário não estão em ordem crescente de entry_time.
WARNING,SCENARIO_ORDER,COST_0.20,30176,linhas do cenário não estão em ordem crescente de entry_time.
WARNING,SCENARIO_ORDER,COST_0.20,30179,linhas do cenário não estão em ordem crescente de entry_time.
WARNING,SCENARIO_ORDER,COST_0.20,30182,linhas do cenário não estão em ordem crescente de entry_time.
WARNING,SCENARIO_ORDER,COST_0.20,30185,linhas do cenário não estão em ordem crescente de entry_time.
WARNING,SCENARIO_ORDER,COST_0.20,30188,linhas do cenário não estão em ordem crescente de entry_time.
WARNING,SCENARIO_ORDER,COST_0.20,30192,linhas do cenário não estão em ordem crescente de entry_time.
WARNING,SCENARIO_ORDER,COST_0.20,30197,linhas do cenário não estão em ordem crescente de entry_time.
WARNING,SCENARIO_ORDER,COST_0.20,30199,linhas do cenário não estão em ordem crescente de entry_time.
WARNING,SCENARIO_ORDER,COST_0.20,30201,linhas do cenário não estão em ordem crescente de entry_time.
WARNING,SCENARIO_ORDER,COST_0.20,30204,linhas do cenário não estão em ordem crescente de entry_time.
WARNING,SCENARIO_ORDER,COST_0.20,30210,linhas do cenário não estão em ordem crescente de entry_time.
WARNING,SCENARIO_ORDER,COST_0.20,30213,linhas do cenário não estão em ordem crescente de entry_time.
WARNING,SCENARIO_ORDER,COST_0.20,30217,linhas do cenário não estão em ordem crescente de entry_time.
WARNING,SCENARIO_ORDER,COST_0.20,30218,linhas do cenário não estão em ordem crescente de entry_time.
WARNING,SCENARIO_ORDER,COST_0.20,30220,linhas do cenário não estão em ordem crescente de entry_time.
WARNING,SCENARIO_ORDER,COST_0.20,30222,linhas do cenário não estão em ordem crescente de entry_time.
WARNING,SCENARIO_ORDER,COST_0.20,30224,linhas do cenário não estão em ordem crescente de entry_time.
WARNING,SCENARIO_ORDER,COST_0.20,30226,linhas do cenário não estão em ordem crescente de entry_time.
WARNING,SCENARIO_ORDER,COST_0.30,30228,linhas do cenário não estão em ordem crescente de entry_time.
WARNING,SCENARIO_ORDER,COST_0.30,30231,linhas do cenário não estão em ordem crescente de entry_time.
WARNING,SCENARIO_ORDER,COST_0.30,30234,linhas do cenário não estão em ordem crescente de entry_time.
WARNING,SCENARIO_ORDER,COST_0.30,30236,linhas do cenário não estão em ordem crescente de entry_time.
WARNING,SCENARIO_ORDER,COST_0.30,30239,linhas do cenário não estão em ordem crescente de entry_time.
WARNING,SCENARIO_ORDER,COST_0.30,30250,linhas do cenário não estão em ordem crescente de entry_time.
WARNING,SCENARIO_ORDER,COST_0.30,30254,linhas do cenário não estão em ordem crescente de entry_time.
WARNING,SCENARIO_ORDER,COST_0.30,30262,linhas do cenário não estão em ordem crescente de entry_time.
WARNING,SCENARIO_ORDER,COST_0.30,30267,linhas do cenário não estão em ordem crescente de entry_time.
WARNING,SCENARIO_ORDER,COST_0.30,30270,linhas do cenário não estão em ordem crescente de entry_time.
WARNING,SCENARIO_ORDER,COST_0.30,30303,linhas do cenário não estão em ordem crescente de entry_time.
WARNING,SCENARIO_ORDER,COST_0.30,30305,linhas do cenário não estão em ordem crescente de entry_time.
WARNING,SCENARIO_ORDER,COST_0.30,30314,linhas do cenário não estão em ordem crescente de entry_time.
WARNING,SCENARIO_ORDER,COST_0.30,30318,linhas do cenário não estão em ordem crescente de entry_time.
WARNING,SCENARIO_ORDER,COST_0.30,30328,linhas do cenário não estão em ordem crescente de entry_time.
WARNING,SCENARIO_ORDER,COST_0.30,30336,linhas do cenário não estão em ordem crescente de entry_time.
WARNING,SCENARIO_ORDER,COST_0.30,30339,linhas do cenário não estão em ordem crescente de entry_time.
WARNING,SCENARIO_ORDER,COST_0.30,30343,linhas do cenário não estão em ordem crescente de entry_time.
WARNING,SCENARIO_ORDER,COST_0.30,30354,linhas do cenário não estão em ordem crescente de entry_time.
WARNING,SCENARIO_ORDER,COST_0.30,30355,linhas do cenário não estão em ordem crescente de entry_time.
WARNING,SCENARIO_ORDER,COST_0.30,30358,linhas do cenário não estão em ordem crescente de entry_time.
WARNING,SCENARIO_ORDER,COST_0.30,30360,linhas do cenário não estão em ordem crescente de entry_time.
WARNING,SCENARIO_ORDER,COST_0.30,30361,linhas do cenário não estão em ordem crescente de entry_time.
WARNING,SCENARIO_ORDER,COST_0.30,30364,linhas do cenário não estão em ordem crescente de entry_time.
WARNING,SCENARIO_ORDER,COST_0.30,30365,linhas do cenário não estão em ordem crescente de entry_time.
WARNING,SCENARIO_ORDER,COST_0.30,30377,linhas do cenário não estão em ordem crescente de entry_time.
WARNING,SCENARIO_ORDER,COST_0.30,30380,linhas do cenário não estão em ordem crescente de entry_time.
WARNING,SCENARIO_ORDER,COST_0.30,30383,linhas do cenário não estão em ordem crescente de entry_time.
WARNING,SCENARIO_ORDER,COST_0.30,30387,linhas do cenário não estão em ordem crescente de entry_time.
WARNING,SCENARIO_ORDER,COST_0.30,30390,linhas do cenário não estão em ordem crescente de entry_time.
WARNING,SCENARIO_ORDER,COST_0.30,30391,linhas do cenário não estão em ordem crescente de entry_time.
WARNING,SCENARIO_ORDER,COST_0.30,30392,linhas do cenário não estão em ordem crescente de entry_time.
WARNING,SCENARIO_ORDER,COST_0.30,30393,linhas do cenário não estão em ordem crescente de entry_time.
WARNING,SCENARIO_ORDER,COST_0.30,30395,linhas do cenário não estão em ordem crescente de entry_time.
WARNING,SCENARIO_ORDER,COST_0.30,30401,linhas do cenário não estão em ordem crescente de entry_time.
WARNING,SCENARIO_ORDER,COST_0.30,30404,linhas do cenário não estão em ordem crescente de entry_time.
WARNING,SCENARIO_ORDER,COST_0.30,30408,linhas do cenário não estão em ordem crescente de entry_time.
WARNING,SCENARIO_ORDER,COST_0.30,30410,linhas do cenário não estão em ordem crescente de entry_time.
WARNING,SCENARIO_ORDER,COST_0.30,30420,linhas do cenário não estão em ordem crescente de entry_time.
WARNING,SCENARIO_ORDER,COST_0.30,30423,linhas do cenário não estão em ordem crescente de entry_time.
WARNING,SCENARIO_ORDER,COST_0.30,30426,linhas do cenário não estão em ordem crescente de entry_time.
WARNING,SCENARIO_ORDER,COST_0.30,30428,linhas do cenário não estão em ordem crescente de entry_time.
WARNING,SCENARIO_ORDER,COST_0.30,30436,linhas do cenário não estão em ordem crescente de entry_time.
WARNING,SCENARIO_ORDER,COST_0.30,30440,linhas do cenário não estão em ordem crescente de entry_time.
WARNING,SCENARIO_ORDER,COST_0.30,30442,linhas do cenário não estão em ordem crescente de entry_time.
WARNING,SCENARIO_ORDER,COST_0.30,30445,linhas do cenário não estão em ordem crescente de entry_time.
WARNING,SCENARIO_ORDER,COST_0.30,30448,linhas do cenário não estão em ordem crescente de entry_time.
WARNING,SCENARIO_ORDER,COST_0.30,30450,linhas do cenário não estão em ordem crescente de entry_time.
WARNING,SCENARIO_ORDER,COST_0.30,30455,linhas do cenário não estão em ordem crescente de entry_time.
WARNING,SCENARIO_ORDER,COST_0.30,30458,linhas do cenário não estão em ordem crescente de entry_time.
WARNING,SCENARIO_ORDER,COST_0.30,30465,linhas do cenário não estão em ordem crescente de entry_time.
WARNING,SCENARIO_ORDER,COST_0.30,30471,linhas do cenário não estão em ordem crescente de entry_time.
WARNING,SCENARIO_ORDER,COST_0.30,30480,linhas do cenário não estão em ordem crescente de entry_time.
WARNING,SCENARIO_ORDER,COST_0.30,30482,linhas do cenário não estão em ordem crescente de entry_time.
WARNING,SCENARIO_ORDER,COST_0.30,30485,linhas do cenário não estão em ordem crescente de entry_time.
WARNING,SCENARIO_ORDER,COST_0.30,30487,linhas do cenário não estão em ordem crescente de entry_time.
WARNING,SCENARIO_ORDER,COST_0.30,30497,linhas do cenário não estão em ordem crescente de entry_time.
WARNING,SCENARIO_ORDER,COST_0.30,30501,linhas do cenário não estão em ordem crescente de entry_time.
WARNING,SCENARIO_ORDER,COST_0.30,30508,linhas do cenário não estão em ordem crescente de entry_time.
WARNING,SCENARIO_ORDER,COST_0.30,30509,linhas do cenário não estão em ordem crescente de entry_time.
WARNING,SCENARIO_ORDER,COST_0.30,30512,linhas do cenário não estão em ordem crescente de entry_time.
WARNING,SCENARIO_ORDER,COST_0.30,30513,linhas do cenário não estão em ordem crescente de entry_time.
WARNING,SCENARIO_ORDER,COST_0.30,30520,linhas do cenário não estão em ordem crescente de entry_time.
WARNING,SCENARIO_ORDER,COST_0.30,30523,linhas do cenário não estão em ordem crescente de entry_time.
WARNING,SCENARIO_ORDER,COST_0.30,30526,linhas do cenário não estão em ordem crescente de entry_time.
WARNING,SCENARIO_ORDER,COST_0.30,30529,linhas do cenário não estão em ordem crescente de entry_time.
WARNING,SCENARIO_ORDER,COST_0.30,30532,linhas do cenário não estão em ordem crescente de entry_time.
WARNING,SCENARIO_ORDER,COST_0.30,30536,linhas do cenário não estão em ordem crescente de entry_time.
WARNING,SCENARIO_ORDER,COST_0.30,30541,linhas do cenário não estão em ordem crescente de entry_time.
WARNING,SCENARIO_ORDER,COST_0.30,30543,linhas do cenário não estão em ordem crescente de entry_time.
WARNING,SCENARIO_ORDER,COST_0.30,30545,linhas do cenário não estão em ordem crescente de entry_time.
WARNING,SCENARIO_ORDER,COST_0.30,30548,linhas do cenário não estão em ordem crescente de entry_time.
WARNING,SCENARIO_ORDER,COST_0.30,30554,linhas do cenário não estão em ordem crescente de entry_time.
WARNING,SCENARIO_ORDER,COST_0.30,30557,linhas do cenário não estão em ordem crescente de entry_time.
WARNING,SCENARIO_ORDER,COST_0.30,30561,linhas do cenário não estão em ordem crescente de entry_time.
WARNING,SCENARIO_ORDER,COST_0.30,30562,linhas do cenário não estão em ordem crescente de entry_time.
WARNING,SCENARIO_ORDER,COST_0.30,30564,linhas do cenário não estão em ordem crescente de entry_time.
WARNING,SCENARIO_ORDER,COST_0.30,30566,linhas do cenário não estão em ordem crescente de entry_time.
WARNING,SCENARIO_ORDER,COST_0.30,30568,linhas do cenário não estão em ordem crescente de entry_time.
WARNING,SCENARIO_ORDER,COST_0.30,30570,linhas do cenário não estão em ordem crescente de entry_time.
WARNING,SCENARIO_ORDER,ROBUST_72_SL5_TP10_CD6_P7,30572,linhas do cenário não estão em ordem crescente de entry_time.
WARNING,SCENARIO_ORDER,ROBUST_72_SL5_TP10_CD6_P7,30576,linhas do cenário não estão em ordem crescente de entry_time.
WARNING,SCENARIO_ORDER,ROBUST_72_SL5_TP10_CD6_P7,30581,linhas do cenário não estão em ordem crescente de entry_time.
WARNING,SCENARIO_ORDER,ROBUST_72_SL5_TP10_CD6_P7,30583,linhas do cenário não estão em ordem crescente de entry_time.
WARNING,SCENARIO_ORDER,ROBUST_72_SL5_TP10_CD6_P7,30586,linhas do cenário não estão em ordem crescente de entry_time.
WARNING,SCENARIO_ORDER,ROBUST_72_SL5_TP10_CD6_P7,30595,linhas do cenário não estão em ordem crescente de entry_time.
WARNING,SCENARIO_ORDER,ROBUST_72_SL5_TP10_CD6_P7,30607,linhas do cenário não estão em ordem crescente de entry_time.
WARNING,SCENARIO_ORDER,ROBUST_72_SL5_TP10_CD6_P7,30610,linhas do cenário não estão em ordem crescente de entry_time.
WARNING,SCENARIO_ORDER,ROBUST_72_SL5_TP10_CD6_P7,30617,linhas do cenário não estão em ordem crescente de entry_time.
WARNING,SCENARIO_ORDER,ROBUST_72_SL5_TP10_CD6_P7,30620,linhas do cenário não estão em ordem crescente de entry_time.
WARNING,SCENARIO_ORDER,ROBUST_72_SL5_TP10_CD6_P7,30634,linhas do cenário não estão em ordem crescente de entry_time.
WARNING,SCENARIO_ORDER,ROBUST_72_SL5_TP10_CD6_P7,30636,linhas do cenário não estão em ordem crescente de entry_time.
WARNING,SCENARIO_ORDER,ROBUST_72_SL5_TP10_CD6_P7,30648,linhas do cenário não estão em ordem crescente de entry_time.
WARNING,SCENARIO_ORDER,ROBUST_72_SL5_TP10_CD6_P7,30655,linhas do cenário não estão em ordem crescente de entry_time.
WARNING,SCENARIO_ORDER,ROBUST_72_SL5_TP10_CD6_P7,30659,linhas do cenário não estão em ordem crescente de entry_time.
WARNING,SCENARIO_ORDER,ROBUST_72_SL5_TP10_CD6_P7,30665,linhas do cenário não estão em ordem crescente de entry_time.
WARNING,SCENARIO_ORDER,ROBUST_72_SL5_TP10_CD6_P7,30673,linhas do cenário não estão em ordem crescente de entry_time.
WARNING,SCENARIO_ORDER,ROBUST_72_SL5_TP10_CD6_P7,30682,linhas do cenário não estão em ordem crescente de entry_time.
WARNING,SCENARIO_ORDER,ROBUST_72_SL5_TP10_CD6_P7,30683,linhas do cenário não estão em ordem crescente de entry_time.
WARNING,SCENARIO_ORDER,ROBUST_72_SL5_TP10_CD6_P7,30685,linhas do cenário não estão em ordem crescente de entry_time.
WARNING,SCENARIO_ORDER,ROBUST_72_SL5_TP10_CD6_P7,30687,linhas do cenário não estão em ordem crescente de entry_time.
WARNING,SCENARIO_ORDER,ROBUST_72_SL5_TP10_CD6_P7,30691,linhas do cenário não estão em ordem crescente de entry_time.
WARNING,SCENARIO_ORDER,ROBUST_72_SL5_TP10_CD6_P7,30702,linhas do cenário não estão em ordem crescente de entry_time.
WARNING,SCENARIO_ORDER,ROBUST_72_SL5_TP10_CD6_P7,30703,linhas do cenário não estão em ordem crescente de entry_time.
WARNING,SCENARIO_ORDER,ROBUST_72_SL5_TP10_CD6_P7,30706,linhas do cenário não estão em ordem crescente de entry_time.
WARNING,SCENARIO_ORDER,ROBUST_72_SL5_TP10_CD6_P7,30707,linhas do cenário não estão em ordem crescente de entry_time.
WARNING,SCENARIO_ORDER,ROBUST_72_SL5_TP10_CD6_P7,30709,linhas do cenário não estão em ordem crescente de entry_time.
WARNING,SCENARIO_ORDER,ROBUST_72_SL5_TP10_CD6_P7,30712,linhas do cenário não estão em ordem crescente de entry_time.
WARNING,SCENARIO_ORDER,ROBUST_72_SL5_TP10_CD6_P7,30715,linhas do cenário não estão em ordem crescente de entry_time.
WARNING,SCENARIO_ORDER,ROBUST_72_SL5_TP10_CD6_P7,30718,linhas do cenário não estão em ordem crescente de entry_time.
WARNING,SCENARIO_ORDER,ROBUST_72_SL5_TP10_CD6_P7,30722,linhas do cenário não estão em ordem crescente de entry_time.
WARNING,SCENARIO_ORDER,ROBUST_72_SL5_TP10_CD6_P7,30731,linhas do cenário não estão em ordem crescente de entry_time.
WARNING,SCENARIO_ORDER,ROBUST_72_SL5_TP10_CD6_P7,30735,linhas do cenário não estão em ordem crescente de entry_time.
WARNING,SCENARIO_ORDER,ROBUST_72_SL5_TP10_CD6_P7,30737,linhas do cenário não estão em ordem crescente de entry_time.
WARNING,SCENARIO_ORDER,ROBUST_72_SL5_TP10_CD6_P7,30746,linhas do cenário não estão em ordem crescente de entry_time.
WARNING,SCENARIO_ORDER,ROBUST_72_SL5_TP10_CD6_P7,30747,linhas do cenário não estão em ordem crescente de entry_time.
WARNING,SCENARIO_ORDER,ROBUST_72_SL5_TP10_CD6_P7,30749,linhas do cenário não estão em ordem crescente de entry_time.
WARNING,SCENARIO_ORDER,ROBUST_72_SL5_TP10_CD6_P7,30751,linhas do cenário não estão em ordem crescente de entry_time.
WARNING,SCENARIO_ORDER,ROBUST_72_SL5_TP10_CD6_P7,30756,linhas do cenário não estão em ordem crescente de entry_time.
WARNING,SCENARIO_ORDER,ROBUST_72_SL5_TP10_CD6_P7,30761,linhas do cenário não estão em ordem crescente de entry_time.
WARNING,SCENARIO_ORDER,ROBUST_72_SL5_TP10_CD6_P7,30775,linhas do cenário não estão em ordem crescente de entry_time.
WARNING,SCENARIO_ORDER,ROBUST_72_SL5_TP10_CD6_P7,30777,linhas do cenário não estão em ordem crescente de entry_time.
WARNING,SCENARIO_ORDER,ROBUST_72_SL5_TP10_CD6_P7,30783,linhas do cenário não estão em ordem crescente de entry_time.
WARNING,SCENARIO_ORDER,ROBUST_72_SL5_TP10_CD6_P7,30785,linhas do cenário não estão em ordem crescente de entry_time.
WARNING,SCENARIO_ORDER,ROBUST_72_SL5_TP10_CD6_P7,30791,linhas do cenário não estão em ordem crescente de entry_time.
WARNING,SCENARIO_ORDER,ROBUST_72_SL5_TP10_CD6_P7,30793,linhas do cenário não estão em ordem crescente de entry_time.
WARNING,SCENARIO_ORDER,ROBUST_72_SL5_TP10_CD6_P7,30795,linhas do cenário não estão em ordem crescente de entry_time.
WARNING,SCENARIO_ORDER,ROBUST_72_SL5_TP10_CD6_P7,30796,linhas do cenário não estão em ordem crescente de entry_time.
WARNING,SCENARIO_ORDER,ROBUST_72_SL5_TP10_CD6_P7,30801,linhas do cenário não estão em ordem crescente de entry_time.
WARNING,SCENARIO_ORDER,ROBUST_72_SL5_TP10_CD6_P7,30803,linhas do cenário não estão em ordem crescente de entry_time.
WARNING,SCENARIO_ORDER,ROBUST_72_SL5_TP10_CD6_P7,30804,linhas do cenário não estão em ordem crescente de entry_time.
WARNING,SCENARIO_ORDER,ROBUST_72_SL5_TP10_CD6_P7,30806,linhas do cenário não estão em ordem crescente de entry_time.
WARNING,SCENARIO_ORDER,ROBUST_72_SL5_TP10_CD6_P7,30808,linhas do cenário não estão em ordem crescente de entry_time.
WARNING,SCENARIO_ORDER,ROBUST_72_SL5_TP10_CD6_P7,30812,linhas do cenário não estão em ordem crescente de entry_time.
WARNING,SCENARIO_ORDER,ROBUST_72_SL5_TP10_CD6_P7,30816,linhas do cenário não estão em ordem crescente de entry_time.
WARNING,SCENARIO_ORDER,ROBUST_72_SL5_TP10_CD6_P7,30817,linhas do cenário não estão em ordem crescente de entry_time.
WARNING,SCENARIO_ORDER,ROBUST_72_SL5_TP10_CD6_P7,30819,linhas do cenário não estão em ordem crescente de entry_time.
WARNING,SCENARIO_ORDER,ROBUST_72_SL5_TP10_CD6_P7,30821,linhas do cenário não estão em ordem crescente de entry_time.
WARNING,SCENARIO_ORDER,ROBUST_72_SL5_TP10_CD6_P7,30823,linhas do cenário não estão em ordem crescente de entry_time.
WARNING,SCENARIO_ORDER,ROBUST_72_SL5_TP10_CD6_P7,30826,linhas do cenário não estão em ordem crescente de entry_time.
WARNING,SCENARIO_ORDER,ROBUST_72_SL5_TP10_CD6_P7,30828,linhas do cenário não estão em ordem crescente de entry_time.
WARNING,SCENARIO_ORDER,ROBUST_72_SL5_TP10_CD6_P7,30833,linhas do cenário não estão em ordem crescente de entry_time.
WARNING,SCENARIO_ORDER,ROBUST_72_SL5_TP10_CD6_P7,30835,linhas do cenário não estão em ordem crescente de entry_time.
WARNING,SCENARIO_ORDER,ROBUST_78_SL5_TP10_CD6_P7,30847,linhas do cenário não estão em ordem crescente de entry_time.
WARNING,SCENARIO_ORDER,ROBUST_78_SL5_TP10_CD6_P7,30859,linhas do cenário não estão em ordem crescente de entry_time.
WARNING,SCENARIO_ORDER,ROBUST_78_SL5_TP10_CD6_P7,30861,linhas do cenário não estão em ordem crescente de entry_time.
WARNING,SCENARIO_ORDER,ROBUST_78_SL5_TP10_CD6_P7,30865,linhas do cenário não estão em ordem crescente de entry_time.
WARNING,SCENARIO_ORDER,ROBUST_78_SL5_TP10_CD6_P7,30876,linhas do cenário não estão em ordem crescente de entry_time.
WARNING,SCENARIO_ORDER,ROBUST_78_SL5_TP10_CD6_P7,30879,linhas do cenário não estão em ordem crescente de entry_time.
WARNING,SCENARIO_ORDER,ROBUST_78_SL5_TP10_CD6_P7,30888,linhas do cenário não estão em ordem crescente de entry_time.
WARNING,SCENARIO_ORDER,ROBUST_78_SL5_TP10_CD6_P7,30892,linhas do cenário não estão em ordem crescente de entry_time.
WARNING,SCENARIO_ORDER,ROBUST_78_SL5_TP10_CD6_P7,30894,linhas do cenário não estão em ordem crescente de entry_time.
WARNING,SCENARIO_ORDER,ROBUST_78_SL5_TP10_CD6_P7,30895,linhas do cenário não estão em ordem crescente de entry_time.
WARNING,SCENARIO_ORDER,ROBUST_78_SL5_TP10_CD6_P7,30896,linhas do cenário não estão em ordem crescente de entry_time.
WARNING,SCENARIO_ORDER,ROBUST_78_SL5_TP10_CD6_P7,30900,linhas do cenário não estão em ordem crescente de entry_time.
WARNING,SCENARIO_ORDER,ROBUST_78_SL5_TP10_CD6_P7,30904,linhas do cenário não estão em ordem crescente de entry_time.
WARNING,SCENARIO_ORDER,ROBUST_78_SL5_TP10_CD6_P7,30917,linhas do cenário não estão em ordem crescente de entry_time.
WARNING,SCENARIO_ORDER,ROBUST_78_SL5_TP10_CD6_P7,30920,linhas do cenário não estão em ordem crescente de entry_time.
WARNING,SCENARIO_ORDER,ROBUST_78_SL5_TP10_CD6_P7,30923,linhas do cenário não estão em ordem crescente de entry_time.
WARNING,SCENARIO_ORDER,ROBUST_78_SL5_TP10_CD6_P7,30926,linhas do cenário não estão em ordem crescente de entry_time.
WARNING,SCENARIO_ORDER,ROBUST_78_SL5_TP10_CD6_P7,30927,linhas do cenário não estão em ordem crescente de entry_time.
WARNING,SCENARIO_ORDER,ROBUST_78_SL5_TP10_CD6_P7,30929,linhas do cenário não estão em ordem crescente de entry_time.
WARNING,SCENARIO_ORDER,ROBUST_78_SL5_TP10_CD6_P7,30933,linhas do cenário não estão em ordem crescente de entry_time.
WARNING,SCENARIO_ORDER,ROBUST_78_SL5_TP10_CD6_P7,30939,linhas do cenário não estão em ordem crescente de entry_time.
WARNING,SCENARIO_ORDER,ROBUST_78_SL5_TP10_CD6_P7,30942,linhas do cenário não estão em ordem crescente de entry_time.
WARNING,SCENARIO_ORDER,ROBUST_78_SL5_TP10_CD6_P7,30949,linhas do cenário não estão em ordem crescente de entry_time.
WARNING,SCENARIO_ORDER,ROBUST_78_SL5_TP10_CD6_P7,30952,linhas do cenário não estão em ordem crescente de entry_time.
WARNING,SCENARIO_ORDER,ROBUST_78_SL5_TP10_CD6_P7,30957,linhas do cenário não estão em ordem crescente de entry_time.
WARNING,SCENARIO_ORDER,ROBUST_78_SL5_TP10_CD6_P7,30961,linhas do cenário não estão em ordem crescente de entry_time.
WARNING,SCENARIO_ORDER,ROBUST_78_SL5_TP10_CD6_P7,30963,linhas do cenário não estão em ordem crescente de entry_time.
WARNING,SCENARIO_ORDER,ROBUST_78_SL5_TP10_CD6_P7,30965,linhas do cenário não estão em ordem crescente de entry_time.
WARNING,SCENARIO_ORDER,ROBUST_78_SL5_TP10_CD6_P7,30967,linhas do cenário não estão em ordem crescente de entry_time.
WARNING,SCENARIO_ORDER,ROBUST_78_SL5_TP10_CD6_P7,30969,linhas do cenário não estão em ordem crescente de entry_time.
WARNING,SCENARIO_ORDER,ROBUST_78_SL5_TP10_CD6_P7,30971,linhas do cenário não estão em ordem crescente de entry_time.
WARNING,SCENARIO_ORDER,ROBUST_78_SL5_TP10_CD6_P7,30975,linhas do cenário não estão em ordem crescente de entry_time.
WARNING,SCENARIO_ORDER,ROBUST_78_SL5_TP10_CD6_P7,30988,linhas do cenário não estão em ordem crescente de entry_time.
WARNING,SCENARIO_ORDER,ROBUST_78_SL5_TP10_CD6_P7,30993,linhas do cenário não estão em ordem crescente de entry_time.
WARNING,SCENARIO_ORDER,ROBUST_78_SL5_TP10_CD6_P7,30997,linhas do cenário não estão em ordem crescente de entry_time.
WARNING,SCENARIO_ORDER,ROBUST_78_SL5_TP10_CD6_P7,30999,linhas do cenário não estão em ordem crescente de entry_time.
WARNING,SCENARIO_ORDER,ROBUST_78_SL5_TP10_CD6_P7,31002,linhas do cenário não estão em ordem crescente de entry_time.
WARNING,SCENARIO_ORDER,ROBUST_78_SL5_TP10_CD6_P7,31008,linhas do cenário não estão em ordem crescente de entry_time.
WARNING,SCENARIO_ORDER,ROBUST_78_SL5_TP10_CD6_P7,31009,linhas do cenário não estão em ordem crescente de entry_time.
WARNING,SCENARIO_ORDER,ROBUST_78_SL5_TP10_CD6_P7,31011,linhas do cenário não estão em ordem crescente de entry_time.
WARNING,SCENARIO_ORDER,ROBUST_78_SL5_TP10_CD6_P7,31015,linhas do cenário não estão em ordem crescente de entry_time.
WARNING,SCENARIO_ORDER,ROBUST_78_SL5_TP10_CD6_P7,31016,linhas do cenário não estão em ordem crescente de entry_time.
WARNING,SCENARIO_ORDER,ROBUST_78_SL5_TP10_CD6_P7,31020,linhas do cenário não estão em ordem crescente de entry_time.
WARNING,SCENARIO_ORDER,ROBUST_78_SL5_TP10_CD6_P7,31029,linhas do cenário não estão em ordem crescente de entry_time.
WARNING,SCENARIO_ORDER,ROBUST_78_SL5_TP10_CD6_P7,31032,linhas do cenário não estão em ordem crescente de entry_time.
WARNING,SCENARIO_ORDER,ROBUST_78_SL5_TP10_CD6_P7,31034,linhas do cenário não estão em ordem crescente de entry_time.
WARNING,SCENARIO_ORDER,ROBUST_78_SL5_TP10_CD6_P7,31038,linhas do cenário não estão em ordem crescente de entry_time.
WARNING,SCENARIO_ORDER,ROBUST_78_SL5_TP10_CD6_P7,31040,linhas do cenário não estão em ordem crescente de entry_time.
WARNING,SCENARIO_ORDER,ROBUST_78_SL5_TP10_CD6_P7,31043,linhas do cenário não estão em ordem crescente de entry_time.
WARNING,SCENARIO_ORDER,ROBUST_78_SL5_TP10_CD6_P7,31045,linhas do cenário não estão em ordem crescente de entry_time.
WARNING,SCENARIO_ORDER,ROBUST_78_SL5_TP10_CD6_P7,31048,linhas do cenário não estão em ordem crescente de entry_time.
WARNING,SCENARIO_ORDER,ROBUST_78_SL5_TP12_CD6_P7,31058,linhas do cenário não estão em ordem crescente de entry_time.
WARNING,SCENARIO_ORDER,ROBUST_78_SL5_TP12_CD6_P7,31071,linhas do cenário não estão em ordem crescente de entry_time.
WARNING,SCENARIO_ORDER,ROBUST_78_SL5_TP12_CD6_P7,31072,linhas do cenário não estão em ordem crescente de entry_time.
WARNING,SCENARIO_ORDER,ROBUST_78_SL5_TP12_CD6_P7,31076,linhas do cenário não estão em ordem crescente de entry_time.
WARNING,SCENARIO_ORDER,ROBUST_78_SL5_TP12_CD6_P7,31086,linhas do cenário não estão em ordem crescente de entry_time.
WARNING,SCENARIO_ORDER,ROBUST_78_SL5_TP12_CD6_P7,31088,linhas do cenário não estão em ordem crescente de entry_time.
WARNING,SCENARIO_ORDER,ROBUST_78_SL5_TP12_CD6_P7,31095,linhas do cenário não estão em ordem crescente de entry_time.
WARNING,SCENARIO_ORDER,ROBUST_78_SL5_TP12_CD6_P7,31098,linhas do cenário não estão em ordem crescente de entry_time.
WARNING,SCENARIO_ORDER,ROBUST_78_SL5_TP12_CD6_P7,31099,linhas do cenário não estão em ordem crescente de entry_time.
WARNING,SCENARIO_ORDER,ROBUST_78_SL5_TP12_CD6_P7,31102,linhas do cenário não estão em ordem crescente de entry_time.
WARNING,SCENARIO_ORDER,ROBUST_78_SL5_TP12_CD6_P7,31106,linhas do cenário não estão em ordem crescente de entry_time.
WARNING,SCENARIO_ORDER,ROBUST_78_SL5_TP12_CD6_P7,31107,linhas do cenário não estão em ordem crescente de entry_time.
WARNING,SCENARIO_ORDER,ROBUST_78_SL5_TP12_CD6_P7,31109,linhas do cenário não estão em ordem crescente de entry_time.
WARNING,SCENARIO_ORDER,ROBUST_78_SL5_TP12_CD6_P7,31115,linhas do cenário não estão em ordem crescente de entry_time.
WARNING,SCENARIO_ORDER,ROBUST_78_SL5_TP12_CD6_P7,31125,linhas do cenário não estão em ordem crescente de entry_time.
WARNING,SCENARIO_ORDER,ROBUST_78_SL5_TP12_CD6_P7,31129,linhas do cenário não estão em ordem crescente de entry_time.
WARNING,SCENARIO_ORDER,ROBUST_78_SL5_TP12_CD6_P7,31131,linhas do cenário não estão em ordem crescente de entry_time.
WARNING,SCENARIO_ORDER,ROBUST_78_SL5_TP12_CD6_P7,31138,linhas do cenário não estão em ordem crescente de entry_time.
WARNING,SCENARIO_ORDER,ROBUST_78_SL5_TP12_CD6_P7,31141,linhas do cenário não estão em ordem crescente de entry_time.
WARNING,SCENARIO_ORDER,ROBUST_78_SL5_TP12_CD6_P7,31147,linhas do cenário não estão em ordem crescente de entry_time.
WARNING,SCENARIO_ORDER,ROBUST_78_SL5_TP12_CD6_P7,31155,linhas do cenário não estão em ordem crescente de entry_time.
WARNING,SCENARIO_ORDER,ROBUST_78_SL5_TP12_CD6_P7,31157,linhas do cenário não estão em ordem crescente de entry_time.
WARNING,SCENARIO_ORDER,ROBUST_78_SL5_TP12_CD6_P7,31159,linhas do cenário não estão em ordem crescente de entry_time.
WARNING,SCENARIO_ORDER,ROBUST_78_SL5_TP12_CD6_P7,31165,linhas do cenário não estão em ordem crescente de entry_time.
WARNING,SCENARIO_ORDER,ROBUST_78_SL5_TP12_CD6_P7,31167,linhas do cenário não estão em ordem crescente de entry_time.
WARNING,SCENARIO_ORDER,ROBUST_78_SL5_TP12_CD6_P7,31175,linhas do cenário não estão em ordem crescente de entry_time.
WARNING,SCENARIO_ORDER,ROBUST_78_SL5_TP12_CD6_P7,31190,linhas do cenário não estão em ordem crescente de entry_time.
WARNING,SCENARIO_ORDER,ROBUST_78_SL5_TP12_CD6_P7,31192,linhas do cenário não estão em ordem crescente de entry_time.
WARNING,SCENARIO_ORDER,ROBUST_78_SL5_TP12_CD6_P7,31193,linhas do cenário não estão em ordem crescente de entry_time.
WARNING,SCENARIO_ORDER,ROBUST_78_SL5_TP12_CD6_P7,31195,linhas do cenário não estão em ordem crescente de entry_time.
WARNING,SCENARIO_ORDER,ROBUST_78_SL5_TP12_CD6_P7,31201,linhas do cenário não estão em ordem crescente de entry_time.
WARNING,SCENARIO_ORDER,ROBUST_78_SL5_TP12_CD6_P7,31207,linhas do cenário não estão em ordem crescente de entry_time.
WARNING,SCENARIO_ORDER,ROBUST_78_SL5_TP12_CD6_P7,31211,linhas do cenário não estão em ordem crescente de entry_time.
WARNING,SCENARIO_ORDER,ROBUST_78_SL5_TP12_CD6_P7,31212,linhas do cenário não estão em ordem crescente de entry_time.
WARNING,SCENARIO_ORDER,ROBUST_78_SL5_TP12_CD6_P7,31217,linhas do cenário não estão em ordem crescente de entry_time.
WARNING,SCENARIO_ORDER,ROBUST_78_SL5_TP12_CD6_P7,31220,linhas do cenário não estão em ordem crescente de entry_time.
WARNING,SCENARIO_ORDER,ROBUST_78_SL5_TP12_CD6_P7,31223,linhas do cenário não estão em ordem crescente de entry_time.
WARNING,SCENARIO_ORDER,ROBUST_78_SL5_TP12_CD6_P7,31226,linhas do cenário não estão em ordem crescente de entry_time.
WARNING,SCENARIO_ORDER,ROBUST_78_SL5_TP12_CD6_P7,31230,linhas do cenário não estão em ordem crescente de entry_time.
WARNING,SCENARIO_ORDER,ROBUST_78_SL5_TP12_CD6_P7,31233,linhas do cenário não estão em ordem crescente de entry_time.
WARNING,SCENARIO_ORDER,ROBUST_78_SL5_TP12_CD6_P7,31234,linhas do cenário não estão em ordem crescente de entry_time.
WARNING,SCENARIO_ORDER,ROBUST_78_SL5_TP12_CD6_P7,31237,linhas do cenário não estão em ordem crescente de entry_time.
WARNING,SCENARIO_ORDER,ROBUST_78_SL5_TP12_CD6_P7,31240,linhas do cenário não estão em ordem crescente de entry_time.
WARNING,SCENARIO_ORDER,ROBUST_78_SL5_TP12_CD6_P7,31247,linhas do cenário não estão em ordem crescente de entry_time.
WARNING,SCENARIO_ORDER,ROBUST_78_SL5_TP12_CD6_P7,31250,linhas do cenário não estão em ordem crescente de entry_time.
WARNING,SCENARIO_ORDER,ROBUST_78_SL4_TP12_CD6_P7,31259,linhas do cenário não estão em ordem crescente de entry_time.
WARNING,SCENARIO_ORDER,ROBUST_78_SL4_TP12_CD6_P7,31266,linhas do cenário não estão em ordem crescente de entry_time.
WARNING,SCENARIO_ORDER,ROBUST_78_SL4_TP12_CD6_P7,31277,linhas do cenário não estão em ordem crescente de entry_time.
WARNING,SCENARIO_ORDER,ROBUST_78_SL4_TP12_CD6_P7,31279,linhas do cenário não estão em ordem crescente de entry_time.
WARNING,SCENARIO_ORDER,ROBUST_78_SL4_TP12_CD6_P7,31285,linhas do cenário não estão em ordem crescente de entry_time.
WARNING,SCENARIO_ORDER,ROBUST_78_SL4_TP12_CD6_P7,31289,linhas do cenário não estão em ordem crescente de entry_time.
WARNING,SCENARIO_ORDER,ROBUST_78_SL4_TP12_CD6_P7,31292,linhas do cenário não estão em ordem crescente de entry_time.
WARNING,SCENARIO_ORDER,ROBUST_78_SL4_TP12_CD6_P7,31294,linhas do cenário não estão em ordem crescente de entry_time.
WARNING,SCENARIO_ORDER,ROBUST_78_SL4_TP12_CD6_P7,31295,linhas do cenário não estão em ordem crescente de entry_time.
WARNING,SCENARIO_ORDER,ROBUST_78_SL4_TP12_CD6_P7,31306,linhas do cenário não estão em ordem crescente de entry_time.
WARNING,SCENARIO_ORDER,ROBUST_78_SL4_TP12_CD6_P7,31309,linhas do cenário não estão em ordem crescente de entry_time.
WARNING,SCENARIO_ORDER,ROBUST_78_SL4_TP12_CD6_P7,31310,linhas do cenário não estão em ordem crescente de entry_time.
WARNING,SCENARIO_ORDER,ROBUST_78_SL4_TP12_CD6_P7,31311,linhas do cenário não estão em ordem crescente de entry_time.
WARNING,SCENARIO_ORDER,ROBUST_78_SL4_TP12_CD6_P7,31313,linhas do cenário não estão em ordem crescente de entry_time.
WARNING,SCENARIO_ORDER,ROBUST_78_SL4_TP12_CD6_P7,31315,linhas do cenário não estão em ordem crescente de entry_time.
WARNING,SCENARIO_ORDER,ROBUST_78_SL4_TP12_CD6_P7,31317,linhas do cenário não estão em ordem crescente de entry_time.
WARNING,SCENARIO_ORDER,ROBUST_78_SL4_TP12_CD6_P7,31321,linhas do cenário não estão em ordem crescente de entry_time.
WARNING,SCENARIO_ORDER,ROBUST_78_SL4_TP12_CD6_P7,31323,linhas do cenário não estão em ordem crescente de entry_time.
WARNING,SCENARIO_ORDER,ROBUST_78_SL4_TP12_CD6_P7,31334,linhas do cenário não estão em ordem crescente de entry_time.
WARNING,SCENARIO_ORDER,ROBUST_78_SL4_TP12_CD6_P7,31338,linhas do cenário não estão em ordem crescente de entry_time.
WARNING,SCENARIO_ORDER,ROBUST_78_SL4_TP12_CD6_P7,31341,linhas do cenário não estão em ordem crescente de entry_time.
WARNING,SCENARIO_ORDER,ROBUST_78_SL4_TP12_CD6_P7,31344,linhas do cenário não estão em ordem crescente de entry_time.
WARNING,SCENARIO_ORDER,ROBUST_78_SL4_TP12_CD6_P7,31345,linhas do cenário não estão em ordem crescente de entry_time.
WARNING,SCENARIO_ORDER,ROBUST_78_SL4_TP12_CD6_P7,31347,linhas do cenário não estão em ordem crescente de entry_time.
WARNING,SCENARIO_ORDER,ROBUST_78_SL4_TP12_CD6_P7,31363,linhas do cenário não estão em ordem crescente de entry_time.
WARNING,SCENARIO_ORDER,ROBUST_78_SL4_TP12_CD6_P7,31366,linhas do cenário não estão em ordem crescente de entry_time.
WARNING,SCENARIO_ORDER,ROBUST_78_SL4_TP12_CD6_P7,31371,linhas do cenário não estão em ordem crescente de entry_time.
WARNING,SCENARIO_ORDER,ROBUST_78_SL4_TP12_CD6_P7,31375,linhas do cenário não estão em ordem crescente de entry_time.
WARNING,SCENARIO_ORDER,ROBUST_78_SL4_TP12_CD6_P7,31382,linhas do cenário não estão em ordem crescente de entry_time.
WARNING,SCENARIO_ORDER,ROBUST_78_SL4_TP12_CD6_P7,31386,linhas do cenário não estão em ordem crescente de entry_time.
WARNING,SCENARIO_ORDER,ROBUST_78_SL4_TP12_CD6_P7,31392,linhas do cenário não estão em ordem crescente de entry_time.
WARNING,SCENARIO_ORDER,ROBUST_78_SL4_TP12_CD6_P7,31398,linhas do cenário não estão em ordem crescente de entry_time.
WARNING,SCENARIO_ORDER,ROBUST_78_SL4_TP12_CD6_P7,31401,linhas do cenário não estão em ordem crescente de entry_time.
WARNING,SCENARIO_ORDER,ROBUST_78_SL4_TP12_CD6_P7,31402,linhas do cenário não estão em ordem crescente de entry_time.
WARNING,SCENARIO_ORDER,ROBUST_78_SL4_TP12_CD6_P7,31404,linhas do cenário não estão em ordem crescente de entry_time.
WARNING,SCENARIO_ORDER,ROBUST_78_SL4_TP12_CD6_P7,31406,linhas do cenário não estão em ordem crescente de entry_time.
WARNING,SCENARIO_ORDER,ROBUST_78_SL4_TP12_CD6_P7,31417,linhas do cenário não estão em ordem crescente de entry_time.
WARNING,SCENARIO_ORDER,ROBUST_78_SL4_TP12_CD6_P7,31421,linhas do cenário não estão em ordem crescente de entry_time.
WARNING,SCENARIO_ORDER,ROBUST_78_SL4_TP12_CD6_P7,31422,linhas do cenário não estão em ordem crescente de entry_time.
WARNING,SCENARIO_ORDER,ROBUST_78_SL4_TP12_CD6_P7,31427,linhas do cenário não estão em ordem crescente de entry_time.
WARNING,SCENARIO_ORDER,ROBUST_78_SL4_TP12_CD6_P7,31430,linhas do cenário não estão em ordem crescente de entry_time.
WARNING,SCENARIO_ORDER,ROBUST_78_SL4_TP12_CD6_P7,31432,linhas do cenário não estão em ordem crescente de entry_time.
WARNING,SCENARIO_ORDER,ROBUST_78_SL4_TP12_CD6_P7,31435,linhas do cenário não estão em ordem crescente de entry_time.
WARNING,SCENARIO_ORDER,ROBUST_78_SL4_TP12_CD6_P7,31437,linhas do cenário não estão em ordem crescente de entry_time.
WARNING,SCENARIO_ORDER,ROBUST_78_SL4_TP12_CD6_P7,31443,linhas do cenário não estão em ordem crescente de entry_time.
WARNING,SCENARIO_ORDER,ROBUST_78_SL4_TP12_CD6_P7,31445,linhas do cenário não estão em ordem crescente de entry_time.
WARNING,SCENARIO_ORDER,ROBUST_78_SL4_TP12_CD6_P7,31448,linhas do cenário não estão em ordem crescente de entry_time.
WARNING,SCENARIO_ORDER,ROBUST_78_SL4_TP12_CD6_P7,31455,linhas do cenário não estão em ordem crescente de entry_time.
WARNING,SCENARIO_ORDER,ROBUST_78_SL4_TP12_CD6_P7,31457,linhas do cenário não estão em ordem crescente de entry_time.
WARNING,SCENARIO_ORDER,ROBUST_78_SL4_TP12_CD6_P7,31458,linhas do cenário não estão em ordem crescente de entry_time.
WARNING,SCENARIO_ORDER,ROBUST_78_SL4_TP12_CD6_P7,31460,linhas do cenário não estão em ordem crescente de entry_time.
WARNING,SCENARIO_ORDER,ROBUST_78_SL5_TP10_CD24_P5,31477,linhas do cenário não estão em ordem crescente de entry_time.
WARNING,SCENARIO_ORDER,ROBUST_78_SL5_TP10_CD24_P5,31484,linhas do cenário não estão em ordem crescente de entry_time.
WARNING,SCENARIO_ORDER,ROBUST_78_SL5_TP10_CD24_P5,31488,linhas do cenário não estão em ordem crescente de entry_time.
WARNING,SCENARIO_ORDER,ROBUST_78_SL5_TP10_CD24_P5,31490,linhas do cenário não estão em ordem crescente de entry_time.
WARNING,SCENARIO_ORDER,ROBUST_78_SL5_TP10_CD24_P5,31497,linhas do cenário não estão em ordem crescente de entry_time.
WARNING,SCENARIO_ORDER,ROBUST_78_SL5_TP10_CD24_P5,31500,linhas do cenário não estão em ordem crescente de entry_time.
WARNING,SCENARIO_ORDER,ROBUST_78_SL5_TP10_CD24_P5,31502,linhas do cenário não estão em ordem crescente de entry_time.
WARNING,SCENARIO_ORDER,ROBUST_78_SL5_TP10_CD24_P5,31506,linhas do cenário não estão em ordem crescente de entry_time.
WARNING,SCENARIO_ORDER,ROBUST_78_SL5_TP10_CD24_P5,31511,linhas do cenário não estão em ordem crescente de entry_time.
WARNING,SCENARIO_ORDER,ROBUST_78_SL5_TP10_CD24_P5,31514,linhas do cenário não estão em ordem crescente de entry_time.
WARNING,SCENARIO_ORDER,ROBUST_78_SL5_TP10_CD24_P5,31517,linhas do cenário não estão em ordem crescente de entry_time.
WARNING,SCENARIO_ORDER,ROBUST_78_SL5_TP10_CD24_P5,31520,linhas do cenário não estão em ordem crescente de entry_time.
WARNING,SCENARIO_ORDER,ROBUST_78_SL5_TP10_CD24_P5,31522,linhas do cenário não estão em ordem crescente de entry_time.
WARNING,SCENARIO_ORDER,ROBUST_78_SL5_TP10_CD24_P5,31527,linhas do cenário não estão em ordem crescente de entry_time.
WARNING,SCENARIO_ORDER,ROBUST_78_SL5_TP10_CD24_P5,31533,linhas do cenário não estão em ordem crescente de entry_time.
WARNING,SCENARIO_ORDER,ROBUST_78_SL5_TP10_CD24_P5,31546,linhas do cenário não estão em ordem crescente de entry_time.
WARNING,SCENARIO_ORDER,ROBUST_78_SL5_TP10_CD24_P5,31550,linhas do cenário não estão em ordem crescente de entry_time.
WARNING,SCENARIO_ORDER,ROBUST_78_SL5_TP10_CD24_P5,31552,linhas do cenário não estão em ordem crescente de entry_time.
WARNING,SCENARIO_ORDER,ROBUST_78_SL5_TP10_CD24_P5,31555,linhas do cenário não estão em ordem crescente de entry_time.
WARNING,SCENARIO_ORDER,ROBUST_78_SL5_TP10_CD24_P5,31558,linhas do cenário não estão em ordem crescente de entry_time.
WARNING,SCENARIO_ORDER,ROBUST_78_SL5_TP10_CD24_P5,31563,linhas do cenário não estão em ordem crescente de entry_time.
WARNING,SCENARIO_ORDER,ROBUST_78_SL5_TP10_CD24_P5,31565,linhas do cenário não estão em ordem crescente de entry_time.
WARNING,SCENARIO_ORDER,ROBUST_78_SL5_TP10_CD24_P5,31571,linhas do cenário não estão em ordem crescente de entry_time.
WARNING,SCENARIO_ORDER,ROBUST_78_SL5_TP10_CD24_P5,31576,linhas do cenário não estão em ordem crescente de entry_time.
WARNING,SCENARIO_ORDER,ROBUST_78_SL5_TP10_CD24_P5,31579,linhas do cenário não estão em ordem crescente de entry_time.
WARNING,SCENARIO_ORDER,ROBUST_78_SL5_TP10_CD24_P5,31580,linhas do cenário não estão em ordem crescente de entry_time.
WARNING,SCENARIO_ORDER,ROBUST_78_SL5_TP10_CD24_P5,31582,linhas do cenário não estão em ordem crescente de entry_time.
WARNING,SCENARIO_ORDER,ROBUST_78_SL5_TP10_CD24_P5,31585,linhas do cenário não estão em ordem crescente de entry_time.
WARNING,SCENARIO_ORDER,ROBUST_78_SL5_TP10_CD24_P5,31596,linhas do cenário não estão em ordem crescente de entry_time.
WARNING,SCENARIO_ORDER,ROBUST_78_SL5_TP10_CD24_P5,31601,linhas do cenário não estão em ordem crescente de entry_time.
WARNING,SCENARIO_ORDER,ROBUST_78_SL5_TP10_CD24_P5,31605,linhas do cenário não estão em ordem crescente de entry_time.
WARNING,SCENARIO_ORDER,ROBUST_78_SL5_TP12_CD24_P5,31624,linhas do cenário não estão em ordem crescente de entry_time.
WARNING,SCENARIO_ORDER,ROBUST_78_SL5_TP12_CD24_P5,31631,linhas do cenário não estão em ordem crescente de entry_time.
WARNING,SCENARIO_ORDER,ROBUST_78_SL5_TP12_CD24_P5,31635,linhas do cenário não estão em ordem crescente de entry_time.
WARNING,SCENARIO_ORDER,ROBUST_78_SL5_TP12_CD24_P5,31637,linhas do cenário não estão em ordem crescente de entry_time.
WARNING,SCENARIO_ORDER,ROBUST_78_SL5_TP12_CD24_P5,31639,linhas do cenário não estão em ordem crescente de entry_time.
WARNING,SCENARIO_ORDER,ROBUST_78_SL5_TP12_CD24_P5,31644,linhas do cenário não estão em ordem crescente de entry_time.
WARNING,SCENARIO_ORDER,ROBUST_78_SL5_TP12_CD24_P5,31647,linhas do cenário não estão em ordem crescente de entry_time.
WARNING,SCENARIO_ORDER,ROBUST_78_SL5_TP12_CD24_P5,31649,linhas do cenário não estão em ordem crescente de entry_time.
WARNING,SCENARIO_ORDER,ROBUST_78_SL5_TP12_CD24_P5,31653,linhas do cenário não estão em ordem crescente de entry_time.
WARNING,SCENARIO_ORDER,ROBUST_78_SL5_TP12_CD24_P5,31659,linhas do cenário não estão em ordem crescente de entry_time.
WARNING,SCENARIO_ORDER,ROBUST_78_SL5_TP12_CD24_P5,31662,linhas do cenário não estão em ordem crescente de entry_time.
WARNING,SCENARIO_ORDER,ROBUST_78_SL5_TP12_CD24_P5,31664,linhas do cenário não estão em ordem crescente de entry_time.
WARNING,SCENARIO_ORDER,ROBUST_78_SL5_TP12_CD24_P5,31670,linhas do cenário não estão em ordem crescente de entry_time.
WARNING,SCENARIO_ORDER,ROBUST_78_SL5_TP12_CD24_P5,31672,linhas do cenário não estão em ordem crescente de entry_time.
WARNING,SCENARIO_ORDER,ROBUST_78_SL5_TP12_CD24_P5,31675,linhas do cenário não estão em ordem crescente de entry_time.
WARNING,SCENARIO_ORDER,ROBUST_78_SL5_TP12_CD24_P5,31683,linhas do cenário não estão em ordem crescente de entry_time.
WARNING,SCENARIO_ORDER,ROBUST_78_SL5_TP12_CD24_P5,31691,linhas do cenário não estão em ordem crescente de entry_time.
WARNING,SCENARIO_ORDER,ROBUST_78_SL5_TP12_CD24_P5,31696,linhas do cenário não estão em ordem crescente de entry_time.
WARNING,SCENARIO_ORDER,ROBUST_78_SL5_TP12_CD24_P5,31702,linhas do cenário não estão em ordem crescente de entry_time.
WARNING,SCENARIO_ORDER,ROBUST_78_SL5_TP12_CD24_P5,31709,linhas do cenário não estão em ordem crescente de entry_time.
WARNING,SCENARIO_ORDER,ROBUST_78_SL5_TP12_CD24_P5,31712,linhas do cenário não estão em ordem crescente de entry_time.
WARNING,SCENARIO_ORDER,ROBUST_78_SL5_TP12_CD24_P5,31716,linhas do cenário não estão em ordem crescente de entry_time.
WARNING,SCENARIO_ORDER,ROBUST_78_SL5_TP12_CD24_P5,31721,linhas do cenário não estão em ordem crescente de entry_time.
WARNING,SCENARIO_ORDER,ROBUST_78_SL5_TP12_CD24_P5,31724,linhas do cenário não estão em ordem crescente de entry_time.
WARNING,SCENARIO_ORDER,ROBUST_78_SL5_TP12_CD24_P5,31725,linhas do cenário não estão em ordem crescente de entry_time.
WARNING,SCENARIO_ORDER,ROBUST_78_SL5_TP12_CD24_P5,31727,linhas do cenário não estão em ordem crescente de entry_time.
WARNING,SCENARIO_ORDER,ROBUST_78_SL5_TP12_CD24_P5,31729,linhas do cenário não estão em ordem crescente de entry_time.
WARNING,SCENARIO_ORDER,ROBUST_78_SL5_TP12_CD24_P5,31736,linhas do cenário não estão em ordem crescente de entry_time.
WARNING,SCENARIO_ORDER,ROBUST_78_SL5_TP12_CD24_P5,31740,linhas do cenário não estão em ordem crescente de entry_time.
WARNING,SCENARIO_ORDER,ROBUST_78_SL5_TP12_CD24_P5,31742,linhas do cenário não estão em ordem crescente de entry_time.
WARNING,SCENARIO_ORDER,ROBUST_78_SL5_TP12_CD24_P5,31745,linhas do cenário não estão em ordem crescente de entry_time.
WARNING,SCENARIO_ORDER,ROBUST_78_SL5_TP12_CD24_P5,31750,linhas do cenário não estão em ordem crescente de entry_time.
WARNING,OUTLIER,S72_SL4_TP12,1144,return_pct=182.745736%; mediana=-0.209992%; MAD=2.849627; robust_z=64.20.
WARNING,OUTLIER,S72_SL4_TP15,1513,return_pct=183.494394%; mediana=-0.209992%; MAD=2.849627; robust_z=64.47.
WARNING,OUTLIER,S72_SL5_TP8,1885,return_pct=177.299191%; mediana=-0.209992%; MAD=2.849627; robust_z=62.29.
WARNING,OUTLIER,S72_SL5_TP10,2249,return_pct=183.494394%; mediana=-0.209992%; MAD=2.849627; robust_z=64.47.
WARNING,OUTLIER,S72_SL6_TP8,3314,return_pct=188.216274%; mediana=-0.209992%; MAD=2.849627; robust_z=66.12.
WARNING,OUTLIER,S72_SL6_TP10,3672,return_pct=183.494394%; mediana=-0.209992%; MAD=2.849627; robust_z=64.47.
WARNING,OUTLIER,S75_SL4_TP12,5424,return_pct=177.299191%; mediana=-0.209992%; MAD=2.849627; robust_z=62.29.
WARNING,OUTLIER,S75_SL5_TP8,6108,return_pct=177.883968%; mediana=-0.209992%; MAD=2.849627; robust_z=62.50.
WARNING,OUTLIER,S75_SL5_TP10,6453,return_pct=184.247024%; mediana=-0.209992%; MAD=2.849627; robust_z=64.73.
WARNING,OUTLIER,S75_SL5_TP12,6793,return_pct=177.299191%; mediana=-0.209992%; MAD=2.849627; robust_z=62.29.
WARNING,OUTLIER,S75_SL5_TP15,7129,return_pct=177.299191%; mediana=-0.209992%; MAD=2.849627; robust_z=62.29.
WARNING,OUTLIER,S78_SL4_TP8,8784,return_pct=177.299191%; mediana=-0.209992%; MAD=2.849627; robust_z=62.29.
WARNING,OUTLIER,S78_SL4_TP12,9386,return_pct=177.299191%; mediana=-0.209992%; MAD=2.849627; robust_z=62.29.
WARNING,OUTLIER,S78_SL5_TP15,10843,return_pct=177.299191%; mediana=-0.209992%; MAD=2.849627; robust_z=62.29.
WARNING,OUTLIER,S78_SL6_TP8,11134,return_pct=188.216274%; mediana=-0.209992%; MAD=2.849627; robust_z=66.12.
WARNING,OUTLIER,S80_SL4_TP10,12595,return_pct=182.745736%; mediana=-0.209992%; MAD=2.849627; robust_z=64.20.
WARNING,OUTLIER,S80_SL4_TP12,12891,return_pct=182.745736%; mediana=-0.209992%; MAD=2.849627; robust_z=64.20.
WARNING,OUTLIER,S80_SL4_TP15,13187,return_pct=183.494394%; mediana=-0.209992%; MAD=2.849627; robust_z=64.47.
WARNING,OUTLIER,S80_SL5_TP8,13491,return_pct=184.247024%; mediana=-0.209992%; MAD=2.849627; robust_z=64.73.
WARNING,OUTLIER,S80_SL5_TP10,13781,return_pct=182.745736%; mediana=-0.209992%; MAD=2.849627; robust_z=64.20.
WARNING,OUTLIER,S80_SL5_TP12,14070,return_pct=184.247024%; mediana=-0.209992%; MAD=2.849627; robust_z=64.73.
WARNING,OUTLIER,S82_SL4_TP15,16681,return_pct=184.247024%; mediana=-0.209992%; MAD=2.849627; robust_z=64.73.
WARNING,OUTLIER,S85_SL4_TP8,19258,return_pct=188.216274%; mediana=-0.209992%; MAD=2.849627; robust_z=66.12.
WARNING,OUTLIER,S85_SL4_TP12,19809,return_pct=184.247024%; mediana=-0.209992%; MAD=2.849627; robust_z=64.73.
WARNING,OUTLIER,S85_SL5_TP8,20359,return_pct=177.299191%; mediana=-0.209992%; MAD=2.849627; robust_z=62.29.
WARNING,OUTLIER,S85_SL6_TP8,21439,return_pct=177.299191%; mediana=-0.209992%; MAD=2.849627; robust_z=62.29.
WARNING,OUTLIER,CD6_E1_P7,22684,return_pct=177.299191%; mediana=-0.209992%; MAD=2.849627; robust_z=62.29.
WARNING,OUTLIER,CD6_E1_P10,23032,return_pct=183.494394%; mediana=-0.209992%; MAD=2.849627; robust_z=64.47.
WARNING,OUTLIER,CD6_E1_P15,23518,return_pct=184.247024%; mediana=-0.209992%; MAD=2.849627; robust_z=64.73.
WARNING,OUTLIER,CD6_E2_P15,24818,return_pct=184.247024%; mediana=-0.209992%; MAD=2.849627; robust_z=64.73.
WARNING,OUTLIER,CD12_E1_P7,25261,return_pct=177.299191%; mediana=-0.209992%; MAD=2.849627; robust_z=62.29.
WARNING,OUTLIER,CD12_E1_P15,25741,return_pct=182.745736%; mediana=-0.209992%; MAD=2.849627; robust_z=64.20.
WARNING,OUTLIER,CD12_E2_P7,26185,return_pct=183.494394%; mediana=-0.209992%; MAD=2.849627; robust_z=64.47.
WARNING,OUTLIER,CD12_E2_P15,27017,return_pct=182.745736%; mediana=-0.209992%; MAD=2.849627; robust_z=64.20.
WARNING,OUTLIER,CD24_E1_P7,27457,return_pct=177.299191%; mediana=-0.209992%; MAD=2.849627; robust_z=62.29.
WARNING,OUTLIER,CD24_E2_P7,28714,return_pct=177.299191%; mediana=-0.209992%; MAD=2.849627; robust_z=62.29.
WARNING,OUTLIER,COST_0.15,29880,return_pct=184.147024%; mediana=-0.209992%; MAD=2.849627; robust_z=64.70.
WARNING,OUTLIER,COST_0.20,30224,return_pct=184.047024%; mediana=-0.209992%; MAD=2.849627; robust_z=64.66.
WARNING,OUTLIER,COST_0.30,30568,return_pct=183.847024%; mediana=-0.209992%; MAD=2.849627; robust_z=64.59.
WARNING,OUTLIER,ROBUST_72_SL5_TP10_CD6_P7,30836,return_pct=177.299191%; mediana=-0.209992%; MAD=2.849627; robust_z=62.29.
WARNING,OUTLIER,ROBUST_78_SL5_TP10_CD6_P7,31048,return_pct=177.299191%; mediana=-0.209992%; MAD=2.849627; robust_z=62.29.
WARNING,OUTLIER,ROBUST_78_SL5_TP12_CD6_P7,31250,return_pct=177.299191%; mediana=-0.209992%; MAD=2.849627; robust_z=62.29.
