scenario,symbol,entry_time,exit_time,entry_price,exit_price,score,confidence,notional,entry_fee,exit_fee,gross_return_pct,net_return_pct,pnl,exit_reason
V4_BASE,CHIP/USDT,2026-07-18T13:00:00+00:00,2026-07-19T13:00:00+00:00,0.03159,0.03049,75.00000000,70.00000000,100.00000000,0.10000000,0.09651789,-3.48211459,-3.67863248,-3.67863248,24H
V4_BASE,DEXE/USDT,2026-07-18T13:00:00+00:00,2026-07-19T13:00:00+00:00,36.519,33.652,75.00000000,70.00000000,100.00000000,0.10000000,0.09214929,-7.85070785,-8.04285714,-8.04285714,24H
V4_BASE,ONG/USDT,2026-07-18T13:00:00+00:00,2026-07-19T13:00:00+00:00,0.0472,0.0474,70.00000000,65.00000000,100.00000000,0.10000000,0.10042373,0.42372881,0.22330508,0.22330508,24H
V4_BASE,ALLO/USDT,2026-07-18T14:00:00+00:00,2026-07-19T14:00:00+00:00,0.4592,0.4639,72.00000000,67.00000000,100.00000000,0.10000000,0.10102352,1.02351916,0.82249564,0.82249564,24H
V4_BASE,ACE/USDT,2026-07-18T15:00:00+00:00,2026-07-19T15:00:00+00:00,0.0729,0.0672,70.00000000,70.00000000,100.00000000,0.10000000,0.09218107,-7.81893004,-8.01111111,-8.01111111,24H
V4_BASE,ZEC/USDT,2026-07-18T16:00:00+00:00,2026-07-19T16:00:00+00:00,556.73,551.43,70.00000000,65.00000000,100.00000000,0.10000000,0.09904801,-0.95198750,-1.15103551,-1.15103551,24H
V4_BASE,ETH/USDT,2026-07-18T18:00:00+00:00,2026-07-19T18:00:00+00:00,1857.54,1861.12,70.00000000,65.00000000,100.00000000,0.10000000,0.10019273,0.19272802,-0.00746471,-0.00746471,24H
V4_BASE,TAO/USDT,2026-07-18T19:00:00+00:00,2026-07-19T19:00:00+00:00,195.9,197.1,70.00000000,65.00000000,100.00000000,0.10000000,0.10061256,0.61255743,0.41194487,0.41194487,24H
V4_BASE,CRCLB/USDT,2026-07-19T01:00:00+00:00,2026-07-20T01:00:00+00:00,61.4,60.65,73.00000000,68.00000000,100.00000000,0.10000000,0.09877850,-1.22149837,-1.42027687,-1.42027687,24H
V4_BASE,HEMI/USDT,2026-07-19T13:00:00+00:00,2026-07-20T13:00:00+00:00,0.00457,0.0053,75.00000000,70.00000000,100.00000000,0.10000000,0.11597374,15.97374179,15.75776805,15.75776805,24H
V4_BASE,LTC/USDT,2026-07-19T13:00:00+00:00,2026-07-20T13:00:00+00:00,47.36,46.69,73.00000000,68.00000000,100.00000000,0.10000000,0.09858530,-1.41469595,-1.61328125,-1.61328125,24H
V4_BASE,GPS/USDT,2026-07-19T14:00:00+00:00,2026-07-20T14:00:00+00:00,0.00908,0.00905,70.00000000,65.00000000,100.00000000,0.10000000,0.09966960,-0.33039648,-0.53006608,-0.53006608,24H
V4_BASE,ALLO/USDT,2026-07-19T15:00:00+00:00,2026-07-20T15:00:00+00:00,0.4711,0.4697,72.00000000,67.00000000,100.00000000,0.10000000,0.09970282,-0.29717682,-0.49687964,-0.49687964,24H
V4_BASE,TUT/USDT,2026-07-19T15:00:00+00:00,2026-07-20T15:00:00+00:00,0.01317,0.0138,70.00000000,65.00000000,100.00000000,0.10000000,0.10478360,4.78359909,4.57881549,4.57881549,24H
V4_BASE,EDEN/USDT,2026-07-19T16:00:00+00:00,2026-07-20T16:00:00+00:00,0.04415,0.04281,70.00000000,65.00000000,100.00000000,0.10000000,0.09696489,-3.03510759,-3.23207248,-3.23207248,24H
V4_BASE,ACE/USDT,2026-07-19T20:00:00+00:00,2026-07-20T20:00:00+00:00,0.0712,0.1206,70.00000000,70.00000000,100.00000000,0.10000000,0.16938202,69.38202247,69.11264045,69.11264045,24H
V4_BASE,EWYB/USDT,2026-07-19T22:00:00+00:00,2026-07-20T22:00:00+00:00,166.67,163.53,75.00000000,70.00000000,100.00000000,0.10000000,0.09811604,-1.88396232,-2.08207836,-2.08207836,24H
V4_BASE,LINK/USDT,2026-07-20T01:00:00+00:00,2026-07-21T01:00:00+00:00,8.422,8.592,73.00000000,68.00000000,100.00000000,0.10000000,0.10201852,2.01852292,1.81650439,1.81650439,24H
V4_BASE,NEAR/USDT,2026-07-20T13:00:00+00:00,2026-07-21T13:00:00+00:00,1.965,1.988,73.00000000,68.00000000,100.00000000,0.10000000,0.10117048,1.17048346,0.96931298,0.96931298,24H
V4_BASE,SOXLB/USDT,2026-07-20T13:00:00+00:00,2026-07-21T13:00:00+00:00,143.87,152.78,73.00000000,68.00000000,100.00000000,0.10000000,0.10619309,6.19309098,5.98689789,5.98689789,24H
V4_BASE,CRCLB/USDT,2026-07-20T14:00:00+00:00,2026-07-21T14:00:00+00:00,63.12,69.88,70.00000000,70.00000000,100.00000000,0.10000000,0.11070976,10.70975919,10.49904943,10.49904943,24H
V4_BASE,BMT/USDT,2026-07-20T15:00:00+00:00,2026-07-21T15:00:00+00:00,0.01184,0.01197,73.00000000,68.00000000,100.00000000,0.10000000,0.10109797,1.09797297,0.89687500,0.89687500,24H
V4_BASE,ALLO/USDT,2026-07-20T15:00:00+00:00,2026-07-21T15:00:00+00:00,0.4697,0.4838,72.00000000,67.00000000,100.00000000,0.10000000,0.10300192,3.00191612,2.79891420,2.79891420,24H
V4_BASE,XPL/USDT,2026-07-20T16:00:00+00:00,2026-07-21T16:00:00+00:00,0.08561,0.08614,75.00000000,70.00000000,100.00000000,0.10000000,0.10061909,0.61908656,0.41846747,0.41846747,24H
V4_BASE,RARE/USDT,2026-07-20T20:00:00+00:00,2026-07-21T20:00:00+00:00,0.0128,0.0127,73.00000000,68.00000000,100.00000000,0.10000000,0.09921875,-0.78125000,-0.98046875,-0.98046875,24H
V4_BASE,ADA/USDT,2026-07-20T21:00:00+00:00,2026-07-21T21:00:00+00:00,0.1699,0.173,70.00000000,65.00000000,100.00000000,0.10000000,0.10182460,1.82460271,1.62277810,1.62277810,24H
V4_BASE,HEMI/USDT,2026-07-20T22:00:00+00:00,2026-07-21T22:00:00+00:00,0.00686,0.00535,72.00000000,59.00000000,100.00000000,0.10000000,0.07798834,-22.01166181,-22.18965015,-22.18965015,24H
V4_BASE,RED/USDT,2026-07-21T01:00:00+00:00,2026-07-22T01:00:00+00:00,0.1032,0.1011,75.00000000,70.00000000,100.00000000,0.10000000,0.09796512,-2.03488372,-2.23284884,-2.23284884,24H
V4_BASE,SKHYB/USDT,2026-07-21T13:00:00+00:00,2026-07-22T13:00:00+00:00,163.9,168.61,73.00000000,68.00000000,100.00000000,0.10000000,0.10287370,2.87370348,2.67082977,2.67082977,24H
V4_BASE,SNDKB/USDT,2026-07-21T13:00:00+00:00,2026-07-22T13:00:00+00:00,1529.08,1577.19,70.00000000,70.00000000,100.00000000,0.10000000,0.10314634,3.14633636,2.94319002,2.94319002,24H
V4_BASE,LTC/USDT,2026-07-21T14:00:00+00:00,2026-07-22T14:00:00+00:00,47.81,46.79,73.00000000,68.00000000,100.00000000,0.10000000,0.09786656,-2.13344489,-2.33131144,-2.33131144,24H
V4_BASE,MSTRB/USDT,2026-07-21T15:00:00+00:00,2026-07-22T15:00:00+00:00,102.67,99.78,73.00000000,68.00000000,100.00000000,0.10000000,0.09718516,-2.81484367,-3.01202883,-3.01202883,24H
V4_BASE,GRAM/USDT,2026-07-21T16:00:00+00:00,2026-07-22T16:00:00+00:00,1.518,1.517,72.00000000,67.00000000,100.00000000,0.10000000,0.09993412,-0.06587615,-0.26581028,-0.26581028,24H
V4_BASE,BMT/USDT,2026-07-21T19:00:00+00:00,2026-07-22T19:00:00+00:00,0.01203,0.01209,70.00000000,65.00000000,100.00000000,0.10000000,0.10049875,0.49875312,0.29825436,0.29825436,24H
V4_BASE,PORTAL/USDT,2026-07-21T22:00:00+00:00,2026-07-22T22:00:00+00:00,0.01106,0.01088,73.00000000,68.00000000,100.00000000,0.10000000,0.09837251,-1.62748644,-1.82585895,-1.82585895,24H
V4_BASE,KAITO/USDT,2026-07-21T23:00:00+00:00,2026-07-22T23:00:00+00:00,0.9948,0.9862,75.00000000,70.00000000,100.00000000,0.10000000,0.09913550,-0.86449538,-1.06363088,-1.06363088,24H
V4_BASE,TREE/USDT,2026-07-22T00:00:00+00:00,2026-07-23T00:00:00+00:00,0.0388,0.0382,70.00000000,65.00000000,100.00000000,0.10000000,0.09845361,-1.54639175,-1.74484536,-1.74484536,24H
V4_BASE,CHIP/USDT,2026-07-22T02:00:00+00:00,2026-07-23T02:00:00+00:00,0.0306,0.03026,70.00000000,65.00000000,100.00000000,0.10000000,0.09888889,-1.11111111,-1.31000000,-1.31000000,24H
V4_BASE,AAVE/USDT,2026-07-22T13:00:00+00:00,2026-07-23T13:00:00+00:00,97.91,96.11,75.00000000,70.00000000,100.00000000,0.10000000,0.09816158,-1.83842304,-2.03658462,-2.03658462,24H
V4_BASE,MUB/USDT,2026-07-22T13:00:00+00:00,2026-07-23T13:00:00+00:00,972.31,977.98,75.00000000,70.00000000,100.00000000,0.10000000,0.10058315,0.58314735,0.38256420,0.38256420,24H
V4_BASE,SKHYB/USDT,2026-07-22T14:00:00+00:00,2026-07-23T14:00:00+00:00,166.79,172.97,75.00000000,70.00000000,100.00000000,0.10000000,0.10370526,3.70525811,3.50155285,3.50155285,24H
V4_BASE,ADA/USDT,2026-07-22T15:00:00+00:00,2026-07-23T15:00:00+00:00,0.1779,0.1705,75.00000000,70.00000000,100.00000000,0.10000000,0.09584036,-4.15964025,-4.35548061,-4.35548061,24H
V4_BASE,WLD/USDT,2026-07-22T16:00:00+00:00,2026-07-23T16:00:00+00:00,0.3938,0.3766,75.00000000,70.00000000,100.00000000,0.10000000,0.09563230,-4.36769934,-4.56333164,-4.56333164,24H
V4_BASE,SNDKB/USDT,2026-07-22T20:00:00+00:00,2026-07-23T20:00:00+00:00,1622.32,1625.76,70.00000000,65.00000000,100.00000000,0.10000000,0.10021204,0.21204201,0.01182997,0.01182997,24H
V4_BASE,EDEN/USDT,2026-07-23T01:00:00+00:00,2026-07-24T01:00:00+00:00,0.04409,0.04071,73.00000000,68.00000000,100.00000000,0.10000000,0.09233386,-7.66613745,-7.85847131,-7.85847131,24H
V4_BASE,GRAM/USDT,2026-07-23T03:00:00+00:00,2026-07-24T03:00:00+00:00,1.516,1.455,73.00000000,68.00000000,100.00000000,0.10000000,0.09597625,-4.02374670,-4.21972296,-4.21972296,24H
V4_BASE,BMT/USDT,2026-07-23T05:00:00+00:00,2026-07-24T05:00:00+00:00,0.01262,0.01228,70.00000000,70.00000000,100.00000000,0.10000000,0.09730586,-2.69413629,-2.89144216,-2.89144216,24H
V4_BASE,OPN/USDT,2026-07-23T06:00:00+00:00,2026-07-24T06:00:00+00:00,0.0718,0.0671,73.00000000,68.00000000,100.00000000,0.10000000,0.09345404,-6.54596100,-6.73941504,-6.73941504,24H
V4_BASE,PLUME/USDT,2026-07-23T13:00:00+00:00,2026-07-24T13:00:00+00:00,0.01146,0.01114,73.00000000,68.00000000,100.00000000,0.10000000,0.09720768,-2.79232112,-2.98952880,-2.98952880,24H
V4_BASE,RE/USDT,2026-07-23T16:00:00+00:00,2026-07-24T16:00:00+00:00,0.5261,0.608,70.00000000,70.00000000,100.00000000,0.10000000,0.11556738,15.56738263,15.35181524,15.35181524,24H
V4_BASE,SOXLB/USDT,2026-07-23T20:00:00+00:00,2026-07-24T20:00:00+00:00,162.95,137.08,75.00000000,70.00000000,100.00000000,0.10000000,0.08412396,-15.87603559,-16.06015956,-16.06015956,24H
V4_BASE,HEI/USDT,2026-07-23T21:00:00+00:00,2026-07-24T21:00:00+00:00,0.103,0.0987,70.00000000,70.00000000,100.00000000,0.10000000,0.09582524,-4.17475728,-4.37058252,-4.37058252,24H
V4_BASE,UNI/USDT,2026-07-24T05:00:00+00:00,2026-07-25T05:00:00+00:00,3.833,3.687,70.00000000,65.00000000,100.00000000,0.10000000,0.09619097,-3.80902687,-4.00521785,-4.00521785,24H
V4_BASE,KAITO/USDT,2026-07-24T10:00:00+00:00,2026-07-25T10:00:00+00:00,1.0396,0.9586,73.00000000,68.00000000,100.00000000,0.10000000,0.09220854,-7.79145825,-7.98366679,-7.98366679,24H
V4_BASE,GPS/USDT,2026-07-24T10:00:00+00:00,2026-07-25T10:00:00+00:00,0.00923,0.00958,70.00000000,65.00000000,100.00000000,0.10000000,0.10379198,3.79198267,3.58819068,3.58819068,24H
V4_BASE,ALLO/USDT,2026-07-24T11:00:00+00:00,2026-07-25T11:00:00+00:00,0.5096,0.3717,70.00000000,65.00000000,100.00000000,0.10000000,0.07293956,-27.06043956,-27.23337912,-27.23337912,24H
V4_BASE,PLUME/USDT,2026-07-24T14:00:00+00:00,2026-07-25T14:00:00+00:00,0.01141,0.01178,73.00000000,68.00000000,100.00000000,0.10000000,0.10324277,3.24276950,3.03952673,3.03952673,24H
V4_BASE,HOME/USDT,2026-07-24T14:00:00+00:00,2026-07-25T14:00:00+00:00,0.00689,0.00634,72.00000000,67.00000000,100.00000000,0.10000000,0.09201742,-7.98258345,-8.17460087,-8.17460087,24H
V4_BASE,XPL/USDT,2026-07-24T17:00:00+00:00,2026-07-25T17:00:00+00:00,0.08689,0.08322,75.00000000,70.00000000,100.00000000,0.10000000,0.09577627,-4.22373115,-4.41950742,-4.41950742,24H
V4_BASE,HEMI/USDT,2026-07-24T19:00:00+00:00,2026-07-25T19:00:00+00:00,0.00532,0.00502,75.00000000,70.00000000,100.00000000,0.10000000,0.09436090,-5.63909774,-5.83345865,-5.83345865,24H
V4_BASE,TUT/USDT,2026-07-24T21:00:00+00:00,2026-07-25T21:00:00+00:00,0.01452,0.01538,75.00000000,70.00000000,100.00000000,0.10000000,0.10592287,5.92286501,5.71694215,5.71694215,24H
V4_BASE,TREE/USDT,2026-07-25T00:00:00+00:00,2026-07-26T00:00:00+00:00,0.0394,0.0381,73.00000000,68.00000000,100.00000000,0.10000000,0.09670051,-3.29949239,-3.49619289,-3.49619289,24H
V4_BASE,RE/USDT,2026-07-25T07:00:00+00:00,2026-07-26T07:00:00+00:00,0.6078,0.5204,75.00000000,70.00000000,100.00000000,0.10000000,0.08562027,-14.37973017,-14.56535044,-14.56535044,24H
V4_BASE,ALPINE/USDT,2026-07-25T13:00:00+00:00,2026-07-26T13:00:00+00:00,0.314,0.315,75.00000000,70.00000000,100.00000000,0.10000000,0.10031847,0.31847134,0.11815287,0.11815287,24H
V4_BASE,PLUME/USDT,2026-07-25T15:00:00+00:00,2026-07-26T15:00:00+00:00,0.01177,0.01236,70.00000000,65.00000000,100.00000000,0.10000000,0.10501274,5.01274427,4.80773152,4.80773152,24H
V4_BASE,TRX/USDT,2026-07-25T16:00:00+00:00,2026-07-26T16:00:00+00:00,0.3321,0.333,70.00000000,65.00000000,100.00000000,0.10000000,0.10027100,0.27100271,0.07073171,0.07073171,24H
V4_BASE,MUBARAK/USDT,2026-07-25T19:00:00+00:00,2026-07-26T19:00:00+00:00,0.01076,0.0108,70.00000000,65.00000000,100.00000000,0.10000000,0.10037175,0.37174721,0.17137546,0.17137546,24H
V4_BASE,PEPE/USDT,2026-07-26T02:00:00+00:00,2026-07-27T02:00:00+00:00,2.86e-06,2.94e-06,70.00000000,70.00000000,100.00000000,0.10000000,0.10279720,2.79720280,2.59440559,2.59440559,24H
V4_BASE,DOT/USDT,2026-07-26T03:00:00+00:00,2026-07-27T03:00:00+00:00,0.82,0.818,70.00000000,65.00000000,100.00000000,0.10000000,0.09975610,-0.24390244,-0.44365854,-0.44365854,24H
V4_BASE,FIL/USDT,2026-07-26T04:00:00+00:00,2026-07-27T04:00:00+00:00,0.7416,0.7478,70.00000000,65.00000000,100.00000000,0.10000000,0.10083603,0.83603020,0.63519417,0.63519417,24H
V4_BASE,TAO/USDT,2026-07-26T04:00:00+00:00,2026-07-27T04:00:00+00:00,196.4,198.8,70.00000000,70.00000000,100.00000000,0.10000000,0.10122200,1.22199593,1.02077393,1.02077393,24H
V4_BASE,RARE/USDT,2026-07-26T09:00:00+00:00,2026-07-27T09:00:00+00:00,0.01279,0.01259,70.00000000,65.00000000,100.00000000,0.10000000,0.09843628,-1.56372166,-1.76215794,-1.76215794,24H
V4_BASE,LINK/USDT,2026-07-26T13:00:00+00:00,2026-07-27T13:00:00+00:00,8.458,8.772,70.00000000,65.00000000,100.00000000,0.10000000,0.10371246,3.71246157,3.50874911,3.50874911,24H
V4_BASE,ONDO/USDT,2026-07-26T16:00:00+00:00,2026-07-27T16:00:00+00:00,0.4062,0.4094,90.00000000,100.00000000,100.00000000,0.10000000,0.10078779,0.78778927,0.58700148,0.58700148,24H
V4_BASE,USDE/USDT,2026-07-26T16:00:00+00:00,2026-07-27T16:00:00+00:00,1.0009,1.0009,87.00000000,87.00000000,100.00000000,0.10000000,0.10000000,0.00000000,-0.20000000,-0.20000000,24H
V4_BASE,USDC/USDT,2026-07-26T19:00:00+00:00,2026-07-27T19:00:00+00:00,1.00087,1.00084,87.00000000,87.00000000,100.00000000,0.10000000,0.09999700,-0.00299739,-0.20299439,-0.20299439,24H
V4_BASE,PLUME/USDT,2026-07-27T02:00:00+00:00,2026-07-28T02:00:00+00:00,0.01231,0.01129,90.00000000,95.00000000,100.00000000,0.10000000,0.09171405,-8.28594639,-8.47766044,-8.47766044,24H
V4_BASE,ALPINE/USDT,2026-07-27T03:00:00+00:00,2026-07-28T03:00:00+00:00,0.32,0.304,87.00000000,87.00000000,100.00000000,0.10000000,0.09500000,-5.00000000,-5.19500000,-5.19500000,24H
V4_BASE,CRCLB/USDT,2026-07-27T04:00:00+00:00,2026-07-28T04:00:00+00:00,63.92,63.19,87.00000000,87.00000000,100.00000000,0.10000000,0.09885795,-1.14205257,-1.34091051,-1.34091051,24H
V4_BASE,XUSD/USDT,2026-07-27T04:00:00+00:00,2026-07-28T04:00:00+00:00,1.0012,1.0012,87.00000000,87.00000000,100.00000000,0.10000000,0.10000000,0.00000000,-0.20000000,-0.20000000,24H
V4_BASE,EDEN/USDT,2026-07-27T09:00:00+00:00,2026-07-28T09:00:00+00:00,0.04471,0.04002,90.00000000,100.00000000,100.00000000,0.10000000,0.08951018,-10.48982331,-10.67933348,-10.67933348,24H
V4_BASE,ENA/USDT,2026-07-27T13:00:00+00:00,2026-07-28T13:00:00+00:00,0.0923,0.0834,95.00000000,100.00000000,100.00000000,0.10000000,0.09035753,-9.64247021,-9.83282774,-9.83282774,24H
V4_BASE,RLUSD/USDT,2026-07-27T16:00:00+00:00,2026-07-28T16:00:00+00:00,1.0013,1.0011,87.00000000,87.00000000,100.00000000,0.10000000,0.09998003,-0.01997403,-0.21995406,-0.21995406,24H
V4_BASE,MSTRB/USDT,2026-07-27T16:00:00+00:00,2026-07-28T16:00:00+00:00,97.4,98.12,81.00000000,86.00000000,100.00000000,0.10000000,0.10073922,0.73921971,0.53848049,0.53848049,24H
V4_BASE,TREE/USDT,2026-07-27T19:00:00+00:00,2026-07-28T19:00:00+00:00,0.0397,0.0378,89.00000000,88.00000000,100.00000000,0.10000000,0.09521411,-4.78589421,-4.98110831,-4.98110831,24H
V4_BASE,U/USDT,2026-07-28T02:00:00+00:00,2026-07-29T02:00:00+00:00,1.0007,1.0009,77.00000000,74.00000000,100.00000000,0.10000000,0.10001999,0.01998601,-0.18003398,-0.18003398,24H
V4_BASE,KAITO/USDT,2026-07-28T03:00:00+00:00,2026-07-29T03:00:00+00:00,1.2896,1.249,76.00000000,71.00000000,100.00000000,0.10000000,0.09685174,-3.14826303,-3.34511476,-3.34511476,24H
V4_BASE,FDUSD/USDT,2026-07-28T04:00:00+00:00,2026-07-29T04:00:00+00:00,0.9993,0.9983,87.00000000,87.00000000,100.00000000,0.10000000,0.09989993,-0.10007005,-0.29996998,-0.29996998,24H
V4_BASE,USD1/USDT,2026-07-28T04:00:00+00:00,2026-07-29T04:00:00+00:00,0.99984,0.99973,81.00000000,80.00000000,100.00000000,0.10000000,0.09998900,-0.01100176,-0.21099076,-0.21099076,24H
V4_BASE,GPS/USDT,2026-07-28T09:00:00+00:00,2026-07-29T09:00:00+00:00,0.00949,0.00963,92.00000000,97.00000000,100.00000000,0.10000000,0.10147524,1.47523709,1.27376185,1.27376185,24H
V4_BASE,PLUME/USDT,2026-07-28T13:00:00+00:00,2026-07-29T13:00:00+00:00,0.0117,0.01202,85.00000000,87.00000000,100.00000000,0.10000000,0.10273504,2.73504274,2.53230769,2.53230769,24H
V4_BASE,AAVE/USDT,2026-07-28T16:00:00+00:00,2026-07-29T16:00:00+00:00,101.26,98.73,95.00000000,100.00000000,100.00000000,0.10000000,0.09750148,-2.49851866,-2.69602015,-2.69602015,24H
V4_BASE,ONDO/USDT,2026-07-28T16:00:00+00:00,2026-07-29T16:00:00+00:00,0.4088,0.3937,89.00000000,88.00000000,100.00000000,0.10000000,0.09630626,-3.69373777,-3.89004403,-3.89004403,24H
V4_BASE,ALPINE/USDT,2026-07-28T19:00:00+00:00,2026-07-29T19:00:00+00:00,0.317,0.309,87.00000000,87.00000000,100.00000000,0.10000000,0.09747634,-2.52365931,-2.72113565,-2.72113565,24H
V4_BASE,U/USDT,2026-07-29T02:00:00+00:00,2026-07-30T02:00:00+00:00,1.0009,1.0008,81.00000000,80.00000000,100.00000000,0.10000000,0.09999001,-0.00999101,-0.20998102,-0.20998102,24H
V4_BASE,KAITO/USDT,2026-07-29T03:00:00+00:00,2026-07-30T03:00:00+00:00,1.249,1.1818,89.00000000,88.00000000,100.00000000,0.10000000,0.09461970,-5.38030424,-5.57492394,-5.57492394,24H
V4_BASE,RLUSD/USDT,2026-07-29T04:00:00+00:00,2026-07-30T04:00:00+00:00,1.0013,1.0014,87.00000000,87.00000000,100.00000000,0.10000000,0.10000999,0.00998702,-0.19002297,-0.19002297,24H
V4_BASE,USDC/USDT,2026-07-29T04:00:00+00:00,2026-07-30T04:00:00+00:00,1.00114,1.00112,84.00000000,84.00000000,100.00000000,0.10000000,0.09999800,-0.00199772,-0.20199572,-0.20199572,24H
V4_BASE,UNI/USDT,2026-07-29T09:00:00+00:00,2026-07-30T09:00:00+00:00,3.975,4.03,95.00000000,100.00000000,100.00000000,0.10000000,0.10138365,1.38364780,1.18226415,1.18226415,24H
V4_BASE,GPS/USDT,2026-07-29T13:00:00+00:00,2026-07-30T13:00:00+00:00,0.00979,0.00991,93.00000000,98.00000000,100.00000000,0.10000000,0.10122574,1.22574055,1.02451481,1.02451481,24H
V4_BASE,RE/USDT,2026-07-29T16:00:00+00:00,2026-07-30T16:00:00+00:00,0.4686,0.4452,79.00000000,76.00000000,100.00000000,0.10000000,0.09500640,-4.99359795,-5.18860435,-5.18860435,24H
V4_BASE,USD1/USDT,2026-07-29T16:00:00+00:00,2026-07-30T16:00:00+00:00,1.00016,1,76.00000000,71.00000000,100.00000000,0.10000000,0.09998400,-0.01599744,-0.21598144,-0.21598144,24H
V4_BASE,PLUME/USDT,2026-07-29T19:00:00+00:00,2026-07-30T19:00:00+00:00,0.01215,0.01154,87.00000000,86.00000000,100.00000000,0.10000000,0.09497942,-5.02057613,-5.21555556,-5.21555556,24H
V4_BASE,ALPINE/USDT,2026-07-30T02:00:00+00:00,2026-07-31T02:00:00+00:00,0.323,0.311,89.00000000,88.00000000,100.00000000,0.10000000,0.09628483,-3.71517028,-3.91145511,-3.91145511,24H
V4_BASE,MUBARAK/USDT,2026-07-30T04:00:00+00:00,2026-07-31T04:00:00+00:00,0.01115,0.0121,82.00000000,82.00000000,100.00000000,0.10000000,0.10852018,8.52017937,8.31165919,8.31165919,24H
V4_BASE,BNB/USDT,2026-07-30T04:00:00+00:00,2026-07-31T04:00:00+00:00,571.9,589.13,81.00000000,80.00000000,100.00000000,0.10000000,0.10301276,3.01276447,2.80975170,2.80975170,24H
V4_BASE,ONDO/USDT,2026-07-30T09:00:00+00:00,2026-07-31T09:00:00+00:00,0.4209,0.4036,95.00000000,100.00000000,100.00000000,0.10000000,0.09588976,-4.11023996,-4.30612972,-4.30612972,24H
V4_BASE,PAXG/USDT,2026-07-30T13:00:00+00:00,2026-07-31T13:00:00+00:00,4105.88,4027.22,93.00000000,98.00000000,100.00000000,0.10000000,0.09808421,-1.91578906,-2.11387327,-2.11387327,24H
V4_BASE,ADA/USDT,2026-07-30T13:00:00+00:00,2026-07-31T13:00:00+00:00,0.1682,0.1686,89.00000000,89.00000000,100.00000000,0.10000000,0.10023781,0.23781213,0.03757432,0.03757432,24H
V4_BASE,AAVE/USDT,2026-07-30T16:00:00+00:00,2026-07-31T16:00:00+00:00,100.23,96.59,90.00000000,95.00000000,100.00000000,0.10000000,0.09636835,-3.63164721,-3.82801556,-3.82801556,24H
V4_BASE,PUMP/USDT,2026-07-30T19:00:00+00:00,2026-07-31T19:00:00+00:00,0.002021,0.002118,89.00000000,88.00000000,100.00000000,0.10000000,0.10479960,4.79960416,4.59480455,4.59480455,24H
V4_BASE,EWYB/USDT,2026-07-31T02:00:00+00:00,2026-08-01T02:00:00+00:00,162.6,157.58,81.00000000,81.00000000,100.00000000,0.10000000,0.09691267,-3.08733087,-3.28424354,-3.28424354,24H
V4_BASE,MUBARAK/USDT,2026-07-31T04:00:00+00:00,2026-08-01T04:00:00+00:00,0.0121,0.01244,95.00000000,100.00000000,100.00000000,0.10000000,0.10280992,2.80991736,2.60710744,2.60710744,24H
V4_BASE,BEL/USDT,2026-07-31T04:00:00+00:00,2026-08-01T04:00:00+00:00,0.0977,0.099,89.00000000,89.00000000,100.00000000,0.10000000,0.10133060,1.33060389,1.12927329,1.12927329,24H
V4_BASE,ALPINE/USDT,2026-07-31T09:00:00+00:00,2026-08-01T09:00:00+00:00,0.318,0.321,90.00000000,95.00000000,100.00000000,0.10000000,0.10094340,0.94339623,0.74245283,0.74245283,24H
V4_BASE,FIL/USDT,2026-07-31T13:00:00+00:00,2026-08-01T13:00:00+00:00,0.7172,0.7126,78.00000000,73.00000000,100.00000000,0.10000000,0.09935862,-0.64138316,-0.84074177,-0.84074177,24H
V4_BASE,USD1/USDT,2026-07-31T13:00:00+00:00,2026-08-01T13:00:00+00:00,1.00007,0.9999,76.00000000,71.00000000,100.00000000,0.10000000,0.09998300,-0.01699881,-0.21698181,-0.21698181,24H
V4_BASE,TUT/USDT,2026-07-31T16:00:00+00:00,2026-08-01T16:00:00+00:00,0.01572,0.01746,89.00000000,88.00000000,100.00000000,0.10000000,0.11106870,11.06870229,10.85763359,10.85763359,24H
V4_BASE,PUMP/USDT,2026-07-31T19:00:00+00:00,2026-08-01T19:00:00+00:00,0.002118,0.002109,84.00000000,84.00000000,100.00000000,0.10000000,0.09957507,-0.42492918,-0.62450425,-0.62450425,24H
V4_BASE,TAO/USDT,2026-08-01T02:00:00+00:00,2026-08-02T02:00:00+00:00,196.1,193.6,87.00000000,86.00000000,100.00000000,0.10000000,0.09872514,-1.27485977,-1.47358491,-1.47358491,24H
V4_BASE,USDE/USDT,2026-08-01T04:00:00+00:00,2026-08-02T04:00:00+00:00,1.0008,1.0005,87.00000000,87.00000000,100.00000000,0.10000000,0.09997002,-0.02997602,-0.22994604,-0.22994604,24H
V4_BASE,BEL/USDT,2026-08-01T04:00:00+00:00,2026-08-02T04:00:00+00:00,0.099,0.0972,84.00000000,84.00000000,100.00000000,0.10000000,0.09818182,-1.81818182,-2.01636364,-2.01636364,24H
V4_BASE,ADA/USDT,2026-08-01T09:00:00+00:00,2026-08-02T09:00:00+00:00,0.1721,0.1883,87.00000000,87.00000000,100.00000000,0.10000000,0.10941313,9.41313190,9.20371877,9.20371877,24H
V4_BASE,HOME/USDT,2026-08-01T13:00:00+00:00,2026-08-02T13:00:00+00:00,0.00612,0.0079,89.00000000,89.00000000,100.00000000,0.10000000,0.12908497,29.08496732,28.85588235,28.85588235,24H
V4_BASE,GPS/USDT,2026-08-01T13:00:00+00:00,2026-08-02T13:00:00+00:00,0.00946,0.00943,83.00000000,85.00000000,100.00000000,0.10000000,0.09968288,-0.31712474,-0.51680761,-0.51680761,24H
V4_BASE,PEPE/USDT,2026-08-01T16:00:00+00:00,2026-08-02T16:00:00+00:00,2.78e-06,2.91e-06,87.00000000,87.00000000,100.00000000,0.10000000,0.10467626,4.67625899,4.47158273,4.47158273,24H
V4_BASE,KAITO/USDT,2026-08-01T16:00:00+00:00,2026-08-02T16:00:00+00:00,1.1497,1.1004,82.00000000,84.00000000,100.00000000,0.10000000,0.09571192,-4.28807515,-4.48378707,-4.48378707,24H
V4_BASE,PUMP/USDT,2026-08-02T02:00:00+00:00,2026-08-03T02:00:00+00:00,0.002258,0.002077,95.00000000,100.00000000,100.00000000,0.10000000,0.09198406,-8.01594331,-8.20792737,-8.20792737,24H
V4_BASE,EWYB/USDT,2026-08-02T04:00:00+00:00,2026-08-03T04:00:00+00:00,160.6,160.32,87.00000000,87.00000000,100.00000000,0.10000000,0.09982565,-0.17434620,-0.37417186,-0.37417186,24H
V4_BASE,PORTAL/USDT,2026-08-02T04:00:00+00:00,2026-08-03T04:00:00+00:00,0.00999,0.01056,87.00000000,87.00000000,100.00000000,0.10000000,0.10570571,5.70570571,5.50000000,5.50000000,24H
V4_BASE,TUT/USDT,2026-08-02T09:00:00+00:00,2026-08-03T09:00:00+00:00,0.01757,0.0196,90.00000000,95.00000000,100.00000000,0.10000000,0.11155378,11.55378486,11.34223108,11.34223108,24H
V4_BASE,OPN/USDT,2026-08-02T09:00:00+00:00,2026-08-03T09:00:00+00:00,0.0486,0.0474,89.00000000,89.00000000,100.00000000,0.10000000,0.09753086,-2.46913580,-2.66666667,-2.66666667,24H
V4_BASE,FIL/USDT,2026-08-02T13:00:00+00:00,2026-08-03T13:00:00+00:00,0.72,0.7249,84.00000000,84.00000000,100.00000000,0.10000000,0.10068056,0.68055556,0.47987500,0.47987500,24H
V4_BASE,GIGGLE/USDT,2026-08-02T13:00:00+00:00,2026-08-03T13:00:00+00:00,44.4,41.55,84.00000000,76.00000000,100.00000000,0.10000000,0.09358108,-6.41891892,-6.61250000,-6.61250000,24H
V4_BASE,MUBARAK/USDT,2026-08-02T16:00:00+00:00,2026-08-03T16:00:00+00:00,0.01273,0.01266,92.00000000,97.00000000,100.00000000,0.10000000,0.09945012,-0.54988217,-0.74933229,-0.74933229,24H
V4_BASE,BNB/USDT,2026-08-02T16:00:00+00:00,2026-08-03T16:00:00+00:00,587.7,592.46,82.00000000,82.00000000,100.00000000,0.10000000,0.10080994,0.80993704,0.60912711,0.60912711,24H
V4_BASE,KORUB/USDT,2026-08-03T02:00:00+00:00,2026-08-04T02:00:00+00:00,16.37,16.04,87.00000000,87.00000000,100.00000000,0.10000000,0.09798412,-2.01588271,-2.21386683,-2.21386683,24H
V4_BASE,BMT/USDT,2026-08-03T04:00:00+00:00,2026-08-04T04:00:00+00:00,0.01182,0.01192,93.00000000,98.00000000,100.00000000,0.10000000,0.10084602,0.84602369,0.64517766,0.64517766,24H
V4_BASE,ALPINE/USDT,2026-08-03T04:00:00+00:00,2026-08-04T04:00:00+00:00,0.323,0.317,85.00000000,87.00000000,100.00000000,0.10000000,0.09814241,-1.85758514,-2.05572755,-2.05572755,24H
V4_BASE,ENA/USDT,2026-08-03T09:00:00+00:00,2026-08-04T09:00:00+00:00,0.0901,0.091,92.00000000,97.00000000,100.00000000,0.10000000,0.10099889,0.99889012,0.79789123,0.79789123,24H
V4_BASE,TUT/USDT,2026-08-03T09:00:00+00:00,2026-08-04T09:00:00+00:00,0.0196,0.02293,90.00000000,100.00000000,100.00000000,0.10000000,0.11698980,16.98979592,16.77280612,16.77280612,24H
V4_BASE,ADA/USDT,2026-08-03T13:00:00+00:00,2026-08-04T13:00:00+00:00,0.1946,0.1919,95.00000000,100.00000000,100.00000000,0.10000000,0.09861254,-1.38746146,-1.58607400,-1.58607400,24H
V4_BASE,PEPE/USDT,2026-08-03T13:00:00+00:00,2026-08-04T13:00:00+00:00,2.91e-06,2.89e-06,95.00000000,100.00000000,100.00000000,0.10000000,0.09931271,-0.68728522,-0.88659794,-0.88659794,24H
V4_BASE,HOME/USDT,2026-08-03T16:00:00+00:00,2026-08-04T16:00:00+00:00,0.00781,0.01034,95.00000000,100.00000000,100.00000000,0.10000000,0.13239437,32.39436620,32.16197183,32.16197183,24H
V4_BASE,OPN/USDT,2026-08-03T16:00:00+00:00,2026-08-04T16:00:00+00:00,0.0506,0.0498,89.00000000,89.00000000,100.00000000,0.10000000,0.09841897,-1.58102767,-1.77944664,-1.77944664,24H
V4_BASE,ARB/USDT,2026-08-04T02:00:00+00:00,2026-08-05T02:00:00+00:00,0.0839,0.0815,87.00000000,86.00000000,100.00000000,0.10000000,0.09713945,-2.86054827,-3.05768772,-3.05768772,24H
V4_BASE,PUMP/USDT,2026-08-04T04:00:00+00:00,2026-08-05T04:00:00+00:00,0.002216,0.002431,89.00000000,88.00000000,100.00000000,0.10000000,0.10970217,9.70216606,9.49246390,9.49246390,24H
V4_BASE,GALA/USDT,2026-08-04T04:00:00+00:00,2026-08-05T04:00:00+00:00,0.001819,0.001778,87.00000000,87.00000000,100.00000000,0.10000000,0.09774601,-2.25398571,-2.45173172,-2.45173172,24H
V4_BASE,USDE/USDT,2026-08-04T09:00:00+00:00,2026-08-05T09:00:00+00:00,1.0008,1.0007,87.00000000,87.00000000,100.00000000,0.10000000,0.09999001,-0.00999201,-0.20998201,-0.20998201,24H
V4_BASE,BICO/USDT,2026-08-04T09:00:00+00:00,2026-08-05T09:00:00+00:00,0.0181,0.0238,84.00000000,76.00000000,100.00000000,0.10000000,0.13149171,31.49171271,31.26022099,31.26022099,24H
V4_BASE,EWYB/USDT,2026-08-04T13:00:00+00:00,2026-08-05T13:00:00+00:00,168.08,171.47,95.00000000,100.00000000,100.00000000,0.10000000,0.10201690,2.01689672,1.81487982,1.81487982,24H
V4_BASE,PORTAL/USDT,2026-08-04T13:00:00+00:00,2026-08-05T13:00:00+00:00,0.01059,0.01086,95.00000000,100.00000000,100.00000000,0.10000000,0.10254958,2.54957507,2.34702550,2.34702550,24H
V4_BASE,MUBARAK/USDT,2026-08-04T16:00:00+00:00,2026-08-05T16:00:00+00:00,0.01305,0.01317,95.00000000,100.00000000,100.00000000,0.10000000,0.10091954,0.91954023,0.71862069,0.71862069,24H
V4_BASE,DOT/USDT,2026-08-04T16:00:00+00:00,2026-08-05T16:00:00+00:00,0.843,0.854,93.00000000,98.00000000,100.00000000,0.10000000,0.10130486,1.30486358,1.10355872,1.10355872,24H
V4_BASE,ZEC/USDT,2026-08-05T02:00:00+00:00,2026-08-06T02:00:00+00:00,514.85,508.24,93.00000000,98.00000000,100.00000000,0.10000000,0.09871613,-1.28386909,-1.48258522,-1.48258522,24H
V4_BASE,HEMI/USDT,2026-08-05T04:00:00+00:00,2026-08-06T04:00:00+00:00,0.00478,0.00499,92.00000000,97.00000000,100.00000000,0.10000000,0.10439331,4.39330544,4.18891213,4.18891213,24H
V4_BASE,TUT/USDT,2026-08-05T04:00:00+00:00,2026-08-06T04:00:00+00:00,0.02496,0.02998,87.00000000,92.00000000,100.00000000,0.10000000,0.12011218,20.11217949,19.89206731,19.89206731,24H
V4_BASE,ADA/USDT,2026-08-05T09:00:00+00:00,2026-08-06T09:00:00+00:00,0.1969,0.1893,95.00000000,100.00000000,100.00000000,0.10000000,0.09614017,-3.85982732,-4.05596750,-4.05596750,24H
V4_BASE,ENA/USDT,2026-08-05T09:00:00+00:00,2026-08-06T09:00:00+00:00,0.0919,0.0914,87.00000000,86.00000000,100.00000000,0.10000000,0.09945593,-0.54406964,-0.74352557,-0.74352557,24H
V4_BASE,POL/USDT,2026-08-05T09:00:00+00:00,2026-08-06T09:00:00+00:00,0.07552,0.07572,87.00000000,86.00000000,100.00000000,0.10000000,0.10026483,0.26483051,0.06456568,0.06456568,24H
V4_BASE,EWYB/USDT,2026-08-05T13:00:00+00:00,2026-08-06T13:00:00+00:00,171.47,165,95.00000000,100.00000000,100.00000000,0.10000000,0.09622675,-3.77325480,-3.96948154,-3.96948154,24H
V4_BASE,KORUB/USDT,2026-08-05T13:00:00+00:00,2026-08-06T13:00:00+00:00,19.25,17.06,95.00000000,100.00000000,100.00000000,0.10000000,0.08862338,-11.37662338,-11.56524675,-11.56524675,24H
V4_BASE,SNXXB/USDT,2026-08-05T16:00:00+00:00,2026-08-06T16:00:00+00:00,12.64,10.38,95.00000000,100.00000000,100.00000000,0.10000000,0.08212025,-17.87974684,-18.06186709,-18.06186709,24H
V4_BASE,ETH/USDT,2026-08-05T16:00:00+00:00,2026-08-06T16:00:00+00:00,1895.56,1915.77,87.00000000,87.00000000,100.00000000,0.10000000,0.10106618,1.06617569,0.86510952,0.86510952,24H
V4_BASE,UNI/USDT,2026-08-06T02:00:00+00:00,2026-08-07T02:00:00+00:00,4.099,4.032,90.00000000,95.00000000,100.00000000,0.10000000,0.09836545,-1.63454501,-1.83291047,-1.83291047,24H
V4_BASE,BICO/USDT,2026-08-06T04:00:00+00:00,2026-08-07T04:00:00+00:00,0.03012,0.03926,84.00000000,76.00000000,100.00000000,0.10000000,0.13034529,30.34528552,30.11494024,30.11494024,24H
V4_BASE,TUT/USDT,2026-08-06T04:00:00+00:00,2026-08-07T04:00:00+00:00,0.02998,0.02853,84.00000000,88.00000000,100.00000000,0.10000000,0.09516344,-4.83655771,-5.03172115,-5.03172115,24H
V4_BASE,GPS/USDT,2026-08-06T09:00:00+00:00,2026-08-07T09:00:00+00:00,0.00951,0.00955,93.00000000,98.00000000,100.00000000,0.10000000,0.10042061,0.42060988,0.22018927,0.22018927,24H
V4_BASE,POL/USDT,2026-08-06T09:00:00+00:00,2026-08-07T09:00:00+00:00,0.07572,0.07636,90.00000000,95.00000000,100.00000000,0.10000000,0.10084522,0.84521923,0.64437401,0.64437401,24H
V4_BASE,HEMI/USDT,2026-08-06T09:00:00+00:00,2026-08-07T09:00:00+00:00,0.00511,0.00536,89.00000000,88.00000000,100.00000000,0.10000000,0.10489237,4.89236791,4.68747554,4.68747554,24H
V4_BASE,HOME/USDT,2026-08-06T13:00:00+00:00,2026-08-07T13:00:00+00:00,0.01023,0.00946,89.00000000,80.00000000,100.00000000,0.10000000,0.09247312,-7.52688172,-7.71935484,-7.71935484,24H
V4_BASE,PLUME/USDT,2026-08-06T13:00:00+00:00,2026-08-07T13:00:00+00:00,0.01164,0.01207,89.00000000,89.00000000,100.00000000,0.10000000,0.10369416,3.69415808,3.49046392,3.49046392,24H
V4_BASE,CRCLB/USDT,2026-08-06T16:00:00+00:00,2026-08-07T16:00:00+00:00,65.02,66.9,95.00000000,100.00000000,100.00000000,0.10000000,0.10289142,2.89141803,2.68852661,2.68852661,24H
V4_BASE,ACE/USDT,2026-08-07T02:00:00+00:00,2026-08-08T02:00:00+00:00,0.1273,0.107,89.00000000,80.00000000,100.00000000,0.10000000,0.08405342,-15.94658288,-16.13063629,-16.13063629,24H
V4_BASE,TUT/USDT,2026-08-07T04:00:00+00:00,2026-08-08T04:00:00+00:00,0.02853,0.04376,92.00000000,97.00000000,100.00000000,0.10000000,0.15338240,53.38240449,53.12902208,53.12902208,24H
V4_BASE,BICO/USDT,2026-08-07T04:00:00+00:00,2026-08-08T04:00:00+00:00,0.03926,0.06035,84.00000000,76.00000000,100.00000000,0.10000000,0.15371880,53.71879776,53.46507896,53.46507896,24H
V4_BASE,OPN/USDT,2026-08-07T04:00:00+00:00,2026-08-08T04:00:00+00:00,0.0537,0.0543,84.00000000,84.00000000,100.00000000,0.10000000,0.10111732,1.11731844,0.91620112,0.91620112,24H
V4_BASE,ENA/USDT,2026-08-07T09:00:00+00:00,2026-08-08T09:00:00+00:00,0.0961,0.0911,95.00000000,100.00000000,100.00000000,0.10000000,0.09479709,-5.20291363,-5.39771072,-5.39771072,24H
V4_BASE,BTC/USDT,2026-08-07T09:00:00+00:00,2026-08-08T09:00:00+00:00,64839.32,64994.31,90.00000000,95.00000000,100.00000000,0.10000000,0.10023904,0.23903705,0.03879802,0.03879802,24H
V4_BASE,ETH/USDT,2026-08-07T09:00:00+00:00,2026-08-08T09:00:00+00:00,1913.04,1918.95,90.00000000,95.00000000,100.00000000,0.10000000,0.10030893,0.30893238,0.10862345,0.10862345,24H
V4_BASE,ALPINE/USDT,2026-08-07T13:00:00+00:00,2026-08-08T13:00:00+00:00,0.324,0.322,90.00000000,95.00000000,100.00000000,0.10000000,0.09938272,-0.61728395,-0.81666667,-0.81666667,24H
V4_BASE,SPCXB/USDT,2026-08-07T13:00:00+00:00,2026-08-08T13:00:00+00:00,120.57,133.23,90.00000000,100.00000000,100.00000000,0.10000000,0.11050012,10.50012441,10.28962428,10.28962428,24H
V4_BASE,GPS/USDT,2026-08-07T16:00:00+00:00,2026-08-08T16:00:00+00:00,0.00987,0.00982,90.00000000,95.00000000,100.00000000,0.10000000,0.09949341,-0.50658561,-0.70607903,-0.70607903,24H
V4_BASE,BMT/USDT,2026-08-08T02:00:00+00:00,2026-08-09T02:00:00+00:00,0.01269,0.01353,78.00000000,65.00000000,100.00000000,0.10000000,0.10661939,6.61938534,6.41276596,6.41276596,24H
V4_BASE,OPN/USDT,2026-08-08T04:00:00+00:00,2026-08-09T04:00:00+00:00,0.0543,0.0539,89.00000000,88.00000000,100.00000000,0.10000000,0.09926335,-0.73664825,-0.93591160,-0.93591160,24H
V4_BASE,MUBARAK/USDT,2026-08-08T04:00:00+00:00,2026-08-09T04:00:00+00:00,0.01436,0.01668,87.00000000,86.00000000,100.00000000,0.10000000,0.11615599,16.15598886,15.93983287,15.93983287,24H
V4_BASE,SOL/USDT,2026-08-08T04:00:00+00:00,2026-08-09T04:00:00+00:00,74.64,75.98,87.00000000,86.00000000,100.00000000,0.10000000,0.10179528,1.79528403,1.59348875,1.59348875,24H
V4_BASE,RARE/USDT,2026-08-08T09:00:00+00:00,2026-08-09T09:00:00+00:00,0.0125,0.01321,93.00000000,98.00000000,100.00000000,0.10000000,0.10568000,5.68000000,5.47432000,5.47432000,24H
V4_BASE,TREE/USDT,2026-08-08T09:00:00+00:00,2026-08-09T09:00:00+00:00,0.0367,0.0378,93.00000000,98.00000000,100.00000000,0.10000000,0.10299728,2.99727520,2.79427793,2.79427793,24H
V4_BASE,BEL/USDT,2026-08-08T09:00:00+00:00,2026-08-09T09:00:00+00:00,0.1031,0.1096,87.00000000,86.00000000,100.00000000,0.10000000,0.10630456,6.30455868,6.09825412,6.09825412,24H
V4_BASE,HEMI/USDT,2026-08-08T13:00:00+00:00,2026-08-09T13:00:00+00:00,0.00539,0.00556,93.00000000,98.00000000,100.00000000,0.10000000,0.10315399,3.15398887,2.95083488,2.95083488,24H
V4_BASE,ACE/USDT,2026-08-08T13:00:00+00:00,2026-08-09T13:00:00+00:00,0.117,0.1253,89.00000000,80.00000000,100.00000000,0.10000000,0.10709402,7.09401709,6.88692308,6.88692308,24H
V4_BASE,ONG/USDT,2026-08-08T16:00:00+00:00,2026-08-09T16:00:00+00:00,0.04311,0.04355,90.00000000,95.00000000,100.00000000,0.10000000,0.10102064,1.02064486,0.81962422,0.81962422,24H
V4_BASE,PUMP/USDT,2026-08-09T02:00:00+00:00,2026-08-10T02:00:00+00:00,0.002477,0.002703,87.00000000,92.00000000,100.00000000,0.10000000,0.10912394,9.12394025,8.91481631,8.91481631,24H
V4_BASE,EURI/USDT,2026-08-09T04:00:00+00:00,2026-08-10T04:00:00+00:00,1.1559,1.1554,84.00000000,84.00000000,100.00000000,0.10000000,0.09995674,-0.04325634,-0.24321308,-0.24321308,24H
V4_BASE,PORTAL/USDT,2026-08-09T04:00:00+00:00,2026-08-10T04:00:00+00:00,0.0118,0.01148,82.00000000,82.00000000,100.00000000,0.10000000,0.09728814,-2.71186441,-2.90915254,-2.90915254,24H
V4_BASE,SPCXB/USDT,2026-08-09T04:00:00+00:00,2026-08-10T04:00:00+00:00,137.4,133.82,82.00000000,82.00000000,100.00000000,0.10000000,0.09739447,-2.60553130,-2.80292576,-2.80292576,24H
V4_BASE,MUBARAK/USDT,2026-08-09T09:00:00+00:00,2026-08-10T09:00:00+00:00,0.01897,0.02063,95.00000000,92.00000000,100.00000000,0.10000000,0.10875066,8.75065894,8.54190828,8.54190828,24H
V4_BASE,ZEC/USDT,2026-08-09T09:00:00+00:00,2026-08-10T09:00:00+00:00,521.11,504.51,95.00000000,100.00000000,100.00000000,0.10000000,0.09681449,-3.18550786,-3.38232235,-3.38232235,24H
V4_BASE,BEL/USDT,2026-08-09T09:00:00+00:00,2026-08-10T09:00:00+00:00,0.1096,0.1069,90.00000000,95.00000000,100.00000000,0.10000000,0.09753650,-2.46350365,-2.66104015,-2.66104015,24H
V4_BASE,HEMI/USDT,2026-08-09T13:00:00+00:00,2026-08-10T13:00:00+00:00,0.00556,0.0053,95.00000000,100.00000000,100.00000000,0.10000000,0.09532374,-4.67625899,-4.87158273,-4.87158273,24H
V4_BASE,BNB/USDT,2026-08-09T13:00:00+00:00,2026-08-10T13:00:00+00:00,607.44,600.23,90.00000000,95.00000000,100.00000000,0.10000000,0.09881305,-1.18694851,-1.38576156,-1.38576156,24H
V4_BASE,CRCLB/USDT,2026-08-09T16:00:00+00:00,2026-08-10T16:00:00+00:00,68.32,65.86,90.00000000,95.00000000,100.00000000,0.10000000,0.09639930,-3.60070258,-3.79710187,-3.79710187,24H
V4_BASE,EDEN/USDT,2026-08-10T02:00:00+00:00,2026-08-11T02:00:00+00:00,0.04511,0.04334,95.00000000,100.00000000,100.00000000,0.10000000,0.09607626,-3.92374196,-4.11981822,-4.11981822,24H
V4_BASE,TREE/USDT,2026-08-10T04:00:00+00:00,2026-08-11T04:00:00+00:00,0.0377,0.0364,90.00000000,95.00000000,100.00000000,0.10000000,0.09655172,-3.44827586,-3.64482759,-3.64482759,24H
V4_BASE,OPN/USDT,2026-08-10T04:00:00+00:00,2026-08-11T04:00:00+00:00,0.0535,0.0515,87.00000000,86.00000000,100.00000000,0.10000000,0.09626168,-3.73831776,-3.93457944,-3.93457944,24H
V4_BASE,PLUME/USDT,2026-08-10T04:00:00+00:00,2026-08-11T04:00:00+00:00,0.01223,0.01212,87.00000000,86.00000000,100.00000000,0.10000000,0.09910057,-0.89942764,-1.09852821,-1.09852821,24H
V4_BASE,SPCXB/USDT,2026-08-10T09:00:00+00:00,2026-08-11T09:00:00+00:00,136.24,136.9,93.00000000,98.00000000,100.00000000,0.10000000,0.10048444,0.48443922,0.28395479,0.28395479,24H
V4_BASE,WLD/USDT,2026-08-10T09:00:00+00:00,2026-08-11T09:00:00+00:00,0.343,0.3358,90.00000000,95.00000000,100.00000000,0.10000000,0.09790087,-2.09912536,-2.29702624,-2.29702624,24H
V4_BASE,RE/USDT,2026-08-10T09:00:00+00:00,2026-08-11T09:00:00+00:00,0.4222,0.4188,89.00000000,89.00000000,100.00000000,0.10000000,0.09919469,-0.80530554,-1.00450024,-1.00450024,24H
V4_BASE,PORTAL/USDT,2026-08-10T13:00:00+00:00,2026-08-11T13:00:00+00:00,0.01159,0.01152,93.00000000,98.00000000,100.00000000,0.10000000,0.09939603,-0.60396894,-0.80336497,-0.80336497,24H
V4_BASE,TRX/USDT,2026-08-10T13:00:00+00:00,2026-08-11T13:00:00+00:00,0.3309,0.3358,87.00000000,87.00000000,100.00000000,0.10000000,0.10148081,1.48080991,1.27932910,1.27932910,24H
V4_BASE,ALLO/USDT,2026-08-10T16:00:00+00:00,2026-08-11T16:00:00+00:00,0.3267,0.3025,95.00000000,100.00000000,100.00000000,0.10000000,0.09259259,-7.40740741,-7.60000000,-7.60000000,24H
V4_BASE,LINK/USDT,2026-08-11T02:00:00+00:00,2026-08-12T02:00:00+00:00,8.412,8.743,90.00000000,95.00000000,100.00000000,0.10000000,0.10393485,3.93485497,3.73092011,3.73092011,24H
V4_BASE,TRUMP/USDT,2026-08-11T04:00:00+00:00,2026-08-12T04:00:00+00:00,1.53,1.487,92.00000000,97.00000000,100.00000000,0.10000000,0.09718954,-2.81045752,-3.00764706,-3.00764706,24H
V4_BASE,ENA/USDT,2026-08-11T04:00:00+00:00,2026-08-12T04:00:00+00:00,0.0903,0.0898,90.00000000,95.00000000,100.00000000,0.10000000,0.09944629,-0.55370986,-0.75315615,-0.75315615,24H
V4_BASE,PUMP/USDT,2026-08-11T04:00:00+00:00,2026-08-12T04:00:00+00:00,0.00281,0.002783,84.00000000,84.00000000,100.00000000,0.10000000,0.09903915,-0.96085409,-1.15989324,-1.15989324,24H
V4_BASE,BNB/USDT,2026-08-11T09:00:00+00:00,2026-08-12T09:00:00+00:00,607.19,613.7,87.00000000,86.00000000,100.00000000,0.10000000,0.10107215,1.07215204,0.87107989,0.87107989,24H
V4_BASE,DOGE/USDT,2026-08-11T09:00:00+00:00,2026-08-12T09:00:00+00:00,0.07059,0.07204,84.00000000,84.00000000,100.00000000,0.10000000,0.10205412,2.05411531,1.85206120,1.85206120,24H
V4_BASE,EDEN/USDT,2026-08-11T09:00:00+00:00,2026-08-12T09:00:00+00:00,0.04421,0.04442,84.00000000,83.00000000,100.00000000,0.10000000,0.10047501,0.47500565,0.27453065,0.27453065,24H
V4_BASE,GIGGLE/USDT,2026-08-11T13:00:00+00:00,2026-08-12T13:00:00+00:00,36.39,35.02,95.00000000,100.00000000,100.00000000,0.10000000,0.09623523,-3.76477054,-3.96100577,-3.96100577,24H
V4_BASE,KORUB/USDT,2026-08-11T13:00:00+00:00,2026-08-12T13:00:00+00:00,17.76,20,95.00000000,100.00000000,100.00000000,0.10000000,0.11261261,12.61261261,12.40000000,12.40000000,24H
V4_BASE,CRCLB/USDT,2026-08-11T16:00:00+00:00,2026-08-12T16:00:00+00:00,71.09,70.03,84.00000000,88.00000000,100.00000000,0.10000000,0.09850893,-1.49106766,-1.68957659,-1.68957659,24H
V4_BASE,WLD/USDT,2026-08-12T02:00:00+00:00,2026-08-13T02:00:00+00:00,0.3452,0.3303,95.00000000,100.00000000,100.00000000,0.10000000,0.09568366,-4.31633835,-4.51202202,-4.51202202,24H
V4_BASE,RE/USDT,2026-08-12T04:00:00+00:00,2026-08-13T04:00:00+00:00,0.436,0.4388,90.00000000,95.00000000,100.00000000,0.10000000,0.10064220,0.64220183,0.44155963,0.44155963,24H
V4_BASE,GRAM/USDT,2026-08-12T04:00:00+00:00,2026-08-13T04:00:00+00:00,1.361,1.338,81.00000000,80.00000000,100.00000000,0.10000000,0.09831007,-1.68993387,-1.88824394,-1.88824394,24H
V4_BASE,NEAR/USDT,2026-08-12T04:00:00+00:00,2026-08-13T04:00:00+00:00,1.659,1.668,78.00000000,77.00000000,100.00000000,0.10000000,0.10054250,0.54249548,0.34195298,0.34195298,24H
V4_BASE,GPS/USDT,2026-08-12T09:00:00+00:00,2026-08-13T09:00:00+00:00,0.00981,0.01014,90.00000000,100.00000000,100.00000000,0.10000000,0.10336391,3.36391437,3.16055046,3.16055046,24H
V4_BASE,SOL/USDT,2026-08-12T09:00:00+00:00,2026-08-13T09:00:00+00:00,76.75,76.16,87.00000000,87.00000000,100.00000000,0.10000000,0.09923127,-0.76872964,-0.96796091,-0.96796091,24H
V4_BASE,PAXG/USDT,2026-08-12T09:00:00+00:00,2026-08-13T09:00:00+00:00,4413.47,4383.36,84.00000000,83.00000000,100.00000000,0.10000000,0.09931777,-0.68222963,-0.88154740,-0.88154740,24H
V4_BASE,RARE/USDT,2026-08-12T13:00:00+00:00,2026-08-13T13:00:00+00:00,0.01377,0.01205,95.00000000,92.00000000,100.00000000,0.10000000,0.08750908,-12.49092229,-12.67843137,-12.67843137,24H
V4_BASE,XAUT/USDT,2026-08-12T13:00:00+00:00,2026-08-13T13:00:00+00:00,4408.44,4356.46,87.00000000,87.00000000,100.00000000,0.10000000,0.09882090,-1.17910190,-1.37792280,-1.37792280,24H
V4_BASE,EDEN/USDT,2026-08-12T16:00:00+00:00,2026-08-13T16:00:00+00:00,0.04516,0.04981,93.00000000,98.00000000,100.00000000,0.10000000,0.11029672,10.29672276,10.08642604,10.08642604,24H
V4_BASE,PUMP/USDT,2026-08-13T02:00:00+00:00,2026-08-14T02:00:00+00:00,0.002755,0.002974,87.00000000,86.00000000,100.00000000,0.10000000,0.10794918,7.94918330,7.74123412,7.74123412,24H
V4_BASE,AVAX/USDT,2026-08-13T04:00:00+00:00,2026-08-14T04:00:00+00:00,6.505,6.433,86.00000000,86.00000000,100.00000000,0.10000000,0.09889316,-1.10684089,-1.30573405,-1.30573405,24H
V4_BASE,LINK/USDT,2026-08-13T04:00:00+00:00,2026-08-14T04:00:00+00:00,8.756,8.795,82.00000000,82.00000000,100.00000000,0.10000000,0.10044541,0.44540886,0.24496345,0.24496345,24H
V4_BASE,NEAR/USDT,2026-08-13T04:00:00+00:00,2026-08-14T04:00:00+00:00,1.668,1.608,81.00000000,80.00000000,100.00000000,0.10000000,0.09640288,-3.59712230,-3.79352518,-3.79352518,24H
V4_BASE,RE/USDT,2026-08-13T09:00:00+00:00,2026-08-14T09:00:00+00:00,0.4494,0.4391,95.00000000,100.00000000,100.00000000,0.10000000,0.09770806,-2.29194482,-2.48965287,-2.48965287,24H
V4_BASE,WLD/USDT,2026-08-13T09:00:00+00:00,2026-08-14T09:00:00+00:00,0.3466,0.3357,95.00000000,100.00000000,100.00000000,0.10000000,0.09685516,-3.14483555,-3.34169071,-3.34169071,24H
V4_BASE,HOME/USDT,2026-08-13T09:00:00+00:00,2026-08-14T09:00:00+00:00,0.01054,0.01119,92.00000000,97.00000000,100.00000000,0.10000000,0.10616698,6.16698292,5.96081594,5.96081594,24H
V4_BASE,CRCLB/USDT,2026-08-13T13:00:00+00:00,2026-08-14T13:00:00+00:00,72.36,72.9,93.00000000,98.00000000,100.00000000,0.10000000,0.10074627,0.74626866,0.54552239,0.54552239,24H
V4_BASE,MUB/USDT,2026-08-13T13:00:00+00:00,2026-08-14T13:00:00+00:00,939.46,968.83,90.00000000,100.00000000,100.00000000,0.10000000,0.10312626,3.12626402,2.92313776,2.92313776,24H
V4_BASE,ACE/USDT,2026-08-13T16:00:00+00:00,2026-08-14T16:00:00+00:00,0.1154,0.2874,95.00000000,100.00000000,100.00000000,0.10000000,0.24904679,149.04679376,148.69774697,148.69774697,24H
V4_BASE,PUMP/USDT,2026-08-14T02:00:00+00:00,2026-08-15T02:00:00+00:00,0.002974,0.002775,87.00000000,86.00000000,100.00000000,0.10000000,0.09330868,-6.69132482,-6.88463349,-6.88463349,24H
V4_BASE,USDC/USDT,2026-08-14T04:00:00+00:00,2026-08-15T04:00:00+00:00,1.00088,1.00088,87.00000000,87.00000000,100.00000000,0.10000000,0.10000000,0.00000000,-0.20000000,-0.20000000,24H
V4_BASE,PLUME/USDT,2026-08-14T04:00:00+00:00,2026-08-15T04:00:00+00:00,0.01283,0.01319,84.00000000,88.00000000,100.00000000,0.10000000,0.10280592,2.80592362,2.60311769,2.60311769,24H
V4_BASE,EWYB/USDT,2026-08-14T04:00:00+00:00,2026-08-15T04:00:00+00:00,179.45,179.71,81.00000000,80.00000000,100.00000000,0.10000000,0.10014489,0.14488716,-0.05525773,-0.05525773,24H
V4_BASE,KORUB/USDT,2026-08-14T09:00:00+00:00,2026-08-15T09:00:00+00:00,22.26,21.65,89.00000000,88.00000000,100.00000000,0.10000000,0.09725966,-2.74034142,-2.93760108,-2.93760108,24H
V4_BASE,RLUSD/USDT,2026-08-14T09:00:00+00:00,2026-08-15T09:00:00+00:00,1.0011,1.0013,87.00000000,87.00000000,100.00000000,0.10000000,0.10001998,0.01997802,-0.18004195,-0.18004195,24H
V4_BASE,SOXLB/USDT,2026-08-14T09:00:00+00:00,2026-08-15T09:00:00+00:00,146.06,143.94,87.00000000,86.00000000,100.00000000,0.10000000,0.09854854,-1.45145830,-1.65000685,-1.65000685,24H
V4_BASE,WLD/USDT,2026-08-14T13:00:00+00:00,2026-08-15T13:00:00+00:00,0.3427,0.343,95.00000000,100.00000000,100.00000000,0.10000000,0.10008754,0.08754012,-0.11254742,-0.11254742,24H
V4_BASE,SKHYB/USDT,2026-08-14T13:00:00+00:00,2026-08-15T13:00:00+00:00,168.87,166.82,88.00000000,93.00000000,100.00000000,0.10000000,0.09878605,-1.21395156,-1.41273761,-1.41273761,24H
V4_BASE,LINK/USDT,2026-08-14T16:00:00+00:00,2026-08-15T16:00:00+00:00,8.877,9.614,84.00000000,84.00000000,100.00000000,0.10000000,0.10830235,8.30235440,8.09405204,8.09405204,24H
V4_BASE,RE/USDT,2026-08-15T02:00:00+00:00,2026-08-16T02:00:00+00:00,0.4571,0.4625,89.00000000,88.00000000,100.00000000,0.10000000,0.10118136,1.18136075,0.98017939,0.98017939,24H
V4_BASE,PLUME/USDT,2026-08-15T04:00:00+00:00,2026-08-16T04:00:00+00:00,0.01319,0.01304,89.00000000,88.00000000,100.00000000,0.10000000,0.09886277,-1.13722517,-1.33608795,-1.33608795,24H
V4_BASE,AVAX/USDT,2026-08-15T04:00:00+00:00,2026-08-16T04:00:00+00:00,6.723,6.343,87.00000000,92.00000000,100.00000000,0.10000000,0.09434776,-5.65223858,-5.84658635,-5.84658635,24H
V4_BASE,CHIP/USDT,2026-08-15T04:00:00+00:00,2026-08-16T04:00:00+00:00,0.02425,0.02848,84.00000000,89.00000000,100.00000000,0.10000000,0.11744330,17.44329897,17.22585567,17.22585567,24H
V4_BASE,HEMI/USDT,2026-08-15T09:00:00+00:00,2026-08-16T09:00:00+00:00,0.00533,0.00847,89.00000000,89.00000000,100.00000000,0.10000000,0.15891182,58.91181989,58.65290807,58.65290807,24H
V4_BASE,U/USDT,2026-08-15T09:00:00+00:00,2026-08-16T09:00:00+00:00,1.0005,1.0004,84.00000000,84.00000000,100.00000000,0.10000000,0.09999000,-0.00999500,-0.20998501,-0.20998501,24H
V4_BASE,BNB/USDT,2026-08-15T09:00:00+00:00,2026-08-16T09:00:00+00:00,611.88,607.33,81.00000000,80.00000000,100.00000000,0.10000000,0.09925639,-0.74360986,-0.94286625,-0.94286625,24H
V4_BASE,OPN/USDT,2026-08-15T13:00:00+00:00,2026-08-16T13:00:00+00:00,0.0498,0.0528,89.00000000,89.00000000,100.00000000,0.10000000,0.10602410,6.02409639,5.81807229,5.81807229,24H
V4_BASE,USDC/USDT,2026-08-15T13:00:00+00:00,2026-08-16T13:00:00+00:00,1.00093,1.00096,87.00000000,87.00000000,100.00000000,0.10000000,0.10000300,0.00299721,-0.19700578,-0.19700578,24H
V4_BASE,WLD/USDT,2026-08-15T16:00:00+00:00,2026-08-16T16:00:00+00:00,0.3483,0.3694,93.00000000,98.00000000,100.00000000,0.10000000,0.10605800,6.05799598,5.85193798,5.85193798,24H
V4_BASE,WLFI/USDT,2026-08-16T02:00:00+00:00,2026-08-17T02:00:00+00:00,0.0584,0.0599,92.00000000,97.00000000,100.00000000,0.10000000,0.10256849,2.56849315,2.36592466,2.36592466,24H
V4_BASE,GPS/USDT,2026-08-16T04:00:00+00:00,2026-08-17T04:00:00+00:00,0.01072,0.01492,93.00000000,98.00000000,100.00000000,0.10000000,0.13917910,39.17910448,38.93992537,38.93992537,24H
V4_BASE,XPL/USDT,2026-08-16T04:00:00+00:00,2026-08-17T04:00:00+00:00,0.07784,0.07604,89.00000000,89.00000000,100.00000000,0.10000000,0.09768756,-2.31243577,-2.51012333,-2.51012333,24H
V4_BASE,SNXXB/USDT,2026-08-16T04:00:00+00:00,2026-08-17T04:00:00+00:00,16.65,17.81,88.00000000,93.00000000,100.00000000,0.10000000,0.10696697,6.96696697,6.76000000,6.76000000,24H
V4_BASE,BEL/USDT,2026-08-16T09:00:00+00:00,2026-08-17T09:00:00+00:00,0.1072,0.1096,93.00000000,98.00000000,100.00000000,0.10000000,0.10223881,2.23880597,2.03656716,2.03656716,24H
V4_BASE,CHIP/USDT,2026-08-16T09:00:00+00:00,2026-08-17T09:00:00+00:00,0.02897,0.03045,92.00000000,97.00000000,100.00000000,0.10000000,0.10510873,5.10873317,4.90362444,4.90362444,24H
V4_BASE,PLUME/USDT,2026-08-16T09:00:00+00:00,2026-08-17T09:00:00+00:00,0.01306,0.01256,90.00000000,95.00000000,100.00000000,0.10000000,0.09617152,-3.82848392,-4.02465544,-4.02465544,24H
V4_BASE,USD1/USDT,2026-08-16T13:00:00+00:00,2026-08-17T13:00:00+00:00,1.0002,1.00002,81.00000000,81.00000000,100.00000000,0.10000000,0.09998200,-0.01799640,-0.21797840,-0.21797840,24H
V4_BASE,ONG/USDT,2026-08-16T13:00:00+00:00,2026-08-17T13:00:00+00:00,0.051,0.05813,79.00000000,66.00000000,100.00000000,0.10000000,0.11398039,13.98039216,13.76641176,13.76641176,24H
V4_BASE,EUR/USDT,2026-08-16T16:00:00+00:00,2026-08-17T16:00:00+00:00,1.1575,1.1599,87.00000000,87.00000000,100.00000000,0.10000000,0.10020734,0.20734341,0.00713607,0.00713607,24H
V4_BASE,KORUB/USDT,2026-08-17T02:00:00+00:00,2026-08-18T02:00:00+00:00,22.24,21.77,93.00000000,98.00000000,100.00000000,0.10000000,0.09788669,-2.11330935,-2.31119604,-2.31119604,24H
V4_BASE,MUBARAK/USDT,2026-08-17T04:00:00+00:00,2026-08-18T04:00:00+00:00,0.01826,0.01632,90.00000000,100.00000000,100.00000000,0.10000000,0.08937568,-10.62431544,-10.81369113,-10.81369113,24H
V4_BASE,ZEC/USDT,2026-08-17T04:00:00+00:00,2026-08-18T04:00:00+00:00,492,510.08,87.00000000,87.00000000,100.00000000,0.10000000,0.10367480,3.67479675,3.47112195,3.47112195,24H
V4_BASE,MUB/USDT,2026-08-17T04:00:00+00:00,2026-08-18T04:00:00+00:00,993.45,994.06,85.00000000,90.00000000,100.00000000,0.10000000,0.10006140,0.06140218,-0.13865922,-0.13865922,24H
V4_BASE,POL/USDT,2026-08-17T09:00:00+00:00,2026-08-18T09:00:00+00:00,0.07592,0.08099,93.00000000,98.00000000,100.00000000,0.10000000,0.10667808,6.67808219,6.47140411,6.47140411,24H
V4_BASE,RARE/USDT,2026-08-17T09:00:00+00:00,2026-08-18T09:00:00+00:00,0.01289,0.01201,89.00000000,89.00000000,100.00000000,0.10000000,0.09317300,-6.82699767,-7.02017067,-7.02017067,24H
V4_BASE,USDC/USDT,2026-08-17T09:00:00+00:00,2026-08-18T09:00:00+00:00,1.00095,1.00089,87.00000000,87.00000000,100.00000000,0.10000000,0.09999401,-0.00599431,-0.20598831,-0.20598831,24H
V4_BASE,CRCLB/USDT,2026-08-17T13:00:00+00:00,2026-08-18T13:00:00+00:00,74.22,72.38,90.00000000,100.00000000,100.00000000,0.10000000,0.09752088,-2.47911614,-2.67663703,-2.67663703,24H
V4_BASE,SNDKB/USDT,2026-08-17T13:00:00+00:00,2026-08-18T13:00:00+00:00,1780.29,1675.37,90.00000000,100.00000000,100.00000000,0.10000000,0.09410658,-5.89342186,-6.08752844,-6.08752844,24H
V4_BASE,HEMI/USDT,2026-08-17T16:00:00+00:00,2026-08-18T16:00:00+00:00,0.00717,0.0066,92.00000000,97.00000000,100.00000000,0.10000000,0.09205021,-7.94979079,-8.14184100,-8.14184100,24H
V4_BASE,OPN/USDT,2026-08-18T02:00:00+00:00,2026-08-19T02:00:00+00:00,0.0541,0.0557,95.00000000,100.00000000,100.00000000,0.10000000,0.10295749,2.95748614,2.75452865,2.75452865,24H
V4_BASE,ONG/USDT,2026-08-18T04:00:00+00:00,2026-08-19T04:00:00+00:00,0.05716,0.05948,89.00000000,88.00000000,100.00000000,0.10000000,0.10405878,4.05878237,3.85472358,3.85472358,24H
V4_BASE,EDEN/USDT,2026-08-18T04:00:00+00:00,2026-08-19T04:00:00+00:00,0.04871,0.05201,87.00000000,79.00000000,100.00000000,0.10000000,0.10677479,6.77478957,6.56801478,6.56801478,24H
V4_BASE,FDUSD/USDT,2026-08-18T04:00:00+00:00,2026-08-19T04:00:00+00:00,0.998,0.9979,78.00000000,73.00000000,100.00000000,0.10000000,0.09998998,-0.01002004,-0.21001002,-0.21001002,24H
V4_BASE,ACE/USDT,2026-08-18T09:00:00+00:00,2026-08-19T09:00:00+00:00,0.1882,0.2349,89.00000000,80.00000000,100.00000000,0.10000000,0.12481403,24.81402763,24.58921360,24.58921360,24H
V4_BASE,POL/USDT,2026-08-18T09:00:00+00:00,2026-08-19T09:00:00+00:00,0.08099,0.08153,89.00000000,88.00000000,100.00000000,0.10000000,0.10066675,0.66674898,0.46608223,0.46608223,24H
V4_BASE,ARB/USDT,2026-08-18T09:00:00+00:00,2026-08-19T09:00:00+00:00,0.0755,0.077,87.00000000,87.00000000,100.00000000,0.10000000,0.10198675,1.98675497,1.78476821,1.78476821,24H
V4_BASE,BTC/USDT,2026-08-18T13:00:00+00:00,2026-08-19T13:00:00+00:00,64219.99,65012.12,87.00000000,87.00000000,100.00000000,0.10000000,0.10123346,1.23346329,1.03222982,1.03222982,24H
V4_BASE,EUR/USDT,2026-08-18T13:00:00+00:00,2026-08-19T13:00:00+00:00,1.1594,1.1664,87.00000000,87.00000000,100.00000000,0.10000000,0.10060376,0.60376057,0.40315681,0.40315681,24H
V4_BASE,SPCXB/USDT,2026-08-18T16:00:00+00:00,2026-08-19T16:00:00+00:00,146.01,140.35,95.00000000,100.00000000,100.00000000,0.10000000,0.09612355,-3.87644682,-4.07257037,-4.07257037,24H
V4_BASE,MUBARAK/USDT,2026-08-19T04:00:00+00:00,2026-08-20T04:00:00+00:00,0.01709,0.02024,77.00000000,63.00000000,100.00000000,0.10000000,0.11843183,18.43183148,18.21339965,18.21339965,24H
V4_BASE,ENA/USDT,2026-08-19T04:00:00+00:00,2026-08-20T04:00:00+00:00,0.0839,0.0929,76.00000000,71.00000000,100.00000000,0.10000000,0.11072706,10.72705602,10.51632896,10.51632896,24H
V4_BASE,ARB/USDT,2026-08-19T09:00:00+00:00,2026-08-20T09:00:00+00:00,0.077,0.0892,84.00000000,84.00000000,100.00000000,0.10000000,0.11584416,15.84415584,15.62831169,15.62831169,24H
V4_BASE,RE/USDT,2026-08-19T09:00:00+00:00,2026-08-20T09:00:00+00:00,0.4022,0.5258,79.00000000,76.00000000,100.00000000,0.10000000,0.13073098,30.73097961,30.50024863,30.50024863,24H
V4_BASE,ONG/USDT,2026-08-19T04:00:00+00:00,2026-08-20T20:00:00+00:00,0.05948,0.17155,89.00000000,88.00000000,100.00000000,0.10000000,0.28841627,188.41627438,188.02785810,188.02785810,24H
V4_BASE,PUMP/USDT,2026-08-20T04:00:00+00:00,2026-08-21T04:00:00+00:00,0.003226,0.003902,72.00000000,67.00000000,100.00000000,0.10000000,0.12095474,20.95474272,20.73378797,20.73378797,24H
V4_BASE,ADA/USDT,2026-08-20T08:00:00+00:00,2026-08-21T08:00:00+00:00,0.1898,0.218,72.00000000,67.00000000,100.00000000,0.10000000,0.11485774,14.85774499,14.64288725,14.64288725,24H
V4_BASE,PEPE/USDT,2026-08-20T09:00:00+00:00,2026-08-21T09:00:00+00:00,3.09e-06,3.57e-06,75.00000000,70.00000000,100.00000000,0.10000000,0.11553398,15.53398058,15.31844660,15.31844660,24H
V4_BASE,XPL/USDT,2026-08-20T09:00:00+00:00,2026-08-21T09:00:00+00:00,0.08198,0.10098,73.00000000,68.00000000,100.00000000,0.10000000,0.12317638,23.17638448,22.95320810,22.95320810,24H
V4_BASE,TAO/USDT,2026-08-20T23:00:00+00:00,2026-08-21T23:00:00+00:00,214.9,229.9,72.00000000,67.00000000,100.00000000,0.10000000,0.10697999,6.97999069,6.77301070,6.77301070,24H
SL5,ACE/USDT,2026-07-18T15:00:00+00:00,2026-07-18T18:00:00+00:00,0.0729,0.0686,70.00000000,70.00000000,100.00000000,0.10000000,0.09410151,-5.89849108,-6.09259259,-6.09259259,STOP_LOSS
SL5,DEXE/USDT,2026-07-18T13:00:00+00:00,2026-07-19T06:00:00+00:00,36.519,34.466,75.00000000,70.00000000,100.00000000,0.10000000,0.09437827,-5.62173115,-5.81610942,-5.81610942,STOP_LOSS
SL5,CHIP/USDT,2026-07-18T13:00:00+00:00,2026-07-19T13:00:00+00:00,0.03159,0.03049,75.00000000,70.00000000,100.00000000,0.10000000,0.09651789,-3.48211459,-3.67863248,-3.67863248,24H
SL5,ONG/USDT,2026-07-18T13:00:00+00:00,2026-07-19T13:00:00+00:00,0.0472,0.0474,70.00000000,65.00000000,100.00000000,0.10000000,0.10042373,0.42372881,0.22330508,0.22330508,24H
SL5,ALLO/USDT,2026-07-18T14:00:00+00:00,2026-07-19T14:00:00+00:00,0.4592,0.4639,72.00000000,67.00000000,100.00000000,0.10000000,0.10102352,1.02351916,0.82249564,0.82249564,24H
SL5,ZEC/USDT,2026-07-18T16:00:00+00:00,2026-07-19T16:00:00+00:00,556.73,551.43,70.00000000,65.00000000,100.00000000,0.10000000,0.09904801,-0.95198750,-1.15103551,-1.15103551,24H
SL5,ETH/USDT,2026-07-18T18:00:00+00:00,2026-07-19T18:00:00+00:00,1857.54,1861.12,70.00000000,65.00000000,100.00000000,0.10000000,0.10019273,0.19272802,-0.00746471,-0.00746471,24H
SL5,TAO/USDT,2026-07-18T19:00:00+00:00,2026-07-19T19:00:00+00:00,195.9,197.1,70.00000000,65.00000000,100.00000000,0.10000000,0.10061256,0.61255743,0.41194487,0.41194487,24H
SL5,CRCLB/USDT,2026-07-19T01:00:00+00:00,2026-07-20T01:00:00+00:00,61.4,60.65,73.00000000,68.00000000,100.00000000,0.10000000,0.09877850,-1.22149837,-1.42027687,-1.42027687,24H
SL5,OPN/USDT,2026-07-19T02:00:00+00:00,2026-07-20T02:00:00+00:00,0.0637,0.0616,70.00000000,65.00000000,100.00000000,0.10000000,0.09670330,-3.29670330,-3.49340659,-3.49340659,24H
SL5,PEPE/USDT,2026-07-19T06:00:00+00:00,2026-07-20T06:00:00+00:00,2.8e-06,2.82e-06,73.00000000,68.00000000,100.00000000,0.10000000,0.10071429,0.71428571,0.51357143,0.51357143,24H
SL5,HEMI/USDT,2026-07-19T13:00:00+00:00,2026-07-20T13:00:00+00:00,0.00457,0.0053,75.00000000,70.00000000,100.00000000,0.10000000,0.11597374,15.97374179,15.75776805,15.75776805,24H
SL5,LTC/USDT,2026-07-19T13:00:00+00:00,2026-07-20T13:00:00+00:00,47.36,46.69,73.00000000,68.00000000,100.00000000,0.10000000,0.09858530,-1.41469595,-1.61328125,-1.61328125,24H
SL5,GPS/USDT,2026-07-19T14:00:00+00:00,2026-07-20T14:00:00+00:00,0.00908,0.00905,70.00000000,65.00000000,100.00000000,0.10000000,0.09966960,-0.33039648,-0.53006608,-0.53006608,24H
SL5,EDEN/USDT,2026-07-19T16:00:00+00:00,2026-07-20T16:00:00+00:00,0.04415,0.04281,70.00000000,65.00000000,100.00000000,0.10000000,0.09696489,-3.03510759,-3.23207248,-3.23207248,24H
SL5,ACE/USDT,2026-07-19T20:00:00+00:00,2026-07-20T20:00:00+00:00,0.0712,0.1206,70.00000000,70.00000000,100.00000000,0.10000000,0.16938202,69.38202247,69.11264045,69.11264045,24H
SL5,ALLO/USDT,2026-07-20T16:00:00+00:00,2026-07-20T20:00:00+00:00,0.4872,0.4611,75.00000000,70.00000000,100.00000000,0.10000000,0.09464286,-5.35714286,-5.55178571,-5.55178571,STOP_LOSS
SL5,EWYB/USDT,2026-07-19T22:00:00+00:00,2026-07-20T22:00:00+00:00,166.67,163.53,75.00000000,70.00000000,100.00000000,0.10000000,0.09811604,-1.88396232,-2.08207836,-2.08207836,24H
SL5,SOXLB/USDT,2026-07-20T13:00:00+00:00,2026-07-20T22:00:00+00:00,143.87,135.67,73.00000000,68.00000000,100.00000000,0.10000000,0.09430041,-5.69958991,-5.89389032,-5.89389032,STOP_LOSS
SL5,LINK/USDT,2026-07-20T01:00:00+00:00,2026-07-21T01:00:00+00:00,8.422,8.592,73.00000000,68.00000000,100.00000000,0.10000000,0.10201852,2.01852292,1.81650439,1.81650439,24H
SL5,HEMI/USDT,2026-07-20T21:00:00+00:00,2026-07-21T01:00:00+00:00,0.00721,0.00643,70.00000000,62.00000000,100.00000000,0.10000000,0.08918169,-10.81830791,-11.00748960,-11.00748960,STOP_LOSS
SL5,MSTRB/USDT,2026-07-20T02:00:00+00:00,2026-07-21T02:00:00+00:00,95.95,99.27,70.00000000,65.00000000,100.00000000,0.10000000,0.10346014,3.46013549,3.25667535,3.25667535,24H
SL5,DEXE/USDT,2026-07-21T00:00:00+00:00,2026-07-21T02:00:00+00:00,37.721,34.091,75.00000000,70.00000000,100.00000000,0.10000000,0.09037671,-9.62328676,-9.81366348,-9.81366348,STOP_LOSS
SL5,TUT/USDT,2026-07-20T06:00:00+00:00,2026-07-21T06:00:00+00:00,0.01337,0.0154,70.00000000,65.00000000,100.00000000,0.10000000,0.11518325,15.18324607,14.96806283,14.96806283,24H
SL5,NEAR/USDT,2026-07-20T13:00:00+00:00,2026-07-21T13:00:00+00:00,1.965,1.988,73.00000000,68.00000000,100.00000000,0.10000000,0.10117048,1.17048346,0.96931298,0.96931298,24H
SL5,CRCLB/USDT,2026-07-20T14:00:00+00:00,2026-07-21T14:00:00+00:00,63.12,69.88,70.00000000,70.00000000,100.00000000,0.10000000,0.11070976,10.70975919,10.49904943,10.49904943,24H
SL5,RARE/USDT,2026-07-20T20:00:00+00:00,2026-07-21T20:00:00+00:00,0.0128,0.0127,73.00000000,68.00000000,100.00000000,0.10000000,0.09921875,-0.78125000,-0.98046875,-0.98046875,24H
SL5,ADA/USDT,2026-07-20T21:00:00+00:00,2026-07-21T21:00:00+00:00,0.1699,0.173,70.00000000,65.00000000,100.00000000,0.10000000,0.10182460,1.82460271,1.62277810,1.62277810,24H
SL5,SOXLB/USDT,2026-07-21T00:00:00+00:00,2026-07-22T00:00:00+00:00,139.06,158.53,73.00000000,68.00000000,100.00000000,0.10000000,0.11400115,14.00115058,13.78714943,13.78714943,24H
SL5,RED/USDT,2026-07-21T01:00:00+00:00,2026-07-22T01:00:00+00:00,0.1032,0.1011,75.00000000,70.00000000,100.00000000,0.10000000,0.09796512,-2.03488372,-2.23284884,-2.23284884,24H
SL5,MUB/USDT,2026-07-21T01:00:00+00:00,2026-07-22T01:00:00+00:00,886.11,976.2,73.00000000,68.00000000,100.00000000,0.10000000,0.11016691,10.16690930,9.95674239,9.95674239,24H
SL5,EWYB/USDT,2026-07-21T02:00:00+00:00,2026-07-22T02:00:00+00:00,167.22,174.49,75.00000000,70.00000000,100.00000000,0.10000000,0.10434757,4.34756608,4.14321851,4.14321851,24H
SL5,BICO/USDT,2026-07-21T02:00:00+00:00,2026-07-22T02:00:00+00:00,0.01401,0.01386,72.00000000,67.00000000,100.00000000,0.10000000,0.09892934,-1.07066381,-1.26959315,-1.26959315,24H
SL5,SKHYB/USDT,2026-07-21T06:00:00+00:00,2026-07-22T06:00:00+00:00,160.21,163.65,72.00000000,67.00000000,100.00000000,0.10000000,0.10214718,2.14718182,1.94503464,1.94503464,24H
SL5,OPN/USDT,2026-07-22T05:00:00+00:00,2026-07-22T09:00:00+00:00,0.0695,0.0653,72.00000000,67.00000000,100.00000000,0.10000000,0.09395683,-6.04316547,-6.23712230,-6.23712230,STOP_LOSS
SL5,TUT/USDT,2026-07-22T04:00:00+00:00,2026-07-22T10:00:00+00:00,0.01524,0.01412,70.00000000,65.00000000,100.00000000,0.10000000,0.09265092,-7.34908136,-7.54173228,-7.54173228,STOP_LOSS
SL5,ALLO/USDT,2026-07-21T13:00:00+00:00,2026-07-22T13:00:00+00:00,0.4991,0.5038,75.00000000,70.00000000,100.00000000,0.10000000,0.10094170,0.94169505,0.74075336,0.74075336,24H
SL5,LTC/USDT,2026-07-21T14:00:00+00:00,2026-07-22T14:00:00+00:00,47.81,46.79,73.00000000,68.00000000,100.00000000,0.10000000,0.09786656,-2.13344489,-2.33131144,-2.33131144,24H
SL5,MSTRB/USDT,2026-07-21T21:00:00+00:00,2026-07-22T21:00:00+00:00,101.87,99.95,73.00000000,68.00000000,100.00000000,0.10000000,0.09811524,-1.88475508,-2.08287032,-2.08287032,24H
SL5,PORTAL/USDT,2026-07-21T22:00:00+00:00,2026-07-22T22:00:00+00:00,0.01106,0.01088,73.00000000,68.00000000,100.00000000,0.10000000,0.09837251,-1.62748644,-1.82585895,-1.82585895,24H
SL5,TREE/USDT,2026-07-22T00:00:00+00:00,2026-07-23T00:00:00+00:00,0.0388,0.0382,70.00000000,65.00000000,100.00000000,0.10000000,0.09845361,-1.54639175,-1.74484536,-1.74484536,24H
SL5,CHIP/USDT,2026-07-22T02:00:00+00:00,2026-07-23T02:00:00+00:00,0.0306,0.03026,70.00000000,65.00000000,100.00000000,0.10000000,0.09888889,-1.11111111,-1.31000000,-1.31000000,24H
SL5,BICO/USDT,2026-07-22T03:00:00+00:00,2026-07-23T03:00:00+00:00,0.01388,0.01377,73.00000000,68.00000000,100.00000000,0.10000000,0.09920749,-0.79250720,-0.99171470,-0.99171470,24H
SL5,BEL/USDT,2026-07-22T06:00:00+00:00,2026-07-23T06:00:00+00:00,0.1042,0.1018,70.00000000,65.00000000,100.00000000,0.10000000,0.09769674,-2.30326296,-2.50095969,-2.50095969,24H
SL5,PLUME/USDT,2026-07-22T09:00:00+00:00,2026-07-23T06:00:00+00:00,0.01178,0.01111,73.00000000,68.00000000,100.00000000,0.10000000,0.09431239,-5.68760611,-5.88191851,-5.88191851,STOP_LOSS
SL5,ONDO/USDT,2026-07-22T10:00:00+00:00,2026-07-23T10:00:00+00:00,0.4109,0.4035,75.00000000,70.00000000,100.00000000,0.10000000,0.09819908,-1.80092480,-1.99912387,-1.99912387,24H
SL5,AAVE/USDT,2026-07-22T13:00:00+00:00,2026-07-23T13:00:00+00:00,97.91,96.11,75.00000000,70.00000000,100.00000000,0.10000000,0.09816158,-1.83842304,-2.03658462,-2.03658462,24H
SL5,SKHYB/USDT,2026-07-22T14:00:00+00:00,2026-07-23T14:00:00+00:00,166.79,172.97,75.00000000,70.00000000,100.00000000,0.10000000,0.10370526,3.70525811,3.50155285,3.50155285,24H
SL5,OPN/USDT,2026-07-23T06:00:00+00:00,2026-07-23T15:00:00+00:00,0.0718,0.0669,73.00000000,68.00000000,100.00000000,0.10000000,0.09317549,-6.82451253,-7.01768802,-7.01768802,STOP_LOSS
SL5,EDEN/USDT,2026-07-23T01:00:00+00:00,2026-07-23T16:00:00+00:00,0.04409,0.04165,73.00000000,68.00000000,100.00000000,0.10000000,0.09446587,-5.53413472,-5.72860059,-5.72860059,STOP_LOSS
SL5,WLFI/USDT,2026-07-23T07:00:00+00:00,2026-07-23T22:00:00+00:00,0.0616,0.0577,70.00000000,70.00000000,100.00000000,0.10000000,0.09366883,-6.33116883,-6.52483766,-6.52483766,STOP_LOSS
SL5,SNDKB/USDT,2026-07-23T16:00:00+00:00,2026-07-24T02:00:00+00:00,1667.76,1576.22,72.00000000,67.00000000,100.00000000,0.10000000,0.09451120,-5.48879935,-5.68331055,-5.68331055,STOP_LOSS
SL5,SOXLB/USDT,2026-07-23T20:00:00+00:00,2026-07-24T02:00:00+00:00,162.95,151.66,75.00000000,70.00000000,100.00000000,0.10000000,0.09307149,-6.92850568,-7.12157717,-7.12157717,STOP_LOSS
SL5,GRAM/USDT,2026-07-23T03:00:00+00:00,2026-07-24T03:00:00+00:00,1.516,1.455,73.00000000,68.00000000,100.00000000,0.10000000,0.09597625,-4.02374670,-4.21972296,-4.21972296,24H
SL5,BMT/USDT,2026-07-23T05:00:00+00:00,2026-07-24T05:00:00+00:00,0.01262,0.01228,70.00000000,70.00000000,100.00000000,0.10000000,0.09730586,-2.69413629,-2.89144216,-2.89144216,24H
SL5,TRUMP/USDT,2026-07-23T06:00:00+00:00,2026-07-24T06:00:00+00:00,1.622,1.6,73.00000000,68.00000000,100.00000000,0.10000000,0.09864365,-1.35635018,-1.55499383,-1.55499383,24H
SL5,ENA/USDT,2026-07-23T07:00:00+00:00,2026-07-24T07:00:00+00:00,0.092,0.0906,70.00000000,65.00000000,100.00000000,0.10000000,0.09847826,-1.52173913,-1.72021739,-1.72021739,24H
SL5,OPN/USDT,2026-07-24T05:00:00+00:00,2026-07-24T08:00:00+00:00,0.0694,0.0627,75.00000000,70.00000000,100.00000000,0.10000000,0.09034582,-9.65417867,-9.84452450,-9.84452450,STOP_LOSS
SL5,KAITO/USDT,2026-07-23T10:00:00+00:00,2026-07-24T10:00:00+00:00,1.032,1.0396,75.00000000,70.00000000,100.00000000,0.10000000,0.10073643,0.73643411,0.53569767,0.53569767,24H
SL5,KAITO/USDT,2026-07-24T10:00:00+00:00,2026-07-24T12:00:00+00:00,1.0396,0.9876,73.00000000,68.00000000,100.00000000,0.10000000,0.09499808,-5.00192382,-5.19692189,-5.19692189,STOP_LOSS
SL5,PLUME/USDT,2026-07-23T13:00:00+00:00,2026-07-24T13:00:00+00:00,0.01146,0.01114,73.00000000,68.00000000,100.00000000,0.10000000,0.09720768,-2.79232112,-2.98952880,-2.98952880,24H
SL5,ALLO/USDT,2026-07-24T11:00:00+00:00,2026-07-24T14:00:00+00:00,0.5096,0.47,70.00000000,65.00000000,100.00000000,0.10000000,0.09222920,-7.77080063,-7.96302983,-7.96302983,STOP_LOSS
SL5,RE/USDT,2026-07-23T16:00:00+00:00,2026-07-24T16:00:00+00:00,0.5261,0.608,70.00000000,70.00000000,100.00000000,0.10000000,0.11556738,15.56738263,15.35181524,15.35181524,24H
SL5,HOME/USDT,2026-07-24T14:00:00+00:00,2026-07-24T18:00:00+00:00,0.00689,0.00654,72.00000000,67.00000000,100.00000000,0.10000000,0.09492017,-5.07982583,-5.27474601,-5.27474601,STOP_LOSS
SL5,HEI/USDT,2026-07-23T22:00:00+00:00,2026-07-24T22:00:00+00:00,0.1025,0.0989,70.00000000,70.00000000,100.00000000,0.10000000,0.09648780,-3.51219512,-3.70868293,-3.70868293,24H
SL5,XPL/USDT,2026-07-24T17:00:00+00:00,2026-07-25T03:00:00+00:00,0.08689,0.08214,75.00000000,70.00000000,100.00000000,0.10000000,0.09453332,-5.46668201,-5.66121533,-5.66121533,STOP_LOSS
SL5,UNI/USDT,2026-07-24T05:00:00+00:00,2026-07-25T05:00:00+00:00,3.833,3.687,70.00000000,65.00000000,100.00000000,0.10000000,0.09619097,-3.80902687,-4.00521785,-4.00521785,24H
SL5,HEMI/USDT,2026-07-24T19:00:00+00:00,2026-07-25T06:00:00+00:00,0.00532,0.00505,75.00000000,70.00000000,100.00000000,0.10000000,0.09492481,-5.07518797,-5.27011278,-5.27011278,STOP_LOSS
SL5,RE/USDT,2026-07-25T07:00:00+00:00,2026-07-25T09:00:00+00:00,0.6078,0.5587,75.00000000,70.00000000,100.00000000,0.10000000,0.09192168,-8.07831524,-8.27023692,-8.27023692,STOP_LOSS
SL5,GPS/USDT,2026-07-24T10:00:00+00:00,2026-07-25T10:00:00+00:00,0.00923,0.00958,70.00000000,65.00000000,100.00000000,0.10000000,0.10379198,3.79198267,3.58819068,3.58819068,24H
SL5,PLUME/USDT,2026-07-24T14:00:00+00:00,2026-07-25T14:00:00+00:00,0.01141,0.01178,73.00000000,68.00000000,100.00000000,0.10000000,0.10324277,3.24276950,3.03952673,3.03952673,24H
SL5,TUT/USDT,2026-07-24T21:00:00+00:00,2026-07-25T21:00:00+00:00,0.01452,0.01538,75.00000000,70.00000000,100.00000000,0.10000000,0.10592287,5.92286501,5.71694215,5.71694215,24H
SL5,TREE/USDT,2026-07-25T00:00:00+00:00,2026-07-26T00:00:00+00:00,0.0394,0.0381,73.00000000,68.00000000,100.00000000,0.10000000,0.09670051,-3.29949239,-3.49619289,-3.49619289,24H
SL5,ALPINE/USDT,2026-07-25T13:00:00+00:00,2026-07-26T13:00:00+00:00,0.314,0.315,75.00000000,70.00000000,100.00000000,0.10000000,0.10031847,0.31847134,0.11815287,0.11815287,24H
SL5,PLUME/USDT,2026-07-25T15:00:00+00:00,2026-07-26T15:00:00+00:00,0.01177,0.01236,70.00000000,65.00000000,100.00000000,0.10000000,0.10501274,5.01274427,4.80773152,4.80773152,24H
SL5,TRX/USDT,2026-07-25T16:00:00+00:00,2026-07-26T16:00:00+00:00,0.3321,0.333,70.00000000,65.00000000,100.00000000,0.10000000,0.10027100,0.27100271,0.07073171,0.07073171,24H
SL5,MUBARAK/USDT,2026-07-25T19:00:00+00:00,2026-07-26T19:00:00+00:00,0.01076,0.0108,70.00000000,65.00000000,100.00000000,0.10000000,0.10037175,0.37174721,0.17137546,0.17137546,24H
SL5,PEPE/USDT,2026-07-26T02:00:00+00:00,2026-07-27T02:00:00+00:00,2.86e-06,2.94e-06,70.00000000,70.00000000,100.00000000,0.10000000,0.10279720,2.79720280,2.59440559,2.59440559,24H
SL5,DOT/USDT,2026-07-26T03:00:00+00:00,2026-07-27T03:00:00+00:00,0.82,0.818,70.00000000,65.00000000,100.00000000,0.10000000,0.09975610,-0.24390244,-0.44365854,-0.44365854,24H
SL5,FIL/USDT,2026-07-26T04:00:00+00:00,2026-07-27T04:00:00+00:00,0.7416,0.7478,70.00000000,65.00000000,100.00000000,0.10000000,0.10083603,0.83603020,0.63519417,0.63519417,24H
SL5,TAO/USDT,2026-07-26T04:00:00+00:00,2026-07-27T04:00:00+00:00,196.4,198.8,70.00000000,70.00000000,100.00000000,0.10000000,0.10122200,1.22199593,1.02077393,1.02077393,24H
SL5,RARE/USDT,2026-07-26T09:00:00+00:00,2026-07-27T09:00:00+00:00,0.01279,0.01259,70.00000000,65.00000000,100.00000000,0.10000000,0.09843628,-1.56372166,-1.76215794,-1.76215794,24H
SL5,LINK/USDT,2026-07-26T13:00:00+00:00,2026-07-27T13:00:00+00:00,8.458,8.772,70.00000000,65.00000000,100.00000000,0.10000000,0.10371246,3.71246157,3.50874911,3.50874911,24H
SL5,EDEN/USDT,2026-07-27T09:00:00+00:00,2026-07-27T15:00:00+00:00,0.04471,0.04217,90.00000000,100.00000000,100.00000000,0.10000000,0.09431894,-5.68105569,-5.87537464,-5.87537464,STOP_LOSS
SL5,ONDO/USDT,2026-07-26T16:00:00+00:00,2026-07-27T16:00:00+00:00,0.4062,0.4094,90.00000000,100.00000000,100.00000000,0.10000000,0.10078779,0.78778927,0.58700148,0.58700148,24H
SL5,USDE/USDT,2026-07-26T16:00:00+00:00,2026-07-27T16:00:00+00:00,1.0009,1.0009,87.00000000,87.00000000,100.00000000,0.10000000,0.10000000,0.00000000,-0.20000000,-0.20000000,24H
SL5,PLUME/USDT,2026-07-27T02:00:00+00:00,2026-07-27T17:00:00+00:00,0.01231,0.01166,90.00000000,95.00000000,100.00000000,0.10000000,0.09471974,-5.28025995,-5.47497969,-5.47497969,STOP_LOSS
SL5,ENA/USDT,2026-07-27T13:00:00+00:00,2026-07-27T18:00:00+00:00,0.0923,0.0876,95.00000000,100.00000000,100.00000000,0.10000000,0.09490791,-5.09209101,-5.28699892,-5.28699892,STOP_LOSS
SL5,USDC/USDT,2026-07-26T19:00:00+00:00,2026-07-27T19:00:00+00:00,1.00087,1.00084,87.00000000,87.00000000,100.00000000,0.10000000,0.09999700,-0.00299739,-0.20299439,-0.20299439,24H
SL5,ALPINE/USDT,2026-07-27T03:00:00+00:00,2026-07-27T22:00:00+00:00,0.32,0.301,87.00000000,87.00000000,100.00000000,0.10000000,0.09406250,-5.93750000,-6.13156250,-6.13156250,STOP_LOSS
SL5,CRCLB/USDT,2026-07-27T04:00:00+00:00,2026-07-28T04:00:00+00:00,63.92,63.19,87.00000000,87.00000000,100.00000000,0.10000000,0.09885795,-1.14205257,-1.34091051,-1.34091051,24H
SL5,XUSD/USDT,2026-07-27T04:00:00+00:00,2026-07-28T04:00:00+00:00,1.0012,1.0012,87.00000000,87.00000000,100.00000000,0.10000000,0.10000000,0.00000000,-0.20000000,-0.20000000,24H
SL5,PUMP/USDT,2026-07-27T19:00:00+00:00,2026-07-28T04:00:00+00:00,0.002128,0.002021,87.00000000,86.00000000,100.00000000,0.10000000,0.09497180,-5.02819549,-5.22316729,-5.22316729,STOP_LOSS
SL5,KAITO/USDT,2026-07-27T15:00:00+00:00,2026-07-28T11:00:00+00:00,1.21,1.1423,84.00000000,84.00000000,100.00000000,0.10000000,0.09440496,-5.59504132,-5.78944628,-5.78944628,STOP_LOSS
SL5,TREE/USDT,2026-07-27T17:00:00+00:00,2026-07-28T13:00:00+00:00,0.0395,0.0374,87.00000000,86.00000000,100.00000000,0.10000000,0.09468354,-5.31645570,-5.51113924,-5.51113924,STOP_LOSS
SL5,RLUSD/USDT,2026-07-27T16:00:00+00:00,2026-07-28T16:00:00+00:00,1.0013,1.0011,87.00000000,87.00000000,100.00000000,0.10000000,0.09998003,-0.01997403,-0.21995406,-0.21995406,24H
SL5,MSTRB/USDT,2026-07-27T16:00:00+00:00,2026-07-28T16:00:00+00:00,97.4,98.12,81.00000000,86.00000000,100.00000000,0.10000000,0.10073922,0.73921971,0.53848049,0.53848049,24H
SL5,BNB/USDT,2026-07-27T18:00:00+00:00,2026-07-28T18:00:00+00:00,575.37,569.62,87.00000000,86.00000000,100.00000000,0.10000000,0.09900064,-0.99935694,-1.19835758,-1.19835758,24H
SL5,USD1/USDT,2026-07-27T22:00:00+00:00,2026-07-28T22:00:00+00:00,0.99985,0.99968,84.00000000,84.00000000,100.00000000,0.10000000,0.09998300,-0.01700255,-0.21698555,-0.21698555,24H
SL5,FDUSD/USDT,2026-07-28T04:00:00+00:00,2026-07-29T04:00:00+00:00,0.9993,0.9983,87.00000000,87.00000000,100.00000000,0.10000000,0.09989993,-0.10007005,-0.29996998,-0.29996998,24H
SL5,USDC/USDT,2026-07-28T04:00:00+00:00,2026-07-29T04:00:00+00:00,1.00097,1.00114,76.00000000,71.00000000,100.00000000,0.10000000,0.10001698,0.01698353,-0.18303346,-0.18303346,24H
SL5,GPS/USDT,2026-07-28T04:00:00+00:00,2026-07-29T04:00:00+00:00,0.00927,0.00972,72.00000000,69.00000000,100.00000000,0.10000000,0.10485437,4.85436893,4.64951456,4.64951456,24H
SL5,UNI/USDT,2026-07-28T11:00:00+00:00,2026-07-29T11:00:00+00:00,3.821,4.049,85.00000000,87.00000000,100.00000000,0.10000000,0.10596702,5.96702434,5.76105731,5.76105731,24H
SL5,U/USDT,2026-07-28T13:00:00+00:00,2026-07-29T13:00:00+00:00,1.0008,1.0008,87.00000000,87.00000000,100.00000000,0.10000000,0.10000000,0.00000000,-0.20000000,-0.20000000,24H
SL5,AAVE/USDT,2026-07-28T16:00:00+00:00,2026-07-29T16:00:00+00:00,101.26,98.73,95.00000000,100.00000000,100.00000000,0.10000000,0.09750148,-2.49851866,-2.69602015,-2.69602015,24H
SL5,ONDO/USDT,2026-07-28T16:00:00+00:00,2026-07-29T16:00:00+00:00,0.4088,0.3937,89.00000000,88.00000000,100.00000000,0.10000000,0.09630626,-3.69373777,-3.89004403,-3.89004403,24H
SL5,PLUME/USDT,2026-07-28T18:00:00+00:00,2026-07-29T18:00:00+00:00,0.01219,0.01212,89.00000000,88.00000000,100.00000000,0.10000000,0.09942576,-0.57424118,-0.77366694,-0.77366694,24H
SL5,RLUSD/USDT,2026-07-28T22:00:00+00:00,2026-07-29T22:00:00+00:00,1.0012,1.0012,76.00000000,71.00000000,100.00000000,0.10000000,0.10000000,0.00000000,-0.20000000,-0.20000000,24H
SL5,KAITO/USDT,2026-07-29T04:00:00+00:00,2026-07-30T03:00:00+00:00,1.264,1.1818,89.00000000,88.00000000,100.00000000,0.10000000,0.09349684,-6.50316456,-6.69666139,-6.69666139,STOP_LOSS
SL5,GPS/USDT,2026-07-29T04:00:00+00:00,2026-07-30T04:00:00+00:00,0.00972,0.00982,90.00000000,95.00000000,100.00000000,0.10000000,0.10102881,1.02880658,0.82777778,0.82777778,24H
SL5,USDC/USDT,2026-07-29T04:00:00+00:00,2026-07-30T04:00:00+00:00,1.00114,1.00112,84.00000000,84.00000000,100.00000000,0.10000000,0.09999800,-0.00199772,-0.20199572,-0.20199572,24H
SL5,UNI/USDT,2026-07-29T11:00:00+00:00,2026-07-30T11:00:00+00:00,4.049,4.13,90.00000000,100.00000000,100.00000000,0.10000000,0.10200049,2.00049395,1.79849346,1.79849346,24H
SL5,EURI/USDT,2026-07-29T13:00:00+00:00,2026-07-30T13:00:00+00:00,1.1398,1.1526,77.00000000,64.00000000,100.00000000,0.10000000,0.10112300,1.12300404,0.92188103,0.92188103,24H
SL5,U/USDT,2026-07-29T16:00:00+00:00,2026-07-30T16:00:00+00:00,1.0009,1.0007,87.00000000,87.00000000,100.00000000,0.10000000,0.09998002,-0.01998202,-0.21996203,-0.21996203,24H
SL5,RE/USDT,2026-07-29T16:00:00+00:00,2026-07-30T16:00:00+00:00,0.4686,0.4452,79.00000000,76.00000000,100.00000000,0.10000000,0.09500640,-4.99359795,-5.18860435,-5.18860435,24H
SL5,GPS/USDT,2026-07-30T04:00:00+00:00,2026-07-30T17:00:00+00:00,0.00982,0.0092,82.00000000,82.00000000,100.00000000,0.10000000,0.09368635,-6.31364562,-6.50733198,-6.50733198,STOP_LOSS
SL5,ADA/USDT,2026-07-29T18:00:00+00:00,2026-07-30T18:00:00+00:00,0.1679,0.1723,84.00000000,89.00000000,100.00000000,0.10000000,0.10262061,2.62060750,2.41798690,2.41798690,24H
SL5,ONDO/USDT,2026-07-29T22:00:00+00:00,2026-07-30T22:00:00+00:00,0.4051,0.4168,74.00000000,63.00000000,100.00000000,0.10000000,0.10288818,2.88817576,2.68528758,2.68528758,24H
SL5,ALPINE/USDT,2026-07-30T03:00:00+00:00,2026-07-31T03:00:00+00:00,0.32,0.314,93.00000000,98.00000000,100.00000000,0.10000000,0.09812500,-1.87500000,-2.07312500,-2.07312500,24H
SL5,USD1/USDT,2026-07-30T04:00:00+00:00,2026-07-31T04:00:00+00:00,1.00003,0.99997,87.00000000,87.00000000,100.00000000,0.10000000,0.09999400,-0.00599982,-0.20599382,-0.20599382,24H
SL5,MUBARAK/USDT,2026-07-30T11:00:00+00:00,2026-07-31T11:00:00+00:00,0.01142,0.01333,95.00000000,100.00000000,100.00000000,0.10000000,0.11672504,16.72504378,16.50831874,16.50831874,24H
SL5,PAXG/USDT,2026-07-30T13:00:00+00:00,2026-07-31T13:00:00+00:00,4105.88,4027.22,93.00000000,98.00000000,100.00000000,0.10000000,0.09808421,-1.91578906,-2.11387327,-2.11387327,24H
SL5,AAVE/USDT,2026-07-30T16:00:00+00:00,2026-07-31T16:00:00+00:00,100.23,96.59,90.00000000,95.00000000,100.00000000,0.10000000,0.09636835,-3.63164721,-3.82801556,-3.82801556,24H
SL5,SUI/USDT,2026-07-30T16:00:00+00:00,2026-07-31T16:00:00+00:00,0.7013,0.6843,84.00000000,84.00000000,100.00000000,0.10000000,0.09757593,-2.42406959,-2.62164552,-2.62164552,24H
SL5,PUMP/USDT,2026-07-30T17:00:00+00:00,2026-07-31T17:00:00+00:00,0.001972,0.002139,87.00000000,86.00000000,100.00000000,0.10000000,0.10846856,8.46855984,8.26009128,8.26009128,24H
SL5,FIL/USDT,2026-07-30T18:00:00+00:00,2026-07-31T18:00:00+00:00,0.7153,0.7209,89.00000000,89.00000000,100.00000000,0.10000000,0.10078289,0.78288830,0.58210541,0.58210541,24H
SL5,SOXLB/USDT,2026-07-30T22:00:00+00:00,2026-07-31T19:00:00+00:00,122.59,114.81,84.00000000,89.00000000,100.00000000,0.10000000,0.09365364,-6.34635778,-6.54001142,-6.54001142,STOP_LOSS
SL5,MUBARAK/USDT,2026-07-31T16:00:00+00:00,2026-07-31T20:00:00+00:00,0.01371,0.01259,90.00000000,100.00000000,100.00000000,0.10000000,0.09183078,-8.16921955,-8.36105033,-8.36105033,STOP_LOSS
SL5,BEL/USDT,2026-07-31T03:00:00+00:00,2026-08-01T03:00:00+00:00,0.0969,0.0974,89.00000000,89.00000000,100.00000000,0.10000000,0.10051600,0.51599587,0.31547988,0.31547988,24H
SL5,TUT/USDT,2026-07-31T04:00:00+00:00,2026-08-01T04:00:00+00:00,0.01492,0.016,80.00000000,75.00000000,100.00000000,0.10000000,0.10723861,7.23860590,7.03136729,7.03136729,24H
SL5,ALPINE/USDT,2026-07-31T11:00:00+00:00,2026-08-01T11:00:00+00:00,0.319,0.321,95.00000000,100.00000000,100.00000000,0.10000000,0.10062696,0.62695925,0.42633229,0.42633229,24H
SL5,USD1/USDT,2026-07-31T13:00:00+00:00,2026-08-01T13:00:00+00:00,1.00007,0.9999,76.00000000,71.00000000,100.00000000,0.10000000,0.09998300,-0.01699881,-0.21698181,-0.21698181,24H
SL5,ADA/USDT,2026-07-31T16:00:00+00:00,2026-08-01T16:00:00+00:00,0.1709,0.1742,84.00000000,83.00000000,100.00000000,0.10000000,0.10193095,1.93095377,1.72902282,1.72902282,24H
SL5,EURI/USDT,2026-07-31T17:00:00+00:00,2026-08-01T17:00:00+00:00,1.1539,1.1526,90.00000000,95.00000000,100.00000000,0.10000000,0.09988734,-0.11266141,-0.31254875,-0.31254875,24H
SL5,PUMP/USDT,2026-07-31T18:00:00+00:00,2026-08-01T18:00:00+00:00,0.002123,0.002072,79.00000000,74.00000000,100.00000000,0.10000000,0.09759774,-2.40226095,-2.59985869,-2.59985869,24H
SL5,HOME/USDT,2026-07-31T19:00:00+00:00,2026-08-01T19:00:00+00:00,0.0055,0.00612,78.00000000,73.00000000,100.00000000,0.10000000,0.11127273,11.27272727,11.06145455,11.06145455,24H
SL5,EUR/USDT,2026-07-31T20:00:00+00:00,2026-08-01T20:00:00+00:00,1.1535,1.1531,84.00000000,84.00000000,100.00000000,0.10000000,0.09996532,-0.03467707,-0.23464239,-0.23464239,24H
SL5,TAO/USDT,2026-08-01T03:00:00+00:00,2026-08-02T03:00:00+00:00,197.7,194.1,89.00000000,88.00000000,100.00000000,0.10000000,0.09817906,-1.82094082,-2.01911988,-2.01911988,24H
SL5,USDE/USDT,2026-08-01T04:00:00+00:00,2026-08-02T04:00:00+00:00,1.0008,1.0005,87.00000000,87.00000000,100.00000000,0.10000000,0.09997002,-0.02997602,-0.22994604,-0.22994604,24H
SL5,PUMP/USDT,2026-08-02T04:00:00+00:00,2026-08-02T10:00:00+00:00,0.002274,0.002146,89.00000000,88.00000000,100.00000000,0.10000000,0.09437115,-5.62884785,-5.82321900,-5.82321900,STOP_LOSS
SL5,TUT/USDT,2026-08-01T11:00:00+00:00,2026-08-02T11:00:00+00:00,0.01758,0.01742,90.00000000,100.00000000,100.00000000,0.10000000,0.09908987,-0.91012514,-1.10921502,-1.10921502,24H
SL5,GPS/USDT,2026-08-01T13:00:00+00:00,2026-08-02T13:00:00+00:00,0.00946,0.00943,83.00000000,85.00000000,100.00000000,0.10000000,0.09968288,-0.31712474,-0.51680761,-0.51680761,24H
SL5,KAITO/USDT,2026-08-01T18:00:00+00:00,2026-08-02T13:00:00+00:00,1.2084,1.0894,95.00000000,100.00000000,100.00000000,0.10000000,0.09015227,-9.84773254,-10.03788481,-10.03788481,STOP_LOSS
SL5,GIGGLE/USDT,2026-08-02T13:00:00+00:00,2026-08-02T15:00:00+00:00,44.4,42.15,84.00000000,76.00000000,100.00000000,0.10000000,0.09493243,-5.06756757,-5.26250000,-5.26250000,STOP_LOSS
SL5,PEPE/USDT,2026-08-01T16:00:00+00:00,2026-08-02T16:00:00+00:00,2.78e-06,2.91e-06,87.00000000,87.00000000,100.00000000,0.10000000,0.10467626,4.67625899,4.47158273,4.47158273,24H
SL5,ALPINE/USDT,2026-08-01T17:00:00+00:00,2026-08-02T17:00:00+00:00,0.328,0.319,93.00000000,98.00000000,100.00000000,0.10000000,0.09725610,-2.74390244,-2.94115854,-2.94115854,24H
SL5,ARB/USDT,2026-08-01T19:00:00+00:00,2026-08-02T19:00:00+00:00,0.0785,0.0816,81.00000000,81.00000000,100.00000000,0.10000000,0.10394904,3.94904459,3.74509554,3.74509554,24H
SL5,HOME/USDT,2026-08-01T20:00:00+00:00,2026-08-02T20:00:00+00:00,0.00612,0.00776,78.00000000,73.00000000,100.00000000,0.10000000,0.12679739,26.79738562,26.57058824,26.57058824,24H
SL5,EWYB/USDT,2026-08-02T03:00:00+00:00,2026-08-03T03:00:00+00:00,160.35,161.16,89.00000000,89.00000000,100.00000000,0.10000000,0.10050514,0.50514500,0.30463985,0.30463985,24H
SL5,BICO/USDT,2026-08-02T10:00:00+00:00,2026-08-03T10:00:00+00:00,0.01201,0.01749,84.00000000,84.00000000,100.00000000,0.10000000,0.14562864,45.62864280,45.38301415,45.38301415,24H
SL5,SKHYB/USDT,2026-08-02T17:00:00+00:00,2026-08-03T10:00:00+00:00,148.35,140.28,84.00000000,84.00000000,100.00000000,0.10000000,0.09456016,-5.43983822,-5.63439838,-5.63439838,STOP_LOSS
SL5,MUB/USDT,2026-08-02T19:00:00+00:00,2026-08-03T10:00:00+00:00,853.04,805.57,87.00000000,87.00000000,100.00000000,0.10000000,0.09443520,-5.56480353,-5.75923872,-5.75923872,STOP_LOSS
SL5,SNDKB/USDT,2026-08-03T03:00:00+00:00,2026-08-03T10:00:00+00:00,1258.53,1193.36,81.00000000,80.00000000,100.00000000,0.10000000,0.09482174,-5.17826353,-5.37308527,-5.37308527,STOP_LOSS
SL5,EUR/USDT,2026-08-02T11:00:00+00:00,2026-08-03T11:00:00+00:00,1.1541,1.1544,87.00000000,87.00000000,100.00000000,0.10000000,0.10002599,0.02599428,-0.17403171,-0.17403171,24H
SL5,FIL/USDT,2026-08-02T13:00:00+00:00,2026-08-03T13:00:00+00:00,0.72,0.7249,84.00000000,84.00000000,100.00000000,0.10000000,0.10068056,0.68055556,0.47987500,0.47987500,24H
SL5,ALLO/USDT,2026-08-03T11:00:00+00:00,2026-08-03T13:00:00+00:00,0.292,0.2598,89.00000000,89.00000000,100.00000000,0.10000000,0.08897260,-11.02739726,-11.21636986,-11.21636986,STOP_LOSS
SL5,USD1/USDT,2026-08-02T15:00:00+00:00,2026-08-03T15:00:00+00:00,1.00005,1.00012,87.00000000,87.00000000,100.00000000,0.10000000,0.10000700,0.00699965,-0.19300735,-0.19300735,24H
SL5,MUBARAK/USDT,2026-08-02T16:00:00+00:00,2026-08-03T16:00:00+00:00,0.01273,0.01266,92.00000000,97.00000000,100.00000000,0.10000000,0.09945012,-0.54988217,-0.74933229,-0.74933229,24H
SL5,TUT/USDT,2026-08-02T20:00:00+00:00,2026-08-03T20:00:00+00:00,0.01766,0.02034,78.00000000,65.00000000,100.00000000,0.10000000,0.11517554,15.17553794,14.96036240,14.96036240,24H
SL5,BICO/USDT,2026-08-03T10:00:00+00:00,2026-08-04T02:00:00+00:00,0.01749,0.01631,90.00000000,92.00000000,100.00000000,0.10000000,0.09325329,-6.74671241,-6.93996569,-6.93996569,STOP_LOSS
SL5,ENA/USDT,2026-08-03T10:00:00+00:00,2026-08-04T10:00:00+00:00,0.09,0.091,95.00000000,100.00000000,100.00000000,0.10000000,0.10111111,1.11111111,0.91000000,0.91000000,24H
SL5,ADA/USDT,2026-08-03T10:00:00+00:00,2026-08-04T10:00:00+00:00,0.1874,0.1951,87.00000000,86.00000000,100.00000000,0.10000000,0.10410886,4.10885806,3.90474920,3.90474920,24H
SL5,TRUMP/USDT,2026-08-03T10:00:00+00:00,2026-08-04T10:00:00+00:00,1.455,1.472,87.00000000,87.00000000,100.00000000,0.10000000,0.10116838,1.16838488,0.96721649,0.96721649,24H
SL5,PEPE/USDT,2026-08-03T13:00:00+00:00,2026-08-04T13:00:00+00:00,2.91e-06,2.89e-06,95.00000000,100.00000000,100.00000000,0.10000000,0.09931271,-0.68728522,-0.88659794,-0.88659794,24H
SL5,RARE/USDT,2026-08-03T13:00:00+00:00,2026-08-04T13:00:00+00:00,0.01207,0.01172,89.00000000,89.00000000,100.00000000,0.10000000,0.09710025,-2.89975145,-3.09685170,-3.09685170,24H
SL5,HOME/USDT,2026-08-03T15:00:00+00:00,2026-08-04T15:00:00+00:00,0.00751,0.01047,92.00000000,97.00000000,100.00000000,0.10000000,0.13941411,39.41411451,39.17470040,39.17470040,24H
SL5,OPN/USDT,2026-08-03T16:00:00+00:00,2026-08-04T16:00:00+00:00,0.0506,0.0498,89.00000000,89.00000000,100.00000000,0.10000000,0.09841897,-1.58102767,-1.77944664,-1.77944664,24H
SL5,SPCXB/USDT,2026-08-03T20:00:00+00:00,2026-08-04T20:00:00+00:00,114.51,117.5,83.00000000,82.00000000,100.00000000,0.10000000,0.10261113,2.61112567,2.40851454,2.40851454,24H
SL5,ARB/USDT,2026-08-04T02:00:00+00:00,2026-08-05T02:00:00+00:00,0.0839,0.0815,87.00000000,86.00000000,100.00000000,0.10000000,0.09713945,-2.86054827,-3.05768772,-3.05768772,24H
SL5,ACE/USDT,2026-08-04T10:00:00+00:00,2026-08-05T10:00:00+00:00,0.0671,0.0706,89.00000000,89.00000000,100.00000000,0.10000000,0.10521610,5.21609538,5.01087928,5.01087928,24H
SL5,BICO/USDT,2026-08-04T10:00:00+00:00,2026-08-05T10:00:00+00:00,0.01755,0.0235,89.00000000,80.00000000,100.00000000,0.10000000,0.13390313,33.90313390,33.66923077,33.66923077,24H
SL5,KORUB/USDT,2026-08-04T10:00:00+00:00,2026-08-05T10:00:00+00:00,17.02,17.94,87.00000000,87.00000000,100.00000000,0.10000000,0.10540541,5.40540541,5.20000000,5.20000000,24H
SL5,EWYB/USDT,2026-08-04T13:00:00+00:00,2026-08-05T13:00:00+00:00,168.08,171.47,95.00000000,100.00000000,100.00000000,0.10000000,0.10201690,2.01689672,1.81487982,1.81487982,24H
SL5,PORTAL/USDT,2026-08-04T13:00:00+00:00,2026-08-05T13:00:00+00:00,0.01059,0.01086,95.00000000,100.00000000,100.00000000,0.10000000,0.10254958,2.54957507,2.34702550,2.34702550,24H
SL5,ZEC/USDT,2026-08-04T15:00:00+00:00,2026-08-05T15:00:00+00:00,498.59,516.11,93.00000000,98.00000000,100.00000000,0.10000000,0.10351391,3.51390922,3.31039531,3.31039531,24H
SL5,SNDKB/USDT,2026-08-04T15:00:00+00:00,2026-08-05T15:00:00+00:00,1409.21,1406.94,90.00000000,100.00000000,100.00000000,0.10000000,0.09983892,-0.16108316,-0.36092208,-0.36092208,24H
SL5,MUBARAK/USDT,2026-08-04T16:00:00+00:00,2026-08-05T16:00:00+00:00,0.01305,0.01317,95.00000000,100.00000000,100.00000000,0.10000000,0.10091954,0.91954023,0.71862069,0.71862069,24H
SL5,SNXXB/USDT,2026-08-05T16:00:00+00:00,2026-08-05T19:00:00+00:00,12.64,11.41,95.00000000,100.00000000,100.00000000,0.10000000,0.09026899,-9.73101266,-9.92128165,-9.92128165,STOP_LOSS
SL5,GALA/USDT,2026-08-04T20:00:00+00:00,2026-08-05T20:00:00+00:00,0.001814,0.001795,87.00000000,87.00000000,100.00000000,0.10000000,0.09895259,-1.04740904,-1.24636163,-1.24636163,24H
SL5,KORUB/USDT,2026-08-05T13:00:00+00:00,2026-08-05T21:00:00+00:00,19.25,18.09,95.00000000,100.00000000,100.00000000,0.10000000,0.09397403,-6.02597403,-6.21994805,-6.21994805,STOP_LOSS
SL5,TUT/USDT,2026-08-05T02:00:00+00:00,2026-08-06T02:00:00+00:00,0.02371,0.02893,89.00000000,88.00000000,100.00000000,0.10000000,0.12201603,22.01602699,21.79401097,21.79401097,24H
SL5,PUMP/USDT,2026-08-05T10:00:00+00:00,2026-08-06T02:00:00+00:00,0.002522,0.002358,92.00000000,97.00000000,100.00000000,0.10000000,0.09349722,-6.50277557,-6.69627280,-6.69627280,STOP_LOSS
SL5,MUBARAK/USDT,2026-08-05T21:00:00+00:00,2026-08-06T05:00:00+00:00,0.01397,0.01324,95.00000000,100.00000000,100.00000000,0.10000000,0.09477452,-5.22548318,-5.42025770,-5.42025770,STOP_LOSS
SL5,TUT/USDT,2026-08-06T02:00:00+00:00,2026-08-06T07:00:00+00:00,0.02893,0.02735,82.00000000,82.00000000,100.00000000,0.10000000,0.09453854,-5.46145869,-5.65599723,-5.65599723,STOP_LOSS
SL5,ADA/USDT,2026-08-05T10:00:00+00:00,2026-08-06T10:00:00+00:00,0.1947,0.1891,90.00000000,95.00000000,100.00000000,0.10000000,0.09712378,-2.87621983,-3.07334361,-3.07334361,24H
SL5,ENA/USDT,2026-08-05T10:00:00+00:00,2026-08-06T10:00:00+00:00,0.0919,0.0909,87.00000000,86.00000000,100.00000000,0.10000000,0.09891186,-1.08813928,-1.28705114,-1.28705114,24H
SL5,EWYB/USDT,2026-08-05T13:00:00+00:00,2026-08-06T10:00:00+00:00,171.47,162.5,95.00000000,100.00000000,100.00000000,0.10000000,0.09476876,-5.23123578,-5.42600455,-5.42600455,STOP_LOSS
SL5,UNI/USDT,2026-08-05T15:00:00+00:00,2026-08-06T15:00:00+00:00,4.017,4.072,87.00000000,87.00000000,100.00000000,0.10000000,0.10136918,1.36918098,1.16781180,1.16781180,24H
SL5,HEI/USDT,2026-08-05T15:00:00+00:00,2026-08-06T15:00:00+00:00,0.1993,0.1936,84.00000000,76.00000000,100.00000000,0.10000000,0.09713999,-2.86001004,-3.05715003,-3.05715003,24H
SL5,PORTAL/USDT,2026-08-05T19:00:00+00:00,2026-08-06T19:00:00+00:00,0.01125,0.01155,95.00000000,100.00000000,100.00000000,0.10000000,0.10266667,2.66666667,2.46400000,2.46400000,24H
SL5,HEMI/USDT,2026-08-05T20:00:00+00:00,2026-08-06T20:00:00+00:00,0.00497,0.00515,95.00000000,100.00000000,100.00000000,0.10000000,0.10362173,3.62173038,3.41810865,3.41810865,24H
SL5,HOME/USDT,2026-08-06T10:00:00+00:00,2026-08-06T23:00:00+00:00,0.00979,0.00923,95.00000000,100.00000000,100.00000000,0.10000000,0.09427988,-5.72012257,-5.91440245,-5.91440245,STOP_LOSS
SL5,BICO/USDT,2026-08-06T02:00:00+00:00,2026-08-07T02:00:00+00:00,0.02881,0.03471,84.00000000,76.00000000,100.00000000,0.10000000,0.12047900,20.47900035,20.25852135,20.25852135,24H
SL5,ONG/USDT,2026-08-06T05:00:00+00:00,2026-08-07T05:00:00+00:00,0.04253,0.04273,89.00000000,89.00000000,100.00000000,0.10000000,0.10047026,0.47025629,0.26978603,0.26978603,24H
SL5,RARE/USDT,2026-08-06T07:00:00+00:00,2026-08-07T07:00:00+00:00,0.0121,0.01263,87.00000000,87.00000000,100.00000000,0.10000000,0.10438017,4.38016529,4.17578512,4.17578512,24H
SL5,GPS/USDT,2026-08-06T10:00:00+00:00,2026-08-07T10:00:00+00:00,0.0095,0.00956,90.00000000,95.00000000,100.00000000,0.10000000,0.10063158,0.63157895,0.43094737,0.43094737,24H
SL5,ACE/USDT,2026-08-06T10:00:00+00:00,2026-08-07T10:00:00+00:00,0.0757,0.1449,89.00000000,89.00000000,100.00000000,0.10000000,0.19141347,91.41347424,91.12206077,91.12206077,24H
SL5,CRCLB/USDT,2026-08-06T15:00:00+00:00,2026-08-07T15:00:00+00:00,65.41,66.78,95.00000000,100.00000000,100.00000000,0.10000000,0.10209448,2.09448097,1.89238649,1.89238649,24H
SL5,UNI/USDT,2026-08-06T15:00:00+00:00,2026-08-07T15:00:00+00:00,4.072,3.994,90.00000000,95.00000000,100.00000000,0.10000000,0.09808448,-1.91552063,-2.11360511,-2.11360511,24H
SL5,PUMP/USDT,2026-08-06T19:00:00+00:00,2026-08-07T19:00:00+00:00,0.00238,0.002347,84.00000000,84.00000000,100.00000000,0.10000000,0.09861345,-1.38655462,-1.58516807,-1.58516807,24H
SL5,CHIP/USDT,2026-08-06T20:00:00+00:00,2026-08-07T20:00:00+00:00,0.02536,0.02502,87.00000000,87.00000000,100.00000000,0.10000000,0.09865931,-1.34069401,-1.53935331,-1.53935331,24H
SL5,ENA/USDT,2026-08-07T10:00:00+00:00,2026-08-07T22:00:00+00:00,0.0968,0.0915,90.00000000,100.00000000,100.00000000,0.10000000,0.09452479,-5.47520661,-5.66973140,-5.66973140,STOP_LOSS
SL5,SOXLB/USDT,2026-08-06T23:00:00+00:00,2026-08-07T23:00:00+00:00,135.89,141.28,89.00000000,88.00000000,100.00000000,0.10000000,0.10396644,3.96644345,3.76247700,3.76247700,24H
SL5,HEMI/USDT,2026-08-07T02:00:00+00:00,2026-08-08T02:00:00+00:00,0.00517,0.00521,95.00000000,100.00000000,100.00000000,0.10000000,0.10077369,0.77369439,0.57292070,0.57292070,24H
SL5,ALPINE/USDT,2026-08-07T05:00:00+00:00,2026-08-08T05:00:00+00:00,0.321,0.32,84.00000000,83.00000000,100.00000000,0.10000000,0.09968847,-0.31152648,-0.51121495,-0.51121495,24H
SL5,RARE/USDT,2026-08-07T07:00:00+00:00,2026-08-08T07:00:00+00:00,0.01263,0.01242,95.00000000,100.00000000,100.00000000,0.10000000,0.09833729,-1.66270784,-1.86104513,-1.86104513,24H
SL5,POL/USDT,2026-08-07T10:00:00+00:00,2026-08-08T10:00:00+00:00,0.07627,0.0755,87.00000000,86.00000000,100.00000000,0.10000000,0.09899043,-1.00957126,-1.20856169,-1.20856169,24H
SL5,LTC/USDT,2026-08-07T15:00:00+00:00,2026-08-08T15:00:00+00:00,45.96,45.88,90.00000000,95.00000000,100.00000000,0.10000000,0.09982594,-0.17406440,-0.37389034,-0.37389034,24H
SL5,BICO/USDT,2026-08-07T15:00:00+00:00,2026-08-08T15:00:00+00:00,0.05296,0.05816,89.00000000,80.00000000,100.00000000,0.10000000,0.10981873,9.81873112,9.60891239,9.60891239,24H
SL5,TUT/USDT,2026-08-07T19:00:00+00:00,2026-08-08T19:00:00+00:00,0.03734,0.07901,89.00000000,80.00000000,100.00000000,0.10000000,0.21159614,111.59614355,111.28454740,111.28454740,24H
SL5,ADA/USDT,2026-08-07T20:00:00+00:00,2026-08-08T20:00:00+00:00,0.2024,0.2005,82.00000000,82.00000000,100.00000000,0.10000000,0.09906126,-0.93873518,-1.13779644,-1.13779644,24H
SL5,MSTRB/USDT,2026-08-07T22:00:00+00:00,2026-08-08T22:00:00+00:00,100.03,101.81,80.00000000,72.00000000,100.00000000,0.10000000,0.10177947,1.77946616,1.57768669,1.57768669,24H
SL5,SOXLB/USDT,2026-08-07T23:00:00+00:00,2026-08-08T23:00:00+00:00,141.28,143.13,84.00000000,83.00000000,100.00000000,0.10000000,0.10130946,1.30945640,1.10814694,1.10814694,24H
SL5,OPN/USDT,2026-08-08T02:00:00+00:00,2026-08-09T02:00:00+00:00,0.0534,0.0537,95.00000000,100.00000000,100.00000000,0.10000000,0.10056180,0.56179775,0.36123596,0.36123596,24H
SL5,ACE/USDT,2026-08-08T15:00:00+00:00,2026-08-09T02:00:00+00:00,0.1407,0.1279,95.00000000,92.00000000,100.00000000,0.10000000,0.09090263,-9.09737029,-9.28827292,-9.28827292,STOP_LOSS
SL5,RE/USDT,2026-08-08T05:00:00+00:00,2026-08-09T05:00:00+00:00,0.4102,0.4133,89.00000000,89.00000000,100.00000000,0.10000000,0.10075573,0.75572891,0.55497318,0.55497318,24H
SL5,RARE/USDT,2026-08-08T07:00:00+00:00,2026-08-09T07:00:00+00:00,0.01242,0.01339,93.00000000,98.00000000,100.00000000,0.10000000,0.10780998,7.80998390,7.60217391,7.60217391,24H
SL5,BICO/USDT,2026-08-08T23:00:00+00:00,2026-08-09T08:00:00+00:00,0.06327,0.05181,89.00000000,80.00000000,100.00000000,0.10000000,0.08188715,-18.11284969,-18.29473684,-18.29473684,STOP_LOSS
SL5,BEL/USDT,2026-08-08T10:00:00+00:00,2026-08-09T10:00:00+00:00,0.1053,0.1099,95.00000000,100.00000000,100.00000000,0.10000000,0.10436847,4.36847104,4.16410256,4.16410256,24H
SL5,HOME/USDT,2026-08-09T05:00:00+00:00,2026-08-09T14:00:00+00:00,0.00961,0.00912,92.00000000,97.00000000,100.00000000,0.10000000,0.09490114,-5.09885536,-5.29375650,-5.29375650,STOP_LOSS
SL5,EDEN/USDT,2026-08-08T15:00:00+00:00,2026-08-09T15:00:00+00:00,0.04339,0.04246,95.00000000,100.00000000,100.00000000,0.10000000,0.09785665,-2.14335100,-2.34120765,-2.34120765,24H
SL5,PORTAL/USDT,2026-08-08T19:00:00+00:00,2026-08-09T19:00:00+00:00,0.01153,0.01149,95.00000000,100.00000000,100.00000000,0.10000000,0.09965308,-0.34692108,-0.54657415,-0.54657415,24H
SL5,SPCXB/USDT,2026-08-08T20:00:00+00:00,2026-08-09T20:00:00+00:00,135.22,136.68,93.00000000,98.00000000,100.00000000,0.10000000,0.10107972,1.07972193,0.87864221,0.87864221,24H
SL5,EWYB/USDT,2026-08-08T22:00:00+00:00,2026-08-09T22:00:00+00:00,166.82,166.67,87.00000000,87.00000000,100.00000000,0.10000000,0.09991008,-0.08991728,-0.28982736,-0.28982736,24H
SL5,PUMP/USDT,2026-08-09T02:00:00+00:00,2026-08-10T02:00:00+00:00,0.002477,0.002703,87.00000000,92.00000000,100.00000000,0.10000000,0.10912394,9.12394025,8.91481631,8.91481631,24H
SL5,TREE/USDT,2026-08-09T02:00:00+00:00,2026-08-10T02:00:00+00:00,0.0373,0.0375,87.00000000,86.00000000,100.00000000,0.10000000,0.10053619,0.53619303,0.33565684,0.33565684,24H
SL5,MUBARAK/USDT,2026-08-09T19:00:00+00:00,2026-08-10T06:00:00+00:00,0.02393,0.02073,89.00000000,80.00000000,100.00000000,0.10000000,0.08662766,-13.37233598,-13.55896364,-13.55896364,STOP_LOSS
SL5,HEMI/USDT,2026-08-09T07:00:00+00:00,2026-08-10T07:00:00+00:00,0.00557,0.00549,95.00000000,100.00000000,100.00000000,0.10000000,0.09856373,-1.43626571,-1.63482944,-1.63482944,24H
SL5,BMT/USDT,2026-08-09T08:00:00+00:00,2026-08-10T08:00:00+00:00,0.01948,0.03294,90.00000000,92.00000000,100.00000000,0.10000000,0.16909651,69.09650924,68.82741273,68.82741273,24H
SL5,ZEC/USDT,2026-08-09T10:00:00+00:00,2026-08-10T10:00:00+00:00,524.92,507.33,90.00000000,100.00000000,100.00000000,0.10000000,0.09664901,-3.35098682,-3.54763583,-3.54763583,24H
SL5,KORUB/USDT,2026-08-09T15:00:00+00:00,2026-08-10T12:00:00+00:00,17.41,16.21,90.00000000,95.00000000,100.00000000,0.10000000,0.09310741,-6.89259047,-7.08569787,-7.08569787,STOP_LOSS
SL5,BEL/USDT,2026-08-09T14:00:00+00:00,2026-08-10T14:00:00+00:00,0.1116,0.1074,93.00000000,98.00000000,100.00000000,0.10000000,0.09623656,-3.76344086,-3.95967742,-3.95967742,24H
SL5,EUR/USDT,2026-08-09T20:00:00+00:00,2026-08-10T20:00:00+00:00,1.1565,1.1553,84.00000000,84.00000000,100.00000000,0.10000000,0.09989624,-0.10376135,-0.30365759,-0.30365759,24H
SL5,RE/USDT,2026-08-10T10:00:00+00:00,2026-08-10T20:00:00+00:00,0.4269,0.4044,89.00000000,89.00000000,100.00000000,0.10000000,0.09472944,-5.27055517,-5.46528461,-5.46528461,STOP_LOSS
SL5,USD1/USDT,2026-08-09T22:00:00+00:00,2026-08-10T22:00:00+00:00,1.00059,1.0002,81.00000000,80.00000000,100.00000000,0.10000000,0.09996102,-0.03897700,-0.23893803,-0.23893803,24H
SL5,OPN/USDT,2026-08-10T08:00:00+00:00,2026-08-10T22:00:00+00:00,0.0543,0.0515,93.00000000,98.00000000,100.00000000,0.10000000,0.09484346,-5.15653775,-5.35138122,-5.35138122,STOP_LOSS
SL5,EDEN/USDT,2026-08-10T02:00:00+00:00,2026-08-11T02:00:00+00:00,0.04511,0.04334,95.00000000,100.00000000,100.00000000,0.10000000,0.09607626,-3.92374196,-4.11981822,-4.11981822,24H
SL5,PLUME/USDT,2026-08-10T02:00:00+00:00,2026-08-11T02:00:00+00:00,0.01229,0.01218,92.00000000,97.00000000,100.00000000,0.10000000,0.09910496,-0.89503662,-1.09414158,-1.09414158,24H
SL5,HOME/USDT,2026-08-10T06:00:00+00:00,2026-08-11T02:00:00+00:00,0.00961,0.00901,92.00000000,97.00000000,100.00000000,0.10000000,0.09375650,-6.24349636,-6.43725286,-6.43725286,STOP_LOSS
SL5,XPL/USDT,2026-08-10T07:00:00+00:00,2026-08-11T07:00:00+00:00,0.08032,0.07935,95.00000000,100.00000000,100.00000000,0.10000000,0.09879233,-1.20766932,-1.40646165,-1.40646165,24H
SL5,RARE/USDT,2026-08-10T20:00:00+00:00,2026-08-11T09:00:00+00:00,0.01368,0.01212,87.00000000,86.00000000,100.00000000,0.10000000,0.08859649,-11.40350877,-11.59210526,-11.59210526,STOP_LOSS
SL5,POL/USDT,2026-08-10T12:00:00+00:00,2026-08-11T12:00:00+00:00,0.07806,0.07553,83.00000000,75.00000000,100.00000000,0.10000000,0.09675890,-3.24109659,-3.43785550,-3.43785550,24H
SL5,PORTAL/USDT,2026-08-10T14:00:00+00:00,2026-08-11T14:00:00+00:00,0.01178,0.01116,95.00000000,100.00000000,100.00000000,0.10000000,0.09473684,-5.26315789,-5.45789474,-5.45789474,STOP_LOSS
SL5,SPCXB/USDT,2026-08-10T20:00:00+00:00,2026-08-11T20:00:00+00:00,137.34,132.76,84.00000000,84.00000000,100.00000000,0.10000000,0.09666521,-3.33478957,-3.53145478,-3.53145478,24H
SL5,PUMP/USDT,2026-08-10T22:00:00+00:00,2026-08-11T22:00:00+00:00,0.002809,0.002705,87.00000000,86.00000000,100.00000000,0.10000000,0.09629761,-3.70238519,-3.89868281,-3.89868281,24H
SL5,PAXG/USDT,2026-08-10T22:00:00+00:00,2026-08-11T22:00:00+00:00,4393.39,4366.55,82.00000000,87.00000000,100.00000000,0.10000000,0.09938908,-0.61091777,-0.81030685,-0.81030685,24H
SL5,LINK/USDT,2026-08-11T02:00:00+00:00,2026-08-12T02:00:00+00:00,8.412,8.743,90.00000000,95.00000000,100.00000000,0.10000000,0.10393485,3.93485497,3.73092011,3.73092011,24H
SL5,TRUMP/USDT,2026-08-11T02:00:00+00:00,2026-08-12T02:00:00+00:00,1.51,1.492,90.00000000,95.00000000,100.00000000,0.10000000,0.09880795,-1.19205298,-1.39086093,-1.39086093,24H
SL5,ENA/USDT,2026-08-11T02:00:00+00:00,2026-08-12T02:00:00+00:00,0.0909,0.0896,85.00000000,87.00000000,100.00000000,0.10000000,0.09856986,-1.43014301,-1.62871287,-1.62871287,24H
SL5,TRX/USDT,2026-08-11T07:00:00+00:00,2026-08-12T07:00:00+00:00,0.3321,0.3362,87.00000000,87.00000000,100.00000000,0.10000000,0.10123457,1.23456790,1.03333333,1.03333333,24H
SL5,BNB/USDT,2026-08-11T09:00:00+00:00,2026-08-12T09:00:00+00:00,607.19,613.7,87.00000000,86.00000000,100.00000000,0.10000000,0.10107215,1.07215204,0.87107989,0.87107989,24H
SL5,GIGGLE/USDT,2026-08-11T12:00:00+00:00,2026-08-12T12:00:00+00:00,35.3,35.02,92.00000000,97.00000000,100.00000000,0.10000000,0.09920680,-0.79320113,-0.99240793,-0.99240793,24H
SL5,KORUB/USDT,2026-08-11T14:00:00+00:00,2026-08-12T14:00:00+00:00,17.95,19.95,89.00000000,88.00000000,100.00000000,0.10000000,0.11114206,11.14206128,10.93091922,10.93091922,24H
SL5,PLUME/USDT,2026-08-12T07:00:00+00:00,2026-08-12T17:00:00+00:00,0.01243,0.01172,92.00000000,97.00000000,100.00000000,0.10000000,0.09428801,-5.71198713,-5.90627514,-5.90627514,STOP_LOSS
SL5,DOGE/USDT,2026-08-11T20:00:00+00:00,2026-08-12T20:00:00+00:00,0.07171,0.07063,93.00000000,98.00000000,100.00000000,0.10000000,0.09849393,-1.50606610,-1.70456003,-1.70456003,24H
SL5,HOME/USDT,2026-08-11T22:00:00+00:00,2026-08-12T22:00:00+00:00,0.00922,0.00935,82.00000000,84.00000000,100.00000000,0.10000000,0.10140998,1.40997831,1.20856833,1.20856833,24H
SL5,EWYB/USDT,2026-08-11T22:00:00+00:00,2026-08-12T22:00:00+00:00,167.93,176.01,79.00000000,74.00000000,100.00000000,0.10000000,0.10481153,4.81152861,4.60671708,4.60671708,24H
SL5,WLD/USDT,2026-08-12T02:00:00+00:00,2026-08-13T02:00:00+00:00,0.3452,0.3303,95.00000000,100.00000000,100.00000000,0.10000000,0.09568366,-4.31633835,-4.51202202,-4.51202202,24H
SL5,WLFI/USDT,2026-08-12T02:00:00+00:00,2026-08-13T02:00:00+00:00,0.0561,0.0552,92.00000000,97.00000000,100.00000000,0.10000000,0.09839572,-1.60427807,-1.80267380,-1.80267380,24H
SL5,PUMP/USDT,2026-08-12T02:00:00+00:00,2026-08-13T02:00:00+00:00,0.002766,0.002755,89.00000000,88.00000000,100.00000000,0.10000000,0.09960231,-0.39768619,-0.59728850,-0.59728850,24H
SL5,GPS/USDT,2026-08-12T09:00:00+00:00,2026-08-13T09:00:00+00:00,0.00981,0.01014,90.00000000,100.00000000,100.00000000,0.10000000,0.10336391,3.36391437,3.16055046,3.16055046,24H
SL5,LINK/USDT,2026-08-12T12:00:00+00:00,2026-08-13T12:00:00+00:00,8.849,8.782,93.00000000,98.00000000,100.00000000,0.10000000,0.09924285,-0.75714770,-0.95639055,-0.95639055,24H
SL5,SPCXB/USDT,2026-08-12T14:00:00+00:00,2026-08-13T14:00:00+00:00,138.32,140.64,95.00000000,100.00000000,100.00000000,0.10000000,0.10167727,1.67727010,1.47559283,1.47559283,24H
SL5,EDEN/USDT,2026-08-12T17:00:00+00:00,2026-08-13T17:00:00+00:00,0.04503,0.05225,93.00000000,98.00000000,100.00000000,0.10000000,0.11603376,16.03375527,15.81772152,15.81772152,24H
SL5,CRCLB/USDT,2026-08-12T20:00:00+00:00,2026-08-13T20:00:00+00:00,70.98,75.27,78.00000000,65.00000000,100.00000000,0.10000000,0.10604396,6.04395604,5.83791209,5.83791209,24H
SL5,HOME/USDT,2026-08-12T22:00:00+00:00,2026-08-13T22:00:00+00:00,0.00935,0.01006,79.00000000,75.00000000,100.00000000,0.10000000,0.10759358,7.59358289,7.38598930,7.38598930,24H
SL5,GRAM/USDT,2026-08-12T22:00:00+00:00,2026-08-13T22:00:00+00:00,1.355,1.332,76.00000000,71.00000000,100.00000000,0.10000000,0.09830258,-1.69741697,-1.89571956,-1.89571956,24H
SL5,PUMP/USDT,2026-08-13T02:00:00+00:00,2026-08-14T02:00:00+00:00,0.002755,0.002974,87.00000000,86.00000000,100.00000000,0.10000000,0.10794918,7.94918330,7.74123412,7.74123412,24H
SL5,RE/USDT,2026-08-13T02:00:00+00:00,2026-08-14T02:00:00+00:00,0.4314,0.4522,82.00000000,82.00000000,100.00000000,0.10000000,0.10482151,4.82151136,4.61668985,4.61668985,24H
SL5,SNXXB/USDT,2026-08-13T02:00:00+00:00,2026-08-14T02:00:00+00:00,11.44,14.4,80.00000000,72.00000000,100.00000000,0.10000000,0.12587413,25.87412587,25.64825175,25.64825175,24H
SL5,WLD/USDT,2026-08-13T09:00:00+00:00,2026-08-14T09:00:00+00:00,0.3466,0.3357,95.00000000,100.00000000,100.00000000,0.10000000,0.09685516,-3.14483555,-3.34169071,-3.34169071,24H
SL5,GPS/USDT,2026-08-13T14:00:00+00:00,2026-08-14T10:00:00+00:00,0.01109,0.01009,90.00000000,100.00000000,100.00000000,0.10000000,0.09098287,-9.01713255,-9.20811542,-9.20811542,STOP_LOSS
SL5,SNDKB/USDT,2026-08-13T12:00:00+00:00,2026-08-14T12:00:00+00:00,1353.63,1636.51,90.00000000,95.00000000,100.00000000,0.10000000,0.12089788,20.89788199,20.67698411,20.67698411,24H
SL5,PUMP/USDT,2026-08-14T02:00:00+00:00,2026-08-14T14:00:00+00:00,0.002974,0.002803,87.00000000,86.00000000,100.00000000,0.10000000,0.09425017,-5.74983188,-5.94408204,-5.94408204,STOP_LOSS
SL5,PLUME/USDT,2026-08-13T17:00:00+00:00,2026-08-14T17:00:00+00:00,0.01251,0.01249,90.00000000,100.00000000,100.00000000,0.10000000,0.09984013,-0.15987210,-0.35971223,-0.35971223,24H
SL5,TAO/USDT,2026-08-13T20:00:00+00:00,2026-08-14T20:00:00+00:00,202.9,197.8,87.00000000,86.00000000,100.00000000,0.10000000,0.09748645,-2.51355347,-2.71103992,-2.71103992,24H
SL5,ACE/USDT,2026-08-13T22:00:00+00:00,2026-08-14T22:00:00+00:00,0.1215,0.3503,90.00000000,100.00000000,100.00000000,0.10000000,0.28831276,188.31275720,187.92444444,187.92444444,24H
SL5,LINK/USDT,2026-08-13T22:00:00+00:00,2026-08-14T22:00:00+00:00,8.844,8.945,81.00000000,80.00000000,100.00000000,0.10000000,0.10114202,1.14201719,0.94087517,0.94087517,24H
SL5,HEI/USDT,2026-08-14T22:00:00+00:00,2026-08-14T23:00:00+00:00,0.1693,0.1554,84.00000000,81.00000000,100.00000000,0.10000000,0.09178972,-8.21027761,-8.40206734,-8.40206734,STOP_LOSS
SL5,HEI/USDT,2026-08-14T23:00:00+00:00,2026-08-15T01:00:00+00:00,0.1554,0.1467,89.00000000,81.00000000,100.00000000,0.10000000,0.09440154,-5.59845560,-5.79285714,-5.79285714,STOP_LOSS
SL5,XUSD/USDT,2026-08-14T02:00:00+00:00,2026-08-15T02:00:00+00:00,1.0013,1.0013,82.00000000,87.00000000,100.00000000,0.10000000,0.10000000,0.00000000,-0.20000000,-0.20000000,24H
SL5,FET/USDT,2026-08-14T02:00:00+00:00,2026-08-15T02:00:00+00:00,0.1362,0.1341,81.00000000,81.00000000,100.00000000,0.10000000,0.09845815,-1.54185022,-1.74030837,-1.74030837,24H
SL5,KORUB/USDT,2026-08-14T09:00:00+00:00,2026-08-15T09:00:00+00:00,22.26,21.65,89.00000000,88.00000000,100.00000000,0.10000000,0.09725966,-2.74034142,-2.93760108,-2.93760108,24H
SL5,USDE/USDT,2026-08-14T10:00:00+00:00,2026-08-15T10:00:00+00:00,1.0009,1.0009,87.00000000,87.00000000,100.00000000,0.10000000,0.10000000,0.00000000,-0.20000000,-0.20000000,24H
SL5,EWYB/USDT,2026-08-14T12:00:00+00:00,2026-08-15T12:00:00+00:00,182.87,179.72,88.00000000,93.00000000,100.00000000,0.10000000,0.09827746,-1.72253513,-1.92081260,-1.92081260,24H
SL5,WLD/USDT,2026-08-14T14:00:00+00:00,2026-08-15T14:00:00+00:00,0.3392,0.3446,87.00000000,86.00000000,100.00000000,0.10000000,0.10159198,1.59198113,1.39038915,1.39038915,24H
SL5,ONG/USDT,2026-08-14T17:00:00+00:00,2026-08-15T17:00:00+00:00,0.04509,0.04616,80.00000000,72.00000000,100.00000000,0.10000000,0.10237303,2.37303171,2.17065868,2.17065868,24H
SL5,WLFI/USDT,2026-08-14T20:00:00+00:00,2026-08-15T20:00:00+00:00,0.0562,0.0566,93.00000000,98.00000000,100.00000000,0.10000000,0.10071174,0.71174377,0.51103203,0.51103203,24H
SL5,BEL/USDT,2026-08-14T22:00:00+00:00,2026-08-15T22:00:00+00:00,0.1091,0.1064,89.00000000,88.00000000,100.00000000,0.10000000,0.09752521,-2.47479377,-2.67231897,-2.67231897,24H
SL5,PLUME/USDT,2026-08-15T01:00:00+00:00,2026-08-16T01:00:00+00:00,0.0127,0.01297,89.00000000,88.00000000,100.00000000,0.10000000,0.10212598,2.12598425,1.92385827,1.92385827,24H
SL5,RE/USDT,2026-08-15T02:00:00+00:00,2026-08-16T02:00:00+00:00,0.4571,0.4625,89.00000000,88.00000000,100.00000000,0.10000000,0.10118136,1.18136075,0.98017939,0.98017939,24H
SL5,XPL/USDT,2026-08-15T02:00:00+00:00,2026-08-16T02:00:00+00:00,0.07735,0.07672,89.00000000,89.00000000,100.00000000,0.10000000,0.09918552,-0.81447964,-1.01366516,-1.01366516,24H
SL5,HEMI/USDT,2026-08-15T09:00:00+00:00,2026-08-16T09:00:00+00:00,0.00533,0.00847,89.00000000,89.00000000,100.00000000,0.10000000,0.15891182,58.91181989,58.65290807,58.65290807,24H
SL5,OPN/USDT,2026-08-15T10:00:00+00:00,2026-08-16T10:00:00+00:00,0.0498,0.0532,84.00000000,89.00000000,100.00000000,0.10000000,0.10682731,6.82730924,6.62048193,6.62048193,24H
SL5,LINK/USDT,2026-08-15T12:00:00+00:00,2026-08-16T12:00:00+00:00,9.464,9.336,87.00000000,86.00000000,100.00000000,0.10000000,0.09864751,-1.35249366,-1.55114117,-1.55114117,24H
SL5,GPS/USDT,2026-08-16T02:00:00+00:00,2026-08-16T13:00:00+00:00,0.01063,0.01004,90.00000000,95.00000000,100.00000000,0.10000000,0.09444967,-5.55032926,-5.74477893,-5.74477893,STOP_LOSS
SL5,CHIP/USDT,2026-08-15T14:00:00+00:00,2026-08-16T14:00:00+00:00,0.02506,0.02988,84.00000000,89.00000000,100.00000000,0.10000000,0.11923384,19.23383879,19.01460495,19.01460495,24H
SL5,WLD/USDT,2026-08-15T17:00:00+00:00,2026-08-16T17:00:00+00:00,0.3497,0.3621,93.00000000,98.00000000,100.00000000,0.10000000,0.10354590,3.54589648,3.34235059,3.34235059,24H
SL5,ALPINE/USDT,2026-08-15T20:00:00+00:00,2026-08-16T20:00:00+00:00,0.32,0.317,89.00000000,89.00000000,100.00000000,0.10000000,0.09906250,-0.93750000,-1.13656250,-1.13656250,24H
SL5,ONG/USDT,2026-08-15T22:00:00+00:00,2026-08-16T22:00:00+00:00,0.05037,0.05363,95.00000000,100.00000000,100.00000000,0.10000000,0.10647211,6.47210641,6.26563431,6.26563431,24H
SL5,U/USDT,2026-08-16T01:00:00+00:00,2026-08-17T01:00:00+00:00,1.0005,1.0005,84.00000000,84.00000000,100.00000000,0.10000000,0.10000000,0.00000000,-0.20000000,-0.20000000,24H
SL5,WLFI/USDT,2026-08-16T02:00:00+00:00,2026-08-17T02:00:00+00:00,0.0584,0.0599,92.00000000,97.00000000,100.00000000,0.10000000,0.10256849,2.56849315,2.36592466,2.36592466,24H
SL5,BEL/USDT,2026-08-16T09:00:00+00:00,2026-08-17T09:00:00+00:00,0.1072,0.1096,93.00000000,98.00000000,100.00000000,0.10000000,0.10223881,2.23880597,2.03656716,2.03656716,24H
SL5,PORTAL/USDT,2026-08-16T20:00:00+00:00,2026-08-17T09:00:00+00:00,0.01665,0.01581,84.00000000,80.00000000,100.00000000,0.10000000,0.09495495,-5.04504505,-5.24000000,-5.24000000,STOP_LOSS
SL5,PLUME/USDT,2026-08-16T10:00:00+00:00,2026-08-17T10:00:00+00:00,0.01311,0.01258,87.00000000,86.00000000,100.00000000,0.10000000,0.09595728,-4.04271548,-4.23867277,-4.23867277,24H
SL5,RLUSD/USDT,2026-08-16T12:00:00+00:00,2026-08-17T12:00:00+00:00,1.0012,1.0012,84.00000000,84.00000000,100.00000000,0.10000000,0.10000000,0.00000000,-0.20000000,-0.20000000,24H
SL5,USD1/USDT,2026-08-16T13:00:00+00:00,2026-08-17T13:00:00+00:00,1.0002,1.00002,81.00000000,81.00000000,100.00000000,0.10000000,0.09998200,-0.01799640,-0.21797840,-0.21797840,24H
SL5,EUR/USDT,2026-08-16T14:00:00+00:00,2026-08-17T14:00:00+00:00,1.1575,1.16,87.00000000,87.00000000,100.00000000,0.10000000,0.10021598,0.21598272,0.01576674,0.01576674,24H
SL5,WLD/USDT,2026-08-16T17:00:00+00:00,2026-08-17T17:00:00+00:00,0.3621,0.3549,95.00000000,100.00000000,100.00000000,0.10000000,0.09801160,-1.98840099,-2.18641259,-2.18641259,24H
SL5,RARE/USDT,2026-08-16T22:00:00+00:00,2026-08-17T22:00:00+00:00,0.01223,0.01227,81.00000000,80.00000000,100.00000000,0.10000000,0.10032706,0.32706460,0.12673753,0.12673753,24H
SL5,GPS/USDT,2026-08-17T01:00:00+00:00,2026-08-18T01:00:00+00:00,0.01195,0.01681,95.00000000,100.00000000,100.00000000,0.10000000,0.14066946,40.66945607,40.42878661,40.42878661,24H
SL5,KORUB/USDT,2026-08-17T02:00:00+00:00,2026-08-18T02:00:00+00:00,22.24,21.77,93.00000000,98.00000000,100.00000000,0.10000000,0.09788669,-2.11330935,-2.31119604,-2.31119604,24H
SL5,BMT/USDT,2026-08-17T17:00:00+00:00,2026-08-18T03:00:00+00:00,0.01665,0.01562,89.00000000,89.00000000,100.00000000,0.10000000,0.09381381,-6.18618619,-6.38000000,-6.38000000,STOP_LOSS
SL5,TUT/USDT,2026-08-18T03:00:00+00:00,2026-08-18T04:00:00+00:00,0.04811,0.03964,83.00000000,74.00000000,100.00000000,0.10000000,0.08239451,-17.60548742,-17.78788194,-17.78788194,STOP_LOSS
SL5,POL/USDT,2026-08-17T09:00:00+00:00,2026-08-18T09:00:00+00:00,0.07592,0.08099,93.00000000,98.00000000,100.00000000,0.10000000,0.10667808,6.67808219,6.47140411,6.47140411,24H
SL5,USDC/USDT,2026-08-17T09:00:00+00:00,2026-08-18T09:00:00+00:00,1.00095,1.00089,87.00000000,87.00000000,100.00000000,0.10000000,0.09999401,-0.00599431,-0.20598831,-0.20598831,24H
SL5,LINK/USDT,2026-08-17T10:00:00+00:00,2026-08-18T10:00:00+00:00,9.505,9.46,84.00000000,84.00000000,100.00000000,0.10000000,0.09952656,-0.47343503,-0.67296160,-0.67296160,24H
SL5,GIGGLE/USDT,2026-08-17T12:00:00+00:00,2026-08-18T12:00:00+00:00,33.18,33.22,89.00000000,89.00000000,100.00000000,0.10000000,0.10012055,0.12055455,-0.07956600,-0.07956600,24H
SL5,CRCLB/USDT,2026-08-17T13:00:00+00:00,2026-08-18T13:00:00+00:00,74.22,72.38,90.00000000,100.00000000,100.00000000,0.10000000,0.09752088,-2.47911614,-2.67663703,-2.67663703,24H
SL5,HEMI/USDT,2026-08-17T14:00:00+00:00,2026-08-18T14:00:00+00:00,0.00692,0.00646,95.00000000,100.00000000,100.00000000,0.10000000,0.09335260,-6.64739884,-6.84075145,-6.84075145,STOP_LOSS
SL5,ONG/USDT,2026-08-18T01:00:00+00:00,2026-08-18T18:00:00+00:00,0.05805,0.05479,95.00000000,100.00000000,100.00000000,0.10000000,0.09438415,-5.61584841,-5.81023256,-5.81023256,STOP_LOSS
SL5,OPN/USDT,2026-08-17T22:00:00+00:00,2026-08-18T22:00:00+00:00,0.0524,0.0564,90.00000000,95.00000000,100.00000000,0.10000000,0.10763359,7.63358779,7.42595420,7.42595420,24H
SL5,GPS/USDT,2026-08-18T10:00:00+00:00,2026-08-19T01:00:00+00:00,0.01728,0.0146,89.00000000,80.00000000,100.00000000,0.10000000,0.08449074,-15.50925926,-15.69375000,-15.69375000,STOP_LOSS
SL5,EDEN/USDT,2026-08-18T02:00:00+00:00,2026-08-19T02:00:00+00:00,0.05028,0.0515,89.00000000,88.00000000,100.00000000,0.10000000,0.10242641,2.42641209,2.22398568,2.22398568,24H
SL5,FDUSD/USDT,2026-08-18T04:00:00+00:00,2026-08-19T04:00:00+00:00,0.998,0.9979,78.00000000,73.00000000,100.00000000,0.10000000,0.09998998,-0.01002004,-0.21001002,-0.21001002,24H
SL5,ACE/USDT,2026-08-18T09:00:00+00:00,2026-08-19T09:00:00+00:00,0.1882,0.2349,89.00000000,80.00000000,100.00000000,0.10000000,0.12481403,24.81402763,24.58921360,24.58921360,24H
SL5,POL/USDT,2026-08-18T09:00:00+00:00,2026-08-19T09:00:00+00:00,0.08099,0.08153,89.00000000,88.00000000,100.00000000,0.10000000,0.10066675,0.66674898,0.46608223,0.46608223,24H
SL5,WLFI/USDT,2026-08-18T12:00:00+00:00,2026-08-19T12:00:00+00:00,0.0605,0.06,90.00000000,95.00000000,100.00000000,0.10000000,0.09917355,-0.82644628,-1.02561983,-1.02561983,24H
SL5,BTC/USDT,2026-08-18T13:00:00+00:00,2026-08-19T13:00:00+00:00,64219.99,65012.12,87.00000000,87.00000000,100.00000000,0.10000000,0.10123346,1.23346329,1.03222982,1.03222982,24H
SL5,SOL/USDT,2026-08-18T14:00:00+00:00,2026-08-19T14:00:00+00:00,76.8,80.89,93.00000000,98.00000000,100.00000000,0.10000000,0.10532552,5.32552083,5.12019531,5.12019531,24H
SL5,LINK/USDT,2026-08-18T18:00:00+00:00,2026-08-19T18:00:00+00:00,9.516,9.991,79.00000000,74.00000000,100.00000000,0.10000000,0.10499159,4.99159311,4.78660151,4.78660151,24H
SL5,HEI/USDT,2026-08-19T02:00:00+00:00,2026-08-19T19:00:00+00:00,0.1391,0.1316,78.00000000,73.00000000,100.00000000,0.10000000,0.09460820,-5.39180446,-5.58641265,-5.58641265,STOP_LOSS
SL5,MUBARAK/USDT,2026-08-18T22:00:00+00:00,2026-08-19T22:00:00+00:00,0.01726,0.02083,90.00000000,95.00000000,100.00000000,0.10000000,0.12068366,20.68366165,20.46297798,20.46297798,24H
SL5,ARB/USDT,2026-08-19T04:00:00+00:00,2026-08-20T04:00:00+00:00,0.0757,0.0878,84.00000000,84.00000000,100.00000000,0.10000000,0.11598415,15.98414795,15.76816380,15.76816380,24H
SL5,RE/USDT,2026-08-19T09:00:00+00:00,2026-08-20T09:00:00+00:00,0.4022,0.5258,79.00000000,76.00000000,100.00000000,0.10000000,0.13073098,30.73097961,30.50024863,30.50024863,24H
SL5,ENA/USDT,2026-08-19T09:00:00+00:00,2026-08-20T09:00:00+00:00,0.0842,0.0967,78.00000000,72.00000000,100.00000000,0.10000000,0.11484561,14.84560570,14.63076010,14.63076010,24H
SL5,TREE/USDT,2026-08-19T12:00:00+00:00,2026-08-20T12:00:00+00:00,0.0343,0.0357,95.00000000,100.00000000,100.00000000,0.10000000,0.10408163,4.08163265,3.87755102,3.87755102,24H
SL5,ONG/USDT,2026-08-19T01:00:00+00:00,2026-08-20T20:00:00+00:00,0.05794,0.17155,76.00000000,71.00000000,100.00000000,0.10000000,0.29608215,196.08215395,195.68607180,195.68607180,24H
SL5,FIL/USDT,2026-08-19T22:00:00+00:00,2026-08-20T22:00:00+00:00,0.6764,0.7307,86.00000000,86.00000000,100.00000000,0.10000000,0.10802779,8.02779420,7.81976641,7.81976641,24H
SL5,PUMP/USDT,2026-08-20T04:00:00+00:00,2026-08-21T04:00:00+00:00,0.003226,0.003902,72.00000000,67.00000000,100.00000000,0.10000000,0.12095474,20.95474272,20.73378797,20.73378797,24H
SL5,RE/USDT,2026-08-21T04:00:00+00:00,2026-08-21T06:00:00+00:00,0.5215,0.48,70.00000000,65.00000000,100.00000000,0.10000000,0.09204219,-7.95781400,-8.14985618,-8.14985618,STOP_LOSS
SL5,PEPE/USDT,2026-08-20T09:00:00+00:00,2026-08-21T09:00:00+00:00,3.09e-06,3.57e-06,75.00000000,70.00000000,100.00000000,0.10000000,0.11553398,15.53398058,15.31844660,15.31844660,24H
SL5,XPL/USDT,2026-08-20T09:00:00+00:00,2026-08-21T09:00:00+00:00,0.08198,0.10098,73.00000000,68.00000000,100.00000000,0.10000000,0.12317638,23.17638448,22.95320810,22.95320810,24H
SL5,ACE/USDT,2026-08-20T12:00:00+00:00,2026-08-21T18:00:00+00:00,0.2272,0.2342,75.00000000,62.00000000,100.00000000,0.10000000,0.10308099,3.08098592,2.87790493,2.87790493,24H
SL5,BOME/USDT,2026-08-21T09:00:00+00:00,2026-08-21T18:00:00+00:00,0.0013271,0.0011805,75.00000000,62.00000000,100.00000000,0.10000000,0.08895336,-11.04664306,-11.23559641,-11.23559641,STOP_LOSS
SL5,TAO/USDT,2026-08-20T23:00:00+00:00,2026-08-21T23:00:00+00:00,214.9,229.9,72.00000000,67.00000000,100.00000000,0.10000000,0.10697999,6.97999069,6.77301070,6.77301070,24H
SL5,DOGE/USDT,2026-08-21T00:00:00+00:00,2026-08-22T00:00:00+00:00,0.0813,0.09178,70.00000000,65.00000000,100.00000000,0.10000000,0.11289053,12.89052891,12.67763838,12.67763838,24H
SL7,ACE/USDT,2026-07-18T15:00:00+00:00,2026-07-18T20:00:00+00:00,0.0729,0.0662,70.00000000,70.00000000,100.00000000,0.10000000,0.09080933,-9.19067215,-9.38148148,-9.38148148,STOP_LOSS
SL7,CHIP/USDT,2026-07-18T13:00:00+00:00,2026-07-19T13:00:00+00:00,0.03159,0.03049,75.00000000,70.00000000,100.00000000,0.10000000,0.09651789,-3.48211459,-3.67863248,-3.67863248,24H
SL7,DEXE/USDT,2026-07-18T13:00:00+00:00,2026-07-19T13:00:00+00:00,36.519,33.652,75.00000000,70.00000000,100.00000000,0.10000000,0.09214929,-7.85070785,-8.04285714,-8.04285714,STOP_LOSS
SL7,ONG/USDT,2026-07-18T13:00:00+00:00,2026-07-19T13:00:00+00:00,0.0472,0.0474,70.00000000,65.00000000,100.00000000,0.10000000,0.10042373,0.42372881,0.22330508,0.22330508,24H
SL7,ALLO/USDT,2026-07-18T14:00:00+00:00,2026-07-19T14:00:00+00:00,0.4592,0.4639,72.00000000,67.00000000,100.00000000,0.10000000,0.10102352,1.02351916,0.82249564,0.82249564,24H
SL7,ZEC/USDT,2026-07-18T16:00:00+00:00,2026-07-19T16:00:00+00:00,556.73,551.43,70.00000000,65.00000000,100.00000000,0.10000000,0.09904801,-0.95198750,-1.15103551,-1.15103551,24H
SL7,ETH/USDT,2026-07-18T18:00:00+00:00,2026-07-19T18:00:00+00:00,1857.54,1861.12,70.00000000,65.00000000,100.00000000,0.10000000,0.10019273,0.19272802,-0.00746471,-0.00746471,24H
SL7,TAO/USDT,2026-07-18T19:00:00+00:00,2026-07-19T19:00:00+00:00,195.9,197.1,70.00000000,65.00000000,100.00000000,0.10000000,0.10061256,0.61255743,0.41194487,0.41194487,24H
SL7,CRCLB/USDT,2026-07-19T01:00:00+00:00,2026-07-20T01:00:00+00:00,61.4,60.65,73.00000000,68.00000000,100.00000000,0.10000000,0.09877850,-1.22149837,-1.42027687,-1.42027687,24H
SL7,OPN/USDT,2026-07-19T02:00:00+00:00,2026-07-20T02:00:00+00:00,0.0637,0.0616,70.00000000,65.00000000,100.00000000,0.10000000,0.09670330,-3.29670330,-3.49340659,-3.49340659,24H
SL7,HEMI/USDT,2026-07-19T13:00:00+00:00,2026-07-20T13:00:00+00:00,0.00457,0.0053,75.00000000,70.00000000,100.00000000,0.10000000,0.11597374,15.97374179,15.75776805,15.75776805,24H
SL7,LTC/USDT,2026-07-19T13:00:00+00:00,2026-07-20T13:00:00+00:00,47.36,46.69,73.00000000,68.00000000,100.00000000,0.10000000,0.09858530,-1.41469595,-1.61328125,-1.61328125,24H
SL7,GPS/USDT,2026-07-19T14:00:00+00:00,2026-07-20T14:00:00+00:00,0.00908,0.00905,70.00000000,65.00000000,100.00000000,0.10000000,0.09966960,-0.33039648,-0.53006608,-0.53006608,24H
SL7,ALLO/USDT,2026-07-19T15:00:00+00:00,2026-07-20T15:00:00+00:00,0.4711,0.4697,72.00000000,67.00000000,100.00000000,0.10000000,0.09970282,-0.29717682,-0.49687964,-0.49687964,24H
SL7,EDEN/USDT,2026-07-19T16:00:00+00:00,2026-07-20T16:00:00+00:00,0.04415,0.04281,70.00000000,65.00000000,100.00000000,0.10000000,0.09696489,-3.03510759,-3.23207248,-3.23207248,24H
SL7,ACE/USDT,2026-07-19T20:00:00+00:00,2026-07-20T20:00:00+00:00,0.0712,0.1206,70.00000000,70.00000000,100.00000000,0.10000000,0.16938202,69.38202247,69.11264045,69.11264045,24H
SL7,EWYB/USDT,2026-07-19T22:00:00+00:00,2026-07-20T22:00:00+00:00,166.67,163.53,75.00000000,70.00000000,100.00000000,0.10000000,0.09811604,-1.88396232,-2.08207836,-2.08207836,24H
SL7,LINK/USDT,2026-07-20T01:00:00+00:00,2026-07-21T01:00:00+00:00,8.422,8.592,73.00000000,68.00000000,100.00000000,0.10000000,0.10201852,2.01852292,1.81650439,1.81650439,24H
SL7,MSTRB/USDT,2026-07-20T02:00:00+00:00,2026-07-21T02:00:00+00:00,95.95,99.27,70.00000000,65.00000000,100.00000000,0.10000000,0.10346014,3.46013549,3.25667535,3.25667535,24H
SL7,HEMI/USDT,2026-07-20T22:00:00+00:00,2026-07-21T02:00:00+00:00,0.00686,0.0063,72.00000000,59.00000000,100.00000000,0.10000000,0.09183673,-8.16326531,-8.35510204,-8.35510204,STOP_LOSS
SL7,NEAR/USDT,2026-07-20T13:00:00+00:00,2026-07-21T13:00:00+00:00,1.965,1.988,73.00000000,68.00000000,100.00000000,0.10000000,0.10117048,1.17048346,0.96931298,0.96931298,24H
SL7,SOXLB/USDT,2026-07-20T13:00:00+00:00,2026-07-21T13:00:00+00:00,143.87,152.78,73.00000000,68.00000000,100.00000000,0.10000000,0.10619309,6.19309098,5.98689789,5.98689789,24H
SL7,CRCLB/USDT,2026-07-20T14:00:00+00:00,2026-07-21T14:00:00+00:00,63.12,69.88,70.00000000,70.00000000,100.00000000,0.10000000,0.11070976,10.70975919,10.49904943,10.49904943,24H
SL7,BMT/USDT,2026-07-20T15:00:00+00:00,2026-07-21T15:00:00+00:00,0.01184,0.01197,73.00000000,68.00000000,100.00000000,0.10000000,0.10109797,1.09797297,0.89687500,0.89687500,24H
SL7,ALLO/USDT,2026-07-20T16:00:00+00:00,2026-07-21T16:00:00+00:00,0.4872,0.4926,75.00000000,70.00000000,100.00000000,0.10000000,0.10110837,1.10837438,0.90726601,0.90726601,24H
SL7,RARE/USDT,2026-07-20T20:00:00+00:00,2026-07-21T20:00:00+00:00,0.0128,0.0127,73.00000000,68.00000000,100.00000000,0.10000000,0.09921875,-0.78125000,-0.98046875,-0.98046875,24H
SL7,ADA/USDT,2026-07-20T21:00:00+00:00,2026-07-21T21:00:00+00:00,0.1699,0.173,70.00000000,65.00000000,100.00000000,0.10000000,0.10182460,1.82460271,1.62277810,1.62277810,24H
SL7,RED/USDT,2026-07-21T01:00:00+00:00,2026-07-22T01:00:00+00:00,0.1032,0.1011,75.00000000,70.00000000,100.00000000,0.10000000,0.09796512,-2.03488372,-2.23284884,-2.23284884,24H
SL7,EWYB/USDT,2026-07-21T02:00:00+00:00,2026-07-22T02:00:00+00:00,167.22,174.49,75.00000000,70.00000000,100.00000000,0.10000000,0.10434757,4.34756608,4.14321851,4.14321851,24H
SL7,BICO/USDT,2026-07-21T02:00:00+00:00,2026-07-22T02:00:00+00:00,0.01401,0.01386,72.00000000,67.00000000,100.00000000,0.10000000,0.09892934,-1.07066381,-1.26959315,-1.26959315,24H
SL7,TUT/USDT,2026-07-22T04:00:00+00:00,2026-07-22T10:00:00+00:00,0.01524,0.01412,70.00000000,65.00000000,100.00000000,0.10000000,0.09265092,-7.34908136,-7.54173228,-7.54173228,STOP_LOSS
SL7,SKHYB/USDT,2026-07-21T13:00:00+00:00,2026-07-22T13:00:00+00:00,163.9,168.61,73.00000000,68.00000000,100.00000000,0.10000000,0.10287370,2.87370348,2.67082977,2.67082977,24H
SL7,SNDKB/USDT,2026-07-21T13:00:00+00:00,2026-07-22T13:00:00+00:00,1529.08,1577.19,70.00000000,70.00000000,100.00000000,0.10000000,0.10314634,3.14633636,2.94319002,2.94319002,24H
SL7,LTC/USDT,2026-07-21T14:00:00+00:00,2026-07-22T14:00:00+00:00,47.81,46.79,73.00000000,68.00000000,100.00000000,0.10000000,0.09786656,-2.13344489,-2.33131144,-2.33131144,24H
SL7,MSTRB/USDT,2026-07-21T15:00:00+00:00,2026-07-22T15:00:00+00:00,102.67,99.78,73.00000000,68.00000000,100.00000000,0.10000000,0.09718516,-2.81484367,-3.01202883,-3.01202883,24H
SL7,GRAM/USDT,2026-07-21T16:00:00+00:00,2026-07-22T16:00:00+00:00,1.518,1.517,72.00000000,67.00000000,100.00000000,0.10000000,0.09993412,-0.06587615,-0.26581028,-0.26581028,24H
SL7,PORTAL/USDT,2026-07-21T22:00:00+00:00,2026-07-22T22:00:00+00:00,0.01106,0.01088,73.00000000,68.00000000,100.00000000,0.10000000,0.09837251,-1.62748644,-1.82585895,-1.82585895,24H
SL7,KAITO/USDT,2026-07-21T23:00:00+00:00,2026-07-22T23:00:00+00:00,0.9948,0.9862,75.00000000,70.00000000,100.00000000,0.10000000,0.09913550,-0.86449538,-1.06363088,-1.06363088,24H
SL7,CHIP/USDT,2026-07-22T02:00:00+00:00,2026-07-23T02:00:00+00:00,0.0306,0.03026,70.00000000,65.00000000,100.00000000,0.10000000,0.09888889,-1.11111111,-1.31000000,-1.31000000,24H
SL7,BICO/USDT,2026-07-22T03:00:00+00:00,2026-07-23T03:00:00+00:00,0.01388,0.01377,73.00000000,68.00000000,100.00000000,0.10000000,0.09920749,-0.79250720,-0.99171470,-0.99171470,24H
SL7,ONDO/USDT,2026-07-22T10:00:00+00:00,2026-07-23T10:00:00+00:00,0.4109,0.4035,75.00000000,70.00000000,100.00000000,0.10000000,0.09819908,-1.80092480,-1.99912387,-1.99912387,24H
SL7,AAVE/USDT,2026-07-22T13:00:00+00:00,2026-07-23T13:00:00+00:00,97.91,96.11,75.00000000,70.00000000,100.00000000,0.10000000,0.09816158,-1.83842304,-2.03658462,-2.03658462,24H
SL7,MUB/USDT,2026-07-22T13:00:00+00:00,2026-07-23T13:00:00+00:00,972.31,977.98,75.00000000,70.00000000,100.00000000,0.10000000,0.10058315,0.58314735,0.38256420,0.38256420,24H
SL7,SKHYB/USDT,2026-07-22T14:00:00+00:00,2026-07-23T14:00:00+00:00,166.79,172.97,75.00000000,70.00000000,100.00000000,0.10000000,0.10370526,3.70525811,3.50155285,3.50155285,24H
SL7,ADA/USDT,2026-07-22T15:00:00+00:00,2026-07-23T15:00:00+00:00,0.1779,0.1705,75.00000000,70.00000000,100.00000000,0.10000000,0.09584036,-4.15964025,-4.35548061,-4.35548061,24H
SL7,WLD/USDT,2026-07-22T16:00:00+00:00,2026-07-23T16:00:00+00:00,0.3938,0.3766,75.00000000,70.00000000,100.00000000,0.10000000,0.09563230,-4.36769934,-4.56333164,-4.56333164,24H
SL7,OPN/USDT,2026-07-23T06:00:00+00:00,2026-07-23T21:00:00+00:00,0.0718,0.0667,73.00000000,68.00000000,100.00000000,0.10000000,0.09289694,-7.10306407,-7.29596100,-7.29596100,STOP_LOSS
SL7,EDEN/USDT,2026-07-23T01:00:00+00:00,2026-07-24T00:00:00+00:00,0.04409,0.04042,73.00000000,68.00000000,100.00000000,0.10000000,0.09167612,-8.32388297,-8.51555908,-8.51555908,STOP_LOSS
SL7,GRAM/USDT,2026-07-23T03:00:00+00:00,2026-07-24T03:00:00+00:00,1.516,1.455,73.00000000,68.00000000,100.00000000,0.10000000,0.09597625,-4.02374670,-4.21972296,-4.21972296,24H
SL7,SOXLB/USDT,2026-07-23T20:00:00+00:00,2026-07-24T03:00:00+00:00,162.95,150.69,75.00000000,70.00000000,100.00000000,0.10000000,0.09247622,-7.52378030,-7.71625652,-7.71625652,STOP_LOSS
SL7,BMT/USDT,2026-07-23T05:00:00+00:00,2026-07-24T05:00:00+00:00,0.01262,0.01228,70.00000000,70.00000000,100.00000000,0.10000000,0.09730586,-2.69413629,-2.89144216,-2.89144216,24H
SL7,OPN/USDT,2026-07-24T05:00:00+00:00,2026-07-24T08:00:00+00:00,0.0694,0.0627,75.00000000,70.00000000,100.00000000,0.10000000,0.09034582,-9.65417867,-9.84452450,-9.84452450,STOP_LOSS
SL7,KAITO/USDT,2026-07-23T10:00:00+00:00,2026-07-24T10:00:00+00:00,1.032,1.0396,75.00000000,70.00000000,100.00000000,0.10000000,0.10073643,0.73643411,0.53569767,0.53569767,24H
SL7,PLUME/USDT,2026-07-23T13:00:00+00:00,2026-07-24T13:00:00+00:00,0.01146,0.01114,73.00000000,68.00000000,100.00000000,0.10000000,0.09720768,-2.79232112,-2.98952880,-2.98952880,24H
SL7,SNDKB/USDT,2026-07-23T16:00:00+00:00,2026-07-24T13:00:00+00:00,1667.76,1494.24,72.00000000,67.00000000,100.00000000,0.10000000,0.08959563,-10.40437473,-10.59397036,-10.59397036,STOP_LOSS
SL7,ALLO/USDT,2026-07-24T11:00:00+00:00,2026-07-24T14:00:00+00:00,0.5096,0.47,70.00000000,65.00000000,100.00000000,0.10000000,0.09222920,-7.77080063,-7.96302983,-7.96302983,STOP_LOSS
SL7,RE/USDT,2026-07-23T16:00:00+00:00,2026-07-24T16:00:00+00:00,0.5261,0.608,70.00000000,70.00000000,100.00000000,0.10000000,0.11556738,15.56738263,15.35181524,15.35181524,24H
SL7,KAITO/USDT,2026-07-24T10:00:00+00:00,2026-07-24T16:00:00+00:00,1.0396,0.9354,73.00000000,68.00000000,100.00000000,0.10000000,0.08997691,-10.02308580,-10.21306272,-10.21306272,STOP_LOSS
SL7,HEI/USDT,2026-07-23T21:00:00+00:00,2026-07-24T21:00:00+00:00,0.103,0.0987,70.00000000,70.00000000,100.00000000,0.10000000,0.09582524,-4.17475728,-4.37058252,-4.37058252,24H
SL7,UNI/USDT,2026-07-24T05:00:00+00:00,2026-07-25T05:00:00+00:00,3.833,3.687,70.00000000,65.00000000,100.00000000,0.10000000,0.09619097,-3.80902687,-4.00521785,-4.00521785,24H
SL7,HOME/USDT,2026-07-24T14:00:00+00:00,2026-07-25T07:00:00+00:00,0.00689,0.0064,72.00000000,67.00000000,100.00000000,0.10000000,0.09288824,-7.11175617,-7.30464441,-7.30464441,STOP_LOSS
SL7,HEMI/USDT,2026-07-24T19:00:00+00:00,2026-07-25T09:00:00+00:00,0.00532,0.00492,75.00000000,70.00000000,100.00000000,0.10000000,0.09248120,-7.51879699,-7.71127820,-7.71127820,STOP_LOSS
SL7,RE/USDT,2026-07-25T07:00:00+00:00,2026-07-25T09:00:00+00:00,0.6078,0.5587,75.00000000,70.00000000,100.00000000,0.10000000,0.09192168,-8.07831524,-8.27023692,-8.27023692,STOP_LOSS
SL7,GPS/USDT,2026-07-24T10:00:00+00:00,2026-07-25T10:00:00+00:00,0.00923,0.00958,70.00000000,65.00000000,100.00000000,0.10000000,0.10379198,3.79198267,3.58819068,3.58819068,24H
SL7,PLUME/USDT,2026-07-24T14:00:00+00:00,2026-07-25T14:00:00+00:00,0.01141,0.01178,73.00000000,68.00000000,100.00000000,0.10000000,0.10324277,3.24276950,3.03952673,3.03952673,24H
SL7,XPL/USDT,2026-07-24T17:00:00+00:00,2026-07-25T17:00:00+00:00,0.08689,0.08322,75.00000000,70.00000000,100.00000000,0.10000000,0.09577627,-4.22373115,-4.41950742,-4.41950742,24H
SL7,TUT/USDT,2026-07-24T21:00:00+00:00,2026-07-25T21:00:00+00:00,0.01452,0.01538,75.00000000,70.00000000,100.00000000,0.10000000,0.10592287,5.92286501,5.71694215,5.71694215,24H
SL7,TREE/USDT,2026-07-25T00:00:00+00:00,2026-07-26T00:00:00+00:00,0.0394,0.0381,73.00000000,68.00000000,100.00000000,0.10000000,0.09670051,-3.29949239,-3.49619289,-3.49619289,24H
SL7,ALPINE/USDT,2026-07-25T13:00:00+00:00,2026-07-26T13:00:00+00:00,0.314,0.315,75.00000000,70.00000000,100.00000000,0.10000000,0.10031847,0.31847134,0.11815287,0.11815287,24H
SL7,PLUME/USDT,2026-07-25T15:00:00+00:00,2026-07-26T15:00:00+00:00,0.01177,0.01236,70.00000000,65.00000000,100.00000000,0.10000000,0.10501274,5.01274427,4.80773152,4.80773152,24H
SL7,TRX/USDT,2026-07-25T16:00:00+00:00,2026-07-26T16:00:00+00:00,0.3321,0.333,70.00000000,65.00000000,100.00000000,0.10000000,0.10027100,0.27100271,0.07073171,0.07073171,24H
SL7,MUBARAK/USDT,2026-07-25T19:00:00+00:00,2026-07-26T19:00:00+00:00,0.01076,0.0108,70.00000000,65.00000000,100.00000000,0.10000000,0.10037175,0.37174721,0.17137546,0.17137546,24H
SL7,PEPE/USDT,2026-07-26T02:00:00+00:00,2026-07-27T02:00:00+00:00,2.86e-06,2.94e-06,70.00000000,70.00000000,100.00000000,0.10000000,0.10279720,2.79720280,2.59440559,2.59440559,24H
SL7,DOT/USDT,2026-07-26T03:00:00+00:00,2026-07-27T03:00:00+00:00,0.82,0.818,70.00000000,65.00000000,100.00000000,0.10000000,0.09975610,-0.24390244,-0.44365854,-0.44365854,24H
SL7,FIL/USDT,2026-07-26T04:00:00+00:00,2026-07-27T04:00:00+00:00,0.7416,0.7478,70.00000000,65.00000000,100.00000000,0.10000000,0.10083603,0.83603020,0.63519417,0.63519417,24H
SL7,TAO/USDT,2026-07-26T04:00:00+00:00,2026-07-27T04:00:00+00:00,196.4,198.8,70.00000000,70.00000000,100.00000000,0.10000000,0.10122200,1.22199593,1.02077393,1.02077393,24H
SL7,RARE/USDT,2026-07-26T09:00:00+00:00,2026-07-27T09:00:00+00:00,0.01279,0.01259,70.00000000,65.00000000,100.00000000,0.10000000,0.09843628,-1.56372166,-1.76215794,-1.76215794,24H
SL7,LINK/USDT,2026-07-26T13:00:00+00:00,2026-07-27T13:00:00+00:00,8.458,8.772,70.00000000,65.00000000,100.00000000,0.10000000,0.10371246,3.71246157,3.50874911,3.50874911,24H
SL7,ONDO/USDT,2026-07-26T16:00:00+00:00,2026-07-27T16:00:00+00:00,0.4062,0.4094,90.00000000,100.00000000,100.00000000,0.10000000,0.10078779,0.78778927,0.58700148,0.58700148,24H
SL7,USDE/USDT,2026-07-26T16:00:00+00:00,2026-07-27T16:00:00+00:00,1.0009,1.0009,87.00000000,87.00000000,100.00000000,0.10000000,0.10000000,0.00000000,-0.20000000,-0.20000000,24H
SL7,USDC/USDT,2026-07-26T19:00:00+00:00,2026-07-27T19:00:00+00:00,1.00087,1.00084,87.00000000,87.00000000,100.00000000,0.10000000,0.09999700,-0.00299739,-0.20299439,-0.20299439,24H
SL7,PLUME/USDT,2026-07-27T02:00:00+00:00,2026-07-27T22:00:00+00:00,0.01231,0.01123,90.00000000,95.00000000,100.00000000,0.10000000,0.09122665,-8.77335500,-8.96458164,-8.96458164,STOP_LOSS
SL7,EDEN/USDT,2026-07-27T09:00:00+00:00,2026-07-27T22:00:00+00:00,0.04471,0.04106,90.00000000,100.00000000,100.00000000,0.10000000,0.09183628,-8.16372176,-8.35555804,-8.35555804,STOP_LOSS
SL7,ENA/USDT,2026-07-27T13:00:00+00:00,2026-07-27T22:00:00+00:00,0.0923,0.0836,95.00000000,100.00000000,100.00000000,0.10000000,0.09057421,-9.42578548,-9.61635970,-9.61635970,STOP_LOSS
SL7,ALPINE/USDT,2026-07-27T03:00:00+00:00,2026-07-28T03:00:00+00:00,0.32,0.304,87.00000000,87.00000000,100.00000000,0.10000000,0.09500000,-5.00000000,-5.19500000,-5.19500000,24H
SL7,CRCLB/USDT,2026-07-27T04:00:00+00:00,2026-07-28T04:00:00+00:00,63.92,63.19,87.00000000,87.00000000,100.00000000,0.10000000,0.09885795,-1.14205257,-1.34091051,-1.34091051,24H
SL7,XUSD/USDT,2026-07-27T04:00:00+00:00,2026-07-28T04:00:00+00:00,1.0012,1.0012,87.00000000,87.00000000,100.00000000,0.10000000,0.10000000,0.00000000,-0.20000000,-0.20000000,24H
SL7,KAITO/USDT,2026-07-27T22:00:00+00:00,2026-07-28T06:00:00+00:00,1.3423,1.2424,78.00000000,83.00000000,100.00000000,0.10000000,0.09255755,-7.44244953,-7.63500708,-7.63500708,STOP_LOSS
SL7,RLUSD/USDT,2026-07-27T16:00:00+00:00,2026-07-28T16:00:00+00:00,1.0013,1.0011,87.00000000,87.00000000,100.00000000,0.10000000,0.09998003,-0.01997403,-0.21995406,-0.21995406,24H
SL7,MSTRB/USDT,2026-07-27T16:00:00+00:00,2026-07-28T16:00:00+00:00,97.4,98.12,81.00000000,86.00000000,100.00000000,0.10000000,0.10073922,0.73921971,0.53848049,0.53848049,24H
SL7,PUMP/USDT,2026-07-27T22:00:00+00:00,2026-07-28T18:00:00+00:00,0.002113,0.001949,82.00000000,82.00000000,100.00000000,0.10000000,0.09223852,-7.76147657,-7.95371510,-7.95371510,STOP_LOSS
SL7,TREE/USDT,2026-07-27T19:00:00+00:00,2026-07-28T19:00:00+00:00,0.0397,0.0378,89.00000000,88.00000000,100.00000000,0.10000000,0.09521411,-4.78589421,-4.98110831,-4.98110831,24H
SL7,USD1/USDT,2026-07-27T22:00:00+00:00,2026-07-28T22:00:00+00:00,0.99985,0.99968,84.00000000,84.00000000,100.00000000,0.10000000,0.09998300,-0.01700255,-0.21698555,-0.21698555,24H
SL7,USDC/USDT,2026-07-28T03:00:00+00:00,2026-07-29T03:00:00+00:00,1.00096,1.0012,76.00000000,71.00000000,100.00000000,0.10000000,0.10002398,0.02397698,-0.17604699,-0.17604699,24H
SL7,FDUSD/USDT,2026-07-28T04:00:00+00:00,2026-07-29T04:00:00+00:00,0.9993,0.9983,87.00000000,87.00000000,100.00000000,0.10000000,0.09989993,-0.10007005,-0.29996998,-0.29996998,24H
SL7,GPS/USDT,2026-07-28T04:00:00+00:00,2026-07-29T04:00:00+00:00,0.00927,0.00972,72.00000000,69.00000000,100.00000000,0.10000000,0.10485437,4.85436893,4.64951456,4.64951456,24H
SL7,USDE/USDT,2026-07-28T06:00:00+00:00,2026-07-29T06:00:00+00:00,1.0009,1.0007,81.00000000,80.00000000,100.00000000,0.10000000,0.09998002,-0.01998202,-0.21996203,-0.21996203,24H
SL7,AAVE/USDT,2026-07-28T16:00:00+00:00,2026-07-29T16:00:00+00:00,101.26,98.73,95.00000000,100.00000000,100.00000000,0.10000000,0.09750148,-2.49851866,-2.69602015,-2.69602015,24H
SL7,ONDO/USDT,2026-07-28T16:00:00+00:00,2026-07-29T16:00:00+00:00,0.4088,0.3937,89.00000000,88.00000000,100.00000000,0.10000000,0.09630626,-3.69373777,-3.89004403,-3.89004403,24H
SL7,PLUME/USDT,2026-07-28T18:00:00+00:00,2026-07-29T18:00:00+00:00,0.01219,0.01212,89.00000000,88.00000000,100.00000000,0.10000000,0.09942576,-0.57424118,-0.77366694,-0.77366694,24H
SL7,ALPINE/USDT,2026-07-28T19:00:00+00:00,2026-07-29T19:00:00+00:00,0.317,0.309,87.00000000,87.00000000,100.00000000,0.10000000,0.09747634,-2.52365931,-2.72113565,-2.72113565,24H
SL7,RLUSD/USDT,2026-07-28T22:00:00+00:00,2026-07-29T22:00:00+00:00,1.0012,1.0012,76.00000000,71.00000000,100.00000000,0.10000000,0.10000000,0.00000000,-0.20000000,-0.20000000,24H
SL7,KAITO/USDT,2026-07-29T03:00:00+00:00,2026-07-30T03:00:00+00:00,1.249,1.1818,89.00000000,88.00000000,100.00000000,0.10000000,0.09461970,-5.38030424,-5.57492394,-5.57492394,24H
SL7,GPS/USDT,2026-07-29T04:00:00+00:00,2026-07-30T04:00:00+00:00,0.00972,0.00982,90.00000000,95.00000000,100.00000000,0.10000000,0.10102881,1.02880658,0.82777778,0.82777778,24H
SL7,U/USDT,2026-07-29T04:00:00+00:00,2026-07-30T04:00:00+00:00,1.0009,1.0009,84.00000000,84.00000000,100.00000000,0.10000000,0.10000000,0.00000000,-0.20000000,-0.20000000,24H
SL7,XUSD/USDT,2026-07-29T06:00:00+00:00,2026-07-30T06:00:00+00:00,1.0013,1.0012,87.00000000,87.00000000,100.00000000,0.10000000,0.09999001,-0.00998702,-0.20997703,-0.20997703,24H
SL7,RE/USDT,2026-07-29T16:00:00+00:00,2026-07-30T16:00:00+00:00,0.4686,0.4452,79.00000000,76.00000000,100.00000000,0.10000000,0.09500640,-4.99359795,-5.18860435,-5.18860435,24H
SL7,USD1/USDT,2026-07-29T16:00:00+00:00,2026-07-30T16:00:00+00:00,1.00016,1,76.00000000,71.00000000,100.00000000,0.10000000,0.09998400,-0.01599744,-0.21598144,-0.21598144,24H
SL7,ADA/USDT,2026-07-29T18:00:00+00:00,2026-07-30T18:00:00+00:00,0.1679,0.1723,84.00000000,89.00000000,100.00000000,0.10000000,0.10262061,2.62060750,2.41798690,2.41798690,24H
SL7,PLUME/USDT,2026-07-29T19:00:00+00:00,2026-07-30T19:00:00+00:00,0.01215,0.01154,87.00000000,86.00000000,100.00000000,0.10000000,0.09497942,-5.02057613,-5.21555556,-5.21555556,24H
SL7,UNI/USDT,2026-07-29T22:00:00+00:00,2026-07-30T22:00:00+00:00,4.002,4.412,76.00000000,71.00000000,100.00000000,0.10000000,0.11024488,10.24487756,10.03463268,10.03463268,24H
SL7,ALPINE/USDT,2026-07-30T04:00:00+00:00,2026-07-31T04:00:00+00:00,0.322,0.312,84.00000000,84.00000000,100.00000000,0.10000000,0.09689441,-3.10559006,-3.30248447,-3.30248447,24H
SL7,GPS/USDT,2026-07-30T04:00:00+00:00,2026-07-31T04:00:00+00:00,0.00982,0.00964,82.00000000,82.00000000,100.00000000,0.10000000,0.09816701,-1.83299389,-2.03116090,-2.03116090,24H
SL7,USDC/USDT,2026-07-30T06:00:00+00:00,2026-07-31T06:00:00+00:00,1.00108,1.00067,81.00000000,80.00000000,100.00000000,0.10000000,0.09995904,-0.04095577,-0.24091481,-0.24091481,24H
SL7,AAVE/USDT,2026-07-30T16:00:00+00:00,2026-07-31T16:00:00+00:00,100.23,96.59,90.00000000,95.00000000,100.00000000,0.10000000,0.09636835,-3.63164721,-3.82801556,-3.82801556,24H
SL7,PAXG/USDT,2026-07-30T16:00:00+00:00,2026-07-31T16:00:00+00:00,4104.06,4043.63,87.00000000,87.00000000,100.00000000,0.10000000,0.09852756,-1.47244436,-1.67097192,-1.67097192,24H
SL7,FIL/USDT,2026-07-30T18:00:00+00:00,2026-07-31T18:00:00+00:00,0.7153,0.7209,89.00000000,89.00000000,100.00000000,0.10000000,0.10078289,0.78288830,0.58210541,0.58210541,24H
SL7,PUMP/USDT,2026-07-30T19:00:00+00:00,2026-07-31T19:00:00+00:00,0.002021,0.002118,89.00000000,88.00000000,100.00000000,0.10000000,0.10479960,4.79960416,4.59480455,4.59480455,24H
SL7,SOXLB/USDT,2026-07-30T22:00:00+00:00,2026-07-31T20:00:00+00:00,122.59,113.19,84.00000000,89.00000000,100.00000000,0.10000000,0.09233216,-7.66783588,-7.86016804,-7.86016804,STOP_LOSS
SL7,MUBARAK/USDT,2026-07-31T04:00:00+00:00,2026-08-01T04:00:00+00:00,0.0121,0.01244,95.00000000,100.00000000,100.00000000,0.10000000,0.10280992,2.80991736,2.60710744,2.60710744,24H
SL7,BEL/USDT,2026-07-31T04:00:00+00:00,2026-08-01T04:00:00+00:00,0.0977,0.099,89.00000000,89.00000000,100.00000000,0.10000000,0.10133060,1.33060389,1.12927329,1.12927329,24H
SL7,EUR/USDT,2026-07-31T06:00:00+00:00,2026-08-01T06:00:00+00:00,1.1525,1.1537,87.00000000,87.00000000,100.00000000,0.10000000,0.10010412,0.10412148,-0.09598265,-0.09598265,24H
SL7,GIGGLE/USDT,2026-07-31T20:00:00+00:00,2026-08-01T15:00:00+00:00,43.89,38.8,79.00000000,71.00000000,100.00000000,0.10000000,0.08840283,-11.59717476,-11.78557758,-11.78557758,STOP_LOSS
SL7,TUT/USDT,2026-07-31T16:00:00+00:00,2026-08-01T16:00:00+00:00,0.01572,0.01746,89.00000000,88.00000000,100.00000000,0.10000000,0.11106870,11.06870229,10.85763359,10.85763359,24H
SL7,ADA/USDT,2026-07-31T16:00:00+00:00,2026-08-01T16:00:00+00:00,0.1709,0.1742,84.00000000,83.00000000,100.00000000,0.10000000,0.10193095,1.93095377,1.72902282,1.72902282,24H
SL7,ALPINE/USDT,2026-07-31T18:00:00+00:00,2026-08-01T18:00:00+00:00,0.321,0.322,87.00000000,86.00000000,100.00000000,0.10000000,0.10031153,0.31152648,0.11121495,0.11121495,24H
SL7,PUMP/USDT,2026-07-31T19:00:00+00:00,2026-08-01T19:00:00+00:00,0.002118,0.002109,84.00000000,84.00000000,100.00000000,0.10000000,0.09957507,-0.42492918,-0.62450425,-0.62450425,24H
SL7,TAO/USDT,2026-08-01T04:00:00+00:00,2026-08-02T04:00:00+00:00,199.3,195.5,92.00000000,97.00000000,100.00000000,0.10000000,0.09809333,-1.90667336,-2.10476668,-2.10476668,24H
SL7,USDE/USDT,2026-08-01T04:00:00+00:00,2026-08-02T04:00:00+00:00,1.0008,1.0005,87.00000000,87.00000000,100.00000000,0.10000000,0.09997002,-0.02997602,-0.22994604,-0.22994604,24H
SL7,BNB/USDT,2026-08-01T06:00:00+00:00,2026-08-02T06:00:00+00:00,591.31,585,84.00000000,84.00000000,100.00000000,0.10000000,0.09893288,-1.06712215,-1.26605503,-1.26605503,24H
SL7,DOT/USDT,2026-08-01T15:00:00+00:00,2026-08-02T15:00:00+00:00,0.777,0.793,87.00000000,87.00000000,100.00000000,0.10000000,0.10205920,2.05920206,1.85714286,1.85714286,24H
SL7,PEPE/USDT,2026-08-01T16:00:00+00:00,2026-08-02T16:00:00+00:00,2.78e-06,2.91e-06,87.00000000,87.00000000,100.00000000,0.10000000,0.10467626,4.67625899,4.47158273,4.47158273,24H
SL7,KAITO/USDT,2026-08-01T16:00:00+00:00,2026-08-02T16:00:00+00:00,1.1497,1.1004,82.00000000,84.00000000,100.00000000,0.10000000,0.09571192,-4.28807515,-4.48378707,-4.48378707,24H
SL7,HOME/USDT,2026-08-01T18:00:00+00:00,2026-08-02T18:00:00+00:00,0.00604,0.00826,89.00000000,89.00000000,100.00000000,0.10000000,0.13675497,36.75496689,36.51821192,36.51821192,24H
SL7,ARB/USDT,2026-08-01T19:00:00+00:00,2026-08-02T19:00:00+00:00,0.0785,0.0816,81.00000000,81.00000000,100.00000000,0.10000000,0.10394904,3.94904459,3.74509554,3.74509554,24H
SL7,PUMP/USDT,2026-08-02T04:00:00+00:00,2026-08-02T22:00:00+00:00,0.002274,0.002107,89.00000000,88.00000000,100.00000000,0.10000000,0.09265611,-7.34388742,-7.53654354,-7.53654354,STOP_LOSS
SL7,EWYB/USDT,2026-08-02T04:00:00+00:00,2026-08-03T04:00:00+00:00,160.6,160.32,87.00000000,87.00000000,100.00000000,0.10000000,0.09982565,-0.17434620,-0.37417186,-0.37417186,24H
SL7,FDUSD/USDT,2026-08-02T06:00:00+00:00,2026-08-03T06:00:00+00:00,0.9982,0.9979,81.00000000,81.00000000,100.00000000,0.10000000,0.09996995,-0.03005410,-0.23002404,-0.23002404,24H
SL7,KORUB/USDT,2026-08-02T22:00:00+00:00,2026-08-03T11:00:00+00:00,16.05,14.58,89.00000000,89.00000000,100.00000000,0.10000000,0.09084112,-9.15887850,-9.34971963,-9.34971963,STOP_LOSS
SL7,GIGGLE/USDT,2026-08-03T06:00:00+00:00,2026-08-03T13:00:00+00:00,45.49,41.55,95.00000000,100.00000000,100.00000000,0.10000000,0.09133876,-8.66124423,-8.85258299,-8.85258299,STOP_LOSS
SL7,BICO/USDT,2026-08-02T15:00:00+00:00,2026-08-03T15:00:00+00:00,0.01213,0.01821,87.00000000,87.00000000,100.00000000,0.10000000,0.15012366,50.12366035,49.87353669,49.87353669,24H
SL7,MUBARAK/USDT,2026-08-02T16:00:00+00:00,2026-08-03T16:00:00+00:00,0.01273,0.01266,92.00000000,97.00000000,100.00000000,0.10000000,0.09945012,-0.54988217,-0.74933229,-0.74933229,24H
SL7,BNB/USDT,2026-08-02T16:00:00+00:00,2026-08-03T16:00:00+00:00,587.7,592.46,82.00000000,82.00000000,100.00000000,0.10000000,0.10080994,0.80993704,0.60912711,0.60912711,24H
SL7,NEAR/USDT,2026-08-02T18:00:00+00:00,2026-08-03T18:00:00+00:00,1.71,1.747,84.00000000,84.00000000,100.00000000,0.10000000,0.10216374,2.16374269,1.96157895,1.96157895,24H
SL7,ZEC/USDT,2026-08-02T18:00:00+00:00,2026-08-03T18:00:00+00:00,474.85,487.68,84.00000000,84.00000000,100.00000000,0.10000000,0.10270191,2.70190587,2.49920396,2.49920396,24H
SL7,EUR/USDT,2026-08-02T19:00:00+00:00,2026-08-03T19:00:00+00:00,1.1546,1.1519,87.00000000,87.00000000,100.00000000,0.10000000,0.09976615,-0.23384722,-0.43361337,-0.43361337,24H
SL7,BMT/USDT,2026-08-03T04:00:00+00:00,2026-08-04T04:00:00+00:00,0.01182,0.01192,93.00000000,98.00000000,100.00000000,0.10000000,0.10084602,0.84602369,0.64517766,0.64517766,24H
SL7,ADA/USDT,2026-08-03T11:00:00+00:00,2026-08-04T11:00:00+00:00,0.1865,0.1945,89.00000000,88.00000000,100.00000000,0.10000000,0.10428954,4.28954424,4.08525469,4.08525469,24H
SL7,HOME/USDT,2026-08-03T15:00:00+00:00,2026-08-04T15:00:00+00:00,0.00751,0.01047,92.00000000,97.00000000,100.00000000,0.10000000,0.13941411,39.41411451,39.17470040,39.17470040,24H
SL7,PEPE/USDT,2026-08-03T15:00:00+00:00,2026-08-04T15:00:00+00:00,2.92e-06,2.9e-06,92.00000000,97.00000000,100.00000000,0.10000000,0.09931507,-0.68493151,-0.88424658,-0.88424658,24H
SL7,OPN/USDT,2026-08-03T16:00:00+00:00,2026-08-04T16:00:00+00:00,0.0506,0.0498,89.00000000,89.00000000,100.00000000,0.10000000,0.09841897,-1.58102767,-1.77944664,-1.77944664,24H
SL7,GALA/USDT,2026-08-03T16:00:00+00:00,2026-08-04T16:00:00+00:00,0.001801,0.001785,87.00000000,87.00000000,100.00000000,0.10000000,0.09911160,-0.88839534,-1.08750694,-1.08750694,24H
SL7,PUMP/USDT,2026-08-03T18:00:00+00:00,2026-08-04T18:00:00+00:00,0.002216,0.002345,95.00000000,100.00000000,100.00000000,0.10000000,0.10582130,5.82129964,5.61547834,5.61547834,24H
SL7,BCH/USDT,2026-08-03T18:00:00+00:00,2026-08-04T18:00:00+00:00,213.3,214,84.00000000,84.00000000,100.00000000,0.10000000,0.10032818,0.32817628,0.12784810,0.12784810,24H
SL7,SNDKB/USDT,2026-08-03T19:00:00+00:00,2026-08-04T19:00:00+00:00,1289.32,1428.82,83.00000000,82.00000000,100.00000000,0.10000000,0.11081966,10.81965687,10.60883722,10.60883722,24H
SL7,BMT/USDT,2026-08-04T04:00:00+00:00,2026-08-05T04:00:00+00:00,0.01192,0.01233,84.00000000,83.00000000,100.00000000,0.10000000,0.10343960,3.43959732,3.23615772,3.23615772,24H
SL7,SNXXB/USDT,2026-08-04T11:00:00+00:00,2026-08-05T11:00:00+00:00,11.75,12.28,89.00000000,89.00000000,100.00000000,0.10000000,0.10451064,4.51063830,4.30612766,4.30612766,24H
SL7,PORTAL/USDT,2026-08-04T15:00:00+00:00,2026-08-05T15:00:00+00:00,0.01074,0.01097,95.00000000,100.00000000,100.00000000,0.10000000,0.10214153,2.14152700,1.93938547,1.93938547,24H
SL7,ZEC/USDT,2026-08-04T15:00:00+00:00,2026-08-05T15:00:00+00:00,498.59,516.11,93.00000000,98.00000000,100.00000000,0.10000000,0.10351391,3.51390922,3.31039531,3.31039531,24H
SL7,MUBARAK/USDT,2026-08-04T16:00:00+00:00,2026-08-05T16:00:00+00:00,0.01305,0.01317,95.00000000,100.00000000,100.00000000,0.10000000,0.10091954,0.91954023,0.71862069,0.71862069,24H
SL7,DOT/USDT,2026-08-04T16:00:00+00:00,2026-08-05T16:00:00+00:00,0.843,0.854,93.00000000,98.00000000,100.00000000,0.10000000,0.10130486,1.30486358,1.10355872,1.10355872,24H
SL7,PUMP/USDT,2026-08-04T18:00:00+00:00,2026-08-05T18:00:00+00:00,0.002345,0.00243,90.00000000,100.00000000,100.00000000,0.10000000,0.10362473,3.62473348,3.42110874,3.42110874,24H
SL7,FET/USDT,2026-08-04T18:00:00+00:00,2026-08-05T18:00:00+00:00,0.1476,0.1459,89.00000000,89.00000000,100.00000000,0.10000000,0.09884824,-1.15176152,-1.35060976,-1.35060976,24H
SL7,CHIP/USDT,2026-08-04T19:00:00+00:00,2026-08-05T19:00:00+00:00,0.02539,0.02483,86.00000000,86.00000000,100.00000000,0.10000000,0.09779441,-2.20559275,-2.40338716,-2.40338716,24H
SL7,ENA/USDT,2026-08-04T19:00:00+00:00,2026-08-05T19:00:00+00:00,0.0923,0.092,84.00000000,83.00000000,100.00000000,0.10000000,0.09967497,-0.32502709,-0.52470206,-0.52470206,24H
SL7,SNXXB/USDT,2026-08-05T16:00:00+00:00,2026-08-05T19:00:00+00:00,12.64,11.41,95.00000000,100.00000000,100.00000000,0.10000000,0.09026899,-9.73101266,-9.92128165,-9.92128165,STOP_LOSS
SL7,HEMI/USDT,2026-08-05T04:00:00+00:00,2026-08-06T04:00:00+00:00,0.00478,0.00499,92.00000000,97.00000000,100.00000000,0.10000000,0.10439331,4.39330544,4.18891213,4.18891213,24H
SL7,EURI/USDT,2026-08-05T11:00:00+00:00,2026-08-06T11:00:00+00:00,1.1558,1.1549,87.00000000,87.00000000,100.00000000,0.10000000,0.09992213,-0.07786814,-0.27779028,-0.27779028,24H
SL7,HEI/USDT,2026-08-05T19:00:00+00:00,2026-08-06T14:00:00+00:00,0.2703,0.2174,87.00000000,84.00000000,100.00000000,0.10000000,0.08042915,-19.57084721,-19.75127636,-19.75127636,STOP_LOSS
SL7,TUT/USDT,2026-08-05T15:00:00+00:00,2026-08-06T15:00:00+00:00,0.02643,0.0264,89.00000000,88.00000000,100.00000000,0.10000000,0.09988649,-0.11350738,-0.31339387,-0.31339387,24H
SL7,UNI/USDT,2026-08-05T15:00:00+00:00,2026-08-06T15:00:00+00:00,4.017,4.072,87.00000000,87.00000000,100.00000000,0.10000000,0.10136918,1.36918098,1.16781180,1.16781180,24H
SL7,HOME/USDT,2026-08-06T11:00:00+00:00,2026-08-06T15:00:00+00:00,0.01049,0.00972,95.00000000,92.00000000,100.00000000,0.10000000,0.09265968,-7.34032412,-7.53298379,-7.53298379,STOP_LOSS
SL7,ETH/USDT,2026-08-05T16:00:00+00:00,2026-08-06T16:00:00+00:00,1895.56,1915.77,87.00000000,87.00000000,100.00000000,0.10000000,0.10106618,1.06617569,0.86510952,0.86510952,24H
SL7,ALPINE/USDT,2026-08-05T18:00:00+00:00,2026-08-06T18:00:00+00:00,0.319,0.318,84.00000000,83.00000000,100.00000000,0.10000000,0.09968652,-0.31347962,-0.51316614,-0.51316614,24H
SL7,BICO/USDT,2026-08-05T18:00:00+00:00,2026-08-06T18:00:00+00:00,0.02757,0.03871,84.00000000,80.00000000,100.00000000,0.10000000,0.14040624,40.40623867,40.16583243,40.16583243,24H
SL7,PORTAL/USDT,2026-08-05T19:00:00+00:00,2026-08-06T19:00:00+00:00,0.01125,0.01155,95.00000000,100.00000000,100.00000000,0.10000000,0.10266667,2.66666667,2.46400000,2.46400000,24H
SL7,MSTRB/USDT,2026-08-05T19:00:00+00:00,2026-08-06T19:00:00+00:00,98.4,96.84,89.00000000,88.00000000,100.00000000,0.10000000,0.09841463,-1.58536585,-1.78378049,-1.78378049,24H
SL7,BICO/USDT,2026-08-06T19:00:00+00:00,2026-08-07T02:00:00+00:00,0.0385,0.03471,79.00000000,71.00000000,100.00000000,0.10000000,0.09015584,-9.84415584,-10.03431169,-10.03431169,STOP_LOSS
SL7,ACE/USDT,2026-08-06T04:00:00+00:00,2026-08-07T04:00:00+00:00,0.0723,0.14,83.00000000,82.00000000,100.00000000,0.10000000,0.19363762,93.63762102,93.34398340,93.34398340,24H
SL7,RE/USDT,2026-08-06T19:00:00+00:00,2026-08-07T06:00:00+00:00,0.4227,0.3853,84.00000000,89.00000000,100.00000000,0.10000000,0.09115212,-8.84788266,-9.03903478,-9.03903478,STOP_LOSS
SL7,CRCLB/USDT,2026-08-06T15:00:00+00:00,2026-08-07T15:00:00+00:00,65.41,66.78,95.00000000,100.00000000,100.00000000,0.10000000,0.10209448,2.09448097,1.89238649,1.89238649,24H
SL7,HEMI/USDT,2026-08-06T15:00:00+00:00,2026-08-07T15:00:00+00:00,0.00519,0.00522,95.00000000,100.00000000,100.00000000,0.10000000,0.10057803,0.57803468,0.37745665,0.37745665,24H
SL7,UNI/USDT,2026-08-06T15:00:00+00:00,2026-08-07T15:00:00+00:00,4.072,3.994,90.00000000,95.00000000,100.00000000,0.10000000,0.09808448,-1.91552063,-2.11360511,-2.11360511,24H
SL7,ADA/USDT,2026-08-06T16:00:00+00:00,2026-08-07T16:00:00+00:00,0.2068,0.1993,90.00000000,100.00000000,100.00000000,0.10000000,0.09637331,-3.62669246,-3.82306576,-3.82306576,24H
SL7,TREE/USDT,2026-08-06T18:00:00+00:00,2026-08-07T18:00:00+00:00,0.036,0.0364,87.00000000,87.00000000,100.00000000,0.10000000,0.10111111,1.11111111,0.91000000,0.91000000,24H
SL7,ALLO/USDT,2026-08-06T18:00:00+00:00,2026-08-07T18:00:00+00:00,0.2814,0.3596,81.00000000,80.00000000,100.00000000,0.10000000,0.12778962,27.78962331,27.56183369,27.56183369,24H
SL7,PUMP/USDT,2026-08-06T18:00:00+00:00,2026-08-07T18:00:00+00:00,0.002374,0.002317,79.00000000,75.00000000,100.00000000,0.10000000,0.09759899,-2.40101095,-2.59860994,-2.59860994,24H
SL7,ONG/USDT,2026-08-07T02:00:00+00:00,2026-08-08T02:00:00+00:00,0.04259,0.04271,87.00000000,87.00000000,100.00000000,0.10000000,0.10028176,0.28175628,0.08147452,0.08147452,24H
SL7,TUT/USDT,2026-08-07T04:00:00+00:00,2026-08-08T04:00:00+00:00,0.02853,0.04376,92.00000000,97.00000000,100.00000000,0.10000000,0.15338240,53.38240449,53.12902208,53.12902208,24H
SL7,RARE/USDT,2026-08-07T06:00:00+00:00,2026-08-08T06:00:00+00:00,0.01258,0.01238,92.00000000,97.00000000,100.00000000,0.10000000,0.09841017,-1.58982512,-1.78823529,-1.78823529,24H
SL7,LTC/USDT,2026-08-07T15:00:00+00:00,2026-08-08T15:00:00+00:00,45.96,45.88,90.00000000,95.00000000,100.00000000,0.10000000,0.09982594,-0.17406440,-0.37389034,-0.37389034,24H
SL7,BICO/USDT,2026-08-07T15:00:00+00:00,2026-08-08T15:00:00+00:00,0.05296,0.05816,89.00000000,80.00000000,100.00000000,0.10000000,0.10981873,9.81873112,9.60891239,9.60891239,24H
SL7,GPS/USDT,2026-08-07T15:00:00+00:00,2026-08-08T15:00:00+00:00,0.00976,0.00973,87.00000000,86.00000000,100.00000000,0.10000000,0.09969262,-0.30737705,-0.50706967,-0.50706967,24H
SL7,ZEC/USDT,2026-08-07T16:00:00+00:00,2026-08-08T16:00:00+00:00,514.37,507.76,90.00000000,95.00000000,100.00000000,0.10000000,0.09871493,-1.28506717,-1.48378210,-1.48378210,24H
SL7,BEL/USDT,2026-08-07T18:00:00+00:00,2026-08-08T18:00:00+00:00,0.1017,0.108,87.00000000,87.00000000,100.00000000,0.10000000,0.10619469,6.19469027,5.98849558,5.98849558,24H
SL7,TREE/USDT,2026-08-07T18:00:00+00:00,2026-08-08T18:00:00+00:00,0.0364,0.0369,84.00000000,84.00000000,100.00000000,0.10000000,0.10137363,1.37362637,1.17225275,1.17225275,24H
SL7,TRUMP/USDT,2026-08-07T18:00:00+00:00,2026-08-08T18:00:00+00:00,1.484,1.489,84.00000000,84.00000000,100.00000000,0.10000000,0.10033693,0.33692722,0.13659030,0.13659030,24H
SL7,OPN/USDT,2026-08-08T02:00:00+00:00,2026-08-09T02:00:00+00:00,0.0534,0.0537,95.00000000,100.00000000,100.00000000,0.10000000,0.10056180,0.56179775,0.36123596,0.36123596,24H
SL7,ACE/USDT,2026-08-08T15:00:00+00:00,2026-08-09T02:00:00+00:00,0.1407,0.1279,95.00000000,92.00000000,100.00000000,0.10000000,0.09090263,-9.09737029,-9.28827292,-9.28827292,STOP_LOSS
SL7,MUBARAK/USDT,2026-08-08T04:00:00+00:00,2026-08-09T04:00:00+00:00,0.01436,0.01668,87.00000000,86.00000000,100.00000000,0.10000000,0.11615599,16.15598886,15.93983287,15.93983287,24H
SL7,TAO/USDT,2026-08-08T06:00:00+00:00,2026-08-09T06:00:00+00:00,197.4,205.4,90.00000000,95.00000000,100.00000000,0.10000000,0.10405268,4.05268490,3.84863222,3.84863222,24H
SL7,EDEN/USDT,2026-08-08T15:00:00+00:00,2026-08-09T15:00:00+00:00,0.04339,0.04246,95.00000000,100.00000000,100.00000000,0.10000000,0.09785665,-2.14335100,-2.34120765,-2.34120765,24H
SL7,RARE/USDT,2026-08-08T15:00:00+00:00,2026-08-09T15:00:00+00:00,0.01278,0.01345,93.00000000,98.00000000,100.00000000,0.10000000,0.10524257,5.24256651,5.03732394,5.03732394,24H
SL7,ONG/USDT,2026-08-08T16:00:00+00:00,2026-08-09T16:00:00+00:00,0.04311,0.04355,90.00000000,95.00000000,100.00000000,0.10000000,0.10102064,1.02064486,0.81962422,0.81962422,24H
SL7,PORTAL/USDT,2026-08-08T18:00:00+00:00,2026-08-09T18:00:00+00:00,0.01142,0.01144,95.00000000,100.00000000,100.00000000,0.10000000,0.10017513,0.17513135,-0.02504378,-0.02504378,24H
SL7,GIGGLE/USDT,2026-08-08T18:00:00+00:00,2026-08-09T18:00:00+00:00,35.55,34.38,84.00000000,89.00000000,100.00000000,0.10000000,0.09670886,-3.29113924,-3.48784810,-3.48784810,24H
SL7,GPS/USDT,2026-08-08T18:00:00+00:00,2026-08-09T18:00:00+00:00,0.00991,0.00975,84.00000000,84.00000000,100.00000000,0.10000000,0.09838547,-1.61453078,-1.81291625,-1.81291625,24H
SL7,PUMP/USDT,2026-08-09T02:00:00+00:00,2026-08-10T02:00:00+00:00,0.002477,0.002703,87.00000000,92.00000000,100.00000000,0.10000000,0.10912394,9.12394025,8.91481631,8.91481631,24H
SL7,TREE/USDT,2026-08-09T02:00:00+00:00,2026-08-10T02:00:00+00:00,0.0373,0.0375,87.00000000,86.00000000,100.00000000,0.10000000,0.10053619,0.53619303,0.33565684,0.33565684,24H
SL7,EURI/USDT,2026-08-09T04:00:00+00:00,2026-08-10T04:00:00+00:00,1.1559,1.1554,84.00000000,84.00000000,100.00000000,0.10000000,0.09995674,-0.04325634,-0.24321308,-0.24321308,24H
SL7,ALPINE/USDT,2026-08-09T06:00:00+00:00,2026-08-10T06:00:00+00:00,0.336,0.331,90.00000000,95.00000000,100.00000000,0.10000000,0.09851190,-1.48809524,-1.68660714,-1.68660714,24H
SL7,BEL/USDT,2026-08-09T15:00:00+00:00,2026-08-10T15:00:00+00:00,0.1109,0.1073,90.00000000,95.00000000,100.00000000,0.10000000,0.09675383,-3.24616772,-3.44292155,-3.44292155,24H
SL7,KORUB/USDT,2026-08-09T15:00:00+00:00,2026-08-10T15:00:00+00:00,17.41,16.78,90.00000000,95.00000000,100.00000000,0.10000000,0.09638139,-3.61860999,-3.81499138,-3.81499138,24H
SL7,CRCLB/USDT,2026-08-09T16:00:00+00:00,2026-08-10T16:00:00+00:00,68.32,65.86,90.00000000,95.00000000,100.00000000,0.10000000,0.09639930,-3.60070258,-3.79710187,-3.79710187,24H
SL7,RARE/USDT,2026-08-09T18:00:00+00:00,2026-08-10T18:00:00+00:00,0.01368,0.01352,92.00000000,97.00000000,100.00000000,0.10000000,0.09883041,-1.16959064,-1.36842105,-1.36842105,24H
SL7,PEPE/USDT,2026-08-09T18:00:00+00:00,2026-08-10T18:00:00+00:00,2.92e-06,2.86e-06,90.00000000,95.00000000,100.00000000,0.10000000,0.09794521,-2.05479452,-2.25273973,-2.25273973,24H
SL7,TRUMP/USDT,2026-08-09T18:00:00+00:00,2026-08-10T18:00:00+00:00,1.513,1.484,90.00000000,95.00000000,100.00000000,0.10000000,0.09808328,-1.91672174,-2.11480502,-2.11480502,24H
SL7,MUBARAK/USDT,2026-08-10T15:00:00+00:00,2026-08-11T01:00:00+00:00,0.02176,0.01974,89.00000000,80.00000000,100.00000000,0.10000000,0.09071691,-9.28308824,-9.47380515,-9.47380515,STOP_LOSS
SL7,EDEN/USDT,2026-08-10T02:00:00+00:00,2026-08-11T02:00:00+00:00,0.04511,0.04334,95.00000000,100.00000000,100.00000000,0.10000000,0.09607626,-3.92374196,-4.11981822,-4.11981822,24H
SL7,PLUME/USDT,2026-08-10T02:00:00+00:00,2026-08-11T02:00:00+00:00,0.01229,0.01218,92.00000000,97.00000000,100.00000000,0.10000000,0.09910496,-0.89503662,-1.09414158,-1.09414158,24H
SL7,ALLO/USDT,2026-08-10T16:00:00+00:00,2026-08-11T03:00:00+00:00,0.3267,0.3037,95.00000000,100.00000000,100.00000000,0.10000000,0.09295990,-7.04009795,-7.23305785,-7.23305785,STOP_LOSS
SL7,TREE/USDT,2026-08-10T04:00:00+00:00,2026-08-11T04:00:00+00:00,0.0377,0.0364,90.00000000,95.00000000,100.00000000,0.10000000,0.09655172,-3.44827586,-3.64482759,-3.64482759,24H
SL7,HOME/USDT,2026-08-10T06:00:00+00:00,2026-08-11T06:00:00+00:00,0.00961,0.00908,92.00000000,97.00000000,100.00000000,0.10000000,0.09448491,-5.51508845,-5.70957336,-5.70957336,24H
SL7,PORTAL/USDT,2026-08-10T15:00:00+00:00,2026-08-11T15:00:00+00:00,0.01185,0.01114,95.00000000,100.00000000,100.00000000,0.10000000,0.09400844,-5.99156118,-6.18556962,-6.18556962,24H
SL7,PAXG/USDT,2026-08-10T18:00:00+00:00,2026-08-11T18:00:00+00:00,4373.43,4370.19,87.00000000,87.00000000,100.00000000,0.10000000,0.09992592,-0.07408373,-0.27400964,-0.27400964,24H
SL7,PUMP/USDT,2026-08-10T18:00:00+00:00,2026-08-11T18:00:00+00:00,0.002771,0.002717,84.00000000,84.00000000,100.00000000,0.10000000,0.09805125,-1.94875496,-2.14680621,-2.14680621,24H
SL7,XAUT/USDT,2026-08-10T18:00:00+00:00,2026-08-11T18:00:00+00:00,4357.77,4353.81,84.00000000,83.00000000,100.00000000,0.10000000,0.09990913,-0.09087217,-0.29078129,-0.29078129,24H
SL7,LINK/USDT,2026-08-11T01:00:00+00:00,2026-08-12T01:00:00+00:00,8.428,8.787,93.00000000,98.00000000,100.00000000,0.10000000,0.10425961,4.25961082,4.05535121,4.05535121,24H
SL7,TRUMP/USDT,2026-08-11T02:00:00+00:00,2026-08-12T02:00:00+00:00,1.51,1.492,90.00000000,95.00000000,100.00000000,0.10000000,0.09880795,-1.19205298,-1.39086093,-1.39086093,24H
SL7,ENA/USDT,2026-08-11T02:00:00+00:00,2026-08-12T02:00:00+00:00,0.0909,0.0896,85.00000000,87.00000000,100.00000000,0.10000000,0.09856986,-1.43014301,-1.62871287,-1.62871287,24H
SL7,XPL/USDT,2026-08-11T03:00:00+00:00,2026-08-12T03:00:00+00:00,0.08057,0.07747,89.00000000,88.00000000,100.00000000,0.10000000,0.09615241,-3.84758595,-4.04373836,-4.04373836,24H
SL7,TRX/USDT,2026-08-11T04:00:00+00:00,2026-08-12T04:00:00+00:00,0.3317,0.3345,76.00000000,71.00000000,100.00000000,0.10000000,0.10084414,0.84413627,0.64329213,0.64329213,24H
SL7,RLUSD/USDT,2026-08-11T06:00:00+00:00,2026-08-12T06:00:00+00:00,1.0011,1.001,81.00000000,81.00000000,100.00000000,0.10000000,0.09999001,-0.00998901,-0.20997902,-0.20997902,24H
SL7,GIGGLE/USDT,2026-08-11T15:00:00+00:00,2026-08-12T15:00:00+00:00,37.47,34.7,95.00000000,100.00000000,100.00000000,0.10000000,0.09260742,-7.39258073,-7.58518815,-7.58518815,STOP_LOSS
SL7,DOGE/USDT,2026-08-11T18:00:00+00:00,2026-08-12T18:00:00+00:00,0.07081,0.07069,87.00000000,86.00000000,100.00000000,0.10000000,0.09983053,-0.16946759,-0.36929812,-0.36929812,24H
SL7,WLD/USDT,2026-08-11T18:00:00+00:00,2026-08-12T18:00:00+00:00,0.3345,0.3344,84.00000000,84.00000000,100.00000000,0.10000000,0.09997010,-0.02989537,-0.22986547,-0.22986547,24H
SL7,EDEN/USDT,2026-08-11T18:00:00+00:00,2026-08-12T18:00:00+00:00,0.04475,0.045,80.00000000,72.00000000,100.00000000,0.10000000,0.10055866,0.55865922,0.35810056,0.35810056,24H
SL7,ALLO/USDT,2026-08-12T15:00:00+00:00,2026-08-12T19:00:00+00:00,0.3094,0.2862,85.00000000,87.00000000,100.00000000,0.10000000,0.09250162,-7.49838397,-7.69088559,-7.69088559,STOP_LOSS
SL7,PLUME/USDT,2026-08-12T06:00:00+00:00,2026-08-12T20:00:00+00:00,0.01255,0.01154,95.00000000,100.00000000,100.00000000,0.10000000,0.09195219,-8.04780876,-8.23976096,-8.23976096,STOP_LOSS
SL7,KORUB/USDT,2026-08-12T01:00:00+00:00,2026-08-13T01:00:00+00:00,18.57,20.83,90.00000000,100.00000000,100.00000000,0.10000000,0.11217017,12.17016694,11.95799677,11.95799677,24H
SL7,WLFI/USDT,2026-08-12T02:00:00+00:00,2026-08-13T02:00:00+00:00,0.0561,0.0552,92.00000000,97.00000000,100.00000000,0.10000000,0.09839572,-1.60427807,-1.80267380,-1.80267380,24H
SL7,PUMP/USDT,2026-08-12T02:00:00+00:00,2026-08-13T02:00:00+00:00,0.002766,0.002755,89.00000000,88.00000000,100.00000000,0.10000000,0.09960231,-0.39768619,-0.59728850,-0.59728850,24H
SL7,RE/USDT,2026-08-12T03:00:00+00:00,2026-08-13T03:00:00+00:00,0.435,0.4353,89.00000000,88.00000000,100.00000000,0.10000000,0.10006897,0.06896552,-0.13110345,-0.13110345,24H
SL7,GRAM/USDT,2026-08-12T04:00:00+00:00,2026-08-13T04:00:00+00:00,1.361,1.338,81.00000000,80.00000000,100.00000000,0.10000000,0.09831007,-1.68993387,-1.88824394,-1.88824394,24H
SL7,EDEN/USDT,2026-08-12T18:00:00+00:00,2026-08-13T18:00:00+00:00,0.045,0.05933,93.00000000,98.00000000,100.00000000,0.10000000,0.13184444,31.84444444,31.61260000,31.61260000,24H
SL7,RLUSD/USDT,2026-08-12T18:00:00+00:00,2026-08-13T18:00:00+00:00,1.0011,1.0011,87.00000000,87.00000000,100.00000000,0.10000000,0.10000000,0.00000000,-0.20000000,-0.20000000,24H
SL7,CRCLB/USDT,2026-08-12T18:00:00+00:00,2026-08-13T18:00:00+00:00,70.92,73.57,80.00000000,72.00000000,100.00000000,0.10000000,0.10373660,3.73660462,3.53286802,3.53286802,24H
SL7,MUB/USDT,2026-08-12T19:00:00+00:00,2026-08-13T19:00:00+00:00,912.14,950.97,80.00000000,75.00000000,100.00000000,0.10000000,0.10425702,4.25702195,4.05276493,4.05276493,24H
SL7,TRX/USDT,2026-08-12T20:00:00+00:00,2026-08-13T20:00:00+00:00,0.3358,0.3344,76.00000000,71.00000000,100.00000000,0.10000000,0.09958309,-0.41691483,-0.61649792,-0.61649792,24H
SL7,HOME/USDT,2026-08-13T01:00:00+00:00,2026-08-14T01:00:00+00:00,0.00985,0.01058,89.00000000,88.00000000,100.00000000,0.10000000,0.10741117,7.41116751,7.20375635,7.20375635,24H
SL7,PUMP/USDT,2026-08-13T02:00:00+00:00,2026-08-14T02:00:00+00:00,0.002755,0.002974,87.00000000,86.00000000,100.00000000,0.10000000,0.10794918,7.94918330,7.74123412,7.74123412,24H
SL7,SNXXB/USDT,2026-08-13T02:00:00+00:00,2026-08-14T02:00:00+00:00,11.44,14.4,80.00000000,72.00000000,100.00000000,0.10000000,0.12587413,25.87412587,25.64825175,25.64825175,24H
SL7,AVAX/USDT,2026-08-13T03:00:00+00:00,2026-08-14T03:00:00+00:00,6.512,6.417,79.00000000,76.00000000,100.00000000,0.10000000,0.09854115,-1.45884521,-1.65738636,-1.65738636,24H
SL7,LINK/USDT,2026-08-13T04:00:00+00:00,2026-08-14T04:00:00+00:00,8.756,8.795,82.00000000,82.00000000,100.00000000,0.10000000,0.10044541,0.44540886,0.24496345,0.24496345,24H
SL7,EDEN/USDT,2026-08-13T19:00:00+00:00,2026-08-14T10:00:00+00:00,0.06349,0.05695,78.00000000,83.00000000,100.00000000,0.10000000,0.08969917,-10.30083478,-10.49053394,-10.49053394,STOP_LOSS
SL7,DEXE/USDT,2026-08-13T18:00:00+00:00,2026-08-14T11:00:00+00:00,2.06,1.906,79.00000000,76.00000000,100.00000000,0.10000000,0.09252427,-7.47572816,-7.66825243,-7.66825243,STOP_LOSS
SL7,CRCLB/USDT,2026-08-13T18:00:00+00:00,2026-08-14T18:00:00+00:00,73.57,71.64,92.00000000,97.00000000,100.00000000,0.10000000,0.09737665,-2.62335191,-2.82072856,-2.82072856,24H
SL7,RLUSD/USDT,2026-08-13T18:00:00+00:00,2026-08-14T18:00:00+00:00,1.0011,1.0012,87.00000000,87.00000000,100.00000000,0.10000000,0.10000999,0.00998901,-0.19002098,-0.19002098,24H
SL7,TAO/USDT,2026-08-13T20:00:00+00:00,2026-08-14T20:00:00+00:00,202.9,197.8,87.00000000,86.00000000,100.00000000,0.10000000,0.09748645,-2.51355347,-2.71103992,-2.71103992,24H
SL7,RE/USDT,2026-08-14T01:00:00+00:00,2026-08-15T01:00:00+00:00,0.4563,0.4662,84.00000000,84.00000000,100.00000000,0.10000000,0.10216963,2.16962525,1.96745562,1.96745562,24H
SL7,ACE/USDT,2026-08-14T02:00:00+00:00,2026-08-15T02:00:00+00:00,0.1279,0.1972,95.00000000,100.00000000,100.00000000,0.10000000,0.15418296,54.18295543,53.92877248,53.92877248,24H
SL7,PUMP/USDT,2026-08-14T02:00:00+00:00,2026-08-15T02:00:00+00:00,0.002974,0.002775,87.00000000,86.00000000,100.00000000,0.10000000,0.09330868,-6.69132482,-6.88463349,-6.88463349,24H
SL7,EDEN/USDT,2026-08-14T18:00:00+00:00,2026-08-15T02:00:00+00:00,0.06159,0.05581,84.00000000,76.00000000,100.00000000,0.10000000,0.09061536,-9.38464036,-9.57525572,-9.57525572,STOP_LOSS
SL7,RED/USDT,2026-08-14T03:00:00+00:00,2026-08-15T03:00:00+00:00,0.0885,0.087,89.00000000,89.00000000,100.00000000,0.10000000,0.09830508,-1.69491525,-1.89322034,-1.89322034,24H
SL7,USDC/USDT,2026-08-14T04:00:00+00:00,2026-08-15T04:00:00+00:00,1.00088,1.00088,87.00000000,87.00000000,100.00000000,0.10000000,0.10000000,0.00000000,-0.20000000,-0.20000000,24H
SL7,PLUME/USDT,2026-08-14T10:00:00+00:00,2026-08-15T10:00:00+00:00,0.01314,0.0141,87.00000000,86.00000000,100.00000000,0.10000000,0.10730594,7.30593607,7.09863014,7.09863014,24H
SL7,SPCXB/USDT,2026-08-14T11:00:00+00:00,2026-08-15T11:00:00+00:00,143.81,139.22,93.00000000,98.00000000,100.00000000,0.10000000,0.09680829,-3.19171129,-3.38851957,-3.38851957,24H
SL7,LINK/USDT,2026-08-14T18:00:00+00:00,2026-08-15T18:00:00+00:00,8.946,9.55,93.00000000,98.00000000,100.00000000,0.10000000,0.10675162,6.75162084,6.54486922,6.54486922,24H
SL7,WLFI/USDT,2026-08-14T20:00:00+00:00,2026-08-15T20:00:00+00:00,0.0562,0.0566,93.00000000,98.00000000,100.00000000,0.10000000,0.10071174,0.71174377,0.51103203,0.51103203,24H
SL7,RE/USDT,2026-08-15T01:00:00+00:00,2026-08-16T01:00:00+00:00,0.4662,0.4609,89.00000000,88.00000000,100.00000000,0.10000000,0.09886315,-1.13685114,-1.33571429,-1.33571429,24H
SL7,XPL/USDT,2026-08-15T02:00:00+00:00,2026-08-16T02:00:00+00:00,0.07735,0.07672,89.00000000,89.00000000,100.00000000,0.10000000,0.09918552,-0.81447964,-1.01366516,-1.01366516,24H
SL7,WLD/USDT,2026-08-15T02:00:00+00:00,2026-08-16T02:00:00+00:00,0.3424,0.3499,84.00000000,83.00000000,100.00000000,0.10000000,0.10219042,2.19042056,1.98823014,1.98823014,24H
SL7,CHIP/USDT,2026-08-15T02:00:00+00:00,2026-08-16T02:00:00+00:00,0.02351,0.0271,83.00000000,82.00000000,100.00000000,0.10000000,0.11527010,15.27009783,15.05482773,15.05482773,24H
SL7,GPS/USDT,2026-08-15T03:00:00+00:00,2026-08-16T03:00:00+00:00,0.01061,0.01052,84.00000000,84.00000000,100.00000000,0.10000000,0.09915174,-0.84825636,-1.04740811,-1.04740811,24H
SL7,AVAX/USDT,2026-08-15T04:00:00+00:00,2026-08-16T04:00:00+00:00,6.723,6.343,87.00000000,92.00000000,100.00000000,0.10000000,0.09434776,-5.65223858,-5.84658635,-5.84658635,24H
SL7,OPN/USDT,2026-08-15T10:00:00+00:00,2026-08-16T10:00:00+00:00,0.0498,0.0532,84.00000000,89.00000000,100.00000000,0.10000000,0.10682731,6.82730924,6.62048193,6.62048193,24H
SL7,BEL/USDT,2026-08-15T11:00:00+00:00,2026-08-16T11:00:00+00:00,0.1061,0.1071,87.00000000,87.00000000,100.00000000,0.10000000,0.10094251,0.94250707,0.74156456,0.74156456,24H
SL7,HEMI/USDT,2026-08-16T03:00:00+00:00,2026-08-16T11:00:00+00:00,0.00782,0.00666,92.00000000,89.00000000,100.00000000,0.10000000,0.08516624,-14.83375959,-15.01892583,-15.01892583,STOP_LOSS
SL7,GPS/USDT,2026-08-16T04:00:00+00:00,2026-08-16T14:00:00+00:00,0.01072,0.00987,93.00000000,98.00000000,100.00000000,0.10000000,0.09207090,-7.92910448,-8.12117537,-8.12117537,STOP_LOSS
SL7,RED/USDT,2026-08-15T18:00:00+00:00,2026-08-16T18:00:00+00:00,0.0911,0.087,90.00000000,100.00000000,100.00000000,0.10000000,0.09549945,-4.50054885,-4.69604830,-4.69604830,24H
SL7,ALPINE/USDT,2026-08-15T20:00:00+00:00,2026-08-16T20:00:00+00:00,0.32,0.317,89.00000000,89.00000000,100.00000000,0.10000000,0.09906250,-0.93750000,-1.13656250,-1.13656250,24H
SL7,RE/USDT,2026-08-16T01:00:00+00:00,2026-08-16T20:00:00+00:00,0.4609,0.4256,84.00000000,83.00000000,100.00000000,0.10000000,0.09234107,-7.65892818,-7.85126926,-7.85126926,STOP_LOSS
SL7,WLFI/USDT,2026-08-16T02:00:00+00:00,2026-08-17T02:00:00+00:00,0.0584,0.0599,92.00000000,97.00000000,100.00000000,0.10000000,0.10256849,2.56849315,2.36592466,2.36592466,24H
SL7,ONG/USDT,2026-08-16T02:00:00+00:00,2026-08-17T02:00:00+00:00,0.051,0.05988,90.00000000,87.00000000,100.00000000,0.10000000,0.11741176,17.41176471,17.19435294,17.19435294,24H
SL7,SNXXB/USDT,2026-08-16T02:00:00+00:00,2026-08-17T02:00:00+00:00,16.54,17.69,88.00000000,93.00000000,100.00000000,0.10000000,0.10695284,6.95284160,6.74588875,6.74588875,24H
SL7,CHIP/USDT,2026-08-16T10:00:00+00:00,2026-08-17T10:00:00+00:00,0.02961,0.03001,87.00000000,92.00000000,100.00000000,0.10000000,0.10135089,1.35089497,1.14954407,1.14954407,24H
SL7,PORTAL/USDT,2026-08-16T11:00:00+00:00,2026-08-17T11:00:00+00:00,0.01226,0.01667,90.00000000,100.00000000,100.00000000,0.10000000,0.13597064,35.97063622,35.73466558,35.73466558,24H
SL7,EUR/USDT,2026-08-16T11:00:00+00:00,2026-08-17T11:00:00+00:00,1.1575,1.1605,87.00000000,87.00000000,100.00000000,0.10000000,0.10025918,0.25917927,0.05892009,0.05892009,24H
SL7,BEL/USDT,2026-08-16T14:00:00+00:00,2026-08-17T14:00:00+00:00,0.1096,0.1086,95.00000000,100.00000000,100.00000000,0.10000000,0.09908759,-0.91240876,-1.11149635,-1.11149635,24H
SL7,ONG/USDT,2026-08-17T02:00:00+00:00,2026-08-17T14:00:00+00:00,0.05988,0.05489,90.00000000,100.00000000,100.00000000,0.10000000,0.09166667,-8.33333333,-8.52500000,-8.52500000,STOP_LOSS
SL7,ACE/USDT,2026-08-17T11:00:00+00:00,2026-08-17T15:00:00+00:00,0.1908,0.1774,85.00000000,79.00000000,100.00000000,0.10000000,0.09297694,-7.02306080,-7.21603774,-7.21603774,STOP_LOSS
SL7,WLD/USDT,2026-08-16T18:00:00+00:00,2026-08-17T18:00:00+00:00,0.3617,0.3538,84.00000000,84.00000000,100.00000000,0.10000000,0.09781587,-2.18413049,-2.38194636,-2.38194636,24H
SL7,LINK/USDT,2026-08-16T20:00:00+00:00,2026-08-17T20:00:00+00:00,9.444,9.511,79.00000000,74.00000000,100.00000000,0.10000000,0.10070945,0.70944515,0.50873571,0.50873571,24H
SL7,MUBARAK/USDT,2026-08-16T20:00:00+00:00,2026-08-17T20:00:00+00:00,0.01695,0.01677,76.00000000,71.00000000,100.00000000,0.10000000,0.09893805,-1.06194690,-1.26088496,-1.26088496,24H
SL7,KORUB/USDT,2026-08-17T02:00:00+00:00,2026-08-18T02:00:00+00:00,22.24,21.77,93.00000000,98.00000000,100.00000000,0.10000000,0.09788669,-2.11330935,-2.31119604,-2.31119604,24H
SL7,SKHYB/USDT,2026-08-17T02:00:00+00:00,2026-08-18T02:00:00+00:00,169.65,168.19,93.00000000,98.00000000,100.00000000,0.10000000,0.09913940,-0.86059534,-1.05973475,-1.05973475,24H
SL7,SOXLB/USDT,2026-08-17T14:00:00+00:00,2026-08-18T05:00:00+00:00,155.39,144.37,90.00000000,100.00000000,100.00000000,0.10000000,0.09290817,-7.09183345,-7.28474162,-7.28474162,STOP_LOSS
SL7,USDC/USDT,2026-08-17T10:00:00+00:00,2026-08-18T10:00:00+00:00,1.00097,1.00088,87.00000000,87.00000000,100.00000000,0.10000000,0.09999101,-0.00899128,-0.20898229,-0.20898229,24H
SL7,CRCLB/USDT,2026-08-17T11:00:00+00:00,2026-08-18T11:00:00+00:00,71.96,73.26,84.00000000,84.00000000,100.00000000,0.10000000,0.10180656,1.80655920,1.60475264,1.60475264,24H
SL7,HEMI/USDT,2026-08-17T14:00:00+00:00,2026-08-18T14:00:00+00:00,0.00692,0.00646,95.00000000,100.00000000,100.00000000,0.10000000,0.09335260,-6.64739884,-6.84075145,-6.84075145,24H
SL7,SNDKB/USDT,2026-08-17T15:00:00+00:00,2026-08-18T14:00:00+00:00,1784.63,1623.12,92.00000000,97.00000000,100.00000000,0.10000000,0.09094994,-9.05005519,-9.24100514,-9.24100514,STOP_LOSS
SL7,RED/USDT,2026-08-18T11:00:00+00:00,2026-08-18T15:00:00+00:00,0.0993,0.0921,89.00000000,80.00000000,100.00000000,0.10000000,0.09274924,-7.25075529,-7.44350453,-7.44350453,STOP_LOSS
SL7,BMT/USDT,2026-08-17T18:00:00+00:00,2026-08-18T18:00:00+00:00,0.01605,0.01605,89.00000000,89.00000000,100.00000000,0.10000000,0.10000000,0.00000000,-0.20000000,-0.20000000,24H
SL7,OPN/USDT,2026-08-17T20:00:00+00:00,2026-08-18T20:00:00+00:00,0.0527,0.0584,84.00000000,84.00000000,100.00000000,0.10000000,0.11081594,10.81593928,10.60512334,10.60512334,24H
SL7,POL/USDT,2026-08-17T20:00:00+00:00,2026-08-18T20:00:00+00:00,0.0806,0.08176,84.00000000,84.00000000,100.00000000,0.10000000,0.10143921,1.43920596,1.23776675,1.23776675,24H
SL7,GPS/USDT,2026-08-18T10:00:00+00:00,2026-08-19T01:00:00+00:00,0.01728,0.0146,89.00000000,80.00000000,100.00000000,0.10000000,0.08449074,-15.50925926,-15.69375000,-15.69375000,STOP_LOSS
SL7,EDEN/USDT,2026-08-18T02:00:00+00:00,2026-08-19T02:00:00+00:00,0.05028,0.0515,89.00000000,88.00000000,100.00000000,0.10000000,0.10242641,2.42641209,2.22398568,2.22398568,24H
SL7,ONG/USDT,2026-08-18T02:00:00+00:00,2026-08-19T02:00:00+00:00,0.05821,0.05762,89.00000000,88.00000000,100.00000000,0.10000000,0.09898643,-1.01357155,-1.21255798,-1.21255798,24H
SL7,BTC/USDT,2026-08-18T05:00:00+00:00,2026-08-19T05:00:00+00:00,64242.76,64236.01,81.00000000,81.00000000,100.00000000,0.10000000,0.09998949,-0.01050702,-0.21049651,-0.21049651,24H
SL7,ACE/USDT,2026-08-18T20:00:00+00:00,2026-08-19T12:00:00+00:00,0.2355,0.2061,89.00000000,80.00000000,100.00000000,0.10000000,0.08751592,-12.48407643,-12.67159236,-12.67159236,STOP_LOSS
SL7,SOL/USDT,2026-08-18T14:00:00+00:00,2026-08-19T14:00:00+00:00,76.8,80.89,93.00000000,98.00000000,100.00000000,0.10000000,0.10532552,5.32552083,5.12019531,5.12019531,24H
SL7,ETH/USDT,2026-08-18T14:00:00+00:00,2026-08-19T14:00:00+00:00,1911.02,1970.6,90.00000000,95.00000000,100.00000000,0.10000000,0.10311771,3.11770677,2.91458907,2.91458907,24H
SL7,SPCXB/USDT,2026-08-18T15:00:00+00:00,2026-08-19T15:00:00+00:00,144.47,139.66,90.00000000,95.00000000,100.00000000,0.10000000,0.09667059,-3.32941095,-3.52608154,-3.52608154,24H
SL7,EDEN/USDT,2026-08-19T14:00:00+00:00,2026-08-19T15:00:00+00:00,0.05968,0.05515,95.00000000,100.00000000,100.00000000,0.10000000,0.09240952,-7.59048257,-7.78289209,-7.78289209,STOP_LOSS
SL7,LINK/USDT,2026-08-18T18:00:00+00:00,2026-08-19T18:00:00+00:00,9.516,9.991,79.00000000,74.00000000,100.00000000,0.10000000,0.10499159,4.99159311,4.78660151,4.78660151,24H
SL7,PUMP/USDT,2026-08-18T20:00:00+00:00,2026-08-19T20:00:00+00:00,0.002849,0.003162,87.00000000,86.00000000,100.00000000,0.10000000,0.11098631,10.98631099,10.77532468,10.77532468,24H
SL7,HEI/USDT,2026-08-19T02:00:00+00:00,2026-08-19T22:00:00+00:00,0.1391,0.127,78.00000000,73.00000000,100.00000000,0.10000000,0.09130122,-8.69877786,-8.89007908,-8.89007908,STOP_LOSS
SL7,MUBARAK/USDT,2026-08-19T01:00:00+00:00,2026-08-20T01:00:00+00:00,0.0173,0.0202,80.00000000,72.00000000,100.00000000,0.10000000,0.11676301,16.76300578,16.54624277,16.54624277,24H
SL7,ARB/USDT,2026-08-19T05:00:00+00:00,2026-08-20T05:00:00+00:00,0.0756,0.0874,78.00000000,73.00000000,100.00000000,0.10000000,0.11560847,15.60846561,15.39285714,15.39285714,24H
SL7,TREE/USDT,2026-08-19T12:00:00+00:00,2026-08-20T12:00:00+00:00,0.0343,0.0357,95.00000000,100.00000000,100.00000000,0.10000000,0.10408163,4.08163265,3.87755102,3.87755102,24H
SL7,ONG/USDT,2026-08-19T02:00:00+00:00,2026-08-20T20:00:00+00:00,0.05762,0.17155,77.00000000,63.00000000,100.00000000,0.10000000,0.29772648,197.72648386,197.32875738,197.32875738,24H
SL7,FIL/USDT,2026-08-19T22:00:00+00:00,2026-08-20T22:00:00+00:00,0.6764,0.7307,86.00000000,86.00000000,100.00000000,0.10000000,0.10802779,8.02779420,7.81976641,7.81976641,24H
SL7,PUMP/USDT,2026-08-20T04:00:00+00:00,2026-08-21T04:00:00+00:00,0.003226,0.003902,72.00000000,67.00000000,100.00000000,0.10000000,0.12095474,20.95474272,20.73378797,20.73378797,24H
SL7,RE/USDT,2026-08-21T04:00:00+00:00,2026-08-21T06:00:00+00:00,0.5215,0.48,70.00000000,65.00000000,100.00000000,0.10000000,0.09204219,-7.95781400,-8.14985618,-8.14985618,STOP_LOSS
SL7,ADA/USDT,2026-08-20T08:00:00+00:00,2026-08-21T08:00:00+00:00,0.1898,0.218,72.00000000,67.00000000,100.00000000,0.10000000,0.11485774,14.85774499,14.64288725,14.64288725,24H
SL7,ACE/USDT,2026-08-20T12:00:00+00:00,2026-08-21T18:00:00+00:00,0.2272,0.2342,75.00000000,62.00000000,100.00000000,0.10000000,0.10308099,3.08098592,2.87790493,2.87790493,24H
SL7,BOME/USDT,2026-08-21T09:00:00+00:00,2026-08-21T18:00:00+00:00,0.0013271,0.0011805,75.00000000,62.00000000,100.00000000,0.10000000,0.08895336,-11.04664306,-11.23559641,-11.23559641,STOP_LOSS
SL7,TAO/USDT,2026-08-20T23:00:00+00:00,2026-08-21T23:00:00+00:00,214.9,229.9,72.00000000,67.00000000,100.00000000,0.10000000,0.10697999,6.97999069,6.77301070,6.77301070,24H
SL7,DOGE/USDT,2026-08-21T00:00:00+00:00,2026-08-22T00:00:00+00:00,0.0813,0.09178,70.00000000,65.00000000,100.00000000,0.10000000,0.11289053,12.89052891,12.67763838,12.67763838,24H
TP10,CHIP/USDT,2026-07-18T13:00:00+00:00,2026-07-19T13:00:00+00:00,0.03159,0.03049,75.00000000,70.00000000,100.00000000,0.10000000,0.09651789,-3.48211459,-3.67863248,-3.67863248,24H
TP10,DEXE/USDT,2026-07-18T13:00:00+00:00,2026-07-19T13:00:00+00:00,36.519,33.652,75.00000000,70.00000000,100.00000000,0.10000000,0.09214929,-7.85070785,-8.04285714,-8.04285714,24H
TP10,ONG/USDT,2026-07-18T13:00:00+00:00,2026-07-19T13:00:00+00:00,0.0472,0.0474,70.00000000,65.00000000,100.00000000,0.10000000,0.10042373,0.42372881,0.22330508,0.22330508,24H
TP10,ALLO/USDT,2026-07-18T14:00:00+00:00,2026-07-19T14:00:00+00:00,0.4592,0.4639,72.00000000,67.00000000,100.00000000,0.10000000,0.10102352,1.02351916,0.82249564,0.82249564,24H
TP10,ACE/USDT,2026-07-18T15:00:00+00:00,2026-07-19T15:00:00+00:00,0.0729,0.0672,70.00000000,70.00000000,100.00000000,0.10000000,0.09218107,-7.81893004,-8.01111111,-8.01111111,24H
TP10,ZEC/USDT,2026-07-18T16:00:00+00:00,2026-07-19T16:00:00+00:00,556.73,551.43,70.00000000,65.00000000,100.00000000,0.10000000,0.09904801,-0.95198750,-1.15103551,-1.15103551,24H
TP10,ETH/USDT,2026-07-18T18:00:00+00:00,2026-07-19T18:00:00+00:00,1857.54,1861.12,70.00000000,65.00000000,100.00000000,0.10000000,0.10019273,0.19272802,-0.00746471,-0.00746471,24H
TP10,TAO/USDT,2026-07-18T19:00:00+00:00,2026-07-19T19:00:00+00:00,195.9,197.1,70.00000000,65.00000000,100.00000000,0.10000000,0.10061256,0.61255743,0.41194487,0.41194487,24H
TP10,ACE/USDT,2026-07-19T20:00:00+00:00,2026-07-19T22:00:00+00:00,0.0712,0.0957,70.00000000,70.00000000,100.00000000,0.10000000,0.13441011,34.41011236,34.17570225,34.17570225,TAKE_PROFIT
TP10,CRCLB/USDT,2026-07-19T01:00:00+00:00,2026-07-20T01:00:00+00:00,61.4,60.65,73.00000000,68.00000000,100.00000000,0.10000000,0.09877850,-1.22149837,-1.42027687,-1.42027687,24H
TP10,HEMI/USDT,2026-07-19T13:00:00+00:00,2026-07-20T08:00:00+00:00,0.00457,0.00505,75.00000000,70.00000000,100.00000000,0.10000000,0.11050328,10.50328228,10.29277899,10.29277899,TAKE_PROFIT
TP10,LTC/USDT,2026-07-19T13:00:00+00:00,2026-07-20T13:00:00+00:00,47.36,46.69,73.00000000,68.00000000,100.00000000,0.10000000,0.09858530,-1.41469595,-1.61328125,-1.61328125,24H
TP10,GPS/USDT,2026-07-19T14:00:00+00:00,2026-07-20T14:00:00+00:00,0.00908,0.00905,70.00000000,65.00000000,100.00000000,0.10000000,0.09966960,-0.33039648,-0.53006608,-0.53006608,24H
TP10,HEMI/USDT,2026-07-20T09:00:00+00:00,2026-07-20T14:00:00+00:00,0.00499,0.00561,70.00000000,70.00000000,100.00000000,0.10000000,0.11242485,12.42484970,12.21242485,12.21242485,TAKE_PROFIT
TP10,ALLO/USDT,2026-07-19T15:00:00+00:00,2026-07-20T15:00:00+00:00,0.4711,0.4697,72.00000000,67.00000000,100.00000000,0.10000000,0.09970282,-0.29717682,-0.49687964,-0.49687964,24H
TP10,TUT/USDT,2026-07-19T15:00:00+00:00,2026-07-20T15:00:00+00:00,0.01317,0.0138,70.00000000,65.00000000,100.00000000,0.10000000,0.10478360,4.78359909,4.57881549,4.57881549,24H
TP10,EDEN/USDT,2026-07-19T16:00:00+00:00,2026-07-20T16:00:00+00:00,0.04415,0.04281,70.00000000,65.00000000,100.00000000,0.10000000,0.09696489,-3.03510759,-3.23207248,-3.23207248,24H
TP10,EWYB/USDT,2026-07-19T22:00:00+00:00,2026-07-20T22:00:00+00:00,166.67,163.53,75.00000000,70.00000000,100.00000000,0.10000000,0.09811604,-1.88396232,-2.08207836,-2.08207836,24H
TP10,MUB/USDT,2026-07-19T22:00:00+00:00,2026-07-20T22:00:00+00:00,867.11,873.22,73.00000000,68.00000000,100.00000000,0.10000000,0.10070464,0.70463955,0.50393491,0.50393491,24H
TP10,ETH/USDT,2026-07-19T22:00:00+00:00,2026-07-20T22:00:00+00:00,1870.44,1895.72,70.00000000,65.00000000,100.00000000,0.10000000,0.10135155,1.35155365,1.15020209,1.15020209,24H
TP10,LINK/USDT,2026-07-20T01:00:00+00:00,2026-07-21T01:00:00+00:00,8.422,8.592,73.00000000,68.00000000,100.00000000,0.10000000,0.10201852,2.01852292,1.81650439,1.81650439,24H
TP10,SOXLB/USDT,2026-07-21T00:00:00+00:00,2026-07-21T08:00:00+00:00,139.06,153.96,73.00000000,68.00000000,100.00000000,0.10000000,0.11071480,10.71479937,10.50408457,10.50408457,TAKE_PROFIT
TP10,NEAR/USDT,2026-07-20T13:00:00+00:00,2026-07-21T13:00:00+00:00,1.965,1.988,73.00000000,68.00000000,100.00000000,0.10000000,0.10117048,1.17048346,0.96931298,0.96931298,24H
TP10,CRCLB/USDT,2026-07-20T14:00:00+00:00,2026-07-21T13:00:00+00:00,63.12,70.14,70.00000000,70.00000000,100.00000000,0.10000000,0.11112167,11.12167300,10.91055133,10.91055133,TAKE_PROFIT
TP10,BMT/USDT,2026-07-20T15:00:00+00:00,2026-07-21T15:00:00+00:00,0.01184,0.01197,73.00000000,68.00000000,100.00000000,0.10000000,0.10109797,1.09797297,0.89687500,0.89687500,24H
TP10,ALLO/USDT,2026-07-20T15:00:00+00:00,2026-07-21T15:00:00+00:00,0.4697,0.4838,72.00000000,67.00000000,100.00000000,0.10000000,0.10300192,3.00191612,2.79891420,2.79891420,24H
TP10,BTC/USDT,2026-07-20T15:00:00+00:00,2026-07-21T15:00:00+00:00,65598.75,66676.54,70.00000000,65.00000000,100.00000000,0.10000000,0.10164300,1.64300387,1.44136086,1.44136086,24H
TP10,XPL/USDT,2026-07-20T16:00:00+00:00,2026-07-21T16:00:00+00:00,0.08561,0.08614,75.00000000,70.00000000,100.00000000,0.10000000,0.10061909,0.61908656,0.41846747,0.41846747,24H
TP10,HEMI/USDT,2026-07-20T22:00:00+00:00,2026-07-21T22:00:00+00:00,0.00686,0.00535,72.00000000,59.00000000,100.00000000,0.10000000,0.07798834,-22.01166181,-22.18965015,-22.18965015,24H
TP10,DEXE/USDT,2026-07-21T00:00:00+00:00,2026-07-22T00:00:00+00:00,37.721,6.257,75.00000000,70.00000000,100.00000000,0.10000000,0.01658758,-83.41242279,-83.52901037,-83.52901037,24H
TP10,RED/USDT,2026-07-21T01:00:00+00:00,2026-07-22T01:00:00+00:00,0.1032,0.1011,75.00000000,70.00000000,100.00000000,0.10000000,0.09796512,-2.03488372,-2.23284884,-2.23284884,24H
TP10,GIGGLE/USDT,2026-07-21T08:00:00+00:00,2026-07-22T08:00:00+00:00,26.98,26.53,75.00000000,70.00000000,100.00000000,0.10000000,0.09833210,-1.66790215,-1.86623425,-1.86623425,24H
TP10,SKHYB/USDT,2026-07-21T13:00:00+00:00,2026-07-22T13:00:00+00:00,163.9,168.61,73.00000000,68.00000000,100.00000000,0.10000000,0.10287370,2.87370348,2.67082977,2.67082977,24H
TP10,SNDKB/USDT,2026-07-21T13:00:00+00:00,2026-07-22T13:00:00+00:00,1529.08,1577.19,70.00000000,70.00000000,100.00000000,0.10000000,0.10314634,3.14633636,2.94319002,2.94319002,24H
TP10,MSTRB/USDT,2026-07-21T15:00:00+00:00,2026-07-22T15:00:00+00:00,102.67,99.78,73.00000000,68.00000000,100.00000000,0.10000000,0.09718516,-2.81484367,-3.01202883,-3.01202883,24H
TP10,GRAM/USDT,2026-07-21T16:00:00+00:00,2026-07-22T16:00:00+00:00,1.518,1.517,72.00000000,67.00000000,100.00000000,0.10000000,0.09993412,-0.06587615,-0.26581028,-0.26581028,24H
TP10,BMT/USDT,2026-07-21T19:00:00+00:00,2026-07-22T19:00:00+00:00,0.01203,0.01209,70.00000000,65.00000000,100.00000000,0.10000000,0.10049875,0.49875312,0.29825436,0.29825436,24H
TP10,PORTAL/USDT,2026-07-21T22:00:00+00:00,2026-07-22T22:00:00+00:00,0.01106,0.01088,73.00000000,68.00000000,100.00000000,0.10000000,0.09837251,-1.62748644,-1.82585895,-1.82585895,24H
TP10,KAITO/USDT,2026-07-21T23:00:00+00:00,2026-07-22T23:00:00+00:00,0.9948,0.9862,75.00000000,70.00000000,100.00000000,0.10000000,0.09913550,-0.86449538,-1.06363088,-1.06363088,24H
TP10,CHIP/USDT,2026-07-22T02:00:00+00:00,2026-07-23T02:00:00+00:00,0.0306,0.03026,70.00000000,65.00000000,100.00000000,0.10000000,0.09888889,-1.11111111,-1.31000000,-1.31000000,24H
TP10,ALLO/USDT,2026-07-22T08:00:00+00:00,2026-07-23T08:00:00+00:00,0.504,0.5095,75.00000000,70.00000000,100.00000000,0.10000000,0.10109127,1.09126984,0.89017857,0.89017857,24H
TP10,AAVE/USDT,2026-07-22T13:00:00+00:00,2026-07-23T13:00:00+00:00,97.91,96.11,75.00000000,70.00000000,100.00000000,0.10000000,0.09816158,-1.83842304,-2.03658462,-2.03658462,24H
TP10,MUB/USDT,2026-07-22T13:00:00+00:00,2026-07-23T13:00:00+00:00,972.31,977.98,75.00000000,70.00000000,100.00000000,0.10000000,0.10058315,0.58314735,0.38256420,0.38256420,24H
TP10,ADA/USDT,2026-07-22T15:00:00+00:00,2026-07-23T15:00:00+00:00,0.1779,0.1705,75.00000000,70.00000000,100.00000000,0.10000000,0.09584036,-4.15964025,-4.35548061,-4.35548061,24H
TP10,WLD/USDT,2026-07-22T16:00:00+00:00,2026-07-23T16:00:00+00:00,0.3938,0.3766,75.00000000,70.00000000,100.00000000,0.10000000,0.09563230,-4.36769934,-4.56333164,-4.56333164,24H
TP10,SNDKB/USDT,2026-07-22T20:00:00+00:00,2026-07-23T20:00:00+00:00,1622.32,1625.76,70.00000000,65.00000000,100.00000000,0.10000000,0.10021204,0.21204201,0.01182997,0.01182997,24H
TP10,SKHYB/USDT,2026-07-23T00:00:00+00:00,2026-07-24T00:00:00+00:00,171.79,167.7,72.00000000,67.00000000,100.00000000,0.10000000,0.09761919,-2.38081378,-2.57843297,-2.57843297,24H
TP10,RE/USDT,2026-07-23T16:00:00+00:00,2026-07-24T00:00:00+00:00,0.5261,0.5822,70.00000000,70.00000000,100.00000000,0.10000000,0.11066337,10.66337198,10.45270861,10.45270861,TAKE_PROFIT
TP10,EDEN/USDT,2026-07-23T01:00:00+00:00,2026-07-24T01:00:00+00:00,0.04409,0.04071,73.00000000,68.00000000,100.00000000,0.10000000,0.09233386,-7.66613745,-7.85847131,-7.85847131,24H
TP10,GRAM/USDT,2026-07-23T03:00:00+00:00,2026-07-24T03:00:00+00:00,1.516,1.455,73.00000000,68.00000000,100.00000000,0.10000000,0.09597625,-4.02374670,-4.21972296,-4.21972296,24H
TP10,OPN/USDT,2026-07-23T08:00:00+00:00,2026-07-24T08:00:00+00:00,0.072,0.0627,75.00000000,70.00000000,100.00000000,0.10000000,0.08708333,-12.91666667,-13.10375000,-13.10375000,24H
TP10,BMT/USDT,2026-07-23T13:00:00+00:00,2026-07-24T13:00:00+00:00,0.01269,0.01204,73.00000000,68.00000000,100.00000000,0.10000000,0.09487786,-5.12214342,-5.31702128,-5.31702128,24H
TP10,PLUME/USDT,2026-07-23T13:00:00+00:00,2026-07-24T13:00:00+00:00,0.01146,0.01114,73.00000000,68.00000000,100.00000000,0.10000000,0.09720768,-2.79232112,-2.98952880,-2.98952880,24H
TP10,SOXLB/USDT,2026-07-23T20:00:00+00:00,2026-07-24T20:00:00+00:00,162.95,137.08,75.00000000,70.00000000,100.00000000,0.10000000,0.08412396,-15.87603559,-16.06015956,-16.06015956,24H
TP10,HEI/USDT,2026-07-23T21:00:00+00:00,2026-07-24T21:00:00+00:00,0.103,0.0987,70.00000000,70.00000000,100.00000000,0.10000000,0.09582524,-4.17475728,-4.37058252,-4.37058252,24H
TP10,UNI/USDT,2026-07-24T05:00:00+00:00,2026-07-25T05:00:00+00:00,3.833,3.687,70.00000000,65.00000000,100.00000000,0.10000000,0.09619097,-3.80902687,-4.00521785,-4.00521785,24H
TP10,KAITO/USDT,2026-07-24T10:00:00+00:00,2026-07-25T10:00:00+00:00,1.0396,0.9586,73.00000000,68.00000000,100.00000000,0.10000000,0.09220854,-7.79145825,-7.98366679,-7.98366679,24H
TP10,GPS/USDT,2026-07-24T10:00:00+00:00,2026-07-25T10:00:00+00:00,0.00923,0.00958,70.00000000,65.00000000,100.00000000,0.10000000,0.10379198,3.79198267,3.58819068,3.58819068,24H
TP10,ALLO/USDT,2026-07-24T11:00:00+00:00,2026-07-25T11:00:00+00:00,0.5096,0.3717,70.00000000,65.00000000,100.00000000,0.10000000,0.07293956,-27.06043956,-27.23337912,-27.23337912,24H
TP10,PLUME/USDT,2026-07-24T14:00:00+00:00,2026-07-25T14:00:00+00:00,0.01141,0.01178,73.00000000,68.00000000,100.00000000,0.10000000,0.10324277,3.24276950,3.03952673,3.03952673,24H
TP10,HOME/USDT,2026-07-24T14:00:00+00:00,2026-07-25T14:00:00+00:00,0.00689,0.00634,72.00000000,67.00000000,100.00000000,0.10000000,0.09201742,-7.98258345,-8.17460087,-8.17460087,24H
TP10,XPL/USDT,2026-07-24T17:00:00+00:00,2026-07-25T17:00:00+00:00,0.08689,0.08322,75.00000000,70.00000000,100.00000000,0.10000000,0.09577627,-4.22373115,-4.41950742,-4.41950742,24H
TP10,TUT/USDT,2026-07-24T21:00:00+00:00,2026-07-25T21:00:00+00:00,0.01452,0.01538,75.00000000,70.00000000,100.00000000,0.10000000,0.10592287,5.92286501,5.71694215,5.71694215,24H
TP10,RE/USDT,2026-07-25T07:00:00+00:00,2026-07-26T07:00:00+00:00,0.6078,0.5204,75.00000000,70.00000000,100.00000000,0.10000000,0.08562027,-14.37973017,-14.56535044,-14.56535044,24H
TP10,ALPINE/USDT,2026-07-25T13:00:00+00:00,2026-07-26T13:00:00+00:00,0.314,0.315,75.00000000,70.00000000,100.00000000,0.10000000,0.10031847,0.31847134,0.11815287,0.11815287,24H
TP10,PLUME/USDT,2026-07-25T15:00:00+00:00,2026-07-26T15:00:00+00:00,0.01177,0.01236,70.00000000,65.00000000,100.00000000,0.10000000,0.10501274,5.01274427,4.80773152,4.80773152,24H
TP10,TRX/USDT,2026-07-25T16:00:00+00:00,2026-07-26T16:00:00+00:00,0.3321,0.333,70.00000000,65.00000000,100.00000000,0.10000000,0.10027100,0.27100271,0.07073171,0.07073171,24H
TP10,MUBARAK/USDT,2026-07-25T19:00:00+00:00,2026-07-26T19:00:00+00:00,0.01076,0.0108,70.00000000,65.00000000,100.00000000,0.10000000,0.10037175,0.37174721,0.17137546,0.17137546,24H
TP10,PEPE/USDT,2026-07-26T02:00:00+00:00,2026-07-27T02:00:00+00:00,2.86e-06,2.94e-06,70.00000000,70.00000000,100.00000000,0.10000000,0.10279720,2.79720280,2.59440559,2.59440559,24H
TP10,DOT/USDT,2026-07-26T03:00:00+00:00,2026-07-27T03:00:00+00:00,0.82,0.818,70.00000000,65.00000000,100.00000000,0.10000000,0.09975610,-0.24390244,-0.44365854,-0.44365854,24H
TP10,FIL/USDT,2026-07-26T04:00:00+00:00,2026-07-27T04:00:00+00:00,0.7416,0.7478,70.00000000,65.00000000,100.00000000,0.10000000,0.10083603,0.83603020,0.63519417,0.63519417,24H
TP10,RARE/USDT,2026-07-26T09:00:00+00:00,2026-07-27T09:00:00+00:00,0.01279,0.01259,70.00000000,65.00000000,100.00000000,0.10000000,0.09843628,-1.56372166,-1.76215794,-1.76215794,24H
TP10,LINK/USDT,2026-07-26T13:00:00+00:00,2026-07-27T13:00:00+00:00,8.458,8.772,70.00000000,65.00000000,100.00000000,0.10000000,0.10371246,3.71246157,3.50874911,3.50874911,24H
TP10,ONDO/USDT,2026-07-26T16:00:00+00:00,2026-07-27T16:00:00+00:00,0.4062,0.4094,90.00000000,100.00000000,100.00000000,0.10000000,0.10078779,0.78778927,0.58700148,0.58700148,24H
TP10,USDE/USDT,2026-07-26T16:00:00+00:00,2026-07-27T16:00:00+00:00,1.0009,1.0009,87.00000000,87.00000000,100.00000000,0.10000000,0.10000000,0.00000000,-0.20000000,-0.20000000,24H
TP10,USDC/USDT,2026-07-26T19:00:00+00:00,2026-07-27T19:00:00+00:00,1.00087,1.00084,87.00000000,87.00000000,100.00000000,0.10000000,0.09999700,-0.00299739,-0.20299439,-0.20299439,24H
TP10,PLUME/USDT,2026-07-27T02:00:00+00:00,2026-07-28T02:00:00+00:00,0.01231,0.01129,90.00000000,95.00000000,100.00000000,0.10000000,0.09171405,-8.28594639,-8.47766044,-8.47766044,24H
TP10,ALPINE/USDT,2026-07-27T03:00:00+00:00,2026-07-28T03:00:00+00:00,0.32,0.304,87.00000000,87.00000000,100.00000000,0.10000000,0.09500000,-5.00000000,-5.19500000,-5.19500000,24H
TP10,CRCLB/USDT,2026-07-27T04:00:00+00:00,2026-07-28T04:00:00+00:00,63.92,63.19,87.00000000,87.00000000,100.00000000,0.10000000,0.09885795,-1.14205257,-1.34091051,-1.34091051,24H
TP10,EDEN/USDT,2026-07-27T09:00:00+00:00,2026-07-28T09:00:00+00:00,0.04471,0.04002,90.00000000,100.00000000,100.00000000,0.10000000,0.08951018,-10.48982331,-10.67933348,-10.67933348,24H
TP10,ENA/USDT,2026-07-27T13:00:00+00:00,2026-07-28T13:00:00+00:00,0.0923,0.0834,95.00000000,100.00000000,100.00000000,0.10000000,0.09035753,-9.64247021,-9.83282774,-9.83282774,24H
TP10,RLUSD/USDT,2026-07-27T16:00:00+00:00,2026-07-28T16:00:00+00:00,1.0013,1.0011,87.00000000,87.00000000,100.00000000,0.10000000,0.09998003,-0.01997403,-0.21995406,-0.21995406,24H
TP10,MSTRB/USDT,2026-07-27T16:00:00+00:00,2026-07-28T16:00:00+00:00,97.4,98.12,81.00000000,86.00000000,100.00000000,0.10000000,0.10073922,0.73921971,0.53848049,0.53848049,24H
TP10,TREE/USDT,2026-07-27T19:00:00+00:00,2026-07-28T19:00:00+00:00,0.0397,0.0378,89.00000000,88.00000000,100.00000000,0.10000000,0.09521411,-4.78589421,-4.98110831,-4.98110831,24H
TP10,U/USDT,2026-07-28T02:00:00+00:00,2026-07-29T02:00:00+00:00,1.0007,1.0009,77.00000000,74.00000000,100.00000000,0.10000000,0.10001999,0.01998601,-0.18003398,-0.18003398,24H
TP10,KAITO/USDT,2026-07-28T03:00:00+00:00,2026-07-29T03:00:00+00:00,1.2896,1.249,76.00000000,71.00000000,100.00000000,0.10000000,0.09685174,-3.14826303,-3.34511476,-3.34511476,24H
TP10,FDUSD/USDT,2026-07-28T04:00:00+00:00,2026-07-29T04:00:00+00:00,0.9993,0.9983,87.00000000,87.00000000,100.00000000,0.10000000,0.09989993,-0.10007005,-0.29996998,-0.29996998,24H
TP10,GPS/USDT,2026-07-28T09:00:00+00:00,2026-07-29T09:00:00+00:00,0.00949,0.00963,92.00000000,97.00000000,100.00000000,0.10000000,0.10147524,1.47523709,1.27376185,1.27376185,24H
TP10,PLUME/USDT,2026-07-28T13:00:00+00:00,2026-07-29T13:00:00+00:00,0.0117,0.01202,85.00000000,87.00000000,100.00000000,0.10000000,0.10273504,2.73504274,2.53230769,2.53230769,24H
TP10,AAVE/USDT,2026-07-28T16:00:00+00:00,2026-07-29T16:00:00+00:00,101.26,98.73,95.00000000,100.00000000,100.00000000,0.10000000,0.09750148,-2.49851866,-2.69602015,-2.69602015,24H
TP10,ONDO/USDT,2026-07-28T16:00:00+00:00,2026-07-29T16:00:00+00:00,0.4088,0.3937,89.00000000,88.00000000,100.00000000,0.10000000,0.09630626,-3.69373777,-3.89004403,-3.89004403,24H
TP10,ALPINE/USDT,2026-07-28T19:00:00+00:00,2026-07-29T19:00:00+00:00,0.317,0.309,87.00000000,87.00000000,100.00000000,0.10000000,0.09747634,-2.52365931,-2.72113565,-2.72113565,24H
TP10,USD1/USDT,2026-07-29T02:00:00+00:00,2026-07-30T02:00:00+00:00,0.99993,1.00002,87.00000000,87.00000000,100.00000000,0.10000000,0.10000900,0.00900063,-0.19100837,-0.19100837,24H
TP10,KAITO/USDT,2026-07-29T04:00:00+00:00,2026-07-30T04:00:00+00:00,1.264,1.2063,89.00000000,88.00000000,100.00000000,0.10000000,0.09543513,-4.56487342,-4.76030854,-4.76030854,24H
TP10,UNI/USDT,2026-07-29T09:00:00+00:00,2026-07-30T09:00:00+00:00,3.975,4.03,95.00000000,100.00000000,100.00000000,0.10000000,0.10138365,1.38364780,1.18226415,1.18226415,24H
TP10,MSTRB/USDT,2026-07-29T09:00:00+00:00,2026-07-30T09:00:00+00:00,98.27,95.4,90.00000000,95.00000000,100.00000000,0.10000000,0.09707947,-2.92052508,-3.11760456,-3.11760456,24H
TP10,GPS/USDT,2026-07-29T13:00:00+00:00,2026-07-30T13:00:00+00:00,0.00979,0.00991,93.00000000,98.00000000,100.00000000,0.10000000,0.10122574,1.22574055,1.02451481,1.02451481,24H
TP10,U/USDT,2026-07-29T16:00:00+00:00,2026-07-30T16:00:00+00:00,1.0009,1.0007,87.00000000,87.00000000,100.00000000,0.10000000,0.09998002,-0.01998202,-0.21996203,-0.21996203,24H
TP10,PLUME/USDT,2026-07-29T19:00:00+00:00,2026-07-30T19:00:00+00:00,0.01215,0.01154,87.00000000,86.00000000,100.00000000,0.10000000,0.09497942,-5.02057613,-5.21555556,-5.21555556,24H
TP10,ALPINE/USDT,2026-07-30T02:00:00+00:00,2026-07-31T02:00:00+00:00,0.323,0.311,89.00000000,88.00000000,100.00000000,0.10000000,0.09628483,-3.71517028,-3.91145511,-3.91145511,24H
TP10,USD1/USDT,2026-07-30T04:00:00+00:00,2026-07-31T04:00:00+00:00,1.00003,0.99997,87.00000000,87.00000000,100.00000000,0.10000000,0.09999400,-0.00599982,-0.20599382,-0.20599382,24H
TP10,ONDO/USDT,2026-07-30T09:00:00+00:00,2026-07-31T09:00:00+00:00,0.4209,0.4036,95.00000000,100.00000000,100.00000000,0.10000000,0.09588976,-4.11023996,-4.30612972,-4.30612972,24H
TP10,BNB/USDT,2026-07-30T09:00:00+00:00,2026-07-31T09:00:00+00:00,579.84,590.49,87.00000000,86.00000000,100.00000000,0.10000000,0.10183671,1.83671358,1.63487686,1.63487686,24H
TP10,MUBARAK/USDT,2026-07-31T04:00:00+00:00,2026-07-31T11:00:00+00:00,0.0121,0.01333,95.00000000,100.00000000,100.00000000,0.10000000,0.11016529,10.16528926,9.95512397,9.95512397,TAKE_PROFIT
TP10,PAXG/USDT,2026-07-30T13:00:00+00:00,2026-07-31T13:00:00+00:00,4105.88,4027.22,93.00000000,98.00000000,100.00000000,0.10000000,0.09808421,-1.91578906,-2.11387327,-2.11387327,24H
TP10,AAVE/USDT,2026-07-30T16:00:00+00:00,2026-07-31T16:00:00+00:00,100.23,96.59,90.00000000,95.00000000,100.00000000,0.10000000,0.09636835,-3.63164721,-3.82801556,-3.82801556,24H
TP10,PUMP/USDT,2026-07-30T19:00:00+00:00,2026-07-31T19:00:00+00:00,0.002021,0.002118,89.00000000,88.00000000,100.00000000,0.10000000,0.10479960,4.79960416,4.59480455,4.59480455,24H
TP10,EWYB/USDT,2026-07-31T02:00:00+00:00,2026-08-01T02:00:00+00:00,162.6,157.58,81.00000000,81.00000000,100.00000000,0.10000000,0.09691267,-3.08733087,-3.28424354,-3.28424354,24H
TP10,ALPINE/USDT,2026-07-31T09:00:00+00:00,2026-08-01T09:00:00+00:00,0.318,0.321,90.00000000,95.00000000,100.00000000,0.10000000,0.10094340,0.94339623,0.74245283,0.74245283,24H
TP10,BMT/USDT,2026-07-31T09:00:00+00:00,2026-08-01T09:00:00+00:00,0.0115,0.0118,87.00000000,87.00000000,100.00000000,0.10000000,0.10260870,2.60869565,2.40608696,2.40608696,24H
TP10,USD1/USDT,2026-07-31T11:00:00+00:00,2026-08-01T11:00:00+00:00,1.00003,0.99989,81.00000000,80.00000000,100.00000000,0.10000000,0.09998600,-0.01399958,-0.21398558,-0.21398558,24H
TP10,FIL/USDT,2026-07-31T13:00:00+00:00,2026-08-01T13:00:00+00:00,0.7172,0.7126,78.00000000,73.00000000,100.00000000,0.10000000,0.09935862,-0.64138316,-0.84074177,-0.84074177,24H
TP10,MUBARAK/USDT,2026-07-31T16:00:00+00:00,2026-08-01T16:00:00+00:00,0.01371,0.01291,90.00000000,100.00000000,100.00000000,0.10000000,0.09416484,-5.83515682,-6.02932166,-6.02932166,24H
TP10,PUMP/USDT,2026-07-31T19:00:00+00:00,2026-08-01T19:00:00+00:00,0.002118,0.002109,84.00000000,84.00000000,100.00000000,0.10000000,0.09957507,-0.42492918,-0.62450425,-0.62450425,24H
TP10,HOME/USDT,2026-08-01T09:00:00+00:00,2026-08-02T00:00:00+00:00,0.00591,0.00658,84.00000000,89.00000000,100.00000000,0.10000000,0.11133672,11.33671743,11.12538071,11.12538071,TAKE_PROFIT
TP10,TAO/USDT,2026-08-01T02:00:00+00:00,2026-08-02T02:00:00+00:00,196.1,193.6,87.00000000,86.00000000,100.00000000,0.10000000,0.09872514,-1.27485977,-1.47358491,-1.47358491,24H
TP10,ADA/USDT,2026-08-01T09:00:00+00:00,2026-08-02T09:00:00+00:00,0.1721,0.1883,87.00000000,87.00000000,100.00000000,0.10000000,0.10941313,9.41313190,9.20371877,9.20371877,24H
TP10,TUT/USDT,2026-08-01T11:00:00+00:00,2026-08-02T11:00:00+00:00,0.01758,0.01742,90.00000000,100.00000000,100.00000000,0.10000000,0.09908987,-0.91012514,-1.10921502,-1.10921502,24H
TP10,GPS/USDT,2026-08-01T13:00:00+00:00,2026-08-02T13:00:00+00:00,0.00946,0.00943,83.00000000,85.00000000,100.00000000,0.10000000,0.09968288,-0.31712474,-0.51680761,-0.51680761,24H
TP10,HOME/USDT,2026-08-02T09:00:00+00:00,2026-08-02T14:00:00+00:00,0.00765,0.00849,95.00000000,92.00000000,100.00000000,0.10000000,0.11098039,10.98039216,10.76941176,10.76941176,TAKE_PROFIT
TP10,PEPE/USDT,2026-08-01T16:00:00+00:00,2026-08-02T16:00:00+00:00,2.78e-06,2.91e-06,87.00000000,87.00000000,100.00000000,0.10000000,0.10467626,4.67625899,4.47158273,4.47158273,24H
TP10,KAITO/USDT,2026-08-01T19:00:00+00:00,2026-08-02T19:00:00+00:00,1.2116,1.0511,89.00000000,88.00000000,100.00000000,0.10000000,0.08675305,-13.24694619,-13.43369924,-13.43369924,24H
TP10,BICO/USDT,2026-08-02T14:00:00+00:00,2026-08-02T20:00:00+00:00,0.0122,0.01353,87.00000000,87.00000000,100.00000000,0.10000000,0.11090164,10.90163934,10.69073770,10.69073770,TAKE_PROFIT
TP10,ARB/USDT,2026-08-02T00:00:00+00:00,2026-08-03T00:00:00+00:00,0.0793,0.0812,87.00000000,87.00000000,100.00000000,0.10000000,0.10239596,2.39596469,2.19356873,2.19356873,24H
TP10,PUMP/USDT,2026-08-02T02:00:00+00:00,2026-08-03T02:00:00+00:00,0.002258,0.002077,95.00000000,100.00000000,100.00000000,0.10000000,0.09198406,-8.01594331,-8.20792737,-8.20792737,24H
TP10,TUT/USDT,2026-08-02T20:00:00+00:00,2026-08-03T07:00:00+00:00,0.01766,0.01954,78.00000000,65.00000000,100.00000000,0.10000000,0.11064553,10.64552661,10.43488109,10.43488109,TAKE_PROFIT
TP10,EUR/USDT,2026-08-02T11:00:00+00:00,2026-08-03T11:00:00+00:00,1.1541,1.1544,87.00000000,87.00000000,100.00000000,0.10000000,0.10002599,0.02599428,-0.17403171,-0.17403171,24H
TP10,FIL/USDT,2026-08-02T13:00:00+00:00,2026-08-03T13:00:00+00:00,0.72,0.7249,84.00000000,84.00000000,100.00000000,0.10000000,0.10068056,0.68055556,0.47987500,0.47987500,24H
TP10,GIGGLE/USDT,2026-08-02T14:00:00+00:00,2026-08-03T14:00:00+00:00,43.8,42.02,89.00000000,80.00000000,100.00000000,0.10000000,0.09593607,-4.06392694,-4.25986301,-4.25986301,24H
TP10,MUBARAK/USDT,2026-08-02T16:00:00+00:00,2026-08-03T16:00:00+00:00,0.01273,0.01266,92.00000000,97.00000000,100.00000000,0.10000000,0.09945012,-0.54988217,-0.74933229,-0.74933229,24H
TP10,HOME/USDT,2026-08-03T14:00:00+00:00,2026-08-03T17:00:00+00:00,0.00715,0.00806,92.00000000,97.00000000,100.00000000,0.10000000,0.11272727,12.72727273,12.51454545,12.51454545,TAKE_PROFIT
TP10,BNB/USDT,2026-08-02T20:00:00+00:00,2026-08-03T20:00:00+00:00,589.5,591.11,76.00000000,71.00000000,100.00000000,0.10000000,0.10027311,0.27311281,0.07283969,0.07283969,24H
TP10,SNXXB/USDT,2026-08-03T00:00:00+00:00,2026-08-03T23:00:00+00:00,10.02,11.1,89.00000000,89.00000000,100.00000000,0.10000000,0.11077844,10.77844311,10.56766467,10.56766467,TAKE_PROFIT
TP10,OPN/USDT,2026-08-03T16:00:00+00:00,2026-08-04T06:00:00+00:00,0.0506,0.0559,89.00000000,89.00000000,100.00000000,0.10000000,0.11047431,10.47430830,10.26383399,10.26383399,TAKE_PROFIT
TP10,BMT/USDT,2026-08-03T07:00:00+00:00,2026-08-04T07:00:00+00:00,0.0119,0.01181,92.00000000,97.00000000,100.00000000,0.10000000,0.09924370,-0.75630252,-0.95554622,-0.95554622,24H
TP10,ALPINE/USDT,2026-08-03T07:00:00+00:00,2026-08-04T07:00:00+00:00,0.32,0.314,87.00000000,86.00000000,100.00000000,0.10000000,0.09812500,-1.87500000,-2.07312500,-2.07312500,24H
TP10,ADA/USDT,2026-08-03T11:00:00+00:00,2026-08-04T11:00:00+00:00,0.1865,0.1945,89.00000000,88.00000000,100.00000000,0.10000000,0.10428954,4.28954424,4.08525469,4.08525469,24H
TP10,HOME/USDT,2026-08-04T06:00:00+00:00,2026-08-04T12:00:00+00:00,0.00945,0.01093,90.00000000,92.00000000,100.00000000,0.10000000,0.11566138,15.66137566,15.44571429,15.44571429,TAKE_PROFIT
TP10,PEPE/USDT,2026-08-03T13:00:00+00:00,2026-08-04T13:00:00+00:00,2.91e-06,2.89e-06,95.00000000,100.00000000,100.00000000,0.10000000,0.09931271,-0.68728522,-0.88659794,-0.88659794,24H
TP10,BICO/USDT,2026-08-04T07:00:00+00:00,2026-08-04T16:00:00+00:00,0.01741,0.02055,84.00000000,76.00000000,100.00000000,0.10000000,0.11803561,18.03561172,17.81757611,17.81757611,TAKE_PROFIT
TP10,PUMP/USDT,2026-08-03T17:00:00+00:00,2026-08-04T17:00:00+00:00,0.002219,0.002244,95.00000000,100.00000000,100.00000000,0.10000000,0.10112663,1.12663362,0.92550699,0.92550699,24H
TP10,SPCXB/USDT,2026-08-03T20:00:00+00:00,2026-08-04T20:00:00+00:00,114.51,117.5,83.00000000,82.00000000,100.00000000,0.10000000,0.10261113,2.61112567,2.40851454,2.40851454,24H
TP10,EWYB/USDT,2026-08-03T23:00:00+00:00,2026-08-04T23:00:00+00:00,163.28,170.24,90.00000000,95.00000000,100.00000000,0.10000000,0.10426262,4.26261636,4.05835375,4.05835375,24H
TP10,OPN/USDT,2026-08-04T07:00:00+00:00,2026-08-05T07:00:00+00:00,0.0537,0.0516,84.00000000,84.00000000,100.00000000,0.10000000,0.09608939,-3.91061453,-4.10670391,-4.10670391,24H
TP10,BMT/USDT,2026-08-04T11:00:00+00:00,2026-08-05T11:00:00+00:00,0.0119,0.0124,90.00000000,95.00000000,100.00000000,0.10000000,0.10420168,4.20168067,3.99747899,3.99747899,24H
TP10,PORTAL/USDT,2026-08-04T12:00:00+00:00,2026-08-05T12:00:00+00:00,0.01056,0.01085,92.00000000,97.00000000,100.00000000,0.10000000,0.10274621,2.74621212,2.54346591,2.54346591,24H
TP10,SNDKB/USDT,2026-08-04T13:00:00+00:00,2026-08-05T13:00:00+00:00,1383.52,1438.45,95.00000000,100.00000000,100.00000000,0.10000000,0.10397031,3.97030762,3.76633731,3.76633731,24H
TP10,MUBARAK/USDT,2026-08-04T16:00:00+00:00,2026-08-05T16:00:00+00:00,0.01305,0.01317,95.00000000,100.00000000,100.00000000,0.10000000,0.10091954,0.91954023,0.71862069,0.71862069,24H
TP10,ZEC/USDT,2026-08-04T17:00:00+00:00,2026-08-05T17:00:00+00:00,500.17,518.51,95.00000000,100.00000000,100.00000000,0.10000000,0.10366675,3.66675330,3.46308655,3.46308655,24H
TP10,BICO/USDT,2026-08-05T07:00:00+00:00,2026-08-05T18:00:00+00:00,0.02482,0.02757,92.00000000,89.00000000,100.00000000,0.10000000,0.11107977,11.07977438,10.86869460,10.86869460,TAKE_PROFIT
TP10,ACE/USDT,2026-08-04T20:00:00+00:00,2026-08-05T20:00:00+00:00,0.0718,0.0697,87.00000000,87.00000000,100.00000000,0.10000000,0.09707521,-2.92479109,-3.12186630,-3.12186630,24H
TP10,DOT/USDT,2026-08-04T23:00:00+00:00,2026-08-05T23:00:00+00:00,0.857,0.842,90.00000000,95.00000000,100.00000000,0.10000000,0.09824971,-1.75029172,-1.94854142,-1.94854142,24H
TP10,EURI/USDT,2026-08-05T11:00:00+00:00,2026-08-06T11:00:00+00:00,1.1558,1.1549,87.00000000,87.00000000,100.00000000,0.10000000,0.09992213,-0.07786814,-0.27779028,-0.27779028,24H
TP10,ENA/USDT,2026-08-05T12:00:00+00:00,2026-08-06T12:00:00+00:00,0.0917,0.0911,87.00000000,86.00000000,100.00000000,0.10000000,0.09934569,-0.65430752,-0.85365322,-0.85365322,24H
TP10,EWYB/USDT,2026-08-05T13:00:00+00:00,2026-08-06T13:00:00+00:00,171.47,165,95.00000000,100.00000000,100.00000000,0.10000000,0.09622675,-3.77325480,-3.96948154,-3.96948154,24H
TP10,BICO/USDT,2026-08-06T12:00:00+00:00,2026-08-06T13:00:00+00:00,0.03139,0.03613,92.00000000,89.00000000,100.00000000,0.10000000,0.11510035,15.10035043,14.88525008,14.88525008,TAKE_PROFIT
TP10,SNXXB/USDT,2026-08-05T16:00:00+00:00,2026-08-06T16:00:00+00:00,12.64,10.38,95.00000000,100.00000000,100.00000000,0.10000000,0.08212025,-17.87974684,-18.06186709,-18.06186709,24H
TP10,BEL/USDT,2026-08-05T17:00:00+00:00,2026-08-06T17:00:00+00:00,0.0984,0.1022,87.00000000,87.00000000,100.00000000,0.10000000,0.10386179,3.86178862,3.65792683,3.65792683,24H
TP10,ALPINE/USDT,2026-08-05T18:00:00+00:00,2026-08-06T18:00:00+00:00,0.319,0.318,84.00000000,83.00000000,100.00000000,0.10000000,0.09968652,-0.31347962,-0.51316614,-0.51316614,24H
TP10,HEMI/USDT,2026-08-05T20:00:00+00:00,2026-08-06T20:00:00+00:00,0.00497,0.00515,95.00000000,100.00000000,100.00000000,0.10000000,0.10362173,3.62173038,3.41810865,3.41810865,24H
TP10,PLUME/USDT,2026-08-06T13:00:00+00:00,2026-08-06T20:00:00+00:00,0.01164,0.01284,89.00000000,89.00000000,100.00000000,0.10000000,0.11030928,10.30927835,10.09896907,10.09896907,TAKE_PROFIT
TP10,TAO/USDT,2026-08-05T23:00:00+00:00,2026-08-06T23:00:00+00:00,197.5,192.3,81.00000000,80.00000000,100.00000000,0.10000000,0.09736709,-2.63291139,-2.83027848,-2.83027848,24H
TP10,HOME/USDT,2026-08-06T11:00:00+00:00,2026-08-07T11:00:00+00:00,0.01049,0.0095,95.00000000,92.00000000,100.00000000,0.10000000,0.09056244,-9.43755958,-9.62812202,-9.62812202,24H
TP10,RARE/USDT,2026-08-06T13:00:00+00:00,2026-08-07T13:00:00+00:00,0.01238,0.01237,89.00000000,89.00000000,100.00000000,0.10000000,0.09991922,-0.08077544,-0.28069467,-0.28069467,24H
TP10,CRCLB/USDT,2026-08-06T16:00:00+00:00,2026-08-07T16:00:00+00:00,65.02,66.9,95.00000000,100.00000000,100.00000000,0.10000000,0.10289142,2.89141803,2.68852661,2.68852661,24H
TP10,PORTAL/USDT,2026-08-06T17:00:00+00:00,2026-08-07T17:00:00+00:00,0.0122,0.01112,95.00000000,100.00000000,100.00000000,0.10000000,0.09114754,-8.85245902,-9.04360656,-9.04360656,24H
TP10,ADA/USDT,2026-08-06T18:00:00+00:00,2026-08-07T18:00:00+00:00,0.2052,0.2006,89.00000000,88.00000000,100.00000000,0.10000000,0.09775828,-2.24171540,-2.43947368,-2.43947368,24H
TP10,CHIP/USDT,2026-08-06T20:00:00+00:00,2026-08-07T20:00:00+00:00,0.02536,0.02502,87.00000000,87.00000000,100.00000000,0.10000000,0.09865931,-1.34069401,-1.53935331,-1.53935331,24H
TP10,OPN/USDT,2026-08-06T20:00:00+00:00,2026-08-07T20:00:00+00:00,0.0528,0.0513,87.00000000,86.00000000,100.00000000,0.10000000,0.09715909,-2.84090909,-3.03806818,-3.03806818,24H
TP10,SOXLB/USDT,2026-08-06T23:00:00+00:00,2026-08-07T23:00:00+00:00,135.89,141.28,89.00000000,88.00000000,100.00000000,0.10000000,0.10396644,3.96644345,3.76247700,3.76247700,24H
TP10,BICO/USDT,2026-08-07T17:00:00+00:00,2026-08-08T03:00:00+00:00,0.05343,0.05893,89.00000000,80.00000000,100.00000000,0.10000000,0.11029384,10.29384241,10.08354857,10.08354857,TAKE_PROFIT
TP10,MSTRB/USDT,2026-08-07T11:00:00+00:00,2026-08-08T11:00:00+00:00,98.72,101.15,93.00000000,98.00000000,100.00000000,0.10000000,0.10246151,2.46150729,2.25904579,2.25904579,24H
TP10,ALPINE/USDT,2026-08-07T13:00:00+00:00,2026-08-08T13:00:00+00:00,0.324,0.322,90.00000000,95.00000000,100.00000000,0.10000000,0.09938272,-0.61728395,-0.81666667,-0.81666667,24H
TP10,GPS/USDT,2026-08-07T16:00:00+00:00,2026-08-08T16:00:00+00:00,0.00987,0.00982,90.00000000,95.00000000,100.00000000,0.10000000,0.09949341,-0.50658561,-0.70607903,-0.70607903,24H
TP10,BEL/USDT,2026-08-07T18:00:00+00:00,2026-08-08T18:00:00+00:00,0.1017,0.108,87.00000000,87.00000000,100.00000000,0.10000000,0.10619469,6.19469027,5.98849558,5.98849558,24H
TP10,ADA/USDT,2026-08-07T20:00:00+00:00,2026-08-08T20:00:00+00:00,0.2024,0.2005,82.00000000,82.00000000,100.00000000,0.10000000,0.09906126,-0.93873518,-1.13779644,-1.13779644,24H
TP10,TREE/USDT,2026-08-07T20:00:00+00:00,2026-08-08T20:00:00+00:00,0.0366,0.0368,79.00000000,74.00000000,100.00000000,0.10000000,0.10054645,0.54644809,0.34590164,0.34590164,24H
TP10,SOXLB/USDT,2026-08-07T23:00:00+00:00,2026-08-08T23:00:00+00:00,141.28,143.13,84.00000000,83.00000000,100.00000000,0.10000000,0.10130946,1.30945640,1.10814694,1.10814694,24H
TP10,BICO/USDT,2026-08-08T03:00:00+00:00,2026-08-09T00:00:00+00:00,0.05893,0.06662,89.00000000,80.00000000,100.00000000,0.10000000,0.11304938,13.04938062,12.83633124,12.83633124,TAKE_PROFIT
TP10,MUBARAK/USDT,2026-08-08T11:00:00+00:00,2026-08-09T04:00:00+00:00,0.01469,0.01668,93.00000000,98.00000000,100.00000000,0.10000000,0.11354663,13.54663036,13.33308373,13.33308373,TAKE_PROFIT
TP10,RARE/USDT,2026-08-08T13:00:00+00:00,2026-08-09T13:00:00+00:00,0.01285,0.01329,95.00000000,100.00000000,100.00000000,0.10000000,0.10342412,3.42412451,3.22070039,3.22070039,24H
TP10,ONG/USDT,2026-08-08T16:00:00+00:00,2026-08-09T16:00:00+00:00,0.04311,0.04355,90.00000000,95.00000000,100.00000000,0.10000000,0.10102064,1.02064486,0.81962422,0.81962422,24H
TP10,PORTAL/USDT,2026-08-08T18:00:00+00:00,2026-08-09T18:00:00+00:00,0.01142,0.01144,95.00000000,100.00000000,100.00000000,0.10000000,0.10017513,0.17513135,-0.02504378,-0.02504378,24H
TP10,SPCXB/USDT,2026-08-08T20:00:00+00:00,2026-08-09T20:00:00+00:00,135.22,136.68,93.00000000,98.00000000,100.00000000,0.10000000,0.10107972,1.07972193,0.87864221,0.87864221,24H
TP10,DEXE/USDT,2026-08-08T20:00:00+00:00,2026-08-09T20:00:00+00:00,2.334,2.181,84.00000000,84.00000000,100.00000000,0.10000000,0.09344473,-6.55526992,-6.74871465,-6.74871465,24H
TP10,ALPINE/USDT,2026-08-08T23:00:00+00:00,2026-08-09T23:00:00+00:00,0.33,0.337,87.00000000,87.00000000,100.00000000,0.10000000,0.10212121,2.12121212,1.91909091,1.91909091,24H
TP10,BICO/USDT,2026-08-09T00:00:00+00:00,2026-08-10T00:00:00+00:00,0.06662,0.04618,92.00000000,89.00000000,100.00000000,0.10000000,0.06931852,-30.68147703,-30.85079556,-30.85079556,24H
TP10,HOME/USDT,2026-08-09T00:00:00+00:00,2026-08-10T00:00:00+00:00,0.00947,0.00903,90.00000000,95.00000000,100.00000000,0.10000000,0.09535375,-4.64625132,-4.84160507,-4.84160507,24H
TP10,EURI/USDT,2026-08-09T04:00:00+00:00,2026-08-10T04:00:00+00:00,1.1559,1.1554,84.00000000,84.00000000,100.00000000,0.10000000,0.09995674,-0.04325634,-0.24321308,-0.24321308,24H
TP10,HEMI/USDT,2026-08-09T13:00:00+00:00,2026-08-10T13:00:00+00:00,0.00556,0.0053,95.00000000,100.00000000,100.00000000,0.10000000,0.09532374,-4.67625899,-4.87158273,-4.87158273,24H
TP10,CRCLB/USDT,2026-08-09T16:00:00+00:00,2026-08-10T16:00:00+00:00,68.32,65.86,90.00000000,95.00000000,100.00000000,0.10000000,0.09639930,-3.60070258,-3.79710187,-3.79710187,24H
TP10,RARE/USDT,2026-08-09T18:00:00+00:00,2026-08-10T18:00:00+00:00,0.01368,0.01352,92.00000000,97.00000000,100.00000000,0.10000000,0.09883041,-1.16959064,-1.36842105,-1.36842105,24H
TP10,EUR/USDT,2026-08-09T20:00:00+00:00,2026-08-10T20:00:00+00:00,1.1565,1.1553,84.00000000,84.00000000,100.00000000,0.10000000,0.09989624,-0.10376135,-0.30365759,-0.30365759,24H
TP10,PAXG/USDT,2026-08-09T20:00:00+00:00,2026-08-10T20:00:00+00:00,4359.1,4383.85,84.00000000,84.00000000,100.00000000,0.10000000,0.10056778,0.56777775,0.36720997,0.36720997,24H
TP10,TRX/USDT,2026-08-09T23:00:00+00:00,2026-08-10T23:00:00+00:00,0.3299,0.3309,81.00000000,80.00000000,100.00000000,0.10000000,0.10030312,0.30312216,0.10281904,0.10281904,24H
TP10,PUMP/USDT,2026-08-10T00:00:00+00:00,2026-08-11T00:00:00+00:00,0.002748,0.002749,87.00000000,92.00000000,100.00000000,0.10000000,0.10003639,0.03639010,-0.16364629,-0.16364629,24H
TP10,EDEN/USDT,2026-08-10T04:00:00+00:00,2026-08-11T04:00:00+00:00,0.04497,0.04374,92.00000000,97.00000000,100.00000000,0.10000000,0.09726484,-2.73515677,-2.93242161,-2.93242161,24H
TP10,PORTAL/USDT,2026-08-10T13:00:00+00:00,2026-08-11T13:00:00+00:00,0.01159,0.01152,93.00000000,98.00000000,100.00000000,0.10000000,0.09939603,-0.60396894,-0.80336497,-0.80336497,24H
TP10,ALLO/USDT,2026-08-10T16:00:00+00:00,2026-08-11T16:00:00+00:00,0.3267,0.3025,95.00000000,100.00000000,100.00000000,0.10000000,0.09259259,-7.40740741,-7.60000000,-7.60000000,24H
TP10,HOME/USDT,2026-08-10T18:00:00+00:00,2026-08-11T18:00:00+00:00,0.01017,0.00829,89.00000000,80.00000000,100.00000000,0.10000000,0.08151426,-18.48574238,-18.66725664,-18.66725664,24H
TP10,RARE/USDT,2026-08-10T20:00:00+00:00,2026-08-11T20:00:00+00:00,0.01368,0.01219,87.00000000,86.00000000,100.00000000,0.10000000,0.08910819,-10.89181287,-11.08092105,-11.08092105,24H
TP10,SPCXB/USDT,2026-08-10T20:00:00+00:00,2026-08-11T20:00:00+00:00,137.34,132.76,84.00000000,84.00000000,100.00000000,0.10000000,0.09666521,-3.33478957,-3.53145478,-3.53145478,24H
TP10,XPL/USDT,2026-08-10T23:00:00+00:00,2026-08-11T23:00:00+00:00,0.07877,0.07857,84.00000000,83.00000000,100.00000000,0.10000000,0.09974610,-0.25390377,-0.45364987,-0.45364987,24H
TP10,LINK/USDT,2026-08-11T00:00:00+00:00,2026-08-12T00:00:00+00:00,8.335,8.76,90.00000000,95.00000000,100.00000000,0.10000000,0.10509898,5.09898020,4.89388122,4.89388122,24H
TP10,TRUMP/USDT,2026-08-11T04:00:00+00:00,2026-08-12T04:00:00+00:00,1.53,1.487,92.00000000,97.00000000,100.00000000,0.10000000,0.09718954,-2.81045752,-3.00764706,-3.00764706,24H
TP10,KORUB/USDT,2026-08-12T00:00:00+00:00,2026-08-12T12:00:00+00:00,18,19.83,93.00000000,98.00000000,100.00000000,0.10000000,0.11016667,10.16666667,9.95650000,9.95650000,TAKE_PROFIT
TP10,GIGGLE/USDT,2026-08-11T13:00:00+00:00,2026-08-12T13:00:00+00:00,36.39,35.02,95.00000000,100.00000000,100.00000000,0.10000000,0.09623523,-3.76477054,-3.96100577,-3.96100577,24H
TP10,CRCLB/USDT,2026-08-11T16:00:00+00:00,2026-08-12T16:00:00+00:00,71.09,70.03,84.00000000,88.00000000,100.00000000,0.10000000,0.09850893,-1.49106766,-1.68957659,-1.68957659,24H
TP10,DOGE/USDT,2026-08-11T18:00:00+00:00,2026-08-12T18:00:00+00:00,0.07081,0.07069,87.00000000,86.00000000,100.00000000,0.10000000,0.09983053,-0.16946759,-0.36929812,-0.36929812,24H
TP10,ENA/USDT,2026-08-11T20:00:00+00:00,2026-08-12T20:00:00+00:00,0.0898,0.0868,87.00000000,87.00000000,100.00000000,0.10000000,0.09665924,-3.34075724,-3.53741648,-3.53741648,24H
TP10,PUMP/USDT,2026-08-11T20:00:00+00:00,2026-08-12T20:00:00+00:00,0.002758,0.002702,84.00000000,84.00000000,100.00000000,0.10000000,0.09796954,-2.03045685,-2.22842640,-2.22842640,24H
TP10,RLUSD/USDT,2026-08-11T23:00:00+00:00,2026-08-12T23:00:00+00:00,1.001,1.0011,84.00000000,84.00000000,100.00000000,0.10000000,0.10000999,0.00999001,-0.19001998,-0.19001998,24H
TP10,RE/USDT,2026-08-12T04:00:00+00:00,2026-08-13T04:00:00+00:00,0.436,0.4388,90.00000000,95.00000000,100.00000000,0.10000000,0.10064220,0.64220183,0.44155963,0.44155963,24H
TP10,HOME/USDT,2026-08-12T23:00:00+00:00,2026-08-13T09:00:00+00:00,0.00944,0.01054,85.00000000,87.00000000,100.00000000,0.10000000,0.11165254,11.65254237,11.44088983,11.44088983,TAKE_PROFIT
TP10,LINK/USDT,2026-08-12T12:00:00+00:00,2026-08-13T12:00:00+00:00,8.849,8.782,93.00000000,98.00000000,100.00000000,0.10000000,0.09924285,-0.75714770,-0.95639055,-0.95639055,24H
TP10,RARE/USDT,2026-08-12T13:00:00+00:00,2026-08-13T13:00:00+00:00,0.01377,0.01205,95.00000000,92.00000000,100.00000000,0.10000000,0.08750908,-12.49092229,-12.67843137,-12.67843137,24H
TP10,EDEN/USDT,2026-08-12T16:00:00+00:00,2026-08-13T15:00:00+00:00,0.04516,0.04974,93.00000000,98.00000000,100.00000000,0.10000000,0.11014172,10.14171833,9.93157662,9.93157662,TAKE_PROFIT
TP10,CRCLB/USDT,2026-08-12T18:00:00+00:00,2026-08-13T18:00:00+00:00,70.92,73.57,80.00000000,72.00000000,100.00000000,0.10000000,0.10373660,3.73660462,3.53286802,3.53286802,24H
TP10,TRX/USDT,2026-08-12T20:00:00+00:00,2026-08-13T20:00:00+00:00,0.3358,0.3344,76.00000000,71.00000000,100.00000000,0.10000000,0.09958309,-0.41691483,-0.61649792,-0.61649792,24H
TP10,USDC/USDT,2026-08-12T20:00:00+00:00,2026-08-13T20:00:00+00:00,1.00095,1.0009,76.00000000,71.00000000,100.00000000,0.10000000,0.09999500,-0.00499525,-0.20499026,-0.20499026,24H
TP10,ACE/USDT,2026-08-13T20:00:00+00:00,2026-08-14T01:00:00+00:00,0.1169,0.1349,82.00000000,82.00000000,100.00000000,0.10000000,0.11539778,15.39777588,15.18237810,15.18237810,TAKE_PROFIT
TP10,AVAX/USDT,2026-08-13T04:00:00+00:00,2026-08-14T04:00:00+00:00,6.505,6.433,86.00000000,86.00000000,100.00000000,0.10000000,0.09889316,-1.10684089,-1.30573405,-1.30573405,24H
TP10,RE/USDT,2026-08-13T09:00:00+00:00,2026-08-14T09:00:00+00:00,0.4494,0.4391,95.00000000,100.00000000,100.00000000,0.10000000,0.09770806,-2.29194482,-2.48965287,-2.48965287,24H
TP10,HOME/USDT,2026-08-13T12:00:00+00:00,2026-08-14T12:00:00+00:00,0.01114,0.0104,90.00000000,100.00000000,100.00000000,0.10000000,0.09335727,-6.64272890,-6.83608618,-6.83608618,24H
TP10,LINK/USDT,2026-08-13T13:00:00+00:00,2026-08-14T13:00:00+00:00,8.804,8.841,90.00000000,95.00000000,100.00000000,0.10000000,0.10042026,0.42026352,0.21984325,0.21984325,24H
TP10,PUMP/USDT,2026-08-13T15:00:00+00:00,2026-08-14T15:00:00+00:00,0.002882,0.002821,95.00000000,100.00000000,100.00000000,0.10000000,0.09788341,-2.11658570,-2.31446912,-2.31446912,24H
TP10,CRCLB/USDT,2026-08-13T18:00:00+00:00,2026-08-14T18:00:00+00:00,73.57,71.64,92.00000000,97.00000000,100.00000000,0.10000000,0.09737665,-2.62335191,-2.82072856,-2.82072856,24H
TP10,TAO/USDT,2026-08-13T20:00:00+00:00,2026-08-14T20:00:00+00:00,202.9,197.8,87.00000000,86.00000000,100.00000000,0.10000000,0.09748645,-2.51355347,-2.71103992,-2.71103992,24H
TP10,HEI/USDT,2026-08-14T15:00:00+00:00,2026-08-14T22:00:00+00:00,0.1446,0.1693,89.00000000,81.00000000,100.00000000,0.10000000,0.11708160,17.08160443,16.86452282,16.86452282,TAKE_PROFIT
TP10,RED/USDT,2026-08-14T01:00:00+00:00,2026-08-15T01:00:00+00:00,0.0891,0.0873,84.00000000,89.00000000,100.00000000,0.10000000,0.09797980,-2.02020202,-2.21818182,-2.21818182,24H
TP10,USDC/USDT,2026-08-14T04:00:00+00:00,2026-08-15T04:00:00+00:00,1.00088,1.00088,87.00000000,87.00000000,100.00000000,0.10000000,0.10000000,0.00000000,-0.20000000,-0.20000000,24H
TP10,KORUB/USDT,2026-08-14T09:00:00+00:00,2026-08-15T09:00:00+00:00,22.26,21.65,89.00000000,88.00000000,100.00000000,0.10000000,0.09725966,-2.74034142,-2.93760108,-2.93760108,24H
TP10,PLUME/USDT,2026-08-14T12:00:00+00:00,2026-08-15T12:00:00+00:00,0.01319,0.01389,92.00000000,97.00000000,100.00000000,0.10000000,0.10530705,5.30705080,5.10174375,5.10174375,24H
TP10,WLD/USDT,2026-08-14T13:00:00+00:00,2026-08-15T13:00:00+00:00,0.3427,0.343,95.00000000,100.00000000,100.00000000,0.10000000,0.10008754,0.08754012,-0.11254742,-0.11254742,24H
TP10,HEMI/USDT,2026-08-15T09:00:00+00:00,2026-08-15T14:00:00+00:00,0.00533,0.00661,89.00000000,89.00000000,100.00000000,0.10000000,0.12401501,24.01500938,23.79099437,23.79099437,TAKE_PROFIT
TP10,LINK/USDT,2026-08-14T18:00:00+00:00,2026-08-15T18:00:00+00:00,8.946,9.55,93.00000000,98.00000000,100.00000000,0.10000000,0.10675162,6.75162084,6.54486922,6.54486922,24H
TP10,WLFI/USDT,2026-08-14T20:00:00+00:00,2026-08-15T20:00:00+00:00,0.0562,0.0566,93.00000000,98.00000000,100.00000000,0.10000000,0.10071174,0.71174377,0.51103203,0.51103203,24H
TP10,RED/USDT,2026-08-15T18:00:00+00:00,2026-08-15T21:00:00+00:00,0.0911,0.1067,90.00000000,100.00000000,100.00000000,0.10000000,0.11712404,17.12403952,16.90691548,16.90691548,TAKE_PROFIT
TP10,BEL/USDT,2026-08-14T22:00:00+00:00,2026-08-15T22:00:00+00:00,0.1091,0.1064,89.00000000,88.00000000,100.00000000,0.10000000,0.09752521,-2.47479377,-2.67231897,-2.67231897,24H
TP10,RE/USDT,2026-08-15T01:00:00+00:00,2026-08-16T01:00:00+00:00,0.4662,0.4609,89.00000000,88.00000000,100.00000000,0.10000000,0.09886315,-1.13685114,-1.33571429,-1.33571429,24H
TP10,HEMI/USDT,2026-08-15T14:00:00+00:00,2026-08-16T02:00:00+00:00,0.00661,0.00742,90.00000000,92.00000000,100.00000000,0.10000000,0.11225416,12.25416036,12.04190620,12.04190620,TAKE_PROFIT
TP10,AVAX/USDT,2026-08-15T04:00:00+00:00,2026-08-16T04:00:00+00:00,6.723,6.343,87.00000000,92.00000000,100.00000000,0.10000000,0.09434776,-5.65223858,-5.84658635,-5.84658635,24H
TP10,OPN/USDT,2026-08-15T12:00:00+00:00,2026-08-16T12:00:00+00:00,0.0495,0.0519,84.00000000,84.00000000,100.00000000,0.10000000,0.10484848,4.84848485,4.64363636,4.64363636,24H
TP10,USDC/USDT,2026-08-15T13:00:00+00:00,2026-08-16T13:00:00+00:00,1.00093,1.00096,87.00000000,87.00000000,100.00000000,0.10000000,0.10000300,0.00299721,-0.19700578,-0.19700578,24H
TP10,BEL/USDT,2026-08-16T12:00:00+00:00,2026-08-16T18:00:00+00:00,0.107,0.1222,87.00000000,86.00000000,100.00000000,0.10000000,0.11420561,14.20560748,13.99140187,13.99140187,TAKE_PROFIT
TP10,ALPINE/USDT,2026-08-15T20:00:00+00:00,2026-08-16T20:00:00+00:00,0.32,0.317,89.00000000,89.00000000,100.00000000,0.10000000,0.09906250,-0.93750000,-1.13656250,-1.13656250,24H
TP10,EWYB/USDT,2026-08-15T21:00:00+00:00,2026-08-16T21:00:00+00:00,180.21,180.77,87.00000000,87.00000000,100.00000000,0.10000000,0.10031075,0.31074857,0.11043782,0.11043782,24H
TP10,ONG/USDT,2026-08-15T22:00:00+00:00,2026-08-16T22:00:00+00:00,0.05037,0.05363,95.00000000,100.00000000,100.00000000,0.10000000,0.10647211,6.47210641,6.26563431,6.26563431,24H
TP10,PORTAL/USDT,2026-08-16T18:00:00+00:00,2026-08-16T22:00:00+00:00,0.01674,0.01866,90.00000000,92.00000000,100.00000000,0.10000000,0.11146953,11.46953405,11.25806452,11.25806452,TAKE_PROFIT
TP10,RE/USDT,2026-08-16T01:00:00+00:00,2026-08-17T01:00:00+00:00,0.4609,0.4096,84.00000000,83.00000000,100.00000000,0.10000000,0.08886960,-11.13039705,-11.31926665,-11.31926665,24H
TP10,GPS/USDT,2026-08-16T04:00:00+00:00,2026-08-17T01:00:00+00:00,0.01072,0.01195,93.00000000,98.00000000,100.00000000,0.10000000,0.11147388,11.47388060,11.26240672,11.26240672,TAKE_PROFIT
TP10,ONG/USDT,2026-08-16T22:00:00+00:00,2026-08-17T01:00:00+00:00,0.05363,0.06082,80.00000000,72.00000000,100.00000000,0.10000000,0.11340668,13.40667537,13.19326869,13.19326869,TAKE_PROFIT
TP10,WLFI/USDT,2026-08-16T02:00:00+00:00,2026-08-17T02:00:00+00:00,0.0584,0.0599,92.00000000,97.00000000,100.00000000,0.10000000,0.10256849,2.56849315,2.36592466,2.36592466,24H
TP10,GPS/USDT,2026-08-17T01:00:00+00:00,2026-08-17T03:00:00+00:00,0.01195,0.01394,95.00000000,100.00000000,100.00000000,0.10000000,0.11665272,16.65271967,16.43606695,16.43606695,TAKE_PROFIT
TP10,PLUME/USDT,2026-08-16T13:00:00+00:00,2026-08-17T13:00:00+00:00,0.01317,0.01242,87.00000000,87.00000000,100.00000000,0.10000000,0.09430524,-5.69476082,-5.88906606,-5.88906606,24H
TP10,SNXXB/USDT,2026-08-16T18:00:00+00:00,2026-08-17T13:00:00+00:00,16.67,18.97,93.00000000,98.00000000,100.00000000,0.10000000,0.11379724,13.79724055,13.58344331,13.58344331,TAKE_PROFIT
TP10,KORUB/USDT,2026-08-17T02:00:00+00:00,2026-08-17T14:00:00+00:00,22.24,25.04,93.00000000,98.00000000,100.00000000,0.10000000,0.11258993,12.58992806,12.37733813,12.37733813,TAKE_PROFIT
TP10,BEL/USDT,2026-08-16T20:00:00+00:00,2026-08-17T20:00:00+00:00,0.1115,0.1082,87.00000000,87.00000000,100.00000000,0.10000000,0.09704036,-2.95964126,-3.15668161,-3.15668161,24H
TP10,RARE/USDT,2026-08-16T21:00:00+00:00,2026-08-17T21:00:00+00:00,0.01217,0.01231,87.00000000,87.00000000,100.00000000,0.10000000,0.10115037,1.15036976,0.94921939,0.94921939,24H
TP10,EUR/USDT,2026-08-16T22:00:00+00:00,2026-08-17T22:00:00+00:00,1.1583,1.159,81.00000000,80.00000000,100.00000000,0.10000000,0.10006043,0.06043339,-0.13962704,-0.13962704,24H
TP10,WLD/USDT,2026-08-17T01:00:00+00:00,2026-08-18T01:00:00+00:00,0.364,0.3383,95.00000000,100.00000000,100.00000000,0.10000000,0.09293956,-7.06043956,-7.25337912,-7.25337912,24H
TP10,LINK/USDT,2026-08-17T01:00:00+00:00,2026-08-18T01:00:00+00:00,9.491,9.44,90.00000000,95.00000000,100.00000000,0.10000000,0.09946265,-0.53735117,-0.73681382,-0.73681382,24H
TP10,ONG/USDT,2026-08-17T03:00:00+00:00,2026-08-18T03:00:00+00:00,0.05908,0.05859,89.00000000,88.00000000,100.00000000,0.10000000,0.09917062,-0.82938389,-1.02855450,-1.02855450,24H
TP10,EDEN/USDT,2026-08-18T01:00:00+00:00,2026-08-18T06:00:00+00:00,0.04842,0.05475,80.00000000,72.00000000,100.00000000,0.10000000,0.11307311,13.07311029,12.86003717,12.86003717,TAKE_PROFIT
TP10,OPN/USDT,2026-08-17T20:00:00+00:00,2026-08-18T09:00:00+00:00,0.0527,0.0587,84.00000000,84.00000000,100.00000000,0.10000000,0.11138520,11.38519924,11.17381404,11.17381404,TAKE_PROFIT
TP10,ACE/USDT,2026-08-18T06:00:00+00:00,2026-08-18T12:00:00+00:00,0.1962,0.2162,95.00000000,92.00000000,100.00000000,0.10000000,0.11019368,10.19367992,9.98348624,9.98348624,TAKE_PROFIT
TP10,CRCLB/USDT,2026-08-17T13:00:00+00:00,2026-08-18T13:00:00+00:00,74.22,72.38,90.00000000,100.00000000,100.00000000,0.10000000,0.09752088,-2.47911614,-2.67663703,-2.67663703,24H
TP10,SNDKB/USDT,2026-08-17T13:00:00+00:00,2026-08-18T13:00:00+00:00,1780.29,1675.37,90.00000000,100.00000000,100.00000000,0.10000000,0.09410658,-5.89342186,-6.08752844,-6.08752844,24H
TP10,HEMI/USDT,2026-08-17T14:00:00+00:00,2026-08-18T14:00:00+00:00,0.00692,0.00646,95.00000000,100.00000000,100.00000000,0.10000000,0.09335260,-6.64739884,-6.84075145,-6.84075145,24H
TP10,AAVE/USDT,2026-08-17T21:00:00+00:00,2026-08-18T21:00:00+00:00,89.04,88.29,79.00000000,79.00000000,100.00000000,0.10000000,0.09915768,-0.84231806,-1.04147574,-1.04147574,24H
TP10,SNXXB/USDT,2026-08-17T22:00:00+00:00,2026-08-18T22:00:00+00:00,19.6,14.98,89.00000000,88.00000000,100.00000000,0.10000000,0.07642857,-23.57142857,-23.74785714,-23.74785714,24H
TP10,GPS/USDT,2026-08-18T01:00:00+00:00,2026-08-19T01:00:00+00:00,0.01681,0.0146,82.00000000,74.00000000,100.00000000,0.10000000,0.08685306,-13.14693635,-13.33378941,-13.33378941,24H
TP10,ACE/USDT,2026-08-18T12:00:00+00:00,2026-08-19T02:00:00+00:00,0.2162,0.239,95.00000000,92.00000000,100.00000000,0.10000000,0.11054579,10.54579093,10.33524514,10.33524514,TAKE_PROFIT
TP10,ONG/USDT,2026-08-18T03:00:00+00:00,2026-08-19T03:00:00+00:00,0.05859,0.05848,84.00000000,84.00000000,100.00000000,0.10000000,0.09981225,-0.18774535,-0.38755760,-0.38755760,24H
TP10,POL/USDT,2026-08-18T09:00:00+00:00,2026-08-19T09:00:00+00:00,0.08099,0.08153,89.00000000,88.00000000,100.00000000,0.10000000,0.10066675,0.66674898,0.46608223,0.46608223,24H
TP10,MUBARAK/USDT,2026-08-18T22:00:00+00:00,2026-08-19T09:00:00+00:00,0.01726,0.01908,90.00000000,95.00000000,100.00000000,0.10000000,0.11054461,10.54461182,10.33406721,10.33406721,TAKE_PROFIT
TP10,WLFI/USDT,2026-08-18T12:00:00+00:00,2026-08-19T12:00:00+00:00,0.0605,0.06,90.00000000,95.00000000,100.00000000,0.10000000,0.09917355,-0.82644628,-1.02561983,-1.02561983,24H
TP10,BTC/USDT,2026-08-18T13:00:00+00:00,2026-08-19T13:00:00+00:00,64219.99,65012.12,87.00000000,87.00000000,100.00000000,0.10000000,0.10123346,1.23346329,1.03222982,1.03222982,24H
TP10,SOL/USDT,2026-08-18T14:00:00+00:00,2026-08-19T14:00:00+00:00,76.8,80.89,93.00000000,98.00000000,100.00000000,0.10000000,0.10532552,5.32552083,5.12019531,5.12019531,24H
TP10,TREE/USDT,2026-08-19T12:00:00+00:00,2026-08-19T14:00:00+00:00,0.0343,0.0406,95.00000000,100.00000000,100.00000000,0.10000000,0.11836735,18.36734694,18.14897959,18.14897959,TAKE_PROFIT
TP10,RE/USDT,2026-08-19T09:00:00+00:00,2026-08-19T15:00:00+00:00,0.4022,0.4585,79.00000000,76.00000000,100.00000000,0.10000000,0.11399801,13.99801094,13.78401293,13.78401293,TAKE_PROFIT
TP10,ARB/USDT,2026-08-19T01:00:00+00:00,2026-08-19T19:00:00+00:00,0.0756,0.0834,73.00000000,68.00000000,100.00000000,0.10000000,0.11031746,10.31746032,10.10714286,10.10714286,TAKE_PROFIT
TP10,ENA/USDT,2026-08-19T09:00:00+00:00,2026-08-19T20:00:00+00:00,0.0842,0.0928,78.00000000,72.00000000,100.00000000,0.10000000,0.11021378,10.21377672,10.00356295,10.00356295,TAKE_PROFIT
TP10,PUMP/USDT,2026-08-18T21:00:00+00:00,2026-08-19T21:00:00+00:00,0.002972,0.003126,90.00000000,100.00000000,100.00000000,0.10000000,0.10518170,5.18169583,4.97651413,4.97651413,24H
TP10,ONG/USDT,2026-08-19T03:00:00+00:00,2026-08-20T20:00:00+00:00,0.05848,0.17155,84.00000000,84.00000000,100.00000000,0.10000000,0.29334815,193.34815321,192.95480506,192.95480506,TAKE_PROFIT
TP10,TAO/USDT,2026-08-20T23:00:00+00:00,2026-08-21T23:00:00+00:00,214.9,229.9,72.00000000,67.00000000,100.00000000,0.10000000,0.10697999,6.97999069,6.77301070,6.77301070,24H
SL5_TP10,ACE/USDT,2026-07-18T15:00:00+00:00,2026-07-18T18:00:00+00:00,0.0729,0.0686,70.00000000,70.00000000,100.00000000,0.10000000,0.09410151,-5.89849108,-6.09259259,-6.09259259,STOP_LOSS
SL5_TP10,DEXE/USDT,2026-07-18T13:00:00+00:00,2026-07-19T06:00:00+00:00,36.519,34.466,75.00000000,70.00000000,100.00000000,0.10000000,0.09437827,-5.62173115,-5.81610942,-5.81610942,STOP_LOSS
SL5_TP10,CHIP/USDT,2026-07-18T13:00:00+00:00,2026-07-19T13:00:00+00:00,0.03159,0.03049,75.00000000,70.00000000,100.00000000,0.10000000,0.09651789,-3.48211459,-3.67863248,-3.67863248,24H
SL5_TP10,ONG/USDT,2026-07-18T13:00:00+00:00,2026-07-19T13:00:00+00:00,0.0472,0.0474,70.00000000,65.00000000,100.00000000,0.10000000,0.10042373,0.42372881,0.22330508,0.22330508,24H
SL5_TP10,ALLO/USDT,2026-07-18T14:00:00+00:00,2026-07-19T14:00:00+00:00,0.4592,0.4639,72.00000000,67.00000000,100.00000000,0.10000000,0.10102352,1.02351916,0.82249564,0.82249564,24H
SL5_TP10,ZEC/USDT,2026-07-18T16:00:00+00:00,2026-07-19T16:00:00+00:00,556.73,551.43,70.00000000,65.00000000,100.00000000,0.10000000,0.09904801,-0.95198750,-1.15103551,-1.15103551,24H
SL5_TP10,ETH/USDT,2026-07-18T18:00:00+00:00,2026-07-19T18:00:00+00:00,1857.54,1861.12,70.00000000,65.00000000,100.00000000,0.10000000,0.10019273,0.19272802,-0.00746471,-0.00746471,24H
SL5_TP10,TAO/USDT,2026-07-18T19:00:00+00:00,2026-07-19T19:00:00+00:00,195.9,197.1,70.00000000,65.00000000,100.00000000,0.10000000,0.10061256,0.61255743,0.41194487,0.41194487,24H
SL5_TP10,ACE/USDT,2026-07-19T20:00:00+00:00,2026-07-19T22:00:00+00:00,0.0712,0.0957,70.00000000,70.00000000,100.00000000,0.10000000,0.13441011,34.41011236,34.17570225,34.17570225,TAKE_PROFIT
SL5_TP10,CRCLB/USDT,2026-07-19T01:00:00+00:00,2026-07-20T01:00:00+00:00,61.4,60.65,73.00000000,68.00000000,100.00000000,0.10000000,0.09877850,-1.22149837,-1.42027687,-1.42027687,24H
SL5_TP10,OPN/USDT,2026-07-19T02:00:00+00:00,2026-07-20T02:00:00+00:00,0.0637,0.0616,70.00000000,65.00000000,100.00000000,0.10000000,0.09670330,-3.29670330,-3.49340659,-3.49340659,24H
SL5_TP10,PEPE/USDT,2026-07-19T06:00:00+00:00,2026-07-20T06:00:00+00:00,2.8e-06,2.82e-06,73.00000000,68.00000000,100.00000000,0.10000000,0.10071429,0.71428571,0.51357143,0.51357143,24H
SL5_TP10,HEMI/USDT,2026-07-19T13:00:00+00:00,2026-07-20T08:00:00+00:00,0.00457,0.00505,75.00000000,70.00000000,100.00000000,0.10000000,0.11050328,10.50328228,10.29277899,10.29277899,TAKE_PROFIT
SL5_TP10,LTC/USDT,2026-07-19T13:00:00+00:00,2026-07-20T13:00:00+00:00,47.36,46.69,73.00000000,68.00000000,100.00000000,0.10000000,0.09858530,-1.41469595,-1.61328125,-1.61328125,24H
SL5_TP10,GPS/USDT,2026-07-19T14:00:00+00:00,2026-07-20T14:00:00+00:00,0.00908,0.00905,70.00000000,65.00000000,100.00000000,0.10000000,0.09966960,-0.33039648,-0.53006608,-0.53006608,24H
SL5_TP10,HEMI/USDT,2026-07-20T09:00:00+00:00,2026-07-20T14:00:00+00:00,0.00499,0.00561,70.00000000,70.00000000,100.00000000,0.10000000,0.11242485,12.42484970,12.21242485,12.21242485,TAKE_PROFIT
SL5_TP10,EDEN/USDT,2026-07-19T16:00:00+00:00,2026-07-20T16:00:00+00:00,0.04415,0.04281,70.00000000,65.00000000,100.00000000,0.10000000,0.09696489,-3.03510759,-3.23207248,-3.23207248,24H
SL5_TP10,ALLO/USDT,2026-07-20T16:00:00+00:00,2026-07-20T20:00:00+00:00,0.4872,0.4611,75.00000000,70.00000000,100.00000000,0.10000000,0.09464286,-5.35714286,-5.55178571,-5.55178571,STOP_LOSS
SL5_TP10,EWYB/USDT,2026-07-19T22:00:00+00:00,2026-07-20T22:00:00+00:00,166.67,163.53,75.00000000,70.00000000,100.00000000,0.10000000,0.09811604,-1.88396232,-2.08207836,-2.08207836,24H
SL5_TP10,MUB/USDT,2026-07-19T22:00:00+00:00,2026-07-20T22:00:00+00:00,867.11,873.22,73.00000000,68.00000000,100.00000000,0.10000000,0.10070464,0.70463955,0.50393491,0.50393491,24H
SL5_TP10,ETH/USDT,2026-07-19T22:00:00+00:00,2026-07-20T22:00:00+00:00,1870.44,1895.72,70.00000000,65.00000000,100.00000000,0.10000000,0.10135155,1.35155365,1.15020209,1.15020209,24H
SL5_TP10,TUT/USDT,2026-07-20T06:00:00+00:00,2026-07-21T00:00:00+00:00,0.01337,0.01477,70.00000000,65.00000000,100.00000000,0.10000000,0.11047120,10.47120419,10.26073298,10.26073298,TAKE_PROFIT
SL5_TP10,LINK/USDT,2026-07-20T01:00:00+00:00,2026-07-21T01:00:00+00:00,8.422,8.592,73.00000000,68.00000000,100.00000000,0.10000000,0.10201852,2.01852292,1.81650439,1.81650439,24H
SL5_TP10,HEMI/USDT,2026-07-20T22:00:00+00:00,2026-07-21T01:00:00+00:00,0.00686,0.00643,72.00000000,59.00000000,100.00000000,0.10000000,0.09373178,-6.26822157,-6.46195335,-6.46195335,STOP_LOSS
SL5_TP10,MSTRB/USDT,2026-07-20T02:00:00+00:00,2026-07-21T02:00:00+00:00,95.95,99.27,70.00000000,65.00000000,100.00000000,0.10000000,0.10346014,3.46013549,3.25667535,3.25667535,24H
SL5_TP10,DEXE/USDT,2026-07-21T00:00:00+00:00,2026-07-21T02:00:00+00:00,37.721,34.091,75.00000000,70.00000000,100.00000000,0.10000000,0.09037671,-9.62328676,-9.81366348,-9.81366348,STOP_LOSS
SL5_TP10,TREE/USDT,2026-07-21T02:00:00+00:00,2026-07-21T06:00:00+00:00,0.0385,0.0475,72.00000000,67.00000000,100.00000000,0.10000000,0.12337662,23.37662338,23.15324675,23.15324675,TAKE_PROFIT
SL5_TP10,SOXLB/USDT,2026-07-21T00:00:00+00:00,2026-07-21T08:00:00+00:00,139.06,153.96,73.00000000,68.00000000,100.00000000,0.10000000,0.11071480,10.71479937,10.50408457,10.50408457,TAKE_PROFIT
SL5_TP10,NEAR/USDT,2026-07-20T13:00:00+00:00,2026-07-21T13:00:00+00:00,1.965,1.988,73.00000000,68.00000000,100.00000000,0.10000000,0.10117048,1.17048346,0.96931298,0.96931298,24H
SL5_TP10,CRCLB/USDT,2026-07-20T14:00:00+00:00,2026-07-21T13:00:00+00:00,63.12,70.14,70.00000000,70.00000000,100.00000000,0.10000000,0.11112167,11.12167300,10.91055133,10.91055133,TAKE_PROFIT
SL5_TP10,BMT/USDT,2026-07-20T15:00:00+00:00,2026-07-21T15:00:00+00:00,0.01184,0.01197,73.00000000,68.00000000,100.00000000,0.10000000,0.10109797,1.09797297,0.89687500,0.89687500,24H
SL5_TP10,MUB/USDT,2026-07-21T01:00:00+00:00,2026-07-21T16:00:00+00:00,886.11,977.63,73.00000000,68.00000000,100.00000000,0.10000000,0.11032829,10.32828881,10.11796052,10.11796052,TAKE_PROFIT
SL5_TP10,RARE/USDT,2026-07-20T20:00:00+00:00,2026-07-21T20:00:00+00:00,0.0128,0.0127,73.00000000,68.00000000,100.00000000,0.10000000,0.09921875,-0.78125000,-0.98046875,-0.98046875,24H
SL5_TP10,RED/USDT,2026-07-21T01:00:00+00:00,2026-07-22T01:00:00+00:00,0.1032,0.1011,75.00000000,70.00000000,100.00000000,0.10000000,0.09796512,-2.03488372,-2.23284884,-2.23284884,24H
SL5_TP10,EWYB/USDT,2026-07-21T02:00:00+00:00,2026-07-22T02:00:00+00:00,167.22,174.49,75.00000000,70.00000000,100.00000000,0.10000000,0.10434757,4.34756608,4.14321851,4.14321851,24H
SL5_TP10,BICO/USDT,2026-07-21T02:00:00+00:00,2026-07-22T02:00:00+00:00,0.01401,0.01386,72.00000000,67.00000000,100.00000000,0.10000000,0.09892934,-1.07066381,-1.26959315,-1.26959315,24H
SL5_TP10,SKHYB/USDT,2026-07-21T06:00:00+00:00,2026-07-22T06:00:00+00:00,160.21,163.65,72.00000000,67.00000000,100.00000000,0.10000000,0.10214718,2.14718182,1.94503464,1.94503464,24H
SL5_TP10,GIGGLE/USDT,2026-07-21T08:00:00+00:00,2026-07-22T08:00:00+00:00,26.98,26.53,75.00000000,70.00000000,100.00000000,0.10000000,0.09833210,-1.66790215,-1.86623425,-1.86623425,24H
SL5_TP10,TUT/USDT,2026-07-22T04:00:00+00:00,2026-07-22T10:00:00+00:00,0.01524,0.01412,70.00000000,65.00000000,100.00000000,0.10000000,0.09265092,-7.34908136,-7.54173228,-7.54173228,STOP_LOSS
SL5_TP10,ALLO/USDT,2026-07-21T13:00:00+00:00,2026-07-22T13:00:00+00:00,0.4991,0.5038,75.00000000,70.00000000,100.00000000,0.10000000,0.10094170,0.94169505,0.74075336,0.74075336,24H
SL5_TP10,SNDKB/USDT,2026-07-21T13:00:00+00:00,2026-07-22T13:00:00+00:00,1529.08,1577.19,70.00000000,70.00000000,100.00000000,0.10000000,0.10314634,3.14633636,2.94319002,2.94319002,24H
SL5_TP10,MSTRB/USDT,2026-07-21T15:00:00+00:00,2026-07-22T15:00:00+00:00,102.67,99.78,73.00000000,68.00000000,100.00000000,0.10000000,0.09718516,-2.81484367,-3.01202883,-3.01202883,24H
SL5_TP10,GRAM/USDT,2026-07-21T16:00:00+00:00,2026-07-22T16:00:00+00:00,1.518,1.517,72.00000000,67.00000000,100.00000000,0.10000000,0.09993412,-0.06587615,-0.26581028,-0.26581028,24H
SL5_TP10,PORTAL/USDT,2026-07-21T22:00:00+00:00,2026-07-22T22:00:00+00:00,0.01106,0.01088,73.00000000,68.00000000,100.00000000,0.10000000,0.09837251,-1.62748644,-1.82585895,-1.82585895,24H
SL5_TP10,CHIP/USDT,2026-07-22T02:00:00+00:00,2026-07-23T02:00:00+00:00,0.0306,0.03026,70.00000000,65.00000000,100.00000000,0.10000000,0.09888889,-1.11111111,-1.31000000,-1.31000000,24H
SL5_TP10,BICO/USDT,2026-07-22T03:00:00+00:00,2026-07-23T03:00:00+00:00,0.01388,0.01377,73.00000000,68.00000000,100.00000000,0.10000000,0.09920749,-0.79250720,-0.99171470,-0.99171470,24H
SL5_TP10,BEL/USDT,2026-07-22T06:00:00+00:00,2026-07-23T06:00:00+00:00,0.1042,0.1018,70.00000000,65.00000000,100.00000000,0.10000000,0.09769674,-2.30326296,-2.50095969,-2.50095969,24H
SL5_TP10,ENA/USDT,2026-07-22T08:00:00+00:00,2026-07-23T08:00:00+00:00,0.0882,0.0919,70.00000000,65.00000000,100.00000000,0.10000000,0.10419501,4.19501134,3.99081633,3.99081633,24H
SL5_TP10,ONDO/USDT,2026-07-22T10:00:00+00:00,2026-07-23T10:00:00+00:00,0.4109,0.4035,75.00000000,70.00000000,100.00000000,0.10000000,0.09819908,-1.80092480,-1.99912387,-1.99912387,24H
SL5_TP10,AAVE/USDT,2026-07-22T13:00:00+00:00,2026-07-23T13:00:00+00:00,97.91,96.11,75.00000000,70.00000000,100.00000000,0.10000000,0.09816158,-1.83842304,-2.03658462,-2.03658462,24H
SL5_TP10,MUB/USDT,2026-07-22T13:00:00+00:00,2026-07-23T13:00:00+00:00,972.31,977.98,75.00000000,70.00000000,100.00000000,0.10000000,0.10058315,0.58314735,0.38256420,0.38256420,24H
SL5_TP10,ADA/USDT,2026-07-22T15:00:00+00:00,2026-07-23T15:00:00+00:00,0.1779,0.1705,75.00000000,70.00000000,100.00000000,0.10000000,0.09584036,-4.15964025,-4.35548061,-4.35548061,24H
SL5_TP10,OPN/USDT,2026-07-23T06:00:00+00:00,2026-07-23T15:00:00+00:00,0.0718,0.0669,73.00000000,68.00000000,100.00000000,0.10000000,0.09317549,-6.82451253,-7.01768802,-7.01768802,STOP_LOSS
SL5_TP10,WLD/USDT,2026-07-22T16:00:00+00:00,2026-07-23T16:00:00+00:00,0.3938,0.3766,75.00000000,70.00000000,100.00000000,0.10000000,0.09563230,-4.36769934,-4.56333164,-4.56333164,24H
SL5_TP10,SKHYB/USDT,2026-07-23T00:00:00+00:00,2026-07-24T00:00:00+00:00,171.79,167.7,72.00000000,67.00000000,100.00000000,0.10000000,0.09761919,-2.38081378,-2.57843297,-2.57843297,24H
SL5_TP10,RE/USDT,2026-07-23T16:00:00+00:00,2026-07-24T00:00:00+00:00,0.5261,0.5822,70.00000000,70.00000000,100.00000000,0.10000000,0.11066337,10.66337198,10.45270861,10.45270861,TAKE_PROFIT
SL5_TP10,SNDKB/USDT,2026-07-23T16:00:00+00:00,2026-07-24T02:00:00+00:00,1667.76,1576.22,72.00000000,67.00000000,100.00000000,0.10000000,0.09451120,-5.48879935,-5.68331055,-5.68331055,STOP_LOSS
SL5_TP10,SOXLB/USDT,2026-07-23T20:00:00+00:00,2026-07-24T02:00:00+00:00,162.95,151.66,75.00000000,70.00000000,100.00000000,0.10000000,0.09307149,-6.92850568,-7.12157717,-7.12157717,STOP_LOSS
SL5_TP10,GRAM/USDT,2026-07-23T03:00:00+00:00,2026-07-24T03:00:00+00:00,1.516,1.455,73.00000000,68.00000000,100.00000000,0.10000000,0.09597625,-4.02374670,-4.21972296,-4.21972296,24H
SL5_TP10,BMT/USDT,2026-07-23T05:00:00+00:00,2026-07-24T05:00:00+00:00,0.01262,0.01228,70.00000000,70.00000000,100.00000000,0.10000000,0.09730586,-2.69413629,-2.89144216,-2.89144216,24H
SL5_TP10,TRUMP/USDT,2026-07-23T08:00:00+00:00,2026-07-24T08:00:00+00:00,1.639,1.598,75.00000000,70.00000000,100.00000000,0.10000000,0.09749847,-2.50152532,-2.69902379,-2.69902379,24H
SL5_TP10,OPN/USDT,2026-07-24T05:00:00+00:00,2026-07-24T08:00:00+00:00,0.0694,0.0627,75.00000000,70.00000000,100.00000000,0.10000000,0.09034582,-9.65417867,-9.84452450,-9.84452450,STOP_LOSS
SL5_TP10,KAITO/USDT,2026-07-23T10:00:00+00:00,2026-07-24T10:00:00+00:00,1.032,1.0396,75.00000000,70.00000000,100.00000000,0.10000000,0.10073643,0.73643411,0.53569767,0.53569767,24H
SL5_TP10,KAITO/USDT,2026-07-24T10:00:00+00:00,2026-07-24T12:00:00+00:00,1.0396,0.9876,73.00000000,68.00000000,100.00000000,0.10000000,0.09499808,-5.00192382,-5.19692189,-5.19692189,STOP_LOSS
SL5_TP10,PLUME/USDT,2026-07-23T13:00:00+00:00,2026-07-24T13:00:00+00:00,0.01146,0.01114,73.00000000,68.00000000,100.00000000,0.10000000,0.09720768,-2.79232112,-2.98952880,-2.98952880,24H
SL5_TP10,ALLO/USDT,2026-07-24T11:00:00+00:00,2026-07-24T14:00:00+00:00,0.5096,0.47,70.00000000,65.00000000,100.00000000,0.10000000,0.09222920,-7.77080063,-7.96302983,-7.96302983,STOP_LOSS
SL5_TP10,HOME/USDT,2026-07-24T14:00:00+00:00,2026-07-24T18:00:00+00:00,0.00689,0.00654,72.00000000,67.00000000,100.00000000,0.10000000,0.09492017,-5.07982583,-5.27474601,-5.27474601,STOP_LOSS
SL5_TP10,HEI/USDT,2026-07-23T21:00:00+00:00,2026-07-24T21:00:00+00:00,0.103,0.0987,70.00000000,70.00000000,100.00000000,0.10000000,0.09582524,-4.17475728,-4.37058252,-4.37058252,24H
SL5_TP10,XPL/USDT,2026-07-24T17:00:00+00:00,2026-07-25T03:00:00+00:00,0.08689,0.08214,75.00000000,70.00000000,100.00000000,0.10000000,0.09453332,-5.46668201,-5.66121533,-5.66121533,STOP_LOSS
SL5_TP10,UNI/USDT,2026-07-24T05:00:00+00:00,2026-07-25T05:00:00+00:00,3.833,3.687,70.00000000,65.00000000,100.00000000,0.10000000,0.09619097,-3.80902687,-4.00521785,-4.00521785,24H
SL5_TP10,HEMI/USDT,2026-07-24T19:00:00+00:00,2026-07-25T06:00:00+00:00,0.00532,0.00505,75.00000000,70.00000000,100.00000000,0.10000000,0.09492481,-5.07518797,-5.27011278,-5.27011278,STOP_LOSS
SL5_TP10,RE/USDT,2026-07-25T07:00:00+00:00,2026-07-25T09:00:00+00:00,0.6078,0.5587,75.00000000,70.00000000,100.00000000,0.10000000,0.09192168,-8.07831524,-8.27023692,-8.27023692,STOP_LOSS
SL5_TP10,GPS/USDT,2026-07-24T10:00:00+00:00,2026-07-25T10:00:00+00:00,0.00923,0.00958,70.00000000,65.00000000,100.00000000,0.10000000,0.10379198,3.79198267,3.58819068,3.58819068,24H
SL5_TP10,PLUME/USDT,2026-07-24T14:00:00+00:00,2026-07-25T14:00:00+00:00,0.01141,0.01178,73.00000000,68.00000000,100.00000000,0.10000000,0.10324277,3.24276950,3.03952673,3.03952673,24H
SL5_TP10,TUT/USDT,2026-07-24T21:00:00+00:00,2026-07-25T21:00:00+00:00,0.01452,0.01538,75.00000000,70.00000000,100.00000000,0.10000000,0.10592287,5.92286501,5.71694215,5.71694215,24H
SL5_TP10,TREE/USDT,2026-07-25T00:00:00+00:00,2026-07-26T00:00:00+00:00,0.0394,0.0381,73.00000000,68.00000000,100.00000000,0.10000000,0.09670051,-3.29949239,-3.49619289,-3.49619289,24H
SL5_TP10,ALPINE/USDT,2026-07-25T13:00:00+00:00,2026-07-26T13:00:00+00:00,0.314,0.315,75.00000000,70.00000000,100.00000000,0.10000000,0.10031847,0.31847134,0.11815287,0.11815287,24H
SL5_TP10,PLUME/USDT,2026-07-25T15:00:00+00:00,2026-07-26T15:00:00+00:00,0.01177,0.01236,70.00000000,65.00000000,100.00000000,0.10000000,0.10501274,5.01274427,4.80773152,4.80773152,24H
SL5_TP10,TRX/USDT,2026-07-25T16:00:00+00:00,2026-07-26T16:00:00+00:00,0.3321,0.333,70.00000000,65.00000000,100.00000000,0.10000000,0.10027100,0.27100271,0.07073171,0.07073171,24H
SL5_TP10,MUBARAK/USDT,2026-07-25T19:00:00+00:00,2026-07-26T19:00:00+00:00,0.01076,0.0108,70.00000000,65.00000000,100.00000000,0.10000000,0.10037175,0.37174721,0.17137546,0.17137546,24H
SL5_TP10,PEPE/USDT,2026-07-26T02:00:00+00:00,2026-07-27T02:00:00+00:00,2.86e-06,2.94e-06,70.00000000,70.00000000,100.00000000,0.10000000,0.10279720,2.79720280,2.59440559,2.59440559,24H
SL5_TP10,DOT/USDT,2026-07-26T03:00:00+00:00,2026-07-27T03:00:00+00:00,0.82,0.818,70.00000000,65.00000000,100.00000000,0.10000000,0.09975610,-0.24390244,-0.44365854,-0.44365854,24H
SL5_TP10,FIL/USDT,2026-07-26T04:00:00+00:00,2026-07-27T04:00:00+00:00,0.7416,0.7478,70.00000000,65.00000000,100.00000000,0.10000000,0.10083603,0.83603020,0.63519417,0.63519417,24H
SL5_TP10,TAO/USDT,2026-07-26T04:00:00+00:00,2026-07-27T04:00:00+00:00,196.4,198.8,70.00000000,70.00000000,100.00000000,0.10000000,0.10122200,1.22199593,1.02077393,1.02077393,24H
SL5_TP10,RARE/USDT,2026-07-26T09:00:00+00:00,2026-07-27T09:00:00+00:00,0.01279,0.01259,70.00000000,65.00000000,100.00000000,0.10000000,0.09843628,-1.56372166,-1.76215794,-1.76215794,24H
SL5_TP10,LINK/USDT,2026-07-26T13:00:00+00:00,2026-07-27T13:00:00+00:00,8.458,8.772,70.00000000,65.00000000,100.00000000,0.10000000,0.10371246,3.71246157,3.50874911,3.50874911,24H
SL5_TP10,EDEN/USDT,2026-07-27T09:00:00+00:00,2026-07-27T15:00:00+00:00,0.04471,0.04217,90.00000000,100.00000000,100.00000000,0.10000000,0.09431894,-5.68105569,-5.87537464,-5.87537464,STOP_LOSS
SL5_TP10,ONDO/USDT,2026-07-26T16:00:00+00:00,2026-07-27T16:00:00+00:00,0.4062,0.4094,90.00000000,100.00000000,100.00000000,0.10000000,0.10078779,0.78778927,0.58700148,0.58700148,24H
SL5_TP10,USDE/USDT,2026-07-26T16:00:00+00:00,2026-07-27T16:00:00+00:00,1.0009,1.0009,87.00000000,87.00000000,100.00000000,0.10000000,0.10000000,0.00000000,-0.20000000,-0.20000000,24H
SL5_TP10,PLUME/USDT,2026-07-27T02:00:00+00:00,2026-07-27T17:00:00+00:00,0.01231,0.01166,90.00000000,95.00000000,100.00000000,0.10000000,0.09471974,-5.28025995,-5.47497969,-5.47497969,STOP_LOSS
SL5_TP10,ENA/USDT,2026-07-27T13:00:00+00:00,2026-07-27T18:00:00+00:00,0.0923,0.0876,95.00000000,100.00000000,100.00000000,0.10000000,0.09490791,-5.09209101,-5.28699892,-5.28699892,STOP_LOSS
SL5_TP10,USDC/USDT,2026-07-26T19:00:00+00:00,2026-07-27T19:00:00+00:00,1.00087,1.00084,87.00000000,87.00000000,100.00000000,0.10000000,0.09999700,-0.00299739,-0.20299439,-0.20299439,24H
SL5_TP10,ALPINE/USDT,2026-07-27T03:00:00+00:00,2026-07-27T22:00:00+00:00,0.32,0.301,87.00000000,87.00000000,100.00000000,0.10000000,0.09406250,-5.93750000,-6.13156250,-6.13156250,STOP_LOSS
SL5_TP10,KAITO/USDT,2026-07-27T15:00:00+00:00,2026-07-27T22:00:00+00:00,1.21,1.3423,84.00000000,84.00000000,100.00000000,0.10000000,0.11093388,10.93388430,10.72295041,10.72295041,TAKE_PROFIT
SL5_TP10,CRCLB/USDT,2026-07-27T04:00:00+00:00,2026-07-28T04:00:00+00:00,63.92,63.19,87.00000000,87.00000000,100.00000000,0.10000000,0.09885795,-1.14205257,-1.34091051,-1.34091051,24H
SL5_TP10,XUSD/USDT,2026-07-27T04:00:00+00:00,2026-07-28T04:00:00+00:00,1.0012,1.0012,87.00000000,87.00000000,100.00000000,0.10000000,0.10000000,0.00000000,-0.20000000,-0.20000000,24H
SL5_TP10,PUMP/USDT,2026-07-27T19:00:00+00:00,2026-07-28T04:00:00+00:00,0.002128,0.002021,87.00000000,86.00000000,100.00000000,0.10000000,0.09497180,-5.02819549,-5.22316729,-5.22316729,STOP_LOSS
SL5_TP10,KAITO/USDT,2026-07-27T22:00:00+00:00,2026-07-28T05:00:00+00:00,1.3423,1.2594,78.00000000,83.00000000,100.00000000,0.10000000,0.09382403,-6.17596662,-6.36979066,-6.36979066,STOP_LOSS
SL5_TP10,KAITO/USDT,2026-07-28T05:00:00+00:00,2026-07-28T09:00:00+00:00,1.2594,1.1586,74.00000000,63.00000000,100.00000000,0.10000000,0.09199619,-8.00381134,-8.19580753,-8.19580753,STOP_LOSS
SL5_TP10,TREE/USDT,2026-07-27T17:00:00+00:00,2026-07-28T13:00:00+00:00,0.0395,0.0374,87.00000000,86.00000000,100.00000000,0.10000000,0.09468354,-5.31645570,-5.51113924,-5.51113924,STOP_LOSS
SL5_TP10,RLUSD/USDT,2026-07-27T16:00:00+00:00,2026-07-28T16:00:00+00:00,1.0013,1.0011,87.00000000,87.00000000,100.00000000,0.10000000,0.09998003,-0.01997403,-0.21995406,-0.21995406,24H
SL5_TP10,MSTRB/USDT,2026-07-27T16:00:00+00:00,2026-07-28T16:00:00+00:00,97.4,98.12,81.00000000,86.00000000,100.00000000,0.10000000,0.10073922,0.73921971,0.53848049,0.53848049,24H
SL5_TP10,BNB/USDT,2026-07-27T18:00:00+00:00,2026-07-28T18:00:00+00:00,575.37,569.62,87.00000000,86.00000000,100.00000000,0.10000000,0.09900064,-0.99935694,-1.19835758,-1.19835758,24H
SL5_TP10,USD1/USDT,2026-07-27T22:00:00+00:00,2026-07-28T22:00:00+00:00,0.99985,0.99968,84.00000000,84.00000000,100.00000000,0.10000000,0.09998300,-0.01700255,-0.21698555,-0.21698555,24H
SL5_TP10,FDUSD/USDT,2026-07-28T04:00:00+00:00,2026-07-29T04:00:00+00:00,0.9993,0.9983,87.00000000,87.00000000,100.00000000,0.10000000,0.09989993,-0.10007005,-0.29996998,-0.29996998,24H
SL5_TP10,USDC/USDT,2026-07-28T04:00:00+00:00,2026-07-29T04:00:00+00:00,1.00097,1.00114,76.00000000,71.00000000,100.00000000,0.10000000,0.10001698,0.01698353,-0.18303346,-0.18303346,24H
SL5_TP10,GPS/USDT,2026-07-28T04:00:00+00:00,2026-07-29T04:00:00+00:00,0.00927,0.00972,72.00000000,69.00000000,100.00000000,0.10000000,0.10485437,4.85436893,4.64951456,4.64951456,24H
SL5_TP10,MUBARAK/USDT,2026-07-28T09:00:00+00:00,2026-07-29T09:00:00+00:00,0.01111,0.01131,89.00000000,89.00000000,100.00000000,0.10000000,0.10180018,1.80018002,1.59837984,1.59837984,24H
SL5_TP10,U/USDT,2026-07-28T13:00:00+00:00,2026-07-29T13:00:00+00:00,1.0008,1.0008,87.00000000,87.00000000,100.00000000,0.10000000,0.10000000,0.00000000,-0.20000000,-0.20000000,24H
SL5_TP10,AAVE/USDT,2026-07-28T16:00:00+00:00,2026-07-29T16:00:00+00:00,101.26,98.73,95.00000000,100.00000000,100.00000000,0.10000000,0.09750148,-2.49851866,-2.69602015,-2.69602015,24H
SL5_TP10,ONDO/USDT,2026-07-28T16:00:00+00:00,2026-07-29T16:00:00+00:00,0.4088,0.3937,89.00000000,88.00000000,100.00000000,0.10000000,0.09630626,-3.69373777,-3.89004403,-3.89004403,24H
SL5_TP10,PLUME/USDT,2026-07-28T18:00:00+00:00,2026-07-29T18:00:00+00:00,0.01219,0.01212,89.00000000,88.00000000,100.00000000,0.10000000,0.09942576,-0.57424118,-0.77366694,-0.77366694,24H
SL5_TP10,RE/USDT,2026-07-29T16:00:00+00:00,2026-07-29T18:00:00+00:00,0.4686,0.5159,79.00000000,76.00000000,100.00000000,0.10000000,0.11009390,10.09389671,9.88380282,9.88380282,TAKE_PROFIT
SL5_TP10,RLUSD/USDT,2026-07-28T22:00:00+00:00,2026-07-29T22:00:00+00:00,1.0012,1.0012,76.00000000,71.00000000,100.00000000,0.10000000,0.10000000,0.00000000,-0.20000000,-0.20000000,24H
SL5_TP10,KAITO/USDT,2026-07-29T04:00:00+00:00,2026-07-30T03:00:00+00:00,1.264,1.1818,89.00000000,88.00000000,100.00000000,0.10000000,0.09349684,-6.50316456,-6.69666139,-6.69666139,STOP_LOSS
SL5_TP10,GPS/USDT,2026-07-29T04:00:00+00:00,2026-07-30T04:00:00+00:00,0.00972,0.00982,90.00000000,95.00000000,100.00000000,0.10000000,0.10102881,1.02880658,0.82777778,0.82777778,24H
SL5_TP10,USDC/USDT,2026-07-29T04:00:00+00:00,2026-07-30T04:00:00+00:00,1.00114,1.00112,84.00000000,84.00000000,100.00000000,0.10000000,0.09999800,-0.00199772,-0.20199572,-0.20199572,24H
SL5_TP10,UNI/USDT,2026-07-29T09:00:00+00:00,2026-07-30T09:00:00+00:00,3.975,4.03,95.00000000,100.00000000,100.00000000,0.10000000,0.10138365,1.38364780,1.18226415,1.18226415,24H
SL5_TP10,EURI/USDT,2026-07-29T13:00:00+00:00,2026-07-30T13:00:00+00:00,1.1398,1.1526,77.00000000,64.00000000,100.00000000,0.10000000,0.10112300,1.12300404,0.92188103,0.92188103,24H
SL5_TP10,U/USDT,2026-07-29T16:00:00+00:00,2026-07-30T16:00:00+00:00,1.0009,1.0007,87.00000000,87.00000000,100.00000000,0.10000000,0.09998002,-0.01998202,-0.21996203,-0.21996203,24H
SL5_TP10,GPS/USDT,2026-07-30T04:00:00+00:00,2026-07-30T17:00:00+00:00,0.00982,0.0092,82.00000000,82.00000000,100.00000000,0.10000000,0.09368635,-6.31364562,-6.50733198,-6.50733198,STOP_LOSS
SL5_TP10,ADA/USDT,2026-07-29T18:00:00+00:00,2026-07-30T18:00:00+00:00,0.1679,0.1723,84.00000000,89.00000000,100.00000000,0.10000000,0.10262061,2.62060750,2.41798690,2.41798690,24H
SL5_TP10,PLUME/USDT,2026-07-29T18:00:00+00:00,2026-07-30T18:00:00+00:00,0.01212,0.01165,84.00000000,84.00000000,100.00000000,0.10000000,0.09612211,-3.87788779,-4.07400990,-4.07400990,24H
SL5_TP10,ONDO/USDT,2026-07-29T22:00:00+00:00,2026-07-30T22:00:00+00:00,0.4051,0.4168,74.00000000,63.00000000,100.00000000,0.10000000,0.10288818,2.88817576,2.68528758,2.68528758,24H
SL5_TP10,ALPINE/USDT,2026-07-30T03:00:00+00:00,2026-07-31T03:00:00+00:00,0.32,0.314,93.00000000,98.00000000,100.00000000,0.10000000,0.09812500,-1.87500000,-2.07312500,-2.07312500,24H
SL5_TP10,USD1/USDT,2026-07-30T04:00:00+00:00,2026-07-31T04:00:00+00:00,1.00003,0.99997,87.00000000,87.00000000,100.00000000,0.10000000,0.09999400,-0.00599982,-0.20599382,-0.20599382,24H
SL5_TP10,BNB/USDT,2026-07-30T09:00:00+00:00,2026-07-31T09:00:00+00:00,579.84,590.49,87.00000000,86.00000000,100.00000000,0.10000000,0.10183671,1.83671358,1.63487686,1.63487686,24H
SL5_TP10,MUBARAK/USDT,2026-07-31T04:00:00+00:00,2026-07-31T11:00:00+00:00,0.0121,0.01333,95.00000000,100.00000000,100.00000000,0.10000000,0.11016529,10.16528926,9.95512397,9.95512397,TAKE_PROFIT
SL5_TP10,PAXG/USDT,2026-07-30T13:00:00+00:00,2026-07-31T13:00:00+00:00,4105.88,4027.22,93.00000000,98.00000000,100.00000000,0.10000000,0.09808421,-1.91578906,-2.11387327,-2.11387327,24H
SL5_TP10,AAVE/USDT,2026-07-30T16:00:00+00:00,2026-07-31T16:00:00+00:00,100.23,96.59,90.00000000,95.00000000,100.00000000,0.10000000,0.09636835,-3.63164721,-3.82801556,-3.82801556,24H
SL5_TP10,PUMP/USDT,2026-07-30T17:00:00+00:00,2026-07-31T17:00:00+00:00,0.001972,0.002139,87.00000000,86.00000000,100.00000000,0.10000000,0.10846856,8.46855984,8.26009128,8.26009128,24H
SL5_TP10,GIGGLE/USDT,2026-07-31T13:00:00+00:00,2026-07-31T17:00:00+00:00,36.97,42.93,74.00000000,55.00000000,100.00000000,0.10000000,0.11612118,16.12117933,15.90505816,15.90505816,TAKE_PROFIT
SL5_TP10,FIL/USDT,2026-07-30T18:00:00+00:00,2026-07-31T18:00:00+00:00,0.7153,0.7209,89.00000000,89.00000000,100.00000000,0.10000000,0.10078289,0.78288830,0.58210541,0.58210541,24H
SL5_TP10,TUT/USDT,2026-07-30T18:00:00+00:00,2026-07-31T18:00:00+00:00,0.01494,0.01637,82.00000000,82.00000000,100.00000000,0.10000000,0.10957162,9.57161981,9.36204819,9.36204819,24H
SL5_TP10,SOXLB/USDT,2026-07-30T22:00:00+00:00,2026-07-31T19:00:00+00:00,122.59,114.81,84.00000000,89.00000000,100.00000000,0.10000000,0.09365364,-6.34635778,-6.54001142,-6.54001142,STOP_LOSS
SL5_TP10,MUBARAK/USDT,2026-07-31T16:00:00+00:00,2026-07-31T20:00:00+00:00,0.01371,0.01259,90.00000000,100.00000000,100.00000000,0.10000000,0.09183078,-8.16921955,-8.36105033,-8.36105033,STOP_LOSS
SL5_TP10,BEL/USDT,2026-07-31T03:00:00+00:00,2026-08-01T03:00:00+00:00,0.0969,0.0974,89.00000000,89.00000000,100.00000000,0.10000000,0.10051600,0.51599587,0.31547988,0.31547988,24H
SL5_TP10,ALPINE/USDT,2026-07-31T09:00:00+00:00,2026-08-01T09:00:00+00:00,0.318,0.321,90.00000000,95.00000000,100.00000000,0.10000000,0.10094340,0.94339623,0.74245283,0.74245283,24H
SL5_TP10,USD1/USDT,2026-07-31T11:00:00+00:00,2026-08-01T11:00:00+00:00,1.00003,0.99989,81.00000000,80.00000000,100.00000000,0.10000000,0.09998600,-0.01399958,-0.21398558,-0.21398558,24H
SL5_TP10,HOME/USDT,2026-07-31T19:00:00+00:00,2026-08-01T11:00:00+00:00,0.0055,0.0062,78.00000000,73.00000000,100.00000000,0.10000000,0.11272727,12.72727273,12.51454545,12.51454545,TAKE_PROFIT
SL5_TP10,HOME/USDT,2026-08-01T11:00:00+00:00,2026-08-01T16:00:00+00:00,0.0062,0.00575,84.00000000,89.00000000,100.00000000,0.10000000,0.09274194,-7.25806452,-7.45080645,-7.45080645,STOP_LOSS
SL5_TP10,EURI/USDT,2026-07-31T17:00:00+00:00,2026-08-01T17:00:00+00:00,1.1539,1.1526,90.00000000,95.00000000,100.00000000,0.10000000,0.09988734,-0.11266141,-0.31254875,-0.31254875,24H
SL5_TP10,ADA/USDT,2026-07-31T17:00:00+00:00,2026-08-01T17:00:00+00:00,0.1713,0.1732,87.00000000,86.00000000,100.00000000,0.10000000,0.10110917,1.10916521,0.90805604,0.90805604,24H
SL5_TP10,PUMP/USDT,2026-07-31T18:00:00+00:00,2026-08-01T18:00:00+00:00,0.002123,0.002072,79.00000000,74.00000000,100.00000000,0.10000000,0.09759774,-2.40226095,-2.59985869,-2.59985869,24H
SL5_TP10,NEAR/USDT,2026-07-31T18:00:00+00:00,2026-08-01T18:00:00+00:00,1.702,1.66,78.00000000,73.00000000,100.00000000,0.10000000,0.09753231,-2.46768508,-2.66521739,-2.66521739,24H
SL5_TP10,MUBARAK/USDT,2026-08-01T09:00:00+00:00,2026-08-01T19:00:00+00:00,0.01303,0.0121,81.00000000,80.00000000,100.00000000,0.10000000,0.09286262,-7.13737529,-7.33023791,-7.33023791,STOP_LOSS
SL5_TP10,EUR/USDT,2026-07-31T20:00:00+00:00,2026-08-01T20:00:00+00:00,1.1535,1.1531,84.00000000,84.00000000,100.00000000,0.10000000,0.09996532,-0.03467707,-0.23464239,-0.23464239,24H
SL5_TP10,HOME/USDT,2026-08-01T18:00:00+00:00,2026-08-02T01:00:00+00:00,0.00604,0.00672,89.00000000,89.00000000,100.00000000,0.10000000,0.11125828,11.25827815,11.04701987,11.04701987,TAKE_PROFIT
SL5_TP10,TAO/USDT,2026-08-01T03:00:00+00:00,2026-08-02T03:00:00+00:00,197.7,194.1,89.00000000,88.00000000,100.00000000,0.10000000,0.09817906,-1.82094082,-2.01911988,-2.01911988,24H
SL5_TP10,PUMP/USDT,2026-08-02T01:00:00+00:00,2026-08-02T10:00:00+00:00,0.002265,0.002146,95.00000000,100.00000000,100.00000000,0.10000000,0.09474614,-5.25386313,-5.44860927,-5.44860927,STOP_LOSS
SL5_TP10,TUT/USDT,2026-08-01T11:00:00+00:00,2026-08-02T11:00:00+00:00,0.01758,0.01742,90.00000000,100.00000000,100.00000000,0.10000000,0.09908987,-0.91012514,-1.10921502,-1.10921502,24H
SL5_TP10,KAITO/USDT,2026-08-01T18:00:00+00:00,2026-08-02T13:00:00+00:00,1.2084,1.0894,95.00000000,100.00000000,100.00000000,0.10000000,0.09015227,-9.84773254,-10.03788481,-10.03788481,STOP_LOSS
SL5_TP10,PEPE/USDT,2026-08-01T16:00:00+00:00,2026-08-02T16:00:00+00:00,2.78e-06,2.91e-06,87.00000000,87.00000000,100.00000000,0.10000000,0.10467626,4.67625899,4.47158273,4.47158273,24H
SL5_TP10,ALPINE/USDT,2026-08-01T17:00:00+00:00,2026-08-02T17:00:00+00:00,0.328,0.319,93.00000000,98.00000000,100.00000000,0.10000000,0.09725610,-2.74390244,-2.94115854,-2.94115854,24H
SL5_TP10,DOT/USDT,2026-08-01T17:00:00+00:00,2026-08-02T17:00:00+00:00,0.775,0.798,81.00000000,81.00000000,100.00000000,0.10000000,0.10296774,2.96774194,2.76477419,2.76477419,24H
SL5_TP10,HOME/USDT,2026-08-02T10:00:00+00:00,2026-08-02T17:00:00+00:00,0.00784,0.00898,95.00000000,92.00000000,100.00000000,0.10000000,0.11454082,14.54081633,14.32627551,14.32627551,TAKE_PROFIT
SL5_TP10,ARB/USDT,2026-08-01T19:00:00+00:00,2026-08-02T19:00:00+00:00,0.0785,0.0816,81.00000000,81.00000000,100.00000000,0.10000000,0.10394904,3.94904459,3.74509554,3.74509554,24H
SL5_TP10,ADA/USDT,2026-08-01T20:00:00+00:00,2026-08-02T20:00:00+00:00,0.1732,0.1874,72.00000000,59.00000000,100.00000000,0.10000000,0.10819861,8.19861432,7.99041570,7.99041570,24H
SL5_TP10,EWYB/USDT,2026-08-02T03:00:00+00:00,2026-08-03T03:00:00+00:00,160.35,161.16,89.00000000,89.00000000,100.00000000,0.10000000,0.10050514,0.50514500,0.30463985,0.30463985,24H
SL5_TP10,TUT/USDT,2026-08-02T20:00:00+00:00,2026-08-03T07:00:00+00:00,0.01766,0.01954,78.00000000,65.00000000,100.00000000,0.10000000,0.11064553,10.64552661,10.43488109,10.43488109,TAKE_PROFIT
SL5_TP10,SKHYB/USDT,2026-08-02T17:00:00+00:00,2026-08-03T10:00:00+00:00,148.35,140.28,84.00000000,84.00000000,100.00000000,0.10000000,0.09456016,-5.43983822,-5.63439838,-5.63439838,STOP_LOSS
SL5_TP10,MUB/USDT,2026-08-02T17:00:00+00:00,2026-08-03T10:00:00+00:00,849.37,805.57,81.00000000,80.00000000,100.00000000,0.10000000,0.09484324,-5.15676325,-5.35160648,-5.35160648,STOP_LOSS
SL5_TP10,EUR/USDT,2026-08-02T11:00:00+00:00,2026-08-03T11:00:00+00:00,1.1541,1.1544,87.00000000,87.00000000,100.00000000,0.10000000,0.10002599,0.02599428,-0.17403171,-0.17403171,24H
SL5_TP10,KORUB/USDT,2026-08-02T17:00:00+00:00,2026-08-03T11:00:00+00:00,15.66,14.58,81.00000000,81.00000000,100.00000000,0.10000000,0.09310345,-6.89655172,-7.08965517,-7.08965517,STOP_LOSS
SL5_TP10,FIL/USDT,2026-08-02T13:00:00+00:00,2026-08-03T13:00:00+00:00,0.72,0.7249,84.00000000,84.00000000,100.00000000,0.10000000,0.10068056,0.68055556,0.47987500,0.47987500,24H
SL5_TP10,BICO/USDT,2026-08-03T10:00:00+00:00,2026-08-03T13:00:00+00:00,0.01749,0.01962,90.00000000,92.00000000,100.00000000,0.10000000,0.11217839,12.17838765,11.96620926,11.96620926,TAKE_PROFIT
SL5_TP10,ALLO/USDT,2026-08-03T11:00:00+00:00,2026-08-03T13:00:00+00:00,0.292,0.2598,89.00000000,89.00000000,100.00000000,0.10000000,0.08897260,-11.02739726,-11.21636986,-11.21636986,STOP_LOSS
SL5_TP10,MUBARAK/USDT,2026-08-02T16:00:00+00:00,2026-08-03T16:00:00+00:00,0.01273,0.01266,92.00000000,97.00000000,100.00000000,0.10000000,0.09945012,-0.54988217,-0.74933229,-0.74933229,24H
SL5_TP10,NEAR/USDT,2026-08-02T19:00:00+00:00,2026-08-03T19:00:00+00:00,1.707,1.742,84.00000000,84.00000000,100.00000000,0.10000000,0.10205038,2.05038079,1.84833040,1.84833040,24H
SL5_TP10,USD1/USDT,2026-08-03T03:00:00+00:00,2026-08-04T03:00:00+00:00,1.00003,1.00004,84.00000000,84.00000000,100.00000000,0.10000000,0.10000100,0.00099997,-0.19900103,-0.19900103,24H
SL5_TP10,HOME/USDT,2026-08-03T16:00:00+00:00,2026-08-04T03:00:00+00:00,0.00781,0.00728,95.00000000,100.00000000,100.00000000,0.10000000,0.09321383,-6.78617157,-6.97938540,-6.97938540,STOP_LOSS
SL5_TP10,BMT/USDT,2026-08-03T07:00:00+00:00,2026-08-04T07:00:00+00:00,0.0119,0.01181,92.00000000,97.00000000,100.00000000,0.10000000,0.09924370,-0.75630252,-0.95554622,-0.95554622,24H
SL5_TP10,HOME/USDT,2026-08-04T07:00:00+00:00,2026-08-04T08:00:00+00:00,0.00949,0.00878,87.00000000,84.00000000,100.00000000,0.10000000,0.09251844,-7.48155954,-7.67407798,-7.67407798,STOP_LOSS
SL5_TP10,ENA/USDT,2026-08-03T10:00:00+00:00,2026-08-04T10:00:00+00:00,0.09,0.091,95.00000000,100.00000000,100.00000000,0.10000000,0.10111111,1.11111111,0.91000000,0.91000000,24H
SL5_TP10,ADA/USDT,2026-08-03T11:00:00+00:00,2026-08-04T11:00:00+00:00,0.1865,0.1945,89.00000000,88.00000000,100.00000000,0.10000000,0.10428954,4.28954424,4.08525469,4.08525469,24H
SL5_TP10,PEPE/USDT,2026-08-03T13:00:00+00:00,2026-08-04T13:00:00+00:00,2.91e-06,2.89e-06,95.00000000,100.00000000,100.00000000,0.10000000,0.09931271,-0.68728522,-0.88659794,-0.88659794,24H
SL5_TP10,RARE/USDT,2026-08-03T13:00:00+00:00,2026-08-04T13:00:00+00:00,0.01207,0.01172,89.00000000,89.00000000,100.00000000,0.10000000,0.09710025,-2.89975145,-3.09685170,-3.09685170,24H
SL5_TP10,BNB/USDT,2026-08-03T13:00:00+00:00,2026-08-04T13:00:00+00:00,588.21,589.18,87.00000000,87.00000000,100.00000000,0.10000000,0.10016491,0.16490709,-0.03525782,-0.03525782,24H
SL5_TP10,BICO/USDT,2026-08-04T08:00:00+00:00,2026-08-04T16:00:00+00:00,0.01799,0.02055,89.00000000,80.00000000,100.00000000,0.10000000,0.11423013,14.23012785,14.01589772,14.01589772,TAKE_PROFIT
SL5_TP10,PUMP/USDT,2026-08-03T19:00:00+00:00,2026-08-04T19:00:00+00:00,0.002184,0.002402,89.00000000,88.00000000,100.00000000,0.10000000,0.10998168,9.98168498,9.77170330,9.77170330,24H
SL5_TP10,ACE/USDT,2026-08-04T10:00:00+00:00,2026-08-05T01:00:00+00:00,0.0671,0.0742,89.00000000,89.00000000,100.00000000,0.10000000,0.11058122,10.58122206,10.37064083,10.37064083,TAKE_PROFIT
SL5_TP10,ARB/USDT,2026-08-04T03:00:00+00:00,2026-08-05T03:00:00+00:00,0.0831,0.0806,84.00000000,84.00000000,100.00000000,0.10000000,0.09699158,-3.00842359,-3.20541516,-3.20541516,24H
SL5_TP10,DOT/USDT,2026-08-04T03:00:00+00:00,2026-08-05T03:00:00+00:00,0.84,0.846,82.00000000,86.00000000,100.00000000,0.10000000,0.10071429,0.71428571,0.51357143,0.51357143,24H
SL5_TP10,BICO/USDT,2026-08-05T03:00:00+00:00,2026-08-05T05:00:00+00:00,0.0226,0.02718,84.00000000,76.00000000,100.00000000,0.10000000,0.12026549,20.26548673,20.04522124,20.04522124,TAKE_PROFIT
SL5_TP10,KORUB/USDT,2026-08-05T01:00:00+00:00,2026-08-05T08:00:00+00:00,19.11,18.07,92.00000000,97.00000000,100.00000000,0.10000000,0.09455782,-5.44217687,-5.63673469,-5.63673469,STOP_LOSS
SL5_TP10,BMT/USDT,2026-08-04T11:00:00+00:00,2026-08-05T11:00:00+00:00,0.0119,0.0124,90.00000000,95.00000000,100.00000000,0.10000000,0.10420168,4.20168067,3.99747899,3.99747899,24H
SL5_TP10,EWYB/USDT,2026-08-04T13:00:00+00:00,2026-08-05T13:00:00+00:00,168.08,171.47,95.00000000,100.00000000,100.00000000,0.10000000,0.10201690,2.01689672,1.81487982,1.81487982,24H
SL5_TP10,PORTAL/USDT,2026-08-04T13:00:00+00:00,2026-08-05T13:00:00+00:00,0.01059,0.01086,95.00000000,100.00000000,100.00000000,0.10000000,0.10254958,2.54957507,2.34702550,2.34702550,24H
SL5_TP10,SNDKB/USDT,2026-08-04T13:00:00+00:00,2026-08-05T13:00:00+00:00,1383.52,1438.45,95.00000000,100.00000000,100.00000000,0.10000000,0.10397031,3.97030762,3.76633731,3.76633731,24H
SL5_TP10,MUBARAK/USDT,2026-08-04T16:00:00+00:00,2026-08-05T16:00:00+00:00,0.01305,0.01317,95.00000000,100.00000000,100.00000000,0.10000000,0.10091954,0.91954023,0.71862069,0.71862069,24H
SL5_TP10,CHIP/USDT,2026-08-04T19:00:00+00:00,2026-08-05T19:00:00+00:00,0.02539,0.02483,86.00000000,86.00000000,100.00000000,0.10000000,0.09779441,-2.20559275,-2.40338716,-2.40338716,24H
SL5_TP10,SNXXB/USDT,2026-08-05T16:00:00+00:00,2026-08-05T19:00:00+00:00,12.64,11.41,95.00000000,100.00000000,100.00000000,0.10000000,0.09026899,-9.73101266,-9.92128165,-9.92128165,STOP_LOSS
SL5_TP10,FET/USDT,2026-08-05T05:00:00+00:00,2026-08-05T21:00:00+00:00,0.1517,0.1423,87.00000000,92.00000000,100.00000000,0.10000000,0.09380356,-6.19644034,-6.39024390,-6.39024390,STOP_LOSS
SL5_TP10,KORUB/USDT,2026-08-05T13:00:00+00:00,2026-08-05T21:00:00+00:00,19.25,18.09,95.00000000,100.00000000,100.00000000,0.10000000,0.09397403,-6.02597403,-6.21994805,-6.21994805,STOP_LOSS
SL5_TP10,MUB/USDT,2026-08-05T13:00:00+00:00,2026-08-06T01:00:00+00:00,919,871.04,95.00000000,100.00000000,100.00000000,0.10000000,0.09478128,-5.21871600,-5.41349728,-5.41349728,STOP_LOSS
SL5_TP10,ZEC/USDT,2026-08-05T03:00:00+00:00,2026-08-06T03:00:00+00:00,512.98,509.38,87.00000000,86.00000000,100.00000000,0.10000000,0.09929822,-0.70178175,-0.90107996,-0.90107996,24H
SL5_TP10,HEMI/USDT,2026-08-05T05:00:00+00:00,2026-08-06T05:00:00+00:00,0.00482,0.005,95.00000000,100.00000000,100.00000000,0.10000000,0.10373444,3.73443983,3.53070539,3.53070539,24H
SL5_TP10,MUBARAK/USDT,2026-08-05T21:00:00+00:00,2026-08-06T05:00:00+00:00,0.01397,0.01324,95.00000000,100.00000000,100.00000000,0.10000000,0.09477452,-5.22548318,-5.42025770,-5.42025770,STOP_LOSS
SL5_TP10,BICO/USDT,2026-08-06T05:00:00+00:00,2026-08-06T06:00:00+00:00,0.02993,0.0283,89.00000000,80.00000000,100.00000000,0.10000000,0.09455396,-5.44604076,-5.64059472,-5.64059472,STOP_LOSS
SL5_TP10,ADA/USDT,2026-08-05T08:00:00+00:00,2026-08-06T08:00:00+00:00,0.1939,0.1895,87.00000000,86.00000000,100.00000000,0.10000000,0.09773079,-2.26921093,-2.46694172,-2.46694172,24H
SL5_TP10,EWYB/USDT,2026-08-05T13:00:00+00:00,2026-08-06T10:00:00+00:00,171.47,162.5,95.00000000,100.00000000,100.00000000,0.10000000,0.09476876,-5.23123578,-5.42600455,-5.42600455,STOP_LOSS
SL5_TP10,EURI/USDT,2026-08-05T11:00:00+00:00,2026-08-06T11:00:00+00:00,1.1558,1.1549,87.00000000,87.00000000,100.00000000,0.10000000,0.09992213,-0.07786814,-0.27779028,-0.27779028,24H
SL5_TP10,HOME/USDT,2026-08-06T08:00:00+00:00,2026-08-06T11:00:00+00:00,0.00933,0.01049,89.00000000,88.00000000,100.00000000,0.10000000,0.11243301,12.43301179,12.22057878,12.22057878,TAKE_PROFIT
SL5_TP10,HOME/USDT,2026-08-06T11:00:00+00:00,2026-08-06T15:00:00+00:00,0.01049,0.00972,95.00000000,92.00000000,100.00000000,0.10000000,0.09265968,-7.34032412,-7.53298379,-7.53298379,STOP_LOSS
SL5_TP10,PORTAL/USDT,2026-08-05T19:00:00+00:00,2026-08-06T16:00:00+00:00,0.01125,0.01264,95.00000000,100.00000000,100.00000000,0.10000000,0.11235556,12.35555556,12.14320000,12.14320000,TAKE_PROFIT
SL5_TP10,MSTRB/USDT,2026-08-05T19:00:00+00:00,2026-08-06T19:00:00+00:00,98.4,96.84,89.00000000,88.00000000,100.00000000,0.10000000,0.09841463,-1.58536585,-1.78378049,-1.78378049,24H
SL5_TP10,FDUSD/USDT,2026-08-06T01:00:00+00:00,2026-08-07T01:00:00+00:00,0.9982,0.9982,87.00000000,87.00000000,100.00000000,0.10000000,0.10000000,0.00000000,-0.20000000,-0.20000000,24H
SL5_TP10,BMT/USDT,2026-08-06T03:00:00+00:00,2026-08-07T03:00:00+00:00,0.01246,0.01269,93.00000000,98.00000000,100.00000000,0.10000000,0.10184591,1.84590690,1.64406100,1.64406100,24H
SL5_TP10,ONG/USDT,2026-08-06T05:00:00+00:00,2026-08-07T05:00:00+00:00,0.04253,0.04273,89.00000000,89.00000000,100.00000000,0.10000000,0.10047026,0.47025629,0.26978603,0.26978603,24H
SL5_TP10,ENA/USDT,2026-08-06T06:00:00+00:00,2026-08-07T06:00:00+00:00,0.0925,0.093,89.00000000,88.00000000,100.00000000,0.10000000,0.10054054,0.54054054,0.34000000,0.34000000,24H
SL5_TP10,TUT/USDT,2026-08-07T03:00:00+00:00,2026-08-07T06:00:00+00:00,0.02763,0.03044,95.00000000,100.00000000,100.00000000,0.10000000,0.11017010,10.17010496,9.95993485,9.95993485,TAKE_PROFIT
SL5_TP10,ACE/USDT,2026-08-07T06:00:00+00:00,2026-08-07T07:00:00+00:00,0.1362,0.1578,89.00000000,80.00000000,100.00000000,0.10000000,0.11585903,15.85903084,15.64317181,15.64317181,TAKE_PROFIT
SL5_TP10,GPS/USDT,2026-08-06T10:00:00+00:00,2026-08-07T10:00:00+00:00,0.0095,0.00956,90.00000000,95.00000000,100.00000000,0.10000000,0.10063158,0.63157895,0.43094737,0.43094737,24H
SL5_TP10,EDEN/USDT,2026-08-06T11:00:00+00:00,2026-08-07T11:00:00+00:00,0.0395,0.04135,89.00000000,89.00000000,100.00000000,0.10000000,0.10468354,4.68354430,4.47886076,4.47886076,24H
SL5_TP10,TUT/USDT,2026-08-07T07:00:00+00:00,2026-08-07T11:00:00+00:00,0.03089,0.03468,92.00000000,97.00000000,100.00000000,0.10000000,0.11226934,12.26934283,12.05707349,12.05707349,TAKE_PROFIT
SL5_TP10,CRCLB/USDT,2026-08-06T15:00:00+00:00,2026-08-07T15:00:00+00:00,65.41,66.78,95.00000000,100.00000000,100.00000000,0.10000000,0.10209448,2.09448097,1.89238649,1.89238649,24H
SL5_TP10,BICO/USDT,2026-08-07T11:00:00+00:00,2026-08-07T15:00:00+00:00,0.04798,0.05296,92.00000000,89.00000000,100.00000000,0.10000000,0.11037932,10.37932472,10.16894539,10.16894539,TAKE_PROFIT
SL5_TP10,ADA/USDT,2026-08-06T16:00:00+00:00,2026-08-07T16:00:00+00:00,0.2068,0.1993,90.00000000,100.00000000,100.00000000,0.10000000,0.09637331,-3.62669246,-3.82306576,-3.82306576,24H
SL5_TP10,PUMP/USDT,2026-08-06T19:00:00+00:00,2026-08-07T19:00:00+00:00,0.00238,0.002347,84.00000000,84.00000000,100.00000000,0.10000000,0.09861345,-1.38655462,-1.58516807,-1.58516807,24H
SL5_TP10,HEMI/USDT,2026-08-07T10:00:00+00:00,2026-08-07T21:00:00+00:00,0.00541,0.00512,92.00000000,97.00000000,100.00000000,0.10000000,0.09463956,-5.36044362,-5.55508318,-5.55508318,STOP_LOSS
SL5_TP10,OPN/USDT,2026-08-07T01:00:00+00:00,2026-08-08T01:00:00+00:00,0.0532,0.0521,81.00000000,80.00000000,100.00000000,0.10000000,0.09793233,-2.06766917,-2.26560150,-2.26560150,24H
SL5_TP10,BICO/USDT,2026-08-07T15:00:00+00:00,2026-08-08T03:00:00+00:00,0.05296,0.05893,89.00000000,80.00000000,100.00000000,0.10000000,0.11127266,11.27265861,11.06138595,11.06138595,TAKE_PROFIT
SL5_TP10,TUT/USDT,2026-08-07T19:00:00+00:00,2026-08-08T03:00:00+00:00,0.03734,0.04283,89.00000000,80.00000000,100.00000000,0.10000000,0.11470273,14.70273166,14.48802892,14.48802892,TAKE_PROFIT
SL5_TP10,RARE/USDT,2026-08-07T05:00:00+00:00,2026-08-08T05:00:00+00:00,0.0127,0.01232,90.00000000,100.00000000,100.00000000,0.10000000,0.09700787,-2.99212598,-3.18913386,-3.18913386,24H
SL5_TP10,PAXG/USDT,2026-08-07T06:00:00+00:00,2026-08-08T06:00:00+00:00,4291.5,4337.99,90.00000000,95.00000000,100.00000000,0.10000000,0.10108330,1.08330421,0.88222090,0.88222090,24H
SL5_TP10,BMT/USDT,2026-08-07T07:00:00+00:00,2026-08-08T07:00:00+00:00,0.01297,0.01277,92.00000000,97.00000000,100.00000000,0.10000000,0.09845798,-1.54202005,-1.74047803,-1.74047803,24H
SL5_TP10,MSTRB/USDT,2026-08-07T11:00:00+00:00,2026-08-08T11:00:00+00:00,98.72,101.15,93.00000000,98.00000000,100.00000000,0.10000000,0.10246151,2.46150729,2.25904579,2.25904579,24H
SL5_TP10,RE/USDT,2026-08-08T05:00:00+00:00,2026-08-08T11:00:00+00:00,0.4102,0.4529,89.00000000,89.00000000,100.00000000,0.10000000,0.11040956,10.40955631,10.19914676,10.19914676,TAKE_PROFIT
SL5_TP10,LTC/USDT,2026-08-07T15:00:00+00:00,2026-08-08T15:00:00+00:00,45.96,45.88,90.00000000,95.00000000,100.00000000,0.10000000,0.09982594,-0.17406440,-0.37389034,-0.37389034,24H
SL5_TP10,GPS/USDT,2026-08-07T16:00:00+00:00,2026-08-08T16:00:00+00:00,0.00987,0.00982,90.00000000,95.00000000,100.00000000,0.10000000,0.09949341,-0.50658561,-0.70607903,-0.70607903,24H
SL5_TP10,ACE/USDT,2026-08-08T15:00:00+00:00,2026-08-08T16:00:00+00:00,0.1407,0.1584,95.00000000,92.00000000,100.00000000,0.10000000,0.11257996,12.57995736,12.36737740,12.36737740,TAKE_PROFIT
SL5_TP10,BCH/USDT,2026-08-07T21:00:00+00:00,2026-08-08T21:00:00+00:00,215.8,216.4,81.00000000,80.00000000,100.00000000,0.10000000,0.10027804,0.27803522,0.07775718,0.07775718,24H
SL5_TP10,BICO/USDT,2026-08-08T03:00:00+00:00,2026-08-09T00:00:00+00:00,0.05893,0.06662,89.00000000,80.00000000,100.00000000,0.10000000,0.11304938,13.04938062,12.83633124,12.83633124,TAKE_PROFIT
SL5_TP10,ALPINE/USDT,2026-08-08T01:00:00+00:00,2026-08-09T01:00:00+00:00,0.321,0.334,87.00000000,87.00000000,100.00000000,0.10000000,0.10404984,4.04984424,3.84579439,3.84579439,24H
SL5_TP10,OPN/USDT,2026-08-08T03:00:00+00:00,2026-08-09T03:00:00+00:00,0.0536,0.0541,89.00000000,88.00000000,100.00000000,0.10000000,0.10093284,0.93283582,0.73190299,0.73190299,24H
SL5_TP10,MUBARAK/USDT,2026-08-08T11:00:00+00:00,2026-08-09T04:00:00+00:00,0.01469,0.01668,93.00000000,98.00000000,100.00000000,0.10000000,0.11354663,13.54663036,13.33308373,13.33308373,TAKE_PROFIT
SL5_TP10,TAO/USDT,2026-08-08T06:00:00+00:00,2026-08-09T06:00:00+00:00,197.4,205.4,90.00000000,95.00000000,100.00000000,0.10000000,0.10405268,4.05268490,3.84863222,3.84863222,24H
SL5_TP10,RARE/USDT,2026-08-08T07:00:00+00:00,2026-08-09T07:00:00+00:00,0.01242,0.01339,93.00000000,98.00000000,100.00000000,0.10000000,0.10780998,7.80998390,7.60217391,7.60217391,24H
SL5_TP10,BICO/USDT,2026-08-09T00:00:00+00:00,2026-08-09T08:00:00+00:00,0.06662,0.05181,92.00000000,89.00000000,100.00000000,0.10000000,0.07776944,-22.23056139,-22.40833083,-22.40833083,STOP_LOSS
SL5_TP10,BMT/USDT,2026-08-09T08:00:00+00:00,2026-08-09T09:00:00+00:00,0.01948,0.02397,90.00000000,92.00000000,100.00000000,0.10000000,0.12304928,23.04928131,22.82623203,22.82623203,TAKE_PROFIT
SL5_TP10,MUBARAK/USDT,2026-08-09T07:00:00+00:00,2026-08-09T10:00:00+00:00,0.0179,0.02001,95.00000000,92.00000000,100.00000000,0.10000000,0.11178771,11.78770950,11.57592179,11.57592179,TAKE_PROFIT
SL5_TP10,HEMI/USDT,2026-08-08T11:00:00+00:00,2026-08-09T11:00:00+00:00,0.00536,0.00553,92.00000000,97.00000000,100.00000000,0.10000000,0.10317164,3.17164179,2.96847015,2.96847015,24H
SL5_TP10,MUBARAK/USDT,2026-08-09T11:00:00+00:00,2026-08-09T12:00:00+00:00,0.01966,0.01844,89.00000000,80.00000000,100.00000000,0.10000000,0.09379451,-6.20549339,-6.39928789,-6.39928789,STOP_LOSS
SL5_TP10,BEL/USDT,2026-08-08T16:00:00+00:00,2026-08-09T16:00:00+00:00,0.1078,0.1117,90.00000000,95.00000000,100.00000000,0.10000000,0.10361781,3.61781076,3.41419295,3.41419295,24H
SL5_TP10,ONG/USDT,2026-08-08T16:00:00+00:00,2026-08-09T16:00:00+00:00,0.04311,0.04355,90.00000000,95.00000000,100.00000000,0.10000000,0.10102064,1.02064486,0.81962422,0.81962422,24H
SL5_TP10,PORTAL/USDT,2026-08-08T21:00:00+00:00,2026-08-09T21:00:00+00:00,0.01177,0.01148,90.00000000,100.00000000,100.00000000,0.10000000,0.09753611,-2.46389125,-2.66142736,-2.66142736,24H
SL5_TP10,PLUME/USDT,2026-08-09T01:00:00+00:00,2026-08-10T01:00:00+00:00,0.01205,0.01221,85.00000000,87.00000000,100.00000000,0.10000000,0.10132780,1.32780083,1.12647303,1.12647303,24H
SL5_TP10,TREE/USDT,2026-08-09T03:00:00+00:00,2026-08-10T03:00:00+00:00,0.0375,0.0375,90.00000000,95.00000000,100.00000000,0.10000000,0.10000000,0.00000000,-0.20000000,-0.20000000,24H
SL5_TP10,EURI/USDT,2026-08-09T04:00:00+00:00,2026-08-10T04:00:00+00:00,1.1559,1.1554,84.00000000,84.00000000,100.00000000,0.10000000,0.09995674,-0.04325634,-0.24321308,-0.24321308,24H
SL5_TP10,ALPINE/USDT,2026-08-09T06:00:00+00:00,2026-08-10T06:00:00+00:00,0.336,0.331,90.00000000,95.00000000,100.00000000,0.10000000,0.09851190,-1.48809524,-1.68660714,-1.68660714,24H
SL5_TP10,ZEC/USDT,2026-08-09T09:00:00+00:00,2026-08-10T09:00:00+00:00,521.11,504.51,95.00000000,100.00000000,100.00000000,0.10000000,0.09681449,-3.18550786,-3.38232235,-3.38232235,24H
SL5_TP10,HEMI/USDT,2026-08-09T21:00:00+00:00,2026-08-10T09:00:00+00:00,0.00562,0.00525,90.00000000,95.00000000,100.00000000,0.10000000,0.09341637,-6.58362989,-6.77704626,-6.77704626,STOP_LOSS
SL5_TP10,XAUT/USDT,2026-08-09T10:00:00+00:00,2026-08-10T10:00:00+00:00,4333.24,4316.43,87.00000000,87.00000000,100.00000000,0.10000000,0.09961207,-0.38793143,-0.58754350,-0.58754350,24H
SL5_TP10,SOXLB/USDT,2026-08-09T12:00:00+00:00,2026-08-10T12:00:00+00:00,142.46,140.05,87.00000000,87.00000000,100.00000000,0.10000000,0.09830830,-1.69170293,-1.89001123,-1.89001123,24H
SL5_TP10,HOME/USDT,2026-08-10T06:00:00+00:00,2026-08-10T15:00:00+00:00,0.00961,0.01189,92.00000000,97.00000000,100.00000000,0.10000000,0.12372529,23.72528616,23.50156087,23.50156087,TAKE_PROFIT
SL5_TP10,CRCLB/USDT,2026-08-09T16:00:00+00:00,2026-08-10T16:00:00+00:00,68.32,65.86,90.00000000,95.00000000,100.00000000,0.10000000,0.09639930,-3.60070258,-3.79710187,-3.79710187,24H
SL5_TP10,TRUMP/USDT,2026-08-09T16:00:00+00:00,2026-08-10T16:00:00+00:00,1.521,1.486,90.00000000,100.00000000,100.00000000,0.10000000,0.09769888,-2.30111769,-2.49881657,-2.49881657,24H
SL5_TP10,RE/USDT,2026-08-10T10:00:00+00:00,2026-08-10T20:00:00+00:00,0.4269,0.4044,89.00000000,89.00000000,100.00000000,0.10000000,0.09472944,-5.27055517,-5.46528461,-5.46528461,STOP_LOSS
SL5_TP10,ALLO/USDT,2026-08-10T16:00:00+00:00,2026-08-10T22:00:00+00:00,0.3267,0.3081,95.00000000,100.00000000,100.00000000,0.10000000,0.09430670,-5.69329660,-5.88760331,-5.88760331,STOP_LOSS
SL5_TP10,PLUME/USDT,2026-08-10T01:00:00+00:00,2026-08-11T01:00:00+00:00,0.01221,0.01225,93.00000000,98.00000000,100.00000000,0.10000000,0.10032760,0.32760033,0.12727273,0.12727273,24H
SL5_TP10,EDEN/USDT,2026-08-10T03:00:00+00:00,2026-08-11T03:00:00+00:00,0.04498,0.04385,89.00000000,88.00000000,100.00000000,0.10000000,0.09748777,-2.51222766,-2.70971543,-2.70971543,24H
SL5_TP10,TREE/USDT,2026-08-10T04:00:00+00:00,2026-08-11T04:00:00+00:00,0.0377,0.0364,90.00000000,95.00000000,100.00000000,0.10000000,0.09655172,-3.44827586,-3.64482759,-3.64482759,24H
SL5_TP10,SPCXB/USDT,2026-08-10T09:00:00+00:00,2026-08-11T09:00:00+00:00,136.24,136.9,93.00000000,98.00000000,100.00000000,0.10000000,0.10048444,0.48443922,0.28395479,0.28395479,24H
SL5_TP10,WLD/USDT,2026-08-10T09:00:00+00:00,2026-08-11T09:00:00+00:00,0.343,0.3358,90.00000000,95.00000000,100.00000000,0.10000000,0.09790087,-2.09912536,-2.29702624,-2.29702624,24H
SL5_TP10,RARE/USDT,2026-08-10T20:00:00+00:00,2026-08-11T09:00:00+00:00,0.01368,0.01212,87.00000000,86.00000000,100.00000000,0.10000000,0.08859649,-11.40350877,-11.59210526,-11.59210526,STOP_LOSS
SL5_TP10,POL/USDT,2026-08-10T12:00:00+00:00,2026-08-11T12:00:00+00:00,0.07806,0.07553,83.00000000,75.00000000,100.00000000,0.10000000,0.09675890,-3.24109659,-3.43785550,-3.43785550,24H
SL5_TP10,PORTAL/USDT,2026-08-10T15:00:00+00:00,2026-08-11T14:00:00+00:00,0.01185,0.01116,95.00000000,100.00000000,100.00000000,0.10000000,0.09417722,-5.82278481,-6.01696203,-6.01696203,STOP_LOSS
SL5_TP10,PAXG/USDT,2026-08-10T16:00:00+00:00,2026-08-11T16:00:00+00:00,4348.17,4380.62,87.00000000,87.00000000,100.00000000,0.10000000,0.10074629,0.74629097,0.54554468,0.54554468,24H
SL5_TP10,GIGGLE/USDT,2026-08-11T12:00:00+00:00,2026-08-11T20:00:00+00:00,35.3,38.86,92.00000000,97.00000000,100.00000000,0.10000000,0.11008499,10.08498584,9.87490085,9.87490085,TAKE_PROFIT
SL5_TP10,PUMP/USDT,2026-08-10T22:00:00+00:00,2026-08-11T22:00:00+00:00,0.002809,0.002705,87.00000000,86.00000000,100.00000000,0.10000000,0.09629761,-3.70238519,-3.89868281,-3.89868281,24H
SL5_TP10,LINK/USDT,2026-08-11T01:00:00+00:00,2026-08-12T01:00:00+00:00,8.428,8.787,93.00000000,98.00000000,100.00000000,0.10000000,0.10425961,4.25961082,4.05535121,4.05535121,24H
SL5_TP10,TRUMP/USDT,2026-08-11T03:00:00+00:00,2026-08-12T03:00:00+00:00,1.518,1.49,95.00000000,100.00000000,100.00000000,0.10000000,0.09815547,-1.84453228,-2.04268775,-2.04268775,24H
SL5_TP10,ENA/USDT,2026-08-11T04:00:00+00:00,2026-08-12T04:00:00+00:00,0.0903,0.0898,90.00000000,95.00000000,100.00000000,0.10000000,0.09944629,-0.55370986,-0.75315615,-0.75315615,24H
SL5_TP10,BNB/USDT,2026-08-11T09:00:00+00:00,2026-08-12T09:00:00+00:00,607.19,613.7,87.00000000,86.00000000,100.00000000,0.10000000,0.10107215,1.07215204,0.87107989,0.87107989,24H
SL5_TP10,DOGE/USDT,2026-08-11T09:00:00+00:00,2026-08-12T09:00:00+00:00,0.07059,0.07204,84.00000000,84.00000000,100.00000000,0.10000000,0.10205412,2.05411531,1.85206120,1.85206120,24H
SL5_TP10,EDEN/USDT,2026-08-11T09:00:00+00:00,2026-08-12T09:00:00+00:00,0.04421,0.04442,84.00000000,83.00000000,100.00000000,0.10000000,0.10047501,0.47500565,0.27453065,0.27453065,24H
SL5_TP10,KORUB/USDT,2026-08-11T14:00:00+00:00,2026-08-12T12:00:00+00:00,17.95,19.83,89.00000000,88.00000000,100.00000000,0.10000000,0.11047354,10.47353760,10.26306407,10.26306407,TAKE_PROFIT
SL5_TP10,CRCLB/USDT,2026-08-11T16:00:00+00:00,2026-08-12T16:00:00+00:00,71.09,70.03,84.00000000,88.00000000,100.00000000,0.10000000,0.09850893,-1.49106766,-1.68957659,-1.68957659,24H
SL5_TP10,SOL/USDT,2026-08-11T20:00:00+00:00,2026-08-12T20:00:00+00:00,76.05,75.93,80.00000000,82.00000000,100.00000000,0.10000000,0.09984221,-0.15779093,-0.35763314,-0.35763314,24H
SL5_TP10,HOME/USDT,2026-08-11T22:00:00+00:00,2026-08-12T22:00:00+00:00,0.00922,0.00935,82.00000000,84.00000000,100.00000000,0.10000000,0.10140998,1.40997831,1.20856833,1.20856833,24H
SL5_TP10,WLD/USDT,2026-08-12T01:00:00+00:00,2026-08-13T01:00:00+00:00,0.3406,0.3298,90.00000000,95.00000000,100.00000000,0.10000000,0.09682913,-3.17087493,-3.36770405,-3.36770405,24H
SL5_TP10,RE/USDT,2026-08-12T03:00:00+00:00,2026-08-13T03:00:00+00:00,0.435,0.4353,89.00000000,88.00000000,100.00000000,0.10000000,0.10006897,0.06896552,-0.13110345,-0.13110345,24H
SL5_TP10,GRAM/USDT,2026-08-12T04:00:00+00:00,2026-08-13T04:00:00+00:00,1.361,1.338,81.00000000,80.00000000,100.00000000,0.10000000,0.09831007,-1.68993387,-1.88824394,-1.88824394,24H
SL5_TP10,HOME/USDT,2026-08-12T22:00:00+00:00,2026-08-13T06:00:00+00:00,0.00935,0.01036,79.00000000,75.00000000,100.00000000,0.10000000,0.11080214,10.80213904,10.59133690,10.59133690,TAKE_PROFIT
SL5_TP10,GPS/USDT,2026-08-12T09:00:00+00:00,2026-08-13T09:00:00+00:00,0.00981,0.01014,90.00000000,100.00000000,100.00000000,0.10000000,0.10336391,3.36391437,3.16055046,3.16055046,24H
SL5_TP10,PAXG/USDT,2026-08-12T09:00:00+00:00,2026-08-13T09:00:00+00:00,4413.47,4383.36,84.00000000,83.00000000,100.00000000,0.10000000,0.09931777,-0.68222963,-0.88154740,-0.88154740,24H
SL5_TP10,SOXLB/USDT,2026-08-12T09:00:00+00:00,2026-08-13T09:00:00+00:00,140.47,142.68,84.00000000,88.00000000,100.00000000,0.10000000,0.10157329,1.57328967,1.37171638,1.37171638,24H
SL5_TP10,LINK/USDT,2026-08-12T12:00:00+00:00,2026-08-13T12:00:00+00:00,8.849,8.782,93.00000000,98.00000000,100.00000000,0.10000000,0.09924285,-0.75714770,-0.95639055,-0.95639055,24H
SL5_TP10,EDEN/USDT,2026-08-12T16:00:00+00:00,2026-08-13T15:00:00+00:00,0.04516,0.04974,93.00000000,98.00000000,100.00000000,0.10000000,0.11014172,10.14171833,9.93157662,9.93157662,TAKE_PROFIT
SL5_TP10,SNDKB/USDT,2026-08-13T12:00:00+00:00,2026-08-13T15:00:00+00:00,1353.63,1532.99,90.00000000,95.00000000,100.00000000,0.10000000,0.11325030,13.25029735,13.03704705,13.03704705,TAKE_PROFIT
SL5_TP10,EDEN/USDT,2026-08-13T15:00:00+00:00,2026-08-13T18:00:00+00:00,0.04974,0.05933,90.00000000,100.00000000,100.00000000,0.10000000,0.11928026,19.28025734,19.06097708,19.06097708,TAKE_PROFIT
SL5_TP10,CRCLB/USDT,2026-08-12T20:00:00+00:00,2026-08-13T20:00:00+00:00,70.98,75.27,78.00000000,65.00000000,100.00000000,0.10000000,0.10604396,6.04395604,5.83791209,5.83791209,24H
SL5_TP10,RLUSD/USDT,2026-08-13T01:00:00+00:00,2026-08-14T01:00:00+00:00,1.0011,1.001,87.00000000,87.00000000,100.00000000,0.10000000,0.09999001,-0.00998901,-0.20997902,-0.20997902,24H
SL5_TP10,AVAX/USDT,2026-08-13T03:00:00+00:00,2026-08-14T03:00:00+00:00,6.512,6.417,79.00000000,76.00000000,100.00000000,0.10000000,0.09854115,-1.45884521,-1.65738636,-1.65738636,24H
SL5_TP10,PUMP/USDT,2026-08-13T04:00:00+00:00,2026-08-14T04:00:00+00:00,0.002772,0.002918,82.00000000,82.00000000,100.00000000,0.10000000,0.10526696,5.26695527,5.06168831,5.06168831,24H
SL5_TP10,HOME/USDT,2026-08-13T06:00:00+00:00,2026-08-14T06:00:00+00:00,0.01036,0.0114,90.00000000,100.00000000,100.00000000,0.10000000,0.11003861,10.03861004,9.82857143,9.82857143,TAKE_PROFIT
SL5_TP10,ACE/USDT,2026-08-14T03:00:00+00:00,2026-08-14T07:00:00+00:00,0.1316,0.1493,87.00000000,92.00000000,100.00000000,0.10000000,0.11344985,13.44984802,13.23639818,13.23639818,TAKE_PROFIT
SL5_TP10,RE/USDT,2026-08-13T09:00:00+00:00,2026-08-14T09:00:00+00:00,0.4494,0.4391,95.00000000,100.00000000,100.00000000,0.10000000,0.09770806,-2.29194482,-2.48965287,-2.48965287,24H
SL5_TP10,WLD/USDT,2026-08-13T09:00:00+00:00,2026-08-14T09:00:00+00:00,0.3466,0.3357,95.00000000,100.00000000,100.00000000,0.10000000,0.09685516,-3.14483555,-3.34169071,-3.34169071,24H
SL5_TP10,XUSD/USDT,2026-08-13T09:00:00+00:00,2026-08-14T09:00:00+00:00,1.001,1.0012,87.00000000,87.00000000,100.00000000,0.10000000,0.10001998,0.01998002,-0.18003996,-0.18003996,24H
SL5_TP10,DEXE/USDT,2026-08-13T18:00:00+00:00,2026-08-14T09:00:00+00:00,2.06,1.937,79.00000000,76.00000000,100.00000000,0.10000000,0.09402913,-5.97087379,-6.16490291,-6.16490291,STOP_LOSS
SL5_TP10,SOXLB/USDT,2026-08-13T15:00:00+00:00,2026-08-14T15:00:00+00:00,149.63,140.58,89.00000000,88.00000000,100.00000000,0.10000000,0.09395175,-6.04825236,-6.24220410,-6.24220410,STOP_LOSS
SL5_TP10,HEI/USDT,2026-08-14T15:00:00+00:00,2026-08-14T18:00:00+00:00,0.1446,0.1335,89.00000000,81.00000000,100.00000000,0.10000000,0.09232365,-7.67634855,-7.86867220,-7.86867220,STOP_LOSS
SL5_TP10,TAO/USDT,2026-08-13T20:00:00+00:00,2026-08-14T20:00:00+00:00,202.9,197.8,87.00000000,86.00000000,100.00000000,0.10000000,0.09748645,-2.51355347,-2.71103992,-2.71103992,24H
SL5_TP10,EDEN/USDT,2026-08-14T18:00:00+00:00,2026-08-15T00:00:00+00:00,0.06159,0.05846,84.00000000,76.00000000,100.00000000,0.10000000,0.09491801,-5.08199383,-5.27691184,-5.27691184,STOP_LOSS
SL5_TP10,RED/USDT,2026-08-14T01:00:00+00:00,2026-08-15T01:00:00+00:00,0.0891,0.0873,84.00000000,89.00000000,100.00000000,0.10000000,0.09797980,-2.02020202,-2.21818182,-2.21818182,24H
SL5_TP10,LINK/USDT,2026-08-14T09:00:00+00:00,2026-08-15T02:00:00+00:00,8.82,9.725,84.00000000,84.00000000,100.00000000,0.10000000,0.11026077,10.26077098,10.05051020,10.05051020,TAKE_PROFIT
SL5_TP10,PUMP/USDT,2026-08-14T04:00:00+00:00,2026-08-15T03:00:00+00:00,0.002918,0.00274,87.00000000,86.00000000,100.00000000,0.10000000,0.09389993,-6.10006854,-6.29396847,-6.29396847,STOP_LOSS
SL5_TP10,KORUB/USDT,2026-08-14T06:00:00+00:00,2026-08-15T06:00:00+00:00,21.69,21.63,92.00000000,97.00000000,100.00000000,0.10000000,0.09972337,-0.27662517,-0.47634855,-0.47634855,24H
SL5_TP10,WLFI/USDT,2026-08-14T07:00:00+00:00,2026-08-15T07:00:00+00:00,0.0555,0.0566,93.00000000,98.00000000,100.00000000,0.10000000,0.10198198,1.98198198,1.78000000,1.78000000,24H
SL5_TP10,RLUSD/USDT,2026-08-14T09:00:00+00:00,2026-08-15T09:00:00+00:00,1.0011,1.0013,87.00000000,87.00000000,100.00000000,0.10000000,0.10001998,0.01997802,-0.18004195,-0.18004195,24H
SL5_TP10,U/USDT,2026-08-14T09:00:00+00:00,2026-08-15T09:00:00+00:00,1.0005,1.0005,87.00000000,87.00000000,100.00000000,0.10000000,0.10000000,0.00000000,-0.20000000,-0.20000000,24H
SL5_TP10,USDE/USDT,2026-08-14T09:00:00+00:00,2026-08-15T09:00:00+00:00,1.0008,1.001,87.00000000,87.00000000,100.00000000,0.10000000,0.10001998,0.01998401,-0.18003597,-0.18003597,24H
SL5_TP10,ACE/USDT,2026-08-15T06:00:00+00:00,2026-08-15T09:00:00+00:00,0.2734,0.2131,89.00000000,80.00000000,100.00000000,0.10000000,0.07794440,-22.05559620,-22.23354060,-22.23354060,STOP_LOSS
SL5_TP10,PLUME/USDT,2026-08-15T01:00:00+00:00,2026-08-15T10:00:00+00:00,0.0127,0.0141,89.00000000,88.00000000,100.00000000,0.10000000,0.11102362,11.02362205,10.81259843,10.81259843,TAKE_PROFIT
SL5_TP10,HEMI/USDT,2026-08-15T09:00:00+00:00,2026-08-15T14:00:00+00:00,0.00533,0.00661,89.00000000,89.00000000,100.00000000,0.10000000,0.12401501,24.01500938,23.79099437,23.79099437,TAKE_PROFIT
SL5_TP10,CHIP/USDT,2026-08-15T03:00:00+00:00,2026-08-15T19:00:00+00:00,0.02362,0.02681,89.00000000,89.00000000,100.00000000,0.10000000,0.11350550,13.50550381,13.29199831,13.29199831,TAKE_PROFIT
SL5_TP10,ONG/USDT,2026-08-14T20:00:00+00:00,2026-08-15T20:00:00+00:00,0.04511,0.0488,80.00000000,72.00000000,100.00000000,0.10000000,0.10818000,8.18000443,7.97182443,7.97182443,24H
SL5_TP10,RE/USDT,2026-08-15T00:00:00+00:00,2026-08-16T00:00:00+00:00,0.4576,0.4645,92.00000000,97.00000000,100.00000000,0.10000000,0.10150787,1.50786713,1.30635927,1.30635927,24H
SL5_TP10,XPL/USDT,2026-08-15T02:00:00+00:00,2026-08-16T02:00:00+00:00,0.07735,0.07672,89.00000000,89.00000000,100.00000000,0.10000000,0.09918552,-0.81447964,-1.01366516,-1.01366516,24H
SL5_TP10,HEMI/USDT,2026-08-15T14:00:00+00:00,2026-08-16T02:00:00+00:00,0.00661,0.00742,90.00000000,92.00000000,100.00000000,0.10000000,0.11225416,12.25416036,12.04190620,12.04190620,TAKE_PROFIT
SL5_TP10,GPS/USDT,2026-08-15T07:00:00+00:00,2026-08-16T07:00:00+00:00,0.01054,0.01114,83.00000000,75.00000000,100.00000000,0.10000000,0.10569260,5.69259962,5.48690702,5.48690702,24H
SL5_TP10,U/USDT,2026-08-15T09:00:00+00:00,2026-08-16T09:00:00+00:00,1.0005,1.0004,84.00000000,84.00000000,100.00000000,0.10000000,0.09999000,-0.00999500,-0.20998501,-0.20998501,24H
SL5_TP10,BNB/USDT,2026-08-15T09:00:00+00:00,2026-08-16T09:00:00+00:00,611.88,607.33,81.00000000,80.00000000,100.00000000,0.10000000,0.09925639,-0.74360986,-0.94286625,-0.94286625,24H
SL5_TP10,EUR/USDT,2026-08-15T09:00:00+00:00,2026-08-16T09:00:00+00:00,1.1577,1.1575,81.00000000,80.00000000,100.00000000,0.10000000,0.09998272,-0.01727563,-0.21725836,-0.21725836,24H
SL5_TP10,OPN/USDT,2026-08-15T10:00:00+00:00,2026-08-16T10:00:00+00:00,0.0498,0.0532,84.00000000,89.00000000,100.00000000,0.10000000,0.10682731,6.82730924,6.62048193,6.62048193,24H
SL5_TP10,GPS/USDT,2026-08-16T07:00:00+00:00,2026-08-16T11:00:00+00:00,0.01114,0.0105,95.00000000,100.00000000,100.00000000,0.10000000,0.09425494,-5.74506284,-5.93931777,-5.93931777,STOP_LOSS
SL5_TP10,PORTAL/USDT,2026-08-16T11:00:00+00:00,2026-08-16T12:00:00+00:00,0.01226,0.016,90.00000000,100.00000000,100.00000000,0.10000000,0.13050571,30.50570962,30.27520392,30.27520392,TAKE_PROFIT
SL5_TP10,BEL/USDT,2026-08-16T09:00:00+00:00,2026-08-16T18:00:00+00:00,0.1072,0.1222,93.00000000,98.00000000,100.00000000,0.10000000,0.11399254,13.99253731,13.77854478,13.77854478,TAKE_PROFIT
SL5_TP10,SKHYB/USDT,2026-08-15T19:00:00+00:00,2026-08-16T19:00:00+00:00,167.66,167.91,87.00000000,87.00000000,100.00000000,0.10000000,0.10014911,0.14911130,-0.05103781,-0.05103781,24H
SL5_TP10,ALPINE/USDT,2026-08-15T20:00:00+00:00,2026-08-16T20:00:00+00:00,0.32,0.317,89.00000000,89.00000000,100.00000000,0.10000000,0.09906250,-0.93750000,-1.13656250,-1.13656250,24H
SL5_TP10,XPL/USDT,2026-08-16T09:00:00+00:00,2026-08-16T21:00:00+00:00,0.07827,0.07432,93.00000000,98.00000000,100.00000000,0.10000000,0.09495337,-5.04663345,-5.24158681,-5.24158681,STOP_LOSS
SL5_TP10,PORTAL/USDT,2026-08-16T18:00:00+00:00,2026-08-16T22:00:00+00:00,0.01674,0.01866,90.00000000,92.00000000,100.00000000,0.10000000,0.11146953,11.46953405,11.25806452,11.25806452,TAKE_PROFIT
SL5_TP10,WLFI/USDT,2026-08-16T00:00:00+00:00,2026-08-17T00:00:00+00:00,0.0578,0.0598,92.00000000,97.00000000,100.00000000,0.10000000,0.10346021,3.46020761,3.25674740,3.25674740,24H
SL5_TP10,ONG/USDT,2026-08-16T02:00:00+00:00,2026-08-17T01:00:00+00:00,0.051,0.06082,90.00000000,87.00000000,100.00000000,0.10000000,0.11925490,19.25490196,19.03564706,19.03564706,TAKE_PROFIT
SL5_TP10,SNXXB/USDT,2026-08-16T02:00:00+00:00,2026-08-17T02:00:00+00:00,16.54,17.69,88.00000000,93.00000000,100.00000000,0.10000000,0.10695284,6.95284160,6.74588875,6.74588875,24H
SL5_TP10,GPS/USDT,2026-08-17T01:00:00+00:00,2026-08-17T03:00:00+00:00,0.01195,0.01394,95.00000000,100.00000000,100.00000000,0.10000000,0.11665272,16.65271967,16.43606695,16.43606695,TAKE_PROFIT
SL5_TP10,CHIP/USDT,2026-08-16T09:00:00+00:00,2026-08-17T07:00:00+00:00,0.02897,0.03253,92.00000000,97.00000000,100.00000000,0.10000000,0.11228857,12.28857439,12.07628581,12.07628581,TAKE_PROFIT
SL5_TP10,CHIP/USDT,2026-08-17T07:00:00+00:00,2026-08-17T08:00:00+00:00,0.03253,0.02993,90.00000000,100.00000000,100.00000000,0.10000000,0.09200738,-7.99262219,-8.18462957,-8.18462957,STOP_LOSS
SL5_TP10,PLUME/USDT,2026-08-16T10:00:00+00:00,2026-08-17T10:00:00+00:00,0.01311,0.01258,87.00000000,86.00000000,100.00000000,0.10000000,0.09595728,-4.04271548,-4.23867277,-4.23867277,24H
SL5_TP10,RLUSD/USDT,2026-08-16T12:00:00+00:00,2026-08-17T12:00:00+00:00,1.0012,1.0012,84.00000000,84.00000000,100.00000000,0.10000000,0.10000000,0.00000000,-0.20000000,-0.20000000,24H
SL5_TP10,KORUB/USDT,2026-08-17T02:00:00+00:00,2026-08-17T14:00:00+00:00,22.24,25.04,93.00000000,98.00000000,100.00000000,0.10000000,0.11258993,12.58992806,12.37733813,12.37733813,TAKE_PROFIT
SL5_TP10,ONG/USDT,2026-08-17T03:00:00+00:00,2026-08-17T14:00:00+00:00,0.05908,0.05489,89.00000000,88.00000000,100.00000000,0.10000000,0.09290792,-7.09207854,-7.28498646,-7.28498646,STOP_LOSS
SL5_TP10,CHIP/USDT,2026-08-17T08:00:00+00:00,2026-08-17T18:00:00+00:00,0.02993,0.02814,95.00000000,100.00000000,100.00000000,0.10000000,0.09401938,-5.98062145,-6.17464083,-6.17464083,STOP_LOSS
SL5_TP10,EUR/USDT,2026-08-16T19:00:00+00:00,2026-08-17T19:00:00+00:00,1.1577,1.1588,87.00000000,87.00000000,100.00000000,0.10000000,0.10009502,0.09501598,-0.10507904,-0.10507904,24H
SL5_TP10,BEL/USDT,2026-08-16T20:00:00+00:00,2026-08-17T20:00:00+00:00,0.1115,0.1082,87.00000000,87.00000000,100.00000000,0.10000000,0.09704036,-2.95964126,-3.15668161,-3.15668161,24H
SL5_TP10,RARE/USDT,2026-08-16T21:00:00+00:00,2026-08-17T21:00:00+00:00,0.01217,0.01231,87.00000000,87.00000000,100.00000000,0.10000000,0.10115037,1.15036976,0.94921939,0.94921939,24H
SL5_TP10,MUBARAK/USDT,2026-08-17T00:00:00+00:00,2026-08-17T21:00:00+00:00,0.0175,0.01661,92.00000000,97.00000000,100.00000000,0.10000000,0.09491429,-5.08571429,-5.28062857,-5.28062857,STOP_LOSS
SL5_TP10,EURI/USDT,2026-08-16T22:00:00+00:00,2026-08-17T22:00:00+00:00,1.1579,1.1588,76.00000000,71.00000000,100.00000000,0.10000000,0.10007773,0.07772692,-0.12235081,-0.12235081,24H
SL5_TP10,SNXXB/USDT,2026-08-17T22:00:00+00:00,2026-08-18T01:00:00+00:00,19.6,18.22,89.00000000,88.00000000,100.00000000,0.10000000,0.09295918,-7.04081633,-7.23377551,-7.23377551,STOP_LOSS
SL5_TP10,GPS/USDT,2026-08-17T12:00:00+00:00,2026-08-18T05:00:00+00:00,0.01554,0.0172,92.00000000,89.00000000,100.00000000,0.10000000,0.11068211,10.68211068,10.47142857,10.47142857,TAKE_PROFIT
SL5_TP10,BMT/USDT,2026-08-17T18:00:00+00:00,2026-08-18T05:00:00+00:00,0.01605,0.01519,89.00000000,89.00000000,100.00000000,0.10000000,0.09464174,-5.35825545,-5.55289720,-5.55289720,STOP_LOSS
SL5_TP10,EDEN/USDT,2026-08-18T05:00:00+00:00,2026-08-18T07:00:00+00:00,0.05105,0.05792,92.00000000,97.00000000,100.00000000,0.10000000,0.11345739,13.45739471,13.24393732,13.24393732,TAKE_PROFIT
SL5_TP10,OPN/USDT,2026-08-17T20:00:00+00:00,2026-08-18T09:00:00+00:00,0.0527,0.0587,84.00000000,84.00000000,100.00000000,0.10000000,0.11138520,11.38519924,11.17381404,11.17381404,TAKE_PROFIT
SL5_TP10,USDC/USDT,2026-08-17T10:00:00+00:00,2026-08-18T10:00:00+00:00,1.00097,1.00088,87.00000000,87.00000000,100.00000000,0.10000000,0.09999101,-0.00899128,-0.20898229,-0.20898229,24H
SL5_TP10,ACE/USDT,2026-08-18T07:00:00+00:00,2026-08-18T12:00:00+00:00,0.191,0.2162,95.00000000,92.00000000,100.00000000,0.10000000,0.11319372,13.19371728,12.98052356,12.98052356,TAKE_PROFIT
SL5_TP10,ACE/USDT,2026-08-18T12:00:00+00:00,2026-08-18T12:30:12.661268+00:00,0.2162,0.1913,95.00000000,92.00000000,100.00000000,0.10000000,0.08848289,-11.51711378,-11.70559667,-11.70559667,STOP_LOSS
SL5_TP10,ACE/USDT,2026-08-18T12:30:12.661268+00:00,2026-08-18T13:00:00+00:00,0.1913,0.2238,76.00000000,83.00000000,100.00000000,0.10000000,0.11698902,16.98902248,16.77203346,16.77203346,TAKE_PROFIT
SL5_TP10,HEMI/USDT,2026-08-17T14:00:00+00:00,2026-08-18T14:00:00+00:00,0.00692,0.00646,95.00000000,100.00000000,100.00000000,0.10000000,0.09335260,-6.64739884,-6.84075145,-6.84075145,STOP_LOSS
SL5_TP10,CRCLB/USDT,2026-08-17T14:00:00+00:00,2026-08-18T14:00:00+00:00,74.31,72.15,90.00000000,100.00000000,100.00000000,0.10000000,0.09709326,-2.90674203,-3.10383528,-3.10383528,24H
SL5_TP10,ONG/USDT,2026-08-18T01:00:00+00:00,2026-08-18T18:00:00+00:00,0.05805,0.05479,95.00000000,100.00000000,100.00000000,0.10000000,0.09438415,-5.61584841,-5.81023256,-5.81023256,STOP_LOSS
SL5_TP10,POL/USDT,2026-08-17T19:00:00+00:00,2026-08-18T19:00:00+00:00,0.08002,0.08209,92.00000000,97.00000000,100.00000000,0.10000000,0.10258685,2.58685329,2.38426643,2.38426643,24H
SL5_TP10,AAVE/USDT,2026-08-17T21:00:00+00:00,2026-08-18T21:00:00+00:00,89.04,88.29,79.00000000,79.00000000,100.00000000,0.10000000,0.09915768,-0.84231806,-1.04147574,-1.04147574,24H
SL5_TP10,ALLO/USDT,2026-08-17T21:00:00+00:00,2026-08-18T21:00:00+00:00,0.2909,0.2978,78.00000000,73.00000000,100.00000000,0.10000000,0.10237195,2.37194912,2.16957717,2.16957717,24H
SL5_TP10,GPS/USDT,2026-08-18T10:00:00+00:00,2026-08-19T01:00:00+00:00,0.01728,0.0146,89.00000000,80.00000000,100.00000000,0.10000000,0.08449074,-15.50925926,-15.69375000,-15.69375000,STOP_LOSS
SL5_TP10,BTC/USDT,2026-08-18T05:00:00+00:00,2026-08-19T05:00:00+00:00,64242.76,64236.01,81.00000000,81.00000000,100.00000000,0.10000000,0.09998949,-0.01050702,-0.21049651,-0.21049651,24H
SL5_TP10,HEMI/USDT,2026-08-18T21:00:00+00:00,2026-08-19T05:00:00+00:00,0.00692,0.00832,84.00000000,84.00000000,100.00000000,0.10000000,0.12023121,20.23121387,20.01098266,20.01098266,TAKE_PROFIT
SL5_TP10,ARB/USDT,2026-08-18T09:00:00+00:00,2026-08-19T09:00:00+00:00,0.0755,0.077,87.00000000,87.00000000,100.00000000,0.10000000,0.10198675,1.98675497,1.78476821,1.78476821,24H
SL5_TP10,MUBARAK/USDT,2026-08-19T01:00:00+00:00,2026-08-19T09:00:00+00:00,0.0173,0.01908,80.00000000,72.00000000,100.00000000,0.10000000,0.11028902,10.28901734,10.07872832,10.07872832,TAKE_PROFIT
SL5_TP10,ONG/USDT,2026-08-18T21:00:00+00:00,2026-08-19T10:00:00+00:00,0.05776,0.06418,84.00000000,84.00000000,100.00000000,0.10000000,0.11111496,11.11495845,10.90384349,10.90384349,TAKE_PROFIT
SL5_TP10,ACE/USDT,2026-08-18T13:00:00+00:00,2026-08-19T12:00:00+00:00,0.2238,0.2061,90.00000000,92.00000000,100.00000000,0.10000000,0.09209115,-7.90884718,-8.10093834,-8.10093834,STOP_LOSS
SL5_TP10,SOL/USDT,2026-08-18T14:00:00+00:00,2026-08-19T14:00:00+00:00,76.8,80.89,93.00000000,98.00000000,100.00000000,0.10000000,0.10532552,5.32552083,5.12019531,5.12019531,24H
SL5_TP10,ETH/USDT,2026-08-18T14:00:00+00:00,2026-08-19T14:00:00+00:00,1911.02,1970.6,90.00000000,95.00000000,100.00000000,0.10000000,0.10311771,3.11770677,2.91458907,2.91458907,24H
SL5_TP10,TREE/USDT,2026-08-19T12:00:00+00:00,2026-08-19T14:00:00+00:00,0.0343,0.0406,95.00000000,100.00000000,100.00000000,0.10000000,0.11836735,18.36734694,18.14897959,18.14897959,TAKE_PROFIT
SL5_TP10,RE/USDT,2026-08-19T09:00:00+00:00,2026-08-19T15:00:00+00:00,0.4022,0.4585,79.00000000,76.00000000,100.00000000,0.10000000,0.11399801,13.99801094,13.78401293,13.78401293,TAKE_PROFIT
SL5_TP10,EDEN/USDT,2026-08-19T14:00:00+00:00,2026-08-19T15:00:00+00:00,0.05968,0.05515,95.00000000,100.00000000,100.00000000,0.10000000,0.09240952,-7.59048257,-7.78289209,-7.78289209,STOP_LOSS
SL5_TP10,PUMP/USDT,2026-08-18T19:00:00+00:00,2026-08-19T16:00:00+00:00,0.00285,0.003162,82.00000000,82.00000000,100.00000000,0.10000000,0.11094737,10.94736842,10.73642105,10.73642105,TAKE_PROFIT
SL5_TP10,LINK/USDT,2026-08-18T18:00:00+00:00,2026-08-19T18:00:00+00:00,9.516,9.991,79.00000000,74.00000000,100.00000000,0.10000000,0.10499159,4.99159311,4.78660151,4.78660151,24H
SL5_TP10,ARB/USDT,2026-08-19T09:00:00+00:00,2026-08-19T20:00:00+00:00,0.077,0.0847,84.00000000,84.00000000,100.00000000,0.10000000,0.11000000,10.00000000,9.79000000,9.79000000,TAKE_PROFIT
SL5_TP10,UNI/USDT,2026-08-19T05:00:00+00:00,2026-08-19T21:00:00+00:00,3.327,3.712,70.00000000,65.00000000,100.00000000,0.10000000,0.11157199,11.57198677,11.36041479,11.36041479,TAKE_PROFIT
SL5_TP10,ONG/USDT,2026-08-19T21:00:00+00:00,2026-08-20T20:00:00+00:00,0.06122,0.17155,80.00000000,72.00000000,100.00000000,0.10000000,0.28021888,180.21888272,179.83866384,179.83866384,TAKE_PROFIT
SL5_TP10,TAO/USDT,2026-08-20T23:00:00+00:00,2026-08-21T23:00:00+00:00,214.9,229.9,72.00000000,67.00000000,100.00000000,0.10000000,0.10697999,6.97999069,6.77301070,6.77301070,24H
SL7_TP15,ACE/USDT,2026-07-18T15:00:00+00:00,2026-07-18T20:00:00+00:00,0.0729,0.0662,70.00000000,70.00000000,100.00000000,0.10000000,0.09080933,-9.19067215,-9.38148148,-9.38148148,STOP_LOSS
SL7_TP15,CHIP/USDT,2026-07-18T13:00:00+00:00,2026-07-19T13:00:00+00:00,0.03159,0.03049,75.00000000,70.00000000,100.00000000,0.10000000,0.09651789,-3.48211459,-3.67863248,-3.67863248,24H
SL7_TP15,DEXE/USDT,2026-07-18T13:00:00+00:00,2026-07-19T13:00:00+00:00,36.519,33.652,75.00000000,70.00000000,100.00000000,0.10000000,0.09214929,-7.85070785,-8.04285714,-8.04285714,STOP_LOSS
SL7_TP15,ONG/USDT,2026-07-18T13:00:00+00:00,2026-07-19T13:00:00+00:00,0.0472,0.0474,70.00000000,65.00000000,100.00000000,0.10000000,0.10042373,0.42372881,0.22330508,0.22330508,24H
SL7_TP15,ALLO/USDT,2026-07-18T14:00:00+00:00,2026-07-19T14:00:00+00:00,0.4592,0.4639,72.00000000,67.00000000,100.00000000,0.10000000,0.10102352,1.02351916,0.82249564,0.82249564,24H
SL7_TP15,ZEC/USDT,2026-07-18T16:00:00+00:00,2026-07-19T16:00:00+00:00,556.73,551.43,70.00000000,65.00000000,100.00000000,0.10000000,0.09904801,-0.95198750,-1.15103551,-1.15103551,24H
SL7_TP15,ETH/USDT,2026-07-18T18:00:00+00:00,2026-07-19T18:00:00+00:00,1857.54,1861.12,70.00000000,65.00000000,100.00000000,0.10000000,0.10019273,0.19272802,-0.00746471,-0.00746471,24H
SL7_TP15,TAO/USDT,2026-07-18T19:00:00+00:00,2026-07-19T19:00:00+00:00,195.9,197.1,70.00000000,65.00000000,100.00000000,0.10000000,0.10061256,0.61255743,0.41194487,0.41194487,24H
SL7_TP15,ACE/USDT,2026-07-19T20:00:00+00:00,2026-07-19T22:00:00+00:00,0.0712,0.0957,70.00000000,70.00000000,100.00000000,0.10000000,0.13441011,34.41011236,34.17570225,34.17570225,TAKE_PROFIT
SL7_TP15,CRCLB/USDT,2026-07-19T01:00:00+00:00,2026-07-20T01:00:00+00:00,61.4,60.65,73.00000000,68.00000000,100.00000000,0.10000000,0.09877850,-1.22149837,-1.42027687,-1.42027687,24H
SL7_TP15,OPN/USDT,2026-07-19T02:00:00+00:00,2026-07-20T02:00:00+00:00,0.0637,0.0616,70.00000000,65.00000000,100.00000000,0.10000000,0.09670330,-3.29670330,-3.49340659,-3.49340659,24H
SL7_TP15,HEMI/USDT,2026-07-19T13:00:00+00:00,2026-07-20T13:00:00+00:00,0.00457,0.0053,75.00000000,70.00000000,100.00000000,0.10000000,0.11597374,15.97374179,15.75776805,15.75776805,TAKE_PROFIT
SL7_TP15,LTC/USDT,2026-07-19T13:00:00+00:00,2026-07-20T13:00:00+00:00,47.36,46.69,73.00000000,68.00000000,100.00000000,0.10000000,0.09858530,-1.41469595,-1.61328125,-1.61328125,24H
SL7_TP15,GPS/USDT,2026-07-19T14:00:00+00:00,2026-07-20T14:00:00+00:00,0.00908,0.00905,70.00000000,65.00000000,100.00000000,0.10000000,0.09966960,-0.33039648,-0.53006608,-0.53006608,24H
SL7_TP15,ALLO/USDT,2026-07-19T15:00:00+00:00,2026-07-20T15:00:00+00:00,0.4711,0.4697,72.00000000,67.00000000,100.00000000,0.10000000,0.09970282,-0.29717682,-0.49687964,-0.49687964,24H
SL7_TP15,EDEN/USDT,2026-07-19T16:00:00+00:00,2026-07-20T16:00:00+00:00,0.04415,0.04281,70.00000000,65.00000000,100.00000000,0.10000000,0.09696489,-3.03510759,-3.23207248,-3.23207248,24H
SL7_TP15,EWYB/USDT,2026-07-19T22:00:00+00:00,2026-07-20T22:00:00+00:00,166.67,163.53,75.00000000,70.00000000,100.00000000,0.10000000,0.09811604,-1.88396232,-2.08207836,-2.08207836,24H
SL7_TP15,MUB/USDT,2026-07-19T22:00:00+00:00,2026-07-20T22:00:00+00:00,867.11,873.22,73.00000000,68.00000000,100.00000000,0.10000000,0.10070464,0.70463955,0.50393491,0.50393491,24H
SL7_TP15,ETH/USDT,2026-07-19T22:00:00+00:00,2026-07-20T22:00:00+00:00,1870.44,1895.72,70.00000000,65.00000000,100.00000000,0.10000000,0.10135155,1.35155365,1.15020209,1.15020209,24H
SL7_TP15,LINK/USDT,2026-07-20T01:00:00+00:00,2026-07-21T01:00:00+00:00,8.422,8.592,73.00000000,68.00000000,100.00000000,0.10000000,0.10201852,2.01852292,1.81650439,1.81650439,24H
SL7_TP15,MSTRB/USDT,2026-07-20T02:00:00+00:00,2026-07-21T02:00:00+00:00,95.95,99.27,70.00000000,65.00000000,100.00000000,0.10000000,0.10346014,3.46013549,3.25667535,3.25667535,24H
SL7_TP15,HEMI/USDT,2026-07-20T22:00:00+00:00,2026-07-21T02:00:00+00:00,0.00686,0.0063,72.00000000,59.00000000,100.00000000,0.10000000,0.09183673,-8.16326531,-8.35510204,-8.35510204,STOP_LOSS
SL7_TP15,DEXE/USDT,2026-07-21T00:00:00+00:00,2026-07-21T02:00:00+00:00,37.721,34.091,75.00000000,70.00000000,100.00000000,0.10000000,0.09037671,-9.62328676,-9.81366348,-9.81366348,STOP_LOSS
SL7_TP15,TREE/USDT,2026-07-21T02:00:00+00:00,2026-07-21T06:00:00+00:00,0.0385,0.0475,72.00000000,67.00000000,100.00000000,0.10000000,0.12337662,23.37662338,23.15324675,23.15324675,TAKE_PROFIT
SL7_TP15,NEAR/USDT,2026-07-20T13:00:00+00:00,2026-07-21T13:00:00+00:00,1.965,1.988,73.00000000,68.00000000,100.00000000,0.10000000,0.10117048,1.17048346,0.96931298,0.96931298,24H
SL7_TP15,SOXLB/USDT,2026-07-20T13:00:00+00:00,2026-07-21T13:00:00+00:00,143.87,152.78,73.00000000,68.00000000,100.00000000,0.10000000,0.10619309,6.19309098,5.98689789,5.98689789,24H
SL7_TP15,CRCLB/USDT,2026-07-20T14:00:00+00:00,2026-07-21T14:00:00+00:00,63.12,69.88,70.00000000,70.00000000,100.00000000,0.10000000,0.11070976,10.70975919,10.49904943,10.49904943,24H
SL7_TP15,BMT/USDT,2026-07-20T15:00:00+00:00,2026-07-21T15:00:00+00:00,0.01184,0.01197,73.00000000,68.00000000,100.00000000,0.10000000,0.10109797,1.09797297,0.89687500,0.89687500,24H
SL7_TP15,ALLO/USDT,2026-07-20T16:00:00+00:00,2026-07-21T16:00:00+00:00,0.4872,0.4926,75.00000000,70.00000000,100.00000000,0.10000000,0.10110837,1.10837438,0.90726601,0.90726601,24H
SL7_TP15,RED/USDT,2026-07-21T01:00:00+00:00,2026-07-22T01:00:00+00:00,0.1032,0.1011,75.00000000,70.00000000,100.00000000,0.10000000,0.09796512,-2.03488372,-2.23284884,-2.23284884,24H
SL7_TP15,MUB/USDT,2026-07-21T01:00:00+00:00,2026-07-22T01:00:00+00:00,886.11,976.2,73.00000000,68.00000000,100.00000000,0.10000000,0.11016691,10.16690930,9.95674239,9.95674239,24H
SL7_TP15,EWYB/USDT,2026-07-21T02:00:00+00:00,2026-07-22T02:00:00+00:00,167.22,174.49,75.00000000,70.00000000,100.00000000,0.10000000,0.10434757,4.34756608,4.14321851,4.14321851,24H
SL7_TP15,BICO/USDT,2026-07-21T02:00:00+00:00,2026-07-22T02:00:00+00:00,0.01401,0.01386,72.00000000,67.00000000,100.00000000,0.10000000,0.09892934,-1.07066381,-1.26959315,-1.26959315,24H
SL7_TP15,SKHYB/USDT,2026-07-21T06:00:00+00:00,2026-07-22T06:00:00+00:00,160.21,163.65,72.00000000,67.00000000,100.00000000,0.10000000,0.10214718,2.14718182,1.94503464,1.94503464,24H
SL7_TP15,TUT/USDT,2026-07-22T04:00:00+00:00,2026-07-22T10:00:00+00:00,0.01524,0.01412,70.00000000,65.00000000,100.00000000,0.10000000,0.09265092,-7.34908136,-7.54173228,-7.54173228,STOP_LOSS
SL7_TP15,SNDKB/USDT,2026-07-21T13:00:00+00:00,2026-07-22T13:00:00+00:00,1529.08,1577.19,70.00000000,70.00000000,100.00000000,0.10000000,0.10314634,3.14633636,2.94319002,2.94319002,24H
SL7_TP15,LTC/USDT,2026-07-21T14:00:00+00:00,2026-07-22T14:00:00+00:00,47.81,46.79,73.00000000,68.00000000,100.00000000,0.10000000,0.09786656,-2.13344489,-2.33131144,-2.33131144,24H
SL7_TP15,SOXLB/USDT,2026-07-21T14:00:00+00:00,2026-07-22T14:00:00+00:00,154.98,160.18,73.00000000,68.00000000,100.00000000,0.10000000,0.10335527,3.35527165,3.15191638,3.15191638,24H
SL7_TP15,MSTRB/USDT,2026-07-21T15:00:00+00:00,2026-07-22T15:00:00+00:00,102.67,99.78,73.00000000,68.00000000,100.00000000,0.10000000,0.09718516,-2.81484367,-3.01202883,-3.01202883,24H
SL7_TP15,GRAM/USDT,2026-07-21T16:00:00+00:00,2026-07-22T16:00:00+00:00,1.518,1.517,72.00000000,67.00000000,100.00000000,0.10000000,0.09993412,-0.06587615,-0.26581028,-0.26581028,24H
SL7_TP15,CHIP/USDT,2026-07-22T02:00:00+00:00,2026-07-23T02:00:00+00:00,0.0306,0.03026,70.00000000,65.00000000,100.00000000,0.10000000,0.09888889,-1.11111111,-1.31000000,-1.31000000,24H
SL7_TP15,BICO/USDT,2026-07-22T03:00:00+00:00,2026-07-23T03:00:00+00:00,0.01388,0.01377,73.00000000,68.00000000,100.00000000,0.10000000,0.09920749,-0.79250720,-0.99171470,-0.99171470,24H
SL7_TP15,OPN/USDT,2026-07-22T05:00:00+00:00,2026-07-23T05:00:00+00:00,0.0695,0.0699,72.00000000,67.00000000,100.00000000,0.10000000,0.10057554,0.57553957,0.37496403,0.37496403,24H
SL7_TP15,BEL/USDT,2026-07-22T06:00:00+00:00,2026-07-23T06:00:00+00:00,0.1042,0.1018,70.00000000,65.00000000,100.00000000,0.10000000,0.09769674,-2.30326296,-2.50095969,-2.50095969,24H
SL7_TP15,ONDO/USDT,2026-07-22T10:00:00+00:00,2026-07-23T10:00:00+00:00,0.4109,0.4035,75.00000000,70.00000000,100.00000000,0.10000000,0.09819908,-1.80092480,-1.99912387,-1.99912387,24H
SL7_TP15,AAVE/USDT,2026-07-22T13:00:00+00:00,2026-07-23T13:00:00+00:00,97.91,96.11,75.00000000,70.00000000,100.00000000,0.10000000,0.09816158,-1.83842304,-2.03658462,-2.03658462,24H
SL7_TP15,SKHYB/USDT,2026-07-22T14:00:00+00:00,2026-07-23T14:00:00+00:00,166.79,172.97,75.00000000,70.00000000,100.00000000,0.10000000,0.10370526,3.70525811,3.50155285,3.50155285,24H
SL7_TP15,ADA/USDT,2026-07-22T14:00:00+00:00,2026-07-23T14:00:00+00:00,0.1754,0.1695,73.00000000,68.00000000,100.00000000,0.10000000,0.09663626,-3.36374002,-3.56037628,-3.56037628,24H
SL7_TP15,GIGGLE/USDT,2026-07-22T15:00:00+00:00,2026-07-23T15:00:00+00:00,26.97,26.02,75.00000000,70.00000000,100.00000000,0.10000000,0.09647757,-3.52243233,-3.71890990,-3.71890990,24H
SL7_TP15,WLD/USDT,2026-07-22T16:00:00+00:00,2026-07-23T16:00:00+00:00,0.3938,0.3766,75.00000000,70.00000000,100.00000000,0.10000000,0.09563230,-4.36769934,-4.56333164,-4.56333164,24H
SL7_TP15,OPN/USDT,2026-07-23T06:00:00+00:00,2026-07-23T21:00:00+00:00,0.0718,0.0667,73.00000000,68.00000000,100.00000000,0.10000000,0.09289694,-7.10306407,-7.29596100,-7.29596100,STOP_LOSS
SL7_TP15,RE/USDT,2026-07-23T16:00:00+00:00,2026-07-24T01:00:00+00:00,0.5261,0.6153,70.00000000,70.00000000,100.00000000,0.10000000,0.11695495,16.95495153,16.73799658,16.73799658,TAKE_PROFIT
SL7_TP15,GRAM/USDT,2026-07-23T03:00:00+00:00,2026-07-24T03:00:00+00:00,1.516,1.455,73.00000000,68.00000000,100.00000000,0.10000000,0.09597625,-4.02374670,-4.21972296,-4.21972296,24H
SL7_TP15,SOXLB/USDT,2026-07-23T20:00:00+00:00,2026-07-24T03:00:00+00:00,162.95,150.69,75.00000000,70.00000000,100.00000000,0.10000000,0.09247622,-7.52378030,-7.71625652,-7.71625652,STOP_LOSS
SL7_TP15,BMT/USDT,2026-07-23T05:00:00+00:00,2026-07-24T05:00:00+00:00,0.01262,0.01228,70.00000000,70.00000000,100.00000000,0.10000000,0.09730586,-2.69413629,-2.89144216,-2.89144216,24H
SL7_TP15,TRUMP/USDT,2026-07-23T06:00:00+00:00,2026-07-24T06:00:00+00:00,1.622,1.6,73.00000000,68.00000000,100.00000000,0.10000000,0.09864365,-1.35635018,-1.55499383,-1.55499383,24H
SL7_TP15,OPN/USDT,2026-07-24T05:00:00+00:00,2026-07-24T08:00:00+00:00,0.0694,0.0627,75.00000000,70.00000000,100.00000000,0.10000000,0.09034582,-9.65417867,-9.84452450,-9.84452450,STOP_LOSS
SL7_TP15,KAITO/USDT,2026-07-23T10:00:00+00:00,2026-07-24T10:00:00+00:00,1.032,1.0396,75.00000000,70.00000000,100.00000000,0.10000000,0.10073643,0.73643411,0.53569767,0.53569767,24H
SL7_TP15,PLUME/USDT,2026-07-23T13:00:00+00:00,2026-07-24T13:00:00+00:00,0.01146,0.01114,73.00000000,68.00000000,100.00000000,0.10000000,0.09720768,-2.79232112,-2.98952880,-2.98952880,24H
SL7_TP15,SNDKB/USDT,2026-07-23T16:00:00+00:00,2026-07-24T13:00:00+00:00,1667.76,1494.24,72.00000000,67.00000000,100.00000000,0.10000000,0.08959563,-10.40437473,-10.59397036,-10.59397036,STOP_LOSS
SL7_TP15,ALLO/USDT,2026-07-24T11:00:00+00:00,2026-07-24T14:00:00+00:00,0.5096,0.47,70.00000000,65.00000000,100.00000000,0.10000000,0.09222920,-7.77080063,-7.96302983,-7.96302983,STOP_LOSS
SL7_TP15,KAITO/USDT,2026-07-24T10:00:00+00:00,2026-07-24T16:00:00+00:00,1.0396,0.9354,73.00000000,68.00000000,100.00000000,0.10000000,0.08997691,-10.02308580,-10.21306272,-10.21306272,STOP_LOSS
SL7_TP15,HEI/USDT,2026-07-23T21:00:00+00:00,2026-07-24T21:00:00+00:00,0.103,0.0987,70.00000000,70.00000000,100.00000000,0.10000000,0.09582524,-4.17475728,-4.37058252,-4.37058252,24H
SL7_TP15,UNI/USDT,2026-07-24T05:00:00+00:00,2026-07-25T05:00:00+00:00,3.833,3.687,70.00000000,65.00000000,100.00000000,0.10000000,0.09619097,-3.80902687,-4.00521785,-4.00521785,24H
SL7_TP15,HOME/USDT,2026-07-24T14:00:00+00:00,2026-07-25T07:00:00+00:00,0.00689,0.0064,72.00000000,67.00000000,100.00000000,0.10000000,0.09288824,-7.11175617,-7.30464441,-7.30464441,STOP_LOSS
SL7_TP15,HEMI/USDT,2026-07-24T19:00:00+00:00,2026-07-25T09:00:00+00:00,0.00532,0.00492,75.00000000,70.00000000,100.00000000,0.10000000,0.09248120,-7.51879699,-7.71127820,-7.71127820,STOP_LOSS
SL7_TP15,RE/USDT,2026-07-25T07:00:00+00:00,2026-07-25T09:00:00+00:00,0.6078,0.5587,75.00000000,70.00000000,100.00000000,0.10000000,0.09192168,-8.07831524,-8.27023692,-8.27023692,STOP_LOSS
SL7_TP15,GPS/USDT,2026-07-24T10:00:00+00:00,2026-07-25T10:00:00+00:00,0.00923,0.00958,70.00000000,65.00000000,100.00000000,0.10000000,0.10379198,3.79198267,3.58819068,3.58819068,24H
SL7_TP15,PLUME/USDT,2026-07-24T14:00:00+00:00,2026-07-25T14:00:00+00:00,0.01141,0.01178,73.00000000,68.00000000,100.00000000,0.10000000,0.10324277,3.24276950,3.03952673,3.03952673,24H
SL7_TP15,XPL/USDT,2026-07-24T17:00:00+00:00,2026-07-25T17:00:00+00:00,0.08689,0.08322,75.00000000,70.00000000,100.00000000,0.10000000,0.09577627,-4.22373115,-4.41950742,-4.41950742,24H
SL7_TP15,TUT/USDT,2026-07-24T21:00:00+00:00,2026-07-25T21:00:00+00:00,0.01452,0.01538,75.00000000,70.00000000,100.00000000,0.10000000,0.10592287,5.92286501,5.71694215,5.71694215,24H
SL7_TP15,TREE/USDT,2026-07-25T00:00:00+00:00,2026-07-26T00:00:00+00:00,0.0394,0.0381,73.00000000,68.00000000,100.00000000,0.10000000,0.09670051,-3.29949239,-3.49619289,-3.49619289,24H
SL7_TP15,ALPINE/USDT,2026-07-25T13:00:00+00:00,2026-07-26T13:00:00+00:00,0.314,0.315,75.00000000,70.00000000,100.00000000,0.10000000,0.10031847,0.31847134,0.11815287,0.11815287,24H
SL7_TP15,PLUME/USDT,2026-07-25T15:00:00+00:00,2026-07-26T15:00:00+00:00,0.01177,0.01236,70.00000000,65.00000000,100.00000000,0.10000000,0.10501274,5.01274427,4.80773152,4.80773152,24H
SL7_TP15,TRX/USDT,2026-07-25T16:00:00+00:00,2026-07-26T16:00:00+00:00,0.3321,0.333,70.00000000,65.00000000,100.00000000,0.10000000,0.10027100,0.27100271,0.07073171,0.07073171,24H
SL7_TP15,MUBARAK/USDT,2026-07-25T19:00:00+00:00,2026-07-26T19:00:00+00:00,0.01076,0.0108,70.00000000,65.00000000,100.00000000,0.10000000,0.10037175,0.37174721,0.17137546,0.17137546,24H
SL7_TP15,PEPE/USDT,2026-07-26T02:00:00+00:00,2026-07-27T02:00:00+00:00,2.86e-06,2.94e-06,70.00000000,70.00000000,100.00000000,0.10000000,0.10279720,2.79720280,2.59440559,2.59440559,24H
SL7_TP15,DOT/USDT,2026-07-26T03:00:00+00:00,2026-07-27T03:00:00+00:00,0.82,0.818,70.00000000,65.00000000,100.00000000,0.10000000,0.09975610,-0.24390244,-0.44365854,-0.44365854,24H
SL7_TP15,FIL/USDT,2026-07-26T04:00:00+00:00,2026-07-27T04:00:00+00:00,0.7416,0.7478,70.00000000,65.00000000,100.00000000,0.10000000,0.10083603,0.83603020,0.63519417,0.63519417,24H
SL7_TP15,TAO/USDT,2026-07-26T04:00:00+00:00,2026-07-27T04:00:00+00:00,196.4,198.8,70.00000000,70.00000000,100.00000000,0.10000000,0.10122200,1.22199593,1.02077393,1.02077393,24H
SL7_TP15,RARE/USDT,2026-07-26T09:00:00+00:00,2026-07-27T09:00:00+00:00,0.01279,0.01259,70.00000000,65.00000000,100.00000000,0.10000000,0.09843628,-1.56372166,-1.76215794,-1.76215794,24H
SL7_TP15,LINK/USDT,2026-07-26T13:00:00+00:00,2026-07-27T13:00:00+00:00,8.458,8.772,70.00000000,65.00000000,100.00000000,0.10000000,0.10371246,3.71246157,3.50874911,3.50874911,24H
SL7_TP15,ONDO/USDT,2026-07-26T16:00:00+00:00,2026-07-27T16:00:00+00:00,0.4062,0.4094,90.00000000,100.00000000,100.00000000,0.10000000,0.10078779,0.78778927,0.58700148,0.58700148,24H
SL7_TP15,USDE/USDT,2026-07-26T16:00:00+00:00,2026-07-27T16:00:00+00:00,1.0009,1.0009,87.00000000,87.00000000,100.00000000,0.10000000,0.10000000,0.00000000,-0.20000000,-0.20000000,24H
SL7_TP15,USDC/USDT,2026-07-26T19:00:00+00:00,2026-07-27T19:00:00+00:00,1.00087,1.00084,87.00000000,87.00000000,100.00000000,0.10000000,0.09999700,-0.00299739,-0.20299439,-0.20299439,24H
SL7_TP15,PLUME/USDT,2026-07-27T02:00:00+00:00,2026-07-27T22:00:00+00:00,0.01231,0.01123,90.00000000,95.00000000,100.00000000,0.10000000,0.09122665,-8.77335500,-8.96458164,-8.96458164,STOP_LOSS
SL7_TP15,EDEN/USDT,2026-07-27T09:00:00+00:00,2026-07-27T22:00:00+00:00,0.04471,0.04106,90.00000000,100.00000000,100.00000000,0.10000000,0.09183628,-8.16372176,-8.35555804,-8.35555804,STOP_LOSS
SL7_TP15,ENA/USDT,2026-07-27T13:00:00+00:00,2026-07-27T22:00:00+00:00,0.0923,0.0836,95.00000000,100.00000000,100.00000000,0.10000000,0.09057421,-9.42578548,-9.61635970,-9.61635970,STOP_LOSS
SL7_TP15,ALPINE/USDT,2026-07-27T03:00:00+00:00,2026-07-28T03:00:00+00:00,0.32,0.304,87.00000000,87.00000000,100.00000000,0.10000000,0.09500000,-5.00000000,-5.19500000,-5.19500000,24H
SL7_TP15,CRCLB/USDT,2026-07-27T04:00:00+00:00,2026-07-28T04:00:00+00:00,63.92,63.19,87.00000000,87.00000000,100.00000000,0.10000000,0.09885795,-1.14205257,-1.34091051,-1.34091051,24H
SL7_TP15,XUSD/USDT,2026-07-27T04:00:00+00:00,2026-07-28T04:00:00+00:00,1.0012,1.0012,87.00000000,87.00000000,100.00000000,0.10000000,0.10000000,0.00000000,-0.20000000,-0.20000000,24H
SL7_TP15,KAITO/USDT,2026-07-27T22:00:00+00:00,2026-07-28T06:00:00+00:00,1.3423,1.2424,78.00000000,83.00000000,100.00000000,0.10000000,0.09255755,-7.44244953,-7.63500708,-7.63500708,STOP_LOSS
SL7_TP15,RLUSD/USDT,2026-07-27T16:00:00+00:00,2026-07-28T16:00:00+00:00,1.0013,1.0011,87.00000000,87.00000000,100.00000000,0.10000000,0.09998003,-0.01997403,-0.21995406,-0.21995406,24H
SL7_TP15,MSTRB/USDT,2026-07-27T16:00:00+00:00,2026-07-28T16:00:00+00:00,97.4,98.12,81.00000000,86.00000000,100.00000000,0.10000000,0.10073922,0.73921971,0.53848049,0.53848049,24H
SL7_TP15,PUMP/USDT,2026-07-27T22:00:00+00:00,2026-07-28T18:00:00+00:00,0.002113,0.001949,82.00000000,82.00000000,100.00000000,0.10000000,0.09223852,-7.76147657,-7.95371510,-7.95371510,STOP_LOSS
SL7_TP15,TREE/USDT,2026-07-27T19:00:00+00:00,2026-07-28T19:00:00+00:00,0.0397,0.0378,89.00000000,88.00000000,100.00000000,0.10000000,0.09521411,-4.78589421,-4.98110831,-4.98110831,24H
SL7_TP15,USD1/USDT,2026-07-27T22:00:00+00:00,2026-07-28T22:00:00+00:00,0.99985,0.99968,84.00000000,84.00000000,100.00000000,0.10000000,0.09998300,-0.01700255,-0.21698555,-0.21698555,24H
SL7_TP15,USDC/USDT,2026-07-28T03:00:00+00:00,2026-07-29T03:00:00+00:00,1.00096,1.0012,76.00000000,71.00000000,100.00000000,0.10000000,0.10002398,0.02397698,-0.17604699,-0.17604699,24H
SL7_TP15,FDUSD/USDT,2026-07-28T04:00:00+00:00,2026-07-29T04:00:00+00:00,0.9993,0.9983,87.00000000,87.00000000,100.00000000,0.10000000,0.09989993,-0.10007005,-0.29996998,-0.29996998,24H
SL7_TP15,GPS/USDT,2026-07-28T04:00:00+00:00,2026-07-29T04:00:00+00:00,0.00927,0.00972,72.00000000,69.00000000,100.00000000,0.10000000,0.10485437,4.85436893,4.64951456,4.64951456,24H
SL7_TP15,USDE/USDT,2026-07-28T06:00:00+00:00,2026-07-29T06:00:00+00:00,1.0009,1.0007,81.00000000,80.00000000,100.00000000,0.10000000,0.09998002,-0.01998202,-0.21996203,-0.21996203,24H
SL7_TP15,AAVE/USDT,2026-07-28T16:00:00+00:00,2026-07-29T16:00:00+00:00,101.26,98.73,95.00000000,100.00000000,100.00000000,0.10000000,0.09750148,-2.49851866,-2.69602015,-2.69602015,24H
SL7_TP15,ONDO/USDT,2026-07-28T16:00:00+00:00,2026-07-29T16:00:00+00:00,0.4088,0.3937,89.00000000,88.00000000,100.00000000,0.10000000,0.09630626,-3.69373777,-3.89004403,-3.89004403,24H
SL7_TP15,PLUME/USDT,2026-07-28T18:00:00+00:00,2026-07-29T18:00:00+00:00,0.01219,0.01212,89.00000000,88.00000000,100.00000000,0.10000000,0.09942576,-0.57424118,-0.77366694,-0.77366694,24H
SL7_TP15,ALPINE/USDT,2026-07-28T19:00:00+00:00,2026-07-29T19:00:00+00:00,0.317,0.309,87.00000000,87.00000000,100.00000000,0.10000000,0.09747634,-2.52365931,-2.72113565,-2.72113565,24H
SL7_TP15,RLUSD/USDT,2026-07-28T22:00:00+00:00,2026-07-29T22:00:00+00:00,1.0012,1.0012,76.00000000,71.00000000,100.00000000,0.10000000,0.10000000,0.00000000,-0.20000000,-0.20000000,24H
SL7_TP15,KAITO/USDT,2026-07-29T03:00:00+00:00,2026-07-30T03:00:00+00:00,1.249,1.1818,89.00000000,88.00000000,100.00000000,0.10000000,0.09461970,-5.38030424,-5.57492394,-5.57492394,24H
SL7_TP15,GPS/USDT,2026-07-29T04:00:00+00:00,2026-07-30T04:00:00+00:00,0.00972,0.00982,90.00000000,95.00000000,100.00000000,0.10000000,0.10102881,1.02880658,0.82777778,0.82777778,24H
SL7_TP15,U/USDT,2026-07-29T04:00:00+00:00,2026-07-30T04:00:00+00:00,1.0009,1.0009,84.00000000,84.00000000,100.00000000,0.10000000,0.10000000,0.00000000,-0.20000000,-0.20000000,24H
SL7_TP15,XUSD/USDT,2026-07-29T06:00:00+00:00,2026-07-30T06:00:00+00:00,1.0013,1.0012,87.00000000,87.00000000,100.00000000,0.10000000,0.09999001,-0.00998702,-0.20997703,-0.20997703,24H
SL7_TP15,RE/USDT,2026-07-29T16:00:00+00:00,2026-07-30T16:00:00+00:00,0.4686,0.4452,79.00000000,76.00000000,100.00000000,0.10000000,0.09500640,-4.99359795,-5.18860435,-5.18860435,24H
SL7_TP15,USD1/USDT,2026-07-29T16:00:00+00:00,2026-07-30T16:00:00+00:00,1.00016,1,76.00000000,71.00000000,100.00000000,0.10000000,0.09998400,-0.01599744,-0.21598144,-0.21598144,24H
SL7_TP15,ADA/USDT,2026-07-29T18:00:00+00:00,2026-07-30T18:00:00+00:00,0.1679,0.1723,84.00000000,89.00000000,100.00000000,0.10000000,0.10262061,2.62060750,2.41798690,2.41798690,24H
SL7_TP15,UNI/USDT,2026-07-29T22:00:00+00:00,2026-07-30T22:00:00+00:00,4.002,4.412,76.00000000,71.00000000,100.00000000,0.10000000,0.11024488,10.24487756,10.03463268,10.03463268,24H
SL7_TP15,ALPINE/USDT,2026-07-30T03:00:00+00:00,2026-07-31T03:00:00+00:00,0.32,0.314,93.00000000,98.00000000,100.00000000,0.10000000,0.09812500,-1.87500000,-2.07312500,-2.07312500,24H
SL7_TP15,GPS/USDT,2026-07-30T04:00:00+00:00,2026-07-31T04:00:00+00:00,0.00982,0.00964,82.00000000,82.00000000,100.00000000,0.10000000,0.09816701,-1.83299389,-2.03116090,-2.03116090,24H
SL7_TP15,MUBARAK/USDT,2026-07-30T04:00:00+00:00,2026-07-31T04:00:00+00:00,0.01115,0.0121,82.00000000,82.00000000,100.00000000,0.10000000,0.10852018,8.52017937,8.31165919,8.31165919,24H
SL7_TP15,USDC/USDT,2026-07-30T06:00:00+00:00,2026-07-31T06:00:00+00:00,1.00108,1.00067,81.00000000,80.00000000,100.00000000,0.10000000,0.09995904,-0.04095577,-0.24091481,-0.24091481,24H
SL7_TP15,MUBARAK/USDT,2026-07-31T04:00:00+00:00,2026-07-31T15:00:00+00:00,0.0121,0.01414,95.00000000,100.00000000,100.00000000,0.10000000,0.11685950,16.85950413,16.64264463,16.64264463,TAKE_PROFIT
SL7_TP15,AAVE/USDT,2026-07-30T16:00:00+00:00,2026-07-31T16:00:00+00:00,100.23,96.59,90.00000000,95.00000000,100.00000000,0.10000000,0.09636835,-3.63164721,-3.82801556,-3.82801556,24H
SL7_TP15,PAXG/USDT,2026-07-30T16:00:00+00:00,2026-07-31T16:00:00+00:00,4104.06,4043.63,87.00000000,87.00000000,100.00000000,0.10000000,0.09852756,-1.47244436,-1.67097192,-1.67097192,24H
SL7_TP15,FIL/USDT,2026-07-30T18:00:00+00:00,2026-07-31T18:00:00+00:00,0.7153,0.7209,89.00000000,89.00000000,100.00000000,0.10000000,0.10078289,0.78288830,0.58210541,0.58210541,24H
SL7_TP15,GIGGLE/USDT,2026-07-31T15:00:00+00:00,2026-07-31T19:00:00+00:00,39.62,46.2,84.00000000,76.00000000,100.00000000,0.10000000,0.11660777,16.60777385,16.39116608,16.39116608,TAKE_PROFIT
SL7_TP15,SOXLB/USDT,2026-07-30T22:00:00+00:00,2026-07-31T20:00:00+00:00,122.59,113.19,84.00000000,89.00000000,100.00000000,0.10000000,0.09233216,-7.66783588,-7.86016804,-7.86016804,STOP_LOSS
SL7_TP15,MUBARAK/USDT,2026-07-31T16:00:00+00:00,2026-07-31T20:00:00+00:00,0.01371,0.01259,90.00000000,100.00000000,100.00000000,0.10000000,0.09183078,-8.16921955,-8.36105033,-8.36105033,STOP_LOSS
SL7_TP15,PUMP/USDT,2026-07-30T22:00:00+00:00,2026-07-31T22:00:00+00:00,0.001999,0.002031,87.00000000,86.00000000,100.00000000,0.10000000,0.10160080,1.60080040,1.39919960,1.39919960,24H
SL7_TP15,BEL/USDT,2026-07-31T04:00:00+00:00,2026-08-01T04:00:00+00:00,0.0977,0.099,89.00000000,89.00000000,100.00000000,0.10000000,0.10133060,1.33060389,1.12927329,1.12927329,24H
SL7_TP15,TUT/USDT,2026-07-31T04:00:00+00:00,2026-08-01T04:00:00+00:00,0.01492,0.016,80.00000000,75.00000000,100.00000000,0.10000000,0.10723861,7.23860590,7.03136729,7.03136729,24H
SL7_TP15,GIGGLE/USDT,2026-07-31T20:00:00+00:00,2026-08-01T05:00:00+00:00,43.89,53.7,79.00000000,71.00000000,100.00000000,0.10000000,0.12235133,22.35133288,22.12898154,22.12898154,TAKE_PROFIT
SL7_TP15,EUR/USDT,2026-07-31T06:00:00+00:00,2026-08-01T06:00:00+00:00,1.1525,1.1537,87.00000000,87.00000000,100.00000000,0.10000000,0.10010412,0.10412148,-0.09598265,-0.09598265,24H
SL7_TP15,GIGGLE/USDT,2026-08-01T05:00:00+00:00,2026-08-01T07:00:00+00:00,53.7,48.7,90.00000000,92.00000000,100.00000000,0.10000000,0.09068901,-9.31098696,-9.50167598,-9.50167598,STOP_LOSS
SL7_TP15,GIGGLE/USDT,2026-08-01T07:00:00+00:00,2026-08-01T09:00:00+00:00,48.7,45.2,89.00000000,80.00000000,100.00000000,0.10000000,0.09281314,-7.18685832,-7.37967146,-7.37967146,STOP_LOSS
SL7_TP15,HOME/USDT,2026-07-31T19:00:00+00:00,2026-08-01T12:00:00+00:00,0.0055,0.00648,78.00000000,73.00000000,100.00000000,0.10000000,0.11781818,17.81818182,17.60036364,17.60036364,TAKE_PROFIT
SL7_TP15,ADA/USDT,2026-07-31T16:00:00+00:00,2026-08-01T16:00:00+00:00,0.1709,0.1742,84.00000000,83.00000000,100.00000000,0.10000000,0.10193095,1.93095377,1.72902282,1.72902282,24H
SL7_TP15,ALPINE/USDT,2026-07-31T18:00:00+00:00,2026-08-01T18:00:00+00:00,0.321,0.322,87.00000000,86.00000000,100.00000000,0.10000000,0.10031153,0.31152648,0.11121495,0.11121495,24H
SL7_TP15,MUBARAK/USDT,2026-08-01T09:00:00+00:00,2026-08-01T19:00:00+00:00,0.01303,0.0121,81.00000000,80.00000000,100.00000000,0.10000000,0.09286262,-7.13737529,-7.33023791,-7.33023791,STOP_LOSS
SL7_TP15,CHIP/USDT,2026-07-31T20:00:00+00:00,2026-08-01T20:00:00+00:00,0.02558,0.02519,78.00000000,73.00000000,100.00000000,0.10000000,0.09847537,-1.52462862,-1.72310399,-1.72310399,24H
SL7_TP15,UNI/USDT,2026-07-31T22:00:00+00:00,2026-08-01T22:00:00+00:00,4.334,4.077,82.00000000,82.00000000,100.00000000,0.10000000,0.09407014,-5.92985695,-6.12392709,-6.12392709,24H
SL7_TP15,HOME/USDT,2026-08-01T20:00:00+00:00,2026-08-02T02:00:00+00:00,0.00612,0.00707,78.00000000,73.00000000,100.00000000,0.10000000,0.11552288,15.52287582,15.30735294,15.30735294,TAKE_PROFIT
SL7_TP15,TAO/USDT,2026-08-01T04:00:00+00:00,2026-08-02T04:00:00+00:00,199.3,195.5,92.00000000,97.00000000,100.00000000,0.10000000,0.09809333,-1.90667336,-2.10476668,-2.10476668,24H
SL7_TP15,USDE/USDT,2026-08-01T04:00:00+00:00,2026-08-02T04:00:00+00:00,1.0008,1.0005,87.00000000,87.00000000,100.00000000,0.10000000,0.09997002,-0.02997602,-0.22994604,-0.22994604,24H
SL7_TP15,BNB/USDT,2026-08-01T06:00:00+00:00,2026-08-02T06:00:00+00:00,591.31,585,84.00000000,84.00000000,100.00000000,0.10000000,0.09893288,-1.06712215,-1.26605503,-1.26605503,24H
SL7_TP15,TUT/USDT,2026-08-01T12:00:00+00:00,2026-08-02T12:00:00+00:00,0.01815,0.01763,90.00000000,100.00000000,100.00000000,0.10000000,0.09713499,-2.86501377,-3.06214876,-3.06214876,24H
SL7_TP15,KAITO/USDT,2026-08-01T18:00:00+00:00,2026-08-02T13:00:00+00:00,1.2084,1.0894,95.00000000,100.00000000,100.00000000,0.10000000,0.09015227,-9.84773254,-10.03788481,-10.03788481,STOP_LOSS
SL7_TP15,PEPE/USDT,2026-08-01T16:00:00+00:00,2026-08-02T16:00:00+00:00,2.78e-06,2.91e-06,87.00000000,87.00000000,100.00000000,0.10000000,0.10467626,4.67625899,4.47158273,4.47158273,24H
SL7_TP15,PORTAL/USDT,2026-08-02T04:00:00+00:00,2026-08-02T18:00:00+00:00,0.00999,0.01162,87.00000000,87.00000000,100.00000000,0.10000000,0.11631632,16.31631632,16.10000000,16.10000000,TAKE_PROFIT
SL7_TP15,ARB/USDT,2026-08-01T19:00:00+00:00,2026-08-02T19:00:00+00:00,0.0785,0.0816,81.00000000,81.00000000,100.00000000,0.10000000,0.10394904,3.94904459,3.74509554,3.74509554,24H
SL7_TP15,ADA/USDT,2026-08-01T22:00:00+00:00,2026-08-02T22:00:00+00:00,0.1734,0.1898,82.00000000,82.00000000,100.00000000,0.10000000,0.10945790,9.45790081,9.24844291,9.24844291,24H
SL7_TP15,PUMP/USDT,2026-08-02T02:00:00+00:00,2026-08-02T23:00:00+00:00,0.002258,0.002086,95.00000000,100.00000000,100.00000000,0.10000000,0.09238264,-7.61736050,-7.80974314,-7.80974314,STOP_LOSS
SL7_TP15,EWYB/USDT,2026-08-02T04:00:00+00:00,2026-08-03T04:00:00+00:00,160.6,160.32,87.00000000,87.00000000,100.00000000,0.10000000,0.09982565,-0.17434620,-0.37417186,-0.37417186,24H
SL7_TP15,FDUSD/USDT,2026-08-02T06:00:00+00:00,2026-08-03T06:00:00+00:00,0.9982,0.9979,81.00000000,81.00000000,100.00000000,0.10000000,0.09996995,-0.03005410,-0.23002404,-0.23002404,24H
SL7_TP15,KORUB/USDT,2026-08-02T22:00:00+00:00,2026-08-03T11:00:00+00:00,16.05,14.58,89.00000000,89.00000000,100.00000000,0.10000000,0.09084112,-9.15887850,-9.34971963,-9.34971963,STOP_LOSS
SL7_TP15,EDEN/USDT,2026-08-02T12:00:00+00:00,2026-08-03T12:00:00+00:00,0.0389,0.03799,89.00000000,89.00000000,100.00000000,0.10000000,0.09766067,-2.33933162,-2.53699229,-2.53699229,24H
SL7_TP15,FIL/USDT,2026-08-02T13:00:00+00:00,2026-08-03T13:00:00+00:00,0.72,0.7249,84.00000000,84.00000000,100.00000000,0.10000000,0.10068056,0.68055556,0.47987500,0.47987500,24H
SL7_TP15,TUT/USDT,2026-08-02T23:00:00+00:00,2026-08-03T13:00:00+00:00,0.01758,0.0203,87.00000000,87.00000000,100.00000000,0.10000000,0.11547213,15.47212742,15.25665529,15.25665529,TAKE_PROFIT
SL7_TP15,GIGGLE/USDT,2026-08-03T06:00:00+00:00,2026-08-03T13:00:00+00:00,45.49,41.55,95.00000000,100.00000000,100.00000000,0.10000000,0.09133876,-8.66124423,-8.85258299,-8.85258299,STOP_LOSS
SL7_TP15,MUBARAK/USDT,2026-08-02T16:00:00+00:00,2026-08-03T16:00:00+00:00,0.01273,0.01266,92.00000000,97.00000000,100.00000000,0.10000000,0.09945012,-0.54988217,-0.74933229,-0.74933229,24H
SL7_TP15,NEAR/USDT,2026-08-02T18:00:00+00:00,2026-08-03T18:00:00+00:00,1.71,1.747,84.00000000,84.00000000,100.00000000,0.10000000,0.10216374,2.16374269,1.96157895,1.96157895,24H
SL7_TP15,EUR/USDT,2026-08-02T19:00:00+00:00,2026-08-03T19:00:00+00:00,1.1546,1.1519,87.00000000,87.00000000,100.00000000,0.10000000,0.09976615,-0.23384722,-0.43361337,-0.43361337,24H
SL7_TP15,BMT/USDT,2026-08-03T04:00:00+00:00,2026-08-04T04:00:00+00:00,0.01182,0.01192,93.00000000,98.00000000,100.00000000,0.10000000,0.10084602,0.84602369,0.64517766,0.64517766,24H
SL7_TP15,HOME/USDT,2026-08-03T16:00:00+00:00,2026-08-04T06:00:00+00:00,0.00781,0.00945,95.00000000,100.00000000,100.00000000,0.10000000,0.12099872,20.99871959,20.77772087,20.77772087,TAKE_PROFIT
SL7_TP15,ADA/USDT,2026-08-03T11:00:00+00:00,2026-08-04T11:00:00+00:00,0.1865,0.1945,89.00000000,88.00000000,100.00000000,0.10000000,0.10428954,4.28954424,4.08525469,4.08525469,24H
SL7_TP15,DOT/USDT,2026-08-03T12:00:00+00:00,2026-08-04T12:00:00+00:00,0.814,0.831,90.00000000,100.00000000,100.00000000,0.10000000,0.10208845,2.08845209,1.88636364,1.88636364,24H
SL7_TP15,PEPE/USDT,2026-08-03T13:00:00+00:00,2026-08-04T13:00:00+00:00,2.91e-06,2.89e-06,95.00000000,100.00000000,100.00000000,0.10000000,0.09931271,-0.68728522,-0.88659794,-0.88659794,24H
SL7_TP15,RARE/USDT,2026-08-03T13:00:00+00:00,2026-08-04T13:00:00+00:00,0.01207,0.01172,89.00000000,89.00000000,100.00000000,0.10000000,0.09710025,-2.89975145,-3.09685170,-3.09685170,24H
SL7_TP15,BNB/USDT,2026-08-03T13:00:00+00:00,2026-08-04T13:00:00+00:00,588.21,589.18,87.00000000,87.00000000,100.00000000,0.10000000,0.10016491,0.16490709,-0.03525782,-0.03525782,24H
SL7_TP15,PUMP/USDT,2026-08-03T18:00:00+00:00,2026-08-04T18:00:00+00:00,0.002216,0.002345,95.00000000,100.00000000,100.00000000,0.10000000,0.10582130,5.82129964,5.61547834,5.61547834,24H
SL7_TP15,SNDKB/USDT,2026-08-03T19:00:00+00:00,2026-08-04T19:00:00+00:00,1289.32,1428.82,83.00000000,82.00000000,100.00000000,0.10000000,0.11081966,10.81965687,10.60883722,10.60883722,24H
SL7_TP15,GALA/USDT,2026-08-04T04:00:00+00:00,2026-08-05T04:00:00+00:00,0.001819,0.001778,87.00000000,87.00000000,100.00000000,0.10000000,0.09774601,-2.25398571,-2.45173172,-2.45173172,24H
SL7_TP15,EWYB/USDT,2026-08-04T06:00:00+00:00,2026-08-05T06:00:00+00:00,163.43,170.31,93.00000000,98.00000000,100.00000000,0.10000000,0.10420975,4.20975341,4.00554366,4.00554366,24H
SL7_TP15,BMT/USDT,2026-08-04T11:00:00+00:00,2026-08-05T11:00:00+00:00,0.0119,0.0124,90.00000000,95.00000000,100.00000000,0.10000000,0.10420168,4.20168067,3.99747899,3.99747899,24H
SL7_TP15,PORTAL/USDT,2026-08-04T12:00:00+00:00,2026-08-05T12:00:00+00:00,0.01056,0.01085,92.00000000,97.00000000,100.00000000,0.10000000,0.10274621,2.74621212,2.54346591,2.54346591,24H
SL7_TP15,PAXG/USDT,2026-08-04T13:00:00+00:00,2026-08-05T13:00:00+00:00,4079.17,4200.39,90.00000000,95.00000000,100.00000000,0.10000000,0.10297168,2.97168296,2.76871128,2.76871128,24H
SL7_TP15,XAUT/USDT,2026-08-04T13:00:00+00:00,2026-08-05T13:00:00+00:00,4072.06,4191.41,90.00000000,95.00000000,100.00000000,0.10000000,0.10293095,2.93094895,2.72801801,2.72801801,24H
SL7_TP15,MUB/USDT,2026-08-04T13:00:00+00:00,2026-08-05T13:00:00+00:00,876.78,919,89.00000000,89.00000000,100.00000000,0.10000000,0.10481535,4.81534707,4.61053172,4.61053172,24H
SL7_TP15,PUMP/USDT,2026-08-04T18:00:00+00:00,2026-08-05T18:00:00+00:00,0.002345,0.00243,90.00000000,100.00000000,100.00000000,0.10000000,0.10362473,3.62473348,3.42110874,3.42110874,24H
SL7_TP15,TUT/USDT,2026-08-05T06:00:00+00:00,2026-08-05T18:00:00+00:00,0.02495,0.0291,89.00000000,88.00000000,100.00000000,0.10000000,0.11663327,16.63326653,16.41663327,16.41663327,TAKE_PROFIT
SL7_TP15,CHIP/USDT,2026-08-04T19:00:00+00:00,2026-08-05T19:00:00+00:00,0.02539,0.02483,86.00000000,86.00000000,100.00000000,0.10000000,0.09779441,-2.20559275,-2.40338716,-2.40338716,24H
SL7_TP15,SNXXB/USDT,2026-08-05T13:00:00+00:00,2026-08-05T19:00:00+00:00,12.95,11.41,95.00000000,100.00000000,100.00000000,0.10000000,0.08810811,-11.89189189,-12.08000000,-12.08000000,STOP_LOSS
SL7_TP15,KORUB/USDT,2026-08-05T13:00:00+00:00,2026-08-06T00:00:00+00:00,19.25,17.32,95.00000000,100.00000000,100.00000000,0.10000000,0.08997403,-10.02597403,-10.21594805,-10.21594805,STOP_LOSS
SL7_TP15,HEMI/USDT,2026-08-05T04:00:00+00:00,2026-08-06T04:00:00+00:00,0.00478,0.00499,92.00000000,97.00000000,100.00000000,0.10000000,0.10439331,4.39330544,4.18891213,4.18891213,24H
SL7_TP15,TUT/USDT,2026-08-06T04:00:00+00:00,2026-08-06T07:00:00+00:00,0.02998,0.02735,84.00000000,88.00000000,100.00000000,0.10000000,0.09122748,-8.77251501,-8.96374249,-8.96374249,STOP_LOSS
SL7_TP15,MUB/USDT,2026-08-05T13:00:00+00:00,2026-08-06T10:00:00+00:00,919,853.01,95.00000000,100.00000000,100.00000000,0.10000000,0.09281937,-7.18063112,-7.37345049,-7.37345049,STOP_LOSS
SL7_TP15,EURI/USDT,2026-08-05T11:00:00+00:00,2026-08-06T11:00:00+00:00,1.1558,1.1549,87.00000000,87.00000000,100.00000000,0.10000000,0.09992213,-0.07786814,-0.27779028,-0.27779028,24H
SL7_TP15,ENA/USDT,2026-08-05T12:00:00+00:00,2026-08-06T12:00:00+00:00,0.0917,0.0911,87.00000000,86.00000000,100.00000000,0.10000000,0.09934569,-0.65430752,-0.85365322,-0.85365322,24H
SL7_TP15,EWYB/USDT,2026-08-05T13:00:00+00:00,2026-08-06T13:00:00+00:00,171.47,165,95.00000000,100.00000000,100.00000000,0.10000000,0.09622675,-3.77325480,-3.96948154,-3.96948154,24H
SL7_TP15,BICO/USDT,2026-08-05T18:00:00+00:00,2026-08-06T13:00:00+00:00,0.02757,0.03613,84.00000000,80.00000000,100.00000000,0.10000000,0.13104824,31.04824084,30.81719260,30.81719260,TAKE_PROFIT
SL7_TP15,ACE/USDT,2026-08-06T12:00:00+00:00,2026-08-06T13:00:00+00:00,0.0768,0.0951,89.00000000,88.00000000,100.00000000,0.10000000,0.12382813,23.82812500,23.60429688,23.60429688,TAKE_PROFIT
SL7_TP15,ALPINE/USDT,2026-08-05T18:00:00+00:00,2026-08-06T18:00:00+00:00,0.319,0.318,84.00000000,83.00000000,100.00000000,0.10000000,0.09968652,-0.31347962,-0.51316614,-0.51316614,24H
SL7_TP15,PORTAL/USDT,2026-08-05T19:00:00+00:00,2026-08-06T19:00:00+00:00,0.01125,0.01155,95.00000000,100.00000000,100.00000000,0.10000000,0.10266667,2.66666667,2.46400000,2.46400000,24H
SL7_TP15,MSTRB/USDT,2026-08-05T19:00:00+00:00,2026-08-06T19:00:00+00:00,98.4,96.84,89.00000000,88.00000000,100.00000000,0.10000000,0.09841463,-1.58536585,-1.78378049,-1.78378049,24H
SL7_TP15,FDUSD/USDT,2026-08-06T00:00:00+00:00,2026-08-07T00:00:00+00:00,0.9983,0.9982,87.00000000,87.00000000,100.00000000,0.10000000,0.09998998,-0.01001703,-0.21000701,-0.21000701,24H
SL7_TP15,HOME/USDT,2026-08-06T10:00:00+00:00,2026-08-07T01:00:00+00:00,0.00979,0.00906,95.00000000,100.00000000,100.00000000,0.10000000,0.09254341,-7.45658836,-7.64913177,-7.64913177,STOP_LOSS
SL7_TP15,RE/USDT,2026-08-06T19:00:00+00:00,2026-08-07T06:00:00+00:00,0.4227,0.3853,84.00000000,89.00000000,100.00000000,0.10000000,0.09115212,-8.84788266,-9.03903478,-9.03903478,STOP_LOSS
SL7_TP15,EDEN/USDT,2026-08-06T11:00:00+00:00,2026-08-07T11:00:00+00:00,0.0395,0.04135,89.00000000,89.00000000,100.00000000,0.10000000,0.10468354,4.68354430,4.47886076,4.47886076,24H
SL7_TP15,PLUME/USDT,2026-08-06T13:00:00+00:00,2026-08-07T13:00:00+00:00,0.01164,0.01207,89.00000000,89.00000000,100.00000000,0.10000000,0.10369416,3.69415808,3.49046392,3.49046392,24H
SL7_TP15,RARE/USDT,2026-08-06T13:00:00+00:00,2026-08-07T13:00:00+00:00,0.01238,0.01237,89.00000000,89.00000000,100.00000000,0.10000000,0.09991922,-0.08077544,-0.28069467,-0.28069467,24H
SL7_TP15,LTC/USDT,2026-08-06T13:00:00+00:00,2026-08-07T13:00:00+00:00,45.48,45.73,87.00000000,87.00000000,100.00000000,0.10000000,0.10054969,0.54969217,0.34914248,0.34914248,24H
SL7_TP15,TREE/USDT,2026-08-06T13:00:00+00:00,2026-08-07T13:00:00+00:00,0.0353,0.0363,87.00000000,87.00000000,100.00000000,0.10000000,0.10283286,2.83286119,2.63002833,2.63002833,24H
SL7_TP15,ADA/USDT,2026-08-06T18:00:00+00:00,2026-08-07T18:00:00+00:00,0.2052,0.2006,89.00000000,88.00000000,100.00000000,0.10000000,0.09775828,-2.24171540,-2.43947368,-2.43947368,24H
SL7_TP15,PUMP/USDT,2026-08-06T19:00:00+00:00,2026-08-07T19:00:00+00:00,0.00238,0.002347,84.00000000,84.00000000,100.00000000,0.10000000,0.09861345,-1.38655462,-1.58516807,-1.58516807,24H
SL7_TP15,CHIP/USDT,2026-08-07T00:00:00+00:00,2026-08-08T00:00:00+00:00,0.02604,0.02496,84.00000000,89.00000000,100.00000000,0.10000000,0.09585253,-4.14746544,-4.34331797,-4.34331797,24H
SL7_TP15,OPN/USDT,2026-08-07T01:00:00+00:00,2026-08-08T01:00:00+00:00,0.0532,0.0521,81.00000000,80.00000000,100.00000000,0.10000000,0.09793233,-2.06766917,-2.26560150,-2.26560150,24H
SL7_TP15,BICO/USDT,2026-08-07T13:00:00+00:00,2026-08-08T04:00:00+00:00,0.05182,0.06035,89.00000000,80.00000000,100.00000000,0.10000000,0.11646083,16.46082594,16.24436511,16.24436511,TAKE_PROFIT
SL7_TP15,TUT/USDT,2026-08-07T19:00:00+00:00,2026-08-08T04:00:00+00:00,0.03734,0.04376,89.00000000,80.00000000,100.00000000,0.10000000,0.11719336,17.19335833,16.97616497,16.97616497,TAKE_PROFIT
SL7_TP15,PAXG/USDT,2026-08-07T06:00:00+00:00,2026-08-08T06:00:00+00:00,4291.5,4337.99,90.00000000,95.00000000,100.00000000,0.10000000,0.10108330,1.08330421,0.88222090,0.88222090,24H
SL7_TP15,MSTRB/USDT,2026-08-07T11:00:00+00:00,2026-08-08T11:00:00+00:00,98.72,101.15,93.00000000,98.00000000,100.00000000,0.10000000,0.10246151,2.46150729,2.25904579,2.25904579,24H
SL7_TP15,ALPINE/USDT,2026-08-07T13:00:00+00:00,2026-08-08T13:00:00+00:00,0.324,0.322,90.00000000,95.00000000,100.00000000,0.10000000,0.09938272,-0.61728395,-0.81666667,-0.81666667,24H
SL7_TP15,CRCLB/USDT,2026-08-07T13:00:00+00:00,2026-08-08T13:00:00+00:00,66.12,67.14,90.00000000,100.00000000,100.00000000,0.10000000,0.10154265,1.54264973,1.34110708,1.34110708,24H
SL7_TP15,SPCXB/USDT,2026-08-07T13:00:00+00:00,2026-08-08T13:00:00+00:00,120.57,133.23,90.00000000,100.00000000,100.00000000,0.10000000,0.11050012,10.50012441,10.28962428,10.28962428,24H
SL7_TP15,ACE/USDT,2026-08-08T13:00:00+00:00,2026-08-08T15:00:00+00:00,0.117,0.1407,89.00000000,80.00000000,100.00000000,0.10000000,0.12025641,20.25641026,20.03615385,20.03615385,TAKE_PROFIT
SL7_TP15,BEL/USDT,2026-08-07T18:00:00+00:00,2026-08-08T18:00:00+00:00,0.1017,0.108,87.00000000,87.00000000,100.00000000,0.10000000,0.10619469,6.19469027,5.98849558,5.98849558,24H
SL7_TP15,MUBARAK/USDT,2026-08-08T00:00:00+00:00,2026-08-09T00:00:00+00:00,0.01421,0.01554,95.00000000,100.00000000,100.00000000,0.10000000,0.10935961,9.35960591,9.15024631,9.15024631,24H
SL7_TP15,PLUME/USDT,2026-08-08T01:00:00+00:00,2026-08-09T01:00:00+00:00,0.01244,0.01205,84.00000000,84.00000000,100.00000000,0.10000000,0.09686495,-3.13504823,-3.33191318,-3.33191318,24H
SL7_TP15,ACE/USDT,2026-08-08T15:00:00+00:00,2026-08-09T02:00:00+00:00,0.1407,0.1279,95.00000000,92.00000000,100.00000000,0.10000000,0.09090263,-9.09737029,-9.28827292,-9.28827292,STOP_LOSS
SL7_TP15,OPN/USDT,2026-08-08T04:00:00+00:00,2026-08-09T04:00:00+00:00,0.0543,0.0539,89.00000000,88.00000000,100.00000000,0.10000000,0.09926335,-0.73664825,-0.93591160,-0.93591160,24H
SL7_TP15,SOL/USDT,2026-08-08T04:00:00+00:00,2026-08-09T04:00:00+00:00,74.64,75.98,87.00000000,86.00000000,100.00000000,0.10000000,0.10179528,1.79528403,1.59348875,1.59348875,24H
SL7_TP15,TAO/USDT,2026-08-08T06:00:00+00:00,2026-08-09T06:00:00+00:00,197.4,205.4,90.00000000,95.00000000,100.00000000,0.10000000,0.10405268,4.05268490,3.84863222,3.84863222,24H
SL7_TP15,BICO/USDT,2026-08-09T00:00:00+00:00,2026-08-09T08:00:00+00:00,0.06662,0.05181,92.00000000,89.00000000,100.00000000,0.10000000,0.07776944,-22.23056139,-22.40833083,-22.40833083,STOP_LOSS
SL7_TP15,BMT/USDT,2026-08-09T08:00:00+00:00,2026-08-09T09:00:00+00:00,0.01948,0.02397,90.00000000,92.00000000,100.00000000,0.10000000,0.12304928,23.04928131,22.82623203,22.82623203,TAKE_PROFIT
SL7_TP15,HEMI/USDT,2026-08-08T11:00:00+00:00,2026-08-09T11:00:00+00:00,0.00536,0.00553,92.00000000,97.00000000,100.00000000,0.10000000,0.10317164,3.17164179,2.96847015,2.96847015,24H
SL7_TP15,RARE/USDT,2026-08-08T13:00:00+00:00,2026-08-09T13:00:00+00:00,0.01285,0.01329,95.00000000,100.00000000,100.00000000,0.10000000,0.10342412,3.42412451,3.22070039,3.22070039,24H
SL7_TP15,ALPINE/USDT,2026-08-08T13:00:00+00:00,2026-08-09T13:00:00+00:00,0.322,0.334,87.00000000,87.00000000,100.00000000,0.10000000,0.10372671,3.72670807,3.52298137,3.52298137,24H
SL7_TP15,MUBARAK/USDT,2026-08-09T09:00:00+00:00,2026-08-09T15:00:00+00:00,0.01897,0.02193,95.00000000,92.00000000,100.00000000,0.10000000,0.11560358,15.60358461,15.38798102,15.38798102,TAKE_PROFIT
SL7_TP15,PORTAL/USDT,2026-08-08T18:00:00+00:00,2026-08-09T18:00:00+00:00,0.01142,0.01144,95.00000000,100.00000000,100.00000000,0.10000000,0.10017513,0.17513135,-0.02504378,-0.02504378,24H
SL7_TP15,PLUME/USDT,2026-08-09T01:00:00+00:00,2026-08-10T01:00:00+00:00,0.01205,0.01221,85.00000000,87.00000000,100.00000000,0.10000000,0.10132780,1.32780083,1.12647303,1.12647303,24H
SL7_TP15,PUMP/USDT,2026-08-09T02:00:00+00:00,2026-08-10T02:00:00+00:00,0.002477,0.002703,87.00000000,92.00000000,100.00000000,0.10000000,0.10912394,9.12394025,8.91481631,8.91481631,24H
SL7_TP15,EURI/USDT,2026-08-09T04:00:00+00:00,2026-08-10T04:00:00+00:00,1.1559,1.1554,84.00000000,84.00000000,100.00000000,0.10000000,0.09995674,-0.04325634,-0.24321308,-0.24321308,24H
SL7_TP15,SPCXB/USDT,2026-08-09T04:00:00+00:00,2026-08-10T04:00:00+00:00,137.4,133.82,82.00000000,82.00000000,100.00000000,0.10000000,0.09739447,-2.60553130,-2.80292576,-2.80292576,24H
SL7_TP15,TREE/USDT,2026-08-09T06:00:00+00:00,2026-08-10T06:00:00+00:00,0.0379,0.0375,93.00000000,98.00000000,100.00000000,0.10000000,0.09894459,-1.05540897,-1.25435356,-1.25435356,24H
SL7_TP15,TRX/USDT,2026-08-09T11:00:00+00:00,2026-08-10T11:00:00+00:00,0.3299,0.3316,84.00000000,84.00000000,100.00000000,0.10000000,0.10051531,0.51530767,0.31479236,0.31479236,24H
SL7_TP15,HEMI/USDT,2026-08-09T13:00:00+00:00,2026-08-10T13:00:00+00:00,0.00556,0.0053,95.00000000,100.00000000,100.00000000,0.10000000,0.09532374,-4.67625899,-4.87158273,-4.87158273,24H
SL7_TP15,BNB/USDT,2026-08-09T13:00:00+00:00,2026-08-10T13:00:00+00:00,607.44,600.23,90.00000000,95.00000000,100.00000000,0.10000000,0.09881305,-1.18694851,-1.38576156,-1.38576156,24H
SL7_TP15,BEL/USDT,2026-08-09T15:00:00+00:00,2026-08-10T15:00:00+00:00,0.1109,0.1073,90.00000000,95.00000000,100.00000000,0.10000000,0.09675383,-3.24616772,-3.44292155,-3.44292155,24H
SL7_TP15,HOME/USDT,2026-08-10T04:00:00+00:00,2026-08-10T15:00:00+00:00,0.00968,0.01189,85.00000000,87.00000000,100.00000000,0.10000000,0.12283058,22.83057851,22.60774793,22.60774793,TAKE_PROFIT
SL7_TP15,RARE/USDT,2026-08-09T18:00:00+00:00,2026-08-10T18:00:00+00:00,0.01368,0.01352,92.00000000,97.00000000,100.00000000,0.10000000,0.09883041,-1.16959064,-1.36842105,-1.36842105,24H
SL7_TP15,RE/USDT,2026-08-10T15:00:00+00:00,2026-08-10T18:00:00+00:00,0.4505,0.4142,89.00000000,89.00000000,100.00000000,0.10000000,0.09194229,-8.05771365,-8.24965594,-8.24965594,STOP_LOSS
SL7_TP15,HOME/USDT,2026-08-10T18:00:00+00:00,2026-08-10T21:00:00+00:00,0.01017,0.00937,89.00000000,80.00000000,100.00000000,0.10000000,0.09213373,-7.86627335,-8.05840708,-8.05840708,STOP_LOSS
SL7_TP15,PLUME/USDT,2026-08-10T01:00:00+00:00,2026-08-11T01:00:00+00:00,0.01221,0.01225,93.00000000,98.00000000,100.00000000,0.10000000,0.10032760,0.32760033,0.12727273,0.12727273,24H
SL7_TP15,MUBARAK/USDT,2026-08-10T15:00:00+00:00,2026-08-11T01:00:00+00:00,0.02176,0.01974,89.00000000,80.00000000,100.00000000,0.10000000,0.09071691,-9.28308824,-9.47380515,-9.47380515,STOP_LOSS
SL7_TP15,EDEN/USDT,2026-08-10T02:00:00+00:00,2026-08-11T02:00:00+00:00,0.04511,0.04334,95.00000000,100.00000000,100.00000000,0.10000000,0.09607626,-3.92374196,-4.11981822,-4.11981822,24H
SL7_TP15,OPN/USDT,2026-08-10T04:00:00+00:00,2026-08-11T04:00:00+00:00,0.0535,0.0515,87.00000000,86.00000000,100.00000000,0.10000000,0.09626168,-3.73831776,-3.93457944,-3.93457944,24H
SL7_TP15,BCH/USDT,2026-08-10T06:00:00+00:00,2026-08-11T06:00:00+00:00,217.3,215.3,90.00000000,95.00000000,100.00000000,0.10000000,0.09907961,-0.92038656,-1.11946618,-1.11946618,24H
SL7_TP15,RARE/USDT,2026-08-10T21:00:00+00:00,2026-08-11T09:00:00+00:00,0.01361,0.01212,79.00000000,74.00000000,100.00000000,0.10000000,0.08905217,-10.94783248,-11.13688464,-11.13688464,STOP_LOSS
SL7_TP15,SPCXB/USDT,2026-08-10T11:00:00+00:00,2026-08-11T11:00:00+00:00,138.81,137.27,90.00000000,100.00000000,100.00000000,0.10000000,0.09889057,-1.10943016,-1.30832073,-1.30832073,24H
SL7_TP15,PORTAL/USDT,2026-08-10T13:00:00+00:00,2026-08-11T13:00:00+00:00,0.01159,0.01152,93.00000000,98.00000000,100.00000000,0.10000000,0.09939603,-0.60396894,-0.80336497,-0.80336497,24H
SL7_TP15,TRX/USDT,2026-08-10T13:00:00+00:00,2026-08-11T13:00:00+00:00,0.3309,0.3358,87.00000000,87.00000000,100.00000000,0.10000000,0.10148081,1.48080991,1.27932910,1.27932910,24H
SL7_TP15,PAXG/USDT,2026-08-10T18:00:00+00:00,2026-08-11T18:00:00+00:00,4373.43,4370.19,87.00000000,87.00000000,100.00000000,0.10000000,0.09992592,-0.07408373,-0.27400964,-0.27400964,24H
SL7_TP15,LINK/USDT,2026-08-11T01:00:00+00:00,2026-08-12T01:00:00+00:00,8.428,8.787,93.00000000,98.00000000,100.00000000,0.10000000,0.10425961,4.25961082,4.05535121,4.05535121,24H
SL7_TP15,XPL/USDT,2026-08-11T01:00:00+00:00,2026-08-12T01:00:00+00:00,0.0802,0.07788,89.00000000,88.00000000,100.00000000,0.10000000,0.09710723,-2.89276808,-3.08987531,-3.08987531,24H
SL7_TP15,TRUMP/USDT,2026-08-11T02:00:00+00:00,2026-08-12T02:00:00+00:00,1.51,1.492,90.00000000,95.00000000,100.00000000,0.10000000,0.09880795,-1.19205298,-1.39086093,-1.39086093,24H
SL7_TP15,ENA/USDT,2026-08-11T04:00:00+00:00,2026-08-12T04:00:00+00:00,0.0903,0.0898,90.00000000,95.00000000,100.00000000,0.10000000,0.09944629,-0.55370986,-0.75315615,-0.75315615,24H
SL7_TP15,PUMP/USDT,2026-08-11T06:00:00+00:00,2026-08-12T06:00:00+00:00,0.00288,0.002712,95.00000000,100.00000000,100.00000000,0.10000000,0.09416667,-5.83333333,-6.02750000,-6.02750000,24H
SL7_TP15,BNB/USDT,2026-08-11T09:00:00+00:00,2026-08-12T09:00:00+00:00,607.19,613.7,87.00000000,86.00000000,100.00000000,0.10000000,0.10107215,1.07215204,0.87107989,0.87107989,24H
SL7_TP15,GIGGLE/USDT,2026-08-11T11:00:00+00:00,2026-08-12T11:00:00+00:00,36.09,34.97,89.00000000,89.00000000,100.00000000,0.10000000,0.09689665,-3.10335273,-3.30024938,-3.30024938,24H
SL7_TP15,KORUB/USDT,2026-08-11T13:00:00+00:00,2026-08-12T13:00:00+00:00,17.76,20,95.00000000,100.00000000,100.00000000,0.10000000,0.11261261,12.61261261,12.40000000,12.40000000,24H
SL7_TP15,EWYB/USDT,2026-08-11T13:00:00+00:00,2026-08-12T13:00:00+00:00,167.77,174.74,93.00000000,98.00000000,100.00000000,0.10000000,0.10415450,4.15449723,3.95034273,3.95034273,24H
SL7_TP15,DOGE/USDT,2026-08-11T18:00:00+00:00,2026-08-12T18:00:00+00:00,0.07081,0.07069,87.00000000,86.00000000,100.00000000,0.10000000,0.09983053,-0.16946759,-0.36929812,-0.36929812,24H
SL7_TP15,RARE/USDT,2026-08-12T13:00:00+00:00,2026-08-12T18:00:00+00:00,0.01377,0.01269,95.00000000,92.00000000,100.00000000,0.10000000,0.09215686,-7.84313725,-8.03529412,-8.03529412,STOP_LOSS
SL7_TP15,PLUME/USDT,2026-08-12T06:00:00+00:00,2026-08-12T20:00:00+00:00,0.01255,0.01154,95.00000000,100.00000000,100.00000000,0.10000000,0.09195219,-8.04780876,-8.23976096,-8.23976096,STOP_LOSS
SL7_TP15,WLD/USDT,2026-08-12T01:00:00+00:00,2026-08-13T01:00:00+00:00,0.3406,0.3298,90.00000000,95.00000000,100.00000000,0.10000000,0.09682913,-3.17087493,-3.36770405,-3.36770405,24H
SL7_TP15,RE/USDT,2026-08-12T01:00:00+00:00,2026-08-13T01:00:00+00:00,0.4246,0.4314,87.00000000,86.00000000,100.00000000,0.10000000,0.10160151,1.60150730,1.39990579,1.39990579,24H
SL7_TP15,WLFI/USDT,2026-08-12T02:00:00+00:00,2026-08-13T02:00:00+00:00,0.0561,0.0552,92.00000000,97.00000000,100.00000000,0.10000000,0.09839572,-1.60427807,-1.80267380,-1.80267380,24H
SL7_TP15,GRAM/USDT,2026-08-12T04:00:00+00:00,2026-08-13T04:00:00+00:00,1.361,1.338,81.00000000,80.00000000,100.00000000,0.10000000,0.09831007,-1.68993387,-1.88824394,-1.88824394,24H
SL7_TP15,GPS/USDT,2026-08-12T09:00:00+00:00,2026-08-13T09:00:00+00:00,0.00981,0.01014,90.00000000,100.00000000,100.00000000,0.10000000,0.10336391,3.36391437,3.16055046,3.16055046,24H
SL7_TP15,RLUSD/USDT,2026-08-12T11:00:00+00:00,2026-08-13T11:00:00+00:00,1.001,1.0011,84.00000000,84.00000000,100.00000000,0.10000000,0.10000999,0.00999001,-0.19001998,-0.19001998,24H
SL7_TP15,PAXG/USDT,2026-08-12T13:00:00+00:00,2026-08-13T13:00:00+00:00,4421.51,4372.41,87.00000000,87.00000000,100.00000000,0.10000000,0.09888952,-1.11048036,-1.30936988,-1.30936988,24H
SL7_TP15,SNXXB/USDT,2026-08-13T11:00:00+00:00,2026-08-13T15:00:00+00:00,11.29,14.2,87.00000000,86.00000000,100.00000000,0.10000000,0.12577502,25.77502214,25.54924712,25.54924712,TAKE_PROFIT
SL7_TP15,EDEN/USDT,2026-08-12T18:00:00+00:00,2026-08-13T17:00:00+00:00,0.045,0.05225,93.00000000,98.00000000,100.00000000,0.10000000,0.11611111,16.11111111,15.89500000,15.89500000,TAKE_PROFIT
SL7_TP15,CRCLB/USDT,2026-08-12T18:00:00+00:00,2026-08-13T18:00:00+00:00,70.92,73.57,80.00000000,72.00000000,100.00000000,0.10000000,0.10373660,3.73660462,3.53286802,3.53286802,24H
SL7_TP15,TRX/USDT,2026-08-12T20:00:00+00:00,2026-08-13T20:00:00+00:00,0.3358,0.3344,76.00000000,71.00000000,100.00000000,0.10000000,0.09958309,-0.41691483,-0.61649792,-0.61649792,24H
SL7_TP15,RE/USDT,2026-08-13T01:00:00+00:00,2026-08-14T01:00:00+00:00,0.4314,0.4563,90.00000000,95.00000000,100.00000000,0.10000000,0.10577191,5.77190542,5.56613352,5.56613352,24H
SL7_TP15,HOME/USDT,2026-08-13T01:00:00+00:00,2026-08-14T01:00:00+00:00,0.00985,0.01058,89.00000000,88.00000000,100.00000000,0.10000000,0.10741117,7.41116751,7.20375635,7.20375635,24H
SL7_TP15,PUMP/USDT,2026-08-13T02:00:00+00:00,2026-08-14T02:00:00+00:00,0.002755,0.002974,87.00000000,86.00000000,100.00000000,0.10000000,0.10794918,7.94918330,7.74123412,7.74123412,24H
SL7_TP15,AVAX/USDT,2026-08-13T04:00:00+00:00,2026-08-14T04:00:00+00:00,6.505,6.433,86.00000000,86.00000000,100.00000000,0.10000000,0.09889316,-1.10684089,-1.30573405,-1.30573405,24H
SL7_TP15,ACE/USDT,2026-08-14T02:00:00+00:00,2026-08-14T07:00:00+00:00,0.1279,0.1493,95.00000000,100.00000000,100.00000000,0.10000000,0.11673182,16.73182174,16.51508991,16.51508991,TAKE_PROFIT
SL7_TP15,WLD/USDT,2026-08-13T09:00:00+00:00,2026-08-14T09:00:00+00:00,0.3466,0.3357,95.00000000,100.00000000,100.00000000,0.10000000,0.09685516,-3.14483555,-3.34169071,-3.34169071,24H
SL7_TP15,LINK/USDT,2026-08-13T13:00:00+00:00,2026-08-14T13:00:00+00:00,8.804,8.841,90.00000000,95.00000000,100.00000000,0.10000000,0.10042026,0.42026352,0.21984325,0.21984325,24H
SL7_TP15,SOXLB/USDT,2026-08-13T15:00:00+00:00,2026-08-14T15:00:00+00:00,149.63,140.58,89.00000000,88.00000000,100.00000000,0.10000000,0.09395175,-6.04825236,-6.24220410,-6.24220410,24H
SL7_TP15,PLUME/USDT,2026-08-13T17:00:00+00:00,2026-08-14T17:00:00+00:00,0.01251,0.01249,90.00000000,100.00000000,100.00000000,0.10000000,0.09984013,-0.15987210,-0.35971223,-0.35971223,24H
SL7_TP15,CRCLB/USDT,2026-08-13T18:00:00+00:00,2026-08-14T18:00:00+00:00,73.57,71.64,92.00000000,97.00000000,100.00000000,0.10000000,0.09737665,-2.62335191,-2.82072856,-2.82072856,24H
SL7_TP15,HEI/USDT,2026-08-14T15:00:00+00:00,2026-08-14T18:00:00+00:00,0.1446,0.1335,89.00000000,81.00000000,100.00000000,0.10000000,0.09232365,-7.67634855,-7.86867220,-7.86867220,STOP_LOSS
SL7_TP15,TAO/USDT,2026-08-13T20:00:00+00:00,2026-08-14T20:00:00+00:00,202.9,197.8,87.00000000,86.00000000,100.00000000,0.10000000,0.09748645,-2.51355347,-2.71103992,-2.71103992,24H
SL7_TP15,RE/USDT,2026-08-14T01:00:00+00:00,2026-08-15T01:00:00+00:00,0.4563,0.4662,84.00000000,84.00000000,100.00000000,0.10000000,0.10216963,2.16962525,1.96745562,1.96745562,24H
SL7_TP15,RED/USDT,2026-08-14T01:00:00+00:00,2026-08-15T01:00:00+00:00,0.0891,0.0873,84.00000000,89.00000000,100.00000000,0.10000000,0.09797980,-2.02020202,-2.21818182,-2.21818182,24H
SL7_TP15,EDEN/USDT,2026-08-14T18:00:00+00:00,2026-08-15T02:00:00+00:00,0.06159,0.05581,84.00000000,76.00000000,100.00000000,0.10000000,0.09061536,-9.38464036,-9.57525572,-9.57525572,STOP_LOSS
SL7_TP15,PUMP/USDT,2026-08-14T04:00:00+00:00,2026-08-15T04:00:00+00:00,0.002918,0.002756,87.00000000,86.00000000,100.00000000,0.10000000,0.09444825,-5.55174777,-5.74619602,-5.74619602,24H
SL7_TP15,WLFI/USDT,2026-08-14T07:00:00+00:00,2026-08-15T07:00:00+00:00,0.0555,0.0566,93.00000000,98.00000000,100.00000000,0.10000000,0.10198198,1.98198198,1.78000000,1.78000000,24H
SL7_TP15,KORUB/USDT,2026-08-14T09:00:00+00:00,2026-08-15T09:00:00+00:00,22.26,21.65,89.00000000,88.00000000,100.00000000,0.10000000,0.09725966,-2.74034142,-2.93760108,-2.93760108,24H
SL7_TP15,WLD/USDT,2026-08-14T13:00:00+00:00,2026-08-15T13:00:00+00:00,0.3427,0.343,95.00000000,100.00000000,100.00000000,0.10000000,0.10008754,0.08754012,-0.11254742,-0.11254742,24H
SL7_TP15,HEMI/USDT,2026-08-15T09:00:00+00:00,2026-08-15T14:00:00+00:00,0.00533,0.00661,89.00000000,89.00000000,100.00000000,0.10000000,0.12401501,24.01500938,23.79099437,23.79099437,TAKE_PROFIT
SL7_TP15,LINK/USDT,2026-08-14T17:00:00+00:00,2026-08-15T17:00:00+00:00,8.92,9.556,90.00000000,95.00000000,100.00000000,0.10000000,0.10713004,7.13004484,6.92291480,6.92291480,24H
SL7_TP15,XPL/USDT,2026-08-14T18:00:00+00:00,2026-08-15T18:00:00+00:00,0.07668,0.07679,84.00000000,84.00000000,100.00000000,0.10000000,0.10014345,0.14345331,-0.05669014,-0.05669014,24H
SL7_TP15,ONG/USDT,2026-08-14T20:00:00+00:00,2026-08-15T20:00:00+00:00,0.04511,0.0488,80.00000000,72.00000000,100.00000000,0.10000000,0.10818000,8.18000443,7.97182443,7.97182443,24H
SL7_TP15,CHIP/USDT,2026-08-15T02:00:00+00:00,2026-08-15T21:00:00+00:00,0.02351,0.02714,83.00000000,82.00000000,100.00000000,0.10000000,0.11544024,15.44023820,15.22479796,15.22479796,TAKE_PROFIT
SL7_TP15,RED/USDT,2026-08-15T18:00:00+00:00,2026-08-15T21:00:00+00:00,0.0911,0.1067,90.00000000,100.00000000,100.00000000,0.10000000,0.11712404,17.12403952,16.90691548,16.90691548,TAKE_PROFIT
SL7_TP15,PLUME/USDT,2026-08-15T01:00:00+00:00,2026-08-16T01:00:00+00:00,0.0127,0.01297,89.00000000,88.00000000,100.00000000,0.10000000,0.10212598,2.12598425,1.92385827,1.92385827,24H
SL7_TP15,RE/USDT,2026-08-15T01:00:00+00:00,2026-08-16T01:00:00+00:00,0.4662,0.4609,89.00000000,88.00000000,100.00000000,0.10000000,0.09886315,-1.13685114,-1.33571429,-1.33571429,24H
SL7_TP15,HEMI/USDT,2026-08-15T14:00:00+00:00,2026-08-16T03:00:00+00:00,0.00661,0.00782,90.00000000,92.00000000,100.00000000,0.10000000,0.11830560,18.30559758,18.08729198,18.08729198,TAKE_PROFIT
SL7_TP15,AVAX/USDT,2026-08-15T04:00:00+00:00,2026-08-16T04:00:00+00:00,6.723,6.343,87.00000000,92.00000000,100.00000000,0.10000000,0.09434776,-5.65223858,-5.84658635,-5.84658635,24H
SL7_TP15,USDE/USDT,2026-08-15T07:00:00+00:00,2026-08-16T07:00:00+00:00,1.001,1.0009,87.00000000,87.00000000,100.00000000,0.10000000,0.09999001,-0.00999001,-0.20998002,-0.20998002,24H
SL7_TP15,HEMI/USDT,2026-08-16T03:00:00+00:00,2026-08-16T11:00:00+00:00,0.00782,0.00666,92.00000000,89.00000000,100.00000000,0.10000000,0.08516624,-14.83375959,-15.01892583,-15.01892583,STOP_LOSS
SL7_TP15,OPN/USDT,2026-08-15T13:00:00+00:00,2026-08-16T13:00:00+00:00,0.0498,0.0528,89.00000000,89.00000000,100.00000000,0.10000000,0.10602410,6.02409639,5.81807229,5.81807229,24H
SL7_TP15,GPS/USDT,2026-08-16T04:00:00+00:00,2026-08-16T14:00:00+00:00,0.01072,0.00987,93.00000000,98.00000000,100.00000000,0.10000000,0.09207090,-7.92910448,-8.12117537,-8.12117537,STOP_LOSS
SL7_TP15,WLD/USDT,2026-08-15T17:00:00+00:00,2026-08-16T17:00:00+00:00,0.3497,0.3621,93.00000000,98.00000000,100.00000000,0.10000000,0.10354590,3.54589648,3.34235059,3.34235059,24H
SL7_TP15,ALPINE/USDT,2026-08-15T20:00:00+00:00,2026-08-16T20:00:00+00:00,0.32,0.317,89.00000000,89.00000000,100.00000000,0.10000000,0.09906250,-0.93750000,-1.13656250,-1.13656250,24H
SL7_TP15,RE/USDT,2026-08-16T01:00:00+00:00,2026-08-16T20:00:00+00:00,0.4609,0.4256,84.00000000,83.00000000,100.00000000,0.10000000,0.09234107,-7.65892818,-7.85126926,-7.85126926,STOP_LOSS
SL7_TP15,EWYB/USDT,2026-08-15T21:00:00+00:00,2026-08-16T21:00:00+00:00,180.21,180.77,87.00000000,87.00000000,100.00000000,0.10000000,0.10031075,0.31074857,0.11043782,0.11043782,24H
SL7_TP15,ONG/USDT,2026-08-15T21:00:00+00:00,2026-08-16T21:00:00+00:00,0.04832,0.05291,84.00000000,84.00000000,100.00000000,0.10000000,0.10949917,9.49917219,9.28967301,9.28967301,24H
SL7_TP15,U/USDT,2026-08-16T01:00:00+00:00,2026-08-17T01:00:00+00:00,1.0005,1.0005,84.00000000,84.00000000,100.00000000,0.10000000,0.10000000,0.00000000,-0.20000000,-0.20000000,24H
SL7_TP15,GPS/USDT,2026-08-17T01:00:00+00:00,2026-08-17T03:00:00+00:00,0.01195,0.01394,95.00000000,100.00000000,100.00000000,0.10000000,0.11665272,16.65271967,16.43606695,16.43606695,TAKE_PROFIT
SL7_TP15,WLFI/USDT,2026-08-16T07:00:00+00:00,2026-08-17T07:00:00+00:00,0.0586,0.0608,90.00000000,95.00000000,100.00000000,0.10000000,0.10375427,3.75426621,3.55051195,3.55051195,24H
SL7_TP15,CHIP/USDT,2026-08-16T11:00:00+00:00,2026-08-17T11:00:00+00:00,0.02956,0.03132,90.00000000,92.00000000,100.00000000,0.10000000,0.10595399,5.95399188,5.74803789,5.74803789,24H
SL7_TP15,BEL/USDT,2026-08-16T13:00:00+00:00,2026-08-17T13:00:00+00:00,0.1085,0.1089,93.00000000,98.00000000,100.00000000,0.10000000,0.10036866,0.36866359,0.16829493,0.16829493,24H
SL7_TP15,PLUME/USDT,2026-08-16T14:00:00+00:00,2026-08-17T14:00:00+00:00,0.01333,0.01242,90.00000000,95.00000000,100.00000000,0.10000000,0.09317329,-6.82670668,-7.01987997,-7.01987997,24H
SL7_TP15,ACE/USDT,2026-08-17T11:00:00+00:00,2026-08-17T15:00:00+00:00,0.1908,0.1774,85.00000000,79.00000000,100.00000000,0.10000000,0.09297694,-7.02306080,-7.21603774,-7.21603774,STOP_LOSS
SL7_TP15,WLD/USDT,2026-08-16T17:00:00+00:00,2026-08-17T17:00:00+00:00,0.3621,0.3549,95.00000000,100.00000000,100.00000000,0.10000000,0.09801160,-1.98840099,-2.18641259,-2.18641259,24H
SL7_TP15,PORTAL/USDT,2026-08-16T20:00:00+00:00,2026-08-17T17:00:00+00:00,0.01665,0.01548,84.00000000,80.00000000,100.00000000,0.10000000,0.09297297,-7.02702703,-7.22000000,-7.22000000,STOP_LOSS
SL7_TP15,LINK/USDT,2026-08-16T20:00:00+00:00,2026-08-17T20:00:00+00:00,9.444,9.511,79.00000000,74.00000000,100.00000000,0.10000000,0.10070945,0.70944515,0.50873571,0.50873571,24H
SL7_TP15,RARE/USDT,2026-08-16T21:00:00+00:00,2026-08-17T21:00:00+00:00,0.01217,0.01231,87.00000000,87.00000000,100.00000000,0.10000000,0.10115037,1.15036976,0.94921939,0.94921939,24H
SL7_TP15,MUBARAK/USDT,2026-08-16T21:00:00+00:00,2026-08-17T21:00:00+00:00,0.01682,0.01661,76.00000000,71.00000000,100.00000000,0.10000000,0.09875149,-1.24851367,-1.44726516,-1.44726516,24H
SL7_TP15,EDEN/USDT,2026-08-17T17:00:00+00:00,2026-08-17T21:00:00+00:00,0.05075,0.04702,89.00000000,88.00000000,100.00000000,0.10000000,0.09265025,-7.34975369,-7.54240394,-7.54240394,STOP_LOSS
SL7_TP15,PUMP/USDT,2026-08-17T07:00:00+00:00,2026-08-17T22:00:00+00:00,0.002958,0.002735,90.00000000,100.00000000,100.00000000,0.10000000,0.09246112,-7.53887762,-7.73133874,-7.73133874,STOP_LOSS
SL7_TP15,SNXXB/USDT,2026-08-17T22:00:00+00:00,2026-08-18T01:00:00+00:00,19.6,18.22,89.00000000,88.00000000,100.00000000,0.10000000,0.09295918,-7.04081633,-7.23377551,-7.23377551,STOP_LOSS
SL7_TP15,KORUB/USDT,2026-08-17T03:00:00+00:00,2026-08-18T03:00:00+00:00,22.59,21.45,90.00000000,100.00000000,100.00000000,0.10000000,0.09495352,-5.04648074,-5.24143426,-5.24143426,24H
SL7_TP15,BMT/USDT,2026-08-17T17:00:00+00:00,2026-08-18T04:00:00+00:00,0.01665,0.01539,89.00000000,89.00000000,100.00000000,0.10000000,0.09243243,-7.56756757,-7.76000000,-7.76000000,STOP_LOSS
SL7_TP15,OPN/USDT,2026-08-17T20:00:00+00:00,2026-08-18T11:00:00+00:00,0.0527,0.0608,84.00000000,84.00000000,100.00000000,0.10000000,0.11537002,15.37001898,15.15464896,15.15464896,TAKE_PROFIT
SL7_TP15,CRCLB/USDT,2026-08-17T13:00:00+00:00,2026-08-18T13:00:00+00:00,74.22,72.38,90.00000000,100.00000000,100.00000000,0.10000000,0.09752088,-2.47911614,-2.67663703,-2.67663703,24H
SL7_TP15,HEMI/USDT,2026-08-17T14:00:00+00:00,2026-08-18T14:00:00+00:00,0.00692,0.00646,95.00000000,100.00000000,100.00000000,0.10000000,0.09335260,-6.64739884,-6.84075145,-6.84075145,24H
SL7_TP15,SNDKB/USDT,2026-08-17T15:00:00+00:00,2026-08-18T14:00:00+00:00,1784.63,1623.12,92.00000000,97.00000000,100.00000000,0.10000000,0.09094994,-9.05005519,-9.24100514,-9.24100514,STOP_LOSS
SL7_TP15,RED/USDT,2026-08-18T11:00:00+00:00,2026-08-18T15:00:00+00:00,0.0993,0.0921,89.00000000,80.00000000,100.00000000,0.10000000,0.09274924,-7.25075529,-7.44350453,-7.44350453,STOP_LOSS
SL7_TP15,AAVE/USDT,2026-08-17T21:00:00+00:00,2026-08-18T21:00:00+00:00,89.04,88.29,79.00000000,79.00000000,100.00000000,0.10000000,0.09915768,-0.84231806,-1.04147574,-1.04147574,24H
SL7_TP15,ALLO/USDT,2026-08-17T21:00:00+00:00,2026-08-18T21:00:00+00:00,0.2909,0.2978,78.00000000,73.00000000,100.00000000,0.10000000,0.10237195,2.37194912,2.16957717,2.16957717,24H
SL7_TP15,POL/USDT,2026-08-17T21:00:00+00:00,2026-08-18T21:00:00+00:00,0.07997,0.0818,78.00000000,65.00000000,100.00000000,0.10000000,0.10228836,2.28835813,2.08606978,2.08606978,24H
SL7_TP15,ONG/USDT,2026-08-18T01:00:00+00:00,2026-08-19T01:00:00+00:00,0.05805,0.05794,95.00000000,100.00000000,100.00000000,0.10000000,0.09981051,-0.18949182,-0.38930233,-0.38930233,24H
SL7_TP15,EDEN/USDT,2026-08-18T03:00:00+00:00,2026-08-19T03:00:00+00:00,0.05122,0.05248,89.00000000,88.00000000,100.00000000,0.10000000,0.10245998,2.45997657,2.25751660,2.25751660,24H
SL7_TP15,FDUSD/USDT,2026-08-18T04:00:00+00:00,2026-08-19T04:00:00+00:00,0.998,0.9979,78.00000000,73.00000000,100.00000000,0.10000000,0.09998998,-0.01002004,-0.21001002,-0.21001002,24H
SL7_TP15,HEMI/USDT,2026-08-18T21:00:00+00:00,2026-08-19T05:00:00+00:00,0.00692,0.00832,84.00000000,84.00000000,100.00000000,0.10000000,0.12023121,20.23121387,20.01098266,20.01098266,TAKE_PROFIT
SL7_TP15,ACE/USDT,2026-08-18T13:00:00+00:00,2026-08-19T12:00:00+00:00,0.2238,0.2061,90.00000000,92.00000000,100.00000000,0.10000000,0.09209115,-7.90884718,-8.10093834,-8.10093834,STOP_LOSS
SL7_TP15,SOL/USDT,2026-08-18T14:00:00+00:00,2026-08-19T14:00:00+00:00,76.8,80.89,93.00000000,98.00000000,100.00000000,0.10000000,0.10532552,5.32552083,5.12019531,5.12019531,24H
SL7_TP15,BTC/USDT,2026-08-18T14:00:00+00:00,2026-08-19T14:00:00+00:00,64714.16,65923.21,90.00000000,95.00000000,100.00000000,0.10000000,0.10186829,1.86829281,1.66642452,1.66642452,24H
SL7_TP15,MUBARAK/USDT,2026-08-19T01:00:00+00:00,2026-08-19T14:00:00+00:00,0.0173,0.02001,80.00000000,72.00000000,100.00000000,0.10000000,0.11566474,15.66473988,15.44907514,15.44907514,TAKE_PROFIT
SL7_TP15,TREE/USDT,2026-08-19T12:00:00+00:00,2026-08-19T14:00:00+00:00,0.0343,0.0406,95.00000000,100.00000000,100.00000000,0.10000000,0.11836735,18.36734694,18.14897959,18.14897959,TAKE_PROFIT
SL7_TP15,ETH/USDT,2026-08-18T15:00:00+00:00,2026-08-19T15:00:00+00:00,1917.7,2085.83,90.00000000,95.00000000,100.00000000,0.10000000,0.10876727,8.76727330,8.55850602,8.55850602,24H
SL7_TP15,EDEN/USDT,2026-08-19T14:00:00+00:00,2026-08-19T15:00:00+00:00,0.05968,0.05515,95.00000000,100.00000000,100.00000000,0.10000000,0.09240952,-7.59048257,-7.78289209,-7.78289209,STOP_LOSS
SL7_TP15,PUMP/USDT,2026-08-18T21:00:00+00:00,2026-08-19T21:00:00+00:00,0.002972,0.003126,90.00000000,100.00000000,100.00000000,0.10000000,0.10518170,5.18169583,4.97651413,4.97651413,24H
SL7_TP15,LINK/USDT,2026-08-18T21:00:00+00:00,2026-08-19T21:00:00+00:00,9.504,10.741,81.00000000,80.00000000,100.00000000,0.10000000,0.11301557,13.01557239,12.80255682,12.80255682,24H
SL7_TP15,ARB/USDT,2026-08-19T04:00:00+00:00,2026-08-19T21:00:00+00:00,0.0757,0.0891,84.00000000,84.00000000,100.00000000,0.10000000,0.11770145,17.70145310,17.48375165,17.48375165,TAKE_PROFIT
SL7_TP15,TRUMP/USDT,2026-08-19T14:00:00+00:00,2026-08-19T21:00:00+00:00,1.424,1.699,84.00000000,84.00000000,100.00000000,0.10000000,0.11931180,19.31179775,19.09248596,19.09248596,TAKE_PROFIT
SL7_TP15,ONG/USDT,2026-08-19T03:00:00+00:00,2026-08-20T20:00:00+00:00,0.05848,0.17155,84.00000000,84.00000000,100.00000000,0.10000000,0.29334815,193.34815321,192.95480506,192.95480506,TAKE_PROFIT
SL7_TP15,ARB/USDT,2026-08-19T21:00:00+00:00,2026-08-20T21:00:00+00:00,0.0891,0.09,78.00000000,83.00000000,100.00000000,0.10000000,0.10101010,1.01010101,0.80909091,0.80909091,24H
SL7_TP15,DOGE/USDT,2026-08-21T00:00:00+00:00,2026-08-21T22:00:00+00:00,0.0813,0.09416,70.00000000,65.00000000,100.00000000,0.10000000,0.11581796,15.81795818,15.60214022,15.60214022,TAKE_PROFIT
SL7_TP15,TAO/USDT,2026-08-20T23:00:00+00:00,2026-08-21T23:00:00+00:00,214.9,229.9,72.00000000,67.00000000,100.00000000,0.10000000,0.10697999,6.97999069,6.77301070,6.77301070,24H
MAX5_SL5TP10,ACE/USDT,2026-07-18T15:00:00+00:00,2026-07-18T18:00:00+00:00,0.0729,0.0686,70.00000000,70.00000000,100.00000000,0.10000000,0.09410151,-5.89849108,-6.09259259,-6.09259259,STOP_LOSS
MAX5_SL5TP10,DEXE/USDT,2026-07-18T13:00:00+00:00,2026-07-19T06:00:00+00:00,36.519,34.466,75.00000000,70.00000000,100.00000000,0.10000000,0.09437827,-5.62173115,-5.81610942,-5.81610942,STOP_LOSS
MAX5_SL5TP10,CHIP/USDT,2026-07-18T13:00:00+00:00,2026-07-19T13:00:00+00:00,0.03159,0.03049,75.00000000,70.00000000,100.00000000,0.10000000,0.09651789,-3.48211459,-3.67863248,-3.67863248,24H
MAX5_SL5TP10,ONG/USDT,2026-07-18T13:00:00+00:00,2026-07-19T13:00:00+00:00,0.0472,0.0474,70.00000000,65.00000000,100.00000000,0.10000000,0.10042373,0.42372881,0.22330508,0.22330508,24H
MAX5_SL5TP10,ALLO/USDT,2026-07-18T14:00:00+00:00,2026-07-19T14:00:00+00:00,0.4592,0.4639,72.00000000,67.00000000,100.00000000,0.10000000,0.10102352,1.02351916,0.82249564,0.82249564,24H
MAX5_SL5TP10,ETH/USDT,2026-07-18T18:00:00+00:00,2026-07-19T18:00:00+00:00,1857.54,1861.12,70.00000000,65.00000000,100.00000000,0.10000000,0.10019273,0.19272802,-0.00746471,-0.00746471,24H
MAX5_SL5TP10,ACE/USDT,2026-07-19T20:00:00+00:00,2026-07-19T22:00:00+00:00,0.0712,0.0957,70.00000000,70.00000000,100.00000000,0.10000000,0.13441011,34.41011236,34.17570225,34.17570225,TAKE_PROFIT
MAX5_SL5TP10,PEPE/USDT,2026-07-19T06:00:00+00:00,2026-07-20T06:00:00+00:00,2.8e-06,2.82e-06,73.00000000,68.00000000,100.00000000,0.10000000,0.10071429,0.71428571,0.51357143,0.51357143,24H
MAX5_SL5TP10,HEMI/USDT,2026-07-19T13:00:00+00:00,2026-07-20T08:00:00+00:00,0.00457,0.00505,75.00000000,70.00000000,100.00000000,0.10000000,0.11050328,10.50328228,10.29277899,10.29277899,TAKE_PROFIT
MAX5_SL5TP10,LTC/USDT,2026-07-19T13:00:00+00:00,2026-07-20T13:00:00+00:00,47.36,46.69,73.00000000,68.00000000,100.00000000,0.10000000,0.09858530,-1.41469595,-1.61328125,-1.61328125,24H
MAX5_SL5TP10,GPS/USDT,2026-07-19T14:00:00+00:00,2026-07-20T14:00:00+00:00,0.00908,0.00905,70.00000000,65.00000000,100.00000000,0.10000000,0.09966960,-0.33039648,-0.53006608,-0.53006608,24H
MAX5_SL5TP10,EWYB/USDT,2026-07-19T22:00:00+00:00,2026-07-20T22:00:00+00:00,166.67,163.53,75.00000000,70.00000000,100.00000000,0.10000000,0.09811604,-1.88396232,-2.08207836,-2.08207836,24H
MAX5_SL5TP10,TUT/USDT,2026-07-20T06:00:00+00:00,2026-07-21T00:00:00+00:00,0.01337,0.01477,70.00000000,65.00000000,100.00000000,0.10000000,0.11047120,10.47120419,10.26073298,10.26073298,TAKE_PROFIT
MAX5_SL5TP10,HEMI/USDT,2026-07-20T22:00:00+00:00,2026-07-21T01:00:00+00:00,0.00686,0.00643,72.00000000,59.00000000,100.00000000,0.10000000,0.09373178,-6.26822157,-6.46195335,-6.46195335,STOP_LOSS
MAX5_SL5TP10,DEXE/USDT,2026-07-21T00:00:00+00:00,2026-07-21T02:00:00+00:00,37.721,34.091,75.00000000,70.00000000,100.00000000,0.10000000,0.09037671,-9.62328676,-9.81366348,-9.81366348,STOP_LOSS
MAX5_SL5TP10,MUB/USDT,2026-07-20T08:00:00+00:00,2026-07-21T08:00:00+00:00,873.05,918.16,70.00000000,65.00000000,100.00000000,0.10000000,0.10516694,5.16694347,4.96177653,4.96177653,24H
MAX5_SL5TP10,NEAR/USDT,2026-07-20T13:00:00+00:00,2026-07-21T13:00:00+00:00,1.965,1.988,73.00000000,68.00000000,100.00000000,0.10000000,0.10117048,1.17048346,0.96931298,0.96931298,24H
MAX5_SL5TP10,CRCLB/USDT,2026-07-20T14:00:00+00:00,2026-07-21T13:00:00+00:00,63.12,70.14,70.00000000,70.00000000,100.00000000,0.10000000,0.11112167,11.12167300,10.91055133,10.91055133,TAKE_PROFIT
MAX5_SL5TP10,RED/USDT,2026-07-21T01:00:00+00:00,2026-07-22T01:00:00+00:00,0.1032,0.1011,75.00000000,70.00000000,100.00000000,0.10000000,0.09796512,-2.03488372,-2.23284884,-2.23284884,24H
MAX5_SL5TP10,EWYB/USDT,2026-07-21T02:00:00+00:00,2026-07-22T02:00:00+00:00,167.22,174.49,75.00000000,70.00000000,100.00000000,0.10000000,0.10434757,4.34756608,4.14321851,4.14321851,24H
MAX5_SL5TP10,GIGGLE/USDT,2026-07-21T08:00:00+00:00,2026-07-22T08:00:00+00:00,26.98,26.53,75.00000000,70.00000000,100.00000000,0.10000000,0.09833210,-1.66790215,-1.86623425,-1.86623425,24H
MAX5_SL5TP10,ALLO/USDT,2026-07-21T13:00:00+00:00,2026-07-22T13:00:00+00:00,0.4991,0.5038,75.00000000,70.00000000,100.00000000,0.10000000,0.10094170,0.94169505,0.74075336,0.74075336,24H
MAX5_SL5TP10,SKHYB/USDT,2026-07-21T13:00:00+00:00,2026-07-22T13:00:00+00:00,163.9,168.61,73.00000000,68.00000000,100.00000000,0.10000000,0.10287370,2.87370348,2.67082977,2.67082977,24H
MAX5_SL5TP10,CHIP/USDT,2026-07-22T02:00:00+00:00,2026-07-23T02:00:00+00:00,0.0306,0.03026,70.00000000,65.00000000,100.00000000,0.10000000,0.09888889,-1.11111111,-1.31000000,-1.31000000,24H
MAX5_SL5TP10,BICO/USDT,2026-07-22T03:00:00+00:00,2026-07-23T03:00:00+00:00,0.01388,0.01377,73.00000000,68.00000000,100.00000000,0.10000000,0.09920749,-0.79250720,-0.99171470,-0.99171470,24H
MAX5_SL5TP10,ENA/USDT,2026-07-22T08:00:00+00:00,2026-07-23T08:00:00+00:00,0.0882,0.0919,70.00000000,65.00000000,100.00000000,0.10000000,0.10419501,4.19501134,3.99081633,3.99081633,24H
MAX5_SL5TP10,AAVE/USDT,2026-07-22T13:00:00+00:00,2026-07-23T13:00:00+00:00,97.91,96.11,75.00000000,70.00000000,100.00000000,0.10000000,0.09816158,-1.83842304,-2.03658462,-2.03658462,24H
MAX5_SL5TP10,MUB/USDT,2026-07-22T13:00:00+00:00,2026-07-23T13:00:00+00:00,972.31,977.98,75.00000000,70.00000000,100.00000000,0.10000000,0.10058315,0.58314735,0.38256420,0.38256420,24H
MAX5_SL5TP10,OPN/USDT,2026-07-23T08:00:00+00:00,2026-07-23T13:00:00+00:00,0.072,0.0683,75.00000000,70.00000000,100.00000000,0.10000000,0.09486111,-5.13888889,-5.33375000,-5.33375000,STOP_LOSS
MAX5_SL5TP10,RE/USDT,2026-07-23T16:00:00+00:00,2026-07-24T00:00:00+00:00,0.5261,0.5822,70.00000000,70.00000000,100.00000000,0.10000000,0.11066337,10.66337198,10.45270861,10.45270861,TAKE_PROFIT
MAX5_SL5TP10,SNDKB/USDT,2026-07-23T16:00:00+00:00,2026-07-24T02:00:00+00:00,1667.76,1576.22,72.00000000,67.00000000,100.00000000,0.10000000,0.09451120,-5.48879935,-5.68331055,-5.68331055,STOP_LOSS
MAX5_SL5TP10,GRAM/USDT,2026-07-23T03:00:00+00:00,2026-07-24T03:00:00+00:00,1.516,1.455,73.00000000,68.00000000,100.00000000,0.10000000,0.09597625,-4.02374670,-4.21972296,-4.21972296,24H
MAX5_SL5TP10,BMT/USDT,2026-07-23T05:00:00+00:00,2026-07-24T05:00:00+00:00,0.01262,0.01228,70.00000000,70.00000000,100.00000000,0.10000000,0.09730586,-2.69413629,-2.89144216,-2.89144216,24H
MAX5_SL5TP10,OPN/USDT,2026-07-24T05:00:00+00:00,2026-07-24T08:00:00+00:00,0.0694,0.0627,75.00000000,70.00000000,100.00000000,0.10000000,0.09034582,-9.65417867,-9.84452450,-9.84452450,STOP_LOSS
MAX5_SL5TP10,KAITO/USDT,2026-07-24T10:00:00+00:00,2026-07-24T12:00:00+00:00,1.0396,0.9876,73.00000000,68.00000000,100.00000000,0.10000000,0.09499808,-5.00192382,-5.19692189,-5.19692189,STOP_LOSS
MAX5_SL5TP10,PLUME/USDT,2026-07-23T13:00:00+00:00,2026-07-24T13:00:00+00:00,0.01146,0.01114,73.00000000,68.00000000,100.00000000,0.10000000,0.09720768,-2.79232112,-2.98952880,-2.98952880,24H
MAX5_SL5TP10,HEI/USDT,2026-07-24T04:00:00+00:00,2026-07-24T17:00:00+00:00,0.1056,0.0995,72.00000000,67.00000000,100.00000000,0.10000000,0.09422348,-5.77651515,-5.97073864,-5.97073864,STOP_LOSS
MAX5_SL5TP10,HOME/USDT,2026-07-24T14:00:00+00:00,2026-07-24T18:00:00+00:00,0.00689,0.00654,72.00000000,67.00000000,100.00000000,0.10000000,0.09492017,-5.07982583,-5.27474601,-5.27474601,STOP_LOSS
MAX5_SL5TP10,XPL/USDT,2026-07-24T17:00:00+00:00,2026-07-25T03:00:00+00:00,0.08689,0.08214,75.00000000,70.00000000,100.00000000,0.10000000,0.09453332,-5.46668201,-5.66121533,-5.66121533,STOP_LOSS
MAX5_SL5TP10,UNI/USDT,2026-07-24T05:00:00+00:00,2026-07-25T05:00:00+00:00,3.833,3.687,70.00000000,65.00000000,100.00000000,0.10000000,0.09619097,-3.80902687,-4.00521785,-4.00521785,24H
MAX5_SL5TP10,HEMI/USDT,2026-07-24T19:00:00+00:00,2026-07-25T06:00:00+00:00,0.00532,0.00505,75.00000000,70.00000000,100.00000000,0.10000000,0.09492481,-5.07518797,-5.27011278,-5.27011278,STOP_LOSS
MAX5_SL5TP10,RE/USDT,2026-07-25T07:00:00+00:00,2026-07-25T09:00:00+00:00,0.6078,0.5587,75.00000000,70.00000000,100.00000000,0.10000000,0.09192168,-8.07831524,-8.27023692,-8.27023692,STOP_LOSS
MAX5_SL5TP10,GPS/USDT,2026-07-24T10:00:00+00:00,2026-07-25T10:00:00+00:00,0.00923,0.00958,70.00000000,65.00000000,100.00000000,0.10000000,0.10379198,3.79198267,3.58819068,3.58819068,24H
MAX5_SL5TP10,PLUME/USDT,2026-07-24T14:00:00+00:00,2026-07-25T14:00:00+00:00,0.01141,0.01178,73.00000000,68.00000000,100.00000000,0.10000000,0.10324277,3.24276950,3.03952673,3.03952673,24H
MAX5_SL5TP10,TUT/USDT,2026-07-25T09:00:00+00:00,2026-07-26T09:00:00+00:00,0.01513,0.01571,73.00000000,68.00000000,100.00000000,0.10000000,0.10383344,3.83344349,3.62961005,3.62961005,24H
MAX5_SL5TP10,ALPINE/USDT,2026-07-25T13:00:00+00:00,2026-07-26T13:00:00+00:00,0.314,0.315,75.00000000,70.00000000,100.00000000,0.10000000,0.10031847,0.31847134,0.11815287,0.11815287,24H
MAX5_SL5TP10,PLUME/USDT,2026-07-25T15:00:00+00:00,2026-07-26T15:00:00+00:00,0.01177,0.01236,70.00000000,65.00000000,100.00000000,0.10000000,0.10501274,5.01274427,4.80773152,4.80773152,24H
MAX5_SL5TP10,TRX/USDT,2026-07-25T16:00:00+00:00,2026-07-26T16:00:00+00:00,0.3321,0.333,70.00000000,65.00000000,100.00000000,0.10000000,0.10027100,0.27100271,0.07073171,0.07073171,24H
MAX5_SL5TP10,MUBARAK/USDT,2026-07-25T19:00:00+00:00,2026-07-26T19:00:00+00:00,0.01076,0.0108,70.00000000,65.00000000,100.00000000,0.10000000,0.10037175,0.37174721,0.17137546,0.17137546,24H
MAX5_SL5TP10,RARE/USDT,2026-07-26T09:00:00+00:00,2026-07-27T09:00:00+00:00,0.01279,0.01259,70.00000000,65.00000000,100.00000000,0.10000000,0.09843628,-1.56372166,-1.76215794,-1.76215794,24H
MAX5_SL5TP10,LINK/USDT,2026-07-26T13:00:00+00:00,2026-07-27T13:00:00+00:00,8.458,8.772,70.00000000,65.00000000,100.00000000,0.10000000,0.10371246,3.71246157,3.50874911,3.50874911,24H
MAX5_SL5TP10,EDEN/USDT,2026-07-27T09:00:00+00:00,2026-07-27T15:00:00+00:00,0.04471,0.04217,90.00000000,100.00000000,100.00000000,0.10000000,0.09431894,-5.68105569,-5.87537464,-5.87537464,STOP_LOSS
MAX5_SL5TP10,ONDO/USDT,2026-07-26T16:00:00+00:00,2026-07-27T16:00:00+00:00,0.4062,0.4094,90.00000000,100.00000000,100.00000000,0.10000000,0.10078779,0.78778927,0.58700148,0.58700148,24H
MAX5_SL5TP10,USDE/USDT,2026-07-26T16:00:00+00:00,2026-07-27T16:00:00+00:00,1.0009,1.0009,87.00000000,87.00000000,100.00000000,0.10000000,0.10000000,0.00000000,-0.20000000,-0.20000000,24H
MAX5_SL5TP10,ENA/USDT,2026-07-27T13:00:00+00:00,2026-07-27T18:00:00+00:00,0.0923,0.0876,95.00000000,100.00000000,100.00000000,0.10000000,0.09490791,-5.09209101,-5.28699892,-5.28699892,STOP_LOSS
MAX5_SL5TP10,USDC/USDT,2026-07-26T19:00:00+00:00,2026-07-27T19:00:00+00:00,1.00087,1.00084,87.00000000,87.00000000,100.00000000,0.10000000,0.09999700,-0.00299739,-0.20299439,-0.20299439,24H
MAX5_SL5TP10,KAITO/USDT,2026-07-27T15:00:00+00:00,2026-07-27T22:00:00+00:00,1.21,1.3423,84.00000000,84.00000000,100.00000000,0.10000000,0.11093388,10.93388430,10.72295041,10.72295041,TAKE_PROFIT
MAX5_SL5TP10,PUMP/USDT,2026-07-27T19:00:00+00:00,2026-07-28T04:00:00+00:00,0.002128,0.002021,87.00000000,86.00000000,100.00000000,0.10000000,0.09497180,-5.02819549,-5.22316729,-5.22316729,STOP_LOSS
MAX5_SL5TP10,TREE/USDT,2026-07-27T18:00:00+00:00,2026-07-28T09:00:00+00:00,0.0398,0.0376,92.00000000,97.00000000,100.00000000,0.10000000,0.09447236,-5.52763819,-5.72211055,-5.72211055,STOP_LOSS
MAX5_SL5TP10,RLUSD/USDT,2026-07-27T16:00:00+00:00,2026-07-28T16:00:00+00:00,1.0013,1.0011,87.00000000,87.00000000,100.00000000,0.10000000,0.09998003,-0.01997403,-0.21995406,-0.21995406,24H
MAX5_SL5TP10,MSTRB/USDT,2026-07-27T16:00:00+00:00,2026-07-28T16:00:00+00:00,97.4,98.12,81.00000000,86.00000000,100.00000000,0.10000000,0.10073922,0.73921971,0.53848049,0.53848049,24H
MAX5_SL5TP10,USD1/USDT,2026-07-27T22:00:00+00:00,2026-07-28T22:00:00+00:00,0.99985,0.99968,84.00000000,84.00000000,100.00000000,0.10000000,0.09998300,-0.01700255,-0.21698555,-0.21698555,24H
MAX5_SL5TP10,FDUSD/USDT,2026-07-28T04:00:00+00:00,2026-07-29T04:00:00+00:00,0.9993,0.9983,87.00000000,87.00000000,100.00000000,0.10000000,0.09989993,-0.10007005,-0.29996998,-0.29996998,24H
MAX5_SL5TP10,GPS/USDT,2026-07-28T09:00:00+00:00,2026-07-29T09:00:00+00:00,0.00949,0.00963,92.00000000,97.00000000,100.00000000,0.10000000,0.10147524,1.47523709,1.27376185,1.27376185,24H
MAX5_SL5TP10,AAVE/USDT,2026-07-28T16:00:00+00:00,2026-07-29T16:00:00+00:00,101.26,98.73,95.00000000,100.00000000,100.00000000,0.10000000,0.09750148,-2.49851866,-2.69602015,-2.69602015,24H
MAX5_SL5TP10,ONDO/USDT,2026-07-28T16:00:00+00:00,2026-07-29T16:00:00+00:00,0.4088,0.3937,89.00000000,88.00000000,100.00000000,0.10000000,0.09630626,-3.69373777,-3.89004403,-3.89004403,24H
MAX5_SL5TP10,USDC/USDT,2026-07-28T22:00:00+00:00,2026-07-29T22:00:00+00:00,1.00102,1.00099,81.00000000,80.00000000,100.00000000,0.10000000,0.09999700,-0.00299694,-0.20299395,-0.20299395,24H
MAX5_SL5TP10,KAITO/USDT,2026-07-29T04:00:00+00:00,2026-07-30T03:00:00+00:00,1.264,1.1818,89.00000000,88.00000000,100.00000000,0.10000000,0.09349684,-6.50316456,-6.69666139,-6.69666139,STOP_LOSS
MAX5_SL5TP10,UNI/USDT,2026-07-29T09:00:00+00:00,2026-07-30T09:00:00+00:00,3.975,4.03,95.00000000,100.00000000,100.00000000,0.10000000,0.10138365,1.38364780,1.18226415,1.18226415,24H
MAX5_SL5TP10,U/USDT,2026-07-29T16:00:00+00:00,2026-07-30T16:00:00+00:00,1.0009,1.0007,87.00000000,87.00000000,100.00000000,0.10000000,0.09998002,-0.01998202,-0.21996203,-0.21996203,24H
MAX5_SL5TP10,RLUSD/USDT,2026-07-29T16:00:00+00:00,2026-07-30T16:00:00+00:00,1.0014,1.001,81.00000000,80.00000000,100.00000000,0.10000000,0.09996006,-0.03994408,-0.23990413,-0.23990413,24H
MAX5_SL5TP10,GPS/USDT,2026-07-29T22:00:00+00:00,2026-07-30T22:00:00+00:00,0.00968,0.00967,79.00000000,74.00000000,100.00000000,0.10000000,0.09989669,-0.10330579,-0.30320248,-0.30320248,24H
MAX5_SL5TP10,ALPINE/USDT,2026-07-30T03:00:00+00:00,2026-07-31T03:00:00+00:00,0.32,0.314,93.00000000,98.00000000,100.00000000,0.10000000,0.09812500,-1.87500000,-2.07312500,-2.07312500,24H
MAX5_SL5TP10,ONDO/USDT,2026-07-30T09:00:00+00:00,2026-07-31T09:00:00+00:00,0.4209,0.4036,95.00000000,100.00000000,100.00000000,0.10000000,0.09588976,-4.11023996,-4.30612972,-4.30612972,24H
MAX5_SL5TP10,AAVE/USDT,2026-07-30T16:00:00+00:00,2026-07-31T16:00:00+00:00,100.23,96.59,90.00000000,95.00000000,100.00000000,0.10000000,0.09636835,-3.63164721,-3.82801556,-3.82801556,24H
MAX5_SL5TP10,PAXG/USDT,2026-07-30T16:00:00+00:00,2026-07-31T16:00:00+00:00,4104.06,4043.63,87.00000000,87.00000000,100.00000000,0.10000000,0.09852756,-1.47244436,-1.67097192,-1.67097192,24H
MAX5_SL5TP10,MUBARAK/USDT,2026-07-31T16:00:00+00:00,2026-07-31T20:00:00+00:00,0.01371,0.01259,90.00000000,100.00000000,100.00000000,0.10000000,0.09183078,-8.16921955,-8.36105033,-8.36105033,STOP_LOSS
MAX5_SL5TP10,PUMP/USDT,2026-07-30T22:00:00+00:00,2026-07-31T22:00:00+00:00,0.001999,0.002031,87.00000000,86.00000000,100.00000000,0.10000000,0.10160080,1.60080040,1.39919960,1.39919960,24H
MAX5_SL5TP10,BEL/USDT,2026-07-31T03:00:00+00:00,2026-08-01T03:00:00+00:00,0.0969,0.0974,89.00000000,89.00000000,100.00000000,0.10000000,0.10051600,0.51599587,0.31547988,0.31547988,24H
MAX5_SL5TP10,UNI/USDT,2026-07-31T22:00:00+00:00,2026-08-01T07:00:00+00:00,4.334,4.099,82.00000000,82.00000000,100.00000000,0.10000000,0.09457776,-5.42224273,-5.61682049,-5.61682049,STOP_LOSS
MAX5_SL5TP10,ALPINE/USDT,2026-07-31T09:00:00+00:00,2026-08-01T09:00:00+00:00,0.318,0.321,90.00000000,95.00000000,100.00000000,0.10000000,0.10094340,0.94339623,0.74245283,0.74245283,24H
MAX5_SL5TP10,TUT/USDT,2026-07-31T16:00:00+00:00,2026-08-01T09:00:00+00:00,0.01572,0.0176,89.00000000,88.00000000,100.00000000,0.10000000,0.11195929,11.95928753,11.74732824,11.74732824,TAKE_PROFIT
MAX5_SL5TP10,GIGGLE/USDT,2026-08-01T07:00:00+00:00,2026-08-01T09:00:00+00:00,48.7,45.2,89.00000000,80.00000000,100.00000000,0.10000000,0.09281314,-7.18685832,-7.37967146,-7.37967146,STOP_LOSS
MAX5_SL5TP10,MUBARAK/USDT,2026-08-01T09:00:00+00:00,2026-08-01T19:00:00+00:00,0.01303,0.0121,81.00000000,80.00000000,100.00000000,0.10000000,0.09286262,-7.13737529,-7.33023791,-7.33023791,STOP_LOSS
MAX5_SL5TP10,EUR/USDT,2026-07-31T20:00:00+00:00,2026-08-01T20:00:00+00:00,1.1535,1.1531,84.00000000,84.00000000,100.00000000,0.10000000,0.09996532,-0.03467707,-0.23464239,-0.23464239,24H
MAX5_SL5TP10,HEI/USDT,2026-08-01T20:00:00+00:00,2026-08-01T21:00:00+00:00,0.094,0.0888,72.00000000,77.00000000,100.00000000,0.10000000,0.09446809,-5.53191489,-5.72638298,-5.72638298,STOP_LOSS
MAX5_SL5TP10,HOME/USDT,2026-08-01T09:00:00+00:00,2026-08-02T00:00:00+00:00,0.00591,0.00658,84.00000000,89.00000000,100.00000000,0.10000000,0.11133672,11.33671743,11.12538071,11.12538071,TAKE_PROFIT
MAX5_SL5TP10,HEI/USDT,2026-08-01T21:00:00+00:00,2026-08-02T01:00:00+00:00,0.0888,0.084,86.00000000,86.00000000,100.00000000,0.10000000,0.09459459,-5.40540541,-5.60000000,-5.60000000,STOP_LOSS
MAX5_SL5TP10,TAO/USDT,2026-08-01T03:00:00+00:00,2026-08-02T03:00:00+00:00,197.7,194.1,89.00000000,88.00000000,100.00000000,0.10000000,0.09817906,-1.82094082,-2.01911988,-2.01911988,24H
MAX5_SL5TP10,ADA/USDT,2026-08-01T09:00:00+00:00,2026-08-02T09:00:00+00:00,0.1721,0.1883,87.00000000,87.00000000,100.00000000,0.10000000,0.10941313,9.41313190,9.20371877,9.20371877,24H
MAX5_SL5TP10,PUMP/USDT,2026-08-02T01:00:00+00:00,2026-08-02T10:00:00+00:00,0.002265,0.002146,95.00000000,100.00000000,100.00000000,0.10000000,0.09474614,-5.25386313,-5.44860927,-5.44860927,STOP_LOSS
MAX5_SL5TP10,KAITO/USDT,2026-08-01T19:00:00+00:00,2026-08-02T13:00:00+00:00,1.2116,1.0894,89.00000000,88.00000000,100.00000000,0.10000000,0.08991416,-10.08583691,-10.27575107,-10.27575107,STOP_LOSS
MAX5_SL5TP10,HOME/USDT,2026-08-02T09:00:00+00:00,2026-08-02T14:00:00+00:00,0.00765,0.00849,95.00000000,92.00000000,100.00000000,0.10000000,0.11098039,10.98039216,10.76941176,10.76941176,TAKE_PROFIT
MAX5_SL5TP10,BICO/USDT,2026-08-02T10:00:00+00:00,2026-08-02T20:00:00+00:00,0.01201,0.01353,84.00000000,84.00000000,100.00000000,0.10000000,0.11265612,12.65611990,12.44346378,12.44346378,TAKE_PROFIT
MAX5_SL5TP10,ARB/USDT,2026-08-02T00:00:00+00:00,2026-08-03T00:00:00+00:00,0.0793,0.0812,87.00000000,87.00000000,100.00000000,0.10000000,0.10239596,2.39596469,2.19356873,2.19356873,24H
MAX5_SL5TP10,GIGGLE/USDT,2026-08-02T14:00:00+00:00,2026-08-03T01:00:00+00:00,43.8,39.9,89.00000000,80.00000000,100.00000000,0.10000000,0.09109589,-8.90410959,-9.09520548,-9.09520548,STOP_LOSS
MAX5_SL5TP10,EWYB/USDT,2026-08-02T03:00:00+00:00,2026-08-03T03:00:00+00:00,160.35,161.16,89.00000000,89.00000000,100.00000000,0.10000000,0.10050514,0.50514500,0.30463985,0.30463985,24H
MAX5_SL5TP10,TUT/USDT,2026-08-03T01:00:00+00:00,2026-08-03T07:00:00+00:00,0.01757,0.01954,93.00000000,98.00000000,100.00000000,0.10000000,0.11121229,11.21229368,11.00108139,11.00108139,TAKE_PROFIT
MAX5_SL5TP10,FIL/USDT,2026-08-02T13:00:00+00:00,2026-08-03T13:00:00+00:00,0.72,0.7249,84.00000000,84.00000000,100.00000000,0.10000000,0.10068056,0.68055556,0.47987500,0.47987500,24H
MAX5_SL5TP10,EUR/USDT,2026-08-02T20:00:00+00:00,2026-08-03T20:00:00+00:00,1.1551,1.1518,82.00000000,87.00000000,100.00000000,0.10000000,0.09971431,-0.28568955,-0.48540386,-0.48540386,24H
MAX5_SL5TP10,MUBARAK/USDT,2026-08-03T00:00:00+00:00,2026-08-04T00:00:00+00:00,0.0131,0.01287,92.00000000,97.00000000,100.00000000,0.10000000,0.09824427,-1.75572519,-1.95396947,-1.95396947,24H
MAX5_SL5TP10,USD1/USDT,2026-08-03T03:00:00+00:00,2026-08-04T03:00:00+00:00,1.00003,1.00004,84.00000000,84.00000000,100.00000000,0.10000000,0.10000100,0.00099997,-0.19900103,-0.19900103,24H
MAX5_SL5TP10,HOME/USDT,2026-08-04T00:00:00+00:00,2026-08-04T03:00:00+00:00,0.00794,0.00728,92.00000000,89.00000000,100.00000000,0.10000000,0.09168766,-8.31234257,-8.50403023,-8.50403023,STOP_LOSS
MAX5_SL5TP10,BMT/USDT,2026-08-03T07:00:00+00:00,2026-08-04T07:00:00+00:00,0.0119,0.01181,92.00000000,97.00000000,100.00000000,0.10000000,0.09924370,-0.75630252,-0.95554622,-0.95554622,24H
MAX5_SL5TP10,HOME/USDT,2026-08-04T07:00:00+00:00,2026-08-04T08:00:00+00:00,0.00949,0.00878,87.00000000,84.00000000,100.00000000,0.10000000,0.09251844,-7.48155954,-7.67407798,-7.67407798,STOP_LOSS
MAX5_SL5TP10,ADA/USDT,2026-08-03T13:00:00+00:00,2026-08-04T13:00:00+00:00,0.1946,0.1919,95.00000000,100.00000000,100.00000000,0.10000000,0.09861254,-1.38746146,-1.58607400,-1.58607400,24H
MAX5_SL5TP10,BICO/USDT,2026-08-04T08:00:00+00:00,2026-08-04T16:00:00+00:00,0.01799,0.02055,89.00000000,80.00000000,100.00000000,0.10000000,0.11423013,14.23012785,14.01589772,14.01589772,TAKE_PROFIT
MAX5_SL5TP10,SPCXB/USDT,2026-08-03T20:00:00+00:00,2026-08-04T20:00:00+00:00,114.51,117.5,83.00000000,82.00000000,100.00000000,0.10000000,0.10261113,2.61112567,2.40851454,2.40851454,24H
MAX5_SL5TP10,PUMP/USDT,2026-08-04T03:00:00+00:00,2026-08-04T20:00:00+00:00,0.002187,0.002522,84.00000000,84.00000000,100.00000000,0.10000000,0.11531779,15.31778692,15.10246914,15.10246914,TAKE_PROFIT
MAX5_SL5TP10,ARB/USDT,2026-08-04T03:00:00+00:00,2026-08-05T03:00:00+00:00,0.0831,0.0806,84.00000000,84.00000000,100.00000000,0.10000000,0.09699158,-3.00842359,-3.20541516,-3.20541516,24H
MAX5_SL5TP10,EWYB/USDT,2026-08-04T13:00:00+00:00,2026-08-05T13:00:00+00:00,168.08,171.47,95.00000000,100.00000000,100.00000000,0.10000000,0.10201690,2.01689672,1.81487982,1.81487982,24H
MAX5_SL5TP10,MUBARAK/USDT,2026-08-04T16:00:00+00:00,2026-08-05T16:00:00+00:00,0.01305,0.01317,95.00000000,100.00000000,100.00000000,0.10000000,0.10091954,0.91954023,0.71862069,0.71862069,24H
MAX5_SL5TP10,SNXXB/USDT,2026-08-05T16:00:00+00:00,2026-08-05T19:00:00+00:00,12.64,11.41,95.00000000,100.00000000,100.00000000,0.10000000,0.09026899,-9.73101266,-9.92128165,-9.92128165,STOP_LOSS
MAX5_SL5TP10,ACE/USDT,2026-08-04T20:00:00+00:00,2026-08-05T20:00:00+00:00,0.0718,0.0697,87.00000000,87.00000000,100.00000000,0.10000000,0.09707521,-2.92479109,-3.12186630,-3.12186630,24H
MAX5_SL5TP10,GALA/USDT,2026-08-04T20:00:00+00:00,2026-08-05T20:00:00+00:00,0.001814,0.001795,87.00000000,87.00000000,100.00000000,0.10000000,0.09895259,-1.04740904,-1.24636163,-1.24636163,24H
MAX5_SL5TP10,PORTAL/USDT,2026-08-05T03:00:00+00:00,2026-08-06T03:00:00+00:00,0.01095,0.01125,89.00000000,88.00000000,100.00000000,0.10000000,0.10273973,2.73972603,2.53698630,2.53698630,24H
MAX5_SL5TP10,EWYB/USDT,2026-08-05T13:00:00+00:00,2026-08-06T10:00:00+00:00,171.47,162.5,95.00000000,100.00000000,100.00000000,0.10000000,0.09476876,-5.23123578,-5.42600455,-5.42600455,STOP_LOSS
MAX5_SL5TP10,HEMI/USDT,2026-08-05T19:00:00+00:00,2026-08-06T17:00:00+00:00,0.00488,0.00537,93.00000000,98.00000000,100.00000000,0.10000000,0.11004098,10.04098361,9.83094262,9.83094262,TAKE_PROFIT
MAX5_SL5TP10,PORTAL/USDT,2026-08-06T17:00:00+00:00,2026-08-06T19:00:00+00:00,0.0122,0.01155,95.00000000,100.00000000,100.00000000,0.10000000,0.09467213,-5.32786885,-5.52254098,-5.52254098,STOP_LOSS
MAX5_SL5TP10,ALPINE/USDT,2026-08-05T20:00:00+00:00,2026-08-06T20:00:00+00:00,0.32,0.319,90.00000000,95.00000000,100.00000000,0.10000000,0.09968750,-0.31250000,-0.51218750,-0.51218750,24H
MAX5_SL5TP10,BCH/USDT,2026-08-05T20:00:00+00:00,2026-08-06T20:00:00+00:00,216.8,213.5,87.00000000,86.00000000,100.00000000,0.10000000,0.09847786,-1.52214022,-1.72061808,-1.72061808,24H
MAX5_SL5TP10,HOME/USDT,2026-08-06T10:00:00+00:00,2026-08-06T23:00:00+00:00,0.00979,0.00923,95.00000000,100.00000000,100.00000000,0.10000000,0.09427988,-5.72012257,-5.91440245,-5.91440245,STOP_LOSS
MAX5_SL5TP10,BMT/USDT,2026-08-06T03:00:00+00:00,2026-08-07T03:00:00+00:00,0.01246,0.01269,93.00000000,98.00000000,100.00000000,0.10000000,0.10184591,1.84590690,1.64406100,1.64406100,24H
MAX5_SL5TP10,TUT/USDT,2026-08-07T03:00:00+00:00,2026-08-07T06:00:00+00:00,0.02763,0.03044,95.00000000,100.00000000,100.00000000,0.10000000,0.11017010,10.17010496,9.95993485,9.95993485,TAKE_PROFIT
MAX5_SL5TP10,PUMP/USDT,2026-08-06T19:00:00+00:00,2026-08-07T19:00:00+00:00,0.00238,0.002347,84.00000000,84.00000000,100.00000000,0.10000000,0.09861345,-1.38655462,-1.58516807,-1.58516807,24H
MAX5_SL5TP10,CHIP/USDT,2026-08-06T20:00:00+00:00,2026-08-07T20:00:00+00:00,0.02536,0.02502,87.00000000,87.00000000,100.00000000,0.10000000,0.09865931,-1.34069401,-1.53935331,-1.53935331,24H
MAX5_SL5TP10,OPN/USDT,2026-08-06T20:00:00+00:00,2026-08-07T20:00:00+00:00,0.0528,0.0513,87.00000000,86.00000000,100.00000000,0.10000000,0.09715909,-2.84090909,-3.03806818,-3.03806818,24H
MAX5_SL5TP10,SOXLB/USDT,2026-08-06T23:00:00+00:00,2026-08-07T23:00:00+00:00,135.89,141.28,89.00000000,88.00000000,100.00000000,0.10000000,0.10396644,3.96644345,3.76247700,3.76247700,24H
MAX5_SL5TP10,TUT/USDT,2026-08-07T19:00:00+00:00,2026-08-08T03:00:00+00:00,0.03734,0.04283,89.00000000,80.00000000,100.00000000,0.10000000,0.11470273,14.70273166,14.48802892,14.48802892,TAKE_PROFIT
MAX5_SL5TP10,RARE/USDT,2026-08-07T06:00:00+00:00,2026-08-08T06:00:00+00:00,0.01258,0.01238,92.00000000,97.00000000,100.00000000,0.10000000,0.09841017,-1.58982512,-1.78823529,-1.78823529,24H
MAX5_SL5TP10,ADA/USDT,2026-08-07T20:00:00+00:00,2026-08-08T20:00:00+00:00,0.2024,0.2005,82.00000000,82.00000000,100.00000000,0.10000000,0.09906126,-0.93873518,-1.13779644,-1.13779644,24H
MAX5_SL5TP10,TREE/USDT,2026-08-07T20:00:00+00:00,2026-08-08T20:00:00+00:00,0.0366,0.0368,79.00000000,74.00000000,100.00000000,0.10000000,0.10054645,0.54644809,0.34590164,0.34590164,24H
MAX5_SL5TP10,SOXLB/USDT,2026-08-07T23:00:00+00:00,2026-08-08T23:00:00+00:00,141.28,143.13,84.00000000,83.00000000,100.00000000,0.10000000,0.10130946,1.30945640,1.10814694,1.10814694,24H
MAX5_SL5TP10,BICO/USDT,2026-08-08T03:00:00+00:00,2026-08-09T00:00:00+00:00,0.05893,0.06662,89.00000000,80.00000000,100.00000000,0.10000000,0.11304938,13.04938062,12.83633124,12.83633124,TAKE_PROFIT
MAX5_SL5TP10,DEXE/USDT,2026-08-08T20:00:00+00:00,2026-08-09T01:00:00+00:00,2.334,2.213,84.00000000,84.00000000,100.00000000,0.10000000,0.09481577,-5.18423308,-5.37904884,-5.37904884,STOP_LOSS
MAX5_SL5TP10,TAO/USDT,2026-08-08T06:00:00+00:00,2026-08-09T06:00:00+00:00,197.4,205.4,90.00000000,95.00000000,100.00000000,0.10000000,0.10405268,4.05268490,3.84863222,3.84863222,24H
MAX5_SL5TP10,BICO/USDT,2026-08-09T00:00:00+00:00,2026-08-09T08:00:00+00:00,0.06662,0.05181,92.00000000,89.00000000,100.00000000,0.10000000,0.07776944,-22.23056139,-22.40833083,-22.40833083,STOP_LOSS
MAX5_SL5TP10,BMT/USDT,2026-08-09T08:00:00+00:00,2026-08-09T09:00:00+00:00,0.01948,0.02397,90.00000000,92.00000000,100.00000000,0.10000000,0.12304928,23.04928131,22.82623203,22.82623203,TAKE_PROFIT
MAX5_SL5TP10,MUBARAK/USDT,2026-08-09T09:00:00+00:00,2026-08-09T15:00:00+00:00,0.01897,0.02193,95.00000000,92.00000000,100.00000000,0.10000000,0.11560358,15.60358461,15.38798102,15.38798102,TAKE_PROFIT
MAX5_SL5TP10,SPCXB/USDT,2026-08-08T20:00:00+00:00,2026-08-09T20:00:00+00:00,135.22,136.68,93.00000000,98.00000000,100.00000000,0.10000000,0.10107972,1.07972193,0.87864221,0.87864221,24H
MAX5_SL5TP10,ALPINE/USDT,2026-08-08T23:00:00+00:00,2026-08-09T23:00:00+00:00,0.33,0.337,87.00000000,87.00000000,100.00000000,0.10000000,0.10212121,2.12121212,1.91909091,1.91909091,24H
MAX5_SL5TP10,RARE/USDT,2026-08-09T01:00:00+00:00,2026-08-10T01:00:00+00:00,0.01345,0.0139,90.00000000,100.00000000,100.00000000,0.10000000,0.10334572,3.34572491,3.14237918,3.14237918,24H
MAX5_SL5TP10,TREE/USDT,2026-08-09T06:00:00+00:00,2026-08-10T06:00:00+00:00,0.0379,0.0375,93.00000000,98.00000000,100.00000000,0.10000000,0.09894459,-1.05540897,-1.25435356,-1.25435356,24H
MAX5_SL5TP10,BEL/USDT,2026-08-09T15:00:00+00:00,2026-08-10T15:00:00+00:00,0.1109,0.1073,90.00000000,95.00000000,100.00000000,0.10000000,0.09675383,-3.24616772,-3.44292155,-3.44292155,24H
MAX5_SL5TP10,HOME/USDT,2026-08-10T06:00:00+00:00,2026-08-10T15:00:00+00:00,0.00961,0.01189,92.00000000,97.00000000,100.00000000,0.10000000,0.12372529,23.72528616,23.50156087,23.50156087,TAKE_PROFIT
MAX5_SL5TP10,EUR/USDT,2026-08-09T20:00:00+00:00,2026-08-10T20:00:00+00:00,1.1565,1.1553,84.00000000,84.00000000,100.00000000,0.10000000,0.09989624,-0.10376135,-0.30365759,-0.30365759,24H
MAX5_SL5TP10,TRX/USDT,2026-08-09T23:00:00+00:00,2026-08-10T23:00:00+00:00,0.3299,0.3309,81.00000000,80.00000000,100.00000000,0.10000000,0.10030312,0.30312216,0.10281904,0.10281904,24H
MAX5_SL5TP10,PLUME/USDT,2026-08-10T01:00:00+00:00,2026-08-11T01:00:00+00:00,0.01221,0.01225,93.00000000,98.00000000,100.00000000,0.10000000,0.10032760,0.32760033,0.12727273,0.12727273,24H
MAX5_SL5TP10,MUBARAK/USDT,2026-08-10T15:00:00+00:00,2026-08-11T01:00:00+00:00,0.02176,0.01974,89.00000000,80.00000000,100.00000000,0.10000000,0.09071691,-9.28308824,-9.47380515,-9.47380515,STOP_LOSS
MAX5_SL5TP10,RARE/USDT,2026-08-10T20:00:00+00:00,2026-08-11T09:00:00+00:00,0.01368,0.01212,87.00000000,86.00000000,100.00000000,0.10000000,0.08859649,-11.40350877,-11.59210526,-11.59210526,STOP_LOSS
MAX5_SL5TP10,PORTAL/USDT,2026-08-10T15:00:00+00:00,2026-08-11T14:00:00+00:00,0.01185,0.01116,95.00000000,100.00000000,100.00000000,0.10000000,0.09417722,-5.82278481,-6.01696203,-6.01696203,STOP_LOSS
MAX5_SL5TP10,XPL/USDT,2026-08-10T23:00:00+00:00,2026-08-11T23:00:00+00:00,0.07877,0.07857,84.00000000,83.00000000,100.00000000,0.10000000,0.09974610,-0.25390377,-0.45364987,-0.45364987,24H
MAX5_SL5TP10,LINK/USDT,2026-08-11T01:00:00+00:00,2026-08-12T01:00:00+00:00,8.428,8.787,93.00000000,98.00000000,100.00000000,0.10000000,0.10425961,4.25961082,4.05535121,4.05535121,24H
MAX5_SL5TP10,ENA/USDT,2026-08-11T01:00:00+00:00,2026-08-12T01:00:00+00:00,0.0907,0.0902,85.00000000,87.00000000,100.00000000,0.10000000,0.09944873,-0.55126792,-0.75071665,-0.75071665,24H
MAX5_SL5TP10,BNB/USDT,2026-08-11T09:00:00+00:00,2026-08-12T09:00:00+00:00,607.19,613.7,87.00000000,86.00000000,100.00000000,0.10000000,0.10107215,1.07215204,0.87107989,0.87107989,24H
MAX5_SL5TP10,KORUB/USDT,2026-08-11T14:00:00+00:00,2026-08-12T12:00:00+00:00,17.95,19.83,89.00000000,88.00000000,100.00000000,0.10000000,0.11047354,10.47353760,10.26306407,10.26306407,TAKE_PROFIT
MAX5_SL5TP10,RLUSD/USDT,2026-08-11T23:00:00+00:00,2026-08-12T23:00:00+00:00,1.001,1.0011,84.00000000,84.00000000,100.00000000,0.10000000,0.10000999,0.00999001,-0.19001998,-0.19001998,24H
MAX5_SL5TP10,WLD/USDT,2026-08-12T01:00:00+00:00,2026-08-13T01:00:00+00:00,0.3406,0.3298,90.00000000,95.00000000,100.00000000,0.10000000,0.09682913,-3.17087493,-3.36770405,-3.36770405,24H
MAX5_SL5TP10,EWYB/USDT,2026-08-12T01:00:00+00:00,2026-08-13T01:00:00+00:00,170.35,177.39,88.00000000,93.00000000,100.00000000,0.10000000,0.10413267,4.13266804,3.92853537,3.92853537,24H
MAX5_SL5TP10,GPS/USDT,2026-08-12T09:00:00+00:00,2026-08-13T09:00:00+00:00,0.00981,0.01014,90.00000000,100.00000000,100.00000000,0.10000000,0.10336391,3.36391437,3.16055046,3.16055046,24H
MAX5_SL5TP10,LINK/USDT,2026-08-12T12:00:00+00:00,2026-08-13T12:00:00+00:00,8.849,8.782,93.00000000,98.00000000,100.00000000,0.10000000,0.09924285,-0.75714770,-0.95639055,-0.95639055,24H
MAX5_SL5TP10,HOME/USDT,2026-08-13T01:00:00+00:00,2026-08-13T12:00:00+00:00,0.00985,0.01114,89.00000000,88.00000000,100.00000000,0.10000000,0.11309645,13.09644670,12.88335025,12.88335025,TAKE_PROFIT
MAX5_SL5TP10,SNDKB/USDT,2026-08-13T12:00:00+00:00,2026-08-13T15:00:00+00:00,1353.63,1532.99,90.00000000,95.00000000,100.00000000,0.10000000,0.11325030,13.25029735,13.03704705,13.03704705,TAKE_PROFIT
MAX5_SL5TP10,HOME/USDT,2026-08-13T12:00:00+00:00,2026-08-13T18:00:00+00:00,0.01114,0.01044,90.00000000,100.00000000,100.00000000,0.10000000,0.09371634,-6.28366248,-6.47737882,-6.47737882,STOP_LOSS
MAX5_SL5TP10,RE/USDT,2026-08-12T23:00:00+00:00,2026-08-13T23:00:00+00:00,0.4328,0.4408,87.00000000,86.00000000,100.00000000,0.10000000,0.10184843,1.84842884,1.64658041,1.64658041,24H
MAX5_SL5TP10,RLUSD/USDT,2026-08-13T01:00:00+00:00,2026-08-14T01:00:00+00:00,1.0011,1.001,87.00000000,87.00000000,100.00000000,0.10000000,0.09999001,-0.00998901,-0.20997902,-0.20997902,24H
MAX5_SL5TP10,ACE/USDT,2026-08-13T23:00:00+00:00,2026-08-14T01:00:00+00:00,0.122,0.1349,84.00000000,88.00000000,100.00000000,0.10000000,0.11057377,10.57377049,10.36319672,10.36319672,TAKE_PROFIT
MAX5_SL5TP10,WLD/USDT,2026-08-13T09:00:00+00:00,2026-08-14T09:00:00+00:00,0.3466,0.3357,95.00000000,100.00000000,100.00000000,0.10000000,0.09685516,-3.14483555,-3.34169071,-3.34169071,24H
MAX5_SL5TP10,TAO/USDT,2026-08-14T01:00:00+00:00,2026-08-14T14:00:00+00:00,204.9,193.9,87.00000000,87.00000000,100.00000000,0.10000000,0.09463153,-5.36847243,-5.56310395,-5.56310395,STOP_LOSS
MAX5_SL5TP10,PUMP/USDT,2026-08-13T15:00:00+00:00,2026-08-14T15:00:00+00:00,0.002882,0.002821,95.00000000,100.00000000,100.00000000,0.10000000,0.09788341,-2.11658570,-2.31446912,-2.31446912,24H
MAX5_SL5TP10,RE/USDT,2026-08-14T01:00:00+00:00,2026-08-14T16:00:00+00:00,0.4563,0.4274,84.00000000,84.00000000,100.00000000,0.10000000,0.09366645,-6.33355249,-6.52721893,-6.52721893,STOP_LOSS
MAX5_SL5TP10,CRCLB/USDT,2026-08-13T18:00:00+00:00,2026-08-14T18:00:00+00:00,73.57,71.64,92.00000000,97.00000000,100.00000000,0.10000000,0.09737665,-2.62335191,-2.82072856,-2.82072856,24H
MAX5_SL5TP10,HEI/USDT,2026-08-14T15:00:00+00:00,2026-08-14T18:00:00+00:00,0.1446,0.1335,89.00000000,81.00000000,100.00000000,0.10000000,0.09232365,-7.67634855,-7.86867220,-7.86867220,STOP_LOSS
MAX5_SL5TP10,EDEN/USDT,2026-08-14T18:00:00+00:00,2026-08-15T00:00:00+00:00,0.06159,0.05846,84.00000000,76.00000000,100.00000000,0.10000000,0.09491801,-5.08199383,-5.27691184,-5.27691184,STOP_LOSS
MAX5_SL5TP10,KORUB/USDT,2026-08-14T09:00:00+00:00,2026-08-15T09:00:00+00:00,22.26,21.65,89.00000000,88.00000000,100.00000000,0.10000000,0.09725966,-2.74034142,-2.93760108,-2.93760108,24H
MAX5_SL5TP10,WLD/USDT,2026-08-14T14:00:00+00:00,2026-08-15T14:00:00+00:00,0.3392,0.3446,87.00000000,86.00000000,100.00000000,0.10000000,0.10159198,1.59198113,1.39038915,1.39038915,24H
MAX5_SL5TP10,LINK/USDT,2026-08-14T16:00:00+00:00,2026-08-15T16:00:00+00:00,8.877,9.614,84.00000000,84.00000000,100.00000000,0.10000000,0.10830235,8.30235440,8.09405204,8.09405204,24H
MAX5_SL5TP10,XPL/USDT,2026-08-14T18:00:00+00:00,2026-08-15T18:00:00+00:00,0.07668,0.07679,84.00000000,84.00000000,100.00000000,0.10000000,0.10014345,0.14345331,-0.05669014,-0.05669014,24H
MAX5_SL5TP10,PLUME/USDT,2026-08-15T09:00:00+00:00,2026-08-15T19:00:00+00:00,0.01365,0.01295,95.00000000,100.00000000,100.00000000,0.10000000,0.09487179,-5.12820513,-5.32307692,-5.32307692,STOP_LOSS
MAX5_SL5TP10,RED/USDT,2026-08-15T18:00:00+00:00,2026-08-15T21:00:00+00:00,0.0911,0.1067,90.00000000,100.00000000,100.00000000,0.10000000,0.11712404,17.12403952,16.90691548,16.90691548,TAKE_PROFIT
MAX5_SL5TP10,RE/USDT,2026-08-15T00:00:00+00:00,2026-08-16T00:00:00+00:00,0.4576,0.4645,92.00000000,97.00000000,100.00000000,0.10000000,0.10150787,1.50786713,1.30635927,1.30635927,24H
MAX5_SL5TP10,HEMI/USDT,2026-08-15T14:00:00+00:00,2026-08-16T02:00:00+00:00,0.00661,0.00742,90.00000000,92.00000000,100.00000000,0.10000000,0.11225416,12.25416036,12.04190620,12.04190620,TAKE_PROFIT
MAX5_SL5TP10,GPS/USDT,2026-08-16T02:00:00+00:00,2026-08-16T13:00:00+00:00,0.01063,0.01004,90.00000000,95.00000000,100.00000000,0.10000000,0.09444967,-5.55032926,-5.74477893,-5.74477893,STOP_LOSS
MAX5_SL5TP10,WLD/USDT,2026-08-15T16:00:00+00:00,2026-08-16T16:00:00+00:00,0.3483,0.3694,93.00000000,98.00000000,100.00000000,0.10000000,0.10605800,6.05799598,5.85193798,5.85193798,24H
MAX5_SL5TP10,BEL/USDT,2026-08-16T13:00:00+00:00,2026-08-16T18:00:00+00:00,0.1085,0.1222,93.00000000,98.00000000,100.00000000,0.10000000,0.11262673,12.62672811,12.41410138,12.41410138,TAKE_PROFIT
MAX5_SL5TP10,ONG/USDT,2026-08-15T19:00:00+00:00,2026-08-16T19:00:00+00:00,0.04868,0.05249,89.00000000,88.00000000,100.00000000,0.10000000,0.10782662,7.82662284,7.61879622,7.61879622,24H
MAX5_SL5TP10,EWYB/USDT,2026-08-15T21:00:00+00:00,2026-08-16T21:00:00+00:00,180.21,180.77,87.00000000,87.00000000,100.00000000,0.10000000,0.10031075,0.31074857,0.11043782,0.11043782,24H
MAX5_SL5TP10,PLUME/USDT,2026-08-16T16:00:00+00:00,2026-08-16T23:00:00+00:00,0.01341,0.01271,95.00000000,100.00000000,100.00000000,0.10000000,0.09478001,-5.21998509,-5.41476510,-5.41476510,STOP_LOSS
MAX5_SL5TP10,WLFI/USDT,2026-08-16T00:00:00+00:00,2026-08-17T00:00:00+00:00,0.0578,0.0598,92.00000000,97.00000000,100.00000000,0.10000000,0.10346021,3.46020761,3.25674740,3.25674740,24H
MAX5_SL5TP10,SNXXB/USDT,2026-08-16T18:00:00+00:00,2026-08-17T13:00:00+00:00,16.67,18.97,93.00000000,98.00000000,100.00000000,0.10000000,0.11379724,13.79724055,13.58344331,13.58344331,TAKE_PROFIT
MAX5_SL5TP10,EUR/USDT,2026-08-16T19:00:00+00:00,2026-08-17T19:00:00+00:00,1.1577,1.1588,87.00000000,87.00000000,100.00000000,0.10000000,0.10009502,0.09501598,-0.10507904,-0.10507904,24H
MAX5_SL5TP10,RARE/USDT,2026-08-16T21:00:00+00:00,2026-08-17T21:00:00+00:00,0.01217,0.01231,87.00000000,87.00000000,100.00000000,0.10000000,0.10115037,1.15036976,0.94921939,0.94921939,24H
MAX5_SL5TP10,MUBARAK/USDT,2026-08-17T00:00:00+00:00,2026-08-17T21:00:00+00:00,0.0175,0.01661,92.00000000,97.00000000,100.00000000,0.10000000,0.09491429,-5.08571429,-5.28062857,-5.28062857,STOP_LOSS
MAX5_SL5TP10,EURI/USDT,2026-08-16T23:00:00+00:00,2026-08-17T23:00:00+00:00,1.1583,1.1593,87.00000000,87.00000000,100.00000000,0.10000000,0.10008633,0.08633342,-0.11375291,-0.11375291,24H
MAX5_SL5TP10,BMT/USDT,2026-08-17T23:00:00+00:00,2026-08-18T02:00:00+00:00,0.01719,0.01614,89.00000000,89.00000000,100.00000000,0.10000000,0.09389180,-6.10820244,-6.30209424,-6.30209424,STOP_LOSS
MAX5_SL5TP10,EDEN/USDT,2026-08-18T02:00:00+00:00,2026-08-18T07:00:00+00:00,0.05028,0.05792,89.00000000,88.00000000,100.00000000,0.10000000,0.11519491,15.19490851,14.97971360,14.97971360,TAKE_PROFIT
MAX5_SL5TP10,OPN/USDT,2026-08-17T21:00:00+00:00,2026-08-18T09:00:00+00:00,0.053,0.0587,95.00000000,100.00000000,100.00000000,0.10000000,0.11075472,10.75471698,10.54396226,10.54396226,TAKE_PROFIT
MAX5_SL5TP10,HEMI/USDT,2026-08-18T09:00:00+00:00,2026-08-18T10:00:00+00:00,0.00698,0.0066,89.00000000,88.00000000,100.00000000,0.10000000,0.09455587,-5.44412607,-5.63868195,-5.63868195,STOP_LOSS
MAX5_SL5TP10,ACE/USDT,2026-08-18T07:00:00+00:00,2026-08-18T12:00:00+00:00,0.191,0.2162,95.00000000,92.00000000,100.00000000,0.10000000,0.11319372,13.19371728,12.98052356,12.98052356,TAKE_PROFIT
MAX5_SL5TP10,ACE/USDT,2026-08-18T12:00:00+00:00,2026-08-18T12:30:12.661268+00:00,0.2162,0.1913,95.00000000,92.00000000,100.00000000,0.10000000,0.08848289,-11.51711378,-11.70559667,-11.70559667,STOP_LOSS
MAX5_SL5TP10,CRCLB/USDT,2026-08-17T13:00:00+00:00,2026-08-18T13:00:00+00:00,74.22,72.38,90.00000000,100.00000000,100.00000000,0.10000000,0.09752088,-2.47911614,-2.67663703,-2.67663703,24H
MAX5_SL5TP10,ACE/USDT,2026-08-18T12:30:12.661268+00:00,2026-08-18T13:00:00+00:00,0.1913,0.2238,76.00000000,83.00000000,100.00000000,0.10000000,0.11698902,16.98902248,16.77203346,16.77203346,TAKE_PROFIT
MAX5_SL5TP10,POL/USDT,2026-08-17T19:00:00+00:00,2026-08-18T19:00:00+00:00,0.08002,0.08209,92.00000000,97.00000000,100.00000000,0.10000000,0.10258685,2.58685329,2.38426643,2.38426643,24H
MAX5_SL5TP10,AAVE/USDT,2026-08-17T21:00:00+00:00,2026-08-18T21:00:00+00:00,89.04,88.29,79.00000000,79.00000000,100.00000000,0.10000000,0.09915768,-0.84231806,-1.04147574,-1.04147574,24H
MAX5_SL5TP10,GPS/USDT,2026-08-18T10:00:00+00:00,2026-08-19T01:00:00+00:00,0.01728,0.0146,89.00000000,80.00000000,100.00000000,0.10000000,0.08449074,-15.50925926,-15.69375000,-15.69375000,STOP_LOSS
MAX5_SL5TP10,HEMI/USDT,2026-08-18T21:00:00+00:00,2026-08-19T05:00:00+00:00,0.00692,0.00832,84.00000000,84.00000000,100.00000000,0.10000000,0.12023121,20.23121387,20.01098266,20.01098266,TAKE_PROFIT
MAX5_SL5TP10,MUBARAK/USDT,2026-08-19T01:00:00+00:00,2026-08-19T09:00:00+00:00,0.0173,0.01908,80.00000000,72.00000000,100.00000000,0.10000000,0.11028902,10.28901734,10.07872832,10.07872832,TAKE_PROFIT
MAX5_SL5TP10,ACE/USDT,2026-08-18T13:00:00+00:00,2026-08-19T12:00:00+00:00,0.2238,0.2061,90.00000000,92.00000000,100.00000000,0.10000000,0.09209115,-7.90884718,-8.10093834,-8.10093834,STOP_LOSS
MAX5_SL5TP10,BTC/USDT,2026-08-18T13:00:00+00:00,2026-08-19T13:00:00+00:00,64219.99,65012.12,87.00000000,87.00000000,100.00000000,0.10000000,0.10123346,1.23346329,1.03222982,1.03222982,24H
MAX5_SL5TP10,TREE/USDT,2026-08-19T12:00:00+00:00,2026-08-19T14:00:00+00:00,0.0343,0.0406,95.00000000,100.00000000,100.00000000,0.10000000,0.11836735,18.36734694,18.14897959,18.14897959,TAKE_PROFIT
MAX5_SL5TP10,PUMP/USDT,2026-08-18T19:00:00+00:00,2026-08-19T16:00:00+00:00,0.00285,0.003162,82.00000000,82.00000000,100.00000000,0.10000000,0.11094737,10.94736842,10.73642105,10.73642105,TAKE_PROFIT
MAX5_SL5TP10,ARB/USDT,2026-08-19T09:00:00+00:00,2026-08-19T20:00:00+00:00,0.077,0.0847,84.00000000,84.00000000,100.00000000,0.10000000,0.11000000,10.00000000,9.79000000,9.79000000,TAKE_PROFIT
MAX5_SL5TP10,ONG/USDT,2026-08-19T05:00:00+00:00,2026-08-20T20:00:00+00:00,0.06047,0.17155,95.00000000,100.00000000,100.00000000,0.10000000,0.28369439,183.69439391,183.31069952,183.31069952,TAKE_PROFIT
MAX5_SL5TP10,TAO/USDT,2026-08-20T23:00:00+00:00,2026-08-21T23:00:00+00:00,214.9,229.9,72.00000000,67.00000000,100.00000000,0.10000000,0.10697999,6.97999069,6.77301070,6.77301070,24H
POS50_SL5TP10,ACE/USDT,2026-07-18T15:00:00+00:00,2026-07-18T18:00:00+00:00,0.0729,0.0686,70.00000000,70.00000000,50.00000000,0.05000000,0.04705075,-5.89849108,-6.09259259,-3.04629630,STOP_LOSS
POS50_SL5TP10,DEXE/USDT,2026-07-18T13:00:00+00:00,2026-07-19T06:00:00+00:00,36.519,34.466,75.00000000,70.00000000,50.00000000,0.05000000,0.04718913,-5.62173115,-5.81610942,-2.90805471,STOP_LOSS
POS50_SL5TP10,CHIP/USDT,2026-07-18T13:00:00+00:00,2026-07-19T13:00:00+00:00,0.03159,0.03049,75.00000000,70.00000000,50.00000000,0.05000000,0.04825894,-3.48211459,-3.67863248,-1.83931624,24H
POS50_SL5TP10,ONG/USDT,2026-07-18T13:00:00+00:00,2026-07-19T13:00:00+00:00,0.0472,0.0474,70.00000000,65.00000000,50.00000000,0.05000000,0.05021186,0.42372881,0.22330508,0.11165254,24H
POS50_SL5TP10,ALLO/USDT,2026-07-18T14:00:00+00:00,2026-07-19T14:00:00+00:00,0.4592,0.4639,72.00000000,67.00000000,50.00000000,0.05000000,0.05051176,1.02351916,0.82249564,0.41124782,24H
POS50_SL5TP10,ZEC/USDT,2026-07-18T16:00:00+00:00,2026-07-19T16:00:00+00:00,556.73,551.43,70.00000000,65.00000000,50.00000000,0.05000000,0.04952401,-0.95198750,-1.15103551,-0.57551776,24H
POS50_SL5TP10,ETH/USDT,2026-07-18T18:00:00+00:00,2026-07-19T18:00:00+00:00,1857.54,1861.12,70.00000000,65.00000000,50.00000000,0.05000000,0.05009636,0.19272802,-0.00746471,-0.00373236,24H
POS50_SL5TP10,TAO/USDT,2026-07-18T19:00:00+00:00,2026-07-19T19:00:00+00:00,195.9,197.1,70.00000000,65.00000000,50.00000000,0.05000000,0.05030628,0.61255743,0.41194487,0.20597243,24H
POS50_SL5TP10,ACE/USDT,2026-07-19T20:00:00+00:00,2026-07-19T22:00:00+00:00,0.0712,0.0957,70.00000000,70.00000000,50.00000000,0.05000000,0.06720506,34.41011236,34.17570225,17.08785112,TAKE_PROFIT
POS50_SL5TP10,CRCLB/USDT,2026-07-19T01:00:00+00:00,2026-07-20T01:00:00+00:00,61.4,60.65,73.00000000,68.00000000,50.00000000,0.05000000,0.04938925,-1.22149837,-1.42027687,-0.71013844,24H
POS50_SL5TP10,OPN/USDT,2026-07-19T02:00:00+00:00,2026-07-20T02:00:00+00:00,0.0637,0.0616,70.00000000,65.00000000,50.00000000,0.05000000,0.04835165,-3.29670330,-3.49340659,-1.74670330,24H
POS50_SL5TP10,RARE/USDT,2026-07-19T02:00:00+00:00,2026-07-20T02:00:00+00:00,0.0126,0.0124,70.00000000,65.00000000,50.00000000,0.05000000,0.04920635,-1.58730159,-1.78571429,-0.89285714,24H
POS50_SL5TP10,PEPE/USDT,2026-07-19T06:00:00+00:00,2026-07-20T06:00:00+00:00,2.8e-06,2.82e-06,73.00000000,68.00000000,50.00000000,0.05000000,0.05035714,0.71428571,0.51357143,0.25678571,24H
POS50_SL5TP10,HEMI/USDT,2026-07-19T13:00:00+00:00,2026-07-20T08:00:00+00:00,0.00457,0.00505,75.00000000,70.00000000,50.00000000,0.05000000,0.05525164,10.50328228,10.29277899,5.14638950,TAKE_PROFIT
POS50_SL5TP10,LTC/USDT,2026-07-19T13:00:00+00:00,2026-07-20T13:00:00+00:00,47.36,46.69,73.00000000,68.00000000,50.00000000,0.05000000,0.04929265,-1.41469595,-1.61328125,-0.80664063,24H
POS50_SL5TP10,GPS/USDT,2026-07-19T14:00:00+00:00,2026-07-20T14:00:00+00:00,0.00908,0.00905,70.00000000,65.00000000,50.00000000,0.05000000,0.04983480,-0.33039648,-0.53006608,-0.26503304,24H
POS50_SL5TP10,HEMI/USDT,2026-07-20T09:00:00+00:00,2026-07-20T14:00:00+00:00,0.00499,0.00561,70.00000000,70.00000000,50.00000000,0.05000000,0.05621242,12.42484970,12.21242485,6.10621242,TAKE_PROFIT
POS50_SL5TP10,EDEN/USDT,2026-07-19T16:00:00+00:00,2026-07-20T16:00:00+00:00,0.04415,0.04281,70.00000000,65.00000000,50.00000000,0.05000000,0.04848245,-3.03510759,-3.23207248,-1.61603624,24H
POS50_SL5TP10,ALLO/USDT,2026-07-20T16:00:00+00:00,2026-07-20T20:00:00+00:00,0.4872,0.4611,75.00000000,70.00000000,50.00000000,0.05000000,0.04732143,-5.35714286,-5.55178571,-2.77589286,STOP_LOSS
POS50_SL5TP10,EWYB/USDT,2026-07-19T22:00:00+00:00,2026-07-20T22:00:00+00:00,166.67,163.53,75.00000000,70.00000000,50.00000000,0.05000000,0.04905802,-1.88396232,-2.08207836,-1.04103918,24H
POS50_SL5TP10,MUB/USDT,2026-07-19T22:00:00+00:00,2026-07-20T22:00:00+00:00,867.11,873.22,73.00000000,68.00000000,50.00000000,0.05000000,0.05035232,0.70463955,0.50393491,0.25196746,24H
POS50_SL5TP10,LINK/USDT,2026-07-20T01:00:00+00:00,2026-07-21T01:00:00+00:00,8.422,8.592,73.00000000,68.00000000,50.00000000,0.05000000,0.05100926,2.01852292,1.81650439,0.90825220,24H
POS50_SL5TP10,HEMI/USDT,2026-07-20T22:00:00+00:00,2026-07-21T01:00:00+00:00,0.00686,0.00643,72.00000000,59.00000000,50.00000000,0.05000000,0.04686589,-6.26822157,-6.46195335,-3.23097668,STOP_LOSS
POS50_SL5TP10,MSTRB/USDT,2026-07-20T02:00:00+00:00,2026-07-21T02:00:00+00:00,95.95,99.27,70.00000000,65.00000000,50.00000000,0.05000000,0.05173007,3.46013549,3.25667535,1.62833768,24H
POS50_SL5TP10,DEXE/USDT,2026-07-21T00:00:00+00:00,2026-07-21T02:00:00+00:00,37.721,34.091,75.00000000,70.00000000,50.00000000,0.05000000,0.04518836,-9.62328676,-9.81366348,-4.90683174,STOP_LOSS
POS50_SL5TP10,TUT/USDT,2026-07-20T05:00:00+00:00,2026-07-21T03:00:00+00:00,0.01353,0.01501,72.00000000,67.00000000,50.00000000,0.05000000,0.05546933,10.93865484,10.72771619,5.36385809,TAKE_PROFIT
POS50_SL5TP10,SNDKB/USDT,2026-07-20T10:00:00+00:00,2026-07-21T10:00:00+00:00,1409.95,1499.3,75.00000000,70.00000000,50.00000000,0.05000000,0.05316855,6.33710415,6.13076705,3.06538352,24H
POS50_SL5TP10,NEAR/USDT,2026-07-20T13:00:00+00:00,2026-07-21T13:00:00+00:00,1.965,1.988,73.00000000,68.00000000,50.00000000,0.05000000,0.05058524,1.17048346,0.96931298,0.48465649,24H
POS50_SL5TP10,CRCLB/USDT,2026-07-20T14:00:00+00:00,2026-07-21T13:00:00+00:00,63.12,70.14,70.00000000,70.00000000,50.00000000,0.05000000,0.05556084,11.12167300,10.91055133,5.45527567,TAKE_PROFIT
POS50_SL5TP10,BMT/USDT,2026-07-20T15:00:00+00:00,2026-07-21T15:00:00+00:00,0.01184,0.01197,73.00000000,68.00000000,50.00000000,0.05000000,0.05054899,1.09797297,0.89687500,0.44843750,24H
POS50_SL5TP10,MUB/USDT,2026-07-21T01:00:00+00:00,2026-07-21T16:00:00+00:00,886.11,977.63,73.00000000,68.00000000,50.00000000,0.05000000,0.05516414,10.32828881,10.11796052,5.05898026,TAKE_PROFIT
POS50_SL5TP10,RARE/USDT,2026-07-20T20:00:00+00:00,2026-07-21T20:00:00+00:00,0.0128,0.0127,73.00000000,68.00000000,50.00000000,0.05000000,0.04960938,-0.78125000,-0.98046875,-0.49023438,24H
POS50_SL5TP10,RED/USDT,2026-07-21T01:00:00+00:00,2026-07-22T01:00:00+00:00,0.1032,0.1011,75.00000000,70.00000000,50.00000000,0.05000000,0.04898256,-2.03488372,-2.23284884,-1.11642442,24H
POS50_SL5TP10,EWYB/USDT,2026-07-21T02:00:00+00:00,2026-07-22T02:00:00+00:00,167.22,174.49,75.00000000,70.00000000,50.00000000,0.05000000,0.05217378,4.34756608,4.14321851,2.07160926,24H
POS50_SL5TP10,BICO/USDT,2026-07-21T02:00:00+00:00,2026-07-22T02:00:00+00:00,0.01401,0.01386,72.00000000,67.00000000,50.00000000,0.05000000,0.04946467,-1.07066381,-1.26959315,-0.63479657,24H
POS50_SL5TP10,SOXLB/USDT,2026-07-21T03:00:00+00:00,2026-07-22T03:00:00+00:00,148.12,153.1,75.00000000,70.00000000,50.00000000,0.05000000,0.05168107,3.36213881,3.15877667,1.57938833,24H
POS50_SL5TP10,OPN/USDT,2026-07-22T05:00:00+00:00,2026-07-22T09:00:00+00:00,0.0695,0.0653,72.00000000,67.00000000,50.00000000,0.05000000,0.04697842,-6.04316547,-6.23712230,-3.11856115,STOP_LOSS
POS50_SL5TP10,GIGGLE/USDT,2026-07-21T10:00:00+00:00,2026-07-22T10:00:00+00:00,26.85,26.34,73.00000000,68.00000000,50.00000000,0.05000000,0.04905028,-1.89944134,-2.09754190,-1.04877095,24H
POS50_SL5TP10,TUT/USDT,2026-07-22T04:00:00+00:00,2026-07-22T10:00:00+00:00,0.01524,0.01412,70.00000000,65.00000000,50.00000000,0.05000000,0.04632546,-7.34908136,-7.54173228,-3.77086614,STOP_LOSS
POS50_SL5TP10,ALLO/USDT,2026-07-21T13:00:00+00:00,2026-07-22T13:00:00+00:00,0.4991,0.5038,75.00000000,70.00000000,50.00000000,0.05000000,0.05047085,0.94169505,0.74075336,0.37037668,24H
POS50_SL5TP10,SKHYB/USDT,2026-07-21T13:00:00+00:00,2026-07-22T13:00:00+00:00,163.9,168.61,73.00000000,68.00000000,50.00000000,0.05000000,0.05143685,2.87370348,2.67082977,1.33541489,24H
POS50_SL5TP10,MSTRB/USDT,2026-07-21T15:00:00+00:00,2026-07-22T15:00:00+00:00,102.67,99.78,73.00000000,68.00000000,50.00000000,0.05000000,0.04859258,-2.81484367,-3.01202883,-1.50601442,24H
POS50_SL5TP10,GRAM/USDT,2026-07-21T16:00:00+00:00,2026-07-22T16:00:00+00:00,1.518,1.517,72.00000000,67.00000000,50.00000000,0.05000000,0.04996706,-0.06587615,-0.26581028,-0.13290514,24H
POS50_SL5TP10,PORTAL/USDT,2026-07-21T22:00:00+00:00,2026-07-22T22:00:00+00:00,0.01106,0.01088,73.00000000,68.00000000,50.00000000,0.05000000,0.04918626,-1.62748644,-1.82585895,-0.91292948,24H
POS50_SL5TP10,CHIP/USDT,2026-07-22T02:00:00+00:00,2026-07-23T02:00:00+00:00,0.0306,0.03026,70.00000000,65.00000000,50.00000000,0.05000000,0.04944444,-1.11111111,-1.31000000,-0.65500000,24H
POS50_SL5TP10,BICO/USDT,2026-07-22T03:00:00+00:00,2026-07-23T03:00:00+00:00,0.01388,0.01377,73.00000000,68.00000000,50.00000000,0.05000000,0.04960375,-0.79250720,-0.99171470,-0.49585735,24H
POS50_SL5TP10,PLUME/USDT,2026-07-22T09:00:00+00:00,2026-07-23T06:00:00+00:00,0.01178,0.01111,73.00000000,68.00000000,50.00000000,0.05000000,0.04715620,-5.68760611,-5.88191851,-2.94095925,STOP_LOSS
POS50_SL5TP10,ONDO/USDT,2026-07-22T10:00:00+00:00,2026-07-23T10:00:00+00:00,0.4109,0.4035,75.00000000,70.00000000,50.00000000,0.05000000,0.04909954,-1.80092480,-1.99912387,-0.99956194,24H
POS50_SL5TP10,UNI/USDT,2026-07-22T10:00:00+00:00,2026-07-23T10:00:00+00:00,3.767,3.831,73.00000000,68.00000000,50.00000000,0.05000000,0.05084948,1.69896469,1.49726573,0.74863286,24H
POS50_SL5TP10,AAVE/USDT,2026-07-22T13:00:00+00:00,2026-07-23T13:00:00+00:00,97.91,96.11,75.00000000,70.00000000,50.00000000,0.05000000,0.04908079,-1.83842304,-2.03658462,-1.01829231,24H
POS50_SL5TP10,MUB/USDT,2026-07-22T13:00:00+00:00,2026-07-23T13:00:00+00:00,972.31,977.98,75.00000000,70.00000000,50.00000000,0.05000000,0.05029157,0.58314735,0.38256420,0.19128210,24H
POS50_SL5TP10,ADA/USDT,2026-07-22T15:00:00+00:00,2026-07-23T15:00:00+00:00,0.1779,0.1705,75.00000000,70.00000000,50.00000000,0.05000000,0.04792018,-4.15964025,-4.35548061,-2.17774030,24H
POS50_SL5TP10,OPN/USDT,2026-07-23T06:00:00+00:00,2026-07-23T15:00:00+00:00,0.0718,0.0669,73.00000000,68.00000000,50.00000000,0.05000000,0.04658774,-6.82451253,-7.01768802,-3.50884401,STOP_LOSS
POS50_SL5TP10,WLD/USDT,2026-07-22T16:00:00+00:00,2026-07-23T16:00:00+00:00,0.3938,0.3766,75.00000000,70.00000000,50.00000000,0.05000000,0.04781615,-4.36769934,-4.56333164,-2.28166582,24H
POS50_SL5TP10,SKHYB/USDT,2026-07-23T00:00:00+00:00,2026-07-24T00:00:00+00:00,171.79,167.7,72.00000000,67.00000000,50.00000000,0.05000000,0.04880959,-2.38081378,-2.57843297,-1.28921649,24H
POS50_SL5TP10,RE/USDT,2026-07-23T16:00:00+00:00,2026-07-24T00:00:00+00:00,0.5261,0.5822,70.00000000,70.00000000,50.00000000,0.05000000,0.05533169,10.66337198,10.45270861,5.22635431,TAKE_PROFIT
POS50_SL5TP10,SNDKB/USDT,2026-07-23T16:00:00+00:00,2026-07-24T02:00:00+00:00,1667.76,1576.22,72.00000000,67.00000000,50.00000000,0.05000000,0.04725560,-5.48879935,-5.68331055,-2.84165527,STOP_LOSS
POS50_SL5TP10,SOXLB/USDT,2026-07-23T20:00:00+00:00,2026-07-24T02:00:00+00:00,162.95,151.66,75.00000000,70.00000000,50.00000000,0.05000000,0.04653575,-6.92850568,-7.12157717,-3.56078859,STOP_LOSS
POS50_SL5TP10,GRAM/USDT,2026-07-23T03:00:00+00:00,2026-07-24T03:00:00+00:00,1.516,1.455,73.00000000,68.00000000,50.00000000,0.05000000,0.04798813,-4.02374670,-4.21972296,-2.10986148,24H
POS50_SL5TP10,BMT/USDT,2026-07-23T05:00:00+00:00,2026-07-24T05:00:00+00:00,0.01262,0.01228,70.00000000,70.00000000,50.00000000,0.05000000,0.04865293,-2.69413629,-2.89144216,-1.44572108,24H
POS50_SL5TP10,OPN/USDT,2026-07-24T05:00:00+00:00,2026-07-24T08:00:00+00:00,0.0694,0.0627,75.00000000,70.00000000,50.00000000,0.05000000,0.04517291,-9.65417867,-9.84452450,-4.92226225,STOP_LOSS
POS50_SL5TP10,KAITO/USDT,2026-07-23T10:00:00+00:00,2026-07-24T10:00:00+00:00,1.032,1.0396,75.00000000,70.00000000,50.00000000,0.05000000,0.05036822,0.73643411,0.53569767,0.26784884,24H
POS50_SL5TP10,PLUME/USDT,2026-07-23T12:00:00+00:00,2026-07-24T12:00:00+00:00,0.01154,0.01121,75.00000000,70.00000000,50.00000000,0.05000000,0.04857019,-2.85961872,-3.05675910,-1.52837955,24H
POS50_SL5TP10,KAITO/USDT,2026-07-24T10:00:00+00:00,2026-07-24T12:00:00+00:00,1.0396,0.9876,73.00000000,68.00000000,50.00000000,0.05000000,0.04749904,-5.00192382,-5.19692189,-2.59846095,STOP_LOSS
POS50_SL5TP10,ALLO/USDT,2026-07-24T11:00:00+00:00,2026-07-24T14:00:00+00:00,0.5096,0.47,70.00000000,65.00000000,50.00000000,0.05000000,0.04611460,-7.77080063,-7.96302983,-3.98151491,STOP_LOSS
POS50_SL5TP10,HOME/USDT,2026-07-24T14:00:00+00:00,2026-07-24T18:00:00+00:00,0.00689,0.00654,72.00000000,67.00000000,50.00000000,0.05000000,0.04746009,-5.07982583,-5.27474601,-2.63737300,STOP_LOSS
POS50_SL5TP10,HEI/USDT,2026-07-23T21:00:00+00:00,2026-07-24T21:00:00+00:00,0.103,0.0987,70.00000000,70.00000000,50.00000000,0.05000000,0.04791262,-4.17475728,-4.37058252,-2.18529126,24H
POS50_SL5TP10,XPL/USDT,2026-07-24T17:00:00+00:00,2026-07-25T03:00:00+00:00,0.08689,0.08214,75.00000000,70.00000000,50.00000000,0.05000000,0.04726666,-5.46668201,-5.66121533,-2.83060766,STOP_LOSS
POS50_SL5TP10,UNI/USDT,2026-07-24T05:00:00+00:00,2026-07-25T05:00:00+00:00,3.833,3.687,70.00000000,65.00000000,50.00000000,0.05000000,0.04809549,-3.80902687,-4.00521785,-2.00260892,24H
POS50_SL5TP10,HEMI/USDT,2026-07-24T19:00:00+00:00,2026-07-25T06:00:00+00:00,0.00532,0.00505,75.00000000,70.00000000,50.00000000,0.05000000,0.04746241,-5.07518797,-5.27011278,-2.63505639,STOP_LOSS
POS50_SL5TP10,RE/USDT,2026-07-25T07:00:00+00:00,2026-07-25T09:00:00+00:00,0.6078,0.5587,75.00000000,70.00000000,50.00000000,0.05000000,0.04596084,-8.07831524,-8.27023692,-4.13511846,STOP_LOSS
POS50_SL5TP10,GPS/USDT,2026-07-24T10:00:00+00:00,2026-07-25T10:00:00+00:00,0.00923,0.00958,70.00000000,65.00000000,50.00000000,0.05000000,0.05189599,3.79198267,3.58819068,1.79409534,24H
POS50_SL5TP10,PLUME/USDT,2026-07-24T14:00:00+00:00,2026-07-25T14:00:00+00:00,0.01141,0.01178,73.00000000,68.00000000,50.00000000,0.05000000,0.05162138,3.24276950,3.03952673,1.51976337,24H
POS50_SL5TP10,TUT/USDT,2026-07-24T21:00:00+00:00,2026-07-25T21:00:00+00:00,0.01452,0.01538,75.00000000,70.00000000,50.00000000,0.05000000,0.05296143,5.92286501,5.71694215,2.85847107,24H
POS50_SL5TP10,TREE/USDT,2026-07-25T00:00:00+00:00,2026-07-26T00:00:00+00:00,0.0394,0.0381,73.00000000,68.00000000,50.00000000,0.05000000,0.04835025,-3.29949239,-3.49619289,-1.74809645,24H
POS50_SL5TP10,ALPINE/USDT,2026-07-25T13:00:00+00:00,2026-07-26T13:00:00+00:00,0.314,0.315,75.00000000,70.00000000,50.00000000,0.05000000,0.05015924,0.31847134,0.11815287,0.05907643,24H
POS50_SL5TP10,PLUME/USDT,2026-07-25T15:00:00+00:00,2026-07-26T15:00:00+00:00,0.01177,0.01236,70.00000000,65.00000000,50.00000000,0.05000000,0.05250637,5.01274427,4.80773152,2.40386576,24H
POS50_SL5TP10,TRX/USDT,2026-07-25T16:00:00+00:00,2026-07-26T16:00:00+00:00,0.3321,0.333,70.00000000,65.00000000,50.00000000,0.05000000,0.05013550,0.27100271,0.07073171,0.03536585,24H
POS50_SL5TP10,MUBARAK/USDT,2026-07-25T19:00:00+00:00,2026-07-26T19:00:00+00:00,0.01076,0.0108,70.00000000,65.00000000,50.00000000,0.05000000,0.05018587,0.37174721,0.17137546,0.08568773,24H
POS50_SL5TP10,PEPE/USDT,2026-07-26T02:00:00+00:00,2026-07-27T02:00:00+00:00,2.86e-06,2.94e-06,70.00000000,70.00000000,50.00000000,0.05000000,0.05139860,2.79720280,2.59440559,1.29720280,24H
POS50_SL5TP10,DOT/USDT,2026-07-26T03:00:00+00:00,2026-07-27T03:00:00+00:00,0.82,0.818,70.00000000,65.00000000,50.00000000,0.05000000,0.04987805,-0.24390244,-0.44365854,-0.22182927,24H
POS50_SL5TP10,FIL/USDT,2026-07-26T04:00:00+00:00,2026-07-27T04:00:00+00:00,0.7416,0.7478,70.00000000,65.00000000,50.00000000,0.05000000,0.05041802,0.83603020,0.63519417,0.31759709,24H
POS50_SL5TP10,TAO/USDT,2026-07-26T04:00:00+00:00,2026-07-27T04:00:00+00:00,196.4,198.8,70.00000000,70.00000000,50.00000000,0.05000000,0.05061100,1.22199593,1.02077393,0.51038697,24H
POS50_SL5TP10,RARE/USDT,2026-07-26T09:00:00+00:00,2026-07-27T09:00:00+00:00,0.01279,0.01259,70.00000000,65.00000000,50.00000000,0.05000000,0.04921814,-1.56372166,-1.76215794,-0.88107897,24H
POS50_SL5TP10,TUT/USDT,2026-07-26T09:00:00+00:00,2026-07-27T09:00:00+00:00,0.01571,0.01598,70.00000000,65.00000000,50.00000000,0.05000000,0.05085933,1.71865054,1.51693189,0.75846595,24H
POS50_SL5TP10,LINK/USDT,2026-07-26T13:00:00+00:00,2026-07-27T13:00:00+00:00,8.458,8.772,70.00000000,65.00000000,50.00000000,0.05000000,0.05185623,3.71246157,3.50874911,1.75437456,24H
POS50_SL5TP10,EDEN/USDT,2026-07-27T09:00:00+00:00,2026-07-27T15:00:00+00:00,0.04471,0.04217,90.00000000,100.00000000,50.00000000,0.05000000,0.04715947,-5.68105569,-5.87537464,-2.93768732,STOP_LOSS
POS50_SL5TP10,ONDO/USDT,2026-07-26T16:00:00+00:00,2026-07-27T16:00:00+00:00,0.4062,0.4094,90.00000000,100.00000000,50.00000000,0.05000000,0.05039389,0.78778927,0.58700148,0.29350074,24H
POS50_SL5TP10,USDE/USDT,2026-07-26T16:00:00+00:00,2026-07-27T16:00:00+00:00,1.0009,1.0009,87.00000000,87.00000000,50.00000000,0.05000000,0.05000000,0.00000000,-0.20000000,-0.10000000,24H
POS50_SL5TP10,PLUME/USDT,2026-07-27T02:00:00+00:00,2026-07-27T17:00:00+00:00,0.01231,0.01166,90.00000000,95.00000000,50.00000000,0.05000000,0.04735987,-5.28025995,-5.47497969,-2.73748985,STOP_LOSS
POS50_SL5TP10,ENA/USDT,2026-07-27T13:00:00+00:00,2026-07-27T18:00:00+00:00,0.0923,0.0876,95.00000000,100.00000000,50.00000000,0.05000000,0.04745395,-5.09209101,-5.28699892,-2.64349946,STOP_LOSS
POS50_SL5TP10,USDC/USDT,2026-07-26T19:00:00+00:00,2026-07-27T19:00:00+00:00,1.00087,1.00084,87.00000000,87.00000000,50.00000000,0.05000000,0.04999850,-0.00299739,-0.20299439,-0.10149720,24H
POS50_SL5TP10,ALPINE/USDT,2026-07-27T03:00:00+00:00,2026-07-27T22:00:00+00:00,0.32,0.301,87.00000000,87.00000000,50.00000000,0.05000000,0.04703125,-5.93750000,-6.13156250,-3.06578125,STOP_LOSS
POS50_SL5TP10,KAITO/USDT,2026-07-27T15:00:00+00:00,2026-07-27T22:00:00+00:00,1.21,1.3423,84.00000000,84.00000000,50.00000000,0.05000000,0.05546694,10.93388430,10.72295041,5.36147521,TAKE_PROFIT
POS50_SL5TP10,CRCLB/USDT,2026-07-27T04:00:00+00:00,2026-07-28T04:00:00+00:00,63.92,63.19,87.00000000,87.00000000,50.00000000,0.05000000,0.04942897,-1.14205257,-1.34091051,-0.67045526,24H
POS50_SL5TP10,XUSD/USDT,2026-07-27T04:00:00+00:00,2026-07-28T04:00:00+00:00,1.0012,1.0012,87.00000000,87.00000000,50.00000000,0.05000000,0.05000000,0.00000000,-0.20000000,-0.10000000,24H
POS50_SL5TP10,KAITO/USDT,2026-07-27T22:00:00+00:00,2026-07-28T05:00:00+00:00,1.3423,1.2594,78.00000000,83.00000000,50.00000000,0.05000000,0.04691202,-6.17596662,-6.36979066,-3.18489533,STOP_LOSS
POS50_SL5TP10,PUMP/USDT,2026-07-27T09:00:00+00:00,2026-07-28T09:00:00+00:00,0.002037,0.002033,84.00000000,84.00000000,50.00000000,0.05000000,0.04990182,-0.19636721,-0.39617084,-0.19808542,24H
POS50_SL5TP10,TREE/USDT,2026-07-27T17:00:00+00:00,2026-07-28T13:00:00+00:00,0.0395,0.0374,87.00000000,86.00000000,50.00000000,0.05000000,0.04734177,-5.31645570,-5.51113924,-2.75556962,STOP_LOSS
POS50_SL5TP10,RLUSD/USDT,2026-07-27T16:00:00+00:00,2026-07-28T16:00:00+00:00,1.0013,1.0011,87.00000000,87.00000000,50.00000000,0.05000000,0.04999001,-0.01997403,-0.21995406,-0.10997703,24H
POS50_SL5TP10,MSTRB/USDT,2026-07-27T16:00:00+00:00,2026-07-28T16:00:00+00:00,97.4,98.12,81.00000000,86.00000000,50.00000000,0.05000000,0.05036961,0.73921971,0.53848049,0.26924025,24H
POS50_SL5TP10,BNB/USDT,2026-07-27T18:00:00+00:00,2026-07-28T18:00:00+00:00,575.37,569.62,87.00000000,86.00000000,50.00000000,0.05000000,0.04950032,-0.99935694,-1.19835758,-0.59917879,24H
POS50_SL5TP10,ETH/USDT,2026-07-27T19:00:00+00:00,2026-07-28T19:00:00+00:00,1948.31,1922.23,82.00000000,82.00000000,50.00000000,0.05000000,0.04933070,-1.33859601,-1.53725742,-0.76862871,24H
POS50_SL5TP10,USD1/USDT,2026-07-27T22:00:00+00:00,2026-07-28T22:00:00+00:00,0.99985,0.99968,84.00000000,84.00000000,50.00000000,0.05000000,0.04999150,-0.01700255,-0.21698555,-0.10849277,24H
POS50_SL5TP10,FDUSD/USDT,2026-07-28T04:00:00+00:00,2026-07-29T04:00:00+00:00,0.9993,0.9983,87.00000000,87.00000000,50.00000000,0.05000000,0.04994996,-0.10007005,-0.29996998,-0.14998499,24H
POS50_SL5TP10,USDC/USDT,2026-07-28T04:00:00+00:00,2026-07-29T04:00:00+00:00,1.00097,1.00114,76.00000000,71.00000000,50.00000000,0.05000000,0.05000849,0.01698353,-0.18303346,-0.09151673,24H
POS50_SL5TP10,GPS/USDT,2026-07-28T05:00:00+00:00,2026-07-29T05:00:00+00:00,0.00922,0.00964,77.00000000,74.00000000,50.00000000,0.05000000,0.05227766,4.55531453,4.35075922,2.17537961,24H
POS50_SL5TP10,MUBARAK/USDT,2026-07-28T09:00:00+00:00,2026-07-29T09:00:00+00:00,0.01111,0.01131,89.00000000,89.00000000,50.00000000,0.05000000,0.05090009,1.80018002,1.59837984,0.79918992,24H
POS50_SL5TP10,U/USDT,2026-07-28T13:00:00+00:00,2026-07-29T13:00:00+00:00,1.0008,1.0008,87.00000000,87.00000000,50.00000000,0.05000000,0.05000000,0.00000000,-0.20000000,-0.10000000,24H
POS50_SL5TP10,AAVE/USDT,2026-07-28T16:00:00+00:00,2026-07-29T16:00:00+00:00,101.26,98.73,95.00000000,100.00000000,50.00000000,0.05000000,0.04875074,-2.49851866,-2.69602015,-1.34801007,24H
POS50_SL5TP10,ONDO/USDT,2026-07-28T16:00:00+00:00,2026-07-29T16:00:00+00:00,0.4088,0.3937,89.00000000,88.00000000,50.00000000,0.05000000,0.04815313,-3.69373777,-3.89004403,-1.94502202,24H
POS50_SL5TP10,PLUME/USDT,2026-07-28T18:00:00+00:00,2026-07-29T18:00:00+00:00,0.01219,0.01212,89.00000000,88.00000000,50.00000000,0.05000000,0.04971288,-0.57424118,-0.77366694,-0.38683347,24H
POS50_SL5TP10,RE/USDT,2026-07-29T16:00:00+00:00,2026-07-29T18:00:00+00:00,0.4686,0.5159,79.00000000,76.00000000,50.00000000,0.05000000,0.05504695,10.09389671,9.88380282,4.94190141,TAKE_PROFIT
POS50_SL5TP10,ALPINE/USDT,2026-07-28T19:00:00+00:00,2026-07-29T19:00:00+00:00,0.317,0.309,87.00000000,87.00000000,50.00000000,0.05000000,0.04873817,-2.52365931,-2.72113565,-1.36056782,24H
POS50_SL5TP10,RLUSD/USDT,2026-07-28T22:00:00+00:00,2026-07-29T22:00:00+00:00,1.0012,1.0012,76.00000000,71.00000000,50.00000000,0.05000000,0.05000000,0.00000000,-0.20000000,-0.10000000,24H
POS50_SL5TP10,KAITO/USDT,2026-07-29T04:00:00+00:00,2026-07-30T03:00:00+00:00,1.264,1.1818,89.00000000,88.00000000,50.00000000,0.05000000,0.04674842,-6.50316456,-6.69666139,-3.34833070,STOP_LOSS
POS50_SL5TP10,USDC/USDT,2026-07-29T04:00:00+00:00,2026-07-30T04:00:00+00:00,1.00114,1.00112,84.00000000,84.00000000,50.00000000,0.05000000,0.04999900,-0.00199772,-0.20199572,-0.10099786,24H
POS50_SL5TP10,MSTRB/USDT,2026-07-29T05:00:00+00:00,2026-07-30T05:00:00+00:00,97.02,94.18,78.00000000,65.00000000,50.00000000,0.05000000,0.04853638,-2.92723150,-3.12430427,-1.56215213,24H
POS50_SL5TP10,UNI/USDT,2026-07-29T09:00:00+00:00,2026-07-30T09:00:00+00:00,3.975,4.03,95.00000000,100.00000000,50.00000000,0.05000000,0.05069182,1.38364780,1.18226415,0.59113208,24H
POS50_SL5TP10,GPS/USDT,2026-07-29T13:00:00+00:00,2026-07-30T13:00:00+00:00,0.00979,0.00991,93.00000000,98.00000000,50.00000000,0.05000000,0.05061287,1.22574055,1.02451481,0.51225741,24H
POS50_SL5TP10,U/USDT,2026-07-29T16:00:00+00:00,2026-07-30T16:00:00+00:00,1.0009,1.0007,87.00000000,87.00000000,50.00000000,0.05000000,0.04999001,-0.01998202,-0.21996203,-0.10998102,24H
POS50_SL5TP10,ADA/USDT,2026-07-29T18:00:00+00:00,2026-07-30T18:00:00+00:00,0.1679,0.1723,84.00000000,89.00000000,50.00000000,0.05000000,0.05131030,2.62060750,2.41798690,1.20899345,24H
POS50_SL5TP10,PLUME/USDT,2026-07-29T18:00:00+00:00,2026-07-30T18:00:00+00:00,0.01212,0.01165,84.00000000,84.00000000,50.00000000,0.05000000,0.04806106,-3.87788779,-4.07400990,-2.03700495,24H
POS50_SL5TP10,EURI/USDT,2026-07-29T19:00:00+00:00,2026-07-30T19:00:00+00:00,1.1455,1.1534,79.00000000,79.00000000,50.00000000,0.05000000,0.05034483,0.68965517,0.48896552,0.24448276,24H
POS50_SL5TP10,ONDO/USDT,2026-07-29T22:00:00+00:00,2026-07-30T22:00:00+00:00,0.4051,0.4168,74.00000000,63.00000000,50.00000000,0.05000000,0.05144409,2.88817576,2.68528758,1.34264379,24H
POS50_SL5TP10,ALPINE/USDT,2026-07-30T03:00:00+00:00,2026-07-31T03:00:00+00:00,0.32,0.314,93.00000000,98.00000000,50.00000000,0.05000000,0.04906250,-1.87500000,-2.07312500,-1.03656250,24H
POS50_SL5TP10,USD1/USDT,2026-07-30T04:00:00+00:00,2026-07-31T04:00:00+00:00,1.00003,0.99997,87.00000000,87.00000000,50.00000000,0.05000000,0.04999700,-0.00599982,-0.20599382,-0.10299691,24H
POS50_SL5TP10,RLUSD/USDT,2026-07-30T05:00:00+00:00,2026-07-31T05:00:00+00:00,1.0014,1.001,84.00000000,84.00000000,50.00000000,0.05000000,0.04998003,-0.03994408,-0.23990413,-0.11995207,24H
POS50_SL5TP10,BNB/USDT,2026-07-30T09:00:00+00:00,2026-07-31T09:00:00+00:00,579.84,590.49,87.00000000,86.00000000,50.00000000,0.05000000,0.05091836,1.83671358,1.63487686,0.81743843,24H
POS50_SL5TP10,MUBARAK/USDT,2026-07-31T04:00:00+00:00,2026-07-31T11:00:00+00:00,0.0121,0.01333,95.00000000,100.00000000,50.00000000,0.05000000,0.05508264,10.16528926,9.95512397,4.97756198,TAKE_PROFIT
POS50_SL5TP10,PAXG/USDT,2026-07-30T13:00:00+00:00,2026-07-31T13:00:00+00:00,4105.88,4027.22,93.00000000,98.00000000,50.00000000,0.05000000,0.04904211,-1.91578906,-2.11387327,-1.05693664,24H
POS50_SL5TP10,MSTRB/USDT,2026-07-30T19:00:00+00:00,2026-07-31T13:00:00+00:00,97.74,92.16,87.00000000,86.00000000,50.00000000,0.05000000,0.04714549,-5.70902394,-5.90331492,-2.95165746,STOP_LOSS
POS50_SL5TP10,AAVE/USDT,2026-07-30T16:00:00+00:00,2026-07-31T16:00:00+00:00,100.23,96.59,90.00000000,95.00000000,50.00000000,0.05000000,0.04818418,-3.63164721,-3.82801556,-1.91400778,24H
POS50_SL5TP10,GIGGLE/USDT,2026-07-31T13:00:00+00:00,2026-07-31T17:00:00+00:00,36.97,42.93,74.00000000,55.00000000,50.00000000,0.05000000,0.05806059,16.12117933,15.90505816,7.95252908,TAKE_PROFIT
POS50_SL5TP10,FIL/USDT,2026-07-30T18:00:00+00:00,2026-07-31T18:00:00+00:00,0.7153,0.7209,89.00000000,89.00000000,50.00000000,0.05000000,0.05039144,0.78288830,0.58210541,0.29105271,24H
POS50_SL5TP10,PUMP/USDT,2026-07-30T18:00:00+00:00,2026-07-31T18:00:00+00:00,0.001964,0.002123,84.00000000,83.00000000,50.00000000,0.05000000,0.05404786,8.09572301,7.88762729,3.94381365,24H
POS50_SL5TP10,EWYB/USDT,2026-07-31T05:00:00+00:00,2026-07-31T18:00:00+00:00,166.84,158.27,81.00000000,86.00000000,50.00000000,0.05000000,0.04743167,-5.13665788,-5.33152122,-2.66576061,STOP_LOSS
POS50_SL5TP10,SOXLB/USDT,2026-07-30T22:00:00+00:00,2026-07-31T19:00:00+00:00,122.59,114.81,84.00000000,89.00000000,50.00000000,0.05000000,0.04682682,-6.34635778,-6.54001142,-3.27000571,STOP_LOSS
POS50_SL5TP10,MUBARAK/USDT,2026-07-31T16:00:00+00:00,2026-07-31T20:00:00+00:00,0.01371,0.01259,90.00000000,100.00000000,50.00000000,0.05000000,0.04591539,-8.16921955,-8.36105033,-4.18052516,STOP_LOSS
POS50_SL5TP10,BEL/USDT,2026-07-31T03:00:00+00:00,2026-08-01T03:00:00+00:00,0.0969,0.0974,89.00000000,89.00000000,50.00000000,0.05000000,0.05025800,0.51599587,0.31547988,0.15773994,24H
POS50_SL5TP10,ALPINE/USDT,2026-07-31T09:00:00+00:00,2026-08-01T09:00:00+00:00,0.318,0.321,90.00000000,95.00000000,50.00000000,0.05000000,0.05047170,0.94339623,0.74245283,0.37122642,24H
POS50_SL5TP10,USD1/USDT,2026-07-31T11:00:00+00:00,2026-08-01T11:00:00+00:00,1.00003,0.99989,81.00000000,80.00000000,50.00000000,0.05000000,0.04999300,-0.01399958,-0.21398558,-0.10699279,24H
POS50_SL5TP10,HOME/USDT,2026-07-31T19:00:00+00:00,2026-08-01T11:00:00+00:00,0.0055,0.0062,78.00000000,73.00000000,50.00000000,0.05000000,0.05636364,12.72727273,12.51454545,6.25727273,TAKE_PROFIT
POS50_SL5TP10,HEMI/USDT,2026-07-31T13:00:00+00:00,2026-08-01T13:00:00+00:00,0.00459,0.00473,74.00000000,61.00000000,50.00000000,0.05000000,0.05152505,3.05010893,2.84705882,1.42352941,24H
POS50_SL5TP10,HOME/USDT,2026-08-01T11:00:00+00:00,2026-08-01T16:00:00+00:00,0.0062,0.00575,84.00000000,89.00000000,50.00000000,0.05000000,0.04637097,-7.25806452,-7.45080645,-3.72540323,STOP_LOSS
POS50_SL5TP10,EURI/USDT,2026-07-31T17:00:00+00:00,2026-08-01T17:00:00+00:00,1.1539,1.1526,90.00000000,95.00000000,50.00000000,0.05000000,0.04994367,-0.11266141,-0.31254875,-0.15627437,24H
POS50_SL5TP10,ADA/USDT,2026-07-31T18:00:00+00:00,2026-08-01T18:00:00+00:00,0.1722,0.1714,89.00000000,88.00000000,50.00000000,0.05000000,0.04976771,-0.46457607,-0.66411150,-0.33205575,24H
POS50_SL5TP10,PUMP/USDT,2026-07-31T18:00:00+00:00,2026-08-01T18:00:00+00:00,0.002123,0.002072,79.00000000,74.00000000,50.00000000,0.05000000,0.04879887,-2.40226095,-2.59985869,-1.29992935,24H
POS50_SL5TP10,NEAR/USDT,2026-07-31T18:00:00+00:00,2026-08-01T18:00:00+00:00,1.702,1.66,78.00000000,73.00000000,50.00000000,0.05000000,0.04876616,-2.46768508,-2.66521739,-1.33260870,24H
POS50_SL5TP10,MUBARAK/USDT,2026-08-01T09:00:00+00:00,2026-08-01T19:00:00+00:00,0.01303,0.0121,81.00000000,80.00000000,50.00000000,0.05000000,0.04643131,-7.13737529,-7.33023791,-3.66511896,STOP_LOSS
POS50_SL5TP10,EUR/USDT,2026-07-31T20:00:00+00:00,2026-08-01T20:00:00+00:00,1.1535,1.1531,84.00000000,84.00000000,50.00000000,0.05000000,0.04998266,-0.03467707,-0.23464239,-0.11732120,24H
POS50_SL5TP10,HEI/USDT,2026-08-01T20:00:00+00:00,2026-08-01T21:00:00+00:00,0.094,0.0888,72.00000000,77.00000000,50.00000000,0.05000000,0.04723404,-5.53191489,-5.72638298,-2.86319149,STOP_LOSS
POS50_SL5TP10,HOME/USDT,2026-08-01T18:00:00+00:00,2026-08-02T01:00:00+00:00,0.00604,0.00672,89.00000000,89.00000000,50.00000000,0.05000000,0.05562914,11.25827815,11.04701987,5.52350993,TAKE_PROFIT
POS50_SL5TP10,HEI/USDT,2026-08-01T21:00:00+00:00,2026-08-02T01:00:00+00:00,0.0888,0.084,86.00000000,86.00000000,50.00000000,0.05000000,0.04729730,-5.40540541,-5.60000000,-2.80000000,STOP_LOSS
POS50_SL5TP10,TAO/USDT,2026-08-01T03:00:00+00:00,2026-08-02T03:00:00+00:00,197.7,194.1,89.00000000,88.00000000,50.00000000,0.05000000,0.04908953,-1.82094082,-2.01911988,-1.00955994,24H
POS50_SL5TP10,PUMP/USDT,2026-08-02T01:00:00+00:00,2026-08-02T10:00:00+00:00,0.002265,0.002146,95.00000000,100.00000000,50.00000000,0.05000000,0.04737307,-5.25386313,-5.44860927,-2.72430464,STOP_LOSS
POS50_SL5TP10,TUT/USDT,2026-08-01T11:00:00+00:00,2026-08-02T11:00:00+00:00,0.01758,0.01742,90.00000000,100.00000000,50.00000000,0.05000000,0.04954494,-0.91012514,-1.10921502,-0.55460751,24H
POS50_SL5TP10,GPS/USDT,2026-08-01T13:00:00+00:00,2026-08-02T13:00:00+00:00,0.00946,0.00943,83.00000000,85.00000000,50.00000000,0.05000000,0.04984144,-0.31712474,-0.51680761,-0.25840381,24H
POS50_SL5TP10,KAITO/USDT,2026-08-01T18:00:00+00:00,2026-08-02T13:00:00+00:00,1.2084,1.0894,95.00000000,100.00000000,50.00000000,0.05000000,0.04507613,-9.84773254,-10.03788481,-5.01894240,STOP_LOSS
POS50_SL5TP10,ADA/USDT,2026-08-01T19:00:00+00:00,2026-08-02T14:00:00+00:00,0.1726,0.1899,77.00000000,63.00000000,50.00000000,0.05000000,0.05501159,10.02317497,9.81315180,4.90657590,TAKE_PROFIT
POS50_SL5TP10,GIGGLE/USDT,2026-08-02T13:00:00+00:00,2026-08-02T15:00:00+00:00,44.4,42.15,84.00000000,76.00000000,50.00000000,0.05000000,0.04746622,-5.06756757,-5.26250000,-2.63125000,STOP_LOSS
POS50_SL5TP10,PEPE/USDT,2026-08-01T16:00:00+00:00,2026-08-02T16:00:00+00:00,2.78e-06,2.91e-06,87.00000000,87.00000000,50.00000000,0.05000000,0.05233813,4.67625899,4.47158273,2.23579137,24H
POS50_SL5TP10,ALPINE/USDT,2026-08-01T17:00:00+00:00,2026-08-02T17:00:00+00:00,0.328,0.319,93.00000000,98.00000000,50.00000000,0.05000000,0.04862805,-2.74390244,-2.94115854,-1.47057927,24H
POS50_SL5TP10,HOME/USDT,2026-08-02T10:00:00+00:00,2026-08-02T17:00:00+00:00,0.00784,0.00898,95.00000000,92.00000000,50.00000000,0.05000000,0.05727041,14.54081633,14.32627551,7.16313776,TAKE_PROFIT
POS50_SL5TP10,ARB/USDT,2026-08-01T18:00:00+00:00,2026-08-02T18:00:00+00:00,0.0781,0.0814,77.00000000,64.00000000,50.00000000,0.05000000,0.05211268,4.22535211,4.02112676,2.01056338,24H
POS50_SL5TP10,BICO/USDT,2026-08-02T14:00:00+00:00,2026-08-02T20:00:00+00:00,0.0122,0.01353,87.00000000,87.00000000,50.00000000,0.05000000,0.05545082,10.90163934,10.69073770,5.34536885,TAKE_PROFIT
POS50_SL5TP10,NEAR/USDT,2026-08-02T01:00:00+00:00,2026-08-03T01:00:00+00:00,1.705,1.703,87.00000000,87.00000000,50.00000000,0.05000000,0.04994135,-0.11730205,-0.31718475,-0.15859238,24H
POS50_SL5TP10,EWYB/USDT,2026-08-02T03:00:00+00:00,2026-08-03T03:00:00+00:00,160.35,161.16,89.00000000,89.00000000,50.00000000,0.05000000,0.05025257,0.50514500,0.30463985,0.15231993,24H
POS50_SL5TP10,TUT/USDT,2026-08-02T20:00:00+00:00,2026-08-03T07:00:00+00:00,0.01766,0.01954,78.00000000,65.00000000,50.00000000,0.05000000,0.05532276,10.64552661,10.43488109,5.21744054,TAKE_PROFIT
POS50_SL5TP10,SNXXB/USDT,2026-08-03T01:00:00+00:00,2026-08-03T09:00:00+00:00,9.94,9.38,89.00000000,89.00000000,50.00000000,0.05000000,0.04718310,-5.63380282,-5.82816901,-2.91408451,STOP_LOSS
POS50_SL5TP10,SKHYB/USDT,2026-08-02T17:00:00+00:00,2026-08-03T10:00:00+00:00,148.35,140.28,84.00000000,84.00000000,50.00000000,0.05000000,0.04728008,-5.43983822,-5.63439838,-2.81719919,STOP_LOSS
POS50_SL5TP10,SNDKB/USDT,2026-08-03T03:00:00+00:00,2026-08-03T10:00:00+00:00,1258.53,1193.36,81.00000000,80.00000000,50.00000000,0.05000000,0.04741087,-5.17826353,-5.37308527,-2.68654263,STOP_LOSS
POS50_SL5TP10,EUR/USDT,2026-08-02T11:00:00+00:00,2026-08-03T11:00:00+00:00,1.1541,1.1544,87.00000000,87.00000000,50.00000000,0.05000000,0.05001300,0.02599428,-0.17403171,-0.08701586,24H
POS50_SL5TP10,KORUB/USDT,2026-08-02T17:00:00+00:00,2026-08-03T11:00:00+00:00,15.66,14.58,81.00000000,81.00000000,50.00000000,0.05000000,0.04655172,-6.89655172,-7.08965517,-3.54482759,STOP_LOSS
POS50_SL5TP10,FIL/USDT,2026-08-02T13:00:00+00:00,2026-08-03T13:00:00+00:00,0.72,0.7249,84.00000000,84.00000000,50.00000000,0.05000000,0.05034028,0.68055556,0.47987500,0.23993750,24H
POS50_SL5TP10,BICO/USDT,2026-08-03T10:00:00+00:00,2026-08-03T13:00:00+00:00,0.01749,0.01962,90.00000000,92.00000000,50.00000000,0.05000000,0.05608919,12.17838765,11.96620926,5.98310463,TAKE_PROFIT
POS50_SL5TP10,ALLO/USDT,2026-08-03T11:00:00+00:00,2026-08-03T13:00:00+00:00,0.292,0.2598,89.00000000,89.00000000,50.00000000,0.05000000,0.04448630,-11.02739726,-11.21636986,-5.60818493,STOP_LOSS
POS50_SL5TP10,USD1/USDT,2026-08-02T15:00:00+00:00,2026-08-03T15:00:00+00:00,1.00005,1.00012,87.00000000,87.00000000,50.00000000,0.05000000,0.05000350,0.00699965,-0.19300735,-0.09650367,24H
POS50_SL5TP10,MUBARAK/USDT,2026-08-02T16:00:00+00:00,2026-08-03T16:00:00+00:00,0.01273,0.01266,92.00000000,97.00000000,50.00000000,0.05000000,0.04972506,-0.54988217,-0.74933229,-0.37466614,24H
POS50_SL5TP10,ZEC/USDT,2026-08-02T18:00:00+00:00,2026-08-03T18:00:00+00:00,474.85,487.68,84.00000000,84.00000000,50.00000000,0.05000000,0.05135095,2.70190587,2.49920396,1.24960198,24H
POS50_SL5TP10,HOME/USDT,2026-08-03T15:00:00+00:00,2026-08-03T19:00:00+00:00,0.00751,0.00835,92.00000000,97.00000000,50.00000000,0.05000000,0.05559254,11.18508655,10.97390146,5.48695073,TAKE_PROFIT
POS50_SL5TP10,HOME/USDT,2026-08-03T19:00:00+00:00,2026-08-03T20:00:00+00:00,0.00835,0.00778,84.00000000,88.00000000,50.00000000,0.05000000,0.04658683,-6.82634731,-7.01952096,-3.50976048,STOP_LOSS
POS50_SL5TP10,OPN/USDT,2026-08-03T16:00:00+00:00,2026-08-04T06:00:00+00:00,0.0506,0.0559,89.00000000,89.00000000,50.00000000,0.05000000,0.05523715,10.47430830,10.26383399,5.13191700,TAKE_PROFIT
POS50_SL5TP10,BMT/USDT,2026-08-03T07:00:00+00:00,2026-08-04T07:00:00+00:00,0.0119,0.01181,92.00000000,97.00000000,50.00000000,0.05000000,0.04962185,-0.75630252,-0.95554622,-0.47777311,24H
POS50_SL5TP10,HOME/USDT,2026-08-04T07:00:00+00:00,2026-08-04T08:00:00+00:00,0.00949,0.00878,87.00000000,84.00000000,50.00000000,0.05000000,0.04625922,-7.48155954,-7.67407798,-3.83703899,STOP_LOSS
POS50_SL5TP10,ENA/USDT,2026-08-03T09:00:00+00:00,2026-08-04T09:00:00+00:00,0.0901,0.091,92.00000000,97.00000000,50.00000000,0.05000000,0.05049945,0.99889012,0.79789123,0.39894562,24H
POS50_SL5TP10,ADA/USDT,2026-08-03T10:00:00+00:00,2026-08-04T10:00:00+00:00,0.1874,0.1951,87.00000000,86.00000000,50.00000000,0.05000000,0.05205443,4.10885806,3.90474920,1.95237460,24H
POS50_SL5TP10,RLUSD/USDT,2026-08-03T11:00:00+00:00,2026-08-04T11:00:00+00:00,1.0013,1.0011,84.00000000,84.00000000,50.00000000,0.05000000,0.04999001,-0.01997403,-0.21995406,-0.10997703,24H
POS50_SL5TP10,PEPE/USDT,2026-08-03T13:00:00+00:00,2026-08-04T13:00:00+00:00,2.91e-06,2.89e-06,95.00000000,100.00000000,50.00000000,0.05000000,0.04965636,-0.68728522,-0.88659794,-0.44329897,24H
POS50_SL5TP10,RARE/USDT,2026-08-03T13:00:00+00:00,2026-08-04T13:00:00+00:00,0.01207,0.01172,89.00000000,89.00000000,50.00000000,0.05000000,0.04855012,-2.89975145,-3.09685170,-1.54842585,24H
POS50_SL5TP10,BNB/USDT,2026-08-03T13:00:00+00:00,2026-08-04T13:00:00+00:00,588.21,589.18,87.00000000,87.00000000,50.00000000,0.05000000,0.05008245,0.16490709,-0.03525782,-0.01762891,24H
POS50_SL5TP10,BICO/USDT,2026-08-04T08:00:00+00:00,2026-08-04T16:00:00+00:00,0.01799,0.02055,89.00000000,80.00000000,50.00000000,0.05000000,0.05711506,14.23012785,14.01589772,7.00794886,TAKE_PROFIT
POS50_SL5TP10,PUMP/USDT,2026-08-03T18:00:00+00:00,2026-08-04T18:00:00+00:00,0.002216,0.002345,95.00000000,100.00000000,50.00000000,0.05000000,0.05291065,5.82129964,5.61547834,2.80773917,24H
POS50_SL5TP10,SPCXB/USDT,2026-08-03T20:00:00+00:00,2026-08-04T20:00:00+00:00,114.51,117.5,83.00000000,82.00000000,50.00000000,0.05000000,0.05130556,2.61112567,2.40851454,1.20425727,24H
POS50_SL5TP10,ACE/USDT,2026-08-04T10:00:00+00:00,2026-08-05T01:00:00+00:00,0.0671,0.0742,89.00000000,89.00000000,50.00000000,0.05000000,0.05529061,10.58122206,10.37064083,5.18532042,TAKE_PROFIT
POS50_SL5TP10,EWYB/USDT,2026-08-04T06:00:00+00:00,2026-08-05T06:00:00+00:00,163.43,170.31,93.00000000,98.00000000,50.00000000,0.05000000,0.05210488,4.20975341,4.00554366,2.00277183,24H
POS50_SL5TP10,KORUB/USDT,2026-08-05T01:00:00+00:00,2026-08-05T08:00:00+00:00,19.11,18.07,92.00000000,97.00000000,50.00000000,0.05000000,0.04727891,-5.44217687,-5.63673469,-2.81836735,STOP_LOSS
POS50_SL5TP10,USDE/USDT,2026-08-04T09:00:00+00:00,2026-08-05T09:00:00+00:00,1.0008,1.0007,87.00000000,87.00000000,50.00000000,0.05000000,0.04999500,-0.00999201,-0.20998201,-0.10499101,24H
POS50_SL5TP10,BMT/USDT,2026-08-04T11:00:00+00:00,2026-08-05T11:00:00+00:00,0.0119,0.0124,90.00000000,95.00000000,50.00000000,0.05000000,0.05210084,4.20168067,3.99747899,1.99873950,24H
POS50_SL5TP10,PORTAL/USDT,2026-08-04T13:00:00+00:00,2026-08-05T13:00:00+00:00,0.01059,0.01086,95.00000000,100.00000000,50.00000000,0.05000000,0.05127479,2.54957507,2.34702550,1.17351275,24H
POS50_SL5TP10,SNDKB/USDT,2026-08-04T13:00:00+00:00,2026-08-05T13:00:00+00:00,1383.52,1438.45,95.00000000,100.00000000,50.00000000,0.05000000,0.05198515,3.97030762,3.76633731,1.88316866,24H
POS50_SL5TP10,PAXG/USDT,2026-08-04T13:00:00+00:00,2026-08-05T13:00:00+00:00,4079.17,4200.39,90.00000000,95.00000000,50.00000000,0.05000000,0.05148584,2.97168296,2.76871128,1.38435564,24H
POS50_SL5TP10,MUBARAK/USDT,2026-08-04T16:00:00+00:00,2026-08-05T16:00:00+00:00,0.01305,0.01317,95.00000000,100.00000000,50.00000000,0.05000000,0.05045977,0.91954023,0.71862069,0.35931034,24H
POS50_SL5TP10,PUMP/USDT,2026-08-04T18:00:00+00:00,2026-08-05T18:00:00+00:00,0.002345,0.00243,90.00000000,100.00000000,50.00000000,0.05000000,0.05181237,3.62473348,3.42110874,1.71055437,24H
POS50_SL5TP10,SNXXB/USDT,2026-08-05T16:00:00+00:00,2026-08-05T19:00:00+00:00,12.64,11.41,95.00000000,100.00000000,50.00000000,0.05000000,0.04513449,-9.73101266,-9.92128165,-4.96064082,STOP_LOSS
POS50_SL5TP10,ARB/USDT,2026-08-04T20:00:00+00:00,2026-08-05T20:00:00+00:00,0.0825,0.0808,87.00000000,86.00000000,50.00000000,0.05000000,0.04896970,-2.06060606,-2.25854545,-1.12927273,24H
POS50_SL5TP10,KORUB/USDT,2026-08-05T13:00:00+00:00,2026-08-05T21:00:00+00:00,19.25,18.09,95.00000000,100.00000000,50.00000000,0.05000000,0.04698701,-6.02597403,-6.21994805,-3.10997403,STOP_LOSS
POS50_SL5TP10,MUB/USDT,2026-08-05T13:00:00+00:00,2026-08-06T01:00:00+00:00,919,871.04,95.00000000,100.00000000,50.00000000,0.05000000,0.04739064,-5.21871600,-5.41349728,-2.70674864,STOP_LOSS
POS50_SL5TP10,MUBARAK/USDT,2026-08-05T21:00:00+00:00,2026-08-06T05:00:00+00:00,0.01397,0.01324,95.00000000,100.00000000,50.00000000,0.05000000,0.04738726,-5.22548318,-5.42025770,-2.71012885,STOP_LOSS
POS50_SL5TP10,HEMI/USDT,2026-08-05T06:00:00+00:00,2026-08-06T06:00:00+00:00,0.00491,0.00501,90.00000000,100.00000000,50.00000000,0.05000000,0.05101833,2.03665988,1.83462322,0.91731161,24H
POS50_SL5TP10,BICO/USDT,2026-08-06T05:00:00+00:00,2026-08-06T06:00:00+00:00,0.02993,0.0283,89.00000000,80.00000000,50.00000000,0.05000000,0.04727698,-5.44604076,-5.64059472,-2.82029736,STOP_LOSS
POS50_SL5TP10,ADA/USDT,2026-08-05T08:00:00+00:00,2026-08-06T08:00:00+00:00,0.1939,0.1895,87.00000000,86.00000000,50.00000000,0.05000000,0.04886539,-2.26921093,-2.46694172,-1.23347086,24H
POS50_SL5TP10,ENA/USDT,2026-08-05T09:00:00+00:00,2026-08-06T09:00:00+00:00,0.0919,0.0914,87.00000000,86.00000000,50.00000000,0.05000000,0.04972797,-0.54406964,-0.74352557,-0.37176279,24H
POS50_SL5TP10,EWYB/USDT,2026-08-05T13:00:00+00:00,2026-08-06T10:00:00+00:00,171.47,162.5,95.00000000,100.00000000,50.00000000,0.05000000,0.04738438,-5.23123578,-5.42600455,-2.71300227,STOP_LOSS
POS50_SL5TP10,EURI/USDT,2026-08-05T11:00:00+00:00,2026-08-06T11:00:00+00:00,1.1558,1.1549,87.00000000,87.00000000,50.00000000,0.05000000,0.04996107,-0.07786814,-0.27779028,-0.13889514,24H
POS50_SL5TP10,HOME/USDT,2026-08-06T08:00:00+00:00,2026-08-06T11:00:00+00:00,0.00933,0.01049,89.00000000,88.00000000,50.00000000,0.05000000,0.05621651,12.43301179,12.22057878,6.11028939,TAKE_PROFIT
POS50_SL5TP10,ACE/USDT,2026-08-06T10:00:00+00:00,2026-08-06T13:00:00+00:00,0.0757,0.0951,89.00000000,89.00000000,50.00000000,0.05000000,0.06281374,25.62747688,25.40184941,12.70092470,TAKE_PROFIT
POS50_SL5TP10,HOME/USDT,2026-08-06T11:00:00+00:00,2026-08-06T15:00:00+00:00,0.01049,0.00972,95.00000000,92.00000000,50.00000000,0.05000000,0.04632984,-7.34032412,-7.53298379,-3.76649190,STOP_LOSS
POS50_SL5TP10,PORTAL/USDT,2026-08-05T19:00:00+00:00,2026-08-06T16:00:00+00:00,0.01125,0.01264,95.00000000,100.00000000,50.00000000,0.05000000,0.05617778,12.35555556,12.14320000,6.07160000,TAKE_PROFIT
POS50_SL5TP10,ALPINE/USDT,2026-08-05T18:00:00+00:00,2026-08-06T18:00:00+00:00,0.319,0.318,84.00000000,83.00000000,50.00000000,0.05000000,0.04984326,-0.31347962,-0.51316614,-0.25658307,24H
POS50_SL5TP10,BCH/USDT,2026-08-05T20:00:00+00:00,2026-08-06T20:00:00+00:00,216.8,213.5,87.00000000,86.00000000,50.00000000,0.05000000,0.04923893,-1.52214022,-1.72061808,-0.86030904,24H
POS50_SL5TP10,PLUME/USDT,2026-08-06T13:00:00+00:00,2026-08-06T20:00:00+00:00,0.01164,0.01284,89.00000000,89.00000000,50.00000000,0.05000000,0.05515464,10.30927835,10.09896907,5.04948454,TAKE_PROFIT
POS50_SL5TP10,FDUSD/USDT,2026-08-06T01:00:00+00:00,2026-08-07T01:00:00+00:00,0.9982,0.9982,87.00000000,87.00000000,50.00000000,0.05000000,0.05000000,0.00000000,-0.20000000,-0.10000000,24H
POS50_SL5TP10,RED/USDT,2026-08-06T06:00:00+00:00,2026-08-07T06:00:00+00:00,0.088,0.0892,89.00000000,89.00000000,50.00000000,0.05000000,0.05068182,1.36363636,1.16227273,0.58113636,24H
POS50_SL5TP10,RARE/USDT,2026-08-06T06:00:00+00:00,2026-08-07T06:00:00+00:00,0.01205,0.01258,87.00000000,87.00000000,50.00000000,0.05000000,0.05219917,4.39834025,4.19394191,2.09697095,24H
POS50_SL5TP10,RE/USDT,2026-08-07T01:00:00+00:00,2026-08-07T06:00:00+00:00,0.4085,0.3853,81.00000000,80.00000000,50.00000000,0.05000000,0.04716034,-5.67931457,-5.87363525,-2.93681763,STOP_LOSS
POS50_SL5TP10,ACE/USDT,2026-08-07T06:00:00+00:00,2026-08-07T07:00:00+00:00,0.1362,0.1578,89.00000000,80.00000000,50.00000000,0.05000000,0.05792952,15.85903084,15.64317181,7.82158590,TAKE_PROFIT
POS50_SL5TP10,GPS/USDT,2026-08-06T09:00:00+00:00,2026-08-07T09:00:00+00:00,0.00951,0.00955,93.00000000,98.00000000,50.00000000,0.05000000,0.05021030,0.42060988,0.22018927,0.11009464,24H
POS50_SL5TP10,EDEN/USDT,2026-08-06T11:00:00+00:00,2026-08-07T11:00:00+00:00,0.0395,0.04135,89.00000000,89.00000000,50.00000000,0.05000000,0.05234177,4.68354430,4.47886076,2.23943038,24H
POS50_SL5TP10,CRCLB/USDT,2026-08-06T15:00:00+00:00,2026-08-07T15:00:00+00:00,65.41,66.78,95.00000000,100.00000000,50.00000000,0.05000000,0.05104724,2.09448097,1.89238649,0.94619324,24H
POS50_SL5TP10,ADA/USDT,2026-08-06T16:00:00+00:00,2026-08-07T16:00:00+00:00,0.2068,0.1993,90.00000000,100.00000000,50.00000000,0.05000000,0.04818665,-3.62669246,-3.82306576,-1.91153288,24H
POS50_SL5TP10,HEMI/USDT,2026-08-06T18:00:00+00:00,2026-08-07T18:00:00+00:00,0.00526,0.00522,89.00000000,88.00000000,50.00000000,0.05000000,0.04961977,-0.76045627,-0.95969582,-0.47984791,24H
POS50_SL5TP10,CHIP/USDT,2026-08-06T20:00:00+00:00,2026-08-07T20:00:00+00:00,0.02536,0.02502,87.00000000,87.00000000,50.00000000,0.05000000,0.04932965,-1.34069401,-1.53935331,-0.76967666,24H
POS50_SL5TP10,OPN/USDT,2026-08-06T20:00:00+00:00,2026-08-07T20:00:00+00:00,0.0528,0.0513,87.00000000,86.00000000,50.00000000,0.05000000,0.04857955,-2.84090909,-3.03806818,-1.51903409,24H
POS50_SL5TP10,ENA/USDT,2026-08-07T09:00:00+00:00,2026-08-08T00:00:00+00:00,0.0961,0.0908,95.00000000,100.00000000,50.00000000,0.05000000,0.04724246,-5.51508845,-5.70957336,-2.85478668,STOP_LOSS
POS50_SL5TP10,RARE/USDT,2026-08-07T06:00:00+00:00,2026-08-08T06:00:00+00:00,0.01258,0.01238,92.00000000,97.00000000,50.00000000,0.05000000,0.04920509,-1.58982512,-1.78823529,-0.89411765,24H
POS50_SL5TP10,PAXG/USDT,2026-08-07T06:00:00+00:00,2026-08-08T06:00:00+00:00,4291.5,4337.99,90.00000000,95.00000000,50.00000000,0.05000000,0.05054165,1.08330421,0.88222090,0.44111045,24H
POS50_SL5TP10,BMT/USDT,2026-08-07T07:00:00+00:00,2026-08-08T07:00:00+00:00,0.01297,0.01277,92.00000000,97.00000000,50.00000000,0.05000000,0.04922899,-1.54202005,-1.74047803,-0.87023901,24H
POS50_SL5TP10,MSTRB/USDT,2026-08-07T11:00:00+00:00,2026-08-08T11:00:00+00:00,98.72,101.15,93.00000000,98.00000000,50.00000000,0.05000000,0.05123075,2.46150729,2.25904579,1.12952289,24H
POS50_SL5TP10,RE/USDT,2026-08-08T06:00:00+00:00,2026-08-08T12:00:00+00:00,0.421,0.4716,89.00000000,89.00000000,50.00000000,0.05000000,0.05600950,12.01900238,11.80698337,5.90349169,TAKE_PROFIT
POS50_SL5TP10,LTC/USDT,2026-08-07T15:00:00+00:00,2026-08-08T15:00:00+00:00,45.96,45.88,90.00000000,95.00000000,50.00000000,0.05000000,0.04991297,-0.17406440,-0.37389034,-0.18694517,24H
POS50_SL5TP10,ACE/USDT,2026-08-08T12:00:00+00:00,2026-08-08T15:00:00+00:00,0.1186,0.1407,95.00000000,92.00000000,50.00000000,0.05000000,0.05931703,18.63406408,18.41543002,9.20771501,TAKE_PROFIT
POS50_SL5TP10,GPS/USDT,2026-08-07T16:00:00+00:00,2026-08-08T16:00:00+00:00,0.00987,0.00982,90.00000000,95.00000000,50.00000000,0.05000000,0.04974671,-0.50658561,-0.70607903,-0.35303951,24H
POS50_SL5TP10,ACE/USDT,2026-08-08T15:00:00+00:00,2026-08-08T16:00:00+00:00,0.1407,0.1584,95.00000000,92.00000000,50.00000000,0.05000000,0.05628998,12.57995736,12.36737740,6.18368870,TAKE_PROFIT
POS50_SL5TP10,BEL/USDT,2026-08-07T18:00:00+00:00,2026-08-08T18:00:00+00:00,0.1017,0.108,87.00000000,87.00000000,50.00000000,0.05000000,0.05309735,6.19469027,5.98849558,2.99424779,24H
POS50_SL5TP10,ADA/USDT,2026-08-07T20:00:00+00:00,2026-08-08T20:00:00+00:00,0.2024,0.2005,82.00000000,82.00000000,50.00000000,0.05000000,0.04953063,-0.93873518,-1.13779644,-0.56889822,24H
POS50_SL5TP10,TREE/USDT,2026-08-07T20:00:00+00:00,2026-08-08T20:00:00+00:00,0.0366,0.0368,79.00000000,74.00000000,50.00000000,0.05000000,0.05027322,0.54644809,0.34590164,0.17295082,24H
POS50_SL5TP10,MUBARAK/USDT,2026-08-08T00:00:00+00:00,2026-08-08T21:00:00+00:00,0.01421,0.01577,95.00000000,100.00000000,50.00000000,0.05000000,0.05548909,10.97818438,10.76720619,5.38360310,TAKE_PROFIT
POS50_SL5TP10,DEXE/USDT,2026-08-08T20:00:00+00:00,2026-08-09T01:00:00+00:00,2.334,2.213,84.00000000,84.00000000,50.00000000,0.05000000,0.04740788,-5.18423308,-5.37904884,-2.68952442,STOP_LOSS
POS50_SL5TP10,TAO/USDT,2026-08-08T06:00:00+00:00,2026-08-09T06:00:00+00:00,197.4,205.4,90.00000000,95.00000000,50.00000000,0.05000000,0.05202634,4.05268490,3.84863222,1.92431611,24H
POS50_SL5TP10,RARE/USDT,2026-08-08T07:00:00+00:00,2026-08-09T07:00:00+00:00,0.01242,0.01339,93.00000000,98.00000000,50.00000000,0.05000000,0.05390499,7.80998390,7.60217391,3.80108696,24H
POS50_SL5TP10,MUBARAK/USDT,2026-08-09T07:00:00+00:00,2026-08-09T10:00:00+00:00,0.0179,0.02001,95.00000000,92.00000000,50.00000000,0.05000000,0.05589385,11.78770950,11.57592179,5.78796089,TAKE_PROFIT
POS50_SL5TP10,HEMI/USDT,2026-08-08T11:00:00+00:00,2026-08-09T11:00:00+00:00,0.00536,0.00553,92.00000000,97.00000000,50.00000000,0.05000000,0.05158582,3.17164179,2.96847015,1.48423507,24H
POS50_SL5TP10,MUBARAK/USDT,2026-08-09T11:00:00+00:00,2026-08-09T12:00:00+00:00,0.01966,0.01844,89.00000000,80.00000000,50.00000000,0.05000000,0.04689725,-6.20549339,-6.39928789,-3.19964395,STOP_LOSS
POS50_SL5TP10,EDEN/USDT,2026-08-08T15:00:00+00:00,2026-08-09T15:00:00+00:00,0.04339,0.04246,95.00000000,100.00000000,50.00000000,0.05000000,0.04892832,-2.14335100,-2.34120765,-1.17060383,24H
POS50_SL5TP10,ONG/USDT,2026-08-08T16:00:00+00:00,2026-08-09T16:00:00+00:00,0.04311,0.04355,90.00000000,95.00000000,50.00000000,0.05000000,0.05051032,1.02064486,0.81962422,0.40981211,24H
POS50_SL5TP10,PEPE/USDT,2026-08-08T16:00:00+00:00,2026-08-09T16:00:00+00:00,2.89e-06,2.89e-06,90.00000000,95.00000000,50.00000000,0.05000000,0.05000000,0.00000000,-0.20000000,-0.10000000,24H
POS50_SL5TP10,PORTAL/USDT,2026-08-08T18:00:00+00:00,2026-08-09T18:00:00+00:00,0.01142,0.01144,95.00000000,100.00000000,50.00000000,0.05000000,0.05008757,0.17513135,-0.02504378,-0.01252189,24H
POS50_SL5TP10,SPCXB/USDT,2026-08-08T20:00:00+00:00,2026-08-09T20:00:00+00:00,135.22,136.68,93.00000000,98.00000000,50.00000000,0.05000000,0.05053986,1.07972193,0.87864221,0.43932111,24H
POS50_SL5TP10,EWYB/USDT,2026-08-08T21:00:00+00:00,2026-08-09T21:00:00+00:00,166.68,167.1,87.00000000,87.00000000,50.00000000,0.05000000,0.05012599,0.25197984,0.05172786,0.02586393,24H
POS50_SL5TP10,PLUME/USDT,2026-08-09T01:00:00+00:00,2026-08-10T01:00:00+00:00,0.01205,0.01221,85.00000000,87.00000000,50.00000000,0.05000000,0.05066390,1.32780083,1.12647303,0.56323651,24H
POS50_SL5TP10,TREE/USDT,2026-08-09T06:00:00+00:00,2026-08-10T06:00:00+00:00,0.0379,0.0375,93.00000000,98.00000000,50.00000000,0.05000000,0.04947230,-1.05540897,-1.25435356,-0.62717678,24H
POS50_SL5TP10,HEMI/USDT,2026-08-09T21:00:00+00:00,2026-08-10T09:00:00+00:00,0.00562,0.00525,90.00000000,95.00000000,50.00000000,0.05000000,0.04670819,-6.58362989,-6.77704626,-3.38852313,STOP_LOSS
POS50_SL5TP10,ZEC/USDT,2026-08-09T10:00:00+00:00,2026-08-10T10:00:00+00:00,524.92,507.33,90.00000000,100.00000000,50.00000000,0.05000000,0.04832451,-3.35098682,-3.54763583,-1.77381792,24H
POS50_SL5TP10,SOXLB/USDT,2026-08-09T12:00:00+00:00,2026-08-10T12:00:00+00:00,142.46,140.05,87.00000000,87.00000000,50.00000000,0.05000000,0.04915415,-1.69170293,-1.89001123,-0.94500562,24H
POS50_SL5TP10,BEL/USDT,2026-08-09T15:00:00+00:00,2026-08-10T15:00:00+00:00,0.1109,0.1073,90.00000000,95.00000000,50.00000000,0.05000000,0.04837692,-3.24616772,-3.44292155,-1.72146078,24H
POS50_SL5TP10,HOME/USDT,2026-08-10T06:00:00+00:00,2026-08-10T15:00:00+00:00,0.00961,0.01189,92.00000000,97.00000000,50.00000000,0.05000000,0.06186264,23.72528616,23.50156087,11.75078044,TAKE_PROFIT
POS50_SL5TP10,CRCLB/USDT,2026-08-09T16:00:00+00:00,2026-08-10T16:00:00+00:00,68.32,65.86,90.00000000,95.00000000,50.00000000,0.05000000,0.04819965,-3.60070258,-3.79710187,-1.89855094,24H
POS50_SL5TP10,TRUMP/USDT,2026-08-09T16:00:00+00:00,2026-08-10T16:00:00+00:00,1.521,1.486,90.00000000,100.00000000,50.00000000,0.05000000,0.04884944,-2.30111769,-2.49881657,-1.24940828,24H
POS50_SL5TP10,EDEN/USDT,2026-08-10T10:00:00+00:00,2026-08-10T16:00:00+00:00,0.04629,0.04356,95.00000000,100.00000000,50.00000000,0.05000000,0.04705120,-5.89760207,-6.09170447,-3.04585224,STOP_LOSS
POS50_SL5TP10,RARE/USDT,2026-08-09T18:00:00+00:00,2026-08-10T18:00:00+00:00,0.01368,0.01352,92.00000000,97.00000000,50.00000000,0.05000000,0.04941520,-1.16959064,-1.36842105,-0.68421053,24H
POS50_SL5TP10,RE/USDT,2026-08-10T12:00:00+00:00,2026-08-10T19:00:00+00:00,0.4334,0.409,89.00000000,89.00000000,50.00000000,0.05000000,0.04718505,-5.62990309,-5.82427319,-2.91213659,STOP_LOSS
POS50_SL5TP10,EUR/USDT,2026-08-09T20:00:00+00:00,2026-08-10T20:00:00+00:00,1.1565,1.1553,84.00000000,84.00000000,50.00000000,0.05000000,0.04994812,-0.10376135,-0.30365759,-0.15182879,24H
POS50_SL5TP10,HOME/USDT,2026-08-10T18:00:00+00:00,2026-08-10T20:00:00+00:00,0.01017,0.00954,89.00000000,80.00000000,50.00000000,0.05000000,0.04690265,-6.19469027,-6.38849558,-3.19424779,STOP_LOSS
POS50_SL5TP10,ALLO/USDT,2026-08-10T16:00:00+00:00,2026-08-10T22:00:00+00:00,0.3267,0.3081,95.00000000,100.00000000,50.00000000,0.05000000,0.04715335,-5.69329660,-5.88760331,-2.94380165,STOP_LOSS
POS50_SL5TP10,PLUME/USDT,2026-08-10T01:00:00+00:00,2026-08-11T01:00:00+00:00,0.01221,0.01225,93.00000000,98.00000000,50.00000000,0.05000000,0.05016380,0.32760033,0.12727273,0.06363636,24H
POS50_SL5TP10,MUBARAK/USDT,2026-08-10T15:00:00+00:00,2026-08-11T01:00:00+00:00,0.02176,0.01974,89.00000000,80.00000000,50.00000000,0.05000000,0.04535846,-9.28308824,-9.47380515,-4.73690257,STOP_LOSS
POS50_SL5TP10,SPCXB/USDT,2026-08-10T09:00:00+00:00,2026-08-11T09:00:00+00:00,136.24,136.9,93.00000000,98.00000000,50.00000000,0.05000000,0.05024222,0.48443922,0.28395479,0.14197739,24H
POS50_SL5TP10,RARE/USDT,2026-08-10T20:00:00+00:00,2026-08-11T09:00:00+00:00,0.01368,0.01212,87.00000000,86.00000000,50.00000000,0.05000000,0.04429825,-11.40350877,-11.59210526,-5.79605263,STOP_LOSS
POS50_SL5TP10,PORTAL/USDT,2026-08-10T15:00:00+00:00,2026-08-11T14:00:00+00:00,0.01185,0.01116,95.00000000,100.00000000,50.00000000,0.05000000,0.04708861,-5.82278481,-6.01696203,-3.00848101,STOP_LOSS
POS50_SL5TP10,XPL/USDT,2026-08-11T01:00:00+00:00,2026-08-11T15:00:00+00:00,0.0802,0.07605,89.00000000,88.00000000,50.00000000,0.05000000,0.04741272,-5.17456359,-5.36938903,-2.68469451,STOP_LOSS
POS50_SL5TP10,PAXG/USDT,2026-08-10T16:00:00+00:00,2026-08-11T16:00:00+00:00,4348.17,4380.62,87.00000000,87.00000000,50.00000000,0.05000000,0.05037315,0.74629097,0.54554468,0.27277234,24H
POS50_SL5TP10,PUMP/USDT,2026-08-10T16:00:00+00:00,2026-08-11T16:00:00+00:00,0.002727,0.002695,87.00000000,86.00000000,50.00000000,0.05000000,0.04941327,-1.17345068,-1.37227723,-0.68613861,24H
POS50_SL5TP10,RLUSD/USDT,2026-08-10T19:00:00+00:00,2026-08-11T19:00:00+00:00,1.001,1.001,81.00000000,81.00000000,50.00000000,0.05000000,0.05000000,0.00000000,-0.20000000,-0.10000000,24H
POS50_SL5TP10,SOL/USDT,2026-08-10T20:00:00+00:00,2026-08-11T20:00:00+00:00,76.43,76.05,79.00000000,74.00000000,50.00000000,0.05000000,0.04975141,-0.49718697,-0.69668978,-0.34834489,24H
POS50_SL5TP10,WLD/USDT,2026-08-10T22:00:00+00:00,2026-08-11T22:00:00+00:00,0.3369,0.3362,79.00000000,74.00000000,50.00000000,0.05000000,0.04989611,-0.20777679,-0.40756901,-0.20378451,24H
POS50_SL5TP10,LINK/USDT,2026-08-11T01:00:00+00:00,2026-08-12T01:00:00+00:00,8.428,8.787,93.00000000,98.00000000,50.00000000,0.05000000,0.05212981,4.25961082,4.05535121,2.02767561,24H
POS50_SL5TP10,BMT/USDT,2026-08-11T19:00:00+00:00,2026-08-12T01:00:00+00:00,0.02282,0.02015,79.00000000,67.00000000,50.00000000,0.05000000,0.04414987,-11.70026293,-11.88856266,-5.94428133,STOP_LOSS
POS50_SL5TP10,GIGGLE/USDT,2026-08-11T15:00:00+00:00,2026-08-12T04:00:00+00:00,37.47,35.43,95.00000000,100.00000000,50.00000000,0.05000000,0.04727782,-5.44435548,-5.63891113,-2.81945556,STOP_LOSS
POS50_SL5TP10,BNB/USDT,2026-08-11T09:00:00+00:00,2026-08-12T09:00:00+00:00,607.19,613.7,87.00000000,86.00000000,50.00000000,0.05000000,0.05053608,1.07215204,0.87107989,0.43553995,24H
POS50_SL5TP10,DOGE/USDT,2026-08-11T09:00:00+00:00,2026-08-12T09:00:00+00:00,0.07059,0.07204,84.00000000,84.00000000,50.00000000,0.05000000,0.05102706,2.05411531,1.85206120,0.92603060,24H
POS50_SL5TP10,KORUB/USDT,2026-08-11T14:00:00+00:00,2026-08-12T12:00:00+00:00,17.95,19.83,89.00000000,88.00000000,50.00000000,0.05000000,0.05523677,10.47353760,10.26306407,5.13153203,TAKE_PROFIT
POS50_SL5TP10,CRCLB/USDT,2026-08-11T16:00:00+00:00,2026-08-12T16:00:00+00:00,71.09,70.03,84.00000000,88.00000000,50.00000000,0.05000000,0.04925447,-1.49106766,-1.68957659,-0.84478830,24H
POS50_SL5TP10,EDEN/USDT,2026-08-11T16:00:00+00:00,2026-08-12T16:00:00+00:00,0.04437,0.04516,80.00000000,72.00000000,50.00000000,0.05000000,0.05089024,1.78048231,1.57870183,0.78935091,24H
POS50_SL5TP10,ENA/USDT,2026-08-11T20:00:00+00:00,2026-08-12T20:00:00+00:00,0.0898,0.0868,87.00000000,87.00000000,50.00000000,0.05000000,0.04832962,-3.34075724,-3.53741648,-1.76870824,24H
POS50_SL5TP10,HOME/USDT,2026-08-11T22:00:00+00:00,2026-08-12T22:00:00+00:00,0.00922,0.00935,82.00000000,84.00000000,50.00000000,0.05000000,0.05070499,1.40997831,1.20856833,0.60428416,24H
POS50_SL5TP10,WLD/USDT,2026-08-12T01:00:00+00:00,2026-08-13T01:00:00+00:00,0.3406,0.3298,90.00000000,95.00000000,50.00000000,0.05000000,0.04841456,-3.17087493,-3.36770405,-1.68385203,24H
POS50_SL5TP10,EWYB/USDT,2026-08-12T01:00:00+00:00,2026-08-13T01:00:00+00:00,170.35,177.39,88.00000000,93.00000000,50.00000000,0.05000000,0.05206633,4.13266804,3.92853537,1.96426768,24H
POS50_SL5TP10,RE/USDT,2026-08-12T04:00:00+00:00,2026-08-13T04:00:00+00:00,0.436,0.4388,90.00000000,95.00000000,50.00000000,0.05000000,0.05032110,0.64220183,0.44155963,0.22077982,24H
POS50_SL5TP10,HOME/USDT,2026-08-12T22:00:00+00:00,2026-08-13T06:00:00+00:00,0.00935,0.01036,79.00000000,75.00000000,50.00000000,0.05000000,0.05540107,10.80213904,10.59133690,5.29566845,TAKE_PROFIT
POS50_SL5TP10,GPS/USDT,2026-08-12T09:00:00+00:00,2026-08-13T09:00:00+00:00,0.00981,0.01014,90.00000000,100.00000000,50.00000000,0.05000000,0.05168196,3.36391437,3.16055046,1.58027523,24H
POS50_SL5TP10,SOL/USDT,2026-08-12T09:00:00+00:00,2026-08-13T09:00:00+00:00,76.75,76.16,87.00000000,87.00000000,50.00000000,0.05000000,0.04961564,-0.76872964,-0.96796091,-0.48398046,24H
POS50_SL5TP10,LINK/USDT,2026-08-12T12:00:00+00:00,2026-08-13T12:00:00+00:00,8.849,8.782,93.00000000,98.00000000,50.00000000,0.05000000,0.04962143,-0.75714770,-0.95639055,-0.47819528,24H
POS50_SL5TP10,EDEN/USDT,2026-08-12T16:00:00+00:00,2026-08-13T15:00:00+00:00,0.04516,0.04974,93.00000000,98.00000000,50.00000000,0.05000000,0.05507086,10.14171833,9.93157662,4.96578831,TAKE_PROFIT
POS50_SL5TP10,SNDKB/USDT,2026-08-13T12:00:00+00:00,2026-08-13T15:00:00+00:00,1353.63,1532.99,90.00000000,95.00000000,50.00000000,0.05000000,0.05662515,13.25029735,13.03704705,6.51852353,TAKE_PROFIT
POS50_SL5TP10,USDE/USDT,2026-08-12T16:00:00+00:00,2026-08-13T16:00:00+00:00,1.0008,1.0007,87.00000000,87.00000000,50.00000000,0.05000000,0.04999500,-0.00999201,-0.20998201,-0.10499101,24H
POS50_SL5TP10,EDEN/USDT,2026-08-13T15:00:00+00:00,2026-08-13T18:00:00+00:00,0.04974,0.05933,90.00000000,100.00000000,50.00000000,0.05000000,0.05964013,19.28025734,19.06097708,9.53048854,TAKE_PROFIT
POS50_SL5TP10,CRCLB/USDT,2026-08-12T20:00:00+00:00,2026-08-13T20:00:00+00:00,70.98,75.27,78.00000000,65.00000000,50.00000000,0.05000000,0.05302198,6.04395604,5.83791209,2.91895604,24H
POS50_SL5TP10,RLUSD/USDT,2026-08-13T01:00:00+00:00,2026-08-14T01:00:00+00:00,1.0011,1.001,87.00000000,87.00000000,50.00000000,0.05000000,0.04999501,-0.00998901,-0.20997902,-0.10498951,24H
POS50_SL5TP10,PUMP/USDT,2026-08-13T01:00:00+00:00,2026-08-14T01:00:00+00:00,0.002738,0.002982,84.00000000,84.00000000,50.00000000,0.05000000,0.05445581,8.91161432,8.70270270,4.35135135,24H
POS50_SL5TP10,ACE/USDT,2026-08-13T16:00:00+00:00,2026-08-14T01:00:00+00:00,0.1154,0.1349,95.00000000,100.00000000,50.00000000,0.05000000,0.05844887,16.89774697,16.68084922,8.34042461,TAKE_PROFIT
POS50_SL5TP10,AVAX/USDT,2026-08-13T04:00:00+00:00,2026-08-14T04:00:00+00:00,6.505,6.433,86.00000000,86.00000000,50.00000000,0.05000000,0.04944658,-1.10684089,-1.30573405,-0.65286703,24H
POS50_SL5TP10,HOME/USDT,2026-08-13T06:00:00+00:00,2026-08-14T06:00:00+00:00,0.01036,0.0114,90.00000000,100.00000000,50.00000000,0.05000000,0.05501931,10.03861004,9.82857143,4.91428571,TAKE_PROFIT
POS50_SL5TP10,RE/USDT,2026-08-13T09:00:00+00:00,2026-08-14T09:00:00+00:00,0.4494,0.4391,95.00000000,100.00000000,50.00000000,0.05000000,0.04885403,-2.29194482,-2.48965287,-1.24482644,24H
POS50_SL5TP10,WLD/USDT,2026-08-13T09:00:00+00:00,2026-08-14T09:00:00+00:00,0.3466,0.3357,95.00000000,100.00000000,50.00000000,0.05000000,0.04842758,-3.14483555,-3.34169071,-1.67084535,24H
POS50_SL5TP10,DEXE/USDT,2026-08-13T18:00:00+00:00,2026-08-14T09:00:00+00:00,2.06,1.937,79.00000000,76.00000000,50.00000000,0.05000000,0.04701456,-5.97087379,-6.16490291,-3.08245146,STOP_LOSS
POS50_SL5TP10,PUMP/USDT,2026-08-14T01:00:00+00:00,2026-08-14T14:00:00+00:00,0.002982,0.002803,89.00000000,88.00000000,50.00000000,0.05000000,0.04699866,-6.00268276,-6.19668008,-3.09834004,STOP_LOSS
POS50_SL5TP10,SOXLB/USDT,2026-08-13T15:00:00+00:00,2026-08-14T15:00:00+00:00,149.63,140.58,89.00000000,88.00000000,50.00000000,0.05000000,0.04697587,-6.04825236,-6.24220410,-3.12110205,STOP_LOSS
POS50_SL5TP10,HEI/USDT,2026-08-14T15:00:00+00:00,2026-08-14T18:00:00+00:00,0.1446,0.1335,89.00000000,81.00000000,50.00000000,0.05000000,0.04616183,-7.67634855,-7.86867220,-3.93433610,STOP_LOSS
POS50_SL5TP10,TAO/USDT,2026-08-13T20:00:00+00:00,2026-08-14T20:00:00+00:00,202.9,197.8,87.00000000,86.00000000,50.00000000,0.05000000,0.04874322,-2.51355347,-2.71103992,-1.35551996,24H
POS50_SL5TP10,RED/USDT,2026-08-14T01:00:00+00:00,2026-08-15T01:00:00+00:00,0.0891,0.0873,84.00000000,89.00000000,50.00000000,0.05000000,0.04898990,-2.02020202,-2.21818182,-1.10909091,24H
POS50_SL5TP10,EWYB/USDT,2026-08-14T01:00:00+00:00,2026-08-15T01:00:00+00:00,178.32,179.92,83.00000000,75.00000000,50.00000000,0.05000000,0.05044863,0.89726335,0.69636608,0.34818304,24H
POS50_SL5TP10,USDC/USDT,2026-08-14T04:00:00+00:00,2026-08-15T04:00:00+00:00,1.00088,1.00088,87.00000000,87.00000000,50.00000000,0.05000000,0.05000000,0.00000000,-0.20000000,-0.10000000,24H
POS50_SL5TP10,KORUB/USDT,2026-08-14T06:00:00+00:00,2026-08-15T06:00:00+00:00,21.69,21.63,92.00000000,97.00000000,50.00000000,0.05000000,0.04986169,-0.27662517,-0.47634855,-0.23817427,24H
POS50_SL5TP10,RLUSD/USDT,2026-08-14T09:00:00+00:00,2026-08-15T09:00:00+00:00,1.0011,1.0013,87.00000000,87.00000000,50.00000000,0.05000000,0.05000999,0.01997802,-0.18004195,-0.09002098,24H
POS50_SL5TP10,U/USDT,2026-08-14T09:00:00+00:00,2026-08-15T09:00:00+00:00,1.0005,1.0005,87.00000000,87.00000000,50.00000000,0.05000000,0.05000000,0.00000000,-0.20000000,-0.10000000,24H
POS50_SL5TP10,USDE/USDT,2026-08-14T09:00:00+00:00,2026-08-15T09:00:00+00:00,1.0008,1.001,87.00000000,87.00000000,50.00000000,0.05000000,0.05000999,0.01998401,-0.18003597,-0.09001799,24H
POS50_SL5TP10,ACE/USDT,2026-08-15T06:00:00+00:00,2026-08-15T09:00:00+00:00,0.2734,0.2131,89.00000000,80.00000000,50.00000000,0.05000000,0.03897220,-22.05559620,-22.23354060,-11.11677030,STOP_LOSS
POS50_SL5TP10,PLUME/USDT,2026-08-15T01:00:00+00:00,2026-08-15T10:00:00+00:00,0.0127,0.0141,89.00000000,88.00000000,50.00000000,0.05000000,0.05551181,11.02362205,10.81259843,5.40629921,TAKE_PROFIT
POS50_SL5TP10,WLD/USDT,2026-08-14T14:00:00+00:00,2026-08-15T14:00:00+00:00,0.3392,0.3446,87.00000000,86.00000000,50.00000000,0.05000000,0.05079599,1.59198113,1.39038915,0.69519458,24H
POS50_SL5TP10,HEMI/USDT,2026-08-15T09:00:00+00:00,2026-08-15T14:00:00+00:00,0.00533,0.00661,89.00000000,89.00000000,50.00000000,0.05000000,0.06200750,24.01500938,23.79099437,11.89549719,TAKE_PROFIT
POS50_SL5TP10,LINK/USDT,2026-08-14T18:00:00+00:00,2026-08-15T18:00:00+00:00,8.946,9.55,93.00000000,98.00000000,50.00000000,0.05000000,0.05337581,6.75162084,6.54486922,3.27243461,24H
POS50_SL5TP10,WLFI/USDT,2026-08-14T20:00:00+00:00,2026-08-15T20:00:00+00:00,0.0562,0.0566,93.00000000,98.00000000,50.00000000,0.05000000,0.05035587,0.71174377,0.51103203,0.25551601,24H
POS50_SL5TP10,RED/USDT,2026-08-15T18:00:00+00:00,2026-08-15T21:00:00+00:00,0.0911,0.1067,90.00000000,100.00000000,50.00000000,0.05000000,0.05856202,17.12403952,16.90691548,8.45345774,TAKE_PROFIT
POS50_SL5TP10,AVAX/USDT,2026-08-15T04:00:00+00:00,2026-08-15T22:00:00+00:00,6.723,6.377,87.00000000,92.00000000,50.00000000,0.05000000,0.04742674,-5.14651197,-5.34136546,-2.67068273,STOP_LOSS
POS50_SL5TP10,CHIP/USDT,2026-08-15T14:00:00+00:00,2026-08-15T22:00:00+00:00,0.02506,0.02773,84.00000000,89.00000000,50.00000000,0.05000000,0.05532721,10.65442937,10.44377494,5.22188747,TAKE_PROFIT
POS50_SL5TP10,RED/USDT,2026-08-15T22:00:00+00:00,2026-08-16T00:00:00+00:00,0.0941,0.0893,95.00000000,100.00000000,50.00000000,0.05000000,0.04744952,-5.10095643,-5.29585547,-2.64792774,STOP_LOSS
POS50_SL5TP10,RE/USDT,2026-08-15T01:00:00+00:00,2026-08-16T01:00:00+00:00,0.4662,0.4609,89.00000000,88.00000000,50.00000000,0.05000000,0.04943157,-1.13685114,-1.33571429,-0.66785714,24H
POS50_SL5TP10,HEMI/USDT,2026-08-15T14:00:00+00:00,2026-08-16T02:00:00+00:00,0.00661,0.00742,90.00000000,92.00000000,50.00000000,0.05000000,0.05612708,12.25416036,12.04190620,6.02095310,TAKE_PROFIT
POS50_SL5TP10,U/USDT,2026-08-15T09:00:00+00:00,2026-08-16T09:00:00+00:00,1.0005,1.0004,84.00000000,84.00000000,50.00000000,0.05000000,0.04999500,-0.00999500,-0.20998501,-0.10499250,24H
POS50_SL5TP10,BNB/USDT,2026-08-15T09:00:00+00:00,2026-08-16T09:00:00+00:00,611.88,607.33,81.00000000,80.00000000,50.00000000,0.05000000,0.04962820,-0.74360986,-0.94286625,-0.47143312,24H
POS50_SL5TP10,EUR/USDT,2026-08-15T09:00:00+00:00,2026-08-16T09:00:00+00:00,1.1577,1.1575,81.00000000,80.00000000,50.00000000,0.05000000,0.04999136,-0.01727563,-0.21725836,-0.10862918,24H
POS50_SL5TP10,OPN/USDT,2026-08-15T10:00:00+00:00,2026-08-16T10:00:00+00:00,0.0498,0.0532,84.00000000,89.00000000,50.00000000,0.05000000,0.05341365,6.82730924,6.62048193,3.31024096,24H
POS50_SL5TP10,GPS/USDT,2026-08-16T02:00:00+00:00,2026-08-16T13:00:00+00:00,0.01063,0.01004,90.00000000,95.00000000,50.00000000,0.05000000,0.04722484,-5.55032926,-5.74477893,-2.87238946,STOP_LOSS
POS50_SL5TP10,BEL/USDT,2026-08-16T09:00:00+00:00,2026-08-16T18:00:00+00:00,0.1072,0.1222,93.00000000,98.00000000,50.00000000,0.05000000,0.05699627,13.99253731,13.77854478,6.88927239,TAKE_PROFIT
POS50_SL5TP10,RE/USDT,2026-08-16T01:00:00+00:00,2026-08-16T19:00:00+00:00,0.4609,0.4293,84.00000000,83.00000000,50.00000000,0.05000000,0.04657192,-6.85615101,-7.04929486,-3.52464743,STOP_LOSS
POS50_SL5TP10,ALPINE/USDT,2026-08-15T20:00:00+00:00,2026-08-16T20:00:00+00:00,0.32,0.317,89.00000000,89.00000000,50.00000000,0.05000000,0.04953125,-0.93750000,-1.13656250,-0.56828125,24H
POS50_SL5TP10,EWYB/USDT,2026-08-15T21:00:00+00:00,2026-08-16T21:00:00+00:00,180.21,180.77,87.00000000,87.00000000,50.00000000,0.05000000,0.05015537,0.31074857,0.11043782,0.05521891,24H
POS50_SL5TP10,XPL/USDT,2026-08-16T09:00:00+00:00,2026-08-16T21:00:00+00:00,0.07827,0.07432,93.00000000,98.00000000,50.00000000,0.05000000,0.04747668,-5.04663345,-5.24158681,-2.62079341,STOP_LOSS
POS50_SL5TP10,ONG/USDT,2026-08-15T22:00:00+00:00,2026-08-16T22:00:00+00:00,0.05037,0.05363,95.00000000,100.00000000,50.00000000,0.05000000,0.05323605,6.47210641,6.26563431,3.13281715,24H
POS50_SL5TP10,WLFI/USDT,2026-08-16T00:00:00+00:00,2026-08-17T00:00:00+00:00,0.0578,0.0598,92.00000000,97.00000000,50.00000000,0.05000000,0.05173010,3.46020761,3.25674740,1.62837370,24H
POS50_SL5TP10,ONG/USDT,2026-08-16T22:00:00+00:00,2026-08-17T01:00:00+00:00,0.05363,0.06082,80.00000000,72.00000000,50.00000000,0.05000000,0.05670334,13.40667537,13.19326869,6.59663435,TAKE_PROFIT
POS50_SL5TP10,GPS/USDT,2026-08-17T01:00:00+00:00,2026-08-17T03:00:00+00:00,0.01195,0.01394,95.00000000,100.00000000,50.00000000,0.05000000,0.05832636,16.65271967,16.43606695,8.21803347,TAKE_PROFIT
POS50_SL5TP10,CHIP/USDT,2026-08-16T09:00:00+00:00,2026-08-17T07:00:00+00:00,0.02897,0.03253,92.00000000,97.00000000,50.00000000,0.05000000,0.05614429,12.28857439,12.07628581,6.03814291,TAKE_PROFIT
POS50_SL5TP10,CHIP/USDT,2026-08-17T07:00:00+00:00,2026-08-17T08:00:00+00:00,0.03253,0.02993,90.00000000,100.00000000,50.00000000,0.05000000,0.04600369,-7.99262219,-8.18462957,-4.09231479,STOP_LOSS
POS50_SL5TP10,PORTAL/USDT,2026-08-16T21:00:00+00:00,2026-08-17T09:00:00+00:00,0.01718,0.01581,79.00000000,71.00000000,50.00000000,0.05000000,0.04601281,-7.97438882,-8.16641444,-4.08320722,STOP_LOSS
POS50_SL5TP10,PLUME/USDT,2026-08-16T10:00:00+00:00,2026-08-17T10:00:00+00:00,0.01311,0.01258,87.00000000,86.00000000,50.00000000,0.05000000,0.04797864,-4.04271548,-4.23867277,-2.11933638,24H
POS50_SL5TP10,USD1/USDT,2026-08-16T13:00:00+00:00,2026-08-17T13:00:00+00:00,1.0002,1.00002,81.00000000,81.00000000,50.00000000,0.05000000,0.04999100,-0.01799640,-0.21797840,-0.10898920,24H
POS50_SL5TP10,SNXXB/USDT,2026-08-16T18:00:00+00:00,2026-08-17T13:00:00+00:00,16.67,18.97,93.00000000,98.00000000,50.00000000,0.05000000,0.05689862,13.79724055,13.58344331,6.79172166,TAKE_PROFIT
POS50_SL5TP10,KORUB/USDT,2026-08-17T03:00:00+00:00,2026-08-17T14:00:00+00:00,22.59,25.04,90.00000000,100.00000000,50.00000000,0.05000000,0.05542275,10.84550686,10.63466135,5.31733068,TAKE_PROFIT
POS50_SL5TP10,CHIP/USDT,2026-08-17T08:00:00+00:00,2026-08-17T18:00:00+00:00,0.02993,0.02814,95.00000000,100.00000000,50.00000000,0.05000000,0.04700969,-5.98062145,-6.17464083,-3.08732041,STOP_LOSS
POS50_SL5TP10,EUR/USDT,2026-08-16T19:00:00+00:00,2026-08-17T19:00:00+00:00,1.1577,1.1588,87.00000000,87.00000000,50.00000000,0.05000000,0.05004751,0.09501598,-0.10507904,-0.05253952,24H
POS50_SL5TP10,BEL/USDT,2026-08-16T20:00:00+00:00,2026-08-17T20:00:00+00:00,0.1115,0.1082,87.00000000,87.00000000,50.00000000,0.05000000,0.04852018,-2.95964126,-3.15668161,-1.57834081,24H
POS50_SL5TP10,RARE/USDT,2026-08-16T21:00:00+00:00,2026-08-17T21:00:00+00:00,0.01217,0.01231,87.00000000,87.00000000,50.00000000,0.05000000,0.05057518,1.15036976,0.94921939,0.47460970,24H
POS50_SL5TP10,MUBARAK/USDT,2026-08-17T00:00:00+00:00,2026-08-17T21:00:00+00:00,0.0175,0.01661,92.00000000,97.00000000,50.00000000,0.05000000,0.04745714,-5.08571429,-5.28062857,-2.64031429,STOP_LOSS
POS50_SL5TP10,BMT/USDT,2026-08-17T18:00:00+00:00,2026-08-18T05:00:00+00:00,0.01605,0.01519,89.00000000,89.00000000,50.00000000,0.05000000,0.04732087,-5.35825545,-5.55289720,-2.77644860,STOP_LOSS
POS50_SL5TP10,EDEN/USDT,2026-08-18T05:00:00+00:00,2026-08-18T07:00:00+00:00,0.05105,0.05792,92.00000000,97.00000000,50.00000000,0.05000000,0.05672870,13.45739471,13.24393732,6.62196866,TAKE_PROFIT
POS50_SL5TP10,SNDKB/USDT,2026-08-17T13:00:00+00:00,2026-08-18T08:00:00+00:00,1780.29,1684.65,90.00000000,100.00000000,50.00000000,0.05000000,0.04731392,-5.37215847,-5.56678631,-2.78339316,STOP_LOSS
POS50_SL5TP10,POL/USDT,2026-08-17T09:00:00+00:00,2026-08-18T09:00:00+00:00,0.07592,0.08099,93.00000000,98.00000000,50.00000000,0.05000000,0.05333904,6.67808219,6.47140411,3.23570205,24H
POS50_SL5TP10,OPN/USDT,2026-08-17T20:00:00+00:00,2026-08-18T09:00:00+00:00,0.0527,0.0587,84.00000000,84.00000000,50.00000000,0.05000000,0.05569260,11.38519924,11.17381404,5.58690702,TAKE_PROFIT
POS50_SL5TP10,USDC/USDT,2026-08-17T10:00:00+00:00,2026-08-18T10:00:00+00:00,1.00097,1.00088,87.00000000,87.00000000,50.00000000,0.05000000,0.04999550,-0.00899128,-0.20898229,-0.10449114,24H
POS50_SL5TP10,ACE/USDT,2026-08-18T07:00:00+00:00,2026-08-18T12:00:00+00:00,0.191,0.2162,95.00000000,92.00000000,50.00000000,0.05000000,0.05659686,13.19371728,12.98052356,6.49026178,TAKE_PROFIT
POS50_SL5TP10,ACE/USDT,2026-08-18T12:00:00+00:00,2026-08-18T12:30:12.661268+00:00,0.2162,0.1913,95.00000000,92.00000000,50.00000000,0.05000000,0.04424144,-11.51711378,-11.70559667,-5.85279833,STOP_LOSS
POS50_SL5TP10,CRCLB/USDT,2026-08-17T13:00:00+00:00,2026-08-18T13:00:00+00:00,74.22,72.38,90.00000000,100.00000000,50.00000000,0.05000000,0.04876044,-2.47911614,-2.67663703,-1.33831851,24H
POS50_SL5TP10,CHIP/USDT,2026-08-18T09:00:00+00:00,2026-08-18T13:00:00+00:00,0.0286,0.02712,84.00000000,84.00000000,50.00000000,0.05000000,0.04741259,-5.17482517,-5.36965035,-2.68482517,STOP_LOSS
POS50_SL5TP10,ACE/USDT,2026-08-18T12:30:12.661268+00:00,2026-08-18T13:00:00+00:00,0.1913,0.2238,76.00000000,83.00000000,50.00000000,0.05000000,0.05849451,16.98902248,16.77203346,8.38601673,TAKE_PROFIT
POS50_SL5TP10,HEMI/USDT,2026-08-17T14:00:00+00:00,2026-08-18T14:00:00+00:00,0.00692,0.00646,95.00000000,100.00000000,50.00000000,0.05000000,0.04667630,-6.64739884,-6.84075145,-3.42037572,STOP_LOSS
POS50_SL5TP10,FDUSD/USDT,2026-08-17T19:00:00+00:00,2026-08-18T19:00:00+00:00,0.998,0.9979,81.00000000,81.00000000,50.00000000,0.05000000,0.04999499,-0.01002004,-0.21001002,-0.10500501,24H
POS50_SL5TP10,AAVE/USDT,2026-08-17T21:00:00+00:00,2026-08-18T21:00:00+00:00,89.04,88.29,79.00000000,79.00000000,50.00000000,0.05000000,0.04957884,-0.84231806,-1.04147574,-0.52073787,24H
POS50_SL5TP10,ALLO/USDT,2026-08-17T21:00:00+00:00,2026-08-18T21:00:00+00:00,0.2909,0.2978,78.00000000,73.00000000,50.00000000,0.05000000,0.05118597,2.37194912,2.16957717,1.08478859,24H
POS50_SL5TP10,GPS/USDT,2026-08-18T10:00:00+00:00,2026-08-19T01:00:00+00:00,0.01728,0.0146,89.00000000,80.00000000,50.00000000,0.05000000,0.04224537,-15.50925926,-15.69375000,-7.84687500,STOP_LOSS
POS50_SL5TP10,HEMI/USDT,2026-08-18T21:00:00+00:00,2026-08-19T05:00:00+00:00,0.00692,0.00832,84.00000000,84.00000000,50.00000000,0.05000000,0.06011561,20.23121387,20.01098266,10.00549133,TAKE_PROFIT
POS50_SL5TP10,ARB/USDT,2026-08-18T08:00:00+00:00,2026-08-19T08:00:00+00:00,0.0759,0.0773,89.00000000,89.00000000,50.00000000,0.05000000,0.05092227,1.84453228,1.64268775,0.82134387,24H
POS50_SL5TP10,POL/USDT,2026-08-18T09:00:00+00:00,2026-08-19T09:00:00+00:00,0.08099,0.08153,89.00000000,88.00000000,50.00000000,0.05000000,0.05033337,0.66674898,0.46608223,0.23304112,24H
POS50_SL5TP10,MUBARAK/USDT,2026-08-19T01:00:00+00:00,2026-08-19T09:00:00+00:00,0.0173,0.01908,80.00000000,72.00000000,50.00000000,0.05000000,0.05514451,10.28901734,10.07872832,5.03936416,TAKE_PROFIT
POS50_SL5TP10,ONG/USDT,2026-08-18T21:00:00+00:00,2026-08-19T10:00:00+00:00,0.05776,0.06418,84.00000000,84.00000000,50.00000000,0.05000000,0.05555748,11.11495845,10.90384349,5.45192175,TAKE_PROFIT
POS50_SL5TP10,ACE/USDT,2026-08-18T13:00:00+00:00,2026-08-19T12:00:00+00:00,0.2238,0.2061,90.00000000,92.00000000,50.00000000,0.05000000,0.04604558,-7.90884718,-8.10093834,-4.05046917,STOP_LOSS
POS50_SL5TP10,BTC/USDT,2026-08-18T13:00:00+00:00,2026-08-19T13:00:00+00:00,64219.99,65012.12,87.00000000,87.00000000,50.00000000,0.05000000,0.05061673,1.23346329,1.03222982,0.51611491,24H
POS50_SL5TP10,EUR/USDT,2026-08-18T13:00:00+00:00,2026-08-19T13:00:00+00:00,1.1594,1.1664,87.00000000,87.00000000,50.00000000,0.05000000,0.05030188,0.60376057,0.40315681,0.20157840,24H
POS50_SL5TP10,SOL/USDT,2026-08-18T14:00:00+00:00,2026-08-19T14:00:00+00:00,76.8,80.89,93.00000000,98.00000000,50.00000000,0.05000000,0.05266276,5.32552083,5.12019531,2.56009766,24H
POS50_SL5TP10,TREE/USDT,2026-08-19T12:00:00+00:00,2026-08-19T14:00:00+00:00,0.0343,0.0406,95.00000000,100.00000000,50.00000000,0.05000000,0.05918367,18.36734694,18.14897959,9.07448980,TAKE_PROFIT
POS50_SL5TP10,RE/USDT,2026-08-19T09:00:00+00:00,2026-08-19T15:00:00+00:00,0.4022,0.4585,79.00000000,76.00000000,50.00000000,0.05000000,0.05699901,13.99801094,13.78401293,6.89200646,TAKE_PROFIT
POS50_SL5TP10,PUMP/USDT,2026-08-18T19:00:00+00:00,2026-08-19T16:00:00+00:00,0.00285,0.003162,82.00000000,82.00000000,50.00000000,0.05000000,0.05547368,10.94736842,10.73642105,5.36821053,TAKE_PROFIT
POS50_SL5TP10,ENA/USDT,2026-08-19T09:00:00+00:00,2026-08-19T20:00:00+00:00,0.0842,0.0928,78.00000000,72.00000000,50.00000000,0.05000000,0.05510689,10.21377672,10.00356295,5.00178147,TAKE_PROFIT
POS50_SL5TP10,TRUMP/USDT,2026-08-19T14:00:00+00:00,2026-08-19T20:00:00+00:00,1.424,1.585,84.00000000,84.00000000,50.00000000,0.05000000,0.05565309,11.30617978,11.09487360,5.54743680,TAKE_PROFIT
POS50_SL5TP10,UNI/USDT,2026-08-19T05:00:00+00:00,2026-08-19T21:00:00+00:00,3.327,3.712,70.00000000,65.00000000,50.00000000,0.05000000,0.05578599,11.57198677,11.36041479,5.68020739,TAKE_PROFIT
POS50_SL5TP10,ARB/USDT,2026-08-19T08:00:00+00:00,2026-08-19T21:00:00+00:00,0.0773,0.0891,84.00000000,89.00000000,50.00000000,0.05000000,0.05763260,15.26520052,15.04993532,7.52496766,TAKE_PROFIT
SCORE72_SL5TP10,ACE/USDT,2026-07-18T16:00:00+00:00,2026-07-18T20:00:00+00:00,0.0711,0.0662,75.00000000,70.00000000,100.00000000,0.10000000,0.09310830,-6.89170183,-7.08481013,-7.08481013,STOP_LOSS
SCORE72_SL5TP10,DEXE/USDT,2026-07-18T13:00:00+00:00,2026-07-19T06:00:00+00:00,36.519,34.466,75.00000000,70.00000000,100.00000000,0.10000000,0.09437827,-5.62173115,-5.81610942,-5.81610942,STOP_LOSS
SCORE72_SL5TP10,CHIP/USDT,2026-07-18T13:00:00+00:00,2026-07-19T13:00:00+00:00,0.03159,0.03049,75.00000000,70.00000000,100.00000000,0.10000000,0.09651789,-3.48211459,-3.67863248,-3.67863248,24H
SCORE72_SL5TP10,ALLO/USDT,2026-07-18T14:00:00+00:00,2026-07-19T14:00:00+00:00,0.4592,0.4639,72.00000000,67.00000000,100.00000000,0.10000000,0.10102352,1.02351916,0.82249564,0.82249564,24H
SCORE72_SL5TP10,HOME/USDT,2026-07-19T11:00:00+00:00,2026-07-19T16:00:00+00:00,0.00828,0.00774,72.00000000,67.00000000,100.00000000,0.10000000,0.09347826,-6.52173913,-6.71521739,-6.71521739,STOP_LOSS
SCORE72_SL5TP10,PUMP/USDT,2026-07-19T17:00:00+00:00,2026-07-19T21:00:00+00:00,0.001694,0.001928,73.00000000,68.00000000,100.00000000,0.10000000,0.11381346,13.81345927,13.59964581,13.59964581,TAKE_PROFIT
SCORE72_SL5TP10,CRCLB/USDT,2026-07-19T01:00:00+00:00,2026-07-20T01:00:00+00:00,61.4,60.65,73.00000000,68.00000000,100.00000000,0.10000000,0.09877850,-1.22149837,-1.42027687,-1.42027687,24H
SCORE72_SL5TP10,ONG/USDT,2026-07-19T02:00:00+00:00,2026-07-20T02:00:00+00:00,0.04859,0.04751,75.00000000,70.00000000,100.00000000,0.10000000,0.09777732,-2.22267956,-2.42045688,-2.42045688,24H
SCORE72_SL5TP10,PEPE/USDT,2026-07-19T06:00:00+00:00,2026-07-20T06:00:00+00:00,2.8e-06,2.82e-06,73.00000000,68.00000000,100.00000000,0.10000000,0.10071429,0.71428571,0.51357143,0.51357143,24H
SCORE72_SL5TP10,TAO/USDT,2026-07-19T06:00:00+00:00,2026-07-20T06:00:00+00:00,198.7,194.3,73.00000000,68.00000000,100.00000000,0.10000000,0.09778561,-2.21439356,-2.41217916,-2.41217916,24H
SCORE72_SL5TP10,HEMI/USDT,2026-07-19T13:00:00+00:00,2026-07-20T08:00:00+00:00,0.00457,0.00505,75.00000000,70.00000000,100.00000000,0.10000000,0.11050328,10.50328228,10.29277899,10.29277899,TAKE_PROFIT
SCORE72_SL5TP10,SUI/USDT,2026-07-19T10:00:00+00:00,2026-07-20T10:00:00+00:00,0.7543,0.7451,73.00000000,68.00000000,100.00000000,0.10000000,0.09878033,-1.21967387,-1.41845420,-1.41845420,24H
SCORE72_SL5TP10,EDEN/USDT,2026-07-19T11:00:00+00:00,2026-07-20T11:00:00+00:00,0.04335,0.04326,73.00000000,68.00000000,100.00000000,0.10000000,0.09979239,-0.20761246,-0.40740484,-0.40740484,24H
SCORE72_SL5TP10,ALLO/USDT,2026-07-19T15:00:00+00:00,2026-07-20T12:00:00+00:00,0.4711,0.4468,72.00000000,67.00000000,100.00000000,0.10000000,0.09484186,-5.15814052,-5.35298238,-5.35298238,STOP_LOSS
SCORE72_SL5TP10,EWYB/USDT,2026-07-19T22:00:00+00:00,2026-07-20T22:00:00+00:00,166.67,163.53,75.00000000,70.00000000,100.00000000,0.10000000,0.09811604,-1.88396232,-2.08207836,-2.08207836,24H
SCORE72_SL5TP10,LINK/USDT,2026-07-20T01:00:00+00:00,2026-07-21T01:00:00+00:00,8.422,8.592,73.00000000,68.00000000,100.00000000,0.10000000,0.10201852,2.01852292,1.81650439,1.81650439,24H
SCORE72_SL5TP10,HEMI/USDT,2026-07-20T22:00:00+00:00,2026-07-21T01:00:00+00:00,0.00686,0.00643,72.00000000,59.00000000,100.00000000,0.10000000,0.09373178,-6.26822157,-6.46195335,-6.46195335,STOP_LOSS
SCORE72_SL5TP10,TUT/USDT,2026-07-20T05:00:00+00:00,2026-07-21T03:00:00+00:00,0.01353,0.01501,72.00000000,67.00000000,100.00000000,0.10000000,0.11093865,10.93865484,10.72771619,10.72771619,TAKE_PROFIT
SCORE72_SL5TP10,SNDKB/USDT,2026-07-20T10:00:00+00:00,2026-07-21T10:00:00+00:00,1409.95,1499.3,75.00000000,70.00000000,100.00000000,0.10000000,0.10633710,6.33710415,6.13076705,6.13076705,24H
SCORE72_SL5TP10,PEPE/USDT,2026-07-20T11:00:00+00:00,2026-07-21T11:00:00+00:00,2.92e-06,2.92e-06,75.00000000,70.00000000,100.00000000,0.10000000,0.10000000,0.00000000,-0.20000000,-0.20000000,24H
SCORE72_SL5TP10,ETH/USDT,2026-07-20T11:00:00+00:00,2026-07-21T11:00:00+00:00,1893.2,1935.69,73.00000000,68.00000000,100.00000000,0.10000000,0.10224435,2.24434819,2.04210385,2.04210385,24H
SCORE72_SL5TP10,SUI/USDT,2026-07-20T11:00:00+00:00,2026-07-21T11:00:00+00:00,0.7547,0.7694,73.00000000,68.00000000,100.00000000,0.10000000,0.10194779,1.94779383,1.74584603,1.74584603,24H
SCORE72_SL5TP10,XRP/USDT,2026-07-20T11:00:00+00:00,2026-07-21T11:00:00+00:00,1.1059,1.1363,73.00000000,68.00000000,100.00000000,0.10000000,0.10274889,2.74889230,2.54614341,2.54614341,24H
SCORE72_SL5TP10,NEAR/USDT,2026-07-20T13:00:00+00:00,2026-07-21T13:00:00+00:00,1.965,1.988,73.00000000,68.00000000,100.00000000,0.10000000,0.10117048,1.17048346,0.96931298,0.96931298,24H
SCORE72_SL5TP10,MUB/USDT,2026-07-21T01:00:00+00:00,2026-07-21T16:00:00+00:00,886.11,977.63,73.00000000,68.00000000,100.00000000,0.10000000,0.11032829,10.32828881,10.11796052,10.11796052,TAKE_PROFIT
SCORE72_SL5TP10,RED/USDT,2026-07-21T01:00:00+00:00,2026-07-22T01:00:00+00:00,0.1032,0.1011,75.00000000,70.00000000,100.00000000,0.10000000,0.09796512,-2.03488372,-2.23284884,-2.23284884,24H
SCORE72_SL5TP10,EWYB/USDT,2026-07-21T03:00:00+00:00,2026-07-22T03:00:00+00:00,169.44,173.83,75.00000000,70.00000000,100.00000000,0.10000000,0.10259089,2.59088763,2.38829674,2.38829674,24H
SCORE72_SL5TP10,OPN/USDT,2026-07-22T05:00:00+00:00,2026-07-22T09:00:00+00:00,0.0695,0.0653,72.00000000,67.00000000,100.00000000,0.10000000,0.09395683,-6.04316547,-6.23712230,-6.23712230,STOP_LOSS
SCORE72_SL5TP10,GIGGLE/USDT,2026-07-21T10:00:00+00:00,2026-07-22T10:00:00+00:00,26.85,26.34,73.00000000,68.00000000,100.00000000,0.10000000,0.09810056,-1.89944134,-2.09754190,-2.09754190,24H
SCORE72_SL5TP10,XPL/USDT,2026-07-21T11:00:00+00:00,2026-07-22T11:00:00+00:00,0.08624,0.08443,73.00000000,68.00000000,100.00000000,0.10000000,0.09790121,-2.09879406,-2.29669527,-2.29669527,24H
SCORE72_SL5TP10,ALLO/USDT,2026-07-21T11:00:00+00:00,2026-07-22T11:00:00+00:00,0.4945,0.5002,72.00000000,67.00000000,100.00000000,0.10000000,0.10115268,1.15267947,0.95152679,0.95152679,24H
SCORE72_SL5TP10,SOXLB/USDT,2026-07-21T14:00:00+00:00,2026-07-22T11:00:00+00:00,154.98,146.09,73.00000000,68.00000000,100.00000000,0.10000000,0.09426378,-5.73622403,-5.93048780,-5.93048780,STOP_LOSS
SCORE72_SL5TP10,ALPINE/USDT,2026-07-21T12:00:00+00:00,2026-07-22T12:00:00+00:00,0.312,0.311,73.00000000,68.00000000,100.00000000,0.10000000,0.09967949,-0.32051282,-0.52019231,-0.52019231,24H
SCORE72_SL5TP10,SKHYB/USDT,2026-07-21T13:00:00+00:00,2026-07-22T13:00:00+00:00,163.9,168.61,73.00000000,68.00000000,100.00000000,0.10000000,0.10287370,2.87370348,2.67082977,2.67082977,24H
SCORE72_SL5TP10,LTC/USDT,2026-07-21T14:00:00+00:00,2026-07-22T14:00:00+00:00,47.81,46.79,73.00000000,68.00000000,100.00000000,0.10000000,0.09786656,-2.13344489,-2.33131144,-2.33131144,24H
SCORE72_SL5TP10,GRAM/USDT,2026-07-21T16:00:00+00:00,2026-07-22T16:00:00+00:00,1.518,1.517,72.00000000,67.00000000,100.00000000,0.10000000,0.09993412,-0.06587615,-0.26581028,-0.26581028,24H
SCORE72_SL5TP10,BICO/USDT,2026-07-22T03:00:00+00:00,2026-07-23T03:00:00+00:00,0.01388,0.01377,73.00000000,68.00000000,100.00000000,0.10000000,0.09920749,-0.79250720,-0.99171470,-0.99171470,24H
SCORE72_SL5TP10,PLUME/USDT,2026-07-22T09:00:00+00:00,2026-07-23T06:00:00+00:00,0.01178,0.01111,73.00000000,68.00000000,100.00000000,0.10000000,0.09431239,-5.68760611,-5.88191851,-5.88191851,STOP_LOSS
SCORE72_SL5TP10,ONDO/USDT,2026-07-22T10:00:00+00:00,2026-07-23T10:00:00+00:00,0.4109,0.4035,75.00000000,70.00000000,100.00000000,0.10000000,0.09819908,-1.80092480,-1.99912387,-1.99912387,24H
SCORE72_SL5TP10,ENA/USDT,2026-07-22T11:00:00+00:00,2026-07-23T11:00:00+00:00,0.0888,0.0916,75.00000000,70.00000000,100.00000000,0.10000000,0.10315315,3.15315315,2.95000000,2.95000000,24H
SCORE72_SL5TP10,UNI/USDT,2026-07-22T11:00:00+00:00,2026-07-23T11:00:00+00:00,3.785,3.83,75.00000000,70.00000000,100.00000000,0.10000000,0.10118890,1.18890357,0.98771466,0.98771466,24H
SCORE72_SL5TP10,CHIP/USDT,2026-07-22T12:00:00+00:00,2026-07-23T12:00:00+00:00,0.0311,0.03006,75.00000000,70.00000000,100.00000000,0.10000000,0.09665595,-3.34405145,-3.54070740,-3.54070740,24H
SCORE72_SL5TP10,AAVE/USDT,2026-07-22T13:00:00+00:00,2026-07-23T13:00:00+00:00,97.91,96.11,75.00000000,70.00000000,100.00000000,0.10000000,0.09816158,-1.83842304,-2.03658462,-2.03658462,24H
SCORE72_SL5TP10,SKHYB/USDT,2026-07-22T14:00:00+00:00,2026-07-23T14:00:00+00:00,166.79,172.97,75.00000000,70.00000000,100.00000000,0.10000000,0.10370526,3.70525811,3.50155285,3.50155285,24H
SCORE72_SL5TP10,OPN/USDT,2026-07-23T06:00:00+00:00,2026-07-23T15:00:00+00:00,0.0718,0.0669,73.00000000,68.00000000,100.00000000,0.10000000,0.09317549,-6.82451253,-7.01768802,-7.01768802,STOP_LOSS
SCORE72_SL5TP10,WLD/USDT,2026-07-22T16:00:00+00:00,2026-07-23T16:00:00+00:00,0.3938,0.3766,75.00000000,70.00000000,100.00000000,0.10000000,0.09563230,-4.36769934,-4.56333164,-4.56333164,24H
SCORE72_SL5TP10,SNDKB/USDT,2026-07-23T16:00:00+00:00,2026-07-24T02:00:00+00:00,1667.76,1576.22,72.00000000,67.00000000,100.00000000,0.10000000,0.09451120,-5.48879935,-5.68331055,-5.68331055,STOP_LOSS
SCORE72_SL5TP10,SOXLB/USDT,2026-07-23T20:00:00+00:00,2026-07-24T02:00:00+00:00,162.95,151.66,75.00000000,70.00000000,100.00000000,0.10000000,0.09307149,-6.92850568,-7.12157717,-7.12157717,STOP_LOSS
SCORE72_SL5TP10,GRAM/USDT,2026-07-23T03:00:00+00:00,2026-07-24T03:00:00+00:00,1.516,1.455,73.00000000,68.00000000,100.00000000,0.10000000,0.09597625,-4.02374670,-4.21972296,-4.21972296,24H
SCORE72_SL5TP10,OPN/USDT,2026-07-24T05:00:00+00:00,2026-07-24T08:00:00+00:00,0.0694,0.0627,75.00000000,70.00000000,100.00000000,0.10000000,0.09034582,-9.65417867,-9.84452450,-9.84452450,STOP_LOSS
SCORE72_SL5TP10,KAITO/USDT,2026-07-23T10:00:00+00:00,2026-07-24T10:00:00+00:00,1.032,1.0396,75.00000000,70.00000000,100.00000000,0.10000000,0.10073643,0.73643411,0.53569767,0.53569767,24H
SCORE72_SL5TP10,PLUME/USDT,2026-07-23T12:00:00+00:00,2026-07-24T12:00:00+00:00,0.01154,0.01121,75.00000000,70.00000000,100.00000000,0.10000000,0.09714038,-2.85961872,-3.05675910,-3.05675910,24H
SCORE72_SL5TP10,KAITO/USDT,2026-07-24T10:00:00+00:00,2026-07-24T12:00:00+00:00,1.0396,0.9876,73.00000000,68.00000000,100.00000000,0.10000000,0.09499808,-5.00192382,-5.19692189,-5.19692189,STOP_LOSS
SCORE72_SL5TP10,BMT/USDT,2026-07-23T13:00:00+00:00,2026-07-24T13:00:00+00:00,0.01269,0.01204,73.00000000,68.00000000,100.00000000,0.10000000,0.09487786,-5.12214342,-5.31702128,-5.31702128,STOP_LOSS
SCORE72_SL5TP10,HEI/USDT,2026-07-24T04:00:00+00:00,2026-07-24T17:00:00+00:00,0.1056,0.0995,72.00000000,67.00000000,100.00000000,0.10000000,0.09422348,-5.77651515,-5.97073864,-5.97073864,STOP_LOSS
SCORE72_SL5TP10,HOME/USDT,2026-07-24T14:00:00+00:00,2026-07-24T18:00:00+00:00,0.00689,0.00654,72.00000000,67.00000000,100.00000000,0.10000000,0.09492017,-5.07982583,-5.27474601,-5.27474601,STOP_LOSS
SCORE72_SL5TP10,XPL/USDT,2026-07-24T17:00:00+00:00,2026-07-25T03:00:00+00:00,0.08689,0.08214,75.00000000,70.00000000,100.00000000,0.10000000,0.09453332,-5.46668201,-5.66121533,-5.66121533,STOP_LOSS
SCORE72_SL5TP10,UNI/USDT,2026-07-24T06:00:00+00:00,2026-07-25T06:00:00+00:00,3.858,3.679,75.00000000,70.00000000,100.00000000,0.10000000,0.09536029,-4.63970969,-4.83506998,-4.83506998,24H
SCORE72_SL5TP10,HEMI/USDT,2026-07-24T19:00:00+00:00,2026-07-25T06:00:00+00:00,0.00532,0.00505,75.00000000,70.00000000,100.00000000,0.10000000,0.09492481,-5.07518797,-5.27011278,-5.27011278,STOP_LOSS
SCORE72_SL5TP10,RE/USDT,2026-07-25T07:00:00+00:00,2026-07-25T09:00:00+00:00,0.6078,0.5587,75.00000000,70.00000000,100.00000000,0.10000000,0.09192168,-8.07831524,-8.27023692,-8.27023692,STOP_LOSS
SCORE72_SL5TP10,PLUME/USDT,2026-07-24T14:00:00+00:00,2026-07-25T14:00:00+00:00,0.01141,0.01178,73.00000000,68.00000000,100.00000000,0.10000000,0.10324277,3.24276950,3.03952673,3.03952673,24H
SCORE72_SL5TP10,GPS/USDT,2026-07-24T15:00:00+00:00,2026-07-25T15:00:00+00:00,0.00935,0.00934,75.00000000,70.00000000,100.00000000,0.10000000,0.09989305,-0.10695187,-0.30684492,-0.30684492,24H
SCORE72_SL5TP10,TUT/USDT,2026-07-24T21:00:00+00:00,2026-07-25T21:00:00+00:00,0.01452,0.01538,75.00000000,70.00000000,100.00000000,0.10000000,0.10592287,5.92286501,5.71694215,5.71694215,24H
SCORE72_SL5TP10,TREE/USDT,2026-07-25T00:00:00+00:00,2026-07-26T00:00:00+00:00,0.0394,0.0381,73.00000000,68.00000000,100.00000000,0.10000000,0.09670051,-3.29949239,-3.49619289,-3.49619289,24H
SCORE72_SL5TP10,ALPINE/USDT,2026-07-25T13:00:00+00:00,2026-07-26T13:00:00+00:00,0.314,0.315,75.00000000,70.00000000,100.00000000,0.10000000,0.10031847,0.31847134,0.11815287,0.11815287,24H
SCORE72_SL5TP10,PLUME/USDT,2026-07-26T00:00:00+00:00,2026-07-27T00:00:00+00:00,0.01208,0.01206,75.00000000,70.00000000,100.00000000,0.10000000,0.09983444,-0.16556291,-0.36539735,-0.36539735,24H
SCORE72_SL5TP10,MUBARAK/USDT,2026-07-26T02:00:00+00:00,2026-07-27T02:00:00+00:00,0.01087,0.01097,73.00000000,68.00000000,100.00000000,0.10000000,0.10091996,0.91996320,0.71904324,0.71904324,24H
SCORE72_SL5TP10,TUT/USDT,2026-07-26T11:00:00+00:00,2026-07-27T11:00:00+00:00,0.01586,0.01599,72.00000000,67.00000000,100.00000000,0.10000000,0.10081967,0.81967213,0.61885246,0.61885246,24H
SCORE72_SL5TP10,SOXLB/USDT,2026-07-27T00:00:00+00:00,2026-07-27T13:00:00+00:00,146.06,132.14,93.00000000,98.00000000,100.00000000,0.10000000,0.09046967,-9.53033000,-9.72079967,-9.72079967,STOP_LOSS
SCORE72_SL5TP10,ONDO/USDT,2026-07-26T16:00:00+00:00,2026-07-27T16:00:00+00:00,0.4062,0.4094,90.00000000,100.00000000,100.00000000,0.10000000,0.10078779,0.78778927,0.58700148,0.58700148,24H
SCORE72_SL5TP10,USDE/USDT,2026-07-26T16:00:00+00:00,2026-07-27T16:00:00+00:00,1.0009,1.0009,87.00000000,87.00000000,100.00000000,0.10000000,0.10000000,0.00000000,-0.20000000,-0.20000000,24H
SCORE72_SL5TP10,PAXG/USDT,2026-07-26T16:00:00+00:00,2026-07-27T16:00:00+00:00,4063.01,4078.89,84.00000000,84.00000000,100.00000000,0.10000000,0.10039084,0.39084324,0.19045240,0.19045240,24H
SCORE72_SL5TP10,AAVE/USDT,2026-07-26T16:00:00+00:00,2026-07-27T16:00:00+00:00,97,99.73,82.00000000,86.00000000,100.00000000,0.10000000,0.10281443,2.81443299,2.61161856,2.61161856,24H
SCORE72_SL5TP10,UNI/USDT,2026-07-26T16:00:00+00:00,2026-07-27T16:00:00+00:00,3.912,3.854,82.00000000,87.00000000,100.00000000,0.10000000,0.09851738,-1.48261759,-1.68113497,-1.68113497,24H
SCORE72_SL5TP10,BNB/USDT,2026-07-26T16:00:00+00:00,2026-07-27T16:00:00+00:00,573.34,571.82,81.00000000,80.00000000,100.00000000,0.10000000,0.09973489,-0.26511320,-0.46484808,-0.46484808,24H
SCORE72_SL5TP10,PLUME/USDT,2026-07-27T02:00:00+00:00,2026-07-27T17:00:00+00:00,0.01231,0.01166,90.00000000,95.00000000,100.00000000,0.10000000,0.09471974,-5.28025995,-5.47497969,-5.47497969,STOP_LOSS
SCORE72_SL5TP10,KAITO/USDT,2026-07-27T16:00:00+00:00,2026-07-28T09:00:00+00:00,1.2228,1.1586,79.00000000,79.00000000,100.00000000,0.10000000,0.09474975,-5.25024534,-5.44499509,-5.44499509,STOP_LOSS
SCORE72_SL5TP10,ONDO/USDT,2026-07-27T16:00:00+00:00,2026-07-28T10:00:00+00:00,0.4094,0.3866,77.00000000,63.00000000,100.00000000,0.10000000,0.09443087,-5.56912555,-5.76355642,-5.76355642,STOP_LOSS
SCORE72_SL5TP10,BCH/USDT,2026-07-27T11:00:00+00:00,2026-07-28T11:00:00+00:00,219.2,212.7,87.00000000,87.00000000,100.00000000,0.10000000,0.09703467,-2.96532847,-3.16236314,-3.16236314,24H
SCORE72_SL5TP10,TREE/USDT,2026-07-27T17:00:00+00:00,2026-07-28T13:00:00+00:00,0.0395,0.0374,87.00000000,86.00000000,100.00000000,0.10000000,0.09468354,-5.31645570,-5.51113924,-5.51113924,STOP_LOSS
SCORE72_SL5TP10,RLUSD/USDT,2026-07-27T16:00:00+00:00,2026-07-28T16:00:00+00:00,1.0013,1.0011,87.00000000,87.00000000,100.00000000,0.10000000,0.09998003,-0.01997403,-0.21995406,-0.21995406,24H
SCORE72_SL5TP10,MSTRB/USDT,2026-07-27T16:00:00+00:00,2026-07-28T16:00:00+00:00,97.4,98.12,81.00000000,86.00000000,100.00000000,0.10000000,0.10073922,0.73921971,0.53848049,0.53848049,24H
SCORE72_SL5TP10,USD1/USDT,2026-07-27T16:00:00+00:00,2026-07-28T16:00:00+00:00,0.9999,0.99978,81.00000000,80.00000000,100.00000000,0.10000000,0.09998800,-0.01200120,-0.21198920,-0.21198920,24H
SCORE72_SL5TP10,USDC/USDT,2026-07-27T16:00:00+00:00,2026-07-28T16:00:00+00:00,1.00095,1.00085,81.00000000,80.00000000,100.00000000,0.10000000,0.09999001,-0.00999051,-0.20998052,-0.20998052,24H
SCORE72_SL5TP10,GPS/USDT,2026-07-28T09:00:00+00:00,2026-07-29T09:00:00+00:00,0.00949,0.00963,92.00000000,97.00000000,100.00000000,0.10000000,0.10147524,1.47523709,1.27376185,1.27376185,24H
SCORE72_SL5TP10,XUSD/USDT,2026-07-28T10:00:00+00:00,2026-07-29T10:00:00+00:00,1.0014,1.0012,87.00000000,87.00000000,100.00000000,0.10000000,0.09998003,-0.01997204,-0.21995207,-0.21995207,24H
SCORE72_SL5TP10,UNI/USDT,2026-07-28T11:00:00+00:00,2026-07-29T11:00:00+00:00,3.821,4.049,85.00000000,87.00000000,100.00000000,0.10000000,0.10596702,5.96702434,5.76105731,5.76105731,24H
SCORE72_SL5TP10,U/USDT,2026-07-28T13:00:00+00:00,2026-07-29T13:00:00+00:00,1.0008,1.0008,87.00000000,87.00000000,100.00000000,0.10000000,0.10000000,0.00000000,-0.20000000,-0.20000000,24H
SCORE72_SL5TP10,AAVE/USDT,2026-07-28T16:00:00+00:00,2026-07-29T16:00:00+00:00,101.26,98.73,95.00000000,100.00000000,100.00000000,0.10000000,0.09750148,-2.49851866,-2.69602015,-2.69602015,24H
SCORE72_SL5TP10,ONDO/USDT,2026-07-28T16:00:00+00:00,2026-07-29T16:00:00+00:00,0.4088,0.3937,89.00000000,88.00000000,100.00000000,0.10000000,0.09630626,-3.69373777,-3.89004403,-3.89004403,24H
SCORE72_SL5TP10,CRCLB/USDT,2026-07-28T16:00:00+00:00,2026-07-29T16:00:00+00:00,65.84,62.66,84.00000000,84.00000000,100.00000000,0.10000000,0.09517011,-4.82989064,-5.02506075,-5.02506075,24H
SCORE72_SL5TP10,AVAX/USDT,2026-07-28T16:00:00+00:00,2026-07-29T16:00:00+00:00,6.56,6.385,77.00000000,73.00000000,100.00000000,0.10000000,0.09733232,-2.66768293,-2.86501524,-2.86501524,24H
SCORE72_SL5TP10,RE/USDT,2026-07-29T16:00:00+00:00,2026-07-29T18:00:00+00:00,0.4686,0.5159,79.00000000,76.00000000,100.00000000,0.10000000,0.11009390,10.09389671,9.88380282,9.88380282,TAKE_PROFIT
SCORE72_SL5TP10,MSTRB/USDT,2026-07-29T09:00:00+00:00,2026-07-29T20:00:00+00:00,98.27,92.93,90.00000000,95.00000000,100.00000000,0.10000000,0.09456599,-5.43400834,-5.62857434,-5.62857434,STOP_LOSS
SCORE72_SL5TP10,KAITO/USDT,2026-07-29T16:00:00+00:00,2026-07-29T22:00:00+00:00,1.3585,1.2739,90.00000000,100.00000000,100.00000000,0.10000000,0.09377254,-6.22745675,-6.42122930,-6.42122930,STOP_LOSS
SCORE72_SL5TP10,RE/USDT,2026-07-29T20:00:00+00:00,2026-07-30T08:00:00+00:00,0.5047,0.4758,89.00000000,89.00000000,100.00000000,0.10000000,0.09427383,-5.72617396,-5.92044779,-5.92044779,STOP_LOSS
SCORE72_SL5TP10,MUBARAK/USDT,2026-07-29T10:00:00+00:00,2026-07-30T10:00:00+00:00,0.01135,0.01113,89.00000000,89.00000000,100.00000000,0.10000000,0.09806167,-1.93832599,-2.13638767,-2.13638767,24H
SCORE72_SL5TP10,UNI/USDT,2026-07-29T11:00:00+00:00,2026-07-30T11:00:00+00:00,4.049,4.13,90.00000000,100.00000000,100.00000000,0.10000000,0.10200049,2.00049395,1.79849346,1.79849346,24H
SCORE72_SL5TP10,GPS/USDT,2026-07-29T13:00:00+00:00,2026-07-30T13:00:00+00:00,0.00979,0.00991,93.00000000,98.00000000,100.00000000,0.10000000,0.10122574,1.22574055,1.02451481,1.02451481,24H
SCORE72_SL5TP10,U/USDT,2026-07-29T16:00:00+00:00,2026-07-30T16:00:00+00:00,1.0009,1.0007,87.00000000,87.00000000,100.00000000,0.10000000,0.09998002,-0.01998202,-0.21996203,-0.21996203,24H
SCORE72_SL5TP10,RLUSD/USDT,2026-07-29T16:00:00+00:00,2026-07-30T16:00:00+00:00,1.0014,1.001,81.00000000,80.00000000,100.00000000,0.10000000,0.09996006,-0.03994408,-0.23990413,-0.23990413,24H
SCORE72_SL5TP10,ADA/USDT,2026-07-29T18:00:00+00:00,2026-07-30T18:00:00+00:00,0.1679,0.1723,84.00000000,89.00000000,100.00000000,0.10000000,0.10262061,2.62060750,2.41798690,2.41798690,24H
SCORE72_SL5TP10,ONDO/USDT,2026-07-29T22:00:00+00:00,2026-07-30T22:00:00+00:00,0.4051,0.4168,74.00000000,63.00000000,100.00000000,0.10000000,0.10288818,2.88817576,2.68528758,2.68528758,24H
SCORE72_SL5TP10,MUBARAK/USDT,2026-07-30T11:00:00+00:00,2026-07-31T07:00:00+00:00,0.01142,0.01316,95.00000000,100.00000000,100.00000000,0.10000000,0.11523643,15.23642732,15.02119089,15.02119089,TAKE_PROFIT
SCORE72_SL5TP10,BNB/USDT,2026-07-30T08:00:00+00:00,2026-07-31T08:00:00+00:00,578.76,592.74,90.00000000,95.00000000,100.00000000,0.10000000,0.10241551,2.41550902,2.21309351,2.21309351,24H
SCORE72_SL5TP10,PAXG/USDT,2026-07-30T10:00:00+00:00,2026-07-31T10:00:00+00:00,4076.31,4054.75,81.00000000,81.00000000,100.00000000,0.10000000,0.09947109,-0.52890972,-0.72838082,-0.72838082,24H
SCORE72_SL5TP10,SPCXB/USDT,2026-07-30T13:00:00+00:00,2026-07-31T13:00:00+00:00,117.25,109.44,89.00000000,89.00000000,100.00000000,0.10000000,0.09333902,-6.66098081,-6.85431983,-6.85431983,STOP_LOSS
SCORE72_SL5TP10,AAVE/USDT,2026-07-30T16:00:00+00:00,2026-07-31T16:00:00+00:00,100.23,96.59,90.00000000,95.00000000,100.00000000,0.10000000,0.09636835,-3.63164721,-3.82801556,-3.82801556,24H
SCORE72_SL5TP10,SUI/USDT,2026-07-30T16:00:00+00:00,2026-07-31T16:00:00+00:00,0.7013,0.6843,84.00000000,84.00000000,100.00000000,0.10000000,0.09757593,-2.42406959,-2.62164552,-2.62164552,24H
SCORE72_SL5TP10,FIL/USDT,2026-07-30T18:00:00+00:00,2026-07-31T18:00:00+00:00,0.7153,0.7209,89.00000000,89.00000000,100.00000000,0.10000000,0.10078289,0.78288830,0.58210541,0.58210541,24H
SCORE72_SL5TP10,MUBARAK/USDT,2026-07-31T16:00:00+00:00,2026-07-31T20:00:00+00:00,0.01371,0.01259,90.00000000,100.00000000,100.00000000,0.10000000,0.09183078,-8.16921955,-8.36105033,-8.36105033,STOP_LOSS
SCORE72_SL5TP10,PUMP/USDT,2026-07-30T22:00:00+00:00,2026-07-31T22:00:00+00:00,0.001999,0.002031,87.00000000,86.00000000,100.00000000,0.10000000,0.10160080,1.60080040,1.39919960,1.39919960,24H
SCORE72_SL5TP10,TUT/USDT,2026-07-31T07:00:00+00:00,2026-08-01T07:00:00+00:00,0.01537,0.01591,95.00000000,100.00000000,100.00000000,0.10000000,0.10351334,3.51333767,3.30982433,3.30982433,24H
SCORE72_SL5TP10,UNI/USDT,2026-07-31T22:00:00+00:00,2026-08-01T07:00:00+00:00,4.334,4.099,82.00000000,82.00000000,100.00000000,0.10000000,0.09457776,-5.42224273,-5.61682049,-5.61682049,STOP_LOSS
SCORE72_SL5TP10,BMT/USDT,2026-07-31T08:00:00+00:00,2026-08-01T08:00:00+00:00,0.01145,0.01176,87.00000000,87.00000000,100.00000000,0.10000000,0.10270742,2.70742358,2.50471616,2.50471616,24H
SCORE72_SL5TP10,GIGGLE/USDT,2026-08-01T07:00:00+00:00,2026-08-01T09:00:00+00:00,48.7,45.2,89.00000000,80.00000000,100.00000000,0.10000000,0.09281314,-7.18685832,-7.37967146,-7.37967146,STOP_LOSS
SCORE72_SL5TP10,ALPINE/USDT,2026-07-31T10:00:00+00:00,2026-08-01T10:00:00+00:00,0.316,0.32,84.00000000,84.00000000,100.00000000,0.10000000,0.10126582,1.26582278,1.06455696,1.06455696,24H
SCORE72_SL5TP10,USD1/USDT,2026-07-31T13:00:00+00:00,2026-08-01T13:00:00+00:00,1.00007,0.9999,76.00000000,71.00000000,100.00000000,0.10000000,0.09998300,-0.01699881,-0.21698181,-0.21698181,24H
SCORE72_SL5TP10,ADA/USDT,2026-07-31T16:00:00+00:00,2026-08-01T16:00:00+00:00,0.1709,0.1742,84.00000000,83.00000000,100.00000000,0.10000000,0.10193095,1.93095377,1.72902282,1.72902282,24H
SCORE72_SL5TP10,EURI/USDT,2026-07-31T18:00:00+00:00,2026-08-01T18:00:00+00:00,1.1533,1.1524,84.00000000,84.00000000,100.00000000,0.10000000,0.09992196,-0.07803694,-0.27795890,-0.27795890,24H
SCORE72_SL5TP10,EUR/USDT,2026-07-31T20:00:00+00:00,2026-08-01T20:00:00+00:00,1.1535,1.1531,84.00000000,84.00000000,100.00000000,0.10000000,0.09996532,-0.03467707,-0.23464239,-0.23464239,24H
SCORE72_SL5TP10,HOME/USDT,2026-08-01T09:00:00+00:00,2026-08-02T00:00:00+00:00,0.00591,0.00658,84.00000000,89.00000000,100.00000000,0.10000000,0.11133672,11.33671743,11.12538071,11.12538071,TAKE_PROFIT
SCORE72_SL5TP10,USDE/USDT,2026-08-01T07:00:00+00:00,2026-08-02T07:00:00+00:00,1.0009,1.0005,84.00000000,84.00000000,100.00000000,0.10000000,0.09996004,-0.03996403,-0.23992407,-0.23992407,24H
SCORE72_SL5TP10,TUT/USDT,2026-08-01T08:00:00+00:00,2026-08-02T08:00:00+00:00,0.0166,0.0175,95.00000000,100.00000000,100.00000000,0.10000000,0.10542169,5.42168675,5.21626506,5.21626506,24H
SCORE72_SL5TP10,BMT/USDT,2026-08-01T10:00:00+00:00,2026-08-02T10:00:00+00:00,0.01188,0.01177,78.00000000,72.00000000,100.00000000,0.10000000,0.09907407,-0.92592593,-1.12500000,-1.12500000,24H
SCORE72_SL5TP10,GPS/USDT,2026-08-01T13:00:00+00:00,2026-08-02T13:00:00+00:00,0.00946,0.00943,83.00000000,85.00000000,100.00000000,0.10000000,0.09968288,-0.31712474,-0.51680761,-0.51680761,24H
SCORE72_SL5TP10,KAITO/USDT,2026-08-01T18:00:00+00:00,2026-08-02T13:00:00+00:00,1.2084,1.0894,95.00000000,100.00000000,100.00000000,0.10000000,0.09015227,-9.84773254,-10.03788481,-10.03788481,STOP_LOSS
SCORE72_SL5TP10,GIGGLE/USDT,2026-08-02T13:00:00+00:00,2026-08-02T15:00:00+00:00,44.4,42.15,84.00000000,76.00000000,100.00000000,0.10000000,0.09493243,-5.06756757,-5.26250000,-5.26250000,STOP_LOSS
SCORE72_SL5TP10,PEPE/USDT,2026-08-01T16:00:00+00:00,2026-08-02T16:00:00+00:00,2.78e-06,2.91e-06,87.00000000,87.00000000,100.00000000,0.10000000,0.10467626,4.67625899,4.47158273,4.47158273,24H
SCORE72_SL5TP10,HOME/USDT,2026-08-02T10:00:00+00:00,2026-08-02T17:00:00+00:00,0.00784,0.00898,95.00000000,92.00000000,100.00000000,0.10000000,0.11454082,14.54081633,14.32627551,14.32627551,TAKE_PROFIT
SCORE72_SL5TP10,ADA/USDT,2026-08-01T20:00:00+00:00,2026-08-02T20:00:00+00:00,0.1732,0.1874,72.00000000,59.00000000,100.00000000,0.10000000,0.10819861,8.19861432,7.99041570,7.99041570,24H
SCORE72_SL5TP10,BICO/USDT,2026-08-02T15:00:00+00:00,2026-08-02T20:00:00+00:00,0.01213,0.01353,87.00000000,87.00000000,100.00000000,0.10000000,0.11154163,11.54163232,11.33009068,11.33009068,TAKE_PROFIT
SCORE72_SL5TP10,ARB/USDT,2026-08-02T00:00:00+00:00,2026-08-03T00:00:00+00:00,0.0793,0.0812,87.00000000,87.00000000,100.00000000,0.10000000,0.10239596,2.39596469,2.19356873,2.19356873,24H
SCORE72_SL5TP10,PAXG/USDT,2026-08-02T07:00:00+00:00,2026-08-03T07:00:00+00:00,4059.7,4058.76,87.00000000,87.00000000,100.00000000,0.10000000,0.09997685,-0.02315442,-0.22313127,-0.22313127,24H
SCORE72_SL5TP10,TUT/USDT,2026-08-02T20:00:00+00:00,2026-08-03T07:00:00+00:00,0.01766,0.01954,78.00000000,65.00000000,100.00000000,0.10000000,0.11064553,10.64552661,10.43488109,10.43488109,TAKE_PROFIT
SCORE72_SL5TP10,MUB/USDT,2026-08-02T08:00:00+00:00,2026-08-03T08:00:00+00:00,848.47,822.6,87.00000000,87.00000000,100.00000000,0.10000000,0.09695098,-3.04901764,-3.24596863,-3.24596863,24H
SCORE72_SL5TP10,SNXXB/USDT,2026-08-03T00:00:00+00:00,2026-08-03T09:00:00+00:00,10.02,9.38,89.00000000,89.00000000,100.00000000,0.10000000,0.09361277,-6.38722555,-6.58083832,-6.58083832,STOP_LOSS
SCORE72_SL5TP10,SKHYB/USDT,2026-08-02T17:00:00+00:00,2026-08-03T10:00:00+00:00,148.35,140.28,84.00000000,84.00000000,100.00000000,0.10000000,0.09456016,-5.43983822,-5.63439838,-5.63439838,STOP_LOSS
SCORE72_SL5TP10,FIL/USDT,2026-08-02T13:00:00+00:00,2026-08-03T13:00:00+00:00,0.72,0.7249,84.00000000,84.00000000,100.00000000,0.10000000,0.10068056,0.68055556,0.47987500,0.47987500,24H
SCORE72_SL5TP10,BICO/USDT,2026-08-03T10:00:00+00:00,2026-08-03T13:00:00+00:00,0.01749,0.01962,90.00000000,92.00000000,100.00000000,0.10000000,0.11217839,12.17838765,11.96620926,11.96620926,TAKE_PROFIT
SCORE72_SL5TP10,GIGGLE/USDT,2026-08-03T07:00:00+00:00,2026-08-03T15:00:00+00:00,43.21,40.17,89.00000000,88.00000000,100.00000000,0.10000000,0.09296459,-7.03540847,-7.22837306,-7.22837306,STOP_LOSS
SCORE72_SL5TP10,MUBARAK/USDT,2026-08-02T16:00:00+00:00,2026-08-03T16:00:00+00:00,0.01273,0.01266,92.00000000,97.00000000,100.00000000,0.10000000,0.09945012,-0.54988217,-0.74933229,-0.74933229,24H
SCORE72_SL5TP10,HOME/USDT,2026-08-03T15:00:00+00:00,2026-08-03T19:00:00+00:00,0.00751,0.00835,92.00000000,97.00000000,100.00000000,0.10000000,0.11118509,11.18508655,10.97390146,10.97390146,TAKE_PROFIT
SCORE72_SL5TP10,EUR/USDT,2026-08-02T20:00:00+00:00,2026-08-03T20:00:00+00:00,1.1551,1.1518,82.00000000,87.00000000,100.00000000,0.10000000,0.09971431,-0.28568955,-0.48540386,-0.48540386,24H
SCORE72_SL5TP10,TUT/USDT,2026-08-03T09:00:00+00:00,2026-08-04T04:00:00+00:00,0.0196,0.02277,90.00000000,100.00000000,100.00000000,0.10000000,0.11617347,16.17346939,15.95729592,15.95729592,TAKE_PROFIT
SCORE72_SL5TP10,OPN/USDT,2026-08-03T16:00:00+00:00,2026-08-04T06:00:00+00:00,0.0506,0.0559,89.00000000,89.00000000,100.00000000,0.10000000,0.11047431,10.47430830,10.26383399,10.26383399,TAKE_PROFIT
SCORE72_SL5TP10,BMT/USDT,2026-08-03T07:00:00+00:00,2026-08-04T07:00:00+00:00,0.0119,0.01181,92.00000000,97.00000000,100.00000000,0.10000000,0.09924370,-0.75630252,-0.95554622,-0.95554622,24H
SCORE72_SL5TP10,ENA/USDT,2026-08-03T08:00:00+00:00,2026-08-04T08:00:00+00:00,0.0895,0.0911,90.00000000,95.00000000,100.00000000,0.10000000,0.10178771,1.78770950,1.58592179,1.58592179,24H
SCORE72_SL5TP10,HOME/USDT,2026-08-04T04:00:00+00:00,2026-08-04T11:00:00+00:00,0.00871,0.00966,95.00000000,92.00000000,100.00000000,0.10000000,0.11090700,10.90700344,10.69609644,10.69609644,TAKE_PROFIT
SCORE72_SL5TP10,ADA/USDT,2026-08-03T13:00:00+00:00,2026-08-04T13:00:00+00:00,0.1946,0.1919,95.00000000,100.00000000,100.00000000,0.10000000,0.09861254,-1.38746146,-1.58607400,-1.58607400,24H
SCORE72_SL5TP10,PEPE/USDT,2026-08-03T13:00:00+00:00,2026-08-04T13:00:00+00:00,2.91e-06,2.89e-06,95.00000000,100.00000000,100.00000000,0.10000000,0.09931271,-0.68728522,-0.88659794,-0.88659794,24H
SCORE72_SL5TP10,BICO/USDT,2026-08-04T07:00:00+00:00,2026-08-04T16:00:00+00:00,0.01741,0.02055,84.00000000,76.00000000,100.00000000,0.10000000,0.11803561,18.03561172,17.81757611,17.81757611,TAKE_PROFIT
SCORE72_SL5TP10,PUMP/USDT,2026-08-03T19:00:00+00:00,2026-08-04T19:00:00+00:00,0.002184,0.002402,89.00000000,88.00000000,100.00000000,0.10000000,0.10998168,9.98168498,9.77170330,9.77170330,24H
SCORE72_SL5TP10,SPCXB/USDT,2026-08-03T20:00:00+00:00,2026-08-04T20:00:00+00:00,114.51,117.5,83.00000000,82.00000000,100.00000000,0.10000000,0.10261113,2.61112567,2.40851454,2.40851454,24H
SCORE72_SL5TP10,GALA/USDT,2026-08-04T04:00:00+00:00,2026-08-05T04:00:00+00:00,0.001819,0.001778,87.00000000,87.00000000,100.00000000,0.10000000,0.09774601,-2.25398571,-2.45173172,-2.45173172,24H
SCORE72_SL5TP10,EWYB/USDT,2026-08-04T06:00:00+00:00,2026-08-05T06:00:00+00:00,163.43,170.31,93.00000000,98.00000000,100.00000000,0.10000000,0.10420975,4.20975341,4.00554366,4.00554366,24H
SCORE72_SL5TP10,MUB/USDT,2026-08-04T08:00:00+00:00,2026-08-05T08:00:00+00:00,855.48,878.01,89.00000000,89.00000000,100.00000000,0.10000000,0.10263361,2.63360920,2.43097559,2.43097559,24H
SCORE72_SL5TP10,BMT/USDT,2026-08-04T11:00:00+00:00,2026-08-05T11:00:00+00:00,0.0119,0.0124,90.00000000,95.00000000,100.00000000,0.10000000,0.10420168,4.20168067,3.99747899,3.99747899,24H
SCORE72_SL5TP10,PORTAL/USDT,2026-08-04T13:00:00+00:00,2026-08-05T13:00:00+00:00,0.01059,0.01086,95.00000000,100.00000000,100.00000000,0.10000000,0.10254958,2.54957507,2.34702550,2.34702550,24H
SCORE72_SL5TP10,SNDKB/USDT,2026-08-04T13:00:00+00:00,2026-08-05T13:00:00+00:00,1383.52,1438.45,95.00000000,100.00000000,100.00000000,0.10000000,0.10397031,3.97030762,3.76633731,3.76633731,24H
SCORE72_SL5TP10,MUBARAK/USDT,2026-08-04T16:00:00+00:00,2026-08-05T16:00:00+00:00,0.01305,0.01317,95.00000000,100.00000000,100.00000000,0.10000000,0.10091954,0.91954023,0.71862069,0.71862069,24H
SCORE72_SL5TP10,TUT/USDT,2026-08-05T06:00:00+00:00,2026-08-05T18:00:00+00:00,0.02495,0.0291,89.00000000,88.00000000,100.00000000,0.10000000,0.11663327,16.63326653,16.41663327,16.41663327,TAKE_PROFIT
SCORE72_SL5TP10,CHIP/USDT,2026-08-04T19:00:00+00:00,2026-08-05T19:00:00+00:00,0.02539,0.02483,86.00000000,86.00000000,100.00000000,0.10000000,0.09779441,-2.20559275,-2.40338716,-2.40338716,24H
SCORE72_SL5TP10,SNXXB/USDT,2026-08-05T16:00:00+00:00,2026-08-05T19:00:00+00:00,12.64,11.41,95.00000000,100.00000000,100.00000000,0.10000000,0.09026899,-9.73101266,-9.92128165,-9.92128165,STOP_LOSS
SCORE72_SL5TP10,ACE/USDT,2026-08-04T20:00:00+00:00,2026-08-05T20:00:00+00:00,0.0718,0.0697,87.00000000,87.00000000,100.00000000,0.10000000,0.09707521,-2.92479109,-3.12186630,-3.12186630,24H
SCORE72_SL5TP10,KORUB/USDT,2026-08-05T13:00:00+00:00,2026-08-05T21:00:00+00:00,19.25,18.09,95.00000000,100.00000000,100.00000000,0.10000000,0.09397403,-6.02597403,-6.21994805,-6.21994805,STOP_LOSS
SCORE72_SL5TP10,HEMI/USDT,2026-08-05T04:00:00+00:00,2026-08-06T04:00:00+00:00,0.00478,0.00499,92.00000000,97.00000000,100.00000000,0.10000000,0.10439331,4.39330544,4.18891213,4.18891213,24H
SCORE72_SL5TP10,MUBARAK/USDT,2026-08-05T21:00:00+00:00,2026-08-06T05:00:00+00:00,0.01397,0.01324,95.00000000,100.00000000,100.00000000,0.10000000,0.09477452,-5.22548318,-5.42025770,-5.42025770,STOP_LOSS
SCORE72_SL5TP10,BICO/USDT,2026-08-06T04:00:00+00:00,2026-08-06T06:00:00+00:00,0.03012,0.0283,84.00000000,76.00000000,100.00000000,0.10000000,0.09395750,-6.04249668,-6.23645418,-6.23645418,STOP_LOSS
SCORE72_SL5TP10,ADA/USDT,2026-08-05T08:00:00+00:00,2026-08-06T08:00:00+00:00,0.1939,0.1895,87.00000000,86.00000000,100.00000000,0.10000000,0.09773079,-2.26921093,-2.46694172,-2.46694172,24H
SCORE72_SL5TP10,EWYB/USDT,2026-08-05T13:00:00+00:00,2026-08-06T10:00:00+00:00,171.47,162.5,95.00000000,100.00000000,100.00000000,0.10000000,0.09476876,-5.23123578,-5.42600455,-5.42600455,STOP_LOSS
SCORE72_SL5TP10,EURI/USDT,2026-08-05T11:00:00+00:00,2026-08-06T11:00:00+00:00,1.1558,1.1549,87.00000000,87.00000000,100.00000000,0.10000000,0.09992213,-0.07786814,-0.27779028,-0.27779028,24H
SCORE72_SL5TP10,HOME/USDT,2026-08-06T08:00:00+00:00,2026-08-06T11:00:00+00:00,0.00933,0.01049,89.00000000,88.00000000,100.00000000,0.10000000,0.11243301,12.43301179,12.22057878,12.22057878,TAKE_PROFIT
SCORE72_SL5TP10,HOME/USDT,2026-08-06T11:00:00+00:00,2026-08-06T15:00:00+00:00,0.01049,0.00972,95.00000000,92.00000000,100.00000000,0.10000000,0.09265968,-7.34032412,-7.53298379,-7.53298379,STOP_LOSS
SCORE72_SL5TP10,PORTAL/USDT,2026-08-05T19:00:00+00:00,2026-08-06T16:00:00+00:00,0.01125,0.01264,95.00000000,100.00000000,100.00000000,0.10000000,0.11235556,12.35555556,12.14320000,12.14320000,TAKE_PROFIT
SCORE72_SL5TP10,ALPINE/USDT,2026-08-05T18:00:00+00:00,2026-08-06T18:00:00+00:00,0.319,0.318,84.00000000,83.00000000,100.00000000,0.10000000,0.09968652,-0.31347962,-0.51316614,-0.51316614,24H
SCORE72_SL5TP10,MSTRB/USDT,2026-08-05T19:00:00+00:00,2026-08-06T19:00:00+00:00,98.4,96.84,89.00000000,88.00000000,100.00000000,0.10000000,0.09841463,-1.58536585,-1.78378049,-1.78378049,24H
SCORE72_SL5TP10,BCH/USDT,2026-08-05T20:00:00+00:00,2026-08-06T20:00:00+00:00,216.8,213.5,87.00000000,86.00000000,100.00000000,0.10000000,0.09847786,-1.52214022,-1.72061808,-1.72061808,24H
SCORE72_SL5TP10,ONG/USDT,2026-08-06T05:00:00+00:00,2026-08-07T05:00:00+00:00,0.04253,0.04273,89.00000000,89.00000000,100.00000000,0.10000000,0.10047026,0.47025629,0.26978603,0.26978603,24H
SCORE72_SL5TP10,ENA/USDT,2026-08-06T06:00:00+00:00,2026-08-07T06:00:00+00:00,0.0925,0.093,89.00000000,88.00000000,100.00000000,0.10000000,0.10054054,0.54054054,0.34000000,0.34000000,24H
SCORE72_SL5TP10,GPS/USDT,2026-08-06T10:00:00+00:00,2026-08-07T10:00:00+00:00,0.0095,0.00956,90.00000000,95.00000000,100.00000000,0.10000000,0.10063158,0.63157895,0.43094737,0.43094737,24H
SCORE72_SL5TP10,EDEN/USDT,2026-08-06T11:00:00+00:00,2026-08-07T11:00:00+00:00,0.0395,0.04135,89.00000000,89.00000000,100.00000000,0.10000000,0.10468354,4.68354430,4.47886076,4.47886076,24H
SCORE72_SL5TP10,CRCLB/USDT,2026-08-06T15:00:00+00:00,2026-08-07T15:00:00+00:00,65.41,66.78,95.00000000,100.00000000,100.00000000,0.10000000,0.10209448,2.09448097,1.89238649,1.89238649,24H
SCORE72_SL5TP10,ADA/USDT,2026-08-06T16:00:00+00:00,2026-08-07T16:00:00+00:00,0.2068,0.1993,90.00000000,100.00000000,100.00000000,0.10000000,0.09637331,-3.62669246,-3.82306576,-3.82306576,24H
SCORE72_SL5TP10,HEMI/USDT,2026-08-06T18:00:00+00:00,2026-08-07T18:00:00+00:00,0.00526,0.00522,89.00000000,88.00000000,100.00000000,0.10000000,0.09923954,-0.76045627,-0.95969582,-0.95969582,24H
SCORE72_SL5TP10,PUMP/USDT,2026-08-06T19:00:00+00:00,2026-08-07T19:00:00+00:00,0.00238,0.002347,84.00000000,84.00000000,100.00000000,0.10000000,0.09861345,-1.38655462,-1.58516807,-1.58516807,24H
SCORE72_SL5TP10,CHIP/USDT,2026-08-06T20:00:00+00:00,2026-08-07T20:00:00+00:00,0.02536,0.02502,87.00000000,87.00000000,100.00000000,0.10000000,0.09865931,-1.34069401,-1.53935331,-1.53935331,24H
SCORE72_SL5TP10,ENA/USDT,2026-08-07T10:00:00+00:00,2026-08-07T22:00:00+00:00,0.0968,0.0915,90.00000000,100.00000000,100.00000000,0.10000000,0.09452479,-5.47520661,-5.66973140,-5.66973140,STOP_LOSS
SCORE72_SL5TP10,TUT/USDT,2026-08-07T19:00:00+00:00,2026-08-08T03:00:00+00:00,0.03734,0.04283,89.00000000,80.00000000,100.00000000,0.10000000,0.11470273,14.70273166,14.48802892,14.48802892,TAKE_PROFIT
SCORE72_SL5TP10,BICO/USDT,2026-08-07T22:00:00+00:00,2026-08-08T04:00:00+00:00,0.05456,0.06035,78.00000000,57.00000000,100.00000000,0.10000000,0.11061217,10.61217009,10.40155792,10.40155792,TAKE_PROFIT
SCORE72_SL5TP10,RARE/USDT,2026-08-07T05:00:00+00:00,2026-08-08T05:00:00+00:00,0.0127,0.01232,90.00000000,100.00000000,100.00000000,0.10000000,0.09700787,-2.99212598,-3.18913386,-3.18913386,24H
SCORE72_SL5TP10,PAXG/USDT,2026-08-07T06:00:00+00:00,2026-08-08T06:00:00+00:00,4291.5,4337.99,90.00000000,95.00000000,100.00000000,0.10000000,0.10108330,1.08330421,0.88222090,0.88222090,24H
SCORE72_SL5TP10,MSTRB/USDT,2026-08-07T11:00:00+00:00,2026-08-08T11:00:00+00:00,98.72,101.15,93.00000000,98.00000000,100.00000000,0.10000000,0.10246151,2.46150729,2.25904579,2.25904579,24H
SCORE72_SL5TP10,RE/USDT,2026-08-08T05:00:00+00:00,2026-08-08T11:00:00+00:00,0.4102,0.4529,89.00000000,89.00000000,100.00000000,0.10000000,0.11040956,10.40955631,10.19914676,10.19914676,TAKE_PROFIT
SCORE72_SL5TP10,LTC/USDT,2026-08-07T15:00:00+00:00,2026-08-08T15:00:00+00:00,45.96,45.88,90.00000000,95.00000000,100.00000000,0.10000000,0.09982594,-0.17406440,-0.37389034,-0.37389034,24H
SCORE72_SL5TP10,GPS/USDT,2026-08-07T16:00:00+00:00,2026-08-08T16:00:00+00:00,0.00987,0.00982,90.00000000,95.00000000,100.00000000,0.10000000,0.09949341,-0.50658561,-0.70607903,-0.70607903,24H
SCORE72_SL5TP10,ACE/USDT,2026-08-08T15:00:00+00:00,2026-08-08T16:00:00+00:00,0.1407,0.1584,95.00000000,92.00000000,100.00000000,0.10000000,0.11257996,12.57995736,12.36737740,12.36737740,TAKE_PROFIT
SCORE72_SL5TP10,BEL/USDT,2026-08-07T18:00:00+00:00,2026-08-08T18:00:00+00:00,0.1017,0.108,87.00000000,87.00000000,100.00000000,0.10000000,0.10619469,6.19469027,5.98849558,5.98849558,24H
SCORE72_SL5TP10,ADA/USDT,2026-08-07T20:00:00+00:00,2026-08-08T20:00:00+00:00,0.2024,0.2005,82.00000000,82.00000000,100.00000000,0.10000000,0.09906126,-0.93873518,-1.13779644,-1.13779644,24H
SCORE72_SL5TP10,MUBARAK/USDT,2026-08-08T04:00:00+00:00,2026-08-09T02:00:00+00:00,0.01436,0.01589,87.00000000,86.00000000,100.00000000,0.10000000,0.11065460,10.65459610,10.44394150,10.44394150,TAKE_PROFIT
SCORE72_SL5TP10,ACE/USDT,2026-08-08T18:00:00+00:00,2026-08-09T02:00:00+00:00,0.1445,0.1279,89.00000000,80.00000000,100.00000000,0.10000000,0.08851211,-11.48788927,-11.67640138,-11.67640138,STOP_LOSS
SCORE72_SL5TP10,OPN/USDT,2026-08-08T03:00:00+00:00,2026-08-09T03:00:00+00:00,0.0536,0.0541,89.00000000,88.00000000,100.00000000,0.10000000,0.10093284,0.93283582,0.73190299,0.73190299,24H
SCORE72_SL5TP10,TAO/USDT,2026-08-08T06:00:00+00:00,2026-08-09T06:00:00+00:00,197.4,205.4,90.00000000,95.00000000,100.00000000,0.10000000,0.10405268,4.05268490,3.84863222,3.84863222,24H
SCORE72_SL5TP10,BICO/USDT,2026-08-09T03:00:00+00:00,2026-08-09T08:00:00+00:00,0.06855,0.05181,84.00000000,76.00000000,100.00000000,0.10000000,0.07557987,-24.42013129,-24.59571116,-24.59571116,STOP_LOSS
SCORE72_SL5TP10,HEMI/USDT,2026-08-08T11:00:00+00:00,2026-08-09T11:00:00+00:00,0.00536,0.00553,92.00000000,97.00000000,100.00000000,0.10000000,0.10317164,3.17164179,2.96847015,2.96847015,24H
SCORE72_SL5TP10,TREE/USDT,2026-08-08T11:00:00+00:00,2026-08-09T11:00:00+00:00,0.0368,0.038,90.00000000,95.00000000,100.00000000,0.10000000,0.10326087,3.26086957,3.05760870,3.05760870,24H
SCORE72_SL5TP10,MUBARAK/USDT,2026-08-09T11:00:00+00:00,2026-08-09T12:00:00+00:00,0.01966,0.01844,89.00000000,80.00000000,100.00000000,0.10000000,0.09379451,-6.20549339,-6.39928789,-6.39928789,STOP_LOSS
SCORE72_SL5TP10,ONG/USDT,2026-08-08T16:00:00+00:00,2026-08-09T16:00:00+00:00,0.04311,0.04355,90.00000000,95.00000000,100.00000000,0.10000000,0.10102064,1.02064486,0.81962422,0.81962422,24H
SCORE72_SL5TP10,PEPE/USDT,2026-08-08T16:00:00+00:00,2026-08-09T16:00:00+00:00,2.89e-06,2.89e-06,90.00000000,95.00000000,100.00000000,0.10000000,0.10000000,0.00000000,-0.20000000,-0.20000000,24H
SCORE72_SL5TP10,PORTAL/USDT,2026-08-08T18:00:00+00:00,2026-08-09T18:00:00+00:00,0.01142,0.01144,95.00000000,100.00000000,100.00000000,0.10000000,0.10017513,0.17513135,-0.02504378,-0.02504378,24H
SCORE72_SL5TP10,SPCXB/USDT,2026-08-08T20:00:00+00:00,2026-08-09T20:00:00+00:00,135.22,136.68,93.00000000,98.00000000,100.00000000,0.10000000,0.10107972,1.07972193,0.87864221,0.87864221,24H
SCORE72_SL5TP10,PUMP/USDT,2026-08-09T02:00:00+00:00,2026-08-10T00:00:00+00:00,0.002477,0.002748,87.00000000,92.00000000,100.00000000,0.10000000,0.11094065,10.94065402,10.72971336,10.72971336,TAKE_PROFIT
SCORE72_SL5TP10,RARE/USDT,2026-08-09T02:00:00+00:00,2026-08-10T02:00:00+00:00,0.01326,0.01373,87.00000000,86.00000000,100.00000000,0.10000000,0.10354449,3.54449472,3.34095023,3.34095023,24H
SCORE72_SL5TP10,KORUB/USDT,2026-08-09T18:00:00+00:00,2026-08-10T04:00:00+00:00,17.63,16.58,90.00000000,95.00000000,100.00000000,0.10000000,0.09404424,-5.95575723,-6.14980147,-6.14980147,STOP_LOSS
SCORE72_SL5TP10,ALPINE/USDT,2026-08-09T06:00:00+00:00,2026-08-10T06:00:00+00:00,0.336,0.331,90.00000000,95.00000000,100.00000000,0.10000000,0.09851190,-1.48809524,-1.68660714,-1.68660714,24H
SCORE72_SL5TP10,TRX/USDT,2026-08-09T11:00:00+00:00,2026-08-10T11:00:00+00:00,0.3299,0.3316,84.00000000,84.00000000,100.00000000,0.10000000,0.10051531,0.51530767,0.31479236,0.31479236,24H
SCORE72_SL5TP10,SOXLB/USDT,2026-08-09T12:00:00+00:00,2026-08-10T12:00:00+00:00,142.46,140.05,87.00000000,87.00000000,100.00000000,0.10000000,0.09830830,-1.69170293,-1.89001123,-1.89001123,24H
SCORE72_SL5TP10,HOME/USDT,2026-08-10T06:00:00+00:00,2026-08-10T15:00:00+00:00,0.00961,0.01189,92.00000000,97.00000000,100.00000000,0.10000000,0.12372529,23.72528616,23.50156087,23.50156087,TAKE_PROFIT
SCORE72_SL5TP10,CRCLB/USDT,2026-08-09T16:00:00+00:00,2026-08-10T16:00:00+00:00,68.32,65.86,90.00000000,95.00000000,100.00000000,0.10000000,0.09639930,-3.60070258,-3.79710187,-3.79710187,24H
SCORE72_SL5TP10,TRUMP/USDT,2026-08-09T16:00:00+00:00,2026-08-10T16:00:00+00:00,1.521,1.486,90.00000000,100.00000000,100.00000000,0.10000000,0.09769888,-2.30111769,-2.49881657,-2.49881657,24H
SCORE72_SL5TP10,RE/USDT,2026-08-10T12:00:00+00:00,2026-08-10T19:00:00+00:00,0.4334,0.409,89.00000000,89.00000000,100.00000000,0.10000000,0.09437010,-5.62990309,-5.82427319,-5.82427319,STOP_LOSS
SCORE72_SL5TP10,EUR/USDT,2026-08-09T20:00:00+00:00,2026-08-10T20:00:00+00:00,1.1565,1.1553,84.00000000,84.00000000,100.00000000,0.10000000,0.09989624,-0.10376135,-0.30365759,-0.30365759,24H
SCORE72_SL5TP10,ALLO/USDT,2026-08-10T16:00:00+00:00,2026-08-10T22:00:00+00:00,0.3267,0.3081,95.00000000,100.00000000,100.00000000,0.10000000,0.09430670,-5.69329660,-5.88760331,-5.88760331,STOP_LOSS
SCORE72_SL5TP10,PUMP/USDT,2026-08-10T00:00:00+00:00,2026-08-11T00:00:00+00:00,0.002748,0.002749,87.00000000,92.00000000,100.00000000,0.10000000,0.10003639,0.03639010,-0.16364629,-0.16364629,24H
SCORE72_SL5TP10,MUBARAK/USDT,2026-08-10T15:00:00+00:00,2026-08-11T01:00:00+00:00,0.02176,0.01974,89.00000000,80.00000000,100.00000000,0.10000000,0.09071691,-9.28308824,-9.47380515,-9.47380515,STOP_LOSS
SCORE72_SL5TP10,EDEN/USDT,2026-08-10T02:00:00+00:00,2026-08-11T02:00:00+00:00,0.04511,0.04334,95.00000000,100.00000000,100.00000000,0.10000000,0.09607626,-3.92374196,-4.11981822,-4.11981822,24H
SCORE72_SL5TP10,TREE/USDT,2026-08-10T04:00:00+00:00,2026-08-11T04:00:00+00:00,0.0377,0.0364,90.00000000,95.00000000,100.00000000,0.10000000,0.09655172,-3.44827586,-3.64482759,-3.64482759,24H
SCORE72_SL5TP10,RARE/USDT,2026-08-10T20:00:00+00:00,2026-08-11T09:00:00+00:00,0.01368,0.01212,87.00000000,86.00000000,100.00000000,0.10000000,0.08859649,-11.40350877,-11.59210526,-11.59210526,STOP_LOSS
SCORE72_SL5TP10,SPCXB/USDT,2026-08-10T11:00:00+00:00,2026-08-11T11:00:00+00:00,138.81,137.27,90.00000000,100.00000000,100.00000000,0.10000000,0.09889057,-1.10943016,-1.30832073,-1.30832073,24H
SCORE72_SL5TP10,PORTAL/USDT,2026-08-10T15:00:00+00:00,2026-08-11T14:00:00+00:00,0.01185,0.01116,95.00000000,100.00000000,100.00000000,0.10000000,0.09417722,-5.82278481,-6.01696203,-6.01696203,STOP_LOSS
SCORE72_SL5TP10,XPL/USDT,2026-08-11T01:00:00+00:00,2026-08-11T15:00:00+00:00,0.0802,0.07605,89.00000000,88.00000000,100.00000000,0.10000000,0.09482544,-5.17456359,-5.36938903,-5.36938903,STOP_LOSS
SCORE72_SL5TP10,PAXG/USDT,2026-08-10T16:00:00+00:00,2026-08-11T16:00:00+00:00,4348.17,4380.62,87.00000000,87.00000000,100.00000000,0.10000000,0.10074629,0.74629097,0.54554468,0.54554468,24H
SCORE72_SL5TP10,WLD/USDT,2026-08-10T22:00:00+00:00,2026-08-11T22:00:00+00:00,0.3369,0.3362,79.00000000,74.00000000,100.00000000,0.10000000,0.09979222,-0.20777679,-0.40756901,-0.40756901,24H
SCORE72_SL5TP10,LINK/USDT,2026-08-11T00:00:00+00:00,2026-08-12T00:00:00+00:00,8.335,8.76,90.00000000,95.00000000,100.00000000,0.10000000,0.10509898,5.09898020,4.89388122,4.89388122,24H
SCORE72_SL5TP10,TRUMP/USDT,2026-08-11T02:00:00+00:00,2026-08-12T02:00:00+00:00,1.51,1.492,90.00000000,95.00000000,100.00000000,0.10000000,0.09880795,-1.19205298,-1.39086093,-1.39086093,24H
SCORE72_SL5TP10,ENA/USDT,2026-08-11T04:00:00+00:00,2026-08-12T04:00:00+00:00,0.0903,0.0898,90.00000000,95.00000000,100.00000000,0.10000000,0.09944629,-0.55370986,-0.75315615,-0.75315615,24H
SCORE72_SL5TP10,BNB/USDT,2026-08-11T09:00:00+00:00,2026-08-12T09:00:00+00:00,607.19,613.7,87.00000000,86.00000000,100.00000000,0.10000000,0.10107215,1.07215204,0.87107989,0.87107989,24H
SCORE72_SL5TP10,GIGGLE/USDT,2026-08-11T11:00:00+00:00,2026-08-12T11:00:00+00:00,36.09,34.97,89.00000000,89.00000000,100.00000000,0.10000000,0.09689665,-3.10335273,-3.30024938,-3.30024938,24H
SCORE72_SL5TP10,KORUB/USDT,2026-08-11T14:00:00+00:00,2026-08-12T12:00:00+00:00,17.95,19.83,89.00000000,88.00000000,100.00000000,0.10000000,0.11047354,10.47353760,10.26306407,10.26306407,TAKE_PROFIT
SCORE72_SL5TP10,CRCLB/USDT,2026-08-11T15:00:00+00:00,2026-08-12T15:00:00+00:00,70.73,69.44,90.00000000,100.00000000,100.00000000,0.10000000,0.09817616,-1.82383713,-2.02201329,-2.02201329,24H
SCORE72_SL5TP10,DOGE/USDT,2026-08-11T16:00:00+00:00,2026-08-12T16:00:00+00:00,0.07052,0.07087,80.00000000,72.00000000,100.00000000,0.10000000,0.10049631,0.49631310,0.29581679,0.29581679,24H
SCORE72_SL5TP10,HOME/USDT,2026-08-11T22:00:00+00:00,2026-08-12T22:00:00+00:00,0.00922,0.00935,82.00000000,84.00000000,100.00000000,0.10000000,0.10140998,1.40997831,1.20856833,1.20856833,24H
SCORE72_SL5TP10,EWYB/USDT,2026-08-12T00:00:00+00:00,2026-08-13T00:00:00+00:00,168.59,177.19,90.00000000,95.00000000,100.00000000,0.10000000,0.10510113,5.10113293,4.89603179,4.89603179,24H
SCORE72_SL5TP10,WLD/USDT,2026-08-12T02:00:00+00:00,2026-08-13T02:00:00+00:00,0.3452,0.3303,95.00000000,100.00000000,100.00000000,0.10000000,0.09568366,-4.31633835,-4.51202202,-4.51202202,24H
SCORE72_SL5TP10,RE/USDT,2026-08-12T04:00:00+00:00,2026-08-13T04:00:00+00:00,0.436,0.4388,90.00000000,95.00000000,100.00000000,0.10000000,0.10064220,0.64220183,0.44155963,0.44155963,24H
SCORE72_SL5TP10,HOME/USDT,2026-08-12T22:00:00+00:00,2026-08-13T06:00:00+00:00,0.00935,0.01036,79.00000000,75.00000000,100.00000000,0.10000000,0.11080214,10.80213904,10.59133690,10.59133690,TAKE_PROFIT
SCORE72_SL5TP10,GPS/USDT,2026-08-12T09:00:00+00:00,2026-08-13T09:00:00+00:00,0.00981,0.01014,90.00000000,100.00000000,100.00000000,0.10000000,0.10336391,3.36391437,3.16055046,3.16055046,24H
SCORE72_SL5TP10,RLUSD/USDT,2026-08-12T11:00:00+00:00,2026-08-13T11:00:00+00:00,1.001,1.0011,84.00000000,84.00000000,100.00000000,0.10000000,0.10000999,0.00999001,-0.19001998,-0.19001998,24H
SCORE72_SL5TP10,LINK/USDT,2026-08-12T12:00:00+00:00,2026-08-13T12:00:00+00:00,8.849,8.782,93.00000000,98.00000000,100.00000000,0.10000000,0.09924285,-0.75714770,-0.95639055,-0.95639055,24H
SCORE72_SL5TP10,EDEN/USDT,2026-08-12T15:00:00+00:00,2026-08-13T15:00:00+00:00,0.04512,0.04974,95.00000000,100.00000000,100.00000000,0.10000000,0.11023936,10.23936170,10.02912234,10.02912234,TAKE_PROFIT
SCORE72_SL5TP10,SNXXB/USDT,2026-08-13T11:00:00+00:00,2026-08-13T15:00:00+00:00,11.29,14.2,87.00000000,86.00000000,100.00000000,0.10000000,0.12577502,25.77502214,25.54924712,25.54924712,TAKE_PROFIT
SCORE72_SL5TP10,SNDKB/USDT,2026-08-13T12:00:00+00:00,2026-08-13T15:00:00+00:00,1353.63,1532.99,90.00000000,95.00000000,100.00000000,0.10000000,0.11325030,13.25029735,13.03704705,13.03704705,TAKE_PROFIT
SCORE72_SL5TP10,USDE/USDT,2026-08-12T16:00:00+00:00,2026-08-13T16:00:00+00:00,1.0008,1.0007,87.00000000,87.00000000,100.00000000,0.10000000,0.09999001,-0.00999201,-0.20998201,-0.20998201,24H
SCORE72_SL5TP10,EDEN/USDT,2026-08-13T15:00:00+00:00,2026-08-13T18:00:00+00:00,0.04974,0.05933,90.00000000,100.00000000,100.00000000,0.10000000,0.11928026,19.28025734,19.06097708,19.06097708,TAKE_PROFIT
SCORE72_SL5TP10,WLFI/USDT,2026-08-13T00:00:00+00:00,2026-08-14T00:00:00+00:00,0.0553,0.0549,87.00000000,87.00000000,100.00000000,0.10000000,0.09927667,-0.72332731,-0.92260398,-0.92260398,24H
SCORE72_SL5TP10,ACE/USDT,2026-08-13T16:00:00+00:00,2026-08-14T01:00:00+00:00,0.1154,0.1349,95.00000000,100.00000000,100.00000000,0.10000000,0.11689775,16.89774697,16.68084922,16.68084922,TAKE_PROFIT
SCORE72_SL5TP10,PUMP/USDT,2026-08-13T02:00:00+00:00,2026-08-14T02:00:00+00:00,0.002755,0.002974,87.00000000,86.00000000,100.00000000,0.10000000,0.10794918,7.94918330,7.74123412,7.74123412,24H
SCORE72_SL5TP10,AVAX/USDT,2026-08-13T04:00:00+00:00,2026-08-14T04:00:00+00:00,6.505,6.433,86.00000000,86.00000000,100.00000000,0.10000000,0.09889316,-1.10684089,-1.30573405,-1.30573405,24H
SCORE72_SL5TP10,HOME/USDT,2026-08-13T06:00:00+00:00,2026-08-14T06:00:00+00:00,0.01036,0.0114,90.00000000,100.00000000,100.00000000,0.10000000,0.11003861,10.03861004,9.82857143,9.82857143,TAKE_PROFIT
SCORE72_SL5TP10,ACE/USDT,2026-08-14T02:00:00+00:00,2026-08-14T06:00:00+00:00,0.1279,0.1427,95.00000000,100.00000000,100.00000000,0.10000000,0.11157154,11.57154027,11.35996873,11.35996873,TAKE_PROFIT
SCORE72_SL5TP10,RE/USDT,2026-08-13T09:00:00+00:00,2026-08-14T09:00:00+00:00,0.4494,0.4391,95.00000000,100.00000000,100.00000000,0.10000000,0.09770806,-2.29194482,-2.48965287,-2.48965287,24H
SCORE72_SL5TP10,HOME/USDT,2026-08-14T06:00:00+00:00,2026-08-14T12:00:00+00:00,0.0114,0.0104,84.00000000,84.00000000,100.00000000,0.10000000,0.09122807,-8.77192982,-8.96315789,-8.96315789,STOP_LOSS
SCORE72_SL5TP10,TAO/USDT,2026-08-14T01:00:00+00:00,2026-08-14T14:00:00+00:00,204.9,193.9,87.00000000,87.00000000,100.00000000,0.10000000,0.09463153,-5.36847243,-5.56310395,-5.56310395,STOP_LOSS
SCORE72_SL5TP10,WLD/USDT,2026-08-13T15:00:00+00:00,2026-08-14T15:00:00+00:00,0.3468,0.346,90.00000000,95.00000000,100.00000000,0.10000000,0.09976932,-0.23068051,-0.43044983,-0.43044983,24H
SCORE72_SL5TP10,SOXLB/USDT,2026-08-13T15:00:00+00:00,2026-08-14T15:00:00+00:00,149.63,140.58,89.00000000,88.00000000,100.00000000,0.10000000,0.09395175,-6.04825236,-6.24220410,-6.24220410,STOP_LOSS
SCORE72_SL5TP10,KORUB/USDT,2026-08-13T15:00:00+00:00,2026-08-14T15:00:00+00:00,21.32,21.48,87.00000000,92.00000000,100.00000000,0.10000000,0.10075047,0.75046904,0.54971857,0.54971857,24H
SCORE72_SL5TP10,HEI/USDT,2026-08-14T14:00:00+00:00,2026-08-14T15:00:00+00:00,0.153,0.1446,84.00000000,89.00000000,100.00000000,0.10000000,0.09450980,-5.49019608,-5.68470588,-5.68470588,STOP_LOSS
SCORE72_SL5TP10,PLUME/USDT,2026-08-14T12:00:00+00:00,2026-08-14T16:00:00+00:00,0.01319,0.01249,92.00000000,97.00000000,100.00000000,0.10000000,0.09469295,-5.30705080,-5.50174375,-5.50174375,STOP_LOSS
SCORE72_SL5TP10,CRCLB/USDT,2026-08-13T18:00:00+00:00,2026-08-14T18:00:00+00:00,73.57,71.64,92.00000000,97.00000000,100.00000000,0.10000000,0.09737665,-2.62335191,-2.82072856,-2.82072856,24H
SCORE72_SL5TP10,HEI/USDT,2026-08-14T15:00:00+00:00,2026-08-14T18:00:00+00:00,0.1446,0.1335,89.00000000,81.00000000,100.00000000,0.10000000,0.09232365,-7.67634855,-7.86867220,-7.86867220,STOP_LOSS
SCORE72_SL5TP10,SNXXB/USDT,2026-08-14T06:00:00+00:00,2026-08-14T20:00:00+00:00,14.72,16.25,90.00000000,100.00000000,100.00000000,0.10000000,0.11039402,10.39402174,10.18362772,10.18362772,TAKE_PROFIT
SCORE72_SL5TP10,RLUSD/USDT,2026-08-14T00:00:00+00:00,2026-08-15T00:00:00+00:00,1.0012,1.001,87.00000000,87.00000000,100.00000000,0.10000000,0.09998002,-0.01997603,-0.21995605,-0.21995605,24H
SCORE72_SL5TP10,EDEN/USDT,2026-08-14T18:00:00+00:00,2026-08-15T00:00:00+00:00,0.06159,0.05846,84.00000000,76.00000000,100.00000000,0.10000000,0.09491801,-5.08199383,-5.27691184,-5.27691184,STOP_LOSS
SCORE72_SL5TP10,PUMP/USDT,2026-08-14T04:00:00+00:00,2026-08-15T03:00:00+00:00,0.002918,0.00274,87.00000000,86.00000000,100.00000000,0.10000000,0.09389993,-6.10006854,-6.29396847,-6.29396847,STOP_LOSS
SCORE72_SL5TP10,U/USDT,2026-08-14T09:00:00+00:00,2026-08-15T09:00:00+00:00,1.0005,1.0005,87.00000000,87.00000000,100.00000000,0.10000000,0.10000000,0.00000000,-0.20000000,-0.20000000,24H
SCORE72_SL5TP10,HEMI/USDT,2026-08-15T09:00:00+00:00,2026-08-15T14:00:00+00:00,0.00533,0.00661,89.00000000,89.00000000,100.00000000,0.10000000,0.12401501,24.01500938,23.79099437,23.79099437,TAKE_PROFIT
SCORE72_SL5TP10,WLD/USDT,2026-08-14T15:00:00+00:00,2026-08-15T15:00:00+00:00,0.346,0.3458,89.00000000,88.00000000,100.00000000,0.10000000,0.09994220,-0.05780347,-0.25774566,-0.25774566,24H
SCORE72_SL5TP10,WLFI/USDT,2026-08-14T15:00:00+00:00,2026-08-15T15:00:00+00:00,0.0555,0.0562,87.00000000,86.00000000,100.00000000,0.10000000,0.10126126,1.26126126,1.06000000,1.06000000,24H
SCORE72_SL5TP10,BEL/USDT,2026-08-14T15:00:00+00:00,2026-08-15T15:00:00+00:00,0.1053,0.1073,85.00000000,87.00000000,100.00000000,0.10000000,0.10189934,1.89933523,1.69743590,1.69743590,24H
SCORE72_SL5TP10,LINK/USDT,2026-08-14T16:00:00+00:00,2026-08-15T16:00:00+00:00,8.877,9.614,84.00000000,84.00000000,100.00000000,0.10000000,0.10830235,8.30235440,8.09405204,8.09405204,24H
SCORE72_SL5TP10,XPL/USDT,2026-08-14T18:00:00+00:00,2026-08-15T18:00:00+00:00,0.07668,0.07679,84.00000000,84.00000000,100.00000000,0.10000000,0.10014345,0.14345331,-0.05669014,-0.05669014,24H
SCORE72_SL5TP10,ONG/USDT,2026-08-14T20:00:00+00:00,2026-08-15T20:00:00+00:00,0.04511,0.0488,80.00000000,72.00000000,100.00000000,0.10000000,0.10818000,8.18000443,7.97182443,7.97182443,24H
SCORE72_SL5TP10,RED/USDT,2026-08-15T18:00:00+00:00,2026-08-15T21:00:00+00:00,0.0911,0.1067,90.00000000,100.00000000,100.00000000,0.10000000,0.11712404,17.12403952,16.90691548,16.90691548,TAKE_PROFIT
SCORE72_SL5TP10,CHIP/USDT,2026-08-15T16:00:00+00:00,2026-08-15T22:00:00+00:00,0.02511,0.02773,92.00000000,97.00000000,100.00000000,0.10000000,0.11043409,10.43409000,10.22365591,10.22365591,TAKE_PROFIT
SCORE72_SL5TP10,RE/USDT,2026-08-15T00:00:00+00:00,2026-08-16T00:00:00+00:00,0.4576,0.4645,92.00000000,97.00000000,100.00000000,0.10000000,0.10150787,1.50786713,1.30635927,1.30635927,24H
SCORE72_SL5TP10,EURI/USDT,2026-08-15T00:00:00+00:00,2026-08-16T00:00:00+00:00,1.1574,1.1571,84.00000000,84.00000000,100.00000000,0.10000000,0.09997408,-0.02592017,-0.22589425,-0.22589425,24H
SCORE72_SL5TP10,RED/USDT,2026-08-15T22:00:00+00:00,2026-08-16T00:00:00+00:00,0.0941,0.0893,95.00000000,100.00000000,100.00000000,0.10000000,0.09489904,-5.10095643,-5.29585547,-5.29585547,STOP_LOSS
SCORE72_SL5TP10,HEMI/USDT,2026-08-15T14:00:00+00:00,2026-08-16T02:00:00+00:00,0.00661,0.00742,90.00000000,92.00000000,100.00000000,0.10000000,0.11225416,12.25416036,12.04190620,12.04190620,TAKE_PROFIT
SCORE72_SL5TP10,PLUME/USDT,2026-08-15T03:00:00+00:00,2026-08-16T03:00:00+00:00,0.01296,0.01293,95.00000000,100.00000000,100.00000000,0.10000000,0.09976852,-0.23148148,-0.43125000,-0.43125000,24H
SCORE72_SL5TP10,HEMI/USDT,2026-08-16T03:00:00+00:00,2026-08-16T07:00:00+00:00,0.00782,0.00864,92.00000000,89.00000000,100.00000000,0.10000000,0.11048593,10.48593350,10.27544757,10.27544757,TAKE_PROFIT
SCORE72_SL5TP10,HEMI/USDT,2026-08-16T07:00:00+00:00,2026-08-16T08:00:00+00:00,0.00864,0.00819,84.00000000,80.00000000,100.00000000,0.10000000,0.09479167,-5.20833333,-5.40312500,-5.40312500,STOP_LOSS
SCORE72_SL5TP10,RE/USDT,2026-08-16T00:00:00+00:00,2026-08-16T12:00:00+00:00,0.4645,0.4389,89.00000000,88.00000000,100.00000000,0.10000000,0.09448870,-5.51130248,-5.70579117,-5.70579117,STOP_LOSS
SCORE72_SL5TP10,GPS/USDT,2026-08-16T02:00:00+00:00,2026-08-16T13:00:00+00:00,0.01063,0.01004,90.00000000,95.00000000,100.00000000,0.10000000,0.09444967,-5.55032926,-5.74477893,-5.74477893,STOP_LOSS
SCORE72_SL5TP10,EWYB/USDT,2026-08-15T15:00:00+00:00,2026-08-16T15:00:00+00:00,180.03,180.87,87.00000000,87.00000000,100.00000000,0.10000000,0.10046659,0.46658890,0.26612231,0.26612231,24H
SCORE72_SL5TP10,USDC/USDT,2026-08-15T15:00:00+00:00,2026-08-16T15:00:00+00:00,1.00094,1.00098,87.00000000,87.00000000,100.00000000,0.10000000,0.10000400,0.00399624,-0.19600775,-0.19600775,24H
SCORE72_SL5TP10,WLD/USDT,2026-08-15T15:00:00+00:00,2026-08-16T15:00:00+00:00,0.3458,0.3585,87.00000000,87.00000000,100.00000000,0.10000000,0.10367264,3.67264315,3.46897050,3.46897050,24H
SCORE72_SL5TP10,PORTAL/USDT,2026-08-16T15:00:00+00:00,2026-08-16T17:00:00+00:00,0.01336,0.01493,92.00000000,89.00000000,100.00000000,0.10000000,0.11175150,11.75149701,11.53974551,11.53974551,TAKE_PROFIT
SCORE72_SL5TP10,BEL/USDT,2026-08-16T12:00:00+00:00,2026-08-16T18:00:00+00:00,0.107,0.1222,87.00000000,86.00000000,100.00000000,0.10000000,0.11420561,14.20560748,13.99140187,13.99140187,TAKE_PROFIT
SCORE72_SL5TP10,ALPINE/USDT,2026-08-15T20:00:00+00:00,2026-08-16T20:00:00+00:00,0.32,0.317,89.00000000,89.00000000,100.00000000,0.10000000,0.09906250,-0.93750000,-1.13656250,-1.13656250,24H
SCORE72_SL5TP10,ONG/USDT,2026-08-15T21:00:00+00:00,2026-08-16T20:00:00+00:00,0.04832,0.05431,84.00000000,84.00000000,100.00000000,0.10000000,0.11239652,12.39652318,12.18412666,12.18412666,TAKE_PROFIT
SCORE72_SL5TP10,WLFI/USDT,2026-08-16T00:00:00+00:00,2026-08-17T00:00:00+00:00,0.0578,0.0598,92.00000000,97.00000000,100.00000000,0.10000000,0.10346021,3.46020761,3.25674740,3.25674740,24H
SCORE72_SL5TP10,PAXG/USDT,2026-08-16T00:00:00+00:00,2026-08-17T00:00:00+00:00,4378.97,4397.91,87.00000000,87.00000000,100.00000000,0.10000000,0.10043252,0.43252180,0.23208928,0.23208928,24H
SCORE72_SL5TP10,ONG/USDT,2026-08-16T20:00:00+00:00,2026-08-17T01:00:00+00:00,0.05431,0.06082,84.00000000,84.00000000,100.00000000,0.10000000,0.11198674,11.98674277,11.77475603,11.77475603,TAKE_PROFIT
SCORE72_SL5TP10,GPS/USDT,2026-08-17T01:00:00+00:00,2026-08-17T03:00:00+00:00,0.01195,0.01394,95.00000000,100.00000000,100.00000000,0.10000000,0.11665272,16.65271967,16.43606695,16.43606695,TAKE_PROFIT
SCORE72_SL5TP10,XPL/USDT,2026-08-16T08:00:00+00:00,2026-08-17T08:00:00+00:00,0.07803,0.07685,87.00000000,87.00000000,100.00000000,0.10000000,0.09848776,-1.51223888,-1.71072664,-1.71072664,24H
SCORE72_SL5TP10,PLUME/USDT,2026-08-16T13:00:00+00:00,2026-08-17T11:00:00+00:00,0.01317,0.01251,87.00000000,87.00000000,100.00000000,0.10000000,0.09498861,-5.01138952,-5.20637813,-5.20637813,STOP_LOSS
SCORE72_SL5TP10,SNXXB/USDT,2026-08-16T18:00:00+00:00,2026-08-17T13:00:00+00:00,16.67,18.97,93.00000000,98.00000000,100.00000000,0.10000000,0.11379724,13.79724055,13.58344331,13.58344331,TAKE_PROFIT
SCORE72_SL5TP10,KORUB/USDT,2026-08-17T03:00:00+00:00,2026-08-17T14:00:00+00:00,22.59,25.04,90.00000000,100.00000000,100.00000000,0.10000000,0.11084551,10.84550686,10.63466135,10.63466135,TAKE_PROFIT
SCORE72_SL5TP10,WLD/USDT,2026-08-16T15:00:00+00:00,2026-08-17T15:00:00+00:00,0.3585,0.3607,95.00000000,100.00000000,100.00000000,0.10000000,0.10061367,0.61366806,0.41305439,0.41305439,24H
SCORE72_SL5TP10,SOXLB/USDT,2026-08-16T15:00:00+00:00,2026-08-17T15:00:00+00:00,145.14,156.05,87.00000000,87.00000000,100.00000000,0.10000000,0.10751688,7.51688025,7.30936337,7.30936337,24H
SCORE72_SL5TP10,ACE/USDT,2026-08-17T11:00:00+00:00,2026-08-17T15:00:00+00:00,0.1908,0.1774,85.00000000,79.00000000,100.00000000,0.10000000,0.09297694,-7.02306080,-7.21603774,-7.21603774,STOP_LOSS
SCORE72_SL5TP10,TUT/USDT,2026-08-17T15:00:00+00:00,2026-08-17T15:41:47.352932+00:00,0.04442,0.03802,89.00000000,81.00000000,100.00000000,0.10000000,0.08559208,-14.40792436,-14.59351643,-14.59351643,STOP_LOSS
SCORE72_SL5TP10,LINK/USDT,2026-08-16T17:00:00+00:00,2026-08-17T17:00:00+00:00,9.438,9.502,93.00000000,98.00000000,100.00000000,0.10000000,0.10067811,0.67810977,0.47743166,0.47743166,24H
SCORE72_SL5TP10,CHIP/USDT,2026-08-17T08:00:00+00:00,2026-08-17T18:00:00+00:00,0.02993,0.02814,95.00000000,100.00000000,100.00000000,0.10000000,0.09401938,-5.98062145,-6.17464083,-6.17464083,STOP_LOSS
SCORE72_SL5TP10,BEL/USDT,2026-08-16T20:00:00+00:00,2026-08-17T20:00:00+00:00,0.1115,0.1082,87.00000000,87.00000000,100.00000000,0.10000000,0.09704036,-2.95964126,-3.15668161,-3.15668161,24H
SCORE72_SL5TP10,MUBARAK/USDT,2026-08-17T00:00:00+00:00,2026-08-17T21:00:00+00:00,0.0175,0.01661,92.00000000,97.00000000,100.00000000,0.10000000,0.09491429,-5.08571429,-5.28062857,-5.28062857,STOP_LOSS
SCORE72_SL5TP10,EDEN/USDT,2026-08-17T18:00:00+00:00,2026-08-17T21:00:00+00:00,0.0499,0.04702,89.00000000,88.00000000,100.00000000,0.10000000,0.09422846,-5.77154309,-5.96577154,-5.96577154,STOP_LOSS
SCORE72_SL5TP10,MUB/USDT,2026-08-17T00:00:00+00:00,2026-08-18T00:00:00+00:00,984.22,1018.7,90.00000000,95.00000000,100.00000000,0.10000000,0.10350328,3.50328179,3.29977850,3.29977850,24H
SCORE72_SL5TP10,SNXXB/USDT,2026-08-17T15:00:00+00:00,2026-08-18T02:00:00+00:00,18.98,17.61,92.00000000,97.00000000,100.00000000,0.10000000,0.09278188,-7.21812434,-7.41090622,-7.41090622,STOP_LOSS
SCORE72_SL5TP10,BMT/USDT,2026-08-17T17:00:00+00:00,2026-08-18T03:00:00+00:00,0.01665,0.01562,89.00000000,89.00000000,100.00000000,0.10000000,0.09381381,-6.18618619,-6.38000000,-6.38000000,STOP_LOSS
SCORE72_SL5TP10,TUT/USDT,2026-08-18T03:00:00+00:00,2026-08-18T04:00:00+00:00,0.04811,0.03964,83.00000000,74.00000000,100.00000000,0.10000000,0.08239451,-17.60548742,-17.78788194,-17.78788194,STOP_LOSS
SCORE72_SL5TP10,EDEN/USDT,2026-08-18T02:00:00+00:00,2026-08-18T07:00:00+00:00,0.05028,0.05792,89.00000000,88.00000000,100.00000000,0.10000000,0.11519491,15.19490851,14.97971360,14.97971360,TAKE_PROFIT
SCORE72_SL5TP10,SNDKB/USDT,2026-08-17T15:00:00+00:00,2026-08-18T08:00:00+00:00,1784.63,1684.65,92.00000000,97.00000000,100.00000000,0.10000000,0.09439772,-5.60228171,-5.79667942,-5.79667942,STOP_LOSS
SCORE72_SL5TP10,OPN/USDT,2026-08-17T20:00:00+00:00,2026-08-18T09:00:00+00:00,0.0527,0.0587,84.00000000,84.00000000,100.00000000,0.10000000,0.11138520,11.38519924,11.17381404,11.17381404,TAKE_PROFIT
SCORE72_SL5TP10,ACE/USDT,2026-08-18T07:00:00+00:00,2026-08-18T12:00:00+00:00,0.191,0.2162,95.00000000,92.00000000,100.00000000,0.10000000,0.11319372,13.19371728,12.98052356,12.98052356,TAKE_PROFIT
SCORE72_SL5TP10,ACE/USDT,2026-08-18T12:00:00+00:00,2026-08-18T12:30:12.661268+00:00,0.2162,0.1913,95.00000000,92.00000000,100.00000000,0.10000000,0.08848289,-11.51711378,-11.70559667,-11.70559667,STOP_LOSS
SCORE72_SL5TP10,CRCLB/USDT,2026-08-17T13:00:00+00:00,2026-08-18T13:00:00+00:00,74.22,72.38,90.00000000,100.00000000,100.00000000,0.10000000,0.09752088,-2.47911614,-2.67663703,-2.67663703,24H
SCORE72_SL5TP10,CHIP/USDT,2026-08-18T09:00:00+00:00,2026-08-18T13:00:00+00:00,0.0286,0.02712,84.00000000,84.00000000,100.00000000,0.10000000,0.09482517,-5.17482517,-5.36965035,-5.36965035,STOP_LOSS
SCORE72_SL5TP10,ACE/USDT,2026-08-18T12:30:12.661268+00:00,2026-08-18T13:00:00+00:00,0.1913,0.2238,76.00000000,83.00000000,100.00000000,0.10000000,0.11698902,16.98902248,16.77203346,16.77203346,TAKE_PROFIT
SCORE72_SL5TP10,HEMI/USDT,2026-08-17T14:00:00+00:00,2026-08-18T14:00:00+00:00,0.00692,0.00646,95.00000000,100.00000000,100.00000000,0.10000000,0.09335260,-6.64739884,-6.84075145,-6.84075145,STOP_LOSS
SCORE72_SL5TP10,ALLO/USDT,2026-08-17T15:41:47.979890+00:00,2026-08-18T16:00:00+00:00,0.28,0.2998,89.00000000,100.00000000,100.00000000,0.10000000,0.10707143,7.07142857,6.86435714,6.86435714,24H
SCORE72_SL5TP10,AAVE/USDT,2026-08-17T21:00:00+00:00,2026-08-18T21:00:00+00:00,89.04,88.29,79.00000000,79.00000000,100.00000000,0.10000000,0.09915768,-0.84231806,-1.04147574,-1.04147574,24H
SCORE72_SL5TP10,POL/USDT,2026-08-17T21:00:00+00:00,2026-08-18T21:00:00+00:00,0.07997,0.0818,78.00000000,65.00000000,100.00000000,0.10000000,0.10228836,2.28835813,2.08606978,2.08606978,24H
SCORE72_SL5TP10,ONG/USDT,2026-08-18T00:00:00+00:00,2026-08-19T00:00:00+00:00,0.05516,0.05752,89.00000000,88.00000000,100.00000000,0.10000000,0.10427846,4.27846265,4.07418419,4.07418419,24H
SCORE72_SL5TP10,FDUSD/USDT,2026-08-18T04:00:00+00:00,2026-08-19T04:00:00+00:00,0.998,0.9979,78.00000000,73.00000000,100.00000000,0.10000000,0.09998998,-0.01002004,-0.21001002,-0.21001002,24H
SCORE72_SL5TP10,HEMI/USDT,2026-08-18T21:00:00+00:00,2026-08-19T05:00:00+00:00,0.00692,0.00832,84.00000000,84.00000000,100.00000000,0.10000000,0.12023121,20.23121387,20.01098266,20.01098266,TAKE_PROFIT
SCORE72_SL5TP10,ARB/USDT,2026-08-18T08:00:00+00:00,2026-08-19T08:00:00+00:00,0.0759,0.0773,89.00000000,89.00000000,100.00000000,0.10000000,0.10184453,1.84453228,1.64268775,1.64268775,24H
SCORE72_SL5TP10,ONG/USDT,2026-08-19T00:00:00+00:00,2026-08-19T09:00:00+00:00,0.05752,0.06342,87.00000000,87.00000000,100.00000000,0.10000000,0.11025730,10.25730181,10.04704451,10.04704451,TAKE_PROFIT
SCORE72_SL5TP10,MUBARAK/USDT,2026-08-19T04:00:00+00:00,2026-08-19T09:00:00+00:00,0.01709,0.01908,77.00000000,63.00000000,100.00000000,0.10000000,0.11164424,11.64423640,11.43259216,11.43259216,TAKE_PROFIT
SCORE72_SL5TP10,ACE/USDT,2026-08-18T13:00:00+00:00,2026-08-19T12:00:00+00:00,0.2238,0.2061,90.00000000,92.00000000,100.00000000,0.10000000,0.09209115,-7.90884718,-8.10093834,-8.10093834,STOP_LOSS
SCORE72_SL5TP10,BTC/USDT,2026-08-18T13:00:00+00:00,2026-08-19T13:00:00+00:00,64219.99,65012.12,87.00000000,87.00000000,100.00000000,0.10000000,0.10123346,1.23346329,1.03222982,1.03222982,24H
SCORE72_SL5TP10,EUR/USDT,2026-08-18T13:00:00+00:00,2026-08-19T13:00:00+00:00,1.1594,1.1664,87.00000000,87.00000000,100.00000000,0.10000000,0.10060376,0.60376057,0.40315681,0.40315681,24H
SCORE72_SL5TP10,SOL/USDT,2026-08-18T14:00:00+00:00,2026-08-19T14:00:00+00:00,76.8,80.89,93.00000000,98.00000000,100.00000000,0.10000000,0.10532552,5.32552083,5.12019531,5.12019531,24H
SCORE72_SL5TP10,TREE/USDT,2026-08-19T12:00:00+00:00,2026-08-19T14:00:00+00:00,0.0343,0.0406,95.00000000,100.00000000,100.00000000,0.10000000,0.11836735,18.36734694,18.14897959,18.14897959,TAKE_PROFIT
SCORE72_SL5TP10,RE/USDT,2026-08-19T09:00:00+00:00,2026-08-19T15:00:00+00:00,0.4022,0.4585,79.00000000,76.00000000,100.00000000,0.10000000,0.11399801,13.99801094,13.78401293,13.78401293,TAKE_PROFIT
SCORE72_SL5TP10,SPCXB/USDT,2026-08-18T16:00:00+00:00,2026-08-19T16:00:00+00:00,146.01,140.35,95.00000000,100.00000000,100.00000000,0.10000000,0.09612355,-3.87644682,-4.07257037,-4.07257037,24H
SCORE72_SL5TP10,ONG/USDT,2026-08-19T09:00:00+00:00,2026-08-19T17:00:00+00:00,0.06342,0.05998,87.00000000,92.00000000,100.00000000,0.10000000,0.09457584,-5.42415642,-5.61873226,-5.61873226,STOP_LOSS
SCORE72_SL5TP10,TRUMP/USDT,2026-08-19T14:00:00+00:00,2026-08-19T20:00:00+00:00,1.424,1.585,84.00000000,84.00000000,100.00000000,0.10000000,0.11130618,11.30617978,11.09487360,11.09487360,TAKE_PROFIT
SCORE72_SL5TP10,PUMP/USDT,2026-08-18T21:00:00+00:00,2026-08-19T21:00:00+00:00,0.002972,0.003126,90.00000000,100.00000000,100.00000000,0.10000000,0.10518170,5.18169583,4.97651413,4.97651413,24H
SCORE72_SL5TP10,ARB/USDT,2026-08-19T08:00:00+00:00,2026-08-19T21:00:00+00:00,0.0773,0.0891,84.00000000,89.00000000,100.00000000,0.10000000,0.11526520,15.26520052,15.04993532,15.04993532,TAKE_PROFIT
SCORE72_SL5TP10,ONG/USDT,2026-08-19T21:00:00+00:00,2026-08-20T20:00:00+00:00,0.06122,0.17155,80.00000000,72.00000000,100.00000000,0.10000000,0.28021888,180.21888272,179.83866384,179.83866384,TAKE_PROFIT
SCORE72_SL5TP10,TAO/USDT,2026-08-20T23:00:00+00:00,2026-08-21T23:00:00+00:00,214.9,229.9,72.00000000,67.00000000,100.00000000,0.10000000,0.10697999,6.97999069,6.77301070,6.77301070,24H
