trade_id,scenario,symbol,entry_time,exit_time,entry_price,exit_price,quantity,notional,entry_fee_rate,exit_fee_rate,entry_fee,exit_fee,slippage_entry_pct,slippage_exit_pct,gross_return_pct,net_return_pct,gross_pnl,net_pnl,exit_reason,holding_hours
20260827014214_002_20260827032533,V9.16_FORWARD,BICO/USDT,2026-08-27T00:00:00+00:00,2026-08-27T03:25:33.587228+00:00,0.026796770000,0.029140830000,3731.793048192003,100.00000000,0.00100000,0.00100000,0.10000000,0.10874755,0.00100000,0.00100000,8.74754681,8.53879927,8.74754681,8.53879927,TARGET,3.425996
20260827014214_003_20260827032533,V9.16_FORWARD,ONT/USDT,2026-08-27T00:00:00+00:00,2026-08-27T03:25:33.587228+00:00,0.064604540000,0.061578360000,1547.878833283234,100.00000000,0.00100000,0.00100000,0.10000000,0.09531584,0.00100000,0.00100000,-4.68415997,-4.87947581,-4.68415997,-4.87947581,STOP,3.425996
20260827000000+0000_2bebac6d5a_20260827032533,V9.20_V3_FORWARD,ONT/USDT,2026-08-27T00:00:00+00:00,2026-08-27T03:25:33.587228+00:00,0.064604540000,0.061578360000,1547.878833283234,100.00000000,0.00100000,0.00100000,0.10000000,0.09531584,0.00100000,0.00100000,-4.68415997,-4.87947581,-4.68415997,-4.87947581,STOP,3.425996
20260827014214_001_20260829043200,V9.16_FORWARD,SOL/USDT,2026-08-27T00:00:00+00:00,2026-08-29T04:32:00.280848+00:00,100.690590000000,103.506390000000,0.993141464361,100.00000000,0.00100000,0.00100000,0.10000000,0.10279649,0.00100000,0.00100000,2.79648774,2.59369125,2.79648774,2.59369125,TIME,52.533411
20260827014214_004_20260829043200,V9.16_FORWARD,PROM/USDT,2026-08-27T00:00:00+00:00,2026-08-29T04:32:00.280848+00:00,4.383379000000,5.098896000000,22.813450536675,100.00000000,0.00100000,0.00100000,0.10000000,0.11632341,0.00100000,0.00100000,16.32341169,16.10708828,16.32341169,16.10708828,TARGET,52.533411
20260827014214_005_20260829043200,V9.16_FORWARD,SOXLB/USDT,2026-08-27T00:00:00+00:00,2026-08-29T04:32:00.280848+00:00,121.331210000000,111.977910000000,0.824190247505,100.00000000,0.00100000,0.00100000,0.10000000,0.09229110,0.00100000,0.00100000,-7.70889864,-7.90118974,-7.70889864,-7.90118974,STOP,52.533411
20260827000000+0000_3f769063fd_20260829043200,V9.20_V3_FORWARD,SOXLB/USDT,2026-08-27T00:00:00+00:00,2026-08-29T04:32:00.280848+00:00,121.331210000000,111.977910000000,0.824190247505,100.00000000,0.00100000,0.00100000,0.10000000,0.09229110,0.00100000,0.00100000,-7.70889864,-7.90118974,-7.70889864,-7.90118974,STOP,52.533411
20260827000000+0000_66ddb2455f_20260829043200,V9.20_V3_FORWARD,PROM/USDT,2026-08-27T00:00:00+00:00,2026-08-29T04:32:00.280848+00:00,4.383379000000,5.098896000000,22.813450536675,100.00000000,0.00100000,0.00100000,0.10000000,0.11632341,0.00100000,0.00100000,16.32341169,16.10708828,16.32341169,16.10708828,TARGET,52.533411
20260827000000+0000_dfb2c9c0f6_20260829043200,V9.20_V3_FORWARD,SOL/USDT,2026-08-27T00:00:00+00:00,2026-08-29T04:32:00.280848+00:00,100.690590000000,103.506390000000,0.993141464361,100.00000000,0.00100000,0.00100000,0.10000000,0.10279649,0.00100000,0.00100000,2.79648774,2.59369125,2.79648774,2.59369125,TIME,52.533411
20260827000000+0000_8755a77972_20260829043200,V9.20_V3_FORWARD,WLD/USDT,2026-08-27T00:00:00+00:00,2026-08-29T04:32:00.280848+00:00,0.408007600000,0.375224400000,245.093473749018,100.00000000,0.00100000,0.00100000,0.10000000,0.09196505,0.00100000,0.00100000,-8.03494837,-8.22691342,-8.03494837,-8.22691342,STOP,52.533411
20260827010000+0000_ce4a93c35c_20260829142513,V9.20_V3_FORWARD,PROM/USDT,2026-08-27T01:00:00+00:00,2026-08-29T14:25:13.250472+00:00,4.607603000000,5.432562000000,21.703258722594,100.00000000,0.00100000,0.00100000,0.10000000,0.11790430,0.00100000,0.00100000,17.90429861,17.68639431,17.90429861,17.68639431,TARGET,61.420347
20260827010000+0000_0b54b953ff_20260829142513,V9.20_V3_FORWARD,SOL/USDT,2026-08-27T01:00:00+00:00,2026-08-29T14:25:13.250472+00:00,101.551450000000,104.265630000000,0.984722522426,100.00000000,0.00100000,0.00100000,0.10000000,0.10267271,0.00100000,0.00100000,2.67271418,2.47004146,2.67271418,2.47004146,TIME,61.420347
20260827010000+0000_7147ca1f3f_20260829142513,V9.20_V3_FORWARD,WLD/USDT,2026-08-27T01:00:00+00:00,2026-08-29T14:25:13.250472+00:00,0.408608200000,0.376623000000,244.733218765556,100.00000000,0.00100000,0.00100000,0.10000000,0.09217216,0.00100000,0.00100000,-7.82784095,-8.02001311,-7.82784095,-8.02001311,STOP,61.420347
20260827010000+0000_119b324bca_20260829142513,V9.20_V3_FORWARD,TAO/USDT,2026-08-27T01:00:00+00:00,2026-08-29T14:25:13.250472+00:00,239.839600000000,237.062700000000,0.416945325126,100.00000000,0.00100000,0.00100000,0.10000000,0.09884218,0.00100000,0.00100000,-1.15781547,-1.35665766,-1.15781547,-1.35665766,TIME,61.420347
20260827020000+0000_f63c7e4f02_20260829142513,V9.20_V3_FORWARD,UNI/USDT,2026-08-27T02:00:00+00:00,2026-08-29T14:25:13.250472+00:00,4.409405000000,4.446549000000,22.678796799115,100.00000000,0.00100000,0.00100000,0.10000000,0.10084238,0.00100000,0.00100000,0.84238123,0.64153885,0.84238123,0.64153885,TIME,60.420347
20260827020000+0000_a56b4fd6ef_20260829142513,V9.20_V3_FORWARD,PROM/USDT,2026-08-27T02:00:00+00:00,2026-08-29T14:25:13.250472+00:00,4.227223000000,5.432562000000,23.656192256713,100.00000000,0.00100000,0.00100000,0.10000000,0.12851373,0.00100000,0.00100000,28.51373112,28.28521739,28.51373112,28.28521739,TARGET,60.420347
20260827020000+0000_fde5b66017_20260829142513,V9.20_V3_FORWARD,TAO/USDT,2026-08-27T02:00:00+00:00,2026-08-29T14:25:13.250472+00:00,240.740500000000,237.062700000000,0.415385030770,100.00000000,0.00100000,0.00100000,0.10000000,0.09847230,0.00100000,0.00100000,-1.52770307,-1.72617536,-1.52770307,-1.72617536,TIME,60.420347
20260827030000+0000_30f310d4da_20260829142513,V9.20_V3_FORWARD,PROM/USDT,2026-08-27T03:00:00+00:00,2026-08-29T14:25:13.250472+00:00,4.476472000000,5.432562000000,22.339020550112,100.00000000,0.00100000,0.00100000,0.10000000,0.12135811,0.00100000,0.00100000,21.35811416,21.13675604,21.35811416,21.13675604,TARGET,59.420347
20260827050000+0000_1e1154b339_20260829142513,V9.20_V3_FORWARD,TUT/USDT,2026-08-27T05:00:00+00:00,2026-08-29T14:25:13.250472+00:00,0.056506450000,0.037602360000,1769.709475643931,100.00000000,0.00100000,0.00100000,0.10000000,0.06654525,0.00100000,0.00100000,-33.45474720,-33.62129245,-33.45474720,-33.62129245,STOP,57.420347
20260827060000+0000_ef6e4f3810_20260829142513,V9.20_V3_FORWARD,PROM/USDT,2026-08-27T06:00:00+00:00,2026-08-29T14:25:13.250472+00:00,4.832828000000,5.432562000000,20.691818537717,100.00000000,0.00100000,0.00100000,0.10000000,0.11240959,0.00100000,0.00100000,12.40958710,12.19717751,12.40958710,12.19717751,TARGET,56.420347
20260827060000+0000_e58d9ea7e4_20260829152549,V9.20_V3_FORWARD,TUT/USDT,2026-08-27T06:00:00+00:00,2026-08-29T15:25:49.656811+00:00,0.055555500000,0.034915050000,1800.001800001800,100.00000000,0.00100000,0.00100000,0.10000000,0.06284715,0.00100000,0.00100000,-37.15284715,-37.31569431,-37.15284715,-37.31569431,STOP,57.430460
20260827060000+0000_4db6adea3f_20260829152549,V9.20_V3_FORWARD,TAO/USDT,2026-08-27T06:00:00+00:00,2026-08-29T15:25:49.656811+00:00,243.743500000000,237.961800000000,0.410267350719,100.00000000,0.00100000,0.00100000,0.10000000,0.09762796,0.00100000,0.00100000,-2.37204274,-2.56967070,-2.37204274,-2.56967070,TIME,57.430460
20260827060000+0000_56fe2f188c_20260829152549,V9.20_V3_FORWARD,ENA/USDT,2026-08-27T06:00:00+00:00,2026-08-29T15:25:49.656811+00:00,0.152152000000,0.158041800000,657.237499342763,100.00000000,0.00100000,0.00100000,0.10000000,0.10387100,0.00100000,0.00100000,3.87099742,3.66712643,3.87099742,3.66712643,TIME,57.430460
20260827070000+0000_66fbf74dac_20260829152549,V9.20_V3_FORWARD,PROM/USDT,2026-08-27T07:00:00+00:00,2026-08-29T15:25:49.656811+00:00,4.565561000000,5.448546000000,21.903113330432,100.00000000,0.00100000,0.00100000,0.10000000,0.11934012,0.00100000,0.00100000,19.34012052,19.12078040,19.34012052,19.12078040,TARGET,56.430460
20260827070000+0000_c7759d3aaf_20260829152549,V9.20_V3_FORWARD,TAO/USDT,2026-08-27T07:00:00+00:00,2026-08-29T15:25:49.656811+00:00,249.449200000000,237.961800000000,0.400883225923,100.00000000,0.00100000,0.00100000,0.10000000,0.09539489,0.00100000,0.00100000,-4.60510597,-4.80050086,-4.60510597,-4.80050086,STOP,56.430460
20260827080000+0000_3aa2d9f679_20260829152549,V9.20_V3_FORWARD,BNB/USDT,2026-08-27T08:00:00+00:00,2026-08-29T15:25:49.656811+00:00,710.790080000000,690.189120000000,0.140688513830,100.00000000,0.00100000,0.00100000,0.10000000,0.09710168,0.00100000,0.00100000,-2.89831845,-3.09542013,-2.89831845,-3.09542013,TIME,55.430460
20260827080000+0000_32e1d603e2_20260829152549,V9.20_V3_FORWARD,BTC/USDT,2026-08-27T08:00:00+00:00,2026-08-29T15:25:49.656811+00:00,79835.745989999996,77870.061990000002,0.001252571749,100.00000000,0.00100000,0.00100000,0.10000000,0.09753784,0.00100000,0.00100000,-2.46216025,-2.65969809,-2.46216025,-2.65969809,TIME,55.430460
20260827080000+0000_3f226347ec_20260829152549,V9.20_V3_FORWARD,CRCLB/USDT,2026-08-27T08:00:00+00:00,2026-08-29T15:25:49.656811+00:00,91.891800000000,88.021890000000,1.088236382354,100.00000000,0.00100000,0.00100000,0.10000000,0.09578862,0.00100000,0.00100000,-4.21137686,-4.40716548,-4.21137686,-4.40716548,STOP,55.430460
20260827080000+0000_31467b651d_20260829152549,V9.20_V3_FORWARD,ETH/USDT,2026-08-27T08:00:00+00:00,2026-08-29T15:25:49.656811+00:00,2533.581050000000,2443.134420000000,0.039469824737,100.00000000,0.00100000,0.00100000,0.10000000,0.09643009,0.00100000,0.00100000,-3.56991263,-3.76634272,-3.56991263,-3.76634272,TIME,55.430460
20260827080000+0000_c6ff838c6d_20260829152549,V9.20_V3_FORWARD,UNI/USDT,2026-08-27T08:00:00+00:00,2026-08-29T15:25:49.656811+00:00,4.458454000000,4.494501000000,22.429299483633,100.00000000,0.00100000,0.00100000,0.10000000,0.10080851,0.00100000,0.00100000,0.80850896,0.60770045,0.80850896,0.60770045,TIME,55.430460
20260827080000+0000_8199d86118_20260829152800,V9.20_V3_FORWARD,MOVR/USDT,2026-08-27T08:00:00+00:00,2026-08-29T15:28:00.573515+00:00,0.931931000000,0.810189000000,107.304081525349,100.00000000,0.00100000,0.00100000,0.10000000,0.08693659,0.00100000,0.00100000,-13.06341349,-13.25035008,-13.06341349,-13.25035008,STOP,55.46682598
20260827080000+0000_43af21ceba_20260829152800,V9.20_V3_FORWARD,LINK/USDT,2026-08-27T08:00:00+00:00,2026-08-29T15:28:00.844174+00:00,11.870859000000,11.388600000000,8.423990209976,100.00000000,0.00100000,0.00100000,0.10000000,0.09593745,0.00100000,0.00100000,-4.06254509,-4.25848255,-4.06254509,-4.25848255,TIME,55.46690116
20260827080000+0000_ee56edb168_20260829152801,V9.20_V3_FORWARD,SOL/USDT,2026-08-27T08:00:00+00:00,2026-08-29T15:28:01.123229+00:00,104.764660000000,105.074820000000,0.954520350660,100.00000000,0.00100000,0.00100000,0.10000000,0.10029605,0.00100000,0.00100000,0.29605403,0.09575798,0.29605403,0.09575798,TIME,55.46697867
20260827080000+0000_4c62532496_20260829152801,V9.20_V3_FORWARD,SNDKB/USDT,2026-08-27T08:00:00+00:00,2026-08-29T15:28:01.396890+00:00,1581.990410000000,1484.693820000000,0.063211508343,100.00000000,0.00100000,0.00100000,0.10000000,0.09384974,0.00100000,0.00100000,-6.15026421,-6.34411395,-6.15026421,-6.34411395,STOP,55.46705469
20260827080000+0000_f8429df70e_20260829152801,V9.20_V3_FORWARD,TUT/USDT,2026-08-27T08:00:00+00:00,2026-08-29T15:28:01.670327+00:00,0.057147090000,0.034615350000,1749.870378351724,100.00000000,0.00100000,0.00100000,0.10000000,0.06057238,0.00100000,0.00100000,-39.42762440,-39.58819677,-39.42762440,-39.58819677,STOP,55.46713065
20260827080000+0000_a6466c20ff_20260829152801,V9.20_V3_FORWARD,WLD/USDT,2026-08-27T08:00:00+00:00,2026-08-29T15:28:01.947673+00:00,0.410610200000,0.377622000000,243.539980253778,100.00000000,0.00100000,0.00100000,0.10000000,0.09196605,0.00100000,0.00100000,-8.03394558,-8.22591163,-8.03394558,-8.22591163,STOP,55.46720769
20260827080000+0000_e19d1b7f3b_20260829152802,V9.20_V3_FORWARD,HEI/USDT,2026-08-27T08:00:00+00:00,2026-08-29T15:28:02.221361+00:00,0.142942800000,0.141058800000,699.580531513305,100.00000000,0.00100000,0.00100000,0.10000000,0.09868199,0.00100000,0.00100000,-1.31800972,-1.51669171,-1.31800972,-1.51669171,TIME,55.46728371
20260827080000+0000_2641a41b16_20260829152802,V9.20_V3_FORWARD,SOXLB/USDT,2026-08-27T08:00:00+00:00,2026-08-29T15:28:02.516600+00:00,127.757630000000,111.738150000000,0.782732115491,100.00000000,0.00100000,0.00100000,0.10000000,0.08746104,0.00100000,0.00100000,-12.53896147,-12.72642251,-12.53896147,-12.72642251,STOP,55.46736572
20260827080000+0000_1817cced90_20260829152802,V9.20_V3_FORWARD,U/USDT,2026-08-27T08:00:00+00:00,2026-08-29T15:28:02.789427+00:00,1.000599600000,0.998500500000,99.940075930472,100.00000000,0.00100000,0.00100000,0.10000000,0.09979022,0.00100000,0.00100000,-0.20978421,-0.40957443,-0.20978421,-0.40957443,TIME,55.46744151
20260827080000+0000_015b0b4893_20260829152803,V9.20_V3_FORWARD,AAVE/USDT,2026-08-27T08:00:00+00:00,2026-08-29T15:28:03.069947+00:00,129.118990000000,123.806070000000,0.774479416235,100.00000000,0.00100000,0.00100000,0.10000000,0.09588525,0.00100000,0.00100000,-4.11474718,-4.31063243,-4.11474718,-4.31063243,STOP,55.46751943
20260828160000+0000_5aa72c5c08_20260829153721,V9.20_V3_FORWARD,HEMI/USDT,2026-08-28T16:00:00+00:00,2026-08-29T15:37:21.480981+00:00,0.012612600000,0.011268720000,7928.579357150787,100.00000000,0.00100000,0.00100000,0.10000000,0.08934494,0.00100000,0.00100000,-10.65505923,-10.84440417,-10.65505923,-10.84440417,STOP,23.622634
20260828160000+0000_7c7c7b629e_20260829153721,V9.20_V3_FORWARD,ENA/USDT,2026-08-28T16:00:00+00:00,2026-08-29T15:37:21.480981+00:00,0.165865700000,0.156543300000,602.897404345805,100.00000000,0.00100000,0.00100000,0.10000000,0.09437955,0.00100000,0.00100000,-5.62045076,-5.81483031,-5.62045076,-5.81483031,STOP,23.622634
20260829020000+0000_9fc5637058_20260829153721,V9.20_V3_FORWARD,DEXE/USDT,2026-08-29T02:00:00+00:00,2026-08-29T15:37:21.480981+00:00,2.529527000000,2.327670000000,39.533082667234,100.00000000,0.00100000,0.00100000,0.10000000,0.09201997,0.00100000,0.00100000,-7.98002947,-8.17204944,-7.98002947,-8.17204944,STOP,13.622634
20260829030000+0000_eb84501030_20260829153721,V9.20_V3_FORWARD,TRUMP/USDT,2026-08-29T03:00:00+00:00,2026-08-29T15:37:21.480981+00:00,2.842840000000,2.664333000000,35.176091514120,100.00000000,0.00100000,0.00100000,0.10000000,0.09372082,0.00100000,0.00100000,-6.27917857,-6.47289939,-6.27917857,-6.47289939,STOP,12.622634
20260828160000+0000_b26134030c_20260829162548,V9.20_V3_FORWARD,USD1/USDT,2026-08-28T16:00:00+00:00,2026-08-29T16:25:48.097878+00:00,1.000859860000,0.998760240000,99.914087872402,100.00000000,0.00100000,0.00100000,0.10000000,0.09979022,0.00100000,0.00100000,-0.20978162,-0.40957184,-0.20978162,-0.40957184,TIME,24.430027
20260828160000+0000_ada70426c0_20260829162548,V9.20_V3_FORWARD,ZEC/USDT,2026-08-28T16:00:00+00:00,2026-08-29T16:25:48.097878+00:00,799.278480000000,834.374790000000,0.125112839270,100.00000000,0.00100000,0.00100000,0.10000000,0.10439100,0.00100000,0.00100000,4.39099899,4.18660799,4.39099899,4.18660799,TIME,24.430027
20260829040000+0000_0da7013883_20260829162548,V9.20_V3_FORWARD,HEMI/USDT,2026-08-29T04:00:00+00:00,2026-08-29T16:25:48.097878+00:00,0.012392380000,0.011418570000,8069.474951542803,100.00000000,0.00100000,0.00100000,0.10000000,0.09214186,0.00100000,0.00100000,-7.85813540,-8.05027727,-7.85813540,-8.05027727,STOP,12.430027
20260828180000+0000_5ffc43d8b3_20260829182559,V9.20_V3_FORWARD,DEXE/USDT,2026-08-28T18:00:00+00:00,2026-08-29T18:25:59.535408+00:00,2.320318000000,2.369628000000,43.097540940509,100.00000000,0.00100000,0.00100000,0.10000000,0.10212514,0.00100000,0.00100000,2.12513974,1.92301460,2.12513974,1.92301460,TIME,24.433204
20260829040000+0000_463871757f_20260829212551,V9.20_V3_FORWARD,DEXE/USDT,2026-08-29T04:00:00+00:00,2026-08-29T21:25:51.773049+00:00,2.400398000000,2.214783000000,41.659758090117,100.00000000,0.00100000,0.00100000,0.10000000,0.09226732,0.00100000,0.00100000,-7.73267600,-7.92494332,-7.73267600,-7.92494332,STOP,17.431048
20260829000000+0000_a269a5a520_20260829222548,V9.20_V3_FORWARD,ONG/USDT,2026-08-29T00:00:00+00:00,2026-08-29T22:25:48.368029+00:00,0.118218100000,0.125554320000,845.894156647755,100.00000000,0.00100000,0.00100000,0.10000000,0.10620567,0.00100000,0.00100000,6.20566563,5.99945996,6.20566563,5.99945996,TARGET,22.430102
20260829010000+0000_b6e6d3f1fc_20260829222548,V9.20_V3_FORWARD,CHIP/USDT,2026-08-29T01:00:00+00:00,2026-08-29T22:25:48.368029+00:00,0.042552510000,0.040049910000,2350.037635852738,100.00000000,0.00100000,0.00100000,0.10000000,0.09411880,0.00100000,0.00100000,-5.88120419,-6.07532298,-5.88120419,-6.07532298,STOP,21.430102
20260828230000+0000_4cfbbdc6aa_20260829232550,V9.20_V3_FORWARD,ENSO/USDT,2026-08-28T23:00:00+00:00,2026-08-29T23:25:50.426351+00:00,0.871871000000,0.869130000000,114.695866705052,100.00000000,0.00100000,0.00100000,0.10000000,0.09968562,0.00100000,0.00100000,-0.31438137,-0.51406699,-0.31438137,-0.51406699,TIME,24.430674
20260829040000+0000_e1a8fdb0dd_20260830012554,V9.20_V3_FORWARD,CHIP/USDT,2026-08-29T04:00:00+00:00,2026-08-30T01:25:54.686046+00:00,0.042132090000,0.039930030000,2373.487761941076,100.00000000,0.00100000,0.00100000,0.10000000,0.09477344,0.00100000,0.00100000,-5.22656246,-5.42133590,-5.22656246,-5.42133590,STOP,21.431857
20260829040000+0000_5c6cf13739_20260830042551,V9.20_V3_FORWARD,ONG/USDT,2026-08-29T04:00:00+00:00,2026-08-30T04:25:51.097889+00:00,0.120930810000,0.117282600000,826.919128384239,100.00000000,0.00100000,0.00100000,0.10000000,0.09698323,0.00100000,0.00100000,-3.01677463,-3.21375786,-3.01677463,-3.21375786,TIME,24.430861
20260829040000+0000_09040cf5ab_20260830042551,V9.20_V3_FORWARD,ASTER/USDT,2026-08-29T04:00:00+00:00,2026-08-30T04:25:51.097889+00:00,0.698698000000,0.696303000000,143.123352292407,100.00000000,0.00100000,0.00100000,0.10000000,0.09965722,0.00100000,0.00100000,-0.34278043,-0.54243765,-0.34278043,-0.54243765,TIME,24.430861
20260829040000+0000_a41f4328cf_20260830042551,V9.20_V3_FORWARD,ENSO/USDT,2026-08-29T04:00:00+00:00,2026-08-30T04:25:51.097889+00:00,0.862862000000,0.859140000000,115.893387355104,100.00000000,0.00100000,0.00100000,0.10000000,0.09956864,0.00100000,0.00100000,-0.43135519,-0.63092383,-0.43135519,-0.63092383,TIME,24.430861
20260829040000+0000_65e9e361c2_20260830042551,V9.20_V3_FORWARD,SPCXB/USDT,2026-08-29T04:00:00+00:00,2026-08-30T04:25:51.097889+00:00,141.010870000000,140.469390000000,0.709165187053,100.00000000,0.00100000,0.00100000,0.10000000,0.09961600,0.00100000,0.00100000,-0.38399877,-0.58361477,-0.38399877,-0.58361477,TIME,24.430861
20260829040000+0000_cdfbd2d063_20260830042551,V9.20_V3_FORWARD,ZEC/USDT,2026-08-29T04:00:00+00:00,2026-08-30T04:25:51.097889+00:00,801.430630000000,827.661510000000,0.124776863095,100.00000000,0.00100000,0.00100000,0.10000000,0.10327301,0.00100000,0.00100000,3.27300692,3.06973392,3.27300692,3.06973392,TIME,24.430861
20260829040000+0000_0c180dc807_20260830042551,V9.20_V3_FORWARD,USD1/USDT,2026-08-29T04:00:00+00:00,2026-08-30T04:25:51.097889+00:00,1.000899900000,0.998800200000,99.910090909191,100.00000000,0.00100000,0.00100000,0.10000000,0.09979022,0.00100000,0.00100000,-0.20978122,-0.40957144,-0.20978122,-0.40957144,TIME,24.430861
20260830010000+0000_7bc45a00be_20260831012551,V9.20_V3_FORWARD,OPG/USDT,2026-08-30T01:00:00+00:00,2026-08-31T01:25:51.404534+00:00,0.099999900000,0.094205700000,1000.001000001000,100.00000000,0.00100000,0.00100000,0.10000000,0.09420579,0.00100000,0.00100000,-5.79420579,-5.98841159,-5.79420579,-5.98841159,STOP,24.430946
20260830010000+0000_ffb6e45c8a_20260831012551,V9.20_V3_FORWARD,ONG/USDT,2026-08-30T01:00:00+00:00,2026-08-31T01:25:51.404534+00:00,0.123002880000,0.101258640000,812.989094239094,100.00000000,0.00100000,0.00100000,0.10000000,0.08232217,0.00100000,0.00100000,-17.67782998,-17.86015215,-17.67782998,-17.86015215,STOP,24.430946
20260830040000+0000_800910a353_20260831012551,V9.20_V3_FORWARD,BMT/USDT,2026-08-30T04:00:00+00:00,2026-08-31T01:25:51.404534+00:00,0.022882860000,0.021058920000,4370.083110240592,100.00000000,0.00100000,0.00100000,0.10000000,0.09202923,0.00100000,0.00100000,-7.97076939,-8.16279862,-7.97076939,-8.16279862,STOP,21.430946
20260830070000+0000_1faa0a8ecb_20260831012551,V9.20_V3_FORWARD,BICO/USDT,2026-08-30T07:00:00+00:00,2026-08-31T01:25:51.404534+00:00,0.023423400000,0.020949030000,4269.235038465808,100.00000000,0.00100000,0.00100000,0.10000000,0.08943633,0.00100000,0.00100000,-10.56366710,-10.75310344,-10.56366710,-10.75310344,STOP,18.430946
20260830130000+0000_64a5bbb3c0_20260831012551,V9.20_V3_FORWARD,PENGU/USDT,2026-08-30T13:00:00+00:00,2026-08-31T01:25:51.404534+00:00,0.009279270000,0.008672319000,10776.709805836021,100.00000000,0.00100000,0.00100000,0.10000000,0.09345907,0.00100000,0.00100000,-6.54093479,-6.73439386,-6.54093479,-6.73439386,STOP,12.430946
20260830140000+0000_657d0dda39_20260831012551,V9.20_V3_FORWARD,DEXE/USDT,2026-08-30T14:00:00+00:00,2026-08-31T01:25:51.404534+00:00,2.333331000000,2.124873000000,42.857185714329,100.00000000,0.00100000,0.00100000,0.10000000,0.09106608,0.00100000,0.00100000,-8.93392322,-9.12498930,-8.93392322,-9.12498930,STOP,11.430946
20260830140000+0000_e0c56e20ab_20260831012551,V9.20_V3_FORWARD,NIL/USDT,2026-08-30T14:00:00+00:00,2026-08-31T01:25:51.404534+00:00,0.056446390000,0.051578370000,1771.592479164744,100.00000000,0.00100000,0.00100000,0.10000000,0.09137585,0.00100000,0.00100000,-8.62414762,-8.81552347,-8.62414762,-8.81552347,STOP,11.430946
20260830020000+0000_3be7a74882_20260831022550,V9.20_V3_FORWARD,BANK/USDT,2026-08-30T02:00:00+00:00,2026-08-31T02:25:50.722905+00:00,0.036936900000,0.035264700000,2707.319780490513,100.00000000,0.00100000,0.00100000,0.10000000,0.09547282,0.00100000,0.00100000,-4.52718014,-4.72265296,-4.52718014,-4.72265296,TIME,24.430756
20260830060000+0000_589fef2261_20260831022550,V9.20_V3_FORWARD,CHIP/USDT,2026-08-30T06:00:00+00:00,2026-08-31T02:25:50.722905+00:00,0.040610570000,0.038301660000,2462.413110675373,100.00000000,0.00100000,0.00100000,0.10000000,0.09431451,0.00100000,0.00100000,-5.68549026,-5.87980477,-5.68549026,-5.87980477,STOP,20.430756
20260830060000+0000_fb71104182_20260831022550,V9.20_V3_FORWARD,BICO/USDT,2026-08-30T06:00:00+00:00,2026-08-31T02:25:50.722905+00:00,0.023933910000,0.020779200000,4178.172308661644,100.00000000,0.00100000,0.00100000,0.10000000,0.08681908,0.00100000,0.00100000,-13.18092196,-13.36774104,-13.18092196,-13.36774104,STOP,20.430756
20260830120000+0000_c0124abcfb_20260831022550,V9.20_V3_FORWARD,PENGU/USDT,2026-08-30T12:00:00+00:00,2026-08-31T02:25:50.722905+00:00,0.009221212000,0.008615376000,10844.561430753354,100.00000000,0.00100000,0.00100000,0.10000000,0.09342997,0.00100000,0.00100000,-6.57002572,-6.76345569,-6.57002572,-6.76345569,STOP,14.430756
20260830130000+0000_cc924420b1_20260831022550,V9.20_V3_FORWARD,DEXE/USDT,2026-08-30T13:00:00+00:00,2026-08-31T02:25:50.722905+00:00,2.358356000000,2.137860000000,42.402419312436,100.00000000,0.00100000,0.00100000,0.10000000,0.09065044,0.00100000,0.00100000,-9.34956385,-9.54021428,-9.34956385,-9.54021428,STOP,13.430756
20260830130000+0000_bfe476292d_20260831022550,V9.20_V3_FORWARD,NIL/USDT,2026-08-30T13:00:00+00:00,2026-08-31T02:25:50.722905+00:00,0.055515460000,0.051628320000,1801.300034260727,100.00000000,0.00100000,0.00100000,0.10000000,0.09299809,0.00100000,0.00100000,-7.00190542,-7.19490351,-7.00190542,-7.19490351,STOP,13.430756
20260830160000+0000_15aee811ea_20260831022550,V9.20_V3_FORWARD,PUMP/USDT,2026-08-30T16:00:00+00:00,2026-08-31T02:25:50.722905+00:00,0.004928924000,0.004397598000,20288.403716510948,100.00000000,0.00100000,0.00100000,0.10000000,0.08922024,0.00100000,0.00100000,-10.77975639,-10.96897664,-10.77975639,-10.96897664,STOP,10.430756
20260830160000+0000_3f41036e92_20260831032556,V9.20_V3_FORWARD,ZKP/USDT,2026-08-30T16:00:00+00:00,2026-08-31T03:25:56.443963+00:00,0.056056000000,0.052547400000,1783.930355358927,100.00000000,0.00100000,0.00100000,0.10000000,0.09374090,0.00100000,0.00100000,-6.25909804,-6.45283895,-6.25909804,-6.45283895,STOP,11.432346
20260830050000+0000_2414b563b1_20260831032556,V9.20_V3_FORWARD,BICO/USDT,2026-08-30T05:00:00+00:00,2026-08-31T03:25:56.443963+00:00,0.023793770000,0.021868110000,4202.780811952037,100.00000000,0.00100000,0.00100000,0.10000000,0.09190687,0.00100000,0.00100000,-8.09312690,-8.28503377,-8.09312690,-8.28503377,STOP,22.432346
20260830110000+0000_29eb1dbbc7_20260831032556,V9.20_V3_FORWARD,PENGU/USDT,2026-08-30T11:00:00+00:00,2026-08-31T03:25:56.443963+00:00,0.009178169000,0.008600391000,10895.419336906958,100.00000000,0.00100000,0.00100000,0.10000000,0.09370487,0.00100000,0.00100000,-6.29513359,-6.48883846,-6.29513359,-6.48883846,STOP,16.432346
20260830120000+0000_b5346944cb_20260831032556,V9.20_V3_FORWARD,DEXE/USDT,2026-08-30T12:00:00+00:00,2026-08-31T03:25:56.443963+00:00,2.378376000000,2.131866000000,42.045496590951,100.00000000,0.00100000,0.00100000,0.10000000,0.08963536,0.00100000,0.00100000,-10.36463536,-10.55427073,-10.36463536,-10.55427073,STOP,15.432346
20260830120000+0000_9f6efe6081_20260831032556,V9.20_V3_FORWARD,NIL/USDT,2026-08-30T12:00:00+00:00,2026-08-31T03:25:56.443963+00:00,0.056246190000,0.052817130000,1777.898200749242,100.00000000,0.00100000,0.00100000,0.10000000,0.09390348,0.00100000,0.00100000,-6.09651960,-6.29042308,-6.09651960,-6.29042308,STOP,15.432346
20260830150000+0000_feb7ae80ff_20260831032556,V9.20_V3_FORWARD,PUMP/USDT,2026-08-30T15:00:00+00:00,2026-08-31T03:25:56.443963+00:00,0.004859855000,0.004242753000,20576.745602492258,100.00000000,0.00100000,0.00100000,0.10000000,0.08730205,0.00100000,0.00100000,-12.69795086,-12.88525291,-12.69795086,-12.88525291,STOP,12.432346
20260830040000+0000_ffb76f9c38_20260831042550,V9.20_V3_FORWARD,CHIP/USDT,2026-08-30T04:00:00+00:00,2026-08-31T04:25:50.727802+00:00,0.040720680000,0.038221740000,2455.754668144049,100.00000000,0.00100000,0.00100000,0.10000000,0.09386322,0.00100000,0.00100000,-6.13678357,-6.33064679,-6.13678357,-6.33064679,STOP,24.430758
20260830040000+0000_e4b47cfb3f_20260831042550,V9.20_V3_FORWARD,BICO/USDT,2026-08-30T04:00:00+00:00,2026-08-31T04:25:50.727802+00:00,0.025375350000,0.021408570000,3940.832343199208,100.00000000,0.00100000,0.00100000,0.10000000,0.08436759,0.00100000,0.00100000,-15.63241492,-15.81678251,-15.63241492,-15.81678251,STOP,24.430758
20260830090000+0000_ffb19abdbf_20260831042550,V9.20_V3_FORWARD,DEXE/USDT,2026-08-30T09:00:00+00:00,2026-08-31T04:25:50.727802+00:00,2.330328000000,2.140857000000,42.912414046435,100.00000000,0.00100000,0.00100000,0.10000000,0.09186934,0.00100000,0.00100000,-8.13065800,-8.32252734,-8.13065800,-8.32252734,STOP,19.430758
20260830140000+0000_af7a0883db_20260831042550,V9.20_V3_FORWARD,PUMP/USDT,2026-08-30T14:00:00+00:00,2026-08-31T04:25:50.727802+00:00,0.004860856000,0.004221774000,20572.508216659786,100.00000000,0.00100000,0.00100000,0.10000000,0.08685248,0.00100000,0.00100000,-13.14751970,-13.33437218,-13.14751970,-13.33437218,STOP,14.430758
20260830150000+0000_f7e3470bc9_20260831042550,V9.20_V3_FORWARD,ZKP/USDT,2026-08-30T15:00:00+00:00,2026-08-31T04:25:50.727802+00:00,0.056056000000,0.051748200000,1783.930355358927,100.00000000,0.00100000,0.00100000,0.10000000,0.09231518,0.00100000,0.00100000,-7.68481518,-7.87713037,-7.68481518,-7.87713037,STOP,13.430758
20260830050000+0000_a4c17926b8_20260831052551,V9.20_V3_FORWARD,COTI/USDT,2026-08-30T05:00:00+00:00,2026-08-31T05:25:51.480987+00:00,0.013433420000,0.013516470000,7444.120707906104,100.00000000,0.00100000,0.00100000,0.10000000,0.10061823,0.00100000,0.00100000,0.61823422,0.41761599,0.61823422,0.41761599,TIME,24.430967
20260830050000+0000_3ee385863c_20260831052551,V9.20_V3_FORWARD,DEXE/USDT,2026-08-30T05:00:00+00:00,2026-08-31T05:25:51.480987+00:00,2.320318000000,2.142855000000,43.097540940509,100.00000000,0.00100000,0.00100000,0.10000000,0.09235178,0.00100000,0.00100000,-7.64821891,-7.84057069,-7.64821891,-7.84057069,STOP,24.430967
20260830130000+0000_3894a56340_20260831052551,V9.20_V3_FORWARD,PUMP/USDT,2026-08-30T13:00:00+00:00,2026-08-31T05:25:51.480987+00:00,0.004925921000,0.004286709000,20300.772180471431,100.00000000,0.00100000,0.00100000,0.10000000,0.08702350,0.00100000,0.00100000,-12.97649719,-13.16352069,-12.97649719,-13.16352069,STOP,16.430967
20260830140000+0000_1d42bbf731_20260831052551,V9.20_V3_FORWARD,ZKP/USDT,2026-08-30T14:00:00+00:00,2026-08-31T05:25:51.480987+00:00,0.057357300000,0.053346600000,1743.457240839440,100.00000000,0.00100000,0.00100000,0.10000000,0.09300752,0.00100000,0.00100000,-6.99248396,-7.18549147,-6.99248396,-7.18549147,STOP,15.430967
20260830170000+0000_f82386191d_20260831052551,V9.20_V3_FORWARD,PROM/USDT,2026-08-30T17:00:00+00:00,2026-08-31T05:25:51.480987+00:00,6.890884000000,6.084909000000,14.511926191182,100.00000000,0.00100000,0.00100000,0.10000000,0.08830375,0.00100000,0.00100000,-11.69624971,-11.88455346,-11.69624971,-11.88455346,STOP,12.430967
20260830120000+0000_7879641e82_20260831062549,V9.20_V3_FORWARD,PUMP/USDT,2026-08-30T12:00:00+00:00,2026-08-31T06:25:49.196822+00:00,0.004867863000,0.004294701000,20542.895311556636,100.00000000,0.00100000,0.00100000,0.10000000,0.08822559,0.00100000,0.00100000,-11.77440696,-11.96263256,-11.77440696,-11.96263256,STOP,18.430332
20260830130000+0000_1fa4c2e8cc_20260831062549,V9.20_V3_FORWARD,ZKP/USDT,2026-08-30T13:00:00+00:00,2026-08-31T06:25:49.196822+00:00,0.057057000000,0.051948000000,1752.633331580700,100.00000000,0.00100000,0.00100000,0.10000000,0.09104580,0.00100000,0.00100000,-8.95420369,-9.14524949,-8.95420369,-9.14524949,STOP,17.430332
20260830160000+0000_d8e3d94989_20260831062549,V9.20_V3_FORWARD,PROM/USDT,2026-08-30T16:00:00+00:00,2026-08-31T06:25:49.196822+00:00,6.878872000000,6.197796000000,14.537267156592,100.00000000,0.00100000,0.00100000,0.10000000,0.09009902,0.00100000,0.00100000,-9.90098377,-10.09108278,-9.90098377,-10.09108278,STOP,14.430332
20260830180000+0000_f9767f825f_20260831062549,V9.20_V3_FORWARD,PEPE/USDT,2026-08-30T18:00:00+00:00,2026-08-31T06:25:49.196822+00:00,0.000003753750,0.000003466530,26640026.640026640147,100.00000000,0.00100000,0.00100000,0.10000000,0.09234845,0.00100000,0.00100000,-7.65154845,-7.84389690,-7.65154845,-7.84389690,STOP,12.430332
20260830120000+0000_202ed4758d_20260831072548,V9.20_V3_FORWARD,ZKP/USDT,2026-08-30T12:00:00+00:00,2026-08-31T07:25:48.153617+00:00,0.058758700000,0.051948000000,1701.875637139692,100.00000000,0.00100000,0.00100000,0.10000000,0.08840904,0.00100000,0.00100000,-11.59096440,-11.77937344,-11.59096440,-11.77937344,STOP,19.430043
20260830150000+0000_45a26626d7_20260831072548,V9.20_V3_FORWARD,PROM/USDT,2026-08-30T15:00:00+00:00,2026-08-31T07:25:48.153617+00:00,6.966960000000,6.199794000000,14.353462629325,100.00000000,0.00100000,0.00100000,0.10000000,0.08898851,0.00100000,0.00100000,-11.01148851,-11.20047702,-11.01148851,-11.20047702,STOP,16.430043
20260830170000+0000_56ac6da6ad_20260831072548,V9.20_V3_FORWARD,PEPE/USDT,2026-08-30T17:00:00+00:00,2026-08-31T07:25:48.153617+00:00,0.000003773770,0.000003506490,26498700.238753292710,100.00000000,0.00100000,0.00100000,0.10000000,0.09291743,0.00100000,0.00100000,-7.08257260,-7.27549003,-7.08257260,-7.27549003,STOP,14.430043
20260830110000+0000_7e485a0c9a_20260831082550,V9.20_V3_FORWARD,ZKP/USDT,2026-08-30T11:00:00+00:00,2026-08-31T08:25:50.664537+00:00,0.059359300000,0.049650300000,1684.655984824619,100.00000000,0.00100000,0.00100000,0.10000000,0.08364368,0.00100000,0.00100000,-16.35632496,-16.53996863,-16.35632496,-16.53996863,STOP,21.430740
20260830140000+0000_dea9f6824d_20260831082550,V9.20_V3_FORWARD,PROM/USDT,2026-08-30T14:00:00+00:00,2026-08-31T08:25:50.664537+00:00,6.941935000000,6.137856000000,14.405205465047,100.00000000,0.00100000,0.00100000,0.10000000,0.08841708,0.00100000,0.00100000,-11.58292321,-11.77134028,-11.58292321,-11.77134028,STOP,18.430740
20260830160000+0000_c5e250244e_20260831082550,V9.20_V3_FORWARD,PEPE/USDT,2026-08-30T16:00:00+00:00,2026-08-31T08:25:50.664537+00:00,0.000003773770,0.000003516480,26498700.238753292710,100.00000000,0.00100000,0.00100000,0.10000000,0.09318215,0.00100000,0.00100000,-6.81785058,-7.01103273,-6.81785058,-7.01103273,STOP,16.430740
20260830110000+0000_7e524b1162_20260831092551,V9.20_V3_FORWARD,NIL/USDT,2026-08-30T11:00:00+00:00,2026-08-31T09:25:51.098235+00:00,0.056096040000,0.051778170000,1782.657028909706,100.00000000,0.00100000,0.00100000,0.10000000,0.09230272,0.00100000,0.00100000,-7.69728131,-7.88958402,-7.69728131,-7.88958402,STOP,22.430861
20260830100000+0000_85e2aae4a8_20260831092551,V9.20_V3_FORWARD,ZKP/USDT,2026-08-30T10:00:00+00:00,2026-08-31T09:25:51.098235+00:00,0.060460400000,0.047652300000,1653.975163908939,100.00000000,0.00100000,0.00100000,0.10000000,0.07881572,0.00100000,0.00100000,-21.18427930,-21.36309502,-21.18427930,-21.36309502,STOP,23.430861
20260830130000+0000_bf2a343b34_20260831092551,V9.20_V3_FORWARD,PROM/USDT,2026-08-30T13:00:00+00:00,2026-08-31T09:25:51.098235+00:00,7.077070000000,5.954040000000,14.130141428586,100.00000000,0.00100000,0.00100000,0.10000000,0.08413143,0.00100000,0.00100000,-15.86857273,-16.05270416,-15.86857273,-16.05270416,STOP,20.430861
20260830140000+0000_2b014046ab_20260831154026,V9.20_V3_FORWARD,XPL/USDT,2026-08-30T14:00:00+00:00,2026-08-31T15:40:26.698793+00:00,0.088158070000,0.085104810000,1134.326103100942,100.00000000,0.00100000,0.00100000,0.10000000,0.09653661,0.00100000,0.00100000,-3.46339252,-3.65992913,-3.46339252,-3.65992913,TIME,25.674083
20260830180000+0000_a4756b2024_20260831154026,V9.20_V3_FORWARD,ONDO/USDT,2026-08-30T18:00:00+00:00,2026-08-31T15:40:26.698793+00:00,0.363463100000,0.344155500000,275.131093087579,100.00000000,0.00100000,0.00100000,0.10000000,0.09468788,0.00100000,0.00100000,-5.31212109,-5.50680897,-5.31212109,-5.50680897,STOP,21.674083
20260830180000+0000_b0a0578d1b_20260831154026,V9.20_V3_FORWARD,ADA/USDT,2026-08-30T18:00:00+00:00,2026-08-31T15:40:26.698793+00:00,0.205405200000,0.195903900000,486.842592105750,100.00000000,0.00100000,0.00100000,0.10000000,0.09537436,0.00100000,0.00100000,-4.62563752,-4.82101188,-4.62563752,-4.82101188,STOP,21.674083
20260830100000+0000_5090450282_20260831154026,V9.20_V3_FORWARD,NIL/USDT,2026-08-30T10:00:00+00:00,2026-08-31T15:40:26.698793+00:00,0.055455400000,0.053176770000,1803.250900723825,100.00000000,0.00100000,0.00100000,0.10000000,0.09589106,0.00100000,0.00100000,-4.10894160,-4.30483266,-4.10894160,-4.30483266,STOP,29.674083
20260830120000+0000_da2f43a441_20260831154026,V9.20_V3_FORWARD,PROM/USDT,2026-08-30T12:00:00+00:00,2026-08-31T15:40:26.698793+00:00,7.139132000000,5.754240000000,14.007305089750,100.00000000,0.00100000,0.00100000,0.10000000,0.08060140,0.00100000,0.00100000,-19.39860476,-19.57920616,-19.39860476,-19.57920616,STOP,27.674083
20260830190000+0000_5477445a8c_20260831154026,V9.20_V3_FORWARD,SUI/USDT,2026-08-30T19:00:00+00:00,2026-08-31T15:40:26.698793+00:00,0.756956200000,0.720179100000,132.108040068897,100.00000000,0.00100000,0.00100000,0.10000000,0.09514145,0.00100000,0.00100000,-4.85855060,-5.05369205,-4.85855060,-5.05369205,STOP,20.674083
20260830170000+0000_e50daf72b4_20260831162548,V9.20_V3_FORWARD,ADA/USDT,2026-08-30T17:00:00+00:00,2026-08-31T16:25:48.156856+00:00,0.205104900000,0.195104700000,487.555392387018,100.00000000,0.00100000,0.00100000,0.10000000,0.09512435,0.00100000,0.00100000,-4.87565143,-5.07077578,-4.87565143,-5.07077578,STOP,23.430044
20260830170000+0000_1d68b5b591_20260831162548,V9.20_V3_FORWARD,ONDO/USDT,2026-08-30T17:00:00+00:00,2026-08-31T16:25:48.156856+00:00,0.361260900000,0.342856800000,276.808256858132,100.00000000,0.00100000,0.00100000,0.10000000,0.09490559,0.00100000,0.00100000,-5.09440684,-5.28931243,-5.09440684,-5.28931243,STOP,23.430044
20260830180000+0000_5df8551ffe_20260831162548,V9.20_V3_FORWARD,SUI/USDT,2026-08-30T18:00:00+00:00,2026-08-31T16:25:48.156856+00:00,0.760659900000,0.718480800000,131.464797868272,100.00000000,0.00100000,0.00100000,0.10000000,0.09445493,0.00100000,0.00100000,-5.54506686,-5.73952179,-5.54506686,-5.73952179,STOP,22.430044
20260830190000+0000_f8365dd173_20260831162548,V9.20_V3_FORWARD,TAO/USDT,2026-08-30T19:00:00+00:00,2026-08-31T16:25:48.156856+00:00,238.338100000000,226.573200000000,0.419572028140,100.00000000,0.00100000,0.00100000,0.10000000,0.09506378,0.00100000,0.00100000,-4.93622295,-5.13128673,-4.93622295,-5.13128673,STOP,21.430044
20260830170000+0000_1c42ac8f41_20260831172550,V9.20_V3_FORWARD,USD1/USDT,2026-08-30T17:00:00+00:00,2026-08-31T17:25:50.339188+00:00,1.000819820000,0.998790210000,99.918085155428,100.00000000,0.00100000,0.00100000,0.10000000,0.09979721,0.00100000,0.00100000,-0.20279474,-0.40259195,-0.20279474,-0.40259195,TIME,24.430650
20260830170000+0000_704e6b30ac_20260831172550,V9.20_V3_FORWARD,ENSO/USDT,2026-08-30T17:00:00+00:00,2026-08-31T17:25:50.339188+00:00,0.877877000000,0.886113000000,113.911174344470,100.00000000,0.00100000,0.00100000,0.10000000,0.10093817,0.00100000,0.00100000,0.93817243,0.73723426,0.93817243,0.73723426,TIME,24.430650
20260830190000+0000_08785ad916_20260831172550,V9.20_V3_FORWARD,FET/USDT,2026-08-30T19:00:00+00:00,2026-08-31T17:25:50.339188+00:00,0.155755600000,0.149250600000,642.031490360539,100.00000000,0.00100000,0.00100000,0.10000000,0.09582359,0.00100000,0.00100000,-4.17641484,-4.37223843,-4.17641484,-4.37223843,STOP,22.430650
20260830170000+0000_0de9b8fbb4_20260831172550,V9.20_V3_FORWARD,SUI/USDT,2026-08-30T17:00:00+00:00,2026-08-31T17:25:50.339188+00:00,0.759058300000,0.722676600000,131.742186337993,100.00000000,0.00100000,0.00100000,0.10000000,0.09520700,0.00100000,0.00100000,-4.79300470,-4.98821170,-4.79300470,-4.98821170,STOP,24.430650
20260830180000+0000_3002bde73d_20260831172550,V9.20_V3_FORWARD,TAO/USDT,2026-08-30T18:00:00+00:00,2026-08-31T17:25:50.339188+00:00,240.840600000000,226.773000000000,0.415212385287,100.00000000,0.00100000,0.00100000,0.10000000,0.09415896,0.00100000,0.00100000,-5.84104175,-6.03520071,-5.84104175,-6.03520071,STOP,23.430650
20260830180000+0000_c13e6fa764_20260831182551,V9.20_V3_FORWARD,XLM/USDT,2026-08-30T18:00:00+00:00,2026-08-31T18:25:51.033272+00:00,0.181981800000,0.178021800000,549.505500000550,100.00000000,0.00100000,0.00100000,0.10000000,0.09782396,0.00100000,0.00100000,-2.17604178,-2.37386574,-2.17604178,-2.37386574,TIME,24.430843
20260830180000+0000_53510cd7ad_20260831182551,V9.20_V3_FORWARD,FET/USDT,2026-08-30T18:00:00+00:00,2026-08-31T18:25:51.033272+00:00,0.159459300000,0.149750100000,627.119271187068,100.00000000,0.00100000,0.00100000,0.10000000,0.09391117,0.00100000,0.00100000,-6.08882643,-6.28273760,-6.08882643,-6.28273760,STOP,24.430843
20260830190000+0000_0eaefc0e6b_20260831182551,V9.20_V3_FORWARD,ENA/USDT,2026-08-30T19:00:00+00:00,2026-08-31T18:25:51.033272+00:00,0.160059900000,0.150149700000,624.766103190118,100.00000000,0.00100000,0.00100000,0.10000000,0.09380844,0.00100000,0.00100000,-6.19155704,-6.38536548,-6.19155704,-6.38536548,STOP,23.430843
20260830190000+0000_6358e9c7ad_20260831182551,V9.20_V3_FORWARD,WLD/USDT,2026-08-30T19:00:00+00:00,2026-08-31T18:25:51.033272+00:00,0.384584200000,0.359939700000,260.021082509370,100.00000000,0.00100000,0.00100000,0.10000000,0.09359191,0.00100000,0.00100000,-6.40808957,-6.60168148,-6.40808957,-6.60168148,STOP,23.430843
20260830190000+0000_2d3aa75cb3_20260831192557,V9.20_V3_FORWARD,ASTER/USDT,2026-08-30T19:00:00+00:00,2026-08-31T19:25:57.043267+00:00,0.704704000000,0.700299000000,141.903550994460,100.00000000,0.00100000,0.00100000,0.10000000,0.09937491,0.00100000,0.00100000,-0.62508514,-0.82446006,-0.62508514,-0.82446006,TIME,24.432512
20260830190000+0000_7bd60c2b07_20260831192557,V9.20_V3_FORWARD,SOL/USDT,2026-08-30T19:00:00+00:00,2026-08-31T19:25:57.043267+00:00,105.925820000000,103.945950000000,0.944056888113,100.00000000,0.00100000,0.00100000,0.10000000,0.09813089,0.00100000,0.00100000,-1.86910991,-2.06724080,-1.86910991,-2.06724080,TIME,24.432512
20260830190000+0000_3474d8a6da_20260831192557,V9.20_V3_FORWARD,TRX/USDT,2026-08-30T19:00:00+00:00,2026-08-31T19:25:57.043267+00:00,0.340840500000,0.333566100000,293.392363876945,100.00000000,0.00100000,0.00100000,0.10000000,0.09786575,0.00100000,0.00100000,-2.13425341,-2.33211916,-2.13425341,-2.33211916,TIME,24.432512
20260830190000+0000_3a3458d391_20260831192557,V9.20_V3_FORWARD,XRP/USDT,2026-08-30T19:00:00+00:00,2026-08-31T19:25:57.043267+00:00,1.412611200000,1.386612000000,70.790887117418,100.00000000,0.00100000,0.00100000,0.10000000,0.09815949,0.00100000,0.00100000,-1.84050643,-2.03866593,-1.84050643,-2.03866593,TIME,24.432512
20260830190000+0000_c7b7852c72_20260831192557,V9.20_V3_FORWARD,AVAX/USDT,2026-08-30T19:00:00+00:00,2026-08-31T19:25:57.043267+00:00,7.418411000000,7.219773000000,13.479975698300,100.00000000,0.00100000,0.00100000,0.10000000,0.09732236,0.00100000,0.00100000,-2.67763541,-2.87495778,-2.67763541,-2.87495778,TIME,24.432512
20260830190000+0000_0fa793d3d0_20260831192557,V9.20_V3_FORWARD,DOGE/USDT,2026-08-30T19:00:00+00:00,2026-08-31T19:25:57.043267+00:00,0.085905820000,0.083246670000,1164.065484736657,100.00000000,0.00100000,0.00100000,0.10000000,0.09690458,0.00100000,0.00100000,-3.09542473,-3.29232931,-3.09542473,-3.29232931,TIME,24.432512
20260830190000+0000_c33ae62d24_20260831192557,V9.20_V3_FORWARD,LTC/USDT,2026-08-30T19:00:00+00:00,2026-08-31T19:25:57.043267+00:00,49.759710000000,48.861090000000,2.009658014486,100.00000000,0.00100000,0.00100000,0.10000000,0.09819408,0.00100000,0.00100000,-1.80591888,-2.00411297,-1.80591888,-2.00411297,TIME,24.432512
20260830200000+0000_4aa6ec26eb_20260831202549,V9.20_V3_FORWARD,AAVE/USDT,2026-08-30T20:00:00+00:00,2026-08-31T20:25:49.199933+00:00,126.556430000000,123.965910000000,0.790161353319,100.00000000,0.00100000,0.00100000,0.10000000,0.09795307,0.00100000,0.00100000,-2.04692879,-2.24488186,-2.04692879,-2.24488186,TIME,24.430333
20260830210000+0000_e461c72364_20260831202549,V9.20_V3_FORWARD,ZKC/USDT,2026-08-30T21:00:00+00:00,2026-08-31T20:25:49.199933+00:00,0.061961900000,0.054245700000,1613.894990308561,100.00000000,0.00100000,0.00100000,0.10000000,0.08754686,0.00100000,0.00100000,-12.45313652,-12.64068339,-12.45313652,-12.64068339,STOP,23.430333
20260830210000+0000_9a772a8f85_20260831212549,V9.20_V3_FORWARD,NEAR/USDT,2026-08-30T21:00:00+00:00,2026-08-31T21:25:49.023857+00:00,1.917916000000,1.874124000000,52.139926878967,100.00000000,0.00100000,0.00100000,0.10000000,0.09771669,0.00100000,0.00100000,-2.28331168,-2.48102837,-2.28331168,-2.48102837,TIME,24.430284
20260830210000+0000_7ef5a75f29_20260831212549,V9.20_V3_FORWARD,ETH/USDT,2026-08-30T21:00:00+00:00,2026-08-31T21:25:49.023857+00:00,2484.041560000000,2471.206320000000,0.040256975411,100.00000000,0.00100000,0.00100000,0.10000000,0.09948329,0.00100000,0.00100000,-0.51670794,-0.71619123,-0.51670794,-0.71619123,TIME,24.430284
20260830210000+0000_7edd2e682b_20260831212549,V9.20_V3_FORWARD,USDC/USDT,2026-08-30T21:00:00+00:00,2026-08-31T21:25:49.023857+00:00,1.001060060000,0.999169830000,99.894106253725,100.00000000,0.00100000,0.00100000,0.10000000,0.09981118,0.00100000,0.00100000,-0.18882284,-0.38863401,-0.18882284,-0.38863401,TIME,24.430284
20260830210000+0000_bcfbf2424b_20260831212549,V9.20_V3_FORWARD,RLUSD/USDT,2026-08-30T21:00:00+00:00,2026-08-31T21:25:49.023857+00:00,1.001400400000,0.999299700000,99.860155837765,100.00000000,0.00100000,0.00100000,0.10000000,0.09979022,0.00100000,0.00100000,-0.20977623,-0.40956645,-0.20977623,-0.40956645,TIME,24.430284
20260830210000+0000_54c906d29e_20260831212549,V9.20_V3_FORWARD,BTC/USDT,2026-08-30T21:00:00+00:00,2026-08-31T21:25:49.023857+00:00,78731.652999999991,78795.126000000004,0.001270137184,100.00000000,0.00100000,0.00100000,0.10000000,0.10008062,0.00100000,0.00100000,0.08061942,-0.11946120,0.08061942,-0.11946120,TIME,24.430284
20260830210000+0000_9d140b1bed_20260831212549,V9.20_V3_FORWARD,LINK/USDT,2026-08-30T21:00:00+00:00,2026-08-31T21:25:49.023857+00:00,11.536525000000,11.381607000000,8.668121466386,100.00000000,0.00100000,0.00100000,0.10000000,0.09865715,0.00100000,0.00100000,-1.34284804,-1.54150519,-1.34284804,-1.54150519,TIME,24.430284
20260830210000+0000_643eab970d_20260831212549,V9.20_V3_FORWARD,BNB/USDT,2026-08-30T21:00:00+00:00,2026-08-31T21:25:49.023857+00:00,697.596900000000,690.269040000000,0.143349260870,100.00000000,0.00100000,0.00100000,0.10000000,0.09894956,0.00100000,0.00100000,-1.05044331,-1.24939287,-1.05044331,-1.24939287,TIME,24.430284
20260830210000+0000_a710f3e28a_20260831212549,V9.20_V3_FORWARD,FDUSD/USDT,2026-08-30T21:00:00+00:00,2026-08-31T21:25:49.023857+00:00,0.999798800000,0.997501500000,100.020124048959,100.00000000,0.00100000,0.00100000,0.10000000,0.09977022,0.00100000,0.00100000,-0.22977623,-0.42954645,-0.22977623,-0.42954645,TIME,24.430284
20260830220000+0000_fe1da94053_20260831212549,V9.20_V3_FORWARD,HEMI/USDT,2026-08-30T22:00:00+00:00,2026-08-31T21:25:49.023857+00:00,0.014684670000,0.016333650000,6809.822760743007,100.00000000,0.00100000,0.00100000,0.10000000,0.11122926,0.00100000,0.00100000,11.22926154,11.01803227,11.22926154,11.01803227,TARGET,23.430284
20260830220000+0000_6f5c902c30_20260831222549,V9.20_V3_FORWARD,ZEC/USDT,2026-08-30T22:00:00+00:00,2026-08-31T22:25:49.770791+00:00,862.741880000000,848.510640000000,0.115909523252,100.00000000,0.00100000,0.00100000,0.10000000,0.09835046,0.00100000,0.00100000,-1.64953624,-1.84788671,-1.64953624,-1.84788671,TIME,24.430492
20260830220000+0000_004108f9d6_20260831222549,V9.20_V3_FORWARD,GIGGLE/USDT,2026-08-30T22:00:00+00:00,2026-08-31T22:25:49.770791+00:00,39.999960000000,38.281680000000,2.500002500003,100.00000000,0.00100000,0.00100000,0.10000000,0.09570430,0.00100000,0.00100000,-4.29570430,-4.49140859,-4.29570430,-4.49140859,STOP,24.430492
20260830220000+0000_1621d6eb3f_20260831222549,V9.20_V3_FORWARD,DASH/USDT,2026-08-30T22:00:00+00:00,2026-08-31T22:25:49.770791+00:00,43.803760000000,44.655300000000,2.282909047077,100.00000000,0.00100000,0.00100000,0.10000000,0.10194399,0.00100000,0.00100000,1.94398837,1.74204438,1.94398837,1.74204438,TIME,24.430492
20260830220000+0000_8540cfd136_20260831222549,V9.20_V3_FORWARD,U/USDT,2026-08-30T22:00:00+00:00,2026-08-31T22:25:49.770791+00:00,1.000699700000,0.998700300000,99.930078923777,100.00000000,0.00100000,0.00100000,0.10000000,0.09980020,0.00100000,0.00100000,-0.19980020,-0.39960040,-0.19980020,-0.39960040,TIME,24.430492
20260830220000+0000_38bb75ccbc_20260831222549,V9.20_V3_FORWARD,AUCTION/USDT,2026-08-30T22:00:00+00:00,2026-08-31T22:25:49.770791+00:00,3.883880000000,3.392604000000,25.747448427861,100.00000000,0.00100000,0.00100000,0.10000000,0.08735090,0.00100000,0.00100000,-12.64910347,-12.83645437,-12.64910347,-12.83645437,STOP,24.430492
20260830220000+0000_d1cd567868_20260831222549,V9.20_V3_FORWARD,TNSR/USDT,2026-08-30T22:00:00+00:00,2026-08-31T22:25:49.770791+00:00,0.038938900000,0.035564400000,2568.125961442157,100.00000000,0.00100000,0.00100000,0.10000000,0.09133386,0.00100000,0.00100000,-8.66614106,-8.85747492,-8.66614106,-8.85747492,STOP,24.430492
20260830220000+0000_00c3f54063_20260831222549,V9.20_V3_FORWARD,ZK/USDT,2026-08-30T22:00:00+00:00,2026-08-31T22:25:49.770791+00:00,0.009379370000,0.008781210000,10661.696894354314,100.00000000,0.00100000,0.00100000,0.10000000,0.09362260,0.00100000,0.00100000,-6.37740061,-6.57102321,-6.37740061,-6.57102321,STOP,24.430492
20260830220000+0000_ac419b1b72_20260831222549,V9.20_V3_FORWARD,CAKE/USDT,2026-08-30T22:00:00+00:00,2026-08-31T22:25:49.770791+00:00,1.845844000000,1.856142000000,54.175759164913,100.00000000,0.00100000,0.00100000,0.10000000,0.10055790,0.00100000,0.00100000,0.55790197,0.35734407,0.55790197,0.35734407,TIME,24.430492
20260830220000+0000_62100cf2db_20260831222549,V9.20_V3_FORWARD,UNI/USDT,2026-08-30T22:00:00+00:00,2026-08-31T22:25:49.770791+00:00,5.260255000000,5.207787000000,19.010485233130,100.00000000,0.00100000,0.00100000,0.10000000,0.09900256,0.00100000,0.00100000,-0.99744214,-1.19644470,-0.99744214,-1.19644470,TIME,24.430492
20260831060000+0000_4f5fedd3c0_20260831222549,V9.20_V3_FORWARD,BMT/USDT,2026-08-31T06:00:00+00:00,2026-08-31T22:25:49.770791+00:00,0.021311290000,0.019999980000,4692.348515739780,100.00000000,0.00100000,0.00100000,0.10000000,0.09384688,0.00100000,0.00100000,-6.15312353,-6.34697041,-6.15312353,-6.34697041,STOP,16.430492
20260831090000+0000_febdd3e1ab_20260831232549,V9.20_V3_FORWARD,0G/USDT,2026-08-31T09:00:00+00:00,2026-08-31T23:25:49.606259+00:00,0.209709500000,0.229270500000,476.850118854892,100.00000000,0.00100000,0.00100000,0.10000000,0.10932767,0.00100000,0.00100000,9.32766517,9.11833751,9.32766517,9.11833751,TARGET,14.430446
20260831100000+0000_1a912e577b_20260831232549,V9.20_V3_FORWARD,PROM/USDT,2026-08-31T10:00:00+00:00,2026-08-31T23:25:49.606259+00:00,6.291285000000,5.468526000000,15.895003961830,100.00000000,0.00100000,0.00100000,0.10000000,0.08692224,0.00100000,0.00100000,-13.07775756,-13.26467981,-13.07775756,-13.26467981,STOP,13.430446
20260831180000+0000_1bee2941a6_20260831232549,V9.20_V3_FORWARD,ARB/USDT,2026-08-31T18:00:00+00:00,2026-08-31T23:25:49.606259+00:00,0.094694600000,0.107592300000,1056.026426005285,100.00000000,0.00100000,0.00100000,0.10000000,0.11362031,0.00100000,0.00100000,13.62031203,13.40669172,13.62031203,13.40669172,TARGET,5.430446
20260831140000+0000_0a2d8aee95_20260901112547,V9.20_V3_FORWARD,ENSO/USDT,2026-08-31T14:00:00+00:00,2026-09-01T11:25:47.485769+00:00,0.908908000000,0.861138000000,110.022136453855,100.00000000,0.00100000,0.00100000,0.10000000,0.09474424,0.00100000,0.00100000,-5.25575746,-5.45050170,-5.25575746,-5.45050170,STOP,21.429857
20260831120000+0000_4747b80b7b_20260901122552,V9.20_V3_FORWARD,USD1/USDT,2026-08-31T12:00:00+00:00,2026-09-01T12:25:52.807691+00:00,1.000819820000,0.998780220000,99.918085155428,100.00000000,0.00100000,0.00100000,0.10000000,0.09979621,0.00100000,0.00100000,-0.20379293,-0.40358913,-0.20379293,-0.40358913,TIME,24.431335
20260831190000+0000_c865ef671d_20260901122552,V9.20_V3_FORWARD,NEAR/USDT,2026-08-31T19:00:00+00:00,2026-09-01T12:25:52.807691+00:00,1.872871000000,1.988010000000,53.393960395564,100.00000000,0.00100000,0.00100000,0.10000000,0.10614773,0.00100000,0.00100000,6.14772721,5.94157948,6.14772721,5.94157948,TARGET,17.431335
20260831210000+0000_1df9947516_20260901132547,V9.20_V3_FORWARD,UNI/USDT,2026-08-31T21:00:00+00:00,2026-09-01T13:25:47.303876+00:00,5.262257000000,5.753241000000,19.003252786780,100.00000000,0.00100000,0.00100000,0.10000000,0.10933029,0.00100000,0.00100000,9.33029307,9.12096277,9.33029307,9.12096277,TARGET,16.429807
20260831140000+0000_89484f9c97_20260901152605,V9.20_V3_FORWARD,EUR/USDT,2026-08-31T14:00:00+00:00,2026-09-01T15:26:05.078971+00:00,1.162761600000,1.158440400000,86.002152117855,100.00000000,0.00100000,0.00100000,0.10000000,0.09962837,0.00100000,0.00100000,-0.37163250,-0.57126087,-0.37163250,-0.57126087,TIME,25.434744
20260831170000+0000_e999a2e8d0_20260901172547,V9.20_V3_FORWARD,XLM/USDT,2026-08-31T17:00:00+00:00,2026-09-01T17:25:47.081346+00:00,0.178878700000,0.176623200000,559.038052043089,100.00000000,0.00100000,0.00100000,0.10000000,0.09873909,0.00100000,0.00100000,-1.26091033,-1.45964942,-1.26091033,-1.45964942,TIME,24.429745
20260831180000+0000_12a0902c28_20260901182549,V9.20_V3_FORWARD,SOL/USDT,2026-08-31T18:00:00+00:00,2026-09-01T18:25:49.157232+00:00,104.574470000000,99.750150000000,0.956256340577,100.00000000,0.00100000,0.00100000,0.10000000,0.09538671,0.00100000,0.00100000,-4.61328659,-4.80867330,-4.61328659,-4.80867330,STOP,24.430321
20260831190000+0000_c9afbc0987_20260901192552,V9.20_V3_FORWARD,ETH/USDT,2026-08-31T19:00:00+00:00,2026-09-01T19:25:52.507906+00:00,2484.321840000000,2417.909670000000,0.040252433638,100.00000000,0.00100000,0.00100000,0.10000000,0.09732675,0.00100000,0.00100000,-2.67325147,-2.87057821,-2.67325147,-2.87057821,TIME,24.431252
20260831190000+0000_e5d4b0c96a_20260901192552,V9.20_V3_FORWARD,BTC/USDT,2026-08-31T19:00:00+00:00,2026-09-01T19:25:52.507906+00:00,78976.958059999990,77290.631999999998,0.001266192095,100.00000000,0.00100000,0.00100000,0.10000000,0.09786479,0.00100000,0.00100000,-2.13521273,-2.33307751,-2.13521273,-2.33307751,TIME,24.431252
20260831190000+0000_8ed7421917_20260901192552,V9.20_V3_FORWARD,LINK/USDT,2026-08-31T19:00:00+00:00,2026-09-01T19:25:52.507906+00:00,11.413402000000,11.226762000000,8.761629529916,100.00000000,0.00100000,0.00100000,0.10000000,0.09836473,0.00100000,0.00100000,-1.63527054,-1.83363526,-1.63527054,-1.83363526,TIME,24.431252
20260831200000+0000_97e3b648e8_20260901192552,V9.20_V3_FORWARD,HEMI/USDT,2026-08-31T20:00:00+00:00,2026-09-01T19:25:52.507906+00:00,0.016216200000,0.015214770000,6166.672833339501,100.00000000,0.00100000,0.00100000,0.10000000,0.09382451,0.00100000,0.00100000,-6.17549118,-6.36931568,-6.17549118,-6.36931568,STOP,23.431252
20260831200000+0000_dc201564b8_20260901202552,V9.20_V3_FORWARD,ZEC/USDT,2026-08-31T20:00:00+00:00,2026-09-01T20:25:52.652448+00:00,856.825970000000,825.134040000000,0.116709814480,100.00000000,0.00100000,0.00100000,0.10000000,0.09630124,0.00100000,0.00100000,-3.69875927,-3.89506051,-3.69875927,-3.89506051,TIME,24.431292
20260831220000+0000_92d32cc9da_20260901202552,V9.20_V3_FORWARD,0G/USDT,2026-08-31T22:00:00+00:00,2026-09-01T20:25:52.652448+00:00,0.231931700000,0.196403400000,431.161415192490,100.00000000,0.00100000,0.00100000,0.10000000,0.08468157,0.00100000,0.00100000,-15.31843211,-15.50311368,-15.31843211,-15.50311368,STOP,22.431292
20260831210000+0000_0def99dc5f_20260901212554,V9.20_V3_FORWARD,RLUSD/USDT,2026-08-31T21:00:00+00:00,2026-09-01T21:25:54.203039+00:00,1.001400400000,0.999499500000,99.860155837765,100.00000000,0.00100000,0.00100000,0.10000000,0.09981018,0.00100000,0.00100000,-0.18982417,-0.38963435,-0.18982417,-0.38963435,TIME,24.431723
20260831210000+0000_2fd94b750c_20260901212554,V9.20_V3_FORWARD,USDC/USDT,2026-08-31T21:00:00+00:00,2026-09-01T21:25:54.203039+00:00,1.001230230000,0.999309690000,99.877128160623,100.00000000,0.00100000,0.00100000,0.10000000,0.09980818,0.00100000,0.00100000,-0.19181802,-0.39162620,-0.19181802,-0.39162620,TIME,24.431723
20260831210000+0000_0a645b616f_20260901212554,V9.20_V3_FORWARD,U/USDT,2026-08-31T21:00:00+00:00,2026-09-01T21:25:54.203039+00:00,1.000799800000,0.998600400000,99.920083916883,100.00000000,0.00100000,0.00100000,0.10000000,0.09978024,0.00100000,0.00100000,-0.21976423,-0.41954447,-0.21976423,-0.41954447,TIME,24.431723
20260831210000+0000_d6af6506fe_20260901212554,V9.20_V3_FORWARD,DASH/USDT,2026-08-31T21:00:00+00:00,2026-09-01T21:25:54.203039+00:00,45.205160000000,43.546410000000,2.212136844555,100.00000000,0.00100000,0.00100000,0.10000000,0.09633062,0.00100000,0.00100000,-3.66938199,-3.86571261,-3.66938199,-3.86571261,TIME,24.431723
20260831230000+0000_04ebf7a319_20260901212554,V9.20_V3_FORWARD,ENSO/USDT,2026-08-31T23:00:00+00:00,2026-09-01T21:25:54.203039+00:00,0.887887000000,0.844155000000,112.626944644983,100.00000000,0.00100000,0.00100000,0.10000000,0.09507460,0.00100000,0.00100000,-4.92540154,-5.12047614,-4.92540154,-5.12047614,STOP,22.431723
20260831220000+0000_6c29c8197c_20260901222559,V9.20_V3_FORWARD,NEAR/USDT,2026-08-31T22:00:00+00:00,2026-09-01T22:25:59.179354+00:00,1.913912000000,1.885113000000,52.249006223902,100.00000000,0.00100000,0.00100000,0.10000000,0.09849528,0.00100000,0.00100000,-1.50471913,-1.70321441,-1.50471913,-1.70321441,TIME,24.433105
20260831220000+0000_076ddfeb9b_20260901222559,V9.20_V3_FORWARD,ARB/USDT,2026-08-31T22:00:00+00:00,2026-09-01T22:25:59.179354+00:00,0.107207100000,0.108091800000,932.774042017740,100.00000000,0.00100000,0.00100000,0.10000000,0.10082523,0.00100000,0.00100000,0.82522519,0.62439997,0.82522519,0.62439997,TIME,24.433105
20260831220000+0000_1c74801a83_20260901222559,V9.20_V3_FORWARD,EUR/USDT,2026-08-31T22:00:00+00:00,2026-09-01T22:25:59.179354+00:00,1.162861700000,1.158740100000,85.994748988637,100.00000000,0.00100000,0.00100000,0.10000000,0.09964556,0.00100000,0.00100000,-0.35443596,-0.55408152,-0.35443596,-0.55408152,TIME,24.433105
20260831220000+0000_a76d7ecd5f_20260901222559,V9.20_V3_FORWARD,USD1/USDT,2026-08-31T22:00:00+00:00,2026-09-01T22:25:59.179354+00:00,1.000799800000,0.998810190000,99.920083916883,100.00000000,0.00100000,0.00100000,0.10000000,0.09980120,0.00100000,0.00100000,-0.19880200,-0.39860320,-0.19880200,-0.39860320,TIME,24.433105
20260831230000+0000_74624b8046_20260901222559,V9.20_V3_FORWARD,ZEN/USDT,2026-08-31T23:00:00+00:00,2026-09-01T22:25:59.179354+00:00,5.648643000000,5.413581000000,17.703366985664,100.00000000,0.00100000,0.00100000,0.10000000,0.09583861,0.00100000,0.00100000,-4.16138885,-4.35722746,-4.16138885,-4.35722746,STOP,23.433105
20260901000000+0000_a1ba987ec5_20260901222559,V9.20_V3_FORWARD,PUMP/USDT,2026-09-01T00:00:00+00:00,2026-09-01T22:25:59.179354+00:00,0.004612608000,0.004330665000,21679.709179709182,100.00000000,0.00100000,0.00100000,0.10000000,0.09388756,0.00100000,0.00100000,-6.11244225,-6.30632980,-6.11244225,-6.30632980,STOP,22.433105
20260831230000+0000_4a1d1fa011_20260901232555,V9.20_V3_FORWARD,BTC/USDT,2026-08-31T23:00:00+00:00,2026-09-01T23:25:55.269380+00:00,78659.871289999981,77246.755919999996,0.001271296258,100.00000000,0.00100000,0.00100000,0.10000000,0.09820351,0.00100000,0.00100000,-1.79648828,-1.99469179,-1.79648828,-1.99469179,TIME,24.432019
20260831230000+0000_24102e868f_20260901232555,V9.20_V3_FORWARD,ZEC/USDT,2026-08-31T23:00:00+00:00,2026-09-01T23:25:55.269380+00:00,848.948100000000,824.934240000000,0.117792830916,100.00000000,0.00100000,0.00100000,0.10000000,0.09717134,0.00100000,0.00100000,-2.82866055,-3.02583189,-2.82866055,-3.02583189,TIME,24.432019
20260901010000+0000_2a16739802_20260901232555,V9.20_V3_FORWARD,ZKC/USDT,2026-09-01T01:00:00+00:00,2026-09-01T23:25:55.269380+00:00,0.054554500000,0.048451500000,1833.029355965136,100.00000000,0.00100000,0.00100000,0.10000000,0.08881302,0.00100000,0.00100000,-11.18697816,-11.37579118,-11.18697816,-11.37579118,STOP,22.432019
20260901000000+0000_18a1026808_20260902002611,V9.20_V3_FORWARD,AAVE/USDT,2026-09-01T00:00:00+00:00,2026-09-02T00:26:11.178727+00:00,125.535410000000,127.562310000000,0.796587990592,100.00000000,0.00100000,0.00100000,0.10000000,0.10161460,0.00100000,0.00100000,1.61460420,1.41298959,1.61460420,1.41298959,TIME,24.436439
20260901000000+0000_7e5cee9cad_20260902002611,V9.20_V3_FORWARD,ETH/USDT,2026-09-01T00:00:00+00:00,2026-09-02T00:26:11.178727+00:00,2474.081610000000,2414.932650000000,0.040419038562,100.00000000,0.00100000,0.00100000,0.10000000,0.09760926,0.00100000,0.00100000,-2.39074410,-2.58835335,-2.39074410,-2.58835335,TIME,24.436439
20260901010000+0000_e28c946d48_20260902012555,V9.20_V3_FORWARD,OP/USDT,2026-09-01T01:00:00+00:00,2026-09-02T01:25:55.961134+00:00,0.095895800000,0.095104800000,1042.798537579331,100.00000000,0.00100000,0.00100000,0.10000000,0.09917515,0.00100000,0.00100000,-0.82485364,-1.02402879,-0.82485364,-1.02402879,TIME,24.432211
20260901010000+0000_9a917b65aa_20260902012555,V9.20_V3_FORWARD,FET/USDT,2026-09-01T01:00:00+00:00,2026-09-02T01:25:55.961134+00:00,0.155755600000,0.153146700000,642.031490360539,100.00000000,0.00100000,0.00100000,0.10000000,0.09832500,0.00100000,0.00100000,-1.67499596,-1.87332096,-1.67499596,-1.87332096,TIME,24.432211
20260901020000+0000_0f43c97067_20260902022554,V9.20_V3_FORWARD,FDUSD/USDT,2026-09-01T02:00:00+00:00,2026-09-02T02:25:54.343303+00:00,0.999798800000,0.997801200000,100.020124048959,100.00000000,0.00100000,0.00100000,0.10000000,0.09980020,0.00100000,0.00100000,-0.19980020,-0.39960040,-0.19980020,-0.39960040,TIME,24.431762
20260901020000+0000_f044c3b5ed_20260902022554,V9.20_V3_FORWARD,ADA/USDT,2026-09-01T02:00:00+00:00,2026-09-02T02:25:54.343303+00:00,0.200800600000,0.196803000000,498.006480060319,100.00000000,0.00100000,0.00100000,0.10000000,0.09800917,0.00100000,0.00100000,-1.99083070,-2.18883987,-1.99083070,-2.18883987,TIME,24.431762
20260901030000+0000_cb48f8cd43_20260902022554,V9.20_V3_FORWARD,SOL/USDT,2026-09-01T03:00:00+00:00,2026-09-02T02:25:54.343303+00:00,103.763660000000,99.320580000000,0.963728534633,100.00000000,0.00100000,0.00100000,0.10000000,0.09571808,0.00100000,0.00100000,-4.28192298,-4.47764105,-4.28192298,-4.47764105,STOP,23.431762
20260901060000+0000_3066e3c211_20260902022554,V9.20_V3_FORWARD,ONG/USDT,2026-09-01T06:00:00+00:00,2026-09-02T02:25:54.343303+00:00,0.112532420000,0.104375520000,888.632804661981,100.00000000,0.00100000,0.00100000,0.10000000,0.09275151,0.00100000,0.00100000,-7.24848892,-7.44124044,-7.24848892,-7.44124044,STOP,20.431762
20260901030000+0000_0931d55845_20260902032550,V9.20_V3_FORWARD,WBTC/USDT,2026-09-01T03:00:00+00:00,2026-09-02T03:25:50.113249+00:00,78683.645039999989,77451.740730000005,0.001270912144,100.00000000,0.00100000,0.00100000,0.10000000,0.09843436,0.00100000,0.00100000,-1.56564215,-1.76407651,-1.56564215,-1.76407651,TIME,24.430587
20260901030000+0000_809ab35815_20260902032550,V9.20_V3_FORWARD,CRV/USDT,2026-09-01T03:00:00+00:00,2026-09-02T03:25:50.113249+00:00,0.358458100000,0.386213400000,278.972633063669,100.00000000,0.00100000,0.00100000,0.10000000,0.10774297,0.00100000,0.00100000,7.74296912,7.53522615,7.74296912,7.53522615,TARGET,24.430587
20260901030000+0000_831282848f_20260902032550,V9.20_V3_FORWARD,BNB/USDT,2026-09-01T03:00:00+00:00,2026-09-02T03:25:50.113249+00:00,694.153460000000,688.181130000000,0.144060363828,100.00000000,0.00100000,0.00100000,0.10000000,0.09913962,0.00100000,0.00100000,-0.86037603,-1.05951566,-0.86037603,-1.05951566,TIME,24.430587
20260901060000+0000_0bd41ea6d0_20260902042550,V9.20_V3_FORWARD,BMT/USDT,2026-09-01T06:00:00+00:00,2026-09-02T04:25:50.929255+00:00,0.020910890000,0.019470510000,4782.197218769742,100.00000000,0.00100000,0.00100000,0.10000000,0.09311182,0.00100000,0.00100000,-6.88818123,-7.08129305,-6.88818123,-7.08129305,STOP,22.430814
20260901100000+0000_c2aae5425a_20260902042550,V9.20_V3_FORWARD,TUT/USDT,2026-09-01T10:00:00+00:00,2026-09-02T04:25:50.929255+00:00,0.032472440000,0.028221750000,3079.534522197901,100.00000000,0.00100000,0.00100000,0.10000000,0.08690985,0.00100000,0.00100000,-13.09014660,-13.27705645,-13.09014660,-13.27705645,STOP,18.430814
20260901110000+0000_72e3cc96ca_20260902042550,V9.20_V3_FORWARD,HEMI/USDT,2026-09-01T11:00:00+00:00,2026-09-02T04:25:50.929255+00:00,0.016106090000,0.014615370000,6208.831566196389,100.00000000,0.00100000,0.00100000,0.10000000,0.09074437,0.00100000,0.00100000,-9.25562939,-9.44637376,-9.25562939,-9.44637376,STOP,17.430814
20260901120000+0000_de48a386fa_20260902042550,V9.20_V3_FORWARD,UNI/USDT,2026-09-01T12:00:00+00:00,2026-09-02T04:25:50.929255+00:00,5.737732000000,6.169824000000,17.428489166103,100.00000000,0.00100000,0.00100000,0.10000000,0.10753071,0.00100000,0.00100000,7.53071074,7.32318003,7.53071074,7.32318003,TARGET,16.430814
20260901050000+0000_79acfa2784_20260902052546,V9.20_V3_FORWARD,WLD/USDT,2026-09-01T05:00:00+00:00,2026-09-02T05:25:46.426134+00:00,0.374474100000,0.368431200000,267.041165196739,100.00000000,0.00100000,0.00100000,0.10000000,0.09838630,0.00100000,0.00100000,-1.61370306,-1.81208935,-1.61370306,-1.81208935,TIME,24.429563
20260901050000+0000_77bfabf049_20260902052546,V9.20_V3_FORWARD,XRP/USDT,2026-09-01T05:00:00+00:00,2026-09-02T05:25:46.426134+00:00,1.396094700000,1.349948700000,71.628378791210,100.00000000,0.00100000,0.00100000,0.10000000,0.09669464,0.00100000,0.00100000,-3.30536317,-3.50205780,-3.30536317,-3.50205780,TIME,24.429563
20260901050000+0000_ebf2e910c3_20260902052546,V9.20_V3_FORWARD,AVAX/USDT,2026-09-01T05:00:00+00:00,2026-09-02T05:25:46.426134+00:00,7.333326000000,7.239753000000,13.636377272741,100.00000000,0.00100000,0.00100000,0.10000000,0.09872400,0.00100000,0.00100000,-1.27599673,-1.47472073,-1.27599673,-1.47472073,TIME,24.429563
20260901140000+0000_084f1371c4_20260902052546,V9.20_V3_FORWARD,SC/USDT,2026-09-01T14:00:00+00:00,2026-09-02T05:25:46.426134+00:00,0.000890890000,0.000818181000,112247.303258539236,100.00000000,0.00100000,0.00100000,0.10000000,0.09183861,0.00100000,0.00100000,-8.16138917,-8.35322778,-8.16138917,-8.35322778,STOP,15.429563
20260901150000+0000_ec8264d832_20260902052546,V9.20_V3_FORWARD,ACE/USDT,2026-09-01T15:00:00+00:00,2026-09-02T05:25:46.426134+00:00,0.189289100000,0.200699100000,528.292437335272,100.00000000,0.00100000,0.00100000,0.10000000,0.10602782,0.00100000,0.00100000,6.02781671,5.82178889,6.02781671,5.82178889,TARGET,14.429563
20260901060000+0000_2d3a5bcee8_20260902062552,V9.20_V3_FORWARD,LINK/USDT,2026-09-01T06:00:00+00:00,2026-09-02T06:25:52.032617+00:00,11.496485000000,11.239749000000,8.698310831528,100.00000000,0.00100000,0.00100000,0.10000000,0.09776683,0.00100000,0.00100000,-2.23316953,-2.43093636,-2.23316953,-2.43093636,TIME,24.431120
20260901160000+0000_6a5d432ba9_20260902062552,V9.20_V3_FORWARD,FIL/USDT,2026-09-01T16:00:00+00:00,2026-09-02T06:25:52.032617+00:00,0.725424700000,0.790009200000,137.850282737822,100.00000000,0.00100000,0.00100000,0.10000000,0.10890299,0.00100000,0.00100000,8.90299159,8.69408859,8.90299159,8.69408859,TARGET,14.431120
20260901190000+0000_f2d633e173_20260902082547,V9.20_V3_FORWARD,ARB/USDT,2026-09-01T19:00:00+00:00,2026-09-02T08:25:47.897405+00:00,0.108308200000,0.117882000000,923.291126618299,100.00000000,0.00100000,0.00100000,0.10000000,0.10883940,0.00100000,0.00100000,8.83940459,8.63056518,8.83940459,8.63056518,TARGET,13.429972
20260901100000+0000_79d4c6d9b5_20260902102555,V9.20_V3_FORWARD,ENA/USDT,2026-09-01T10:00:00+00:00,2026-09-02T10:25:55.518387+00:00,0.156456300000,0.152747100000,639.156109405630,100.00000000,0.00100000,0.00100000,0.10000000,0.09762924,0.00100000,0.00100000,-2.37075784,-2.56838708,-2.37075784,-2.56838708,TIME,24.432088
20260901100000+0000_ef1f77f120_20260902102555,V9.20_V3_FORWARD,LTC/USDT,2026-09-01T10:00:00+00:00,2026-09-02T10:25:55.518387+00:00,49.028980000000,48.681270000000,2.039610042877,100.00000000,0.00100000,0.00100000,0.10000000,0.09929081,0.00100000,0.00100000,-0.70919281,-0.90848362,-0.70919281,-0.90848362,TIME,24.432088
20260901150000+0000_0499f3b903_20260902102555,V9.20_V3_FORWARD,XPL/USDT,2026-09-01T15:00:00+00:00,2026-09-02T10:25:55.518387+00:00,0.086156070000,0.082537380000,1160.684325550133,100.00000000,0.00100000,0.00100000,0.10000000,0.09579984,0.00100000,0.00100000,-4.20015676,-4.39595661,-4.20015676,-4.39595661,STOP,19.432088
20260902020000+0000_4c83d3ae10_20260902112551,V9.20_V3_FORWARD,ENA/USDT,2026-09-02T02:00:00+00:00,2026-09-02T11:25:51.131177+00:00,0.158958800000,0.150649200000,629.093828086272,100.00000000,0.00100000,0.00100000,0.10000000,0.09477248,0.00100000,0.00100000,-5.22751807,-5.42229056,-5.22751807,-5.42229056,STOP,9.430870
20260901140000+0000_c8308fcc68_20260902142556,V9.20_V3_FORWARD,USDC/USDT,2026-09-01T14:00:00+00:00,2026-09-02T14:25:56.567072+00:00,1.001320320000,0.999349650000,99.868142094630,100.00000000,0.00100000,0.00100000,0.10000000,0.09980319,0.00100000,0.00100000,-0.19680715,-0.39661034,-0.19680715,-0.39661034,TIME,24.432380
20260901180000+0000_87ec716cff_20260902152550,V9.20_V3_FORWARD,NEAR/USDT,2026-09-01T18:00:00+00:00,2026-09-02T15:25:50.852353+00:00,1.920919000000,1.835163000000,52.058415789526,100.00000000,0.00100000,0.00100000,0.10000000,0.09553568,0.00100000,0.00100000,-4.46432150,-4.65985718,-4.46432150,-4.65985718,STOP,21.430792
20260901160000+0000_af6527cd46_20260902162550,V9.20_V3_FORWARD,U/USDT,2026-09-01T16:00:00+00:00,2026-09-02T16:25:50.373696+00:00,1.000599600000,0.998800200000,99.940075930472,100.00000000,0.00100000,0.00100000,0.10000000,0.09982017,0.00100000,0.00100000,-0.17983217,-0.37965234,-0.17983217,-0.37965234,TIME,24.430659
20260901160000+0000_2565e77bb5_20260902162550,V9.20_V3_FORWARD,RLUSD/USDT,2026-09-01T16:00:00+00:00,2026-09-02T16:25:50.373696+00:00,1.001500500000,0.999499500000,99.850174812694,100.00000000,0.00100000,0.00100000,0.10000000,0.09980020,0.00100000,0.00100000,-0.19980020,-0.39960040,-0.19980020,-0.39960040,TIME,24.430659
20260902030000+0000_839ea64476_20260902172552,V9.20_V3_FORWARD,UNI/USDT,2026-09-02T03:00:00+00:00,2026-09-02T17:25:52.094756+00:00,6.057051000000,5.786208000000,16.509684333185,100.00000000,0.00100000,0.00100000,0.10000000,0.09552847,0.00100000,0.00100000,-4.47153243,-4.66706090,-4.47153243,-4.66706090,STOP,14.431137
20260902030000+0000_93220adc48_20260902172552,V9.20_V3_FORWARD,ZEC/USDT,2026-09-02T03:00:00+00:00,2026-09-02T17:25:52.094756+00:00,840.609770000000,805.913280000000,0.118961263084,100.00000000,0.00100000,0.00100000,0.10000000,0.09587246,0.00100000,0.00100000,-4.12753827,-4.32341074,-4.12753827,-4.32341074,STOP,14.431137
20260901190000+0000_796e296a35_20260902192553,V9.20_V3_FORWARD,USD1/USDT,2026-09-01T19:00:00+00:00,2026-09-02T19:25:53.096196+00:00,1.000829830000,0.998750250000,99.917085804687,100.00000000,0.00100000,0.00100000,0.10000000,0.09979221,0.00100000,0.00100000,-0.20778557,-0.40757779,-0.20778557,-0.40757779,TIME,24.431416
20260901230000+0000_990630b882_20260902192553,V9.20_V3_FORWARD,CRV/USDT,2026-09-01T23:00:00+00:00,2026-09-02T19:25:53.096196+00:00,0.371270900000,0.353146500000,269.345106228363,100.00000000,0.00100000,0.00100000,0.10000000,0.09511828,0.00100000,0.00100000,-4.88171844,-5.07683672,-4.88171844,-5.07683672,STOP,20.431416
20260902040000+0000_17a8b42996_20260902192553,V9.20_V3_FORWARD,HEMI/USDT,2026-09-02T04:00:00+00:00,2026-09-02T19:25:53.096196+00:00,0.015395380000,0.013696290000,6495.455130045508,100.00000000,0.00100000,0.00100000,0.10000000,0.08896364,0.00100000,0.00100000,-11.03636286,-11.22532649,-11.03636286,-11.22532649,STOP,15.431416
20260902060000+0000_259df67858_20260902202552,V9.20_V3_FORWARD,CHIP/USDT,2026-09-02T06:00:00+00:00,2026-09-02T20:25:52.464888+00:00,0.044344300000,0.041848110000,2255.081261853271,100.00000000,0.00100000,0.00100000,0.10000000,0.09437089,0.00100000,0.00100000,-5.62911130,-5.82348218,-5.62911130,-5.82348218,STOP,14.431240
20260902060000+0000_fef9a865a8_20260902202552,V9.20_V3_FORWARD,ARB/USDT,2026-09-02T06:00:00+00:00,2026-09-02T20:25:52.464888+00:00,0.114214100000,0.123576300000,875.548640666958,100.00000000,0.00100000,0.00100000,0.10000000,0.10819706,0.00100000,0.00100000,8.19706148,7.98886442,8.19706148,7.98886442,TARGET,14.431240
20260902060000+0000_1585a844b0_20260902202552,V9.20_V3_FORWARD,ACE/USDT,2026-09-02T06:00:00+00:00,2026-09-02T20:25:52.464888+00:00,0.203503300000,0.183216600000,491.392522873093,100.00000000,0.00100000,0.00100000,0.10000000,0.09003127,0.00100000,0.00100000,-9.96873269,-10.15876396,-9.96873269,-10.15876396,STOP,14.431240
20260901210000+0000_a7019cddd9_20260902212557,V9.20_V3_FORWARD,AAVE/USDT,2026-09-01T21:00:00+00:00,2026-09-02T21:25:57.205651+00:00,126.476350000000,126.873000000000,0.790661653345,100.00000000,0.00100000,0.00100000,0.10000000,0.10031362,0.00100000,0.00100000,0.31361594,0.11330233,0.31361594,0.11330233,TIME,24.432557
20260902060000+0000_1aaf6dcce9_20260902222549,V9.20_V3_FORWARD,AAVE/USDT,2026-09-02T06:00:00+00:00,2026-09-02T22:25:49.467480+00:00,133.393260000000,126.653220000000,0.749663063936,100.00000000,0.00100000,0.00100000,0.10000000,0.09494724,0.00100000,0.00100000,-5.05275904,-5.24770628,-5.05275904,-5.24770628,STOP,16.430408
20260901230000+0000_0905ffb2a2_20260902232549,V9.20_V3_FORWARD,FDUSD/USDT,2026-09-01T23:00:00+00:00,2026-09-02T23:25:49.681505+00:00,0.999798800000,0.997801200000,100.020124048959,100.00000000,0.00100000,0.00100000,0.10000000,0.09980020,0.00100000,0.00100000,-0.19980020,-0.39960040,-0.19980020,-0.39960040,TIME,24.430467
20260902100000+0000_117dfa8407_20260903002602,V9.20_V3_FORWARD,UNI/USDT,2026-09-02T10:00:00+00:00,2026-09-03T00:26:02.462270+00:00,6.060054000000,5.792202000000,16.501503121919,100.00000000,0.00100000,0.00100000,0.10000000,0.09558004,0.00100000,0.00100000,-4.41996061,-4.61554065,-4.41996061,-4.61554065,STOP,14.434017
20260902110000+0000_cca6b1ba84_20260903012549,V9.20_V3_FORWARD,T/USDT,2026-09-02T11:00:00+00:00,2026-09-03T01:25:49.085941+00:00,0.005675670000,0.005294700000,17619.065238112860,100.00000000,0.00100000,0.00100000,0.10000000,0.09328766,0.00100000,0.00100000,-6.71233528,-6.90562295,-6.71233528,-6.90562295,STOP,14.430302
20260902030000+0000_db39ebfd80_20260903032549,V9.20_V3_FORWARD,OP/USDT,2026-09-02T03:00:00+00:00,2026-09-03T03:25:49.261027+00:00,0.096096000000,0.098901000000,1040.626040626041,100.00000000,0.00100000,0.00100000,0.10000000,0.10291896,0.00100000,0.00100000,2.91895604,2.71603709,2.91895604,2.71603709,TIME,24.430350
20260902070000+0000_298afe607a_20260903032549,V9.20_V3_FORWARD,FF/USDT,2026-09-02T07:00:00+00:00,2026-09-03T03:25:49.261027+00:00,0.101831730000,0.108181710000,982.012188146072,100.00000000,0.00100000,0.00100000,0.10000000,0.10623576,0.00100000,0.00100000,6.23575775,6.02952200,6.23575775,6.02952200,TARGET,20.430350
20260902040000+0000_db4cb56b59_20260903042608,V9.20_V3_FORWARD,USDC/USDT,2026-09-02T04:00:00+00:00,2026-09-03T04:26:08.756166+00:00,1.001350350000,0.999259740000,99.865147098615,100.00000000,0.00100000,0.00100000,0.10000000,0.09979122,0.00100000,0.00100000,-0.20877908,-0.40857030,-0.20877908,-0.40857030,TIME,24.435766
20260902040000+0000_2ce637ffed_20260903042608,V9.20_V3_FORWARD,LTC/USDT,2026-09-02T04:00:00+00:00,2026-09-03T04:26:08.756166+00:00,49.469420000000,50.089860000000,2.021450827602,100.00000000,0.00100000,0.00100000,0.10000000,0.10125419,0.00100000,0.00100000,1.25418895,1.05293476,1.25418895,1.05293476,TIME,24.435766
20260902050000+0000_27103daa78_20260903052552,V9.20_V3_FORWARD,FIL/USDT,2026-09-02T05:00:00+00:00,2026-09-03T05:25:52.729301+00:00,0.794593800000,0.805893300000,125.850465986520,100.00000000,0.00100000,0.00100000,0.10000000,0.10142205,0.00100000,0.00100000,1.42204734,1.22062529,1.42204734,1.22062529,TIME,24.431314
20260902050000+0000_cb3aa5734f_20260903052552,V9.20_V3_FORWARD,RLUSD/USDT,2026-09-02T05:00:00+00:00,2026-09-03T05:25:52.729301+00:00,1.001500500000,0.999399600000,99.850174812694,100.00000000,0.00100000,0.00100000,0.10000000,0.09979022,0.00100000,0.00100000,-0.20977523,-0.40956546,-0.20977523,-0.40956546,TIME,24.431314
20260902160000+0000_2e1d065d1b_20260903062550,V9.20_V3_FORWARD,HEMI/USDT,2026-09-02T16:00:00+00:00,2026-09-03T06:25:50.117951+00:00,0.015275260000,0.020359620000,6546.533414161200,100.00000000,0.00100000,0.00100000,0.10000000,0.13328493,0.00100000,0.00100000,33.28493263,33.05164770,33.28493263,33.05164770,TARGET,14.430588
20260902070000+0000_dbb06305c6_20260903072551,V9.20_V3_FORWARD,ENSO/USDT,2026-09-02T07:00:00+00:00,2026-09-03T07:25:51.583775+00:00,0.871871000000,0.858141000000,114.695866705052,100.00000000,0.00100000,0.00100000,0.10000000,0.09842523,0.00100000,0.00100000,-1.57477425,-1.77319948,-1.57477425,-1.77319948,TIME,24.430995
20260902070000+0000_20cf90daa2_20260903072551,V9.20_V3_FORWARD,U/USDT,2026-09-02T07:00:00+00:00,2026-09-03T07:25:51.583775+00:00,1.000599600000,0.998700300000,99.940075930472,100.00000000,0.00100000,0.00100000,0.10000000,0.09981018,0.00100000,0.00100000,-0.18981619,-0.38962637,-0.18981619,-0.38962637,TIME,24.430995
20260902150000+0000_9de89c56c8_20260903072551,V9.20_V3_FORWARD,PROM/USDT,2026-09-02T15:00:00+00:00,2026-09-03T07:25:51.583775+00:00,5.097092000000,4.797198000000,19.619029831127,100.00000000,0.00100000,0.00100000,0.10000000,0.09411637,0.00100000,0.00100000,-5.88362933,-6.07774570,-5.88362933,-6.07774570,STOP,16.430995
20260902100000+0000_579fca6f30_20260903102548,V9.20_V3_FORWARD,USD1/USDT,2026-09-02T10:00:00+00:00,2026-09-03T10:25:48.814383+00:00,1.000809810000,0.998800200000,99.919084526160,100.00000000,0.00100000,0.00100000,0.10000000,0.09979920,0.00100000,0.00100000,-0.20079839,-0.40059759,-0.20079839,-0.40059759,TIME,24.430226
20260902190000+0000_1876b2040f_20260903112551,V9.20_V3_FORWARD,CHIP/USDT,2026-09-02T19:00:00+00:00,2026-09-03T11:25:51.304296+00:00,0.042722680000,0.050349600000,2340.677129805527,100.00000000,0.00100000,0.00100000,0.10000000,0.11785216,0.00100000,0.00100000,17.85215721,17.63430506,17.85215721,17.63430506,TARGET,16.430918
20260902190000+0000_9bb288e085_20260903122547,V9.20_V3_FORWARD,ARB/USDT,2026-09-02T19:00:00+00:00,2026-09-03T12:25:47.596116+00:00,0.124224100000,0.136163700000,804.996775987912,100.00000000,0.00100000,0.00100000,0.10000000,0.10961134,0.00100000,0.00100000,9.61133951,9.40172817,9.61133951,9.40172817,TARGET,17.429888
20260902130000+0000_da1b19752b_20260903132553,V9.20_V3_FORWARD,EUR/USDT,2026-09-02T13:00:00+00:00,2026-09-03T13:25:53.338790+00:00,1.162161000000,1.161337500000,86.046597674505,100.00000000,0.00100000,0.00100000,0.10000000,0.09992914,0.00100000,0.00100000,-0.07085937,-0.27078851,-0.07085937,-0.27078851,TIME,24.431483
20260902180000+0000_8ec629f4f2_20260903132553,V9.20_V3_FORWARD,MUBARAK/USDT,2026-09-02T18:00:00+00:00,2026-09-03T13:25:53.338790+00:00,0.026856830000,0.028451520000,3723.447629522919,100.00000000,0.00100000,0.00100000,0.10000000,0.10593774,0.00100000,0.00100000,5.93774470,5.73180696,5.93774470,5.73180696,TARGET,19.431483
20260902140000+0000_abf6e26916_20260903142549,V9.20_V3_FORWARD,ASTER/USDT,2026-09-02T14:00:00+00:00,2026-09-03T14:25:49.193078+00:00,0.735735000000,0.733266000000,135.918503265442,100.00000000,0.00100000,0.00100000,0.10000000,0.09966442,0.00100000,0.00100000,-0.33558278,-0.53524720,-0.33558278,-0.53524720,TIME,24.430331
20260902140000+0000_d9965fb550_20260903142549,V9.20_V3_FORWARD,FDUSD/USDT,2026-09-02T14:00:00+00:00,2026-09-03T14:25:49.193078+00:00,0.999898900000,0.998001000000,100.010111022224,100.00000000,0.00100000,0.00100000,0.10000000,0.09981019,0.00100000,0.00100000,-0.18980919,-0.38961938,-0.18980919,-0.38961938,TIME,24.430331
20260902200000+0000_ba55d522db_20260903142549,V9.20_V3_FORWARD,FF/USDT,2026-09-02T20:00:00+00:00,2026-09-03T14:25:49.193078+00:00,0.104304200000,0.099150750000,958.734164108444,100.00000000,0.00100000,0.00100000,0.10000000,0.09505921,0.00100000,0.00100000,-4.94078858,-5.13584779,-4.94078858,-5.13584779,STOP,18.430331
20260902180000+0000_310b9437c7_20260903152547,V9.20_V3_FORWARD,SUI/USDT,2026-09-02T18:00:00+00:00,2026-09-03T15:25:47.608595+00:00,0.731230500000,0.778920300000,136.755783573032,100.00000000,0.00100000,0.00100000,0.10000000,0.10652186,0.00100000,0.00100000,6.52185597,6.31533411,6.52185597,6.31533411,TARGET,21.429891
20260902210000+0000_504ee9291b_20260903152547,V9.20_V3_FORWARD,ADA/USDT,2026-09-02T21:00:00+00:00,2026-09-03T15:25:47.608595+00:00,0.199098900000,0.216982800000,502.262945701860,100.00000000,0.00100000,0.00100000,0.10000000,0.10898242,0.00100000,0.00100000,8.98242029,8.77343787,8.98242029,8.77343787,TARGET,18.429891
20260902160000+0000_0ab7d92505_20260903162553,V9.20_V3_FORWARD,LTC/USDT,2026-09-02T16:00:00+00:00,2026-09-03T16:25:53.187067+00:00,49.429380000000,51.008940000000,2.023088292833,100.00000000,0.00100000,0.00100000,0.10000000,0.10319559,0.00100000,0.00100000,3.19558934,2.99239375,3.19558934,2.99239375,TIME,24.431441
20260902160000+0000_b337f411d5_20260903162553,V9.20_V3_FORWARD,USDC/USDT,2026-09-02T16:00:00+00:00,2026-09-03T16:25:53.187067+00:00,1.001330330000,0.998930070000,99.867143742665,100.00000000,0.00100000,0.00100000,0.10000000,0.09976029,0.00100000,0.00100000,-0.23970711,-0.43946740,-0.23970711,-0.43946740,TIME,24.431441
20260902210000+0000_18cea3491a_20260903162553,V9.20_V3_FORWARD,DASH/USDT,2026-09-02T21:00:00+00:00,2026-09-03T16:25:53.187067+00:00,43.193150000000,45.744210000000,2.315181921207,100.00000000,0.00100000,0.00100000,0.10000000,0.10590617,0.00100000,0.00100000,5.90616799,5.70026182,5.90616799,5.70026182,TARGET,19.431441
20260902170000+0000_1da58a1a49_20260903172551,V9.20_V3_FORWARD,FIL/USDT,2026-09-02T17:00:00+00:00,2026-09-03T17:25:51.692567+00:00,0.807106300000,0.802396800000,123.899416966514,100.00000000,0.00100000,0.00100000,0.10000000,0.09941650,0.00100000,0.00100000,-0.58350430,-0.78292080,-0.58350430,-0.78292080,TIME,24.431026
20260902170000+0000_ff192d0405_20260903172551,V9.20_V3_FORWARD,CRV/USDT,2026-09-02T17:00:00+00:00,2026-09-03T17:25:51.692567+00:00,0.360159800000,0.366233400000,277.654530016954,100.00000000,0.00100000,0.00100000,0.10000000,0.10168636,0.00100000,0.00100000,1.68636255,1.48467619,1.68636255,1.48467619,TIME,24.431026
20260903000000+0000_edfc71c6f3_20260903172551,V9.20_V3_FORWARD,WLD/USDT,2026-09-03T00:00:00+00:00,2026-09-03T17:25:51.692567+00:00,0.367967600000,0.394505100000,271.763057399619,100.00000000,0.00100000,0.00100000,0.10000000,0.10721191,0.00100000,0.00100000,7.21191214,7.00470022,7.21191214,7.00470022,TARGET,17.431026
20260903000000+0000_93335d674d_20260903172551,V9.20_V3_FORWARD,T/USDT,2026-09-03T00:00:00+00:00,2026-09-03T17:25:51.692567+00:00,0.005105100000,0.004505490000,19588.254882372530,100.00000000,0.00100000,0.00100000,0.10000000,0.08825469,0.00100000,0.00100000,-11.74531351,-11.93356820,-11.74531351,-11.93356820,STOP,17.431026
20260902230000+0000_26a8745fde_20260903182551,V9.20_V3_FORWARD,NEAR/USDT,2026-09-02T23:00:00+00:00,2026-09-03T18:25:51.590637+00:00,1.889888000000,2.005992000000,52.913188506409,100.00000000,0.00100000,0.00100000,0.10000000,0.10614343,0.00100000,0.00100000,6.14343284,5.93728941,6.14343284,5.93728941,TARGET,19.430997
20260903020000+0000_5573c51406_20260903192551,V9.20_V3_FORWARD,DOGE/USDT,2026-09-03T02:00:00+00:00,2026-09-03T19:25:51.885963+00:00,0.083283200000,0.089420490000,1200.722354568509,100.00000000,0.00100000,0.00100000,0.10000000,0.10736918,0.00100000,0.00100000,7.36918130,7.16181212,7.36918130,7.16181212,TARGET,17.431079
20260902210000+0000_82bfeff685_20260903212551,V9.20_V3_FORWARD,U/USDT,2026-09-02T21:00:00+00:00,2026-09-03T21:25:51.151799+00:00,1.000699700000,0.998400600000,99.930078923777,100.00000000,0.00100000,0.00100000,0.10000000,0.09977025,0.00100000,0.00100000,-0.22974924,-0.42951950,-0.22974924,-0.42951950,TIME,24.430875
20260902220000+0000_3f3fe9d9cf_20260903222550,V9.20_V3_FORWARD,LA/USDT,2026-09-02T22:00:00+00:00,2026-09-03T22:25:50.613388+00:00,0.064664600000,0.063836100000,1546.441174924147,100.00000000,0.00100000,0.00100000,0.10000000,0.09871877,0.00100000,0.00100000,-1.28122651,-1.47994529,-1.28122651,-1.47994529,TIME,24.430726
20260902220000+0000_a40fdcae1c_20260903222550,V9.20_V3_FORWARD,RLUSD/USDT,2026-09-02T22:00:00+00:00,2026-09-03T22:25:50.613388+00:00,1.001500500000,0.998900100000,99.850174812694,100.00000000,0.00100000,0.00100000,0.10000000,0.09974035,0.00100000,0.00100000,-0.25965039,-0.45939074,-0.25965039,-0.45939074,TIME,24.430726
20260903020000+0000_3dec763983_20260903222556,V9.20_V3_FORWARD,XRP/USDT,2026-09-03T02:00:00+00:00,2026-09-03T22:25:56.894290+00:00,1.370969600000,1.452446100000,72.941077613975,100.00000000,0.00100000,0.00100000,0.10000000,0.10594298,0.00100000,0.00100000,5.94298371,5.73704073,5.94298371,5.73704073,TARGET,20.43247064
20260903010000+0000_1dd9e64771_20260904012551,V9.20_V3_FORWARD,XLM/USDT,2026-09-03T01:00:00+00:00,2026-09-04T01:25:51.127197+00:00,0.177477300000,0.182817000000,563.452340102086,100.00000000,0.00100000,0.00100000,0.10000000,0.10300867,0.00100000,0.00100000,3.00866646,2.80565779,3.00866646,2.80565779,TIME,24.430869
20260903010000+0000_1ecff3c1f6_20260904012551,V9.20_V3_FORWARD,BNB/USDT,2026-09-03T01:00:00+00:00,2026-09-04T01:25:51.127197+00:00,690.790100000000,720.119160000000,0.144761773511,100.00000000,0.00100000,0.00100000,0.10000000,0.10424573,0.00100000,0.00100000,4.24572674,4.04148101,4.24572674,4.04148101,TIME,24.430869
20260903010000+0000_157b8547f9_20260904012551,V9.20_V3_FORWARD,XAUT/USDT,2026-09-03T01:00:00+00:00,2026-09-04T01:25:51.127197+00:00,4412.217810000000,4462.523010000000,0.022664338957,100.00000000,0.00100000,0.00100000,0.10000000,0.10114013,0.00100000,0.00100000,1.14013410,0.93899397,1.14013410,0.93899397,TIME,24.430869
20260903020000+0000_3bce220e3e_20260904022556,V9.20_V3_FORWARD,APT/USDT,2026-09-03T02:00:00+00:00,2026-09-04T02:25:56.533457+00:00,0.590590000000,0.596403000000,169.322203220508,100.00000000,0.00100000,0.00100000,0.10000000,0.10098427,0.00100000,0.00100000,0.98426997,0.78328570,0.98426997,0.78328570,TIME,24.432370
20260903020000+0000_2020abb732_20260904022556,V9.20_V3_FORWARD,AAVE/USDT,2026-09-03T02:00:00+00:00,2026-09-04T02:25:56.533457+00:00,127.427300000000,132.617250000000,0.784761193245,100.00000000,0.00100000,0.00100000,0.10000000,0.10407287,0.00100000,0.00100000,4.07287135,3.86879848,4.07287135,3.86879848,TIME,24.432370
20260903020000+0000_3c3a51163e_20260904022556,V9.20_V3_FORWARD,AVAX/USDT,2026-09-03T02:00:00+00:00,2026-09-04T02:25:56.533457+00:00,7.276269000000,7.488504000000,13.743307181194,100.00000000,0.00100000,0.00100000,0.10000000,0.10291681,0.00100000,0.00100000,2.91681080,2.71389399,2.91681080,2.71389399,TIME,24.432370
20260903020000+0000_d68ebe1d16_20260904022556,V9.20_V3_FORWARD,BTC/USDT,2026-09-03T02:00:00+00:00,2026-09-04T02:25:56.533457+00:00,77893.826009999990,80618.900399999999,0.001283798795,100.00000000,0.00100000,0.00100000,0.10000000,0.10349845,0.00100000,0.00100000,3.49844722,3.29494877,3.49844722,3.29494877,TIME,24.432370
20260903020000+0000_19c46cd291_20260904022556,V9.20_V3_FORWARD,PAXG/USDT,2026-09-03T02:00:00+00:00,2026-09-04T02:25:56.533457+00:00,4432.267840000000,4472.802720000000,0.022561813412,100.00000000,0.00100000,0.00100000,0.10000000,0.10091454,0.00100000,0.00100000,0.91454040,0.71362586,0.91454040,0.71362586,TIME,24.432370
20260903020000+0000_57df15c7f3_20260904022556,V9.20_V3_FORWARD,USD1/USDT,2026-09-03T02:00:00+00:00,2026-09-04T02:25:56.533457+00:00,1.000829830000,0.998630370000,99.917085804687,100.00000000,0.00100000,0.00100000,0.10000000,0.09978024,0.00100000,0.00100000,-0.21976363,-0.41954387,-0.21976363,-0.41954387,TIME,24.432370
20260903030000+0000_5f46847d62_20260904022556,V9.20_V3_FORWARD,XPL/USDT,2026-09-03T03:00:00+00:00,2026-09-04T02:25:56.533457+00:00,0.085815730000,0.094575330000,1165.287529454099,100.00000000,0.00100000,0.00100000,0.10000000,0.11020745,0.00100000,0.00100000,10.20745264,9.99724519,10.20745264,9.99724519,TARGET,23.432370
20260903040000+0000_c424f55616_20260904022556,V9.20_V3_FORWARD,EGLD/USDT,2026-09-03T04:00:00+00:00,2026-09-04T02:25:56.533457+00:00,5.167162000000,4.571424000000,19.352983320438,100.00000000,0.00100000,0.00100000,0.10000000,0.08847069,0.00100000,0.00100000,-11.52930758,-11.71777827,-11.52930758,-11.71777827,STOP,22.432370
20260903030000+0000_c1963d9a97_20260904032551,V9.20_V3_FORWARD,FDUSD/USDT,2026-09-03T03:00:00+00:00,2026-09-04T03:25:51.974799+00:00,0.999898900000,0.998500500000,100.010111022224,100.00000000,0.00100000,0.00100000,0.10000000,0.09986015,0.00100000,0.00100000,-0.13985414,-0.33971429,-0.13985414,-0.33971429,TIME,24.431104
20260903030000+0000_830bc8f07d_20260904032551,V9.20_V3_FORWARD,ACE/USDT,2026-09-03T03:00:00+00:00,2026-09-04T03:25:51.974799+00:00,0.189289100000,0.185114700000,528.292437335272,100.00000000,0.00100000,0.00100000,0.10000000,0.09779470,0.00100000,0.00100000,-2.20530395,-2.40309865,-2.20530395,-2.40309865,TIME,24.431104
20260903050000+0000_42d78fb490_20260904032551,V9.20_V3_FORWARD,HEMI/USDT,2026-09-03T05:00:00+00:00,2026-09-04T03:25:51.974799+00:00,0.019059040000,0.016333650000,5246.853986349784,100.00000000,0.00100000,0.00100000,0.10000000,0.08570028,0.00100000,0.00100000,-14.29972339,-14.48542366,-14.29972339,-14.48542366,STOP,22.431104
20260903060000+0000_d592f911bc_20260904032551,V9.20_V3_FORWARD,ZEC/USDT,2026-09-03T06:00:00+00:00,2026-09-04T03:25:51.974799+00:00,832.201370000000,943.845210000000,0.120163224437,100.00000000,0.00100000,0.00100000,0.10000000,0.11341548,0.00100000,0.00100000,13.41548380,13.20206832,13.41548380,13.20206832,TARGET,21.431104
20260903060000+0000_1fd39edfcb_20260904032551,V9.20_V3_FORWARD,FIL/USDT,2026-09-03T06:00:00+00:00,2026-09-04T03:25:51.974799+00:00,0.808507700000,0.773525700000,123.684660022409,100.00000000,0.00100000,0.00100000,0.10000000,0.09567326,0.00100000,0.00100000,-4.32673678,-4.52241004,-4.32673678,-4.52241004,STOP,21.431104
20260903070000+0000_6be164c014_20260904032551,V9.20_V3_FORWARD,MUBARAK/USDT,2026-09-03T07:00:00+00:00,2026-09-04T03:25:51.974799+00:00,0.026686660000,0.029830140000,3747.190543889719,100.00000000,0.00100000,0.00100000,0.10000000,0.11177922,0.00100000,0.00100000,11.77921853,11.56743931,11.77921853,11.56743931,TARGET,20.431104
20260903040000+0000_e752cc06e2_20260904042551,V9.20_V3_FORWARD,ASTER/USDT,2026-09-03T04:00:00+00:00,2026-09-04T04:25:51.425056+00:00,0.724724000000,0.719280000000,137.983563397928,100.00000000,0.00100000,0.00100000,0.10000000,0.09924882,0.00100000,0.00100000,-0.75118252,-0.95043134,-0.75118252,-0.95043134,TIME,24.430951
20260903040000+0000_30b5ff88d6_20260904042551,V9.20_V3_FORWARD,LTC/USDT,2026-09-03T04:00:00+00:00,2026-09-04T04:25:51.425056+00:00,50.430380000000,51.228720000000,1.982931716953,100.00000000,0.00100000,0.00100000,0.10000000,0.10158305,0.00100000,0.00100000,1.58305371,1.38147065,1.58305371,1.38147065,TIME,24.430951
20260903080000+0000_bdf7a42ec6_20260904042551,V9.20_V3_FORWARD,UNI/USDT,2026-09-03T08:00:00+00:00,2026-09-04T04:25:51.425056+00:00,5.824819000000,6.292701000000,17.167915432222,100.00000000,0.00100000,0.00100000,0.10000000,0.10803256,0.00100000,0.00100000,8.03255861,7.82452605,8.03255861,7.82452605,TARGET,20.430951
20260903100000+0000_8052ea6d5f_20260904042551,V9.20_V3_FORWARD,CHIP/USDT,2026-09-03T10:00:00+00:00,2026-09-04T04:25:51.425056+00:00,0.052572520000,0.058711230000,1902.134423078826,100.00000000,0.00100000,0.00100000,0.10000000,0.11167665,0.00100000,0.00100000,11.67665160,11.46497495,11.67665160,11.46497495,TARGET,18.430951
20260903110000+0000_a3e305e265_20260904042551,V9.20_V3_FORWARD,ENA/USDT,2026-09-03T11:00:00+00:00,2026-09-04T04:25:51.425056+00:00,0.154354200000,0.166932900000,647.860570039558,100.00000000,0.00100000,0.00100000,0.10000000,0.10814924,0.00100000,0.00100000,8.14924375,7.94109451,8.14924375,7.94109451,TARGET,17.430951
20260903050000+0000_d261d33348_20260904052548,V9.20_V3_FORWARD,USDC/USDT,2026-09-03T05:00:00+00:00,2026-09-04T05:25:48.432258+00:00,1.001290290000,0.998930070000,99.871137270292,100.00000000,0.00100000,0.00100000,0.10000000,0.09976428,0.00100000,0.00100000,-0.23571786,-0.43548214,-0.23571786,-0.43548214,TIME,24.430120
20260903050000+0000_1f8c82a7ee_20260904052548,V9.20_V3_FORWARD,EUR/USDT,2026-09-03T05:00:00+00:00,2026-09-04T05:25:48.432258+00:00,1.161560400000,1.161537300000,86.091089193468,100.00000000,0.00100000,0.00100000,0.10000000,0.09999801,0.00100000,0.00100000,-0.00198870,-0.20198672,-0.00198870,-0.20198672,TIME,24.430120
20260903070000+0000_9a96d1b186_20260904072549,V9.20_V3_FORWARD,SUI/USDT,2026-09-03T07:00:00+00:00,2026-09-04T07:25:49.729906+00:00,0.768067300000,0.772027200000,130.196924149746,100.00000000,0.00100000,0.00100000,0.10000000,0.10051557,0.00100000,0.00100000,0.51556680,0.31505123,0.51556680,0.31505123,TIME,24.430481
20260903110000+0000_a3ff671a55_20260904082550,V9.20_V3_FORWARD,LINK/USDT,2026-09-03T11:00:00+00:00,2026-09-04T08:25:50.492598+00:00,11.283272000000,11.956032000000,8.862677421939,100.00000000,0.00100000,0.00100000,0.10000000,0.10596245,0.00100000,0.00100000,5.96245486,5.75649241,5.96245486,5.75649241,TARGET,21.430692
20260903100000+0000_c14a80c66f_20260904102551,V9.20_V3_FORWARD,PUMP/USDT,2026-09-03T10:00:00+00:00,2026-09-04T10:25:51.528404+00:00,0.004408404000,0.004203792000,22683.946389668465,100.00000000,0.00100000,0.00100000,0.10000000,0.09535859,0.00100000,0.00100000,-4.64140764,-4.83676623,-4.64140764,-4.83676623,STOP,24.430980
20260903110000+0000_246c749649_20260904112551,V9.20_V3_FORWARD,TRUMP/USDT,2026-09-03T11:00:00+00:00,2026-09-04T11:25:51.065302+00:00,2.423421000000,2.395602000000,41.263981784428,100.00000000,0.00100000,0.00100000,0.10000000,0.09885208,0.00100000,0.00100000,-1.14792271,-1.34677479,-1.14792271,-1.34677479,TIME,24.430851
20260903110000+0000_2de8f3ef9c_20260904112551,V9.20_V3_FORWARD,ARB/USDT,2026-09-03T11:00:00+00:00,2026-09-04T11:25:51.065302+00:00,0.136035900000,0.135664200000,735.100072848417,100.00000000,0.00100000,0.00100000,0.10000000,0.09972676,0.00100000,0.00100000,-0.27323670,-0.47296346,-0.27323670,-0.47296346,TIME,24.430851
20260903120000+0000_3889d0b76e_20260904122552,V9.20_V3_FORWARD,PEPE/USDT,2026-09-03T12:00:00+00:00,2026-09-04T12:25:52.340367+00:00,0.000003503500,0.000003696300,28542885.685742832720,100.00000000,0.00100000,0.00100000,0.10000000,0.10550307,0.00100000,0.00100000,5.50306836,5.29756529,5.50306836,5.29756529,TIME,24.431206
20260903120000+0000_985feaa5a4_20260904122552,V9.20_V3_FORWARD,ETH/USDT,2026-09-03T12:00:00+00:00,2026-09-04T12:25:52.340367+00:00,2425.693270000000,2520.147330000000,0.041225327718,100.00000000,0.00100000,0.00100000,0.10000000,0.10389390,0.00100000,0.00100000,3.89389958,3.69000568,3.89389958,3.69000568,TIME,24.431206
20260903120000+0000_cb02cb7c35_20260904122552,V9.20_V3_FORWARD,SOL/USDT,2026-09-03T12:00:00+00:00,2026-09-04T12:25:52.340367+00:00,101.771670000000,104.015880000000,0.982591717322,100.00000000,0.00100000,0.00100000,0.10000000,0.10220514,0.00100000,0.00100000,2.20514216,2.00293702,2.20514216,2.00293702,TIME,24.431206
20260903120000+0000_b9945433cc_20260904122552,V9.20_V3_FORWARD,FF/USDT,2026-09-03T12:00:00+00:00,2026-09-04T12:25:52.340367+00:00,0.102552450000,0.107292600000,975.110784774035,100.00000000,0.00100000,0.00100000,0.10000000,0.10462217,0.00100000,0.00100000,4.62217139,4.41754922,4.62217139,4.41754922,TIME,24.431206
20260903120000+0000_c01054c23f_20260904122552,V9.20_V3_FORWARD,CAKE/USDT,2026-09-03T12:00:00+00:00,2026-09-04T12:25:52.340367+00:00,1.983982000000,2.028969000000,50.403683097931,100.00000000,0.00100000,0.00100000,0.10000000,0.10226751,0.00100000,0.00100000,2.26751049,2.06524298,2.26751049,2.06524298,TIME,24.431206
20260903130000+0000_505ee61e0c_20260904132549,V9.20_V3_FORWARD,ENSO/USDT,2026-09-03T13:00:00+00:00,2026-09-04T13:25:49.258224+00:00,0.862862000000,0.854145000000,115.893387355104,100.00000000,0.00100000,0.00100000,0.10000000,0.09898976,0.00100000,0.00100000,-1.01024266,-1.20923241,-1.01024266,-1.20923241,TIME,24.430350
20260903140000+0000_f0fa50d41c_20260904142548,V9.20_V3_FORWARD,ZKP/USDT,2026-09-03T14:00:00+00:00,2026-09-04T14:25:48.032077+00:00,0.046546500000,0.047752200000,2148.389245163439,100.00000000,0.00100000,0.00100000,0.10000000,0.10259031,0.00100000,0.00100000,2.59031291,2.38772260,2.59031291,2.38772260,TIME,24.430009
20260903140000+0000_430f37e891_20260904142548,V9.20_V3_FORWARD,TAO/USDT,2026-09-03T14:00:00+00:00,2026-09-04T14:25:48.032077+00:00,228.428200000000,222.976800000000,0.437774320333,100.00000000,0.00100000,0.00100000,0.10000000,0.09761352,0.00100000,0.00100000,-2.38648293,-2.58409645,-2.38648293,-2.58409645,TIME,24.430009
20260903140000+0000_f133fb73ca_20260904142548,V9.20_V3_FORWARD,ADA/USDT,2026-09-03T14:00:00+00:00,2026-09-04T14:25:48.032077+00:00,0.217317100000,0.213186600000,460.157070014279,100.00000000,0.00100000,0.00100000,0.10000000,0.09809932,0.00100000,0.00100000,-1.90067878,-2.09877810,-1.90067878,-2.09877810,TIME,24.430009
20260903140000+0000_1d48ba9293_20260904142548,V9.20_V3_FORWARD,ONDO/USDT,2026-09-03T14:00:00+00:00,2026-09-04T14:25:48.032077+00:00,0.369168800000,0.355943700000,270.878795824566,100.00000000,0.00100000,0.00100000,0.10000000,0.09641760,0.00100000,0.00100000,-3.58239916,-3.77881676,-3.58239916,-3.77881676,TIME,24.430009
20260903140000+0000_52e18f9198_20260904142548,V9.20_V3_FORWARD,TRX/USDT,2026-09-03T14:00:00+00:00,2026-09-04T14:25:48.032077+00:00,0.330229900000,0.328671000000,302.819338890876,100.00000000,0.00100000,0.00100000,0.10000000,0.09952793,0.00100000,0.00100000,-0.47206507,-0.67159300,-0.47206507,-0.67159300,TIME,24.430009
20260903150000+0000_0ea6ab9dcf_20260904142548,V9.20_V3_FORWARD,DASH/USDT,2026-09-03T15:00:00+00:00,2026-09-04T14:25:48.032077+00:00,47.397350000000,50.679270000000,2.109822595567,100.00000000,0.00100000,0.00100000,0.10000000,0.10692427,0.00100000,0.00100000,6.92426897,6.71734470,6.92426897,6.71734470,TARGET,23.430009
20260903150000+0000_4b964e9e6a_20260904152552,V9.20_V3_FORWARD,NEAR/USDT,2026-09-03T15:00:00+00:00,2026-09-04T15:25:52.504415+00:00,1.988987000000,1.937061000000,50.276849471615,100.00000000,0.00100000,0.00100000,0.10000000,0.09738932,0.00100000,0.00100000,-2.61067569,-2.80806501,-2.61067569,-2.80806501,TIME,24.431251
20260903150000+0000_9e92cf90d5_20260904152552,V9.20_V3_FORWARD,WLD/USDT,2026-09-03T15:00:00+00:00,2026-09-04T15:25:52.504415+00:00,0.392091700000,0.375324300000,255.042379116926,100.00000000,0.00100000,0.00100000,0.10000000,0.09572360,0.00100000,0.00100000,-4.27639759,-4.47212119,-4.27639759,-4.47212119,STOP,24.431251
20260903160000+0000_8a888fd068_20260904152552,V9.20_V3_FORWARD,XLM/USDT,2026-09-03T16:00:00+00:00,2026-09-04T15:25:52.504415+00:00,0.187487300000,0.178920900000,533.369460224773,100.00000000,0.00100000,0.00100000,0.10000000,0.09543094,0.00100000,0.00100000,-4.56905614,-4.76448709,-4.56905614,-4.76448709,STOP,23.431251
20260903170000+0000_e93772e727_20260904152552,V9.20_V3_FORWARD,APT/USDT,2026-09-03T17:00:00+00:00,2026-09-04T15:25:52.504415+00:00,0.605605000000,0.574425000000,165.124132066281,100.00000000,0.00100000,0.00100000,0.10000000,0.09485143,0.00100000,0.00100000,-5.14857044,-5.34342187,-5.14857044,-5.34342187,STOP,22.431251
20260903200000+0000_139eceb50d_20260904152552,V9.20_V3_FORWARD,DOGE/USDT,2026-09-03T20:00:00+00:00,2026-09-04T15:25:52.504415+00:00,0.088728640000,0.084515400000,1127.031812952391,100.00000000,0.00100000,0.00100000,0.10000000,0.09525154,0.00100000,0.00100000,-4.74845552,-4.94370706,-4.74845552,-4.94370706,STOP,19.431251
20260903160000+0000_f196427429_20260904162551,V9.20_V3_FORWARD,BNB/USDT,2026-09-03T16:00:00+00:00,2026-09-04T16:25:51.161184+00:00,722.742020000000,717.431850000000,0.138361956594,100.00000000,0.00100000,0.00100000,0.10000000,0.09926527,0.00100000,0.00100000,-0.73472551,-0.93399079,-0.73472551,-0.93399079,TIME,24.430878
20260903160000+0000_48c4e5ee49_20260904162551,V9.20_V3_FORWARD,PROM/USDT,2026-09-03T16:00:00+00:00,2026-09-04T16:25:51.161184+00:00,4.981977000000,5.002992000000,20.072352802913,100.00000000,0.00100000,0.00100000,0.10000000,0.10042182,0.00100000,0.00100000,0.42182049,0.22139867,0.42182049,0.22139867,TIME,24.430878
20260903170000+0000_d71ea0e4c2_20260904172549,V9.20_V3_FORWARD,AAVE/USDT,2026-09-03T17:00:00+00:00,2026-09-04T17:25:49.062842+00:00,134.284150000000,130.749120000000,0.744689525905,100.00000000,0.00100000,0.00100000,0.10000000,0.09736750,0.00100000,0.00100000,-2.63249981,-2.82986731,-2.63249981,-2.82986731,TIME,24.430295
20260903170000+0000_9fb44f5f7d_20260904172549,V9.20_V3_FORWARD,XAUT/USDT,2026-09-03T17:00:00+00:00,2026-09-04T17:25:49.062842+00:00,4482.688209999999,4420.914660000000,0.022308042700,100.00000000,0.00100000,0.00100000,0.10000000,0.09862195,0.00100000,0.00100000,-1.37804699,-1.57666894,-1.37804699,-1.57666894,TIME,24.430295
20260903220000+0000_3d5cbbd51b_20260904172549,V9.20_V3_FORWARD,XRP/USDT,2026-09-03T22:00:00+00:00,2026-09-04T17:25:49.062842+00:00,1.456955500000,1.396002600000,68.636276125112,100.00000000,0.00100000,0.00100000,0.10000000,0.09581642,0.00100000,0.00100000,-4.18358008,-4.37939649,-4.18358008,-4.37939649,STOP,19.430295
20260903190000+0000_990cc60a82_20260904192555,V9.20_V3_FORWARD,BTC/USDT,2026-09-03T19:00:00+00:00,2026-09-04T19:25:55.932172+00:00,81837.165410000001,79716.353850000000,0.001221938706,100.00000000,0.00100000,0.00100000,0.10000000,0.09740850,0.00100000,0.00100000,-2.59150173,-2.78891023,-2.59150173,-2.78891023,TIME,24.432203
20260904020000+0000_f54da5a55e_20260904202547,V9.20_V3_FORWARD,HEMI/USDT,2026-09-04T02:00:00+00:00,2026-09-04T20:25:47.832886+00:00,0.016386370000,0.014465520000,6102.632858894313,100.00000000,0.00100000,0.00100000,0.10000000,0.08827776,0.00100000,0.00100000,-11.72224233,-11.91052008,-11.72224233,-11.91052008,STOP,18.429954
20260904020000+0000_0edea2fe28_20260904212608,V9.20_V3_FORWARD,ZEC/USDT,2026-09-04T02:00:00+00:00,2026-09-04T21:26:08.526288+00:00,940.629690000000,1020.328650000000,0.106311762283,100.00000000,0.00100000,0.00100000,0.10000000,0.10847294,0.00100000,0.00100000,8.47293689,8.26446395,8.47293689,8.26446395,TARGET,19.435702
20260903220000+0000_a1e9174555_20260904222549,V9.20_V3_FORWARD,BCH/USDT,2026-09-03T22:00:00+00:00,2026-09-04T22:25:49.974312+00:00,257.957700000000,251.748000000000,0.387660457509,100.00000000,0.00100000,0.00100000,0.10000000,0.09759274,0.00100000,0.00100000,-2.40725514,-2.60484789,-2.40725514,-2.60484789,TIME,24.430548
20260903220000+0000_f964f74adf_20260904222549,V9.20_V3_FORWARD,AVAX/USDT,2026-09-03T22:00:00+00:00,2026-09-04T22:25:49.974312+00:00,7.510503000000,7.346646000000,13.314687445035,100.00000000,0.00100000,0.00100000,0.10000000,0.09781830,0.00100000,0.00100000,-2.18170474,-2.37952304,-2.18170474,-2.37952304,TIME,24.430548
20260904030000+0000_484ee6f01e_20260904222549,V9.20_V3_FORWARD,CHIP/USDT,2026-09-04T03:00:00+00:00,2026-09-04T22:25:49.974312+00:00,0.059299240000,0.054895050000,1686.362253546589,100.00000000,0.00100000,0.00100000,0.10000000,0.09257294,0.00100000,0.00100000,-7.42705977,-7.61963271,-7.42705977,-7.61963271,STOP,19.430548
20260903230000+0000_59ff2dc566_20260904232547,V9.20_V3_FORWARD,FDUSD/USDT,2026-09-03T23:00:00+00:00,2026-09-04T23:25:47.816506+00:00,1.000399400000,0.997601400000,99.960075945667,100.00000000,0.00100000,0.00100000,0.10000000,0.09972031,0.00100000,0.00100000,-0.27968829,-0.47940860,-0.27968829,-0.47940860,TIME,24.429949
20260903230000+0000_21a560165c_20260904232547,V9.20_V3_FORWARD,PAXG/USDT,2026-09-03T23:00:00+00:00,2026-09-04T23:25:47.816506+00:00,4486.992510000000,4428.447120000000,0.022286642952,100.00000000,0.00100000,0.00100000,0.10000000,0.09869522,0.00100000,0.00100000,-1.30478020,-1.50347542,-1.30478020,-1.50347542,TIME,24.429949
