scenario,window,train_start,train_end,test_start,test_end,train_trades,train_return,train_pf,test_trades,test_return,test_pf,test_dd,test_median,test_positive
S72_SL4_TP8,0,2026-07-18T13:00:00+00:00,2026-07-25T13:00:00+00:00,2026-07-25T13:00:00+00:00,2026-07-27T13:00:00+00:00,65,-64.5871271655397,0.3753527587236813,4,4.278433162951822,inf,0.0,0.6698176663097468,True
S72_SL4_TP8,1,2026-07-20T13:00:00+00:00,2026-07-27T13:00:00+00:00,2026-07-27T13:00:00+00:00,2026-07-29T13:00:00+00:00,50,-42.24190163321313,0.4655132735153358,21,-24.880540778647266,0.3542561357444272,-29.059235214096113,-0.3000700490343287,False
S72_SL4_TP8,2,2026-07-22T13:00:00+00:00,2026-07-29T13:00:00+00:00,2026-07-29T13:00:00+00:00,2026-07-31T13:00:00+00:00,52,-48.23701235402989,0.35563679233385154,19,-6.008656279252711,0.8290008730007498,-19.11828773070855,-0.21998201618542695,False
S72_SL4_TP8,3,2026-07-24T13:00:00+00:00,2026-07-31T13:00:00+00:00,2026-07-31T13:00:00+00:00,2026-08-02T13:00:00+00:00,59,-18.12796241749779,0.8067984818158105,21,34.76570783221216,4.269784366586957,-4.199999999999992,-0.07838776928421592,True
S72_SL4_TP8,4,2026-07-26T13:00:00+00:00,2026-08-02T13:00:00+00:00,2026-08-02T13:00:00+00:00,2026-08-04T13:00:00+00:00,71,-11.453171187787326,0.9031186506610029,24,29.349865322183312,2.288462500912132,-8.223599999999987,0.4690899438279163,True
S72_SL4_TP8,5,2026-07-28T13:00:00+00:00,2026-08-04T13:00:00+00:00,2026-08-04T13:00:00+00:00,2026-08-06T13:00:00+00:00,80,0.04164845125969041,1.0474407699844241,20,36.830680912299286,2.836820164792461,-10.203600545455405,2.0832358933355555,True
S72_SL4_TP8,6,2026-07-30T13:00:00+00:00,2026-08-06T13:00:00+00:00,2026-08-06T13:00:00+00:00,2026-08-08T13:00:00+00:00,87,86.05891069204577,1.6726806946984485,22,57.9952617423126,4.309076661917958,-4.200000000000004,0.4434870299125595,True
S72_SL4_TP8,7,2026-08-01T13:00:00+00:00,2026-08-08T13:00:00+00:00,2026-08-08T13:00:00+00:00,2026-08-10T13:00:00+00:00,88,104.1917377376568,1.727185813291514,21,23.384254872902723,1.934273138269517,-17.380362715148067,0.33619302949061697,True
S72_SL4_TP8,8,2026-08-03T13:00:00+00:00,2026-08-10T13:00:00+00:00,2026-08-10T13:00:00+00:00,2026-08-12T13:00:00+00:00,83,186.41475733840971,2.5529762068431943,23,-8.416788355800763,0.777561649072349,-22.52222092158013,-0.27408372833224154,False
S72_SL4_TP8,9,2026-08-05T13:00:00+00:00,2026-08-12T13:00:00+00:00,2026-08-12T13:00:00+00:00,2026-08-14T13:00:00+00:00,84,23.176822135752694,1.2282939454757638,21,26.39951427510536,2.035513996870223,-8.223600000000008,0.5462686567164312,True
S72_SL4_TP8,10,2026-08-07T13:00:00+00:00,2026-08-14T13:00:00+00:00,2026-08-14T13:00:00+00:00,2026-08-16T13:00:00+00:00,83,53.63916602517853,1.4551220510878675,25,73.63480793658799,4.455626522271807,-7.342539731869913,0.47365269461077125,True
S72_SL4_TP8,11,2026-08-09T13:00:00+00:00,2026-08-16T13:00:00+00:00,2026-08-16T13:00:00+00:00,2026-08-18T13:00:00+00:00,83,50.29286498814336,1.4472078573236031,30,-7.482041239164882,0.9289520512270982,-22.07900821296288,-1.2102758855913385,False
S72_SL4_TP8,12,2026-08-11T13:00:00+00:00,2026-08-18T13:00:00+00:00,2026-08-18T13:00:00+00:00,2026-08-20T13:00:00+00:00,93,341.7472232537613,2.529838700593094,20,75.70028422378236,4.157104215823722,-12.078208800000013,3.6914435904729537,True
S72_SL4_TP10,0,2026-07-18T13:00:00+00:00,2026-07-25T13:00:00+00:00,2026-07-25T13:00:00+00:00,2026-07-27T13:00:00+00:00,65,-61.17862447722599,0.43842407979122333,4,4.278433162951822,inf,0.0,0.6698176663097468,True
S72_SL4_TP10,1,2026-07-20T13:00:00+00:00,2026-07-27T13:00:00+00:00,2026-07-27T13:00:00+00:00,2026-07-29T13:00:00+00:00,49,-46.084063616159156,0.4135358853601844,21,-23.486858789382847,0.4015236527907986,-29.05923521409609,-0.3000700490343287,False
S72_SL4_TP10,2,2026-07-22T13:00:00+00:00,2026-07-29T13:00:00+00:00,2026-07-29T13:00:00+00:00,2026-07-31T13:00:00+00:00,52,-51.323836723444025,0.3206602903372248,19,-25.735619687094204,0.19446150011054236,-25.735619687094204,-0.7289097247265228,False
S72_SL4_TP10,3,2026-07-24T13:00:00+00:00,2026-07-31T13:00:00+00:00,2026-07-31T13:00:00+00:00,2026-08-02T13:00:00+00:00,58,-42.18445129211668,0.4676686724422288,20,23.80601236288351,2.473722883072972,-9.815096349402708,-0.07927776720652019,True
S72_SL4_TP10,4,2026-07-26T13:00:00+00:00,2026-08-02T13:00:00+00:00,2026-08-02T13:00:00+00:00,2026-08-04T13:00:00+00:00,72,-39.03053414194388,0.5689521124715001,24,54.64676516889442,3.177914371386148,-8.223599999999998,0.4690899438279163,True
S72_SL4_TP10,5,2026-07-28T13:00:00+00:00,2026-08-04T13:00:00+00:00,2026-08-04T13:00:00+00:00,2026-08-06T13:00:00+00:00,80,45.85305920406086,1.4425038076973027,20,21.577831821953588,1.8845826741414136,-10.905740492461625,1.577666842590997,True
S72_SL4_TP10,6,2026-07-30T13:00:00+00:00,2026-08-06T13:00:00+00:00,2026-08-06T13:00:00+00:00,2026-08-08T13:00:00+00:00,83,201.53915628180368,2.3332580492723607,23,48.20626863555615,3.577237506535454,-5.736894943698834,0.3496921723834758,True
S72_SL4_TP10,7,2026-08-01T13:00:00+00:00,2026-08-08T13:00:00+00:00,2026-08-08T13:00:00+00:00,2026-08-10T13:00:00+00:00,85,106.25539820466048,1.8007727099280748,20,44.62900186838752,3.4827663205054464,-7.861148291566056,0.6014567319173494,True
S72_SL4_TP10,8,2026-08-03T13:00:00+00:00,2026-08-10T13:00:00+00:00,2026-08-10T13:00:00+00:00,2026-08-12T13:00:00+00:00,80,183.2894120330609,2.555138630596671,24,-8.977546660252356,0.7970805257867395,-22.522220921580114,-0.45562880535918704,False
S72_SL4_TP10,9,2026-08-05T13:00:00+00:00,2026-08-12T13:00:00+00:00,2026-08-12T13:00:00+00:00,2026-08-14T13:00:00+00:00,87,-0.260211193655846,1.055297044646968,20,34.7905379527345,2.571478728476203,-8.223600000000008,0.9872936203936147,True
S72_SL4_TP10,10,2026-08-07T13:00:00+00:00,2026-08-14T13:00:00+00:00,2026-08-14T13:00:00+00:00,2026-08-16T13:00:00+00:00,81,113.06942251545476,1.8526489055720354,21,52.56307215761691,4.7241799607636805,-7.342539731869923,-0.11245987744381553,True
S72_SL4_TP10,11,2026-08-09T13:00:00+00:00,2026-08-16T13:00:00+00:00,2026-08-16T13:00:00+00:00,2026-08-18T13:00:00+00:00,84,80.49631626093384,1.5873073508158229,28,14.651589216179861,1.333840559816387,-15.866664340700964,-0.5870482446969858,True
S72_SL4_TP10,12,2026-08-11T13:00:00+00:00,2026-08-18T13:00:00+00:00,2026-08-18T13:00:00+00:00,2026-08-20T13:00:00+00:00,86,229.1449831563652,2.3946597794087308,20,104.98461558727321,5.046185515947498,-12.078208800000013,3.6914435904729537,True
S72_SL4_TP12,0,2026-07-18T13:00:00+00:00,2026-07-25T13:00:00+00:00,2026-07-25T13:00:00+00:00,2026-07-27T13:00:00+00:00,63,-55.992675975306085,0.49631733175641635,4,4.278433162951822,inf,0.0,0.6698176663097468,True
S72_SL4_TP12,1,2026-07-20T13:00:00+00:00,2026-07-27T13:00:00+00:00,2026-07-27T13:00:00+00:00,2026-07-29T13:00:00+00:00,48,-44.98236154823295,0.41472258257830913,21,-22.08538064021649,0.44889712335974297,-24.011716110442393,-0.3000700490343287,False
S72_SL4_TP12,2,2026-07-22T13:00:00+00:00,2026-07-29T13:00:00+00:00,2026-07-29T13:00:00+00:00,2026-07-31T13:00:00+00:00,52,-54.1545998241859,0.25795469181773395,19,-25.735619687094204,0.19446150011054236,-25.735619687094204,-0.7289097247265228,False
S72_SL4_TP12,3,2026-07-24T13:00:00+00:00,2026-07-31T13:00:00+00:00,2026-07-31T13:00:00+00:00,2026-08-02T13:00:00+00:00,57,-39.93733917211133,0.47166223029676907,20,30.470761131453084,3.4751712038136313,-5.761028855004602,0.011967308157123824,True
S72_SL4_TP12,4,2026-07-26T13:00:00+00:00,2026-08-02T13:00:00+00:00,2026-08-02T13:00:00+00:00,2026-08-04T13:00:00+00:00,72,-33.716246064936264,0.6431400362493499,22,54.32244751556261,3.412104975859121,-8.223600000000008,0.41858324689627596,True
S72_SL4_TP12,5,2026-07-28T13:00:00+00:00,2026-08-04T13:00:00+00:00,2026-08-04T13:00:00+00:00,2026-08-06T13:00:00+00:00,79,70.9821224609309,1.6381375299422798,20,23.79236427772686,1.96809376200019,-10.905740492461613,1.577666842590997,True
S72_SL4_TP12,6,2026-07-30T13:00:00+00:00,2026-08-06T13:00:00+00:00,2026-08-06T13:00:00+00:00,2026-08-08T13:00:00+00:00,81,168.86223875641016,2.21416228620686,23,77.69723540909004,4.753322998834232,-5.8688552043176685,0.5372818874416432,True
S72_SL4_TP12,7,2026-08-01T13:00:00+00:00,2026-08-08T13:00:00+00:00,2026-08-08T13:00:00+00:00,2026-08-10T13:00:00+00:00,82,65.81682844038359,1.5402689345625096,20,47.34330342759074,3.2490710724012266,-10.364836392063548,0.6014567319173494,True
S72_SL4_TP12,8,2026-08-03T13:00:00+00:00,2026-08-10T13:00:00+00:00,2026-08-10T13:00:00+00:00,2026-08-12T13:00:00+00:00,76,190.4213587932662,2.6786969053586422,23,-1.4941654551959282,1.01696094503475,-22.522220921580104,-0.27408372833224154,False
S72_SL4_TP12,9,2026-08-05T13:00:00+00:00,2026-08-12T13:00:00+00:00,2026-08-12T13:00:00+00:00,2026-08-14T13:00:00+00:00,82,21.536575205855925,1.2224024615359081,20,37.61663094784977,2.6844554562441068,-8.223600000000008,0.9872936203936147,True
S72_SL4_TP12,10,2026-08-07T13:00:00+00:00,2026-08-14T13:00:00+00:00,2026-08-14T13:00:00+00:00,2026-08-16T13:00:00+00:00,76,111.82778975299507,1.9102735848242627,23,50.50062289567776,3.169717011885796,-7.53284692278402,-0.2,True
S72_SL4_TP12,11,2026-08-09T13:00:00+00:00,2026-08-16T13:00:00+00:00,2026-08-16T13:00:00+00:00,2026-08-18T13:00:00+00:00,82,164.7020056035163,2.0702134728963304,28,11.47565390616081,1.2752335410788238,-19.400264438391513,-1.2102758855913385,True
S72_SL4_TP12,12,2026-08-11T13:00:00+00:00,2026-08-18T13:00:00+00:00,2026-08-18T13:00:00+00:00,2026-08-20T13:00:00+00:00,83,302.5759260843376,2.636991245678921,18,89.47563368261812,4.643197041816892,-15.963399690602653,0.7230301770569161,True
S72_SL4_TP15,0,2026-07-18T13:00:00+00:00,2026-07-25T13:00:00+00:00,2026-07-25T13:00:00+00:00,2026-07-27T13:00:00+00:00,62,-50.265276770867914,0.5716451194621993,4,4.278433162951822,inf,0.0,0.6698176663097468,True
S72_SL4_TP15,1,2026-07-20T13:00:00+00:00,2026-07-27T13:00:00+00:00,2026-07-27T13:00:00+00:00,2026-07-29T13:00:00+00:00,48,-44.98236154823295,0.41472258257830913,20,-31.207071719231973,0.16493810678629162,-34.78111786887638,-2.1727095749144443,False
S72_SL4_TP15,2,2026-07-22T13:00:00+00:00,2026-07-29T13:00:00+00:00,2026-07-29T13:00:00+00:00,2026-07-31T13:00:00+00:00,52,-54.1545998241859,0.25795469181773395,19,-25.735619687094204,0.19446150011054236,-25.735619687094204,-0.7289097247265228,False
S72_SL4_TP15,3,2026-07-24T13:00:00+00:00,2026-07-31T13:00:00+00:00,2026-07-31T13:00:00+00:00,2026-08-02T13:00:00+00:00,57,-49.469585603824925,0.3209817763082395,20,37.56671443878705,3.9981254171630423,-5.7610288550046125,0.011967308157123824,True
S72_SL4_TP15,4,2026-07-26T13:00:00+00:00,2026-08-02T13:00:00+00:00,2026-08-02T13:00:00+00:00,2026-08-04T13:00:00+00:00,70,-40.15490424091182,0.5574732888409922,22,26.828939292941634,2.0735786881349516,-12.0782088,0.2745001448855479,True
S72_SL4_TP15,5,2026-07-28T13:00:00+00:00,2026-08-04T13:00:00+00:00,2026-08-04T13:00:00+00:00,2026-08-06T13:00:00+00:00,76,19.227593444640956,1.2431423738009353,20,27.1141629613868,2.0933603937883536,-10.905740492461625,1.577666842590997,True
S72_SL4_TP15,6,2026-07-30T13:00:00+00:00,2026-08-06T13:00:00+00:00,2026-08-06T13:00:00+00:00,2026-08-08T13:00:00+00:00,80,59.39483642763952,1.5145549494047834,20,71.10807964944024,10.186721759031608,-4.200000000000004,0.710293046715105,True
S72_SL4_TP15,7,2026-08-01T13:00:00+00:00,2026-08-08T13:00:00+00:00,2026-08-08T13:00:00+00:00,2026-08-10T13:00:00+00:00,80,123.75734176481123,1.855956079680568,21,51.18384153666664,2.9115040493736064,-11.327770759644352,0.030414746543772242,True
S72_SL4_TP15,8,2026-08-03T13:00:00+00:00,2026-08-10T13:00:00+00:00,2026-08-10T13:00:00+00:00,2026-08-12T13:00:00+00:00,76,196.8562935023742,2.6289111401015623,23,1.7033544051055616,1.125068059540292,-22.522220921580104,-0.27408372833224154,True
S72_SL4_TP15,9,2026-08-05T13:00:00+00:00,2026-08-12T13:00:00+00:00,2026-08-12T13:00:00+00:00,2026-08-14T13:00:00+00:00,84,88.93423438546215,1.5962263130456027,20,41.309384908883295,2.832026677589995,-8.223600000000008,0.9872936203936147,True
S72_SL4_TP15,10,2026-08-07T13:00:00+00:00,2026-08-14T13:00:00+00:00,2026-08-14T13:00:00+00:00,2026-08-16T13:00:00+00:00,78,75.48518345252468,1.6002539073638207,21,58.14477793172692,4.663723455010811,-6.32196751743307,-0.2,True
S72_SL4_TP15,11,2026-08-09T13:00:00+00:00,2026-08-16T13:00:00+00:00,2026-08-16T13:00:00+00:00,2026-08-18T13:00:00+00:00,81,79.88136732183695,1.6411424262964551,26,-13.485928508732759,0.8233577263632172,-25.336826086680333,-2.9735583684950715,False
S72_SL4_TP15,12,2026-08-11T13:00:00+00:00,2026-08-18T13:00:00+00:00,2026-08-18T13:00:00+00:00,2026-08-20T13:00:00+00:00,81,550.1173539179315,3.4736421076121284,17,108.84242798562612,5.2609665007634865,-15.963399690602653,0.41259706643657096,True
S72_SL5_TP8,0,2026-07-18T13:00:00+00:00,2026-07-25T13:00:00+00:00,2026-07-25T13:00:00+00:00,2026-07-27T13:00:00+00:00,61,-51.95956208303083,0.5300758699563288,4,4.278433162951822,inf,0.0,0.6698176663097468,True
S72_SL5_TP8,1,2026-07-20T13:00:00+00:00,2026-07-27T13:00:00+00:00,2026-07-27T13:00:00+00:00,2026-07-29T13:00:00+00:00,50,-48.990811715009876,0.41511107209824916,18,-28.149258577761927,0.26807600583078595,-31.43036479551592,-1.8385619298424358,False
S72_SL5_TP8,2,2026-07-22T13:00:00+00:00,2026-07-29T13:00:00+00:00,2026-07-29T13:00:00+00:00,2026-07-31T13:00:00+00:00,50,-48.6319096670362,0.3540220046599277,16,9.140920359579297,1.6103928387038806,-13.80187094586307,-0.2109869868789525,True
S72_SL5_TP8,3,2026-07-24T13:00:00+00:00,2026-07-31T13:00:00+00:00,2026-07-31T13:00:00+00:00,2026-08-02T13:00:00+00:00,56,-18.23201406416286,0.8079291335887142,21,33.35896766694897,3.8650404322206704,-5.200000000000005,-0.07838776928421592,True
S72_SL5_TP8,4,2026-07-26T13:00:00+00:00,2026-08-02T13:00:00+00:00,2026-08-02T13:00:00+00:00,2026-08-04T13:00:00+00:00,69,0.4656918352046846,1.0577041934501463,23,23.049978939619287,1.8980949691487188,-10.129600000000016,0.4576243321002817,True
S72_SL5_TP8,5,2026-07-28T13:00:00+00:00,2026-08-04T13:00:00+00:00,2026-08-04T13:00:00+00:00,2026-08-06T13:00:00+00:00,79,-16.288637823410244,0.894613175038025,21,42.932415699695014,2.802915265651254,-14.854772581013675,2.349575070821519,True
S72_SL5_TP8,6,2026-07-30T13:00:00+00:00,2026-08-06T13:00:00+00:00,2026-08-06T13:00:00+00:00,2026-08-08T13:00:00+00:00,84,21.140265055737963,1.2059994466985515,22,59.61323130435838,4.446118620513666,-5.199999999999994,0.4434870299125595,True
S72_SL5_TP8,7,2026-08-01T13:00:00+00:00,2026-08-08T13:00:00+00:00,2026-08-08T13:00:00+00:00,2026-08-10T13:00:00+00:00,84,132.3802365179651,1.8985411862287198,21,37.83171397576166,2.654707475678393,-11.771480091113206,1.1724987172909265,True
S72_SL5_TP8,8,2026-08-03T13:00:00+00:00,2026-08-10T13:00:00+00:00,2026-08-10T13:00:00+00:00,2026-08-12T13:00:00+00:00,80,238.74036154979544,2.988810125782688,23,-8.305866291914498,0.7964193232810093,-24.105172156549237,-0.27408372833224154,False
S72_SL5_TP8,9,2026-08-05T13:00:00+00:00,2026-08-12T13:00:00+00:00,2026-08-12T13:00:00+00:00,2026-08-14T13:00:00+00:00,84,-10.525602901810904,0.9771272154090377,21,26.07431434053682,2.018811775698638,-7.732590912371107,0.5462686567164312,True
S72_SL5_TP8,10,2026-08-07T13:00:00+00:00,2026-08-14T13:00:00+00:00,2026-08-14T13:00:00+00:00,2026-08-16T13:00:00+00:00,79,134.79453049418808,2.105145343650413,24,71.4684859370332,4.1676928312357395,-5.200000000000015,0.5677585025854583,True
S72_SL5_TP8,11,2026-08-09T13:00:00+00:00,2026-08-16T13:00:00+00:00,2026-08-16T13:00:00+00:00,2026-08-18T13:00:00+00:00,80,51.96381897783549,1.4602749142069245,28,-14.974101535391437,0.8223562441355617,-33.58474429533141,-1.3466142743378648,False
S72_SL5_TP8,12,2026-08-11T13:00:00+00:00,2026-08-18T13:00:00+00:00,2026-08-18T13:00:00+00:00,2026-08-20T13:00:00+00:00,90,173.9828297319757,1.8478795653798938,18,29.006844327005354,2.0418833462424875,-14.802860800000007,0.4081788161232393,True
S72_SL5_TP10,0,2026-07-18T13:00:00+00:00,2026-07-25T13:00:00+00:00,2026-07-25T13:00:00+00:00,2026-07-27T13:00:00+00:00,61,-46.358576264632156,0.6131763861564885,4,4.278433162951822,inf,0.0,0.6698176663097468,True
S72_SL5_TP10,1,2026-07-20T13:00:00+00:00,2026-07-27T13:00:00+00:00,2026-07-27T13:00:00+00:00,2026-07-29T13:00:00+00:00,49,-52.3840252997948,0.36996432480658314,18,-26.816220703508886,0.3142550833089835,-31.430364795515896,-1.8385619298424358,False
S72_SL5_TP10,2,2026-07-22T13:00:00+00:00,2026-07-29T13:00:00+00:00,2026-07-29T13:00:00+00:00,2026-07-31T13:00:00+00:00,50,-52.247340365239005,0.31586252895811384,15,-13.091886174870437,0.3741117341299404,-15.009456694739198,-0.21998201618542695,False
S72_SL5_TP10,3,2026-07-24T13:00:00+00:00,2026-07-31T13:00:00+00:00,2026-07-31T13:00:00+00:00,2026-08-02T13:00:00+00:00,57,-35.54011915503173,0.5879718690569895,21,36.02455393209152,3.1175543610814245,-9.758339046185982,-0.07838776928421592,True
S72_SL5_TP10,4,2026-07-26T13:00:00+00:00,2026-08-02T13:00:00+00:00,2026-08-02T13:00:00+00:00,2026-08-04T13:00:00+00:00,69,-36.7353316180302,0.6132808852339083,23,47.11481260312698,2.648002100420113,-10.129600000000016,0.4576243321002817,True
S72_SL5_TP10,5,2026-07-28T13:00:00+00:00,2026-08-04T13:00:00+00:00,2026-08-04T13:00:00+00:00,2026-08-06T13:00:00+00:00,77,-12.27458882812915,0.9452996618389147,21,26.669155598995008,1.8976086069152434,-17.292724173266027,1.8168967158495921,True
S72_SL5_TP10,6,2026-07-30T13:00:00+00:00,2026-08-06T13:00:00+00:00,2026-08-06T13:00:00+00:00,2026-08-08T13:00:00+00:00,80,29.424733325398677,1.2754801013885124,23,48.642803106861464,3.528610728210044,-5.200000000000005,-0.10843104927380481,True
S72_SL5_TP10,7,2026-08-01T13:00:00+00:00,2026-08-08T13:00:00+00:00,2026-08-08T13:00:00+00:00,2026-08-10T13:00:00+00:00,80,113.28250820651382,1.8356249505706137,20,25.945251479405783,2.2401108235496117,-17.578811749827416,-0.08479262672811388,True
S72_SL5_TP10,8,2026-08-03T13:00:00+00:00,2026-08-10T13:00:00+00:00,2026-08-10T13:00:00+00:00,2026-08-12T13:00:00+00:00,81,268.816957263646,2.7599058706231774,24,-9.818584519275209,0.7928981059901451,-24.10517215654926,-0.45562880535918704,False
S72_SL5_TP10,9,2026-08-05T13:00:00+00:00,2026-08-12T13:00:00+00:00,2026-08-12T13:00:00+00:00,2026-08-14T13:00:00+00:00,81,14.294652043386623,1.1680807241442788,20,35.86193265438524,2.676415226670125,-7.732590912371107,0.9872936203936147,True
S72_SL5_TP10,10,2026-08-07T13:00:00+00:00,2026-08-14T13:00:00+00:00,2026-08-14T13:00:00+00:00,2026-08-16T13:00:00+00:00,77,148.51176994501384,2.176879775086655,20,53.0122203893161,4.529660533705828,-5.200000000000015,0.18059640858347786,True
S72_SL5_TP10,11,2026-08-09T13:00:00+00:00,2026-08-16T13:00:00+00:00,2026-08-16T13:00:00+00:00,2026-08-18T13:00:00+00:00,79,79.67101593432626,1.5875038846557816,27,-23.960379318279035,0.6907006682480789,-40.00162901443953,-3.55463258785943,False
S72_SL5_TP10,12,2026-08-11T13:00:00+00:00,2026-08-18T13:00:00+00:00,2026-08-18T13:00:00+00:00,2026-08-20T13:00:00+00:00,83,365.1649986473051,3.064089295547709,18,44.05032005429934,2.487391284362986,-14.802860800000007,0.4081788161232393,True
S72_SL5_TP12,0,2026-07-18T13:00:00+00:00,2026-07-25T13:00:00+00:00,2026-07-25T13:00:00+00:00,2026-07-27T13:00:00+00:00,59,-39.30153244205935,0.6833395909615911,4,4.278433162951822,inf,0.0,0.6698176663097468,True
S72_SL5_TP12,1,2026-07-20T13:00:00+00:00,2026-07-27T13:00:00+00:00,2026-07-27T13:00:00+00:00,2026-07-29T13:00:00+00:00,48,-51.41105475876455,0.3698152193212907,18,-25.475725908306114,0.36051729449373576,-27.31823959515044,-1.8385619298424358,False
S72_SL5_TP12,2,2026-07-22T13:00:00+00:00,2026-07-29T13:00:00+00:00,2026-07-29T13:00:00+00:00,2026-07-31T13:00:00+00:00,50,-55.024397096032615,0.2540951398393394,15,-13.091886174870437,0.3741117341299404,-15.009456694739198,-0.21998201618542695,False
S72_SL5_TP12,3,2026-07-24T13:00:00+00:00,2026-07-31T13:00:00+00:00,2026-07-31T13:00:00+00:00,2026-08-02T13:00:00+00:00,56,-43.71778532029153,0.4421490556728088,21,42.83697890904787,3.835117532611087,-7.535515053584751,0.10232238559846357,True
S72_SL5_TP12,4,2026-07-26T13:00:00+00:00,2026-08-02T13:00:00+00:00,2026-08-02T13:00:00+00:00,2026-08-04T13:00:00+00:00,69,-27.81968973926595,0.7208552108571851,22,49.706557953563646,2.9622160577852332,-10.129600000000028,0.41858324689627596,True
S72_SL5_TP12,5,2026-07-28T13:00:00+00:00,2026-08-04T13:00:00+00:00,2026-08-04T13:00:00+00:00,2026-08-06T13:00:00+00:00,74,17.337996684814815,1.2292224097299496,21,31.325723573344355,2.0357830396524186,-17.292724173266016,1.8168967158495921,True
S72_SL5_TP12,6,2026-07-30T13:00:00+00:00,2026-08-06T13:00:00+00:00,2026-08-06T13:00:00+00:00,2026-08-08T13:00:00+00:00,79,3.7731960276756515,1.0954310099886588,21,43.37417069131399,3.104010647346882,-6.1105125475285345,0.3496921723834758,True
S72_SL5_TP12,7,2026-08-01T13:00:00+00:00,2026-08-08T13:00:00+00:00,2026-08-08T13:00:00+00:00,2026-08-10T13:00:00+00:00,80,89.73984565267689,1.6619994766373045,20,29.34087904712699,2.236836324629724,-19.818441877884762,-0.10642079525480225,True
S72_SL5_TP12,8,2026-08-03T13:00:00+00:00,2026-08-10T13:00:00+00:00,2026-08-10T13:00:00+00:00,2026-08-12T13:00:00+00:00,76,255.83502688687977,2.7550069238554555,23,-1.3748589766788832,1.0253110412481445,-24.10517215654926,-0.27408372833224154,False
S72_SL5_TP12,9,2026-08-05T13:00:00+00:00,2026-08-12T13:00:00+00:00,2026-08-12T13:00:00+00:00,2026-08-14T13:00:00+00:00,83,1.7343900136427504,1.0832774686862867,20,38.710489103592515,2.794002290918003,-7.732590912371107,0.9872936203936147,True
S72_SL5_TP12,10,2026-08-07T13:00:00+00:00,2026-08-14T13:00:00+00:00,2026-08-14T13:00:00+00:00,2026-08-16T13:00:00+00:00,76,100.64899373952242,1.874044424372618,21,55.91658300141844,3.6634245602709,-5.200000000000015,-0.11245987744381553,True
S72_SL5_TP12,11,2026-08-09T13:00:00+00:00,2026-08-16T13:00:00+00:00,2026-08-16T13:00:00+00:00,2026-08-18T13:00:00+00:00,76,57.02784380204802,1.5242133812738632,24,-0.19729100453940163,1.0723574215465643,-23.432990212403237,-0.7233866334435122,False
S72_SL5_TP12,12,2026-08-11T13:00:00+00:00,2026-08-18T13:00:00+00:00,2026-08-18T13:00:00+00:00,2026-08-20T13:00:00+00:00,80,245.1885036183636,2.3300029281789847,18,60.52807882666074,2.9328992224834844,-19.417676096642012,0.4081788161232393,True
S72_SL5_TP15,0,2026-07-18T13:00:00+00:00,2026-07-25T13:00:00+00:00,2026-07-25T13:00:00+00:00,2026-07-27T13:00:00+00:00,58,-30.09896526214191,0.7861542233219306,4,4.278433162951822,inf,0.0,0.6698176663097468,True
S72_SL5_TP15,1,2026-07-20T13:00:00+00:00,2026-07-27T13:00:00+00:00,2026-07-27T13:00:00+00:00,2026-07-29T13:00:00+00:00,48,-51.41105475876455,0.3698152193212907,18,-36.72424493218729,0.07877708551990084,-38.28865392749539,-2.525097871316367,False
S72_SL5_TP15,2,2026-07-22T13:00:00+00:00,2026-07-29T13:00:00+00:00,2026-07-29T13:00:00+00:00,2026-07-31T13:00:00+00:00,50,-55.024397096032615,0.2540951398393394,15,-13.091886174870437,0.3741117341299404,-15.009456694739198,-0.21998201618542695,False
S72_SL5_TP15,3,2026-07-24T13:00:00+00:00,2026-07-31T13:00:00+00:00,2026-07-31T13:00:00+00:00,2026-08-02T13:00:00+00:00,55,-52.505241462081976,0.2995838612804004,21,54.6467899153585,4.503106333361063,-7.535515053584763,0.10232238559846357,True
S72_SL5_TP15,4,2026-07-26T13:00:00+00:00,2026-08-02T13:00:00+00:00,2026-08-02T13:00:00+00:00,2026-08-04T13:00:00+00:00,69,-25.18519953985191,0.7589172664693146,23,12.5188481080855,1.4337185406574118,-18.95354603255179,-0.03509290899510448,True
S72_SL5_TP15,5,2026-07-28T13:00:00+00:00,2026-08-04T13:00:00+00:00,2026-08-04T13:00:00+00:00,2026-08-06T13:00:00+00:00,72,18.145292733616824,1.250344996651124,21,38.468175985263684,2.24304468875818,-17.292724173266027,1.8168967158495921,True
S72_SL5_TP15,6,2026-07-30T13:00:00+00:00,2026-08-06T13:00:00+00:00,2026-08-06T13:00:00+00:00,2026-08-08T13:00:00+00:00,81,44.78915484593229,1.3655394146367743,20,66.17683449166645,7.620272569504254,-5.199999999999994,0.710293046715105,True
S72_SL5_TP15,7,2026-08-01T13:00:00+00:00,2026-08-08T13:00:00+00:00,2026-08-08T13:00:00+00:00,2026-08-10T13:00:00+00:00,78,142.18520249687452,1.9526188534698483,20,36.73454122166142,2.391153510047586,-21.70812979843325,-0.10642079525480225,True
S72_SL5_TP15,8,2026-08-03T13:00:00+00:00,2026-08-10T13:00:00+00:00,2026-08-10T13:00:00+00:00,2026-08-12T13:00:00+00:00,75,211.6924611055387,2.5503083268383975,23,1.8265335967088348,1.1286731796544733,-24.10517215654926,-0.27408372833224154,True
S72_SL5_TP15,9,2026-08-05T13:00:00+00:00,2026-08-12T13:00:00+00:00,2026-08-12T13:00:00+00:00,2026-08-14T13:00:00+00:00,81,36.31082375147836,1.3063808878789045,20,42.432595251273874,2.9475955753790757,-7.732590912371107,0.9872936203936147,True
S72_SL5_TP15,10,2026-08-07T13:00:00+00:00,2026-08-14T13:00:00+00:00,2026-08-14T13:00:00+00:00,2026-08-16T13:00:00+00:00,73,81.10087169684894,1.8274212698675252,20,65.07805629616593,6.768920564354712,-6.32196751743307,-0.15622993872190777,True
S72_SL5_TP15,11,2026-08-09T13:00:00+00:00,2026-08-16T13:00:00+00:00,2026-08-16T13:00:00+00:00,2026-08-18T13:00:00+00:00,75,93.00636220138487,1.832473363303177,24,-27.506682876669153,0.5596293950900958,-38.33714323475766,-2.65087466242479,False
S72_SL5_TP15,12,2026-08-11T13:00:00+00:00,2026-08-18T13:00:00+00:00,2026-08-18T13:00:00+00:00,2026-08-20T13:00:00+00:00,77,423.8897452081283,3.183410510134019,17,76.93606871997119,3.365434567418965,-19.417676096642012,0.40376056580990766,True
S72_SL6_TP8,0,2026-07-18T13:00:00+00:00,2026-07-25T13:00:00+00:00,2026-07-25T13:00:00+00:00,2026-07-27T13:00:00+00:00,61,-58.68608971666753,0.48135145255832396,4,4.278433162951822,inf,0.0,0.6698176663097468,True
S72_SL6_TP8,1,2026-07-20T13:00:00+00:00,2026-07-27T13:00:00+00:00,2026-07-27T13:00:00+00:00,2026-07-29T13:00:00+00:00,49,-50.65595122290265,0.3935608320105992,16,-21.79465678137611,0.35267373928559087,-26.290883279507526,-0.3396407592841931,False
S72_SL6_TP8,2,2026-07-22T13:00:00+00:00,2026-07-29T13:00:00+00:00,2026-07-29T13:00:00+00:00,2026-07-31T13:00:00+00:00,49,-56.391922831300036,0.25323465959113534,15,13.913127456076047,2.176947147660282,-10.032841677815563,-0.2019999400017956,True
S72_SL6_TP8,3,2026-07-24T13:00:00+00:00,2026-07-31T13:00:00+00:00,2026-07-31T13:00:00+00:00,2026-08-02T13:00:00+00:00,56,-25.137774231893918,0.7344565829577396,21,31.952227501685805,3.5303859878989274,-6.2000000000000055,-0.07838776928421592,True
S72_SL6_TP8,4,2026-07-26T13:00:00+00:00,2026-08-02T13:00:00+00:00,2026-08-02T13:00:00+00:00,2026-08-04T13:00:00+00:00,68,-4.276955265369143,1.0002987098688516,25,3.2555521824456646,1.1427429615981728,-20.58699997972273,-0.03509290899510448,True
S72_SL6_TP8,5,2026-07-28T13:00:00+00:00,2026-08-04T13:00:00+00:00,2026-08-04T13:00:00+00:00,2026-08-06T13:00:00+00:00,73,-29.285242249772736,0.7475726130312965,20,29.686231170139067,2.2103449196884504,-15.831864806036588,2.0832358933355555,True
S72_SL6_TP8,6,2026-07-30T13:00:00+00:00,2026-08-06T13:00:00+00:00,2026-08-06T13:00:00+00:00,2026-08-08T13:00:00+00:00,80,-21.189721654380598,0.8892946872778441,22,57.92954742983978,4.154737474529124,-6.200000000000017,0.4434870299125595,True
S72_SL6_TP8,7,2026-08-01T13:00:00+00:00,2026-08-08T13:00:00+00:00,2026-08-08T13:00:00+00:00,2026-08-10T13:00:00+00:00,83,36.185287545623844,1.2978508602542962,21,36.37779294226207,2.5319370353980175,-12.702160680869412,1.1724987172909265,True
S72_SL6_TP8,8,2026-08-03T13:00:00+00:00,2026-08-10T13:00:00+00:00,2026-08-10T13:00:00+00:00,2026-08-12T13:00:00+00:00,80,179.67737356167012,2.4575924215145277,21,-4.347584402015192,0.9014962148276051,-18.195158292735456,-0.2,False
S72_SL6_TP8,9,2026-08-05T13:00:00+00:00,2026-08-12T13:00:00+00:00,2026-08-12T13:00:00+00:00,2026-08-14T13:00:00+00:00,80,-31.081524316019028,0.8129516561835786,21,22.126558243617488,1.800421013305129,-8.705875818358743,0.5462686567164312,True
S72_SL6_TP8,10,2026-08-07T13:00:00+00:00,2026-08-14T13:00:00+00:00,2026-08-14T13:00:00+00:00,2026-08-16T13:00:00+00:00,79,121.39564494078607,1.9593063491987184,23,55.72364272660546,3.3591494961320274,-6.615272605046663,0.47365269461077125,True
S72_SL6_TP8,11,2026-08-09T13:00:00+00:00,2026-08-16T13:00:00+00:00,2026-08-16T13:00:00+00:00,2026-08-18T13:00:00+00:00,80,122.8011656533588,1.9370546934601145,29,-5.473627559879491,0.9893153512123563,-30.776054462388057,-0.5006614552014452,False
S72_SL6_TP8,12,2026-08-11T13:00:00+00:00,2026-08-18T13:00:00+00:00,2026-08-18T13:00:00+00:00,2026-08-20T13:00:00+00:00,89,271.77789594370705,2.280510595842739,20,61.48113052764934,2.9189080916378214,-17.470632800000008,3.6914435904729537,True
S72_SL6_TP10,0,2026-07-18T13:00:00+00:00,2026-07-25T13:00:00+00:00,2026-07-25T13:00:00+00:00,2026-07-27T13:00:00+00:00,61,-53.86934291682613,0.5571086425314697,4,4.278433162951822,inf,0.0,0.6698176663097468,True
S72_SL6_TP10,1,2026-07-20T13:00:00+00:00,2026-07-27T13:00:00+00:00,2026-07-27T13:00:00+00:00,2026-07-29T13:00:00+00:00,48,-54.777406199828015,0.3318550414469305,16,-20.343722769898896,0.40834722140644925,-26.290883279507515,-0.3396407592841931,False
S72_SL6_TP10,2,2026-07-22T13:00:00+00:00,2026-07-29T13:00:00+00:00,2026-07-29T13:00:00+00:00,2026-07-31T13:00:00+00:00,49,-59.78660314496452,0.2217228087620965,14,-10.562962090559846,0.43175349967599247,-11.603883171625107,-0.21997802497076818,False
S72_SL6_TP10,3,2026-07-24T13:00:00+00:00,2026-07-31T13:00:00+00:00,2026-07-31T13:00:00+00:00,2026-08-02T13:00:00+00:00,55,-42.15453695390454,0.49258220762443655,21,33.16997323904995,2.7628828397785945,-11.652130245055615,-0.07838776928421592,True
S72_SL6_TP10,4,2026-07-26T13:00:00+00:00,2026-08-02T13:00:00+00:00,2026-08-02T13:00:00+00:00,2026-08-04T13:00:00+00:00,70,-47.268811292142686,0.5427031141783446,26,9.729710958806258,1.292671181775294,-17.470632800000008,-0.11154663449214325,True
S72_SL6_TP10,5,2026-07-28T13:00:00+00:00,2026-08-04T13:00:00+00:00,2026-08-04T13:00:00+00:00,2026-08-06T13:00:00+00:00,76,0.047865107315892,1.0609389600101442,20,21.67108042766044,1.9015058724697307,-13.757214610680613,1.577666842590997,True
S72_SL6_TP10,6,2026-07-30T13:00:00+00:00,2026-08-06T13:00:00+00:00,2026-08-06T13:00:00+00:00,2026-08-08T13:00:00+00:00,83,-25.773737259090378,0.8702091217644097,23,45.52341867484002,3.1519610673846477,-6.200000000000017,-0.10843104927380481,True
S72_SL6_TP10,7,2026-08-01T13:00:00+00:00,2026-08-08T13:00:00+00:00,2026-08-08T13:00:00+00:00,2026-08-10T13:00:00+00:00,81,20.173000492621675,1.2043991151521367,20,24.616715071395202,2.134219361183038,-18.448233566812355,-0.08479262672811388,True
S72_SL6_TP10,8,2026-08-03T13:00:00+00:00,2026-08-10T13:00:00+00:00,2026-08-10T13:00:00+00:00,2026-08-12T13:00:00+00:00,76,182.08295949290863,2.5876910928964847,22,-6.917950084840607,0.8574838112665536,-18.195158292735456,-0.23704186416612077,False
S72_SL6_TP10,9,2026-08-05T13:00:00+00:00,2026-08-12T13:00:00+00:00,2026-08-12T13:00:00+00:00,2026-08-14T13:00:00+00:00,81,7.97358992050381,1.1206813730738752,20,33.01076469489943,2.427817576263078,-8.705875818358743,0.9872936203936147,True
S72_SL6_TP10,10,2026-08-07T13:00:00+00:00,2026-08-14T13:00:00+00:00,2026-08-14T13:00:00+00:00,2026-08-16T13:00:00+00:00,76,151.67686009500173,2.2674335277460185,20,51.398167431622866,4.20037717382048,-6.200000000000017,0.18059640858347786,True
S72_SL6_TP10,11,2026-08-09T13:00:00+00:00,2026-08-16T13:00:00+00:00,2026-08-16T13:00:00+00:00,2026-08-18T13:00:00+00:00,76,139.21712352245174,2.127739869995513,24,12.189574666087278,1.2933878830531413,-25.539843167805664,-0.4939283183396368,True
S72_SL6_TP10,12,2026-08-11T13:00:00+00:00,2026-08-18T13:00:00+00:00,2026-08-18T13:00:00+00:00,2026-08-20T13:00:00+00:00,82,187.40483831856002,2.086353845731316,19,73.52883634876815,3.224204990969721,-17.470632800000008,1.0334632876772611,True
S72_SL6_TP12,0,2026-07-18T13:00:00+00:00,2026-07-25T13:00:00+00:00,2026-07-25T13:00:00+00:00,2026-07-27T13:00:00+00:00,59,-46.09083643776592,0.6404887643084107,4,4.278433162951822,inf,0.0,0.6698176663097468,True
S72_SL6_TP12,1,2026-07-20T13:00:00+00:00,2026-07-27T13:00:00+00:00,2026-07-27T13:00:00+00:00,2026-07-29T13:00:00+00:00,47,-53.92338332469417,0.3291494280869052,15,-18.64867780602405,0.46792930402107824,-26.069038607405215,-0.37921146953405743,False
S72_SL6_TP12,2,2026-07-22T13:00:00+00:00,2026-07-29T13:00:00+00:00,2026-07-29T13:00:00+00:00,2026-07-31T13:00:00+00:00,49,-59.78660314496452,0.2217228087620965,14,-10.562962090559846,0.43175349967599247,-11.603883171625107,-0.21997802497076818,False
S72_SL6_TP12,3,2026-07-24T13:00:00+00:00,2026-07-31T13:00:00+00:00,2026-07-31T13:00:00+00:00,2026-08-02T13:00:00+00:00,55,-44.54338950134024,0.449126769045528,20,49.08255244962405,5.572096684040974,-6.200000000000017,0.20347406075550428,True
S72_SL6_TP12,4,2026-07-26T13:00:00+00:00,2026-08-02T13:00:00+00:00,2026-08-02T13:00:00+00:00,2026-08-04T13:00:00+00:00,70,-40.61170370365031,0.6198829236233202,24,13.059708481048204,1.4096951239889652,-20.40402852327057,-0.11154663449214325,True
S72_SL6_TP12,5,2026-07-28T13:00:00+00:00,2026-08-04T13:00:00+00:00,2026-08-04T13:00:00+00:00,2026-08-06T13:00:00+00:00,71,-3.8320337350870592,1.0274624613337575,20,23.887311400841902,1.985766874206969,-13.757214610680624,1.577666842590997,True
S72_SL6_TP12,6,2026-07-30T13:00:00+00:00,2026-08-06T13:00:00+00:00,2026-08-06T13:00:00+00:00,2026-08-08T13:00:00+00:00,79,-7.498596007668656,1.0116189497972914,20,51.65577919740891,4.4041939629792015,-6.200000000000017,0.4434870299125595,True
S72_SL6_TP12,7,2026-08-01T13:00:00+00:00,2026-08-08T13:00:00+00:00,2026-08-08T13:00:00+00:00,2026-08-10T13:00:00+00:00,80,48.29634362206647,1.3753694529069955,20,27.97652378291675,2.1431140534963866,-20.664238904489373,-0.10642079525480225,True
S72_SL6_TP12,8,2026-08-03T13:00:00+00:00,2026-08-10T13:00:00+00:00,2026-08-10T13:00:00+00:00,2026-08-12T13:00:00+00:00,72,160.60235682800968,2.478852392014669,21,2.8826228688249467,1.1689675970003803,-18.195158292735446,-0.2,True
S72_SL6_TP12,9,2026-08-05T13:00:00+00:00,2026-08-12T13:00:00+00:00,2026-08-12T13:00:00+00:00,2026-08-14T13:00:00+00:00,81,-18.897246464807772,0.9400396706428019,21,29.350632158964274,2.029273384020445,-8.705875818358743,0.5462686567164312,True
S72_SL6_TP12,10,2026-08-07T13:00:00+00:00,2026-08-14T13:00:00+00:00,2026-08-14T13:00:00+00:00,2026-08-16T13:00:00+00:00,74,93.99009305436228,1.8838242092508188,20,62.734064670158965,4.781936621704232,-6.200000000000017,0.18059640858347786,True
S72_SL6_TP12,11,2026-08-09T13:00:00+00:00,2026-08-16T13:00:00+00:00,2026-08-16T13:00:00+00:00,2026-08-18T13:00:00+00:00,76,110.3725225245444,1.7945180803412182,24,11.40838353414686,1.2889628640223132,-19.930817523209587,-0.4939283183396368,True
S72_SL6_TP12,12,2026-08-11T13:00:00+00:00,2026-08-18T13:00:00+00:00,2026-08-18T13:00:00+00:00,2026-08-20T13:00:00+00:00,80,339.31179386405887,2.558845464907259,17,60.39977505234568,2.9412468891499115,-22.764352467536654,0.41259706643657096,True
S72_SL6_TP15,0,2026-07-18T13:00:00+00:00,2026-07-25T13:00:00+00:00,2026-07-25T13:00:00+00:00,2026-07-27T13:00:00+00:00,58,-37.25574451238193,0.7370548136643199,4,4.278433162951822,inf,0.0,0.6698176663097468,True
S72_SL6_TP15,1,2026-07-20T13:00:00+00:00,2026-07-27T13:00:00+00:00,2026-07-27T13:00:00+00:00,2026-07-29T13:00:00+00:00,47,-53.92338332469417,0.3291494280869052,14,-26.406589325194453,0.14091281157377514,-29.863302829657712,-1.2850808478892084,False
S72_SL6_TP15,2,2026-07-22T13:00:00+00:00,2026-07-29T13:00:00+00:00,2026-07-29T13:00:00+00:00,2026-07-31T13:00:00+00:00,49,-59.78660314496452,0.2217228087620965,14,-10.562962090559846,0.43175349967599247,-11.603883171625107,-0.21997802497076818,False
S72_SL6_TP15,3,2026-07-24T13:00:00+00:00,2026-07-31T13:00:00+00:00,2026-07-31T13:00:00+00:00,2026-08-02T13:00:00+00:00,54,-53.20194239060714,0.3106205909343544,20,61.40874964460632,6.542627091514902,-6.2000000000000055,0.20347406075550428,True
S72_SL6_TP15,4,2026-07-26T13:00:00+00:00,2026-08-02T13:00:00+00:00,2026-08-02T13:00:00+00:00,2026-08-04T13:00:00+00:00,67,-30.59973627077778,0.7049694537969444,24,-14.202188025313456,0.7545196314370992,-27.387031445283206,-0.5536296285619078,False
S72_SL6_TP15,5,2026-07-28T13:00:00+00:00,2026-08-04T13:00:00+00:00,2026-08-04T13:00:00+00:00,2026-08-06T13:00:00+00:00,72,-16.816131238809607,0.9135520877270032,20,27.211657860614036,2.112158376812826,-13.757214610680602,1.577666842590997,True
S72_SL6_TP15,6,2026-07-30T13:00:00+00:00,2026-08-06T13:00:00+00:00,2026-08-06T13:00:00+00:00,2026-08-08T13:00:00+00:00,80,31.96129332847115,1.2988363579350128,20,64.42391429660663,6.78651106414826,-6.200000000000017,0.710293046715105,True
S72_SL6_TP15,7,2026-08-01T13:00:00+00:00,2026-08-08T13:00:00+00:00,2026-08-08T13:00:00+00:00,2026-08-10T13:00:00+00:00,79,52.79073341400746,1.4392898550964561,21,53.67708990752558,2.760064330429788,-12.914518207123859,0.030414746543772242,True
S72_SL6_TP15,8,2026-08-03T13:00:00+00:00,2026-08-10T13:00:00+00:00,2026-08-10T13:00:00+00:00,2026-08-12T13:00:00+00:00,73,114.75627803733835,2.0190056356684587,21,6.222214187685782,1.2897514080941657,-18.19515829273547,-0.2,True
S72_SL6_TP15,9,2026-08-05T13:00:00+00:00,2026-08-12T13:00:00+00:00,2026-08-12T13:00:00+00:00,2026-08-14T13:00:00+00:00,80,-3.7208610239214734,1.0580281332417332,21,36.385664668273975,2.2456291285453953,-8.705875818358743,0.5462686567164312,True
S72_SL6_TP15,10,2026-08-07T13:00:00+00:00,2026-08-14T13:00:00+00:00,2026-08-14T13:00:00+00:00,2026-08-16T13:00:00+00:00,71,53.915085695560514,1.5683578224035961,20,65.07805629616593,6.768920564354712,-6.32196751743307,-0.15622993872190777,True
S72_SL6_TP15,11,2026-08-09T13:00:00+00:00,2026-08-16T13:00:00+00:00,2026-08-16T13:00:00+00:00,2026-08-18T13:00:00+00:00,74,157.17657528298923,2.295469873503255,21,-19.459367201852096,0.6699612117124412,-34.957602184337524,-0.8638566912539611,False
S72_SL6_TP15,12,2026-08-11T13:00:00+00:00,2026-08-18T13:00:00+00:00,2026-08-18T13:00:00+00:00,2026-08-20T13:00:00+00:00,79,396.9448349408441,2.7963030520587684,17,88.02009247785362,3.6114108145126127,-22.764352467536654,0.41259706643657096,True
S75_SL4_TP8,0,2026-07-18T13:00:00+00:00,2026-07-25T13:00:00+00:00,2026-07-25T13:00:00+00:00,2026-07-27T13:00:00+00:00,44,-37.19665630250562,0.5457761199323645,3,2.126332255250696,3.869357880812795,-0.7474452554744437,0.11847133757962885,True
S75_SL4_TP8,1,2026-07-20T13:00:00+00:00,2026-07-27T13:00:00+00:00,2026-07-27T13:00:00+00:00,2026-07-29T13:00:00+00:00,39,-25.23655153240859,0.6351095957984494,20,-21.811271285534716,0.38544868068499694,-28.944307784516553,-0.26002603260987783,False
S75_SL4_TP8,2,2026-07-22T13:00:00+00:00,2026-07-29T13:00:00+00:00,2026-07-29T13:00:00+00:00,2026-07-31T13:00:00+00:00,47,-45.119348133429796,0.3307924100978341,20,1.341337364116968,1.0971040277552242,-13.996697218961952,-0.21997802497076818,True
S75_SL4_TP8,3,2026-07-24T13:00:00+00:00,2026-07-31T13:00:00+00:00,2026-07-31T13:00:00+00:00,2026-08-02T13:00:00+00:00,55,-21.761879964644958,0.7208987933596608,19,20.398180759520667,2.337289834441445,-12.052101753638622,-0.1800259662438906,True
S75_SL4_TP8,4,2026-07-26T13:00:00+00:00,2026-08-02T13:00:00+00:00,2026-08-02T13:00:00+00:00,2026-08-04T13:00:00+00:00,72,-19.847355843524962,0.808328209778787,24,37.212182104101885,2.522643421302844,-8.223599999999987,0.4690899438279163,True
S75_SL4_TP8,5,2026-07-28T13:00:00+00:00,2026-08-04T13:00:00+00:00,2026-08-04T13:00:00+00:00,2026-08-06T13:00:00+00:00,77,81.05533014716764,1.8537356412649213,20,36.830680912299286,2.836820164792461,-10.203600545455405,2.0832358933355555,True
S75_SL4_TP8,6,2026-07-30T13:00:00+00:00,2026-08-06T13:00:00+00:00,2026-08-06T13:00:00+00:00,2026-08-08T13:00:00+00:00,87,104.0406590440382,1.781353936531472,22,57.9952617423126,4.309076661917958,-4.200000000000004,0.4434870299125595,True
S75_SL4_TP8,7,2026-08-01T13:00:00+00:00,2026-08-08T13:00:00+00:00,2026-08-08T13:00:00+00:00,2026-08-10T13:00:00+00:00,88,108.21586441664795,1.7204253614671137,21,23.384254872902723,1.934273138269517,-17.380362715148067,0.33619302949061697,True
S75_SL4_TP8,8,2026-08-03T13:00:00+00:00,2026-08-10T13:00:00+00:00,2026-08-10T13:00:00+00:00,2026-08-12T13:00:00+00:00,83,186.41475733840971,2.5529762068431943,23,-8.416788355800763,0.777561649072349,-22.52222092158013,-0.27408372833224154,False
S75_SL4_TP8,9,2026-08-05T13:00:00+00:00,2026-08-12T13:00:00+00:00,2026-08-12T13:00:00+00:00,2026-08-14T13:00:00+00:00,84,23.176822135752694,1.2282939454757638,21,26.39951427510536,2.035513996870223,-8.223600000000008,0.5462686567164312,True
S75_SL4_TP8,10,2026-08-07T13:00:00+00:00,2026-08-14T13:00:00+00:00,2026-08-14T13:00:00+00:00,2026-08-16T13:00:00+00:00,83,53.63916602517853,1.4551220510878675,25,73.63480793658799,4.455626522271807,-7.342539731869913,0.47365269461077125,True
S75_SL4_TP8,11,2026-08-09T13:00:00+00:00,2026-08-16T13:00:00+00:00,2026-08-16T13:00:00+00:00,2026-08-18T13:00:00+00:00,83,47.71895271350546,1.424059249160266,33,-8.46739524729494,0.9289067966513079,-22.908898567259463,-1.7471167369901506,False
S75_SL4_TP8,12,2026-08-11T13:00:00+00:00,2026-08-18T13:00:00+00:00,2026-08-18T13:00:00+00:00,2026-08-20T13:00:00+00:00,93,341.75606843056954,2.52988716164954,20,75.70028422378236,4.157104215823722,-12.078208800000013,3.6914435904729537,True
S75_SL4_TP10,0,2026-07-18T13:00:00+00:00,2026-07-25T13:00:00+00:00,2026-07-25T13:00:00+00:00,2026-07-27T13:00:00+00:00,44,-36.54584733021213,0.5732458700301629,3,2.126332255250696,3.869357880812795,-0.7474452554744437,0.11847133757962885,True
S75_SL4_TP10,1,2026-07-20T13:00:00+00:00,2026-07-27T13:00:00+00:00,2026-07-27T13:00:00+00:00,2026-07-29T13:00:00+00:00,39,-28.309942914104536,0.6024993351583688,20,-20.36064552088788,0.437925100915724,-28.944307784516543,-0.26002603260987783,False
S75_SL4_TP10,2,2026-07-22T13:00:00+00:00,2026-07-29T13:00:00+00:00,2026-07-29T13:00:00+00:00,2026-07-31T13:00:00+00:00,47,-49.39306504114677,0.2698431027261952,20,-22.108467765154106,0.38938276515028764,-29.06053530524052,-1.1787405766489787,False
S75_SL4_TP10,3,2026-07-24T13:00:00+00:00,2026-07-31T13:00:00+00:00,2026-07-31T13:00:00+00:00,2026-08-02T13:00:00+00:00,54,-37.15610463478435,0.4874415065819173,20,0.1298640555181585,1.068692212518862,-25.38310204581836,-0.5908504050307792,True
S75_SL4_TP10,4,2026-07-26T13:00:00+00:00,2026-08-02T13:00:00+00:00,2026-08-02T13:00:00+00:00,2026-08-04T13:00:00+00:00,68,-11.878143836084087,0.902434563954667,23,51.61104223144821,3.0143768003567604,-8.223599999999998,0.4576243321002817,True
S75_SL4_TP10,5,2026-07-28T13:00:00+00:00,2026-08-04T13:00:00+00:00,2026-08-04T13:00:00+00:00,2026-08-06T13:00:00+00:00,76,25.58080757793808,1.2920857097694185,20,21.577831821953588,1.8845826741414136,-10.905740492461625,1.577666842590997,True
S75_SL4_TP10,6,2026-07-30T13:00:00+00:00,2026-08-06T13:00:00+00:00,2026-08-06T13:00:00+00:00,2026-08-08T13:00:00+00:00,82,41.14169980081701,1.3643003760129517,23,48.20626863555615,3.577237506535454,-5.736894943698834,0.3496921723834758,True
S75_SL4_TP10,7,2026-08-01T13:00:00+00:00,2026-08-08T13:00:00+00:00,2026-08-08T13:00:00+00:00,2026-08-10T13:00:00+00:00,82,104.20832482753859,1.8002063724991646,20,44.62900186838752,3.4827663205054464,-7.861148291566056,0.6014567319173494,True
S75_SL4_TP10,8,2026-08-03T13:00:00+00:00,2026-08-10T13:00:00+00:00,2026-08-10T13:00:00+00:00,2026-08-12T13:00:00+00:00,80,183.2894120330609,2.555138630596671,24,-8.977546660252356,0.7970805257867395,-22.522220921580114,-0.45562880535918704,False
S75_SL4_TP10,9,2026-08-05T13:00:00+00:00,2026-08-12T13:00:00+00:00,2026-08-12T13:00:00+00:00,2026-08-14T13:00:00+00:00,87,-0.260211193655846,1.055297044646968,20,34.7905379527345,2.571478728476203,-8.223600000000008,0.9872936203936147,True
S75_SL4_TP10,10,2026-08-07T13:00:00+00:00,2026-08-14T13:00:00+00:00,2026-08-14T13:00:00+00:00,2026-08-16T13:00:00+00:00,81,113.06942251545476,1.8526489055720354,21,52.56307215761691,4.7241799607636805,-7.342539731869923,-0.11245987744381553,True
S75_SL4_TP10,11,2026-08-09T13:00:00+00:00,2026-08-16T13:00:00+00:00,2026-08-16T13:00:00+00:00,2026-08-18T13:00:00+00:00,84,80.49631626093384,1.5873073508158229,29,9.836222469100298,1.237335098658454,-19.400264438391513,-0.6734350341925264,True
S75_SL4_TP10,12,2026-08-11T13:00:00+00:00,2026-08-18T13:00:00+00:00,2026-08-18T13:00:00+00:00,2026-08-20T13:00:00+00:00,86,240.0014183739031,2.4177649442958646,20,104.98461558727321,5.046185515947498,-12.078208800000013,3.6914435904729537,True
S75_SL4_TP12,0,2026-07-18T13:00:00+00:00,2026-07-25T13:00:00+00:00,2026-07-25T13:00:00+00:00,2026-07-27T13:00:00+00:00,44,-33.014864614139896,0.6346705124140538,3,2.126332255250696,3.869357880812795,-0.7474452554744437,0.11847133757962885,True
S75_SL4_TP12,1,2026-07-20T13:00:00+00:00,2026-07-27T13:00:00+00:00,2026-07-27T13:00:00+00:00,2026-07-29T13:00:00+00:00,39,-27.00411309468935,0.6284860002528794,20,-18.90190505682885,0.49053006035339664,-23.888611458667853,-0.26002603260987783,False
S75_SL4_TP12,2,2026-07-22T13:00:00+00:00,2026-07-29T13:00:00+00:00,2026-07-29T13:00:00+00:00,2026-07-31T13:00:00+00:00,47,-49.39306504114677,0.2698431027261952,20,-19.491100223710767,0.45403921144320286,-27.988461738560634,-0.4844348823432818,False
S75_SL4_TP12,3,2026-07-24T13:00:00+00:00,2026-07-31T13:00:00+00:00,2026-07-31T13:00:00+00:00,2026-08-02T13:00:00+00:00,54,-36.774821343134874,0.516703167790781,21,2.256193012136243,1.145510524016126,-24.291058184954515,-0.239964032370865,True
S75_SL4_TP12,4,2026-07-26T13:00:00+00:00,2026-08-02T13:00:00+00:00,2026-08-02T13:00:00+00:00,2026-08-04T13:00:00+00:00,71,-30.72552515822814,0.702778259365757,21,51.29309094819963,3.2237095854535296,-8.223600000000008,0.37954216169227023,True
S75_SL4_TP12,5,2026-07-28T13:00:00+00:00,2026-08-04T13:00:00+00:00,2026-08-04T13:00:00+00:00,2026-08-06T13:00:00+00:00,76,42.070172943394056,1.4514223080515225,20,23.79236427772686,1.96809376200019,-10.905740492461613,1.577666842590997,True
S75_SL4_TP12,6,2026-07-30T13:00:00+00:00,2026-08-06T13:00:00+00:00,2026-08-06T13:00:00+00:00,2026-08-08T13:00:00+00:00,84,138.53973318912628,1.9383484230172814,23,77.69723540909004,4.753322998834232,-5.8688552043176685,0.5372818874416432,True
S75_SL4_TP12,7,2026-08-01T13:00:00+00:00,2026-08-08T13:00:00+00:00,2026-08-08T13:00:00+00:00,2026-08-10T13:00:00+00:00,80,34.124819127444404,1.3405651001000995,20,47.34330342759074,3.2490710724012266,-10.364836392063548,0.6014567319173494,True
S75_SL4_TP12,8,2026-08-03T13:00:00+00:00,2026-08-10T13:00:00+00:00,2026-08-10T13:00:00+00:00,2026-08-12T13:00:00+00:00,76,190.4213587932662,2.6786969053586422,23,-1.4941654551959282,1.01696094503475,-22.522220921580104,-0.27408372833224154,False
S75_SL4_TP12,9,2026-08-05T13:00:00+00:00,2026-08-12T13:00:00+00:00,2026-08-12T13:00:00+00:00,2026-08-14T13:00:00+00:00,82,21.536575205855925,1.2224024615359081,20,37.61663094784977,2.6844554562441068,-8.223600000000008,0.9872936203936147,True
S75_SL4_TP12,10,2026-08-07T13:00:00+00:00,2026-08-14T13:00:00+00:00,2026-08-14T13:00:00+00:00,2026-08-16T13:00:00+00:00,76,111.82778975299507,1.9102735848242627,23,50.50062289567776,3.169717011885796,-7.53284692278402,-0.2,True
S75_SL4_TP12,11,2026-08-09T13:00:00+00:00,2026-08-16T13:00:00+00:00,2026-08-16T13:00:00+00:00,2026-08-18T13:00:00+00:00,82,164.7020056035163,2.0702134728963304,28,11.47565390616081,1.2752335410788238,-19.400264438391513,-1.2102758855913385,True
S75_SL4_TP12,12,2026-08-11T13:00:00+00:00,2026-08-18T13:00:00+00:00,2026-08-18T13:00:00+00:00,2026-08-20T13:00:00+00:00,87,281.80115511341,2.3089719174168706,18,89.47563368261812,4.643197041816892,-15.963399690602653,0.7230301770569161,True
S75_SL4_TP15,0,2026-07-18T13:00:00+00:00,2026-07-25T13:00:00+00:00,2026-07-25T13:00:00+00:00,2026-07-27T13:00:00+00:00,44,-27.476510364552542,0.7268074759898894,3,2.126332255250696,3.869357880812795,-0.7474452554744437,0.11847133757962885,True
S75_SL4_TP15,1,2026-07-20T13:00:00+00:00,2026-07-27T13:00:00+00:00,2026-07-27T13:00:00+00:00,2026-07-29T13:00:00+00:00,39,-25.045368365566524,0.667465997894645,20,-30.401689535948705,0.16347389294983178,-34.78111786887638,-1.5796577827113523,False
S75_SL4_TP15,2,2026-07-22T13:00:00+00:00,2026-07-29T13:00:00+00:00,2026-07-29T13:00:00+00:00,2026-07-31T13:00:00+00:00,47,-49.39306504114677,0.2698431027261952,18,-27.81524717684111,0.13656687317307253,-27.81524717684111,-1.1787405766489787,False
S75_SL4_TP15,3,2026-07-24T13:00:00+00:00,2026-07-31T13:00:00+00:00,2026-07-31T13:00:00+00:00,2026-08-02T13:00:00+00:00,53,-46.70096494540452,0.309555274376624,21,7.817631948395554,1.3475677271951247,-24.291058184954515,-0.239964032370865,True
S75_SL4_TP15,4,2026-07-26T13:00:00+00:00,2026-08-02T13:00:00+00:00,2026-08-02T13:00:00+00:00,2026-08-04T13:00:00+00:00,70,-30.97731822887949,0.6885144327942796,21,24.803363424950952,1.981001488124938,-12.0782088,-0.03509290899510448,True
S75_SL4_TP15,5,2026-07-28T13:00:00+00:00,2026-08-04T13:00:00+00:00,2026-08-04T13:00:00+00:00,2026-08-06T13:00:00+00:00,75,80.54323892826238,1.7150736534161493,20,27.1141629613868,2.0933603937883536,-10.905740492461625,1.577666842590997,True
S75_SL4_TP15,6,2026-07-30T13:00:00+00:00,2026-08-06T13:00:00+00:00,2026-08-06T13:00:00+00:00,2026-08-08T13:00:00+00:00,73,109.8318663346467,1.9893225351229227,20,71.10807964944024,10.186721759031608,-4.200000000000004,0.710293046715105,True
S75_SL4_TP15,7,2026-08-01T13:00:00+00:00,2026-08-08T13:00:00+00:00,2026-08-08T13:00:00+00:00,2026-08-10T13:00:00+00:00,78,87.97276599414847,1.6979292437767297,21,51.18384153666664,2.9115040493736064,-11.327770759644352,0.030414746543772242,True
S75_SL4_TP15,8,2026-08-03T13:00:00+00:00,2026-08-10T13:00:00+00:00,2026-08-10T13:00:00+00:00,2026-08-12T13:00:00+00:00,76,196.8562935023742,2.6289111401015623,23,1.7033544051055616,1.125068059540292,-22.522220921580104,-0.27408372833224154,True
S75_SL4_TP15,9,2026-08-05T13:00:00+00:00,2026-08-12T13:00:00+00:00,2026-08-12T13:00:00+00:00,2026-08-14T13:00:00+00:00,84,88.93423438546215,1.5962263130456027,20,41.309384908883295,2.832026677589995,-8.223600000000008,0.9872936203936147,True
S75_SL4_TP15,10,2026-08-07T13:00:00+00:00,2026-08-14T13:00:00+00:00,2026-08-14T13:00:00+00:00,2026-08-16T13:00:00+00:00,78,75.48518345252468,1.6002539073638207,21,58.14477793172692,4.663723455010811,-6.32196751743307,-0.2,True
S75_SL4_TP15,11,2026-08-09T13:00:00+00:00,2026-08-16T13:00:00+00:00,2026-08-16T13:00:00+00:00,2026-08-18T13:00:00+00:00,81,79.88136732183695,1.6411424262964551,26,-13.485928508732759,0.8233577263632172,-25.336826086680333,-2.9735583684950715,False
S75_SL4_TP15,12,2026-08-11T13:00:00+00:00,2026-08-18T13:00:00+00:00,2026-08-18T13:00:00+00:00,2026-08-20T13:00:00+00:00,82,426.8114865514352,2.9196862222823565,17,108.84242798562612,5.2609665007634865,-15.963399690602653,0.41259706643657096,True
S75_SL5_TP8,0,2026-07-18T13:00:00+00:00,2026-07-25T13:00:00+00:00,2026-07-25T13:00:00+00:00,2026-07-27T13:00:00+00:00,43,-41.912434721357585,0.5066631196239313,3,2.126332255250696,3.869357880812795,-0.7474452554744437,0.11847133757962885,True
S75_SL5_TP8,1,2026-07-20T13:00:00+00:00,2026-07-27T13:00:00+00:00,2026-07-27T13:00:00+00:00,2026-07-29T13:00:00+00:00,39,-32.797948962913324,0.5572636803033327,18,-27.09976194500412,0.27728887022447585,-31.272367680613854,-1.1954751131221797,False
S75_SL5_TP8,2,2026-07-22T13:00:00+00:00,2026-07-29T13:00:00+00:00,2026-07-29T13:00:00+00:00,2026-07-31T13:00:00+00:00,43,-42.62621303673938,0.34189382007037766,16,11.077046188547058,1.754152876408874,-13.80187094586306,0.031982201798136545,True
S75_SL5_TP8,3,2026-07-24T13:00:00+00:00,2026-07-31T13:00:00+00:00,2026-07-31T13:00:00+00:00,2026-08-02T13:00:00+00:00,52,-30.715345149976336,0.5990246739584081,19,17.897767444903344,2.0611884698198684,-13.878591941285624,-0.1800259662438906,True
S75_SL5_TP8,4,2026-07-26T13:00:00+00:00,2026-08-02T13:00:00+00:00,2026-08-02T13:00:00+00:00,2026-08-04T13:00:00+00:00,68,-11.541848877522643,0.908713385553039,23,30.529367588551825,2.107891882126884,-10.129600000000016,0.4576243321002817,True
S75_SL5_TP8,5,2026-07-28T13:00:00+00:00,2026-08-04T13:00:00+00:00,2026-08-04T13:00:00+00:00,2026-08-06T13:00:00+00:00,77,68.61587058054386,1.6713686985453207,21,42.932415699695014,2.802915265651254,-14.854772581013675,2.349575070821519,True
S75_SL5_TP8,6,2026-07-30T13:00:00+00:00,2026-08-06T13:00:00+00:00,2026-08-06T13:00:00+00:00,2026-08-08T13:00:00+00:00,84,-16.605635219667747,0.9284601830230758,22,59.61323130435838,4.446118620513666,-5.199999999999994,0.4434870299125595,True
S75_SL5_TP8,7,2026-08-01T13:00:00+00:00,2026-08-08T13:00:00+00:00,2026-08-08T13:00:00+00:00,2026-08-10T13:00:00+00:00,84,50.90380019759762,1.4011743021518643,21,37.83171397576166,2.654707475678393,-11.771480091113206,1.1724987172909265,True
S75_SL5_TP8,8,2026-08-03T13:00:00+00:00,2026-08-10T13:00:00+00:00,2026-08-10T13:00:00+00:00,2026-08-12T13:00:00+00:00,80,238.74036154979544,2.988810125782688,23,-8.305866291914498,0.7964193232810093,-24.105172156549237,-0.27408372833224154,False
S75_SL5_TP8,9,2026-08-05T13:00:00+00:00,2026-08-12T13:00:00+00:00,2026-08-12T13:00:00+00:00,2026-08-14T13:00:00+00:00,84,-10.525602901810904,0.9771272154090377,21,26.07431434053682,2.018811775698638,-7.732590912371107,0.5462686567164312,True
S75_SL5_TP8,10,2026-08-07T13:00:00+00:00,2026-08-14T13:00:00+00:00,2026-08-14T13:00:00+00:00,2026-08-16T13:00:00+00:00,78,117.80568691483123,2.012172684236248,24,71.4684859370332,4.1676928312357395,-5.200000000000015,0.5677585025854583,True
S75_SL5_TP8,11,2026-08-09T13:00:00+00:00,2026-08-16T13:00:00+00:00,2026-08-16T13:00:00+00:00,2026-08-18T13:00:00+00:00,80,51.96381897783549,1.4602749142069245,28,-14.974101535391437,0.8223562441355617,-33.58474429533141,-1.3466142743378648,False
S75_SL5_TP8,12,2026-08-11T13:00:00+00:00,2026-08-18T13:00:00+00:00,2026-08-18T13:00:00+00:00,2026-08-20T13:00:00+00:00,90,173.9828297319757,1.8478795653798938,18,29.006844327005354,2.0418833462424875,-14.802860800000007,0.4081788161232393,True
S75_SL5_TP10,0,2026-07-18T13:00:00+00:00,2026-07-25T13:00:00+00:00,2026-07-25T13:00:00+00:00,2026-07-27T13:00:00+00:00,43,-41.310493702992176,0.5332211048183043,3,2.126332255250696,3.869357880812795,-0.7474452554744437,0.11847133757962885,True
S75_SL5_TP10,1,2026-07-20T13:00:00+00:00,2026-07-27T13:00:00+00:00,2026-07-27T13:00:00+00:00,2026-07-29T13:00:00+00:00,39,-35.80783636930239,0.5299737754562978,18,-25.747252890180427,0.32505496619511126,-31.272367680613833,-1.1954751131221797,False
S75_SL5_TP10,2,2026-07-22T13:00:00+00:00,2026-07-29T13:00:00+00:00,2026-07-29T13:00:00+00:00,2026-07-31T13:00:00+00:00,43,-51.03431999092047,0.19469263858013922,16,-3.553446907577784,0.8904877225000501,-15.590482123736415,-0.21997802497076818,False
S75_SL5_TP10,3,2026-07-24T13:00:00+00:00,2026-07-31T13:00:00+00:00,2026-07-31T13:00:00+00:00,2026-08-02T13:00:00+00:00,51,-48.199318285451895,0.2974017073793707,20,12.449971220901901,1.5089613072896662,-16.59498874935059,-0.36706177290634057,True
S75_SL5_TP10,4,2026-07-26T13:00:00+00:00,2026-08-02T13:00:00+00:00,2026-08-02T13:00:00+00:00,2026-08-04T13:00:00+00:00,68,-23.174918571737923,0.7861540905627584,22,44.22694223241685,2.5247098459001602,-10.129600000000016,0.41858324689627596,True
S75_SL5_TP10,5,2026-07-28T13:00:00+00:00,2026-08-04T13:00:00+00:00,2026-08-04T13:00:00+00:00,2026-08-06T13:00:00+00:00,76,38.79576411380168,1.413940938348209,21,26.669155598995008,1.8976086069152434,-17.292724173266027,1.8168967158495921,True
S75_SL5_TP10,6,2026-07-30T13:00:00+00:00,2026-08-06T13:00:00+00:00,2026-08-06T13:00:00+00:00,2026-08-08T13:00:00+00:00,80,65.638833969855,1.5066245679930375,23,48.642803106861464,3.528610728210044,-5.200000000000005,-0.10843104927380481,True
S75_SL5_TP10,7,2026-08-01T13:00:00+00:00,2026-08-08T13:00:00+00:00,2026-08-08T13:00:00+00:00,2026-08-10T13:00:00+00:00,81,194.16358996906143,2.203840833786978,20,25.945251479405783,2.2401108235496117,-17.578811749827416,-0.08479262672811388,True
S75_SL5_TP10,8,2026-08-03T13:00:00+00:00,2026-08-10T13:00:00+00:00,2026-08-10T13:00:00+00:00,2026-08-12T13:00:00+00:00,81,268.816957263646,2.7599058706231774,24,-9.818584519275209,0.7928981059901451,-24.10517215654926,-0.45562880535918704,False
S75_SL5_TP10,9,2026-08-05T13:00:00+00:00,2026-08-12T13:00:00+00:00,2026-08-12T13:00:00+00:00,2026-08-14T13:00:00+00:00,81,14.294652043386623,1.1680807241442788,20,35.86193265438524,2.676415226670125,-7.732590912371107,0.9872936203936147,True
S75_SL5_TP10,10,2026-08-07T13:00:00+00:00,2026-08-14T13:00:00+00:00,2026-08-14T13:00:00+00:00,2026-08-16T13:00:00+00:00,77,148.51176994501384,2.176879775086655,23,74.87959341282848,4.309443952225882,-5.200000000000015,0.47365269461077125,True
S75_SL5_TP10,11,2026-08-09T13:00:00+00:00,2026-08-16T13:00:00+00:00,2026-08-16T13:00:00+00:00,2026-08-18T13:00:00+00:00,79,79.67101593432626,1.5875038846557816,27,-23.960379318279035,0.6907006682480789,-40.00162901443953,-3.55463258785943,False
S75_SL5_TP10,12,2026-08-11T13:00:00+00:00,2026-08-18T13:00:00+00:00,2026-08-18T13:00:00+00:00,2026-08-20T13:00:00+00:00,82,286.3180437174922,2.731136138379981,18,44.05032005429934,2.487391284362986,-14.802860800000007,0.4081788161232393,True
S75_SL5_TP12,0,2026-07-18T13:00:00+00:00,2026-07-25T13:00:00+00:00,2026-07-25T13:00:00+00:00,2026-07-27T13:00:00+00:00,43,-38.044645470363925,0.5903569995318313,3,2.126332255250696,3.869357880812795,-0.7474452554744437,0.11847133757962885,True
S75_SL5_TP12,1,2026-07-20T13:00:00+00:00,2026-07-27T13:00:00+00:00,2026-07-27T13:00:00+00:00,2026-07-29T13:00:00+00:00,39,-34.638580201165816,0.5528323085832033,18,-24.387177993980135,0.3729100088114537,-27.150767383642773,-1.192474603035465,False
S75_SL5_TP12,2,2026-07-22T13:00:00+00:00,2026-07-29T13:00:00+00:00,2026-07-29T13:00:00+00:00,2026-07-31T13:00:00+00:00,43,-51.03431999092047,0.19469263858013922,16,-7.201099929184207,0.7659343024943722,-18.82705436780946,-0.21997802497076818,False
S75_SL5_TP12,3,2026-07-24T13:00:00+00:00,2026-07-31T13:00:00+00:00,2026-07-31T13:00:00+00:00,2026-08-02T13:00:00+00:00,52,-38.3000015816729,0.49457131418171074,20,19.44602961546742,1.8112760269398234,-15.00455437001026,-0.19851238816359068,True
S75_SL5_TP12,4,2026-07-26T13:00:00+00:00,2026-08-02T13:00:00+00:00,2026-08-02T13:00:00+00:00,2026-08-04T13:00:00+00:00,68,-17.204874696372276,0.8738305835212157,21,46.767811505363376,2.8128055166136803,-10.129600000000028,0.37954216169227023,True
S75_SL5_TP12,5,2026-07-28T13:00:00+00:00,2026-08-04T13:00:00+00:00,2026-08-04T13:00:00+00:00,2026-08-06T13:00:00+00:00,73,19.647143875762964,1.2591229529145695,21,31.325723573344355,2.0357830396524186,-17.292724173266016,1.8168967158495921,True
S75_SL5_TP12,6,2026-07-30T13:00:00+00:00,2026-08-06T13:00:00+00:00,2026-08-06T13:00:00+00:00,2026-08-08T13:00:00+00:00,77,74.84191271564976,1.5907215369818453,21,43.37417069131399,3.104010647346882,-6.1105125475285345,0.3496921723834758,True
S75_SL5_TP12,7,2026-08-01T13:00:00+00:00,2026-08-08T13:00:00+00:00,2026-08-08T13:00:00+00:00,2026-08-10T13:00:00+00:00,77,41.110356534246215,1.3998150068892021,20,29.34087904712699,2.236836324629724,-19.818441877884762,-0.10642079525480225,True
S75_SL5_TP12,8,2026-08-03T13:00:00+00:00,2026-08-10T13:00:00+00:00,2026-08-10T13:00:00+00:00,2026-08-12T13:00:00+00:00,76,255.83502688687977,2.7550069238554555,23,-1.3748589766788832,1.0253110412481445,-24.10517215654926,-0.27408372833224154,False
S75_SL5_TP12,9,2026-08-05T13:00:00+00:00,2026-08-12T13:00:00+00:00,2026-08-12T13:00:00+00:00,2026-08-14T13:00:00+00:00,83,1.7343900136427504,1.0832774686862867,20,38.710489103592515,2.794002290918003,-7.732590912371107,0.9872936203936147,True
S75_SL5_TP12,10,2026-08-07T13:00:00+00:00,2026-08-14T13:00:00+00:00,2026-08-14T13:00:00+00:00,2026-08-16T13:00:00+00:00,76,100.64899373952242,1.874044424372618,20,64.46896941077902,5.156810613346597,-5.200000000000015,0.18059640858347786,True
S75_SL5_TP12,11,2026-08-09T13:00:00+00:00,2026-08-16T13:00:00+00:00,2026-08-16T13:00:00+00:00,2026-08-18T13:00:00+00:00,76,57.02784380204802,1.5242133812738632,24,-0.19729100453940163,1.0723574215465643,-23.432990212403237,-0.7233866334435122,False
S75_SL5_TP12,12,2026-08-11T13:00:00+00:00,2026-08-18T13:00:00+00:00,2026-08-18T13:00:00+00:00,2026-08-20T13:00:00+00:00,83,141.70280618553127,1.823236203758801,18,60.52807882666074,2.9328992224834844,-19.417676096642012,0.4081788161232393,True
S75_SL5_TP15,0,2026-07-18T13:00:00+00:00,2026-07-25T13:00:00+00:00,2026-07-25T13:00:00+00:00,2026-07-27T13:00:00+00:00,43,-32.92215524820742,0.676060841602121,3,2.126332255250696,3.869357880812795,-0.7474452554744437,0.11847133757962885,True
S75_SL5_TP15,1,2026-07-20T13:00:00+00:00,2026-07-27T13:00:00+00:00,2026-07-27T13:00:00+00:00,2026-07-29T13:00:00+00:00,39,-32.88469594896102,0.5871201082735615,17,-36.46829819779776,0.057485450614779,-38.117238914411146,-2.8592455163883757,False
S75_SL5_TP15,2,2026-07-22T13:00:00+00:00,2026-07-29T13:00:00+00:00,2026-07-29T13:00:00+00:00,2026-07-31T13:00:00+00:00,43,-51.03431999092047,0.19469263858013922,15,-16.99001164501509,0.3096851630332705,-18.82157258355366,-0.21998201618542695,False
S75_SL5_TP15,3,2026-07-24T13:00:00+00:00,2026-07-31T13:00:00+00:00,2026-07-31T13:00:00+00:00,2026-08-02T13:00:00+00:00,51,-57.05014815533408,0.17106391402442514,20,29.32186881332015,2.167083740054771,-11.77327608197566,-0.19851238816359068,True
S75_SL5_TP15,4,2026-07-26T13:00:00+00:00,2026-08-02T13:00:00+00:00,2026-08-02T13:00:00+00:00,2026-08-04T13:00:00+00:00,68,-25.654814449976882,0.7978786244097643,22,13.191112691307216,1.4595662367468976,-18.202966957984934,-0.11154663449214325,True
S75_SL5_TP15,5,2026-07-28T13:00:00+00:00,2026-08-04T13:00:00+00:00,2026-08-04T13:00:00+00:00,2026-08-06T13:00:00+00:00,74,22.025856948779744,1.267175622273089,21,38.468175985263684,2.24304468875818,-17.292724173266027,1.8168967158495921,True
S75_SL5_TP15,6,2026-07-30T13:00:00+00:00,2026-08-06T13:00:00+00:00,2026-08-06T13:00:00+00:00,2026-08-08T13:00:00+00:00,73,89.34172658043667,1.7396228510991465,20,66.17683449166645,7.620272569504254,-5.199999999999994,0.710293046715105,True
S75_SL5_TP15,7,2026-08-01T13:00:00+00:00,2026-08-08T13:00:00+00:00,2026-08-08T13:00:00+00:00,2026-08-10T13:00:00+00:00,78,88.03453054232888,1.6193588302361417,20,36.73454122166142,2.391153510047586,-21.70812979843325,-0.10642079525480225,True
S75_SL5_TP15,8,2026-08-03T13:00:00+00:00,2026-08-10T13:00:00+00:00,2026-08-10T13:00:00+00:00,2026-08-12T13:00:00+00:00,75,211.6924611055387,2.5503083268383975,23,1.8265335967088348,1.1286731796544733,-24.10517215654926,-0.27408372833224154,True
S75_SL5_TP15,9,2026-08-05T13:00:00+00:00,2026-08-12T13:00:00+00:00,2026-08-12T13:00:00+00:00,2026-08-14T13:00:00+00:00,81,36.31082375147836,1.3063808878789045,20,42.432595251273874,2.9475955753790757,-7.732590912371107,0.9872936203936147,True
S75_SL5_TP15,10,2026-08-07T13:00:00+00:00,2026-08-14T13:00:00+00:00,2026-08-14T13:00:00+00:00,2026-08-16T13:00:00+00:00,73,81.10087169684894,1.8274212698675252,20,65.07805629616593,6.768920564354712,-6.32196751743307,-0.15622993872190777,True
S75_SL5_TP15,11,2026-08-09T13:00:00+00:00,2026-08-16T13:00:00+00:00,2026-08-16T13:00:00+00:00,2026-08-18T13:00:00+00:00,75,93.00636220138487,1.832473363303177,24,-27.506682876669153,0.5596293950900958,-38.33714323475766,-2.65087466242479,False
S75_SL5_TP15,12,2026-08-11T13:00:00+00:00,2026-08-18T13:00:00+00:00,2026-08-18T13:00:00+00:00,2026-08-20T13:00:00+00:00,81,456.2971270824325,2.843284753099784,17,76.93606871997119,3.365434567418965,-19.417676096642012,0.40376056580990766,True
S75_SL6_TP8,0,2026-07-18T13:00:00+00:00,2026-07-25T13:00:00+00:00,2026-07-25T13:00:00+00:00,2026-07-27T13:00:00+00:00,41,-38.4017534408341,0.5426620599427513,3,2.126332255250696,3.869357880812795,-0.7474452554744437,0.11847133757962885,True
S75_SL6_TP8,1,2026-07-20T13:00:00+00:00,2026-07-27T13:00:00+00:00,2026-07-27T13:00:00+00:00,2026-07-29T13:00:00+00:00,38,-30.58943884364239,0.5856532717317396,16,-21.79465678137611,0.35267373928559087,-26.290883279507526,-0.3396407592841931,False
S75_SL6_TP8,2,2026-07-22T13:00:00+00:00,2026-07-29T13:00:00+00:00,2026-07-29T13:00:00+00:00,2026-07-31T13:00:00+00:00,42,-45.443453960242245,0.3185507865653453,15,15.933910747985003,2.412153865967908,-10.032841677815563,0.2659643435980687,True
S75_SL6_TP8,3,2026-07-24T13:00:00+00:00,2026-07-31T13:00:00+00:00,2026-07-31T13:00:00+00:00,2026-08-02T13:00:00+00:00,52,-30.342308275188056,0.6038032228838708,19,15.423591415853878,1.84342660184405,-15.68591643966034,-0.1800259662438906,True
S75_SL6_TP8,4,2026-07-26T13:00:00+00:00,2026-08-02T13:00:00+00:00,2026-08-02T13:00:00+00:00,2026-08-04T13:00:00+00:00,68,-16.994883372510973,0.8511384423690582,25,9.531769469013529,1.288066894734872,-18.927581404169793,-0.18800035998918202,True
S75_SL6_TP8,5,2026-07-28T13:00:00+00:00,2026-08-04T13:00:00+00:00,2026-08-04T13:00:00+00:00,2026-08-06T13:00:00+00:00,74,12.75421467120379,1.1755114779767712,20,29.686231170139067,2.2103449196884504,-15.831864806036588,2.0832358933355555,True
S75_SL6_TP8,6,2026-07-30T13:00:00+00:00,2026-08-06T13:00:00+00:00,2026-08-06T13:00:00+00:00,2026-08-08T13:00:00+00:00,83,-19.574513860850317,0.9189662765827393,22,57.92954742983978,4.154737474529124,-6.200000000000017,0.4434870299125595,True
S75_SL6_TP8,7,2026-08-01T13:00:00+00:00,2026-08-08T13:00:00+00:00,2026-08-08T13:00:00+00:00,2026-08-10T13:00:00+00:00,82,44.18757808428406,1.3565483048333846,21,36.37779294226207,2.5319370353980175,-12.702160680869412,1.1724987172909265,True
S75_SL6_TP8,8,2026-08-03T13:00:00+00:00,2026-08-10T13:00:00+00:00,2026-08-10T13:00:00+00:00,2026-08-12T13:00:00+00:00,80,179.67737356167012,2.4575924215145277,21,-4.347584402015192,0.9014962148276051,-18.195158292735456,-0.2,False
S75_SL6_TP8,9,2026-08-05T13:00:00+00:00,2026-08-12T13:00:00+00:00,2026-08-12T13:00:00+00:00,2026-08-14T13:00:00+00:00,80,-31.081524316019028,0.8129516561835786,21,22.126558243617488,1.800421013305129,-8.705875818358743,0.5462686567164312,True
S75_SL6_TP8,10,2026-08-07T13:00:00+00:00,2026-08-14T13:00:00+00:00,2026-08-14T13:00:00+00:00,2026-08-16T13:00:00+00:00,79,121.39564494078607,1.9593063491987184,23,55.72364272660546,3.3591494961320274,-6.615272605046663,0.47365269461077125,True
S75_SL6_TP8,11,2026-08-09T13:00:00+00:00,2026-08-16T13:00:00+00:00,2026-08-16T13:00:00+00:00,2026-08-18T13:00:00+00:00,80,122.8011656533588,1.9370546934601145,29,-5.473627559879491,0.9893153512123563,-30.776054462388057,-0.5006614552014452,False
S75_SL6_TP8,12,2026-08-11T13:00:00+00:00,2026-08-18T13:00:00+00:00,2026-08-18T13:00:00+00:00,2026-08-20T13:00:00+00:00,89,271.77789594370705,2.280510595842739,20,61.48113052764934,2.9189080916378214,-17.470632800000008,3.6914435904729537,True
S75_SL6_TP10,0,2026-07-18T13:00:00+00:00,2026-07-25T13:00:00+00:00,2026-07-25T13:00:00+00:00,2026-07-27T13:00:00+00:00,41,-38.95712297168389,0.5591604746454524,3,2.126332255250696,3.869357880812795,-0.7474452554744437,0.11847133757962885,True
S75_SL6_TP10,1,2026-07-20T13:00:00+00:00,2026-07-27T13:00:00+00:00,2026-07-27T13:00:00+00:00,2026-07-29T13:00:00+00:00,38,-33.55369296172235,0.5574098266441623,16,-20.343722769898896,0.40834722140644925,-26.290883279507515,-0.3396407592841931,False
S75_SL6_TP10,2,2026-07-22T13:00:00+00:00,2026-07-29T13:00:00+00:00,2026-07-29T13:00:00+00:00,2026-07-31T13:00:00+00:00,42,-52.95554971154965,0.20111495739077034,15,-0.7469654384834934,1.0188867293898027,-12.208190306330923,-0.2199740337561094,False
S75_SL6_TP10,3,2026-07-24T13:00:00+00:00,2026-07-31T13:00:00+00:00,2026-07-31T13:00:00+00:00,2026-08-02T13:00:00+00:00,51,-37.05959556804432,0.4973825227895304,19,14.90383250784102,1.6385068758265506,-14.373522568370534,-0.21699881008329075,True
S75_SL6_TP10,4,2026-07-26T13:00:00+00:00,2026-08-02T13:00:00+00:00,2026-08-02T13:00:00+00:00,2026-08-04T13:00:00+00:00,69,-44.02477860529095,0.5657391318950246,25,7.9772256367743655,1.2518016227445403,-18.430998852862945,-0.2099870168780547,True
S75_SL6_TP10,5,2026-07-28T13:00:00+00:00,2026-08-04T13:00:00+00:00,2026-08-04T13:00:00+00:00,2026-08-06T13:00:00+00:00,74,41.823213625306785,1.426491619764435,20,21.67108042766044,1.9015058724697307,-13.757214610680613,1.577666842590997,True
S75_SL6_TP10,6,2026-07-30T13:00:00+00:00,2026-08-06T13:00:00+00:00,2026-08-06T13:00:00+00:00,2026-08-08T13:00:00+00:00,80,-33.41821594647861,0.8003122322696752,23,45.52341867484002,3.1519610673846477,-6.200000000000017,-0.10843104927380481,True
S75_SL6_TP10,7,2026-08-01T13:00:00+00:00,2026-08-08T13:00:00+00:00,2026-08-08T13:00:00+00:00,2026-08-10T13:00:00+00:00,81,50.088080821167495,1.3743362565210722,20,24.616715071395202,2.134219361183038,-18.448233566812355,-0.08479262672811388,True
S75_SL6_TP10,8,2026-08-03T13:00:00+00:00,2026-08-10T13:00:00+00:00,2026-08-10T13:00:00+00:00,2026-08-12T13:00:00+00:00,76,234.92019618319895,3.03120098349992,22,-6.917950084840607,0.8574838112665536,-18.195158292735456,-0.23704186416612077,False
S75_SL6_TP10,9,2026-08-05T13:00:00+00:00,2026-08-12T13:00:00+00:00,2026-08-12T13:00:00+00:00,2026-08-14T13:00:00+00:00,81,7.97358992050381,1.1206813730738752,20,33.01076469489943,2.427817576263078,-8.705875818358743,0.9872936203936147,True
S75_SL6_TP10,10,2026-08-07T13:00:00+00:00,2026-08-14T13:00:00+00:00,2026-08-14T13:00:00+00:00,2026-08-16T13:00:00+00:00,76,151.67686009500173,2.2674335277460185,22,55.92860619384676,3.386474438717164,-6.615272605046652,0.18059640858347786,True
S75_SL6_TP10,11,2026-08-09T13:00:00+00:00,2026-08-16T13:00:00+00:00,2026-08-16T13:00:00+00:00,2026-08-18T13:00:00+00:00,76,139.21712352245174,2.127739869995513,24,12.189574666087278,1.2933878830531413,-25.539843167805664,-0.4939283183396368,True
S75_SL6_TP10,12,2026-08-11T13:00:00+00:00,2026-08-18T13:00:00+00:00,2026-08-18T13:00:00+00:00,2026-08-20T13:00:00+00:00,84,238.959634518678,2.219724844101077,19,73.52883634876815,3.224204990969721,-17.470632800000008,1.0334632876772611,True
S75_SL6_TP12,0,2026-07-18T13:00:00+00:00,2026-07-25T13:00:00+00:00,2026-07-25T13:00:00+00:00,2026-07-27T13:00:00+00:00,41,-35.56031859155182,0.6181193783908971,3,2.126332255250696,3.869357880812795,-0.7474452554744437,0.11847133757962885,True
S75_SL6_TP12,1,2026-07-20T13:00:00+00:00,2026-07-27T13:00:00+00:00,2026-07-27T13:00:00+00:00,2026-07-29T13:00:00+00:00,38,-32.34337771512352,0.5809897906552003,15,-18.64867780602405,0.46792930402107824,-26.069038607405215,-0.37921146953405743,False
S75_SL6_TP12,2,2026-07-22T13:00:00+00:00,2026-07-29T13:00:00+00:00,2026-07-29T13:00:00+00:00,2026-07-31T13:00:00+00:00,42,-52.95554971154965,0.20111495739077034,15,-4.521488780764738,0.8603023603777262,-15.592776473290238,-0.2199740337561094,False
S75_SL6_TP12,3,2026-07-24T13:00:00+00:00,2026-07-31T13:00:00+00:00,2026-07-31T13:00:00+00:00,2026-08-02T13:00:00+00:00,51,-34.978053436006874,0.541866637554313,19,22.052557520896453,1.9838191297313201,-12.223892061304431,-0.1800259662438906,True
S75_SL6_TP12,4,2026-07-26T13:00:00+00:00,2026-08-02T13:00:00+00:00,2026-08-02T13:00:00+00:00,2026-08-04T13:00:00+00:00,69,-41.58380985442215,0.6293474270239169,23,10.840341331906366,1.3521195360470324,-21.142247672844295,-0.2199740337561094,True
S75_SL6_TP12,5,2026-07-28T13:00:00+00:00,2026-08-04T13:00:00+00:00,2026-08-04T13:00:00+00:00,2026-08-06T13:00:00+00:00,71,2.2415039167996254,1.083906944374919,20,23.887311400841902,1.985766874206969,-13.757214610680624,1.577666842590997,True
S75_SL6_TP12,6,2026-07-30T13:00:00+00:00,2026-08-06T13:00:00+00:00,2026-08-06T13:00:00+00:00,2026-08-08T13:00:00+00:00,77,63.706345702218826,1.5044393113600232,20,51.65577919740891,4.4041939629792015,-6.200000000000017,0.4434870299125595,True
S75_SL6_TP12,7,2026-08-01T13:00:00+00:00,2026-08-08T13:00:00+00:00,2026-08-08T13:00:00+00:00,2026-08-10T13:00:00+00:00,80,6.3366552851584546,1.1123598280062115,20,27.97652378291675,2.1431140534963866,-20.664238904489373,-0.10642079525480225,True
S75_SL6_TP12,8,2026-08-03T13:00:00+00:00,2026-08-10T13:00:00+00:00,2026-08-10T13:00:00+00:00,2026-08-12T13:00:00+00:00,72,160.60235682800968,2.478852392014669,21,2.8826228688249467,1.1689675970003803,-18.195158292735446,-0.2,True
S75_SL6_TP12,9,2026-08-05T13:00:00+00:00,2026-08-12T13:00:00+00:00,2026-08-12T13:00:00+00:00,2026-08-14T13:00:00+00:00,81,-18.897246464807772,0.9400396706428019,21,29.350632158964274,2.029273384020445,-8.705875818358743,0.5462686567164312,True
S75_SL6_TP12,10,2026-08-07T13:00:00+00:00,2026-08-14T13:00:00+00:00,2026-08-14T13:00:00+00:00,2026-08-16T13:00:00+00:00,74,93.99009305436228,1.8838242092508188,20,62.734064670158965,4.781936621704232,-6.200000000000017,0.18059640858347786,True
S75_SL6_TP12,11,2026-08-09T13:00:00+00:00,2026-08-16T13:00:00+00:00,2026-08-16T13:00:00+00:00,2026-08-18T13:00:00+00:00,76,110.3725225245444,1.7945180803412182,24,11.40838353414686,1.2889628640223132,-19.930817523209587,-0.4939283183396368,True
S75_SL6_TP12,12,2026-08-11T13:00:00+00:00,2026-08-18T13:00:00+00:00,2026-08-18T13:00:00+00:00,2026-08-20T13:00:00+00:00,82,187.30912753298531,1.9578032863140056,17,60.39977505234568,2.9412468891499115,-22.764352467536654,0.41259706643657096,True
S75_SL6_TP15,0,2026-07-18T13:00:00+00:00,2026-07-25T13:00:00+00:00,2026-07-25T13:00:00+00:00,2026-07-27T13:00:00+00:00,41,-30.232423360547056,0.7065577340090639,3,2.126332255250696,3.869357880812795,-0.7474452554744437,0.11847133757962885,True
S75_SL6_TP15,1,2026-07-20T13:00:00+00:00,2026-07-27T13:00:00+00:00,2026-07-27T13:00:00+00:00,2026-07-29T13:00:00+00:00,38,-30.52790484522526,0.616359736671757,15,-30.969380787032406,0.11947639241103034,-34.21177805421895,-2.190950226244359,False
S75_SL6_TP15,2,2026-07-22T13:00:00+00:00,2026-07-29T13:00:00+00:00,2026-07-29T13:00:00+00:00,2026-07-31T13:00:00+00:00,42,-52.95554971154965,0.20111495739077034,14,-14.574518435581707,0.34816224722830535,-15.568750654124042,-0.21997802497076818,False
S75_SL6_TP15,3,2026-07-24T13:00:00+00:00,2026-07-31T13:00:00+00:00,2026-07-31T13:00:00+00:00,2026-08-02T13:00:00+00:00,51,-46.01292812923915,0.3947078404112261,19,32.14390535090392,2.373521271914444,-12.223892061304442,-0.1800259662438906,True
S75_SL6_TP15,4,2026-07-26T13:00:00+00:00,2026-08-02T13:00:00+00:00,2026-08-02T13:00:00+00:00,2026-08-04T13:00:00+00:00,67,-43.67777036565218,0.5753236662639706,24,-0.9156300270590112,1.0724168398505194,-27.387031445283206,-0.48977274435788565,False
S75_SL6_TP15,5,2026-07-28T13:00:00+00:00,2026-08-04T13:00:00+00:00,2026-08-04T13:00:00+00:00,2026-08-06T13:00:00+00:00,70,-3.776193088323787,1.035456669576145,20,27.211657860614036,2.112158376812826,-13.757214610680602,1.577666842590997,True
S75_SL6_TP15,6,2026-07-30T13:00:00+00:00,2026-08-06T13:00:00+00:00,2026-08-06T13:00:00+00:00,2026-08-08T13:00:00+00:00,76,39.213803983555586,1.3548857689437372,20,64.42391429660663,6.78651106414826,-6.200000000000017,0.710293046715105,True
S75_SL6_TP15,7,2026-08-01T13:00:00+00:00,2026-08-08T13:00:00+00:00,2026-08-08T13:00:00+00:00,2026-08-10T13:00:00+00:00,77,-17.64836118300803,0.9399191725532906,21,53.67708990752558,2.760064330429788,-12.914518207123859,0.030414746543772242,True
S75_SL6_TP15,8,2026-08-03T13:00:00+00:00,2026-08-10T13:00:00+00:00,2026-08-10T13:00:00+00:00,2026-08-12T13:00:00+00:00,73,114.75627803733835,2.0190056356684587,21,6.222214187685782,1.2897514080941657,-18.19515829273547,-0.2,True
S75_SL6_TP15,9,2026-08-05T13:00:00+00:00,2026-08-12T13:00:00+00:00,2026-08-12T13:00:00+00:00,2026-08-14T13:00:00+00:00,80,-3.7208610239214734,1.0580281332417332,21,36.385664668273975,2.2456291285453953,-8.705875818358743,0.5462686567164312,True
S75_SL6_TP15,10,2026-08-07T13:00:00+00:00,2026-08-14T13:00:00+00:00,2026-08-14T13:00:00+00:00,2026-08-16T13:00:00+00:00,71,53.915085695560514,1.5683578224035961,20,65.07805629616593,6.768920564354712,-6.32196751743307,-0.15622993872190777,True
S75_SL6_TP15,11,2026-08-09T13:00:00+00:00,2026-08-16T13:00:00+00:00,2026-08-16T13:00:00+00:00,2026-08-18T13:00:00+00:00,74,157.17657528298923,2.295469873503255,21,-19.459367201852096,0.6699612117124412,-34.957602184337524,-0.8638566912539611,False
S75_SL6_TP15,12,2026-08-11T13:00:00+00:00,2026-08-18T13:00:00+00:00,2026-08-18T13:00:00+00:00,2026-08-20T13:00:00+00:00,79,394.92706610450455,2.7231176530573618,17,88.02009247785362,3.6114108145126127,-22.764352467536654,0.41259706643657096,True
S78_SL4_TP8,0,2026-07-18T13:00:00+00:00,2026-07-25T13:00:00+00:00,2026-07-25T13:00:00+00:00,2026-07-27T13:00:00+00:00,0,0.0,0.0,0,0.0,0.0,0.0,0.0,False
S78_SL4_TP8,1,2026-07-20T13:00:00+00:00,2026-07-27T13:00:00+00:00,2026-07-27T13:00:00+00:00,2026-07-29T13:00:00+00:00,0,0.0,0.0,19,-24.709751120252953,0.2776419306324459,-28.845378049683703,-0.3000700490343287,False
S78_SL4_TP8,2,2026-07-22T13:00:00+00:00,2026-07-29T13:00:00+00:00,2026-07-29T13:00:00+00:00,2026-07-31T13:00:00+00:00,27,-17.413297674542605,0.515463234521793,18,-7.596971399480501,0.775009243510301,-20.48506940933743,-0.2299710280727339,False
S78_SL4_TP8,3,2026-07-24T13:00:00+00:00,2026-07-31T13:00:00+00:00,2026-07-31T13:00:00+00:00,2026-08-02T13:00:00+00:00,49,-24.070008530845,0.678027701536353,17,19.776499157344517,2.3836362973896237,-12.506224813845247,-0.1800259662438906,True
S78_SL4_TP8,4,2026-07-26T13:00:00+00:00,2026-08-02T13:00:00+00:00,2026-08-02T13:00:00+00:00,2026-08-04T13:00:00+00:00,74,-28.940428031108922,0.741149097286301,22,20.62392224614962,1.7987586184292017,-8.223599999999998,0.17222462634858288,True
S78_SL4_TP8,5,2026-07-28T13:00:00+00:00,2026-08-04T13:00:00+00:00,2026-08-04T13:00:00+00:00,2026-08-06T13:00:00+00:00,77,59.15657923486488,1.6157620246773392,20,36.830680912299286,2.836820164792461,-10.203600545455405,2.0832358933355555,True
S78_SL4_TP8,6,2026-07-30T13:00:00+00:00,2026-08-06T13:00:00+00:00,2026-08-06T13:00:00+00:00,2026-08-08T13:00:00+00:00,84,73.44148957132732,1.5931378551969348,22,57.9952617423126,4.309076661917958,-4.200000000000004,0.4434870299125595,True
S78_SL4_TP8,7,2026-08-01T13:00:00+00:00,2026-08-08T13:00:00+00:00,2026-08-08T13:00:00+00:00,2026-08-10T13:00:00+00:00,85,45.675937327499305,1.3855557867144754,21,23.384254872902723,1.934273138269517,-17.380362715148067,0.33619302949061697,True
S78_SL4_TP8,8,2026-08-03T13:00:00+00:00,2026-08-10T13:00:00+00:00,2026-08-10T13:00:00+00:00,2026-08-12T13:00:00+00:00,83,186.41475733840971,2.5529762068431943,23,-8.416788355800763,0.777561649072349,-22.52222092158013,-0.27408372833224154,False
S78_SL4_TP8,9,2026-08-05T13:00:00+00:00,2026-08-12T13:00:00+00:00,2026-08-12T13:00:00+00:00,2026-08-14T13:00:00+00:00,84,23.176822135752694,1.2282939454757638,21,26.39951427510536,2.035513996870223,-8.223600000000008,0.5462686567164312,True
S78_SL4_TP8,10,2026-08-07T13:00:00+00:00,2026-08-14T13:00:00+00:00,2026-08-14T13:00:00+00:00,2026-08-16T13:00:00+00:00,83,53.63916602517853,1.4551220510878675,24,74.05813078768446,4.521093383219013,-7.342539731869913,0.5677585025854583,True
S78_SL4_TP8,11,2026-08-09T13:00:00+00:00,2026-08-16T13:00:00+00:00,2026-08-16T13:00:00+00:00,2026-08-18T13:00:00+00:00,82,62.82241060443767,1.5431874352907808,28,2.1831540411372696,1.09852607672993,-19.162040234762966,-1.5674707664163843,True
S78_SL4_TP8,12,2026-08-11T13:00:00+00:00,2026-08-18T13:00:00+00:00,2026-08-18T13:00:00+00:00,2026-08-20T13:00:00+00:00,98,312.64400412105647,2.280480569670847,19,65.21037706806352,3.8204272886715183,-12.078208800000013,1.0334632876772611,True
S78_SL4_TP10,0,2026-07-18T13:00:00+00:00,2026-07-25T13:00:00+00:00,2026-07-25T13:00:00+00:00,2026-07-27T13:00:00+00:00,0,0.0,0.0,0,0.0,0.0,0.0,0.0,False
S78_SL4_TP10,1,2026-07-20T13:00:00+00:00,2026-07-27T13:00:00+00:00,2026-07-27T13:00:00+00:00,2026-07-29T13:00:00+00:00,0,0.0,0.0,19,-23.31290049168623,0.3305512250070979,-28.845378049683667,-0.3000700490343287,False
S78_SL4_TP10,2,2026-07-22T13:00:00+00:00,2026-07-29T13:00:00+00:00,2026-07-29T13:00:00+00:00,2026-07-31T13:00:00+00:00,27,-26.606622608730834,0.2738622060787408,19,-18.737123742854223,0.4683489951380657,-25.990094483473847,-0.7289097247265228,False
S78_SL4_TP10,3,2026-07-24T13:00:00+00:00,2026-07-31T13:00:00+00:00,2026-07-31T13:00:00+00:00,2026-08-02T13:00:00+00:00,49,-35.9661233346124,0.5030620086825166,18,-0.38716115133314855,1.0525887033004504,-25.768389866422737,-0.5908504050307792,False
S78_SL4_TP10,4,2026-07-26T13:00:00+00:00,2026-08-02T13:00:00+00:00,2026-08-02T13:00:00+00:00,2026-08-04T13:00:00+00:00,72,-25.454391195986748,0.7801735977896258,20,34.76528568636945,2.4620268992113394,-8.223600000000008,0.09327090585486991,True
S78_SL4_TP10,5,2026-07-28T13:00:00+00:00,2026-08-04T13:00:00+00:00,2026-08-04T13:00:00+00:00,2026-08-06T13:00:00+00:00,80,44.229048593490546,1.4377641279074436,20,21.577831821953588,1.8845826741414136,-10.905740492461625,1.577666842590997,True
S78_SL4_TP10,6,2026-07-30T13:00:00+00:00,2026-08-06T13:00:00+00:00,2026-08-06T13:00:00+00:00,2026-08-08T13:00:00+00:00,85,111.59305288076915,1.7863243773081265,23,48.20626863555615,3.577237506535454,-5.736894943698834,0.3496921723834758,True
S78_SL4_TP10,7,2026-08-01T13:00:00+00:00,2026-08-08T13:00:00+00:00,2026-08-08T13:00:00+00:00,2026-08-10T13:00:00+00:00,80,91.75419775256482,1.746961140724062,20,44.62900186838752,3.4827663205054464,-7.861148291566056,0.6014567319173494,True
S78_SL4_TP10,8,2026-08-03T13:00:00+00:00,2026-08-10T13:00:00+00:00,2026-08-10T13:00:00+00:00,2026-08-12T13:00:00+00:00,80,183.2894120330609,2.555138630596671,24,-8.977546660252356,0.7970805257867395,-22.522220921580114,-0.45562880535918704,False
S78_SL4_TP10,9,2026-08-05T13:00:00+00:00,2026-08-12T13:00:00+00:00,2026-08-12T13:00:00+00:00,2026-08-14T13:00:00+00:00,87,-0.260211193655846,1.055297044646968,20,34.7905379527345,2.571478728476203,-8.223600000000008,0.9872936203936147,True
S78_SL4_TP10,10,2026-08-07T13:00:00+00:00,2026-08-14T13:00:00+00:00,2026-08-14T13:00:00+00:00,2026-08-16T13:00:00+00:00,83,95.54744548547383,1.7078705906851042,19,53.28130505559514,4.916678035817578,-7.342539731869923,0.47365269461077125,True
S78_SL4_TP10,11,2026-08-09T13:00:00+00:00,2026-08-16T13:00:00+00:00,2026-08-16T13:00:00+00:00,2026-08-18T13:00:00+00:00,86,97.4820602506131,1.6388086970797338,28,16.215581223288833,1.3452016305833656,-15.395613850238888,-1.5674707664163843,True
S78_SL4_TP10,12,2026-08-11T13:00:00+00:00,2026-08-18T13:00:00+00:00,2026-08-18T13:00:00+00:00,2026-08-20T13:00:00+00:00,88,309.5474646805133,2.561661324010696,17,59.8753270681307,3.6702225239321518,-12.078208800000013,0.41259706643657096,True
S78_SL4_TP12,0,2026-07-18T13:00:00+00:00,2026-07-25T13:00:00+00:00,2026-07-25T13:00:00+00:00,2026-07-27T13:00:00+00:00,0,0.0,0.0,0,0.0,0.0,0.0,0.0,False
S78_SL4_TP12,1,2026-07-20T13:00:00+00:00,2026-07-27T13:00:00+00:00,2026-07-27T13:00:00+00:00,2026-07-29T13:00:00+00:00,0,0.0,0.0,19,-21.908235978070167,0.3835618575782619,-23.782642756493743,-0.3000700490343287,False
S78_SL4_TP12,2,2026-07-22T13:00:00+00:00,2026-07-29T13:00:00+00:00,2026-07-29T13:00:00+00:00,2026-07-31T13:00:00+00:00,27,-26.606622608730834,0.2738622060787408,19,-16.430279073781197,0.5507584018545426,-25.513460769016337,-0.7289097247265228,False
S78_SL4_TP12,3,2026-07-24T13:00:00+00:00,2026-07-31T13:00:00+00:00,2026-07-31T13:00:00+00:00,2026-08-02T13:00:00+00:00,49,-40.52213644235132,0.42520382395397716,18,1.9728866576392834,1.1410312291377382,-24.500813933497756,-0.36506191289654133,True
S78_SL4_TP12,4,2026-07-26T13:00:00+00:00,2026-08-02T13:00:00+00:00,2026-08-02T13:00:00+00:00,2026-08-04T13:00:00+00:00,74,-24.408546297274093,0.8203872457211389,20,21.668745462017867,1.7571871201739173,-13.984946652523767,-0.1965001749912652,True
S78_SL4_TP12,5,2026-07-28T13:00:00+00:00,2026-08-04T13:00:00+00:00,2026-08-04T13:00:00+00:00,2026-08-06T13:00:00+00:00,79,85.05192985920348,1.730925633548476,20,23.79236427772686,1.96809376200019,-10.905740492461613,1.577666842590997,True
S78_SL4_TP12,6,2026-07-30T13:00:00+00:00,2026-08-06T13:00:00+00:00,2026-08-06T13:00:00+00:00,2026-08-08T13:00:00+00:00,79,76.22044043149296,1.6428409292890784,23,77.69723540909004,4.753322998834232,-5.8688552043176685,0.5372818874416432,True
S78_SL4_TP12,7,2026-08-01T13:00:00+00:00,2026-08-08T13:00:00+00:00,2026-08-08T13:00:00+00:00,2026-08-10T13:00:00+00:00,81,63.09428071898666,1.5434811838852251,20,47.34330342759074,3.2490710724012266,-10.364836392063548,0.6014567319173494,True
S78_SL4_TP12,8,2026-08-03T13:00:00+00:00,2026-08-10T13:00:00+00:00,2026-08-10T13:00:00+00:00,2026-08-12T13:00:00+00:00,76,190.4213587932662,2.6786969053586422,23,-1.4941654551959282,1.01696094503475,-22.522220921580104,-0.27408372833224154,False
S78_SL4_TP12,9,2026-08-05T13:00:00+00:00,2026-08-12T13:00:00+00:00,2026-08-12T13:00:00+00:00,2026-08-14T13:00:00+00:00,82,21.536575205855925,1.2224024615359081,21,31.836732448040085,2.2248102947924946,-12.078208800000013,0.5462686567164312,True
S78_SL4_TP12,10,2026-08-07T13:00:00+00:00,2026-08-14T13:00:00+00:00,2026-08-14T13:00:00+00:00,2026-08-16T13:00:00+00:00,80,106.75618970980057,1.8091888623944852,21,51.20914624278381,3.2443912535402664,-7.342539731869923,-0.11245987744381553,True
S78_SL4_TP12,11,2026-08-09T13:00:00+00:00,2026-08-16T13:00:00+00:00,2026-08-16T13:00:00+00:00,2026-08-18T13:00:00+00:00,83,154.9793269510011,1.9764672994562422,28,12.996322157585993,1.2886047451414142,-17.47265923553304,-2.2131164390959968,True
S78_SL4_TP12,12,2026-08-11T13:00:00+00:00,2026-08-18T13:00:00+00:00,2026-08-18T13:00:00+00:00,2026-08-20T13:00:00+00:00,88,245.64943418767277,2.118205480173737,17,78.16329110797462,4.306520114664689,-15.963399690602653,0.41259706643657096,True
S78_SL4_TP15,0,2026-07-18T13:00:00+00:00,2026-07-25T13:00:00+00:00,2026-07-25T13:00:00+00:00,2026-07-27T13:00:00+00:00,0,0.0,0.0,0,0.0,0.0,0.0,0.0,False
S78_SL4_TP15,1,2026-07-20T13:00:00+00:00,2026-07-27T13:00:00+00:00,2026-07-27T13:00:00+00:00,2026-07-29T13:00:00+00:00,0,0.0,0.0,19,-33.08415927280076,0.0641814675698816,-34.69031463391862,-2.8592455163883757,False
S78_SL4_TP15,2,2026-07-22T13:00:00+00:00,2026-07-29T13:00:00+00:00,2026-07-29T13:00:00+00:00,2026-07-31T13:00:00+00:00,27,-26.606622608730834,0.2738622060787408,19,-33.43212262391344,0.118175405130746,-33.43212262391344,-4.199999999999992,False
S78_SL4_TP15,3,2026-07-24T13:00:00+00:00,2026-07-31T13:00:00+00:00,2026-07-31T13:00:00+00:00,2026-08-02T13:00:00+00:00,47,-46.36650620601653,0.28090801394402115,18,7.518917324292862,1.3510393376906962,-24.50081393349771,-0.36506191289654133,True
S78_SL4_TP15,4,2026-07-26T13:00:00+00:00,2026-08-02T13:00:00+00:00,2026-08-02T13:00:00+00:00,2026-08-04T13:00:00+00:00,72,-29.373547133083168,0.7591260580389455,18,25.68812935075979,2.0984796306506768,-12.0782088,-0.1965001749912652,True
S78_SL4_TP15,5,2026-07-28T13:00:00+00:00,2026-08-04T13:00:00+00:00,2026-08-04T13:00:00+00:00,2026-08-06T13:00:00+00:00,75,66.46892005637378,1.6070802759551677,20,27.1141629613868,2.0933603937883536,-10.905740492461625,1.577666842590997,True
S78_SL4_TP15,6,2026-07-30T13:00:00+00:00,2026-08-06T13:00:00+00:00,2026-08-06T13:00:00+00:00,2026-08-08T13:00:00+00:00,77,141.5121085027283,2.113817467991266,20,71.10807964944024,10.186721759031608,-4.200000000000004,0.710293046715105,True
S78_SL4_TP15,7,2026-08-01T13:00:00+00:00,2026-08-08T13:00:00+00:00,2026-08-08T13:00:00+00:00,2026-08-10T13:00:00+00:00,80,86.36208873764755,1.6733110619630327,21,51.18384153666664,2.9115040493736064,-11.327770759644352,0.030414746543772242,True
S78_SL4_TP15,8,2026-08-03T13:00:00+00:00,2026-08-10T13:00:00+00:00,2026-08-10T13:00:00+00:00,2026-08-12T13:00:00+00:00,76,196.8562935023742,2.6289111401015623,23,1.7033544051055616,1.125068059540292,-22.522220921580104,-0.27408372833224154,True
S78_SL4_TP15,9,2026-08-05T13:00:00+00:00,2026-08-12T13:00:00+00:00,2026-08-12T13:00:00+00:00,2026-08-14T13:00:00+00:00,84,88.93423438546215,1.5962263130456027,21,35.37439074271018,2.3471136735659286,-12.078208800000013,0.5462686567164312,True
S78_SL4_TP15,10,2026-08-07T13:00:00+00:00,2026-08-14T13:00:00+00:00,2026-08-14T13:00:00+00:00,2026-08-16T13:00:00+00:00,78,54.89366184739271,1.461821535925333,19,58.88928825488482,4.831563985898024,-6.32196751743307,-0.11245987744381553,True
S78_SL4_TP15,11,2026-08-09T13:00:00+00:00,2026-08-16T13:00:00+00:00,2026-08-16T13:00:00+00:00,2026-08-18T13:00:00+00:00,81,118.37993908930429,1.8914445763289804,26,-12.30576766456284,0.8582633396381405,-24.31832640408418,-3.4395580706009174,False
S78_SL4_TP15,12,2026-08-11T13:00:00+00:00,2026-08-18T13:00:00+00:00,2026-08-18T13:00:00+00:00,2026-08-20T13:00:00+00:00,85,245.7645536735959,2.2515659260312817,17,108.84242798562612,5.2609665007634865,-15.963399690602653,0.41259706643657096,True
S78_SL5_TP8,0,2026-07-18T13:00:00+00:00,2026-07-25T13:00:00+00:00,2026-07-25T13:00:00+00:00,2026-07-27T13:00:00+00:00,0,0.0,0.0,0,0.0,0.0,0.0,0.0,False
S78_SL5_TP8,1,2026-07-20T13:00:00+00:00,2026-07-27T13:00:00+00:00,2026-07-27T13:00:00+00:00,2026-07-29T13:00:00+00:00,0,0.0,0.0,19,-27.362885781628155,0.27491846039235435,-31.383197439625356,-0.3000700490343287,False
S78_SL5_TP8,2,2026-07-22T13:00:00+00:00,2026-07-29T13:00:00+00:00,2026-07-29T13:00:00+00:00,2026-07-31T13:00:00+00:00,23,-10.104898102343252,0.5747428179445853,15,7.642312484711566,1.441037434183909,-14.586926961780211,0.2659643435980687,True
S78_SL5_TP8,3,2026-07-24T13:00:00+00:00,2026-07-31T13:00:00+00:00,2026-07-31T13:00:00+00:00,2026-08-02T13:00:00+00:00,43,-31.403939953383496,0.42077450303831887,17,17.288996843090576,2.0865432006005884,-14.323283834517353,-0.1800259662438906,True
S78_SL5_TP8,4,2026-07-26T13:00:00+00:00,2026-08-02T13:00:00+00:00,2026-08-02T13:00:00+00:00,2026-08-04T13:00:00+00:00,70,-40.577431550167674,0.5581740688018344,20,19.779776884674828,1.781760015258001,-10.129600000000016,0.17222462634858288,True
S78_SL5_TP8,5,2026-07-28T13:00:00+00:00,2026-08-04T13:00:00+00:00,2026-08-04T13:00:00+00:00,2026-08-06T13:00:00+00:00,75,15.059137110895016,1.1960624578690604,21,42.932415699695014,2.802915265651254,-14.854772581013675,2.349575070821519,True
S78_SL5_TP8,6,2026-07-30T13:00:00+00:00,2026-08-06T13:00:00+00:00,2026-08-06T13:00:00+00:00,2026-08-08T13:00:00+00:00,78,-1.9099738314708459,1.036425421033381,22,59.61323130435838,4.446118620513666,-5.199999999999994,0.4434870299125595,True
S78_SL5_TP8,7,2026-08-01T13:00:00+00:00,2026-08-08T13:00:00+00:00,2026-08-08T13:00:00+00:00,2026-08-10T13:00:00+00:00,83,64.23388313576714,1.483150463930615,21,37.83171397576166,2.654707475678393,-11.771480091113206,1.1724987172909265,True
S78_SL5_TP8,8,2026-08-03T13:00:00+00:00,2026-08-10T13:00:00+00:00,2026-08-10T13:00:00+00:00,2026-08-12T13:00:00+00:00,80,238.74036154979544,2.988810125782688,23,-8.305866291914498,0.7964193232810093,-24.105172156549237,-0.27408372833224154,False
S78_SL5_TP8,9,2026-08-05T13:00:00+00:00,2026-08-12T13:00:00+00:00,2026-08-12T13:00:00+00:00,2026-08-14T13:00:00+00:00,84,-10.525602901810904,0.9771272154090377,21,26.07431434053682,2.018811775698638,-7.732590912371107,0.5462686567164312,True
S78_SL5_TP8,10,2026-08-07T13:00:00+00:00,2026-08-14T13:00:00+00:00,2026-08-14T13:00:00+00:00,2026-08-16T13:00:00+00:00,78,117.80568691483123,2.012172684236248,23,71.88652728025609,4.224917487706862,-5.200000000000015,0.6618643105601454,True
S78_SL5_TP8,11,2026-08-09T13:00:00+00:00,2026-08-16T13:00:00+00:00,2026-08-16T13:00:00+00:00,2026-08-18T13:00:00+00:00,80,51.96381897783549,1.4602749142069245,31,-15.761711375773634,0.8499569781538605,-38.96100230157212,-2.6791161412018427,False
S78_SL5_TP8,12,2026-08-11T13:00:00+00:00,2026-08-18T13:00:00+00:00,2026-08-18T13:00:00+00:00,2026-08-20T13:00:00+00:00,91,97.70237307619796,1.543916399556391,17,21.304695036689168,1.8061567839972261,-14.802860800000007,0.40376056580990766,True
S78_SL5_TP10,0,2026-07-18T13:00:00+00:00,2026-07-25T13:00:00+00:00,2026-07-25T13:00:00+00:00,2026-07-27T13:00:00+00:00,0,0.0,0.0,0,0.0,0.0,0.0,0.0,False
S78_SL5_TP10,1,2026-07-20T13:00:00+00:00,2026-07-27T13:00:00+00:00,2026-07-27T13:00:00+00:00,2026-07-29T13:00:00+00:00,0,0.0,0.0,19,-26.01525843063793,0.3222762268709362,-31.38319743962534,-0.3000700490343287,False
S78_SL5_TP10,2,2026-07-22T13:00:00+00:00,2026-07-29T13:00:00+00:00,2026-07-29T13:00:00+00:00,2026-07-31T13:00:00+00:00,23,-20.945680334899276,0.1955470295378035,15,-2.7578109960131214,0.9329419907172146,-13.856423431553043,-0.2199740337561094,False
S78_SL5_TP10,3,2026-07-24T13:00:00+00:00,2026-07-31T13:00:00+00:00,2026-07-31T13:00:00+00:00,2026-08-02T13:00:00+00:00,43,-38.55701198298637,0.30162620950102037,18,11.869330568092519,1.505937469655753,-17.028980226902178,-0.36506191289654133,True
S78_SL5_TP10,4,2026-07-26T13:00:00+00:00,2026-08-02T13:00:00+00:00,2026-08-02T13:00:00+00:00,2026-08-04T13:00:00+00:00,68,-35.387847794435544,0.6063964072080723,19,28.201645391706442,2.0569576623881636,-10.129600000000028,-0.1930003499825304,True
S78_SL5_TP10,5,2026-07-28T13:00:00+00:00,2026-08-04T13:00:00+00:00,2026-08-04T13:00:00+00:00,2026-08-06T13:00:00+00:00,78,58.45984335129051,1.5203649209117713,21,26.669155598995008,1.8976086069152434,-17.292724173266027,1.8168967158495921,True
S78_SL5_TP10,6,2026-07-30T13:00:00+00:00,2026-08-06T13:00:00+00:00,2026-08-06T13:00:00+00:00,2026-08-08T13:00:00+00:00,82,57.08434824143191,1.4161859532305126,23,48.642803106861464,3.528610728210044,-5.200000000000005,-0.10843104927380481,True
S78_SL5_TP10,7,2026-08-01T13:00:00+00:00,2026-08-08T13:00:00+00:00,2026-08-08T13:00:00+00:00,2026-08-10T13:00:00+00:00,81,47.53099406510959,1.391973336783682,20,25.945251479405783,2.2401108235496117,-17.578811749827416,-0.08479262672811388,True
S78_SL5_TP10,8,2026-08-03T13:00:00+00:00,2026-08-10T13:00:00+00:00,2026-08-10T13:00:00+00:00,2026-08-12T13:00:00+00:00,81,268.816957263646,2.7599058706231774,24,-9.818584519275209,0.7928981059901451,-24.10517215654926,-0.45562880535918704,False
S78_SL5_TP10,9,2026-08-05T13:00:00+00:00,2026-08-12T13:00:00+00:00,2026-08-12T13:00:00+00:00,2026-08-14T13:00:00+00:00,81,14.294652043386623,1.1680807241442788,20,35.86193265438524,2.676415226670125,-7.732590912371107,0.9872936203936147,True
S78_SL5_TP10,10,2026-08-07T13:00:00+00:00,2026-08-14T13:00:00+00:00,2026-08-14T13:00:00+00:00,2026-08-16T13:00:00+00:00,77,148.51176994501384,2.176879775086655,19,53.38526523071372,4.6177014890424575,-5.200000000000015,0.47365269461077125,True
S78_SL5_TP10,11,2026-08-09T13:00:00+00:00,2026-08-16T13:00:00+00:00,2026-08-16T13:00:00+00:00,2026-08-18T13:00:00+00:00,77,105.03561528168999,1.797281520859065,24,30.894452444298715,1.6701701728801452,-19.997257105335553,-0.7233866334435122,True
S78_SL5_TP10,12,2026-08-11T13:00:00+00:00,2026-08-18T13:00:00+00:00,2026-08-18T13:00:00+00:00,2026-08-20T13:00:00+00:00,84,222.04621532068637,2.2199255856671374,17,35.45002387494547,2.2516647221177246,-14.802860800000007,0.40376056580990766,True
S78_SL5_TP12,0,2026-07-18T13:00:00+00:00,2026-07-25T13:00:00+00:00,2026-07-25T13:00:00+00:00,2026-07-27T13:00:00+00:00,0,0.0,0.0,0,0.0,0.0,0.0,0.0,False
S78_SL5_TP12,1,2026-07-20T13:00:00+00:00,2026-07-27T13:00:00+00:00,2026-07-27T13:00:00+00:00,2026-07-29T13:00:00+00:00,0,0.0,0.0,19,-24.660092546182078,0.36972142559227916,-27.268243610053776,-0.3000700490343287,False
S78_SL5_TP12,2,2026-07-22T13:00:00+00:00,2026-07-29T13:00:00+00:00,2026-07-29T13:00:00+00:00,2026-07-31T13:00:00+00:00,23,-20.945680334899276,0.1955470295378035,14,5.488022558137917,1.3559084644649104,-9.131248345520094,0.022995154920979644,True
S78_SL5_TP12,3,2026-07-24T13:00:00+00:00,2026-07-31T13:00:00+00:00,2026-07-31T13:00:00+00:00,2026-08-02T13:00:00+00:00,44,-40.9021557498632,0.3061108801812001,18,12.921112792152556,1.5117174528985946,-19.650777594328297,-0.19651252815379144,True
S78_SL5_TP12,4,2026-07-26T13:00:00+00:00,2026-08-02T13:00:00+00:00,2026-08-02T13:00:00+00:00,2026-08-04T13:00:00+00:00,68,-36.14219230006622,0.6265474760633476,20,13.299453765437107,1.4424622002841134,-17.520546239471567,-0.1965001749912652,True
S78_SL5_TP12,5,2026-07-28T13:00:00+00:00,2026-08-04T13:00:00+00:00,2026-08-04T13:00:00+00:00,2026-08-06T13:00:00+00:00,76,58.64073389376545,1.5209589091972402,21,31.325723573344355,2.0357830396524186,-17.292724173266016,1.8168967158495921,True
S78_SL5_TP12,6,2026-07-30T13:00:00+00:00,2026-08-06T13:00:00+00:00,2026-08-06T13:00:00+00:00,2026-08-08T13:00:00+00:00,75,33.75575643785555,1.3263928655111392,21,43.37417069131399,3.104010647346882,-6.1105125475285345,0.3496921723834758,True
S78_SL5_TP12,7,2026-08-01T13:00:00+00:00,2026-08-08T13:00:00+00:00,2026-08-08T13:00:00+00:00,2026-08-10T13:00:00+00:00,83,94.4229404233496,1.5990026869184544,20,29.34087904712699,2.236836324629724,-19.818441877884762,-0.10642079525480225,True
S78_SL5_TP12,8,2026-08-03T13:00:00+00:00,2026-08-10T13:00:00+00:00,2026-08-10T13:00:00+00:00,2026-08-12T13:00:00+00:00,76,255.83502688687977,2.7550069238554555,23,-1.3748589766788832,1.0253110412481445,-24.10517215654926,-0.27408372833224154,False
S78_SL5_TP12,9,2026-08-05T13:00:00+00:00,2026-08-12T13:00:00+00:00,2026-08-12T13:00:00+00:00,2026-08-14T13:00:00+00:00,85,-5.908311550766754,1.0369485884408198,21,31.49754367020572,2.20655482041817,-7.732590912371107,0.5462686567164312,True
S78_SL5_TP12,10,2026-08-07T13:00:00+00:00,2026-08-14T13:00:00+00:00,2026-08-14T13:00:00+00:00,2026-08-16T13:00:00+00:00,76,100.64899373952242,1.874044424372618,20,56.29670869875838,3.7137253430920794,-5.200000000000015,0.18059640858347786,True
S78_SL5_TP12,11,2026-08-09T13:00:00+00:00,2026-08-16T13:00:00+00:00,2026-08-16T13:00:00+00:00,2026-08-18T13:00:00+00:00,77,69.10103087948349,1.6143942243678728,25,12.626546131649619,1.2987894586213604,-20.02454493399225,-1.387824795842618,True
S78_SL5_TP12,12,2026-08-11T13:00:00+00:00,2026-08-18T13:00:00+00:00,2026-08-18T13:00:00+00:00,2026-08-20T13:00:00+00:00,83,277.49640130908114,2.2767808771349993,17,50.94400416100544,2.6971726602382233,-19.417676096642012,0.40376056580990766,True
S78_SL5_TP15,0,2026-07-18T13:00:00+00:00,2026-07-25T13:00:00+00:00,2026-07-25T13:00:00+00:00,2026-07-27T13:00:00+00:00,0,0.0,0.0,0,0.0,0.0,0.0,0.0,False
S78_SL5_TP15,1,2026-07-20T13:00:00+00:00,2026-07-27T13:00:00+00:00,2026-07-27T13:00:00+00:00,2026-07-29T13:00:00+00:00,0,0.0,0.0,18,-36.67161998714036,0.05709566494281771,-38.19166689924947,-2.525097871316367,False
S78_SL5_TP15,2,2026-07-22T13:00:00+00:00,2026-07-29T13:00:00+00:00,2026-07-29T13:00:00+00:00,2026-07-31T13:00:00+00:00,23,-20.945680334899276,0.1955470295378035,14,-17.70174053765602,0.35819339318550086,-18.744028824300806,-1.1474910080927159,False
S78_SL5_TP15,3,2026-07-24T13:00:00+00:00,2026-07-31T13:00:00+00:00,2026-07-31T13:00:00+00:00,2026-08-02T13:00:00+00:00,42,-46.26092520485916,0.14687109923940425,17,28.96357552925588,2.2093055270921598,-11.769739585882,-0.1800259662438906,True
S78_SL5_TP15,4,2026-07-26T13:00:00+00:00,2026-08-02T13:00:00+00:00,2026-08-02T13:00:00+00:00,2026-08-04T13:00:00+00:00,67,-41.33811603092701,0.5587015758572831,19,13.183336308331839,1.4880752804572899,-17.520546239471567,-0.2,True
S78_SL5_TP15,5,2026-07-28T13:00:00+00:00,2026-08-04T13:00:00+00:00,2026-08-04T13:00:00+00:00,2026-08-06T13:00:00+00:00,75,20.65767983520277,1.2411952906556152,21,38.468175985263684,2.24304468875818,-17.292724173266027,1.8168967158495921,True
S78_SL5_TP15,6,2026-07-30T13:00:00+00:00,2026-08-06T13:00:00+00:00,2026-08-06T13:00:00+00:00,2026-08-08T13:00:00+00:00,78,69.48180641322499,1.5270544571665003,20,66.17683449166645,7.620272569504254,-5.199999999999994,0.710293046715105,True
S78_SL5_TP15,7,2026-08-01T13:00:00+00:00,2026-08-08T13:00:00+00:00,2026-08-08T13:00:00+00:00,2026-08-10T13:00:00+00:00,79,85.28007740755929,1.586343535112444,20,36.73454122166142,2.391153510047586,-21.70812979843325,-0.10642079525480225,True
S78_SL5_TP15,8,2026-08-03T13:00:00+00:00,2026-08-10T13:00:00+00:00,2026-08-10T13:00:00+00:00,2026-08-12T13:00:00+00:00,75,211.6924611055387,2.5503083268383975,23,1.8265335967088348,1.1286731796544733,-24.10517215654926,-0.27408372833224154,True
S78_SL5_TP15,9,2026-08-05T13:00:00+00:00,2026-08-12T13:00:00+00:00,2026-08-12T13:00:00+00:00,2026-08-14T13:00:00+00:00,81,36.31082375147836,1.3063808878789045,21,35.02610029820765,2.3278546501688773,-7.732590912371107,0.5462686567164312,True
S78_SL5_TP15,10,2026-08-07T13:00:00+00:00,2026-08-14T13:00:00+00:00,2026-08-14T13:00:00+00:00,2026-08-16T13:00:00+00:00,73,79.84936912979563,1.8122186896520354,18,65.85520694664389,7.128324822189978,-6.32196751743307,0.18059640858347786,True
S78_SL5_TP15,11,2026-08-09T13:00:00+00:00,2026-08-16T13:00:00+00:00,2026-08-16T13:00:00+00:00,2026-08-18T13:00:00+00:00,75,93.00636220138487,1.832473363303177,23,5.847605857066718,1.2095192581491012,-26.20158443263896,-1.387824795842618,True
S78_SL5_TP15,12,2026-08-11T13:00:00+00:00,2026-08-18T13:00:00+00:00,2026-08-18T13:00:00+00:00,2026-08-20T13:00:00+00:00,80,209.25421347106746,2.095345290010069,17,76.93606871997119,3.365434567418965,-19.417676096642012,0.40376056580990766,True
S78_SL6_TP8,0,2026-07-18T13:00:00+00:00,2026-07-25T13:00:00+00:00,2026-07-25T13:00:00+00:00,2026-07-27T13:00:00+00:00,0,0.0,0.0,0,0.0,0.0,0.0,0.0,False
S78_SL6_TP8,1,2026-07-20T13:00:00+00:00,2026-07-27T13:00:00+00:00,2026-07-27T13:00:00+00:00,2026-07-29T13:00:00+00:00,0,0.0,0.0,17,-21.98231834138833,0.3503335365548038,-26.32039648632819,-0.3000700490343287,False
S78_SL6_TP8,2,2026-07-22T13:00:00+00:00,2026-07-29T13:00:00+00:00,2026-07-29T13:00:00+00:00,2026-07-31T13:00:00+00:00,22,-8.321708888222313,0.6638931927725704,14,12.348992672403192,1.838214881537662,-10.852224414434385,0.5941395589099454,True
S78_SL6_TP8,3,2026-07-24T13:00:00+00:00,2026-07-31T13:00:00+00:00,2026-07-31T13:00:00+00:00,2026-08-02T13:00:00+00:00,43,-2.1670668605464183,1.000278518418805,17,14.827596336961001,1.85530106836722,-16.121276128844496,-0.1800259662438906,True
S78_SL6_TP8,4,2026-07-26T13:00:00+00:00,2026-08-02T13:00:00+00:00,2026-08-02T13:00:00+00:00,2026-08-04T13:00:00+00:00,68,-13.287871840038889,0.8967953152818181,22,1.6087517784428407,1.102793624665922,-20.063453874634096,-0.47318850006503577,True
S78_SL6_TP8,5,2026-07-28T13:00:00+00:00,2026-08-04T13:00:00+00:00,2026-08-04T13:00:00+00:00,2026-08-06T13:00:00+00:00,76,11.918011606901068,1.1615460212584283,20,29.686231170139067,2.2103449196884504,-15.831864806036588,2.0832358933355555,True
S78_SL6_TP8,6,2026-07-30T13:00:00+00:00,2026-08-06T13:00:00+00:00,2026-08-06T13:00:00+00:00,2026-08-08T13:00:00+00:00,79,60.59057493768136,1.4963941479283192,22,57.92954742983978,4.154737474529124,-6.200000000000017,0.4434870299125595,True
S78_SL6_TP8,7,2026-08-01T13:00:00+00:00,2026-08-08T13:00:00+00:00,2026-08-08T13:00:00+00:00,2026-08-10T13:00:00+00:00,82,81.4518043190626,1.580610506372433,21,36.37779294226207,2.5319370353980175,-12.702160680869412,1.1724987172909265,True
S78_SL6_TP8,8,2026-08-03T13:00:00+00:00,2026-08-10T13:00:00+00:00,2026-08-10T13:00:00+00:00,2026-08-12T13:00:00+00:00,80,179.67737356167012,2.4575924215145277,21,-4.347584402015192,0.9014962148276051,-18.195158292735456,-0.2,False
S78_SL6_TP8,9,2026-08-05T13:00:00+00:00,2026-08-12T13:00:00+00:00,2026-08-12T13:00:00+00:00,2026-08-14T13:00:00+00:00,80,-31.081524316019028,0.8129516561835786,21,22.126558243617488,1.800421013305129,-8.705875818358743,0.5462686567164312,True
S78_SL6_TP8,10,2026-08-07T13:00:00+00:00,2026-08-14T13:00:00+00:00,2026-08-14T13:00:00+00:00,2026-08-16T13:00:00+00:00,79,121.39564494078607,1.9593063491987184,22,56.103298034233816,3.4005929554612124,-6.387600000000015,0.5677585025854583,True
S78_SL6_TP8,11,2026-08-09T13:00:00+00:00,2026-08-16T13:00:00+00:00,2026-08-16T13:00:00+00:00,2026-08-18T13:00:00+00:00,79,104.21153508337619,1.8309306442913702,27,1.006237101309071,1.0834969278519775,-26.030693069393074,-0.9461118116855791,True
S78_SL6_TP8,12,2026-08-11T13:00:00+00:00,2026-08-18T13:00:00+00:00,2026-08-18T13:00:00+00:00,2026-08-20T13:00:00+00:00,91,110.03858566800018,1.5961942843911823,18,40.853576456257336,2.3921062328637226,-17.470632800000008,0.7230301770569161,True
S78_SL6_TP10,0,2026-07-18T13:00:00+00:00,2026-07-25T13:00:00+00:00,2026-07-25T13:00:00+00:00,2026-07-27T13:00:00+00:00,0,0.0,0.0,0,0.0,0.0,0.0,0.0,False
S78_SL6_TP10,1,2026-07-20T13:00:00+00:00,2026-07-27T13:00:00+00:00,2026-07-27T13:00:00+00:00,2026-07-29T13:00:00+00:00,0,0.0,0.0,17,-20.53486599150687,0.4056375915809327,-26.320396486328168,-0.3000700490343287,False
S78_SL6_TP10,2,2026-07-22T13:00:00+00:00,2026-07-29T13:00:00+00:00,2026-07-29T13:00:00+00:00,2026-07-31T13:00:00+00:00,22,-15.441495174751886,0.45925646040602147,14,4.823488023640721,1.3180266523370197,-8.184610141553094,0.5941395589099454,True
S78_SL6_TP10,3,2026-07-24T13:00:00+00:00,2026-07-31T13:00:00+00:00,2026-07-31T13:00:00+00:00,2026-08-02T13:00:00+00:00,44,-11.483071559174507,0.8679329297417046,17,14.310521228226825,1.639844161310777,-14.815658864306059,-0.21299909006369228,True
S78_SL6_TP10,4,2026-07-26T13:00:00+00:00,2026-08-02T13:00:00+00:00,2026-08-02T13:00:00+00:00,2026-08-04T13:00:00+00:00,69,-15.60968649888963,0.9044121610939568,22,-4.020304547823472,0.9785013990818887,-20.388705203220503,-0.6160332754091666,False
S78_SL6_TP10,5,2026-07-28T13:00:00+00:00,2026-08-04T13:00:00+00:00,2026-08-04T13:00:00+00:00,2026-08-06T13:00:00+00:00,74,38.559266363731545,1.3865069117341045,20,21.67108042766044,1.9015058724697307,-13.757214610680613,1.577666842590997,True
S78_SL6_TP10,6,2026-07-30T13:00:00+00:00,2026-08-06T13:00:00+00:00,2026-08-06T13:00:00+00:00,2026-08-08T13:00:00+00:00,82,5.8264124595690525,1.1068927709657563,23,45.52341867484002,3.1519610673846477,-6.200000000000017,-0.10843104927380481,True
S78_SL6_TP10,7,2026-08-01T13:00:00+00:00,2026-08-08T13:00:00+00:00,2026-08-08T13:00:00+00:00,2026-08-10T13:00:00+00:00,84,102.28485090065985,1.5822153978821354,20,24.616715071395202,2.134219361183038,-18.448233566812355,-0.08479262672811388,True
S78_SL6_TP10,8,2026-08-03T13:00:00+00:00,2026-08-10T13:00:00+00:00,2026-08-10T13:00:00+00:00,2026-08-12T13:00:00+00:00,76,234.92019618319895,3.03120098349992,22,-6.917950084840607,0.8574838112665536,-18.195158292735456,-0.23704186416612077,False
S78_SL6_TP10,9,2026-08-05T13:00:00+00:00,2026-08-12T13:00:00+00:00,2026-08-12T13:00:00+00:00,2026-08-14T13:00:00+00:00,81,7.962778495847878,1.120610068022256,20,33.01076469489943,2.427817576263078,-8.705875818358743,0.9872936203936147,True
S78_SL6_TP10,10,2026-08-07T13:00:00+00:00,2026-08-14T13:00:00+00:00,2026-08-14T13:00:00+00:00,2026-08-16T13:00:00+00:00,76,151.67686009500173,2.2674335277460185,19,51.767277200853854,4.275976306990771,-6.200000000000017,0.47365269461077125,True
S78_SL6_TP10,11,2026-08-09T13:00:00+00:00,2026-08-16T13:00:00+00:00,2026-08-16T13:00:00+00:00,2026-08-18T13:00:00+00:00,75,132.66937204594265,2.091662278253263,24,16.821747745915694,1.3581801293178073,-22.587453566400008,-0.9442431255220316,True
S78_SL6_TP10,12,2026-08-11T13:00:00+00:00,2026-08-18T13:00:00+00:00,2026-08-18T13:00:00+00:00,2026-08-20T13:00:00+00:00,82,173.06287781840882,2.0054501929082966,17,48.60525687504244,2.622940473821988,-17.470632800000008,0.41259706643657096,True
S78_SL6_TP12,0,2026-07-18T13:00:00+00:00,2026-07-25T13:00:00+00:00,2026-07-25T13:00:00+00:00,2026-07-27T13:00:00+00:00,0,0.0,0.0,0,0.0,0.0,0.0,0.0,False
S78_SL6_TP12,1,2026-07-20T13:00:00+00:00,2026-07-27T13:00:00+00:00,2026-07-27T13:00:00+00:00,2026-07-29T13:00:00+00:00,0,0.0,0.0,16,-18.909028086666034,0.463762691296847,-26.15795727194249,-0.3396407592841931,False
S78_SL6_TP12,2,2026-07-22T13:00:00+00:00,2026-07-29T13:00:00+00:00,2026-07-29T13:00:00+00:00,2026-07-31T13:00:00+00:00,22,-15.441495174751886,0.45925646040602147,14,7.799158042700816,1.4809395365933822,-8.184610141553094,0.5941395589099454,True
S78_SL6_TP12,3,2026-07-24T13:00:00+00:00,2026-07-31T13:00:00+00:00,2026-07-31T13:00:00+00:00,2026-08-02T13:00:00+00:00,43,-15.200381907505456,0.8059855547343967,16,21.71440425985951,2.020891028752516,-12.470589095983097,-0.12920686776405327,True
S78_SL6_TP12,4,2026-07-26T13:00:00+00:00,2026-08-02T13:00:00+00:00,2026-08-02T13:00:00+00:00,2026-08-04T13:00:00+00:00,68,-6.28722481220575,1.009046975978048,22,5.305095208825739,1.2050527812180893,-22.237312674458963,-0.48317551694309047,True
S78_SL6_TP12,5,2026-07-28T13:00:00+00:00,2026-08-04T13:00:00+00:00,2026-08-04T13:00:00+00:00,2026-08-06T13:00:00+00:00,72,64.83073350777646,1.5600516491723488,20,23.887311400841902,1.985766874206969,-13.757214610680624,1.577666842590997,True
S78_SL6_TP12,6,2026-07-30T13:00:00+00:00,2026-08-06T13:00:00+00:00,2026-08-06T13:00:00+00:00,2026-08-08T13:00:00+00:00,81,56.07702526417731,1.4137940743537192,20,51.65577919740891,4.4041939629792015,-6.200000000000017,0.4434870299125595,True
S78_SL6_TP12,7,2026-08-01T13:00:00+00:00,2026-08-08T13:00:00+00:00,2026-08-08T13:00:00+00:00,2026-08-10T13:00:00+00:00,81,7.106106506233534,1.1175754121280832,20,27.97652378291675,2.1431140534963866,-20.664238904489373,-0.10642079525480225,True
S78_SL6_TP12,8,2026-08-03T13:00:00+00:00,2026-08-10T13:00:00+00:00,2026-08-10T13:00:00+00:00,2026-08-12T13:00:00+00:00,72,160.60235682800968,2.478852392014669,21,2.8826228688249467,1.1689675970003803,-18.195158292735446,-0.2,True
S78_SL6_TP12,9,2026-08-05T13:00:00+00:00,2026-08-12T13:00:00+00:00,2026-08-12T13:00:00+00:00,2026-08-14T13:00:00+00:00,81,-18.905367305375197,0.9399813520387587,21,29.350632158964274,2.029273384020445,-8.705875818358743,0.5462686567164312,True
S78_SL6_TP12,10,2026-08-07T13:00:00+00:00,2026-08-14T13:00:00+00:00,2026-08-14T13:00:00+00:00,2026-08-16T13:00:00+00:00,74,93.99009305436228,1.8838242092508188,19,63.130811434505006,4.868002764937577,-6.200000000000017,0.47365269461077125,True
S78_SL6_TP12,11,2026-08-09T13:00:00+00:00,2026-08-16T13:00:00+00:00,2026-08-16T13:00:00+00:00,2026-08-18T13:00:00+00:00,76,110.3725225245444,1.7945180803412182,23,-5.206164561236393,0.9955961846433161,-29.825845693177545,-1.7471167369901506,False
S78_SL6_TP12,12,2026-08-11T13:00:00+00:00,2026-08-18T13:00:00+00:00,2026-08-18T13:00:00+00:00,2026-08-20T13:00:00+00:00,80,334.3555791421505,2.5283618614960552,16,50.82336056029932,2.7048493980329855,-22.764352467536654,0.4081788161232393,True
S78_SL6_TP15,0,2026-07-18T13:00:00+00:00,2026-07-25T13:00:00+00:00,2026-07-25T13:00:00+00:00,2026-07-27T13:00:00+00:00,0,0.0,0.0,0,0.0,0.0,0.0,0.0,False
S78_SL6_TP15,1,2026-07-20T13:00:00+00:00,2026-07-27T13:00:00+00:00,2026-07-27T13:00:00+00:00,2026-07-29T13:00:00+00:00,0,0.0,0.0,15,-26.642111804803335,0.13961965514130603,-29.947658035243695,-0.37921146953405743,False
S78_SL6_TP15,2,2026-07-22T13:00:00+00:00,2026-07-29T13:00:00+00:00,2026-07-29T13:00:00+00:00,2026-07-31T13:00:00+00:00,22,-15.441495174751886,0.45925646040602147,14,-20.557926419632533,0.3211726922049915,-20.72783753191958,-1.1678855398374322,False
S78_SL6_TP15,3,2026-07-24T13:00:00+00:00,2026-07-31T13:00:00+00:00,2026-07-31T13:00:00+00:00,2026-08-02T13:00:00+00:00,42,-31.601671006778098,0.4813159787762872,16,31.777793460844528,2.430534483377546,-12.470589095983087,-0.12920686776405327,True
S78_SL6_TP15,4,2026-07-26T13:00:00+00:00,2026-08-02T13:00:00+00:00,2026-08-02T13:00:00+00:00,2026-08-04T13:00:00+00:00,66,-21.271584881926444,0.8562047542608006,21,-0.9224372576751683,1.0749186353728755,-27.387031445283206,-0.7463770001300716,False
S78_SL6_TP15,5,2026-07-28T13:00:00+00:00,2026-08-04T13:00:00+00:00,2026-08-04T13:00:00+00:00,2026-08-06T13:00:00+00:00,70,27.862801441522713,1.308308950164827,20,27.211657860614036,2.112158376812826,-13.757214610680602,1.577666842590997,True
S78_SL6_TP15,6,2026-07-30T13:00:00+00:00,2026-08-06T13:00:00+00:00,2026-08-06T13:00:00+00:00,2026-08-08T13:00:00+00:00,79,41.235994498515424,1.3351256426216247,20,64.42391429660663,6.78651106414826,-6.200000000000017,0.710293046715105,True
S78_SL6_TP15,7,2026-08-01T13:00:00+00:00,2026-08-08T13:00:00+00:00,2026-08-08T13:00:00+00:00,2026-08-10T13:00:00+00:00,77,20.51016213424921,1.2167504731168783,21,53.67708990752558,2.760064330429788,-12.914518207123859,0.030414746543772242,True
S78_SL6_TP15,8,2026-08-03T13:00:00+00:00,2026-08-10T13:00:00+00:00,2026-08-10T13:00:00+00:00,2026-08-12T13:00:00+00:00,73,114.75627803733835,2.0190056356684587,21,6.222214187685782,1.2897514080941657,-18.19515829273547,-0.2,True
S78_SL6_TP15,9,2026-08-05T13:00:00+00:00,2026-08-12T13:00:00+00:00,2026-08-12T13:00:00+00:00,2026-08-14T13:00:00+00:00,80,-3.7208610239214734,1.0580281332417332,21,36.385664668273975,2.2456291285453953,-8.705875818358743,0.5462686567164312,True
S78_SL6_TP15,10,2026-08-07T13:00:00+00:00,2026-08-14T13:00:00+00:00,2026-08-14T13:00:00+00:00,2026-08-16T13:00:00+00:00,71,53.915085695560514,1.5683578224035961,18,65.85520694664389,7.128324822189978,-6.32196751743307,0.18059640858347786,True
S78_SL6_TP15,11,2026-08-09T13:00:00+00:00,2026-08-16T13:00:00+00:00,2026-08-16T13:00:00+00:00,2026-08-18T13:00:00+00:00,75,126.42004772287846,2.0617961817099593,22,-17.751379675993928,0.767566609474743,-33.57827847825896,-2.2131164390959968,False
S78_SL6_TP15,12,2026-08-11T13:00:00+00:00,2026-08-18T13:00:00+00:00,2026-08-18T13:00:00+00:00,2026-08-20T13:00:00+00:00,78,286.8795121112542,2.4490878240845877,16,76.79465068522511,3.3750133233956863,-22.764352467536654,0.4081788161232393,True
S80_SL4_TP8,0,2026-07-18T13:00:00+00:00,2026-07-25T13:00:00+00:00,2026-07-25T13:00:00+00:00,2026-07-27T13:00:00+00:00,0,0.0,0.0,0,0.0,0.0,0.0,0.0,False
S80_SL4_TP8,1,2026-07-20T13:00:00+00:00,2026-07-27T13:00:00+00:00,2026-07-27T13:00:00+00:00,2026-07-29T13:00:00+00:00,0,0.0,0.0,19,-24.709751120252953,0.2776419306324459,-28.845378049683703,-0.3000700490343287,False
S80_SL4_TP8,2,2026-07-22T13:00:00+00:00,2026-07-29T13:00:00+00:00,2026-07-29T13:00:00+00:00,2026-07-31T13:00:00+00:00,27,-17.47798420828187,0.5133413956125089,19,-22.205547988387366,0.35198186018751404,-25.513460769016337,-0.7289097247265228,False
S80_SL4_TP8,3,2026-07-24T13:00:00+00:00,2026-07-31T13:00:00+00:00,2026-07-31T13:00:00+00:00,2026-08-02T13:00:00+00:00,50,-31.967196988350555,0.5556127939432944,18,-2.1779958096025065,0.968823794968913,-22.96982972161208,-0.20150354183440228,False
S80_SL4_TP8,4,2026-07-26T13:00:00+00:00,2026-08-02T13:00:00+00:00,2026-08-02T13:00:00+00:00,2026-08-04T13:00:00+00:00,73,-31.439216704353655,0.6963406715880894,22,20.144118495031904,1.7718881391773664,-8.223599999999998,0.17222462634858288,True
S80_SL4_TP8,5,2026-07-28T13:00:00+00:00,2026-08-04T13:00:00+00:00,2026-08-04T13:00:00+00:00,2026-08-06T13:00:00+00:00,78,29.592109159774328,1.3231430671211204,20,36.830680912299286,2.836820164792461,-10.203600545455405,2.0832358933355555,True
S80_SL4_TP8,6,2026-07-30T13:00:00+00:00,2026-08-06T13:00:00+00:00,2026-08-06T13:00:00+00:00,2026-08-08T13:00:00+00:00,82,16.582138577590722,1.1948589122654787,22,57.9952617423126,4.309076661917958,-4.200000000000004,0.4434870299125595,True
S80_SL4_TP8,7,2026-08-01T13:00:00+00:00,2026-08-08T13:00:00+00:00,2026-08-08T13:00:00+00:00,2026-08-10T13:00:00+00:00,83,123.20557867409376,1.890490975445935,21,23.384254872902723,1.934273138269517,-17.380362715148067,0.33619302949061697,True
S80_SL4_TP8,8,2026-08-03T13:00:00+00:00,2026-08-10T13:00:00+00:00,2026-08-10T13:00:00+00:00,2026-08-12T13:00:00+00:00,78,158.8816827058841,2.5663059142019384,21,15.525052052712995,1.527042160644779,-16.870820271180442,-0.2,True
S80_SL4_TP8,9,2026-08-05T13:00:00+00:00,2026-08-12T13:00:00+00:00,2026-08-12T13:00:00+00:00,2026-08-14T13:00:00+00:00,84,23.176822135752694,1.2282939454757638,19,27.429650449795083,2.4424610017779718,-10.675415154115353,-0.19000999000997593,True
S80_SL4_TP8,10,2026-08-07T13:00:00+00:00,2026-08-14T13:00:00+00:00,2026-08-14T13:00:00+00:00,2026-08-16T13:00:00+00:00,84,70.22610435446781,1.5293545669503004,24,74.05813078768446,4.521093383219013,-7.342539731869913,0.5677585025854583,True
S80_SL4_TP8,11,2026-08-09T13:00:00+00:00,2026-08-16T13:00:00+00:00,2026-08-16T13:00:00+00:00,2026-08-18T13:00:00+00:00,82,114.92684947976022,1.8472700687731687,28,-15.294947492688104,0.7737779787522597,-20.578007881329363,-2.0334704685222302,False
S80_SL4_TP8,12,2026-08-11T13:00:00+00:00,2026-08-18T13:00:00+00:00,2026-08-18T13:00:00+00:00,2026-08-20T13:00:00+00:00,95,163.056003893064,1.8859168394736416,19,56.354559838262475,3.1158266134030526,-8.223600000000008,1.0334632876772611,True
S80_SL4_TP10,0,2026-07-18T13:00:00+00:00,2026-07-25T13:00:00+00:00,2026-07-25T13:00:00+00:00,2026-07-27T13:00:00+00:00,0,0.0,0.0,0,0.0,0.0,0.0,0.0,False
S80_SL4_TP10,1,2026-07-20T13:00:00+00:00,2026-07-27T13:00:00+00:00,2026-07-27T13:00:00+00:00,2026-07-29T13:00:00+00:00,0,0.0,0.0,19,-23.31290049168623,0.3305512250070979,-28.845378049683667,-0.3000700490343287,False
S80_SL4_TP10,2,2026-07-22T13:00:00+00:00,2026-07-29T13:00:00+00:00,2026-07-29T13:00:00+00:00,2026-07-31T13:00:00+00:00,27,-15.946963507136825,0.5673291175414654,19,-20.76223719039828,0.40592024052591674,-25.513460769016337,-0.7289097247265228,False
S80_SL4_TP10,3,2026-07-24T13:00:00+00:00,2026-07-31T13:00:00+00:00,2026-07-31T13:00:00+00:00,2026-08-02T13:00:00+00:00,50,-36.112506369632804,0.5066983770903833,18,-0.8329526509041063,1.036850275760914,-26.10059424067298,-0.5908504050307792,False
S80_SL4_TP10,4,2026-07-26T13:00:00+00:00,2026-08-02T13:00:00+00:00,2026-08-02T13:00:00+00:00,2026-08-04T13:00:00+00:00,74,-33.19970627258536,0.6965275473110981,20,34.229232071226456,2.4191679193673408,-8.223600000000008,0.09327090585486991,True
S80_SL4_TP10,5,2026-07-28T13:00:00+00:00,2026-08-04T13:00:00+00:00,2026-08-04T13:00:00+00:00,2026-08-06T13:00:00+00:00,78,48.57580666007853,1.484693732633949,20,21.577831821953588,1.8845826741414136,-10.905740492461625,1.577666842590997,True
S80_SL4_TP10,6,2026-07-30T13:00:00+00:00,2026-08-06T13:00:00+00:00,2026-08-06T13:00:00+00:00,2026-08-08T13:00:00+00:00,83,56.3433959441326,1.4634107256909523,23,48.20626863555615,3.577237506535454,-5.736894943698834,0.3496921723834758,True
S80_SL4_TP10,7,2026-08-01T13:00:00+00:00,2026-08-08T13:00:00+00:00,2026-08-08T13:00:00+00:00,2026-08-10T13:00:00+00:00,80,90.85366109826454,1.7602418120564274,20,44.62900186838752,3.4827663205054464,-7.861148291566056,0.6014567319173494,True
S80_SL4_TP10,8,2026-08-03T13:00:00+00:00,2026-08-10T13:00:00+00:00,2026-08-10T13:00:00+00:00,2026-08-12T13:00:00+00:00,78,143.5591275966721,2.3972987512931665,21,10.459704012665515,1.3508231414131695,-22.885733090148875,-0.27408372833224154,True
S80_SL4_TP10,9,2026-08-05T13:00:00+00:00,2026-08-12T13:00:00+00:00,2026-08-12T13:00:00+00:00,2026-08-14T13:00:00+00:00,83,14.240201502281202,1.1716203109754912,21,22.4731574384635,1.855085954134701,-10.675415154115353,-0.19700263767885567,True
S80_SL4_TP10,10,2026-08-07T13:00:00+00:00,2026-08-14T13:00:00+00:00,2026-08-14T13:00:00+00:00,2026-08-16T13:00:00+00:00,82,104.12050676980567,1.777316250630026,20,46.843490243260135,3.6024690005877766,-7.342539731869923,0.18059640858347786,True
S80_SL4_TP10,11,2026-08-09T13:00:00+00:00,2026-08-16T13:00:00+00:00,2026-08-16T13:00:00+00:00,2026-08-18T13:00:00+00:00,87,31.137642593600923,1.2626152267964992,25,-7.850315198608582,0.9025859320915297,-16.041655089276585,-1.387824795842618,False
S80_SL4_TP10,12,2026-08-11T13:00:00+00:00,2026-08-18T13:00:00+00:00,2026-08-18T13:00:00+00:00,2026-08-20T13:00:00+00:00,89,155.4374966031225,1.9349015099703388,18,64.95931528983891,3.3911358343421467,-12.078208800000013,0.7230301770569161,True
S80_SL4_TP12,0,2026-07-18T13:00:00+00:00,2026-07-25T13:00:00+00:00,2026-07-25T13:00:00+00:00,2026-07-27T13:00:00+00:00,0,0.0,0.0,0,0.0,0.0,0.0,0.0,False
S80_SL4_TP12,1,2026-07-20T13:00:00+00:00,2026-07-27T13:00:00+00:00,2026-07-27T13:00:00+00:00,2026-07-29T13:00:00+00:00,0,0.0,0.0,19,-21.908235978070167,0.3835618575782619,-23.782642756493743,-0.3000700490343287,False
S80_SL4_TP12,2,2026-07-22T13:00:00+00:00,2026-07-29T13:00:00+00:00,2026-07-29T13:00:00+00:00,2026-07-31T13:00:00+00:00,27,-26.664108415152153,0.27195643272895875,18,-27.834460100544877,0.14162217686774373,-27.83446010054491,-1.1787405766489787,False
S80_SL4_TP12,3,2026-07-24T13:00:00+00:00,2026-07-31T13:00:00+00:00,2026-07-31T13:00:00+00:00,2026-08-02T13:00:00+00:00,48,-46.042647292252525,0.29842974759598484,18,1.516533374426987,1.1235796154599897,-24.83869101603028,-0.36506191289654133,True
S80_SL4_TP12,4,2026-07-26T13:00:00+00:00,2026-08-02T13:00:00+00:00,2026-08-02T13:00:00+00:00,2026-08-04T13:00:00+00:00,72,-42.95379647530437,0.5736572135464322,20,28.25484537271292,2.0631537981674266,-12.0782088,0.09327090585486991,True
S80_SL4_TP12,5,2026-07-28T13:00:00+00:00,2026-08-04T13:00:00+00:00,2026-08-04T13:00:00+00:00,2026-08-06T13:00:00+00:00,76,58.48867447730846,1.567277352857038,20,23.79236427772686,1.96809376200019,-10.905740492461613,1.577666842590997,True
S80_SL4_TP12,6,2026-07-30T13:00:00+00:00,2026-08-06T13:00:00+00:00,2026-08-06T13:00:00+00:00,2026-08-08T13:00:00+00:00,81,40.26558541312784,1.3629478845643246,23,77.69723540909004,4.753322998834232,-5.8688552043176685,0.5372818874416432,True
S80_SL4_TP12,7,2026-08-01T13:00:00+00:00,2026-08-08T13:00:00+00:00,2026-08-08T13:00:00+00:00,2026-08-10T13:00:00+00:00,79,100.05781998748078,1.7990688258054068,20,47.34330342759074,3.2490710724012266,-10.364836392063548,0.6014567319173494,True
S80_SL4_TP12,8,2026-08-03T13:00:00+00:00,2026-08-10T13:00:00+00:00,2026-08-10T13:00:00+00:00,2026-08-12T13:00:00+00:00,76,190.4213587932662,2.6786969053586422,21,16.60636722194169,1.5184903758000907,-22.88573309014884,-0.27408372833224154,True
S80_SL4_TP12,9,2026-08-05T13:00:00+00:00,2026-08-12T13:00:00+00:00,2026-08-12T13:00:00+00:00,2026-08-14T13:00:00+00:00,82,21.732263178864365,1.2236540711012565,19,38.654684042144424,2.9587682380183344,-10.675415154115353,-0.19000999000997593,True
S80_SL4_TP12,10,2026-08-07T13:00:00+00:00,2026-08-14T13:00:00+00:00,2026-08-14T13:00:00+00:00,2026-08-16T13:00:00+00:00,78,93.04173284178852,1.7662927092465326,19,64.7582017193786,5.611550165124228,-7.342539731869923,0.47365269461077125,True
S80_SL4_TP12,11,2026-08-09T13:00:00+00:00,2026-08-16T13:00:00+00:00,2026-08-16T13:00:00+00:00,2026-08-18T13:00:00+00:00,82,71.9648414698955,1.5235333047433883,25,-0.9506322289065561,1.0563925562944865,-16.041655089276585,-1.387824795842618,False
S80_SL4_TP12,12,2026-08-11T13:00:00+00:00,2026-08-18T13:00:00+00:00,2026-08-18T13:00:00+00:00,2026-08-20T13:00:00+00:00,86,306.1482823356277,2.4689240966826898,17,65.63501989657523,3.435852159418275,-15.855697709005522,0.41259706643657096,True
S80_SL4_TP15,0,2026-07-18T13:00:00+00:00,2026-07-25T13:00:00+00:00,2026-07-25T13:00:00+00:00,2026-07-27T13:00:00+00:00,0,0.0,0.0,0,0.0,0.0,0.0,0.0,False
S80_SL4_TP15,1,2026-07-20T13:00:00+00:00,2026-07-27T13:00:00+00:00,2026-07-27T13:00:00+00:00,2026-07-29T13:00:00+00:00,0,0.0,0.0,19,-33.08415927280076,0.0641814675698816,-34.69031463391862,-2.8592455163883757,False
S80_SL4_TP15,2,2026-07-22T13:00:00+00:00,2026-07-29T13:00:00+00:00,2026-07-29T13:00:00+00:00,2026-07-31T13:00:00+00:00,27,-26.664108415152153,0.27195643272895875,18,-27.834460100544877,0.14162217686774373,-27.83446010054491,-1.1787405766489787,False
S80_SL4_TP15,3,2026-07-24T13:00:00+00:00,2026-07-31T13:00:00+00:00,2026-07-31T13:00:00+00:00,2026-08-02T13:00:00+00:00,48,-46.48911370706378,0.28748284746709624,18,7.037744215080899,1.330375734466938,-24.83869101603029,-0.36506191289654133,True
S80_SL4_TP15,4,2026-07-26T13:00:00+00:00,2026-08-02T13:00:00+00:00,2026-08-02T13:00:00+00:00,2026-08-04T13:00:00+00:00,73,-26.321504586712784,0.7867289723580576,18,27.370533097361772,2.219597564791187,-12.0782088,-0.1965001749912652,True
S80_SL4_TP15,5,2026-07-28T13:00:00+00:00,2026-08-04T13:00:00+00:00,2026-08-04T13:00:00+00:00,2026-08-06T13:00:00+00:00,75,83.53998613222431,1.7581831421109728,20,27.1141629613868,2.0933603937883536,-10.905740492461625,1.577666842590997,True
S80_SL4_TP15,6,2026-07-30T13:00:00+00:00,2026-08-06T13:00:00+00:00,2026-08-06T13:00:00+00:00,2026-08-08T13:00:00+00:00,79,73.61867763553505,1.5830958745555297,20,71.10807964944024,10.186721759031608,-4.200000000000004,0.710293046715105,True
S80_SL4_TP15,7,2026-08-01T13:00:00+00:00,2026-08-08T13:00:00+00:00,2026-08-08T13:00:00+00:00,2026-08-10T13:00:00+00:00,77,83.44296897113156,1.700363313471897,21,51.18384153666664,2.9115040493736064,-11.327770759644352,0.030414746543772242,True
S80_SL4_TP15,8,2026-08-03T13:00:00+00:00,2026-08-10T13:00:00+00:00,2026-08-10T13:00:00+00:00,2026-08-12T13:00:00+00:00,76,196.8562935023742,2.6289111401015623,20,29.041726004169078,1.929767990674975,-22.88573309014884,-0.23704186416612077,True
S80_SL4_TP15,9,2026-08-05T13:00:00+00:00,2026-08-12T13:00:00+00:00,2026-08-12T13:00:00+00:00,2026-08-14T13:00:00+00:00,85,20.550502286072515,1.2093940287229357,19,46.19573887522621,3.292844806248622,-10.675415154115353,-0.19000999000997593,True
S80_SL4_TP15,10,2026-08-07T13:00:00+00:00,2026-08-14T13:00:00+00:00,2026-08-14T13:00:00+00:00,2026-08-16T13:00:00+00:00,78,54.89366184739271,1.461821535925333,20,82.40490291660778,5.966942621232412,-6.32196751743307,0.18059640858347786,True
S80_SL4_TP15,11,2026-08-09T13:00:00+00:00,2026-08-16T13:00:00+00:00,2026-08-16T13:00:00+00:00,2026-08-18T13:00:00+00:00,84,109.37917676774904,1.6990760082555112,25,-33.09026967904688,0.3759961862135124,-33.09026967904688,-4.199999999999992,False
S80_SL4_TP15,12,2026-08-11T13:00:00+00:00,2026-08-18T13:00:00+00:00,2026-08-18T13:00:00+00:00,2026-08-20T13:00:00+00:00,86,260.09217846782906,2.298694369778991,17,89.08304464676213,4.101922855238658,-15.855697709005522,0.41259706643657096,True
S80_SL5_TP8,0,2026-07-18T13:00:00+00:00,2026-07-25T13:00:00+00:00,2026-07-25T13:00:00+00:00,2026-07-27T13:00:00+00:00,0,0.0,0.0,0,0.0,0.0,0.0,0.0,False
S80_SL5_TP8,1,2026-07-20T13:00:00+00:00,2026-07-27T13:00:00+00:00,2026-07-27T13:00:00+00:00,2026-07-29T13:00:00+00:00,0,0.0,0.0,19,-27.362885781628155,0.27491846039235435,-31.383197439625356,-0.3000700490343287,False
S80_SL5_TP8,2,2026-07-22T13:00:00+00:00,2026-07-29T13:00:00+00:00,2026-07-29T13:00:00+00:00,2026-07-31T13:00:00+00:00,23,-10.175308984218434,0.5713621873030447,15,-15.462917422004018,0.4581562152027798,-15.462917422004042,-0.24095126799109617,False
S80_SL5_TP8,3,2026-07-24T13:00:00+00:00,2026-07-31T13:00:00+00:00,2026-07-31T13:00:00+00:00,2026-08-02T13:00:00+00:00,44,-24.03596346545057,0.5805364431887653,18,-7.178047876152571,0.8150808381538234,-26.907132634947452,-0.20150354183440228,False
S80_SL5_TP8,4,2026-07-26T13:00:00+00:00,2026-08-02T13:00:00+00:00,2026-08-02T13:00:00+00:00,2026-08-04T13:00:00+00:00,69,-28.733435567692446,0.7040401210036281,21,20.390316779934857,1.7896778324088687,-10.129600000000016,0.37954216169227023,True
S80_SL5_TP8,5,2026-07-28T13:00:00+00:00,2026-08-04T13:00:00+00:00,2026-08-04T13:00:00+00:00,2026-08-06T13:00:00+00:00,76,-1.2497058970301955,1.0407207304021877,21,42.932415699695014,2.802915265651254,-14.854772581013675,2.349575070821519,True
S80_SL5_TP8,6,2026-07-30T13:00:00+00:00,2026-08-06T13:00:00+00:00,2026-08-06T13:00:00+00:00,2026-08-08T13:00:00+00:00,78,26.659641461970416,1.2717516660239487,22,59.61323130435838,4.446118620513666,-5.199999999999994,0.4434870299125595,True
S80_SL5_TP8,7,2026-08-01T13:00:00+00:00,2026-08-08T13:00:00+00:00,2026-08-08T13:00:00+00:00,2026-08-10T13:00:00+00:00,80,45.454685829605125,1.3894199874001774,21,37.83171397576166,2.654707475678393,-11.771480091113206,1.1724987172909265,True
S80_SL5_TP8,8,2026-08-03T13:00:00+00:00,2026-08-10T13:00:00+00:00,2026-08-10T13:00:00+00:00,2026-08-12T13:00:00+00:00,79,173.46210849122707,2.4995372091518853,21,8.475322767948601,1.2960596229913657,-20.235295500738857,-0.2,True
S80_SL5_TP8,9,2026-08-05T13:00:00+00:00,2026-08-12T13:00:00+00:00,2026-08-12T13:00:00+00:00,2026-08-14T13:00:00+00:00,82,-24.902985063258566,0.8541263404288892,19,23.480669802124467,2.0928713607967535,-12.53049618492781,-0.19000999000997593,True
S80_SL5_TP8,10,2026-08-07T13:00:00+00:00,2026-08-14T13:00:00+00:00,2026-08-14T13:00:00+00:00,2026-08-16T13:00:00+00:00,80,116.73278010094914,1.8515981579458298,23,71.88652728025609,4.224917487706862,-5.200000000000015,0.6618643105601454,True
S80_SL5_TP8,11,2026-08-09T13:00:00+00:00,2026-08-16T13:00:00+00:00,2026-08-16T13:00:00+00:00,2026-08-18T13:00:00+00:00,80,77.87299965713244,1.6448356277443235,26,-11.494917902084046,0.8634554477033761,-25.474724636851697,-1.1669683037640985,False
S80_SL5_TP8,12,2026-08-11T13:00:00+00:00,2026-08-18T13:00:00+00:00,2026-08-18T13:00:00+00:00,2026-08-20T13:00:00+00:00,86,106.53867650825558,1.6540428149472017,18,34.029610275886114,2.1638894196889025,-14.802860800000007,0.7230301770569161,True
S80_SL5_TP10,0,2026-07-18T13:00:00+00:00,2026-07-25T13:00:00+00:00,2026-07-25T13:00:00+00:00,2026-07-27T13:00:00+00:00,0,0.0,0.0,0,0.0,0.0,0.0,0.0,False
S80_SL5_TP10,1,2026-07-20T13:00:00+00:00,2026-07-27T13:00:00+00:00,2026-07-27T13:00:00+00:00,2026-07-29T13:00:00+00:00,0,0.0,0.0,19,-26.01525843063793,0.3222762268709362,-31.38319743962534,-0.3000700490343287,False
S80_SL5_TP10,2,2026-07-22T13:00:00+00:00,2026-07-29T13:00:00+00:00,2026-07-29T13:00:00+00:00,2026-07-31T13:00:00+00:00,23,-8.50880265739502,0.6573784000425786,15,-15.462917422004018,0.4581562152027798,-15.462917422004042,-0.24095126799109617,False
S80_SL5_TP10,3,2026-07-24T13:00:00+00:00,2026-07-31T13:00:00+00:00,2026-07-31T13:00:00+00:00,2026-08-02T13:00:00+00:00,44,-20.81082797375916,0.6554048798388468,18,11.36868830946045,1.4815348849056413,-17.028980226902167,-0.36506191289654133,True
S80_SL5_TP10,4,2026-07-26T13:00:00+00:00,2026-08-02T13:00:00+00:00,2026-08-02T13:00:00+00:00,2026-08-04T13:00:00+00:00,68,-22.45675944165906,0.7905325550198113,19,35.9231151094771,2.5595467043162303,-10.129600000000028,0.37954216169227023,True
S80_SL5_TP10,5,2026-07-28T13:00:00+00:00,2026-08-04T13:00:00+00:00,2026-08-04T13:00:00+00:00,2026-08-06T13:00:00+00:00,74,22.552259289215293,1.2702543923558873,21,26.669155598995008,1.8976086069152434,-17.292724173266027,1.8168967158495921,True
S80_SL5_TP10,6,2026-07-30T13:00:00+00:00,2026-08-06T13:00:00+00:00,2026-08-06T13:00:00+00:00,2026-08-08T13:00:00+00:00,79,1.946764883232066,1.0784945159010082,23,48.642803106861464,3.528610728210044,-5.200000000000005,-0.10843104927380481,True
S80_SL5_TP10,7,2026-08-01T13:00:00+00:00,2026-08-08T13:00:00+00:00,2026-08-08T13:00:00+00:00,2026-08-10T13:00:00+00:00,81,54.004310094889505,1.427370426010496,20,25.945251479405783,2.2401108235496117,-17.578811749827416,-0.08479262672811388,True
S80_SL5_TP10,8,2026-08-03T13:00:00+00:00,2026-08-10T13:00:00+00:00,2026-08-10T13:00:00+00:00,2026-08-12T13:00:00+00:00,78,277.37199426795985,3.108147264563516,22,3.532084781494893,1.1502019792977285,-27.59114102914423,-0.23704186416612077,True
S80_SL5_TP10,9,2026-08-05T13:00:00+00:00,2026-08-12T13:00:00+00:00,2026-08-12T13:00:00+00:00,2026-08-14T13:00:00+00:00,81,14.294652043386623,1.1680807241442788,19,29.311866679590025,2.333019439255526,-12.53049618492781,-0.19000999000997593,True
S80_SL5_TP10,10,2026-08-07T13:00:00+00:00,2026-08-14T13:00:00+00:00,2026-08-14T13:00:00+00:00,2026-08-16T13:00:00+00:00,76,164.36969931155772,2.336431662895875,19,53.38526523071372,4.6177014890424575,-5.200000000000015,0.47365269461077125,True
S80_SL5_TP10,11,2026-08-09T13:00:00+00:00,2026-08-16T13:00:00+00:00,2026-08-16T13:00:00+00:00,2026-08-18T13:00:00+00:00,79,59.04141951307553,1.48756223612474,21,11.714286225641724,1.3466994006666926,-14.980064176619766,-0.5333333333333299,True
S80_SL5_TP10,12,2026-08-11T13:00:00+00:00,2026-08-18T13:00:00+00:00,2026-08-18T13:00:00+00:00,2026-08-20T13:00:00+00:00,84,200.01489140397047,2.189890084985434,18,49.65879025809803,2.5999338396155096,-14.802860800000007,0.7230301770569161,True
S80_SL5_TP12,0,2026-07-18T13:00:00+00:00,2026-07-25T13:00:00+00:00,2026-07-25T13:00:00+00:00,2026-07-27T13:00:00+00:00,0,0.0,0.0,0,0.0,0.0,0.0,0.0,False
S80_SL5_TP12,1,2026-07-20T13:00:00+00:00,2026-07-27T13:00:00+00:00,2026-07-27T13:00:00+00:00,2026-07-29T13:00:00+00:00,0,0.0,0.0,19,-24.660092546182078,0.36972142559227916,-27.268243610053776,-0.3000700490343287,False
S80_SL5_TP12,2,2026-07-22T13:00:00+00:00,2026-07-29T13:00:00+00:00,2026-07-29T13:00:00+00:00,2026-07-31T13:00:00+00:00,23,-19.33705676870935,0.26806288000776696,15,-15.462917422004018,0.4581562152027798,-15.462917422004042,-0.24095126799109617,False
S80_SL5_TP12,3,2026-07-24T13:00:00+00:00,2026-07-31T13:00:00+00:00,2026-07-31T13:00:00+00:00,2026-08-02T13:00:00+00:00,44,-26.53931251758238,0.5569993060997325,18,12.415763554176241,1.489216750264999,-19.650777594328307,-0.19651252815379144,True
S80_SL5_TP12,4,2026-07-26T13:00:00+00:00,2026-08-02T13:00:00+00:00,2026-08-02T13:00:00+00:00,2026-08-04T13:00:00+00:00,67,-32.869170119910486,0.649870257942084,21,13.87696224336299,1.451789006850037,-17.536824267773675,-0.1930003499825304,True
S80_SL5_TP12,5,2026-07-28T13:00:00+00:00,2026-08-04T13:00:00+00:00,2026-08-04T13:00:00+00:00,2026-08-06T13:00:00+00:00,76,-1.806598218928046,1.0479853518004925,21,31.325723573344355,2.0357830396524186,-17.292724173266016,1.8168967158495921,True
S80_SL5_TP12,6,2026-07-30T13:00:00+00:00,2026-08-06T13:00:00+00:00,2026-08-06T13:00:00+00:00,2026-08-08T13:00:00+00:00,77,49.10833433603348,1.4309840149332567,21,43.37417069131399,3.104010647346882,-6.1105125475285345,0.3496921723834758,True
S80_SL5_TP12,7,2026-08-01T13:00:00+00:00,2026-08-08T13:00:00+00:00,2026-08-08T13:00:00+00:00,2026-08-10T13:00:00+00:00,81,54.89609192564762,1.4158857785089691,20,29.34087904712699,2.236836324629724,-19.818441877884762,-0.10642079525480225,True
S80_SL5_TP12,8,2026-08-03T13:00:00+00:00,2026-08-10T13:00:00+00:00,2026-08-10T13:00:00+00:00,2026-08-12T13:00:00+00:00,76,255.83502688687977,2.7550069238554555,22,9.29325227867659,1.2904374956333622,-27.591141029144218,-0.23704186416612077,True
S80_SL5_TP12,9,2026-08-05T13:00:00+00:00,2026-08-12T13:00:00+00:00,2026-08-12T13:00:00+00:00,2026-08-14T13:00:00+00:00,81,40.218331333355636,1.317275552837087,19,34.35784526044321,2.5352795005021527,-12.53049618492781,-0.19000999000997593,True
S80_SL5_TP12,10,2026-08-07T13:00:00+00:00,2026-08-14T13:00:00+00:00,2026-08-14T13:00:00+00:00,2026-08-16T13:00:00+00:00,76,139.79429891494183,2.0677818199576596,19,64.8699458847663,5.257041200056296,-5.200000000000015,0.47365269461077125,True
S80_SL5_TP12,11,2026-08-09T13:00:00+00:00,2026-08-16T13:00:00+00:00,2026-08-16T13:00:00+00:00,2026-08-18T13:00:00+00:00,78,114.26528912679265,1.7917917601149298,20,19.48864645402315,1.5844417954255503,-10.31652339305882,-0.37566486702659807,True
S80_SL5_TP12,12,2026-08-11T13:00:00+00:00,2026-08-18T13:00:00+00:00,2026-08-18T13:00:00+00:00,2026-08-20T13:00:00+00:00,81,324.9528182615394,2.6434306925626427,17,49.175398757810804,2.607201246614286,-19.31440114341757,0.41259706643657096,True
S80_SL5_TP15,0,2026-07-18T13:00:00+00:00,2026-07-25T13:00:00+00:00,2026-07-25T13:00:00+00:00,2026-07-27T13:00:00+00:00,0,0.0,0.0,0,0.0,0.0,0.0,0.0,False
S80_SL5_TP15,1,2026-07-20T13:00:00+00:00,2026-07-27T13:00:00+00:00,2026-07-27T13:00:00+00:00,2026-07-29T13:00:00+00:00,0,0.0,0.0,18,-36.67161998714036,0.05709566494281771,-38.19166689924947,-2.525097871316367,False
S80_SL5_TP15,2,2026-07-22T13:00:00+00:00,2026-07-29T13:00:00+00:00,2026-07-29T13:00:00+00:00,2026-07-31T13:00:00+00:00,23,-19.33705676870935,0.26806288000776696,15,-15.462917422004018,0.4581562152027798,-15.462917422004042,-0.24095126799109617,False
S80_SL5_TP15,3,2026-07-24T13:00:00+00:00,2026-07-31T13:00:00+00:00,2026-07-31T13:00:00+00:00,2026-08-02T13:00:00+00:00,44,-31.59084273174244,0.43698021710497004,17,28.386432398011884,2.1694747275784634,-12.164591299297179,-0.1800259662438906,True
S80_SL5_TP15,4,2026-07-26T13:00:00+00:00,2026-08-02T13:00:00+00:00,2026-08-02T13:00:00+00:00,2026-08-04T13:00:00+00:00,66,-32.28685036446684,0.6362268508388805,19,14.69835662124166,1.5491226051152782,-17.53682426777369,-0.2,True
S80_SL5_TP15,5,2026-07-28T13:00:00+00:00,2026-08-04T13:00:00+00:00,2026-08-04T13:00:00+00:00,2026-08-06T13:00:00+00:00,75,-3.5653184266417615,1.038373697686795,21,38.468175985263684,2.24304468875818,-17.292724173266027,1.8168967158495921,True
S80_SL5_TP15,6,2026-07-30T13:00:00+00:00,2026-08-06T13:00:00+00:00,2026-08-06T13:00:00+00:00,2026-08-08T13:00:00+00:00,80,-11.939133917765476,0.9910957333685267,20,66.17683449166645,7.620272569504254,-5.199999999999994,0.710293046715105,True
S80_SL5_TP15,7,2026-08-01T13:00:00+00:00,2026-08-08T13:00:00+00:00,2026-08-08T13:00:00+00:00,2026-08-10T13:00:00+00:00,79,106.27598329665405,1.682365459343413,20,36.73454122166142,2.391153510047586,-21.70812979843325,-0.10642079525480225,True
S80_SL5_TP15,8,2026-08-03T13:00:00+00:00,2026-08-10T13:00:00+00:00,2026-08-10T13:00:00+00:00,2026-08-12T13:00:00+00:00,75,211.6924611055387,2.5503083268383975,21,22.224542192720254,1.6449094487283096,-27.591141029144207,-0.2,True
S80_SL5_TP15,9,2026-08-05T13:00:00+00:00,2026-08-12T13:00:00+00:00,2026-08-12T13:00:00+00:00,2026-08-14T13:00:00+00:00,82,1.0458741720450027,1.086408069978966,19,41.66520660465689,2.8215396624672646,-12.53049618492781,-0.19000999000997593,True
S80_SL5_TP15,10,2026-08-07T13:00:00+00:00,2026-08-14T13:00:00+00:00,2026-08-14T13:00:00+00:00,2026-08-16T13:00:00+00:00,72,114.04616269700298,1.9406055454297064,19,90.40177757474717,8.803423761676346,-6.32196751743307,0.47365269461077125,True
S80_SL5_TP15,11,2026-08-09T13:00:00+00:00,2026-08-16T13:00:00+00:00,2026-08-16T13:00:00+00:00,2026-08-18T13:00:00+00:00,74,118.49168440833475,1.9198690310698867,19,-16.623908507429864,0.6240040758076805,-21.474530292950178,-0.9461118116855791,False
S80_SL5_TP15,12,2026-08-11T13:00:00+00:00,2026-08-18T13:00:00+00:00,2026-08-18T13:00:00+00:00,2026-08-20T13:00:00+00:00,79,278.8993911761823,2.519362090115861,17,70.29332686489997,3.1522567715225405,-19.31440114341757,0.41259706643657096,True
S80_SL6_TP8,0,2026-07-18T13:00:00+00:00,2026-07-25T13:00:00+00:00,2026-07-25T13:00:00+00:00,2026-07-27T13:00:00+00:00,0,0.0,0.0,0,0.0,0.0,0.0,0.0,False
S80_SL6_TP8,1,2026-07-20T13:00:00+00:00,2026-07-27T13:00:00+00:00,2026-07-27T13:00:00+00:00,2026-07-29T13:00:00+00:00,0,0.0,0.0,17,-21.98231834138833,0.3503335365548038,-26.32039648632819,-0.3000700490343287,False
S80_SL6_TP8,2,2026-07-22T13:00:00+00:00,2026-07-29T13:00:00+00:00,2026-07-29T13:00:00+00:00,2026-07-31T13:00:00+00:00,22,-8.393516463826812,0.6605275866429369,14,-17.551627675678073,0.3796331612957666,-17.55162767567805,-1.1787405766489787,False
S80_SL6_TP8,3,2026-07-24T13:00:00+00:00,2026-07-31T13:00:00+00:00,2026-07-31T13:00:00+00:00,2026-08-02T13:00:00+00:00,43,-18.463228641438278,0.677232474677543,17,-6.153006382538173,0.8473528444650421,-26.099961268453598,-0.19000799360511228,False
S80_SL6_TP8,4,2026-07-26T13:00:00+00:00,2026-08-02T13:00:00+00:00,2026-08-02T13:00:00+00:00,2026-08-04T13:00:00+00:00,68,-33.300314621351056,0.6500779949571485,22,3.7668056145773177,1.160021142074139,-19.462339298716913,-0.11404662948881744,True
S80_SL6_TP8,5,2026-07-28T13:00:00+00:00,2026-08-04T13:00:00+00:00,2026-08-04T13:00:00+00:00,2026-08-06T13:00:00+00:00,77,21.94380458045582,1.2387065354767077,20,29.686231170139067,2.2103449196884504,-15.831864806036588,2.0832358933355555,True
S80_SL6_TP8,6,2026-07-30T13:00:00+00:00,2026-08-06T13:00:00+00:00,2026-08-06T13:00:00+00:00,2026-08-08T13:00:00+00:00,79,-20.29753471119755,0.9033240802401307,22,57.92954742983978,4.154737474529124,-6.200000000000017,0.4434870299125595,True
S80_SL6_TP8,7,2026-08-01T13:00:00+00:00,2026-08-08T13:00:00+00:00,2026-08-08T13:00:00+00:00,2026-08-10T13:00:00+00:00,82,90.57120794757732,1.6511307589688886,21,36.37779294226207,2.5319370353980175,-12.702160680869412,1.1724987172909265,True
S80_SL6_TP8,8,2026-08-03T13:00:00+00:00,2026-08-10T13:00:00+00:00,2026-08-10T13:00:00+00:00,2026-08-12T13:00:00+00:00,81,159.835905412399,2.247609655696924,19,21.784992660050428,1.8090799694454804,-14.149846968590495,-0.19700227826850975,True
S80_SL6_TP8,9,2026-08-05T13:00:00+00:00,2026-08-12T13:00:00+00:00,2026-08-12T13:00:00+00:00,2026-08-14T13:00:00+00:00,80,-31.081524316019028,0.8129516561835786,19,12.43415509610748,1.4646592152481803,-14.366111517620528,-0.19000999000997593,True
S80_SL6_TP8,10,2026-08-07T13:00:00+00:00,2026-08-14T13:00:00+00:00,2026-08-14T13:00:00+00:00,2026-08-16T13:00:00+00:00,78,58.43211816277163,1.4736212281473906,22,56.103298034233816,3.4005929554612124,-6.387600000000015,0.5677585025854583,True
S80_SL6_TP8,11,2026-08-09T13:00:00+00:00,2026-08-16T13:00:00+00:00,2026-08-16T13:00:00+00:00,2026-08-18T13:00:00+00:00,81,59.7965893042868,1.4597605261422306,23,-2.995833437014106,1.0095180438925155,-17.447302718240167,-0.5333333333333299,False
S80_SL6_TP8,12,2026-08-11T13:00:00+00:00,2026-08-18T13:00:00+00:00,2026-08-18T13:00:00+00:00,2026-08-20T13:00:00+00:00,87,109.30802410874922,1.6274634461746746,16,52.83142409884285,3.261861312001064,-12.015600000000004,3.4593545946583037,True
S80_SL6_TP10,0,2026-07-18T13:00:00+00:00,2026-07-25T13:00:00+00:00,2026-07-25T13:00:00+00:00,2026-07-27T13:00:00+00:00,0,0.0,0.0,0,0.0,0.0,0.0,0.0,False
S80_SL6_TP10,1,2026-07-20T13:00:00+00:00,2026-07-27T13:00:00+00:00,2026-07-27T13:00:00+00:00,2026-07-29T13:00:00+00:00,0,0.0,0.0,17,-20.53486599150687,0.4056375915809327,-26.320396486328168,-0.3000700490343287,False
S80_SL6_TP10,2,2026-07-22T13:00:00+00:00,2026-07-29T13:00:00+00:00,2026-07-29T13:00:00+00:00,2026-07-31T13:00:00+00:00,22,-6.6939527618569805,0.7461615181605507,14,-17.551627675678073,0.3796331612957666,-17.55162767567805,-1.1787405766489787,False
S80_SL6_TP10,3,2026-07-24T13:00:00+00:00,2026-07-31T13:00:00+00:00,2026-07-31T13:00:00+00:00,2026-08-02T13:00:00+00:00,43,-13.840286071249263,0.7837367625861676,17,13.798954052107248,1.6109505519852116,-15.19687935369033,-0.21299909006369228,True
S80_SL6_TP10,4,2026-07-26T13:00:00+00:00,2026-08-02T13:00:00+00:00,2026-08-02T13:00:00+00:00,2026-08-04T13:00:00+00:00,67,-28.171248472415154,0.7145205402820636,22,-1.9818054388763273,1.0262028554300553,-18.697852229153444,-0.20499350843902736,False
S80_SL6_TP10,5,2026-07-28T13:00:00+00:00,2026-08-04T13:00:00+00:00,2026-08-04T13:00:00+00:00,2026-08-06T13:00:00+00:00,71,14.430875714319512,1.1975807480343137,20,21.67108042766044,1.9015058724697307,-13.757214610680613,1.577666842590997,True
S80_SL6_TP10,6,2026-07-30T13:00:00+00:00,2026-08-06T13:00:00+00:00,2026-08-06T13:00:00+00:00,2026-08-08T13:00:00+00:00,82,-5.719778709093449,1.0316745532637985,23,45.52341867484002,3.1519610673846477,-6.200000000000017,-0.10843104927380481,True
S80_SL6_TP10,7,2026-08-01T13:00:00+00:00,2026-08-08T13:00:00+00:00,2026-08-08T13:00:00+00:00,2026-08-10T13:00:00+00:00,83,63.307862905827925,1.4228747265730282,20,24.616715071395202,2.134219361183038,-18.448233566812355,-0.08479262672811388,True
S80_SL6_TP10,8,2026-08-03T13:00:00+00:00,2026-08-10T13:00:00+00:00,2026-08-10T13:00:00+00:00,2026-08-12T13:00:00+00:00,75,188.78077239797034,2.6560303664021183,19,14.092943741162877,1.503869267560443,-22.02809999577274,-0.2,True
S80_SL6_TP10,9,2026-08-05T13:00:00+00:00,2026-08-12T13:00:00+00:00,2026-08-12T13:00:00+00:00,2026-08-14T13:00:00+00:00,81,7.962778495847878,1.120610068022256,19,17.743696218353833,1.63272262455628,-14.366111517620528,-0.19000999000997593,True
S80_SL6_TP10,10,2026-08-07T13:00:00+00:00,2026-08-14T13:00:00+00:00,2026-08-14T13:00:00+00:00,2026-08-16T13:00:00+00:00,76,162.66122795714205,2.330466468878512,19,51.767277200853854,4.275976306990771,-6.200000000000017,0.47365269461077125,True
S80_SL6_TP10,11,2026-08-09T13:00:00+00:00,2026-08-16T13:00:00+00:00,2026-08-16T13:00:00+00:00,2026-08-18T13:00:00+00:00,77,46.75224308565744,1.4019628219126794,20,6.293898374277185,1.213062528362336,-17.642287419808312,-0.37566486702659807,True
S80_SL6_TP10,12,2026-08-11T13:00:00+00:00,2026-08-18T13:00:00+00:00,2026-08-18T13:00:00+00:00,2026-08-20T13:00:00+00:00,81,203.7112113806,2.1388631472223287,16,70.6530817852439,3.858278869904089,-12.015600000000004,3.4593545946583037,True
S80_SL6_TP12,0,2026-07-18T13:00:00+00:00,2026-07-25T13:00:00+00:00,2026-07-25T13:00:00+00:00,2026-07-27T13:00:00+00:00,0,0.0,0.0,0,0.0,0.0,0.0,0.0,False
S80_SL6_TP12,1,2026-07-20T13:00:00+00:00,2026-07-27T13:00:00+00:00,2026-07-27T13:00:00+00:00,2026-07-29T13:00:00+00:00,0,0.0,0.0,16,-18.909028086666034,0.463762691296847,-26.15795727194249,-0.3396407592841931,False
S80_SL6_TP12,2,2026-07-22T13:00:00+00:00,2026-07-29T13:00:00+00:00,2026-07-29T13:00:00+00:00,2026-07-31T13:00:00+00:00,22,-20.15245048811457,0.25956883846675427,14,-17.551627675678073,0.3796331612957666,-17.55162767567805,-1.1787405766489787,False
S80_SL6_TP12,3,2026-07-24T13:00:00+00:00,2026-07-31T13:00:00+00:00,2026-07-31T13:00:00+00:00,2026-08-02T13:00:00+00:00,42,-30.185729613539504,0.42688588048918086,16,21.16970291993667,1.9808810036543298,-12.470589095983087,-0.12920686776405327,True
S80_SL6_TP12,4,2026-07-26T13:00:00+00:00,2026-08-02T13:00:00+00:00,2026-08-02T13:00:00+00:00,2026-08-04T13:00:00+00:00,67,-48.88892611303059,0.4498452897213597,23,0.8740725378961756,1.1022042226372522,-21.652545292333624,-0.2,True
S80_SL6_TP12,5,2026-07-28T13:00:00+00:00,2026-08-04T13:00:00+00:00,2026-08-04T13:00:00+00:00,2026-08-06T13:00:00+00:00,71,-6.276869779200611,1.0123941068830997,20,23.887311400841902,1.985766874206969,-13.757214610680624,1.577666842590997,True
S80_SL6_TP12,6,2026-07-30T13:00:00+00:00,2026-08-06T13:00:00+00:00,2026-08-06T13:00:00+00:00,2026-08-08T13:00:00+00:00,78,-18.131229655916272,0.9388567505823527,20,51.65577919740891,4.4041939629792015,-6.200000000000017,0.4434870299125595,True
S80_SL6_TP12,7,2026-08-01T13:00:00+00:00,2026-08-08T13:00:00+00:00,2026-08-08T13:00:00+00:00,2026-08-10T13:00:00+00:00,82,47.773186730968355,1.333034595464689,20,27.97652378291675,2.1431140534963866,-20.664238904489373,-0.10642079525480225,True
S80_SL6_TP12,8,2026-08-03T13:00:00+00:00,2026-08-10T13:00:00+00:00,2026-08-10T13:00:00+00:00,2026-08-12T13:00:00+00:00,73,168.18508431846374,2.4137470995117254,20,10.953383597549493,1.3621962603271363,-22.02809999577273,-0.23704186416612077,True
S80_SL6_TP12,9,2026-08-05T13:00:00+00:00,2026-08-12T13:00:00+00:00,2026-08-12T13:00:00+00:00,2026-08-14T13:00:00+00:00,80,-17.330844797493338,0.9482696646884525,19,22.338264253014106,1.774270771341926,-14.366111517620528,-0.19000999000997593,True
S80_SL6_TP12,10,2026-08-07T13:00:00+00:00,2026-08-14T13:00:00+00:00,2026-08-14T13:00:00+00:00,2026-08-16T13:00:00+00:00,75,128.45092504475275,2.034004555137133,19,63.130811434505006,4.868002764937577,-6.200000000000017,0.47365269461077125,True
S80_SL6_TP12,11,2026-08-09T13:00:00+00:00,2026-08-16T13:00:00+00:00,2026-08-16T13:00:00+00:00,2026-08-18T13:00:00+00:00,78,84.86219513512607,1.6235082092207114,19,2.2610271978291463,1.1374160079450881,-15.170178761044417,-0.5006614552014452,True
S80_SL6_TP12,12,2026-08-11T13:00:00+00:00,2026-08-18T13:00:00+00:00,2026-08-18T13:00:00+00:00,2026-08-20T13:00:00+00:00,80,179.3362836398122,1.9439683898282278,15,70.10187962003498,3.8682191625358056,-17.553695779974465,1.0334632876772611,True
S80_SL6_TP15,0,2026-07-18T13:00:00+00:00,2026-07-25T13:00:00+00:00,2026-07-25T13:00:00+00:00,2026-07-27T13:00:00+00:00,0,0.0,0.0,0,0.0,0.0,0.0,0.0,False
S80_SL6_TP15,1,2026-07-20T13:00:00+00:00,2026-07-27T13:00:00+00:00,2026-07-27T13:00:00+00:00,2026-07-29T13:00:00+00:00,0,0.0,0.0,15,-26.642111804803335,0.13961965514130603,-29.947658035243695,-0.37921146953405743,False
S80_SL6_TP15,2,2026-07-22T13:00:00+00:00,2026-07-29T13:00:00+00:00,2026-07-29T13:00:00+00:00,2026-07-31T13:00:00+00:00,22,-20.15245048811457,0.25956883846675427,14,-17.551627675678073,0.3796331612957666,-17.55162767567805,-1.1787405766489787,False
S80_SL6_TP15,3,2026-07-24T13:00:00+00:00,2026-07-31T13:00:00+00:00,2026-07-31T13:00:00+00:00,2026-08-02T13:00:00+00:00,42,-30.185729613539504,0.42688588048918086,16,31.1880560250275,2.3824142511144677,-12.470589095983087,-0.12920686776405327,True
S80_SL6_TP15,4,2026-07-26T13:00:00+00:00,2026-08-02T13:00:00+00:00,2026-08-02T13:00:00+00:00,2026-08-04T13:00:00+00:00,66,-44.04843325325752,0.5035700092333116,21,2.2865174717355163,1.1504504003714868,-27.387031445283206,-0.2,True
S80_SL6_TP15,5,2026-07-28T13:00:00+00:00,2026-08-04T13:00:00+00:00,2026-08-04T13:00:00+00:00,2026-08-06T13:00:00+00:00,72,-2.582823591070016,1.0585147235877796,20,27.211657860614036,2.112158376812826,-13.757214610680602,1.577666842590997,True
S80_SL6_TP15,6,2026-07-30T13:00:00+00:00,2026-08-06T13:00:00+00:00,2026-08-06T13:00:00+00:00,2026-08-08T13:00:00+00:00,75,-40.89474195535484,0.7393871472237711,20,64.42391429660663,6.78651106414826,-6.200000000000017,0.710293046715105,True
S80_SL6_TP15,7,2026-08-01T13:00:00+00:00,2026-08-08T13:00:00+00:00,2026-08-08T13:00:00+00:00,2026-08-10T13:00:00+00:00,77,51.13634055813685,1.3993991977725304,21,53.67708990752558,2.760064330429788,-12.914518207123859,0.030414746543772242,True
S80_SL6_TP15,8,2026-08-03T13:00:00+00:00,2026-08-10T13:00:00+00:00,2026-08-10T13:00:00+00:00,2026-08-12T13:00:00+00:00,73,114.75627803733835,2.0190056356684587,19,24.720510987234224,1.822549471365354,-22.02809999577273,-0.2,True
S80_SL6_TP15,9,2026-08-05T13:00:00+00:00,2026-08-12T13:00:00+00:00,2026-08-12T13:00:00+00:00,2026-08-14T13:00:00+00:00,80,-20.895934238853584,0.9459177772757514,19,28.99191295799124,1.9746049113346584,-14.366111517620528,-0.19000999000997593,True
S80_SL6_TP15,10,2026-08-07T13:00:00+00:00,2026-08-14T13:00:00+00:00,2026-08-14T13:00:00+00:00,2026-08-16T13:00:00+00:00,73,167.59958874529417,2.120708084982019,19,90.40177757474717,8.803423761676346,-6.32196751743307,0.47365269461077125,True
S80_SL6_TP15,11,2026-08-09T13:00:00+00:00,2026-08-16T13:00:00+00:00,2026-08-16T13:00:00+00:00,2026-08-18T13:00:00+00:00,77,116.43466843550767,1.7963725923794687,18,-20.669324440247728,0.5620823485426155,-20.669324440247706,-0.9605790645879739,False
S80_SL6_TP15,12,2026-08-11T13:00:00+00:00,2026-08-18T13:00:00+00:00,2026-08-18T13:00:00+00:00,2026-08-20T13:00:00+00:00,78,533.4525171503564,3.2342826332989802,15,94.18225275534422,4.6137411099145815,-17.553695779974465,1.0334632876772611,True
S82_SL4_TP8,0,2026-07-18T13:00:00+00:00,2026-07-25T13:00:00+00:00,2026-07-25T13:00:00+00:00,2026-07-27T13:00:00+00:00,0,0.0,0.0,2,3.2723999999999975,1.8571428571428572,-4.200000000000004,1.8000000000000016,True
S82_SL4_TP8,1,2026-07-20T13:00:00+00:00,2026-07-27T13:00:00+00:00,2026-07-27T13:00:00+00:00,2026-07-29T13:00:00+00:00,2,3.2723999999999975,1.8571428571428572,20,-24.541432546411635,0.30026087652460653,-28.73899066508907,-0.5679278492219828,False
S82_SL4_TP8,2,2026-07-22T13:00:00+00:00,2026-07-29T13:00:00+00:00,2026-07-29T13:00:00+00:00,2026-07-31T13:00:00+00:00,27,-12.592017616023687,0.6870734951970073,18,-20.959210993393206,0.36713124633311056,-22.697586321836027,-1.573796465505056,False
S82_SL4_TP8,3,2026-07-24T13:00:00+00:00,2026-07-31T13:00:00+00:00,2026-07-31T13:00:00+00:00,2026-08-02T13:00:00+00:00,50,-27.15283757604935,0.6447981530919968,19,-7.713027424789631,0.7968903022957609,-23.101369085460032,-1.2671221525088259,False
S82_SL4_TP8,4,2026-07-26T13:00:00+00:00,2026-08-02T13:00:00+00:00,2026-08-02T13:00:00+00:00,2026-08-04T13:00:00+00:00,71,-20.976507093173268,0.8211523306879487,22,20.144118495031904,1.7718881391773664,-8.223599999999998,0.17222462634858288,True
S82_SL4_TP8,5,2026-07-28T13:00:00+00:00,2026-08-04T13:00:00+00:00,2026-08-04T13:00:00+00:00,2026-08-06T13:00:00+00:00,81,4.010944722866383,1.0857542889069338,19,35.023476781774065,2.762274154488718,-10.203600545455405,2.349575070821519,True
S82_SL4_TP8,6,2026-07-30T13:00:00+00:00,2026-08-06T13:00:00+00:00,2026-08-06T13:00:00+00:00,2026-08-08T13:00:00+00:00,87,-12.63776467255745,0.9533775286909766,22,57.9952617423126,4.309076661917958,-4.200000000000004,0.4434870299125595,True
S82_SL4_TP8,7,2026-08-01T13:00:00+00:00,2026-08-08T13:00:00+00:00,2026-08-08T13:00:00+00:00,2026-08-10T13:00:00+00:00,88,71.69493722627773,1.5463809984698544,21,23.384254872902723,1.934273138269517,-17.380362715148067,0.33619302949061697,True
S82_SL4_TP8,8,2026-08-03T13:00:00+00:00,2026-08-10T13:00:00+00:00,2026-08-10T13:00:00+00:00,2026-08-12T13:00:00+00:00,83,91.81744044744258,1.7678536118364894,20,9.006366452509695,1.3223830472299511,-18.07562948587251,-0.1288389851779479,True
S82_SL4_TP8,9,2026-08-05T13:00:00+00:00,2026-08-12T13:00:00+00:00,2026-08-12T13:00:00+00:00,2026-08-14T13:00:00+00:00,86,39.76320180710524,1.3245444027151971,20,11.91202282232464,1.4972140316644447,-10.675415154115353,-0.1935063138444158,True
S82_SL4_TP8,10,2026-08-07T13:00:00+00:00,2026-08-14T13:00:00+00:00,2026-08-14T13:00:00+00:00,2026-08-16T13:00:00+00:00,85,73.5012047386796,1.5545836937581237,21,27.51250451174436,2.0469668644407686,-7.342539731869913,-0.11245987744381553,True
S82_SL4_TP8,11,2026-08-09T13:00:00+00:00,2026-08-16T13:00:00+00:00,2026-08-16T13:00:00+00:00,2026-08-18T13:00:00+00:00,81,65.02626819259653,1.5787357571904002,25,23.044383062042996,1.5283757480165736,-13.600401827485676,-0.5333333333333299,True
S82_SL4_TP8,12,2026-08-11T13:00:00+00:00,2026-08-18T13:00:00+00:00,2026-08-18T13:00:00+00:00,2026-08-20T13:00:00+00:00,94,157.27108872639369,1.8308756365845793,19,70.39527264540504,4.068505672786047,-4.296419417130259,2.9177067743927365,True
S82_SL4_TP10,0,2026-07-18T13:00:00+00:00,2026-07-25T13:00:00+00:00,2026-07-25T13:00:00+00:00,2026-07-27T13:00:00+00:00,0,0.0,0.0,2,5.188400000000004,2.3333333333333335,-4.200000000000004,2.800000000000003,True
S82_SL4_TP10,1,2026-07-20T13:00:00+00:00,2026-07-27T13:00:00+00:00,2026-07-27T13:00:00+00:00,2026-07-29T13:00:00+00:00,2,5.188400000000004,2.3333333333333335,20,-23.14145912426715,0.3519841564120785,-28.73899066508907,-0.5679278492219828,False
S82_SL4_TP10,2,2026-07-22T13:00:00+00:00,2026-07-29T13:00:00+00:00,2026-07-29T13:00:00+00:00,2026-07-31T13:00:00+00:00,27,-9.318592120663071,0.7916598520487684,18,-19.492777060060984,0.42339114787541615,-22.697586321836027,-1.573796465505056,False
S82_SL4_TP10,3,2026-07-24T13:00:00+00:00,2026-07-31T13:00:00+00:00,2026-07-31T13:00:00+00:00,2026-08-02T13:00:00+00:00,50,-20.13977381146438,0.7690847136889589,18,-0.8148503560552411,1.0374801941693528,-19.464158964905685,-0.5908504050307792,False
S82_SL4_TP10,4,2026-07-26T13:00:00+00:00,2026-08-02T13:00:00+00:00,2026-08-02T13:00:00+00:00,2026-08-04T13:00:00+00:00,72,-15.89750310496405,0.8971911805697446,20,34.229232071226456,2.4191679193673408,-8.223600000000008,0.09327090585486991,True
S82_SL4_TP10,5,2026-07-28T13:00:00+00:00,2026-08-04T13:00:00+00:00,2026-08-04T13:00:00+00:00,2026-08-06T13:00:00+00:00,78,2.9145920655221147,1.0828326219808742,19,19.972081135163087,1.8286955104717375,-10.905740492461625,1.8168967158495921,True
S82_SL4_TP10,6,2026-07-30T13:00:00+00:00,2026-08-06T13:00:00+00:00,2026-08-06T13:00:00+00:00,2026-08-08T13:00:00+00:00,80,73.3541042244471,1.5806710919944504,23,48.20626863555615,3.577237506535454,-5.736894943698834,0.3496921723834758,True
S82_SL4_TP10,7,2026-08-01T13:00:00+00:00,2026-08-08T13:00:00+00:00,2026-08-08T13:00:00+00:00,2026-08-10T13:00:00+00:00,82,115.21729868484347,1.862617299297521,20,44.62900186838752,3.4827663205054464,-7.861148291566056,0.6014567319173494,True
S82_SL4_TP10,8,2026-08-03T13:00:00+00:00,2026-08-10T13:00:00+00:00,2026-08-10T13:00:00+00:00,2026-08-12T13:00:00+00:00,81,144.9956774285367,2.1623376217644914,21,-2.719500993788604,0.9905073641004205,-27.19522546147116,-0.9453416149068359,False
S82_SL4_TP10,9,2026-08-05T13:00:00+00:00,2026-08-12T13:00:00+00:00,2026-08-12T13:00:00+00:00,2026-08-14T13:00:00+00:00,84,45.554678697658126,1.3864110590723786,20,18.25717048761739,1.7288797157252151,-10.675415154115353,-0.1935063138444158,True
S82_SL4_TP10,10,2026-08-07T13:00:00+00:00,2026-08-14T13:00:00+00:00,2026-08-14T13:00:00+00:00,2026-08-16T13:00:00+00:00,78,101.01976086504041,1.8162244630654574,21,39.78825136538953,2.442765019796839,-7.342539731869913,-0.11245987744381553,True
S82_SL4_TP10,11,2026-08-09T13:00:00+00:00,2026-08-16T13:00:00+00:00,2026-08-16T13:00:00+00:00,2026-08-18T13:00:00+00:00,80,27.574908575464853,1.2723709848249738,24,13.572694864273238,1.3407110076994264,-23.93469640417947,-1.5774019277426499,True
S82_SL4_TP10,12,2026-08-11T13:00:00+00:00,2026-08-18T13:00:00+00:00,2026-08-18T13:00:00+00:00,2026-08-20T13:00:00+00:00,87,162.79626425275535,1.9345089217447817,15,35.80533007118834,2.8021392523212674,-12.166699069943155,1.0334632876772611,True
S82_SL4_TP12,0,2026-07-18T13:00:00+00:00,2026-07-25T13:00:00+00:00,2026-07-25T13:00:00+00:00,2026-07-27T13:00:00+00:00,0,0.0,0.0,1,11.800000000000011,inf,0.0,11.800000000000011,True
S82_SL4_TP12,1,2026-07-20T13:00:00+00:00,2026-07-27T13:00:00+00:00,2026-07-27T13:00:00+00:00,2026-07-29T13:00:00+00:00,1,11.800000000000011,inf,20,-21.733654348383723,0.4038117330502266,-23.668685783979583,-0.5679278492219828,False
S82_SL4_TP12,2,2026-07-22T13:00:00+00:00,2026-07-29T13:00:00+00:00,2026-07-29T13:00:00+00:00,2026-07-31T13:00:00+00:00,26,-15.907865261645915,0.5877164561878343,18,-18.02634312672876,0.47965104941772174,-22.697586321836027,-1.573796465505056,False
S82_SL4_TP12,3,2026-07-24T13:00:00+00:00,2026-07-31T13:00:00+00:00,2026-07-31T13:00:00+00:00,2026-08-02T13:00:00+00:00,48,-30.684283256720434,0.587910207202869,18,1.5350645525582296,1.124277869686417,-18.08893224342867,-0.36506191289654133,True
S82_SL4_TP12,4,2026-07-26T13:00:00+00:00,2026-08-02T13:00:00+00:00,2026-08-02T13:00:00+00:00,2026-08-04T13:00:00+00:00,71,-19.035934009551458,0.8674534616759735,20,28.25484537271292,2.0631537981674266,-12.0782088,0.09327090585486991,True
S82_SL4_TP12,5,2026-07-28T13:00:00+00:00,2026-08-04T13:00:00+00:00,2026-08-04T13:00:00+00:00,2026-08-06T13:00:00+00:00,77,3.213322938054719,1.090227748458968,19,22.157364944546742,1.9122065983305139,-10.905740492461613,1.8168967158495921,True
S82_SL4_TP12,6,2026-07-30T13:00:00+00:00,2026-08-06T13:00:00+00:00,2026-08-06T13:00:00+00:00,2026-08-08T13:00:00+00:00,82,39.70099609065336,1.337724057800728,22,69.96799623231058,5.613370496858386,-4.46898287560582,0.4434870299125595,True
S82_SL4_TP12,7,2026-08-01T13:00:00+00:00,2026-08-08T13:00:00+00:00,2026-08-08T13:00:00+00:00,2026-08-10T13:00:00+00:00,81,91.30548474060811,1.7178259542604177,20,47.34330342759074,3.2490710724012266,-10.364836392063548,0.6014567319173494,True
S82_SL4_TP12,8,2026-08-03T13:00:00+00:00,2026-08-10T13:00:00+00:00,2026-08-10T13:00:00+00:00,2026-08-12T13:00:00+00:00,77,305.05985604351406,3.418516207078518,20,7.1960224288205366,1.263458180153328,-27.19522546147113,-0.8746552768235603,True
S82_SL4_TP12,9,2026-08-05T13:00:00+00:00,2026-08-12T13:00:00+00:00,2026-08-12T13:00:00+00:00,2026-08-14T13:00:00+00:00,84,76.23195052532436,1.5423324649288337,18,33.88166805381179,2.8010285652874582,-10.675415154115353,0.015126763286688216,True
S82_SL4_TP12,10,2026-08-07T13:00:00+00:00,2026-08-14T13:00:00+00:00,2026-08-14T13:00:00+00:00,2026-08-16T13:00:00+00:00,78,73.57778971502562,1.5996735147698904,20,36.84413410552698,2.371521351832746,-7.342539731869923,-0.16322245672762953,True
S82_SL4_TP12,11,2026-08-09T13:00:00+00:00,2026-08-16T13:00:00+00:00,2026-08-16T13:00:00+00:00,2026-08-18T13:00:00+00:00,79,30.178394625068595,1.3004898198653094,23,11.180710359616874,1.3036550961634699,-23.934696404179444,-2.481368821292773,True
S82_SL4_TP12,12,2026-08-11T13:00:00+00:00,2026-08-18T13:00:00+00:00,2026-08-18T13:00:00+00:00,2026-08-20T13:00:00+00:00,84,324.576857680469,2.465331858746271,15,44.416078393318756,3.173698667884133,-12.166699069943155,1.0334632876772611,True
S82_SL4_TP15,0,2026-07-18T13:00:00+00:00,2026-07-25T13:00:00+00:00,2026-07-25T13:00:00+00:00,2026-07-27T13:00:00+00:00,0,0.0,0.0,1,14.79999999999999,inf,0.0,14.799999999999992,True
S82_SL4_TP15,1,2026-07-20T13:00:00+00:00,2026-07-27T13:00:00+00:00,2026-07-27T13:00:00+00:00,2026-07-29T13:00:00+00:00,1,14.79999999999999,inf,20,-32.934562491727725,0.0889061595383732,-34.592666351567495,-1.8475155828990064,False
S82_SL4_TP15,2,2026-07-22T13:00:00+00:00,2026-07-29T13:00:00+00:00,2026-07-29T13:00:00+00:00,2026-07-31T13:00:00+00:00,26,-13.651367907307243,0.6661562238266544,18,-15.826692226730454,0.5640409017311795,-22.697586321836027,-1.573796465505056,False
S82_SL4_TP15,3,2026-07-24T13:00:00+00:00,2026-07-31T13:00:00+00:00,2026-07-31T13:00:00+00:00,2026-08-02T13:00:00+00:00,48,-33.71869434828548,0.5296454606498361,18,7.05728325408157,1.331202503185902,-18.08893224342867,-0.36506191289654133,True
S82_SL4_TP15,4,2026-07-26T13:00:00+00:00,2026-08-02T13:00:00+00:00,2026-08-02T13:00:00+00:00,2026-08-04T13:00:00+00:00,71,-16.179180943131644,0.9059424919106808,18,27.370533097361772,2.219597564791187,-12.0782088,-0.1965001749912652,True
S82_SL4_TP15,5,2026-07-28T13:00:00+00:00,2026-08-04T13:00:00+00:00,2026-08-04T13:00:00+00:00,2026-08-06T13:00:00+00:00,73,14.155639084006989,1.2038737552511045,19,25.435290658622243,2.0374732301186773,-10.905740492461625,1.8168967158495921,True
S82_SL4_TP15,6,2026-07-30T13:00:00+00:00,2026-08-06T13:00:00+00:00,2026-08-06T13:00:00+00:00,2026-08-08T13:00:00+00:00,81,28.803742333365754,1.2744553864969894,20,71.10807964944024,10.186721759031608,-4.200000000000004,0.710293046715105,True
S82_SL4_TP15,7,2026-08-01T13:00:00+00:00,2026-08-08T13:00:00+00:00,2026-08-08T13:00:00+00:00,2026-08-10T13:00:00+00:00,79,120.08411502933272,1.8106240025370908,21,51.18384153666664,2.9115040493736064,-11.327770759644352,0.030414746543772242,True
S82_SL4_TP15,8,2026-08-03T13:00:00+00:00,2026-08-10T13:00:00+00:00,2026-08-10T13:00:00+00:00,2026-08-12T13:00:00+00:00,76,175.22655126295436,2.3373560947297873,19,-1.0056998266659956,1.0435049055059253,-27.19522546147114,-0.9453416149068359,False
S82_SL4_TP15,9,2026-08-05T13:00:00+00:00,2026-08-12T13:00:00+00:00,2026-08-12T13:00:00+00:00,2026-08-14T13:00:00+00:00,86,95.89276350529994,1.6083572747328179,18,41.16313140222181,3.143897651217663,-10.675415154115353,0.015126763286688216,True
S82_SL4_TP15,10,2026-08-07T13:00:00+00:00,2026-08-14T13:00:00+00:00,2026-08-14T13:00:00+00:00,2026-08-16T13:00:00+00:00,79,117.03149477069657,1.7764093032089077,19,58.852406096632514,3.4188933199976828,-8.753147104652314,-0.11245987744381553,True
S82_SL4_TP15,11,2026-08-09T13:00:00+00:00,2026-08-16T13:00:00+00:00,2026-08-16T13:00:00+00:00,2026-08-18T13:00:00+00:00,78,76.62899317005858,1.5982149649054158,21,-29.87926703928029,0.3245332260296346,-29.87926703928029,-2.6791161412018427,False
S82_SL4_TP15,12,2026-08-11T13:00:00+00:00,2026-08-18T13:00:00+00:00,2026-08-18T13:00:00+00:00,2026-08-20T13:00:00+00:00,81,269.2541039484478,2.4824984535350283,15,56.356449893220194,3.66496150340926,-12.166699069943155,1.0334632876772611,True
S82_SL5_TP8,0,2026-07-18T13:00:00+00:00,2026-07-25T13:00:00+00:00,2026-07-25T13:00:00+00:00,2026-07-27T13:00:00+00:00,0,0.0,0.0,2,2.194399999999974,1.4999999999999967,-5.200000000000027,1.2999999999999954,True
S82_SL5_TP8,1,2026-07-20T13:00:00+00:00,2026-07-27T13:00:00+00:00,2026-07-27T13:00:00+00:00,2026-07-29T13:00:00+00:00,2,2.194399999999974,1.4999999999999967,18,-26.217030862664338,0.2853521114083431,-30.440161656565266,-0.5679278492219828,False
S82_SL5_TP8,2,2026-07-22T13:00:00+00:00,2026-07-29T13:00:00+00:00,2026-07-29T13:00:00+00:00,2026-07-31T13:00:00+00:00,26,-15.965624822969282,0.6041111918286076,16,-10.036556027862831,0.6940671043858166,-13.367335085624187,-0.8695017593120522,False
S82_SL5_TP8,3,2026-07-24T13:00:00+00:00,2026-07-31T13:00:00+00:00,2026-07-31T13:00:00+00:00,2026-08-02T13:00:00+00:00,47,-23.21934754878677,0.6965844291243226,19,-12.442738444126588,0.6903631030575782,-26.272832329836117,-0.239964032370865,False
S82_SL5_TP8,4,2026-07-26T13:00:00+00:00,2026-08-02T13:00:00+00:00,2026-08-02T13:00:00+00:00,2026-08-04T13:00:00+00:00,70,-18.491495543139735,0.8596017355766822,21,20.390316779934857,1.7896778324088687,-10.129600000000016,0.37954216169227023,True
S82_SL5_TP8,5,2026-07-28T13:00:00+00:00,2026-08-04T13:00:00+00:00,2026-08-04T13:00:00+00:00,2026-08-06T13:00:00+00:00,76,-31.87937243718627,0.7476343251567208,20,41.04462233115953,2.7390418049715795,-14.854772581013675,2.5402620127023545,True
S82_SL5_TP8,6,2026-07-30T13:00:00+00:00,2026-08-06T13:00:00+00:00,2026-08-06T13:00:00+00:00,2026-08-08T13:00:00+00:00,80,-9.992865463338674,0.9680330130412539,22,59.61323130435838,4.446118620513666,-5.199999999999994,0.4434870299125595,True
S82_SL5_TP8,7,2026-08-01T13:00:00+00:00,2026-08-08T13:00:00+00:00,2026-08-08T13:00:00+00:00,2026-08-10T13:00:00+00:00,84,45.66852091104978,1.369522981352808,21,37.83171397576166,2.654707475678393,-11.771480091113206,1.1724987172909265,True
S82_SL5_TP8,8,2026-08-03T13:00:00+00:00,2026-08-10T13:00:00+00:00,2026-08-10T13:00:00+00:00,2026-08-12T13:00:00+00:00,79,205.60758293950255,2.673855800668143,19,-4.001043398005866,0.9416237603160852,-21.16816303615564,-0.8039689387402846,False
S82_SL5_TP8,9,2026-08-05T13:00:00+00:00,2026-08-12T13:00:00+00:00,2026-08-12T13:00:00+00:00,2026-08-14T13:00:00+00:00,84,-8.909208677794,0.99338109987509,18,18.161014851886236,1.8916138456407026,-12.53049618492781,0.015126763286688216,True
S82_SL5_TP8,10,2026-08-07T13:00:00+00:00,2026-08-14T13:00:00+00:00,2026-08-14T13:00:00+00:00,2026-08-16T13:00:00+00:00,77,109.1567477922157,1.8763316267372891,18,38.19829794991983,2.9872184685537007,-5.200000000000015,0.861562785910708,True
S82_SL5_TP8,11,2026-08-09T13:00:00+00:00,2026-08-16T13:00:00+00:00,2026-08-16T13:00:00+00:00,2026-08-18T13:00:00+00:00,84,76.27879796612925,1.560953220167823,24,16.543444464355893,1.3762639613707144,-14.23026000547073,-0.3706627505045077,True
S82_SL5_TP8,12,2026-08-11T13:00:00+00:00,2026-08-18T13:00:00+00:00,2026-08-18T13:00:00+00:00,2026-08-20T13:00:00+00:00,90,106.34890999577853,1.596001542515419,17,36.92607402313912,2.5141991461535067,-10.129599999999995,1.86162464985995,True
S82_SL5_TP10,0,2026-07-18T13:00:00+00:00,2026-07-25T13:00:00+00:00,2026-07-25T13:00:00+00:00,2026-07-27T13:00:00+00:00,0,0.0,0.0,2,4.090399999999983,1.8846153846153806,-5.200000000000015,2.2999999999999967,True
S82_SL5_TP10,1,2026-07-20T13:00:00+00:00,2026-07-27T13:00:00+00:00,2026-07-27T13:00:00+00:00,2026-07-29T13:00:00+00:00,2,4.090399999999983,1.8846153846153806,18,-24.84814460779723,0.3345071904705508,-30.44016165656528,-0.5679278492219828,False
S82_SL5_TP10,2,2026-07-22T13:00:00+00:00,2026-07-29T13:00:00+00:00,2026-07-29T13:00:00+00:00,2026-07-31T13:00:00+00:00,26,-12.818540784548327,0.7040995498650617,16,-8.367475434687744,0.7594667064458304,-13.367335085624177,-0.8695017593120522,False
S82_SL5_TP10,3,2026-07-24T13:00:00+00:00,2026-07-31T13:00:00+00:00,2026-07-31T13:00:00+00:00,2026-08-02T13:00:00+00:00,47,-15.827603057861218,0.8271764196079544,18,12.547843005778002,1.5403222168106954,-12.687848978532635,-0.22648156121727864,True
S82_SL5_TP10,4,2026-07-26T13:00:00+00:00,2026-08-02T13:00:00+00:00,2026-08-02T13:00:00+00:00,2026-08-04T13:00:00+00:00,69,-24.14369990296753,0.8070753318952738,19,35.9231151094771,2.5595467043162303,-10.129600000000028,0.37954216169227023,True
S82_SL5_TP10,5,2026-07-28T13:00:00+00:00,2026-08-04T13:00:00+00:00,2026-08-04T13:00:00+00:00,2026-08-06T13:00:00+00:00,76,-28.91171495877466,0.7855556898421023,21,37.24578452871394,2.189901524873331,-17.292724173266027,2.349575070821519,True
S82_SL5_TP10,6,2026-07-30T13:00:00+00:00,2026-08-06T13:00:00+00:00,2026-08-06T13:00:00+00:00,2026-08-08T13:00:00+00:00,77,-17.761524293175878,0.9055418594561704,23,48.642803106861464,3.528610728210044,-5.200000000000005,-0.10843104927380481,True
S82_SL5_TP10,7,2026-08-01T13:00:00+00:00,2026-08-08T13:00:00+00:00,2026-08-08T13:00:00+00:00,2026-08-10T13:00:00+00:00,85,80.95078961066741,1.5575455536290626,20,25.945251479405783,2.2401108235496117,-17.578811749827416,-0.08479262672811388,True
S82_SL5_TP10,8,2026-08-03T13:00:00+00:00,2026-08-10T13:00:00+00:00,2026-08-10T13:00:00+00:00,2026-08-12T13:00:00+00:00,80,255.71933713960811,2.6595252702900827,18,-0.48746114519926387,1.0485799573515369,-26.872136397175915,-0.8746552768235603,False
S82_SL5_TP10,9,2026-08-05T13:00:00+00:00,2026-08-12T13:00:00+00:00,2026-08-12T13:00:00+00:00,2026-08-14T13:00:00+00:00,81,24.356847164653406,1.22807157302648,18,24.86046562230426,2.1843054757358393,-12.53049618492781,0.015126763286688216,True
S82_SL5_TP10,10,2026-08-07T13:00:00+00:00,2026-08-14T13:00:00+00:00,2026-08-14T13:00:00+00:00,2026-08-16T13:00:00+00:00,76,76.59993247219579,1.6791011413455579,18,51.502776030197865,3.5648221318265567,-5.200000000000015,0.861562785910708,True
S82_SL5_TP10,11,2026-08-09T13:00:00+00:00,2026-08-16T13:00:00+00:00,2026-08-16T13:00:00+00:00,2026-08-18T13:00:00+00:00,77,5.948945349062962,1.1084719559957912,22,13.472768289681913,1.3442344538645934,-24.072601796464564,-0.7397225725094545,True
S82_SL5_TP10,12,2026-08-11T13:00:00+00:00,2026-08-18T13:00:00+00:00,2026-08-18T13:00:00+00:00,2026-08-20T13:00:00+00:00,80,182.0849982499579,2.1543090881636715,15,24.50860641489967,2.084094163157795,-14.888608801073389,1.0334632876772611,True
S82_SL5_TP12,0,2026-07-18T13:00:00+00:00,2026-07-25T13:00:00+00:00,2026-07-25T13:00:00+00:00,2026-07-27T13:00:00+00:00,0,0.0,0.0,1,11.800000000000011,inf,0.0,11.800000000000011,True
S82_SL5_TP12,1,2026-07-20T13:00:00+00:00,2026-07-27T13:00:00+00:00,2026-07-27T13:00:00+00:00,2026-07-29T13:00:00+00:00,1,11.800000000000011,inf,18,-23.47160089863808,0.3837564649755653,-26.268653913635365,-0.5679278492219828,False
S82_SL5_TP12,2,2026-07-22T13:00:00+00:00,2026-07-29T13:00:00+00:00,2026-07-29T13:00:00+00:00,2026-07-31T13:00:00+00:00,25,-13.40771618696981,0.6834194214920882,15,-16.545970341245674,0.43900865635176256,-16.5459703412457,-1.5190215024386775,False
S82_SL5_TP12,3,2026-07-24T13:00:00+00:00,2026-07-31T13:00:00+00:00,2026-07-31T13:00:00+00:00,2026-08-02T13:00:00+00:00,46,-22.152924360714,0.7193126561071468,18,13.606004523583092,1.5433201762615778,-15.446821548936263,-0.19651252815379144,True
S82_SL5_TP12,4,2026-07-26T13:00:00+00:00,2026-08-02T13:00:00+00:00,2026-08-02T13:00:00+00:00,2026-08-04T13:00:00+00:00,68,-1.9233957255429646,1.050799876141622,21,13.87696224336299,1.451789006850037,-17.536824267773675,-0.1930003499825304,True
S82_SL5_TP12,5,2026-07-28T13:00:00+00:00,2026-08-04T13:00:00+00:00,2026-08-04T13:00:00+00:00,2026-08-06T13:00:00+00:00,73,-1.429792674895125,1.0538793196323608,21,44.882991435353524,2.397163173979094,-17.292724173266016,2.349575070821519,True
S82_SL5_TP12,6,2026-07-30T13:00:00+00:00,2026-08-06T13:00:00+00:00,2026-08-06T13:00:00+00:00,2026-08-08T13:00:00+00:00,79,-36.775776236599256,0.754921441008302,21,63.19848685542298,4.479475698473646,-6.110512547528513,0.3496921723834758,True
S82_SL5_TP12,7,2026-08-01T13:00:00+00:00,2026-08-08T13:00:00+00:00,2026-08-08T13:00:00+00:00,2026-08-10T13:00:00+00:00,84,156.44052763360637,1.8686904177563832,20,29.34087904712699,2.236836324629724,-19.818441877884762,-0.10642079525480225,True
S82_SL5_TP12,8,2026-08-03T13:00:00+00:00,2026-08-10T13:00:00+00:00,2026-08-10T13:00:00+00:00,2026-08-12T13:00:00+00:00,77,440.84674018608575,3.464689903873289,19,-2.1940961845353213,1.0143215952064573,-26.872136397175915,-0.9453416149068359,False
S82_SL5_TP12,9,2026-08-05T13:00:00+00:00,2026-08-12T13:00:00+00:00,2026-08-12T13:00:00+00:00,2026-08-14T13:00:00+00:00,82,50.72041887310783,1.359940452504863,18,29.73274263216783,2.391109756928944,-12.53049618492781,0.015126763286688216,True
S82_SL5_TP12,10,2026-08-07T13:00:00+00:00,2026-08-14T13:00:00+00:00,2026-08-14T13:00:00+00:00,2026-08-16T13:00:00+00:00,72,74.30843468795891,1.7051382798632255,17,48.31193607425834,3.4608534724374427,-5.200000000000015,0.6618643105601454,True
S82_SL5_TP12,11,2026-08-09T13:00:00+00:00,2026-08-16T13:00:00+00:00,2026-08-16T13:00:00+00:00,2026-08-18T13:00:00+00:00,77,61.79710554457682,1.5176485730065512,22,5.306578170009746,1.1803880496178991,-28.020826503048426,-1.7137403164891762,True
S82_SL5_TP12,12,2026-08-11T13:00:00+00:00,2026-08-18T13:00:00+00:00,2026-08-18T13:00:00+00:00,2026-08-20T13:00:00+00:00,80,273.6917847767256,2.3513124739203364,15,31.437037711447058,2.352909777530115,-14.888608801073389,1.0334632876772611,True
S82_SL5_TP15,0,2026-07-18T13:00:00+00:00,2026-07-25T13:00:00+00:00,2026-07-25T13:00:00+00:00,2026-07-27T13:00:00+00:00,0,0.0,0.0,1,14.79999999999999,inf,0.0,14.799999999999992,True
S82_SL5_TP15,1,2026-07-20T13:00:00+00:00,2026-07-27T13:00:00+00:00,2026-07-27T13:00:00+00:00,2026-07-29T13:00:00+00:00,1,14.79999999999999,inf,17,-35.2731418149846,0.059833676140554515,-36.95310235267056,-2.8592455163883757,False
S82_SL5_TP15,2,2026-07-22T13:00:00+00:00,2026-07-29T13:00:00+00:00,2026-07-29T13:00:00+00:00,2026-07-31T13:00:00+00:00,25,-11.084130753704269,0.7588253403921613,15,-16.545970341245674,0.43900865635176256,-16.5459703412457,-1.5190215024386775,False
S82_SL5_TP15,3,2026-07-24T13:00:00+00:00,2026-07-31T13:00:00+00:00,2026-07-31T13:00:00+00:00,2026-08-02T13:00:00+00:00,46,-25.560809914875225,0.6573992071253196,18,22.998988419300325,1.8561579293127963,-10.808883490439092,-0.19651252815379144,True
S82_SL5_TP15,4,2026-07-26T13:00:00+00:00,2026-08-02T13:00:00+00:00,2026-08-02T13:00:00+00:00,2026-08-04T13:00:00+00:00,67,-2.3083390344746824,1.051399913232891,19,14.69835662124166,1.5491226051152782,-17.53682426777369,-0.2,True
S82_SL5_TP15,5,2026-07-28T13:00:00+00:00,2026-08-04T13:00:00+00:00,2026-08-04T13:00:00+00:00,2026-08-06T13:00:00+00:00,72,-13.899866938788886,0.9353663311844579,21,56.86196746767318,2.7080556476377367,-17.292724173266027,2.349575070821519,True
S82_SL5_TP15,6,2026-07-30T13:00:00+00:00,2026-08-06T13:00:00+00:00,2026-08-06T13:00:00+00:00,2026-08-08T13:00:00+00:00,81,-24.231518044505172,0.8980149551357326,20,66.17683449166645,7.620272569504254,-5.199999999999994,0.710293046715105,True
S82_SL5_TP15,7,2026-08-01T13:00:00+00:00,2026-08-08T13:00:00+00:00,2026-08-08T13:00:00+00:00,2026-08-10T13:00:00+00:00,79,58.31388647110592,1.456311714933711,20,36.73454122166142,2.391153510047586,-21.70812979843325,-0.10642079525480225,True
S82_SL5_TP15,8,2026-08-03T13:00:00+00:00,2026-08-10T13:00:00+00:00,2026-08-10T13:00:00+00:00,2026-08-12T13:00:00+00:00,75,230.89560742218055,2.6463097266478255,18,8.78196572580816,1.3173842481745195,-26.872136397175904,-0.8746552768235603,True
S82_SL5_TP15,9,2026-08-05T13:00:00+00:00,2026-08-12T13:00:00+00:00,2026-08-12T13:00:00+00:00,2026-08-14T13:00:00+00:00,83,65.9352309687885,1.4368055635095043,18,36.78855710099529,2.683801387024079,-12.53049618492781,0.015126763286688216,True
S82_SL5_TP15,10,2026-08-07T13:00:00+00:00,2026-08-14T13:00:00+00:00,2026-08-14T13:00:00+00:00,2026-08-16T13:00:00+00:00,73,100.37819269270526,1.76650326870876,17,71.27958714700027,5.274357622709839,-9.705619473079762,0.6618643105601454,True
S82_SL5_TP15,11,2026-08-09T13:00:00+00:00,2026-08-16T13:00:00+00:00,2026-08-16T13:00:00+00:00,2026-08-18T13:00:00+00:00,77,69.65516928134963,1.519854577588696,19,-29.940962543300596,0.32535831387174347,-29.940962543300596,-2.481368821292773,False
S82_SL5_TP15,12,2026-08-11T13:00:00+00:00,2026-08-18T13:00:00+00:00,2026-08-18T13:00:00+00:00,2026-08-20T13:00:00+00:00,80,193.04221069599402,2.0674010825303486,15,42.30429762171097,2.756133199088592,-14.888608801073389,1.0334632876772611,True
S82_SL6_TP8,0,2026-07-18T13:00:00+00:00,2026-07-25T13:00:00+00:00,2026-07-25T13:00:00+00:00,2026-07-27T13:00:00+00:00,0,0.0,0.0,2,1.1164000000000174,1.2580645161290345,-6.199999999999994,0.800000000000006,True
S82_SL6_TP8,1,2026-07-20T13:00:00+00:00,2026-07-27T13:00:00+00:00,2026-07-27T13:00:00+00:00,2026-07-29T13:00:00+00:00,2,1.1164000000000174,1.2580645161290345,16,-20.751584642002697,0.3659597706839037,-25.307780042506966,-0.3396407592841931,False
S82_SL6_TP8,2,2026-07-22T13:00:00+00:00,2026-07-29T13:00:00+00:00,2026-07-29T13:00:00+00:00,2026-07-31T13:00:00+00:00,24,-16.526983616361722,0.5790821515417668,14,-10.561979373725805,0.6573963827958812,-12.015599999999992,-0.9242767223784307,False
S82_SL6_TP8,3,2026-07-24T13:00:00+00:00,2026-07-31T13:00:00+00:00,2026-07-31T13:00:00+00:00,2026-08-02T13:00:00+00:00,46,-20.338773252746567,0.7019660208674939,18,6.536360124580587,1.3219065084868566,-11.550024163191674,-0.19651252815379144,True
S82_SL6_TP8,4,2026-07-26T13:00:00+00:00,2026-08-02T13:00:00+00:00,2026-08-02T13:00:00+00:00,2026-08-04T13:00:00+00:00,70,-25.61582166236358,0.7831665003309162,22,3.7668056145773177,1.160021142074139,-19.462339298716913,-0.11404662948881744,True
S82_SL6_TP8,5,2026-07-28T13:00:00+00:00,2026-08-04T13:00:00+00:00,2026-08-04T13:00:00+00:00,2026-08-06T13:00:00+00:00,73,-33.798204359667395,0.7283048489092373,19,27.97338803378764,2.1522614369203503,-15.831864806036588,2.349575070821519,True
S82_SL6_TP8,6,2026-07-30T13:00:00+00:00,2026-08-06T13:00:00+00:00,2026-08-06T13:00:00+00:00,2026-08-08T13:00:00+00:00,78,-13.310533553023763,0.9526915278730687,22,57.92954742983978,4.154737474529124,-6.200000000000017,0.4434870299125595,True
S82_SL6_TP8,7,2026-08-01T13:00:00+00:00,2026-08-08T13:00:00+00:00,2026-08-08T13:00:00+00:00,2026-08-10T13:00:00+00:00,84,-12.69993298286387,0.972608821293378,21,36.37779294226207,2.5319370353980175,-12.702160680869412,1.1724987172909265,True
S82_SL6_TP8,8,2026-08-03T13:00:00+00:00,2026-08-10T13:00:00+00:00,2026-08-10T13:00:00+00:00,2026-08-12T13:00:00+00:00,79,127.53616696391484,2.02954120233757,19,-7.568304769133427,0.857088532206727,-23.368774607929076,-0.8039689387402846,False
S82_SL6_TP8,9,2026-08-05T13:00:00+00:00,2026-08-12T13:00:00+00:00,2026-08-12T13:00:00+00:00,2026-08-14T13:00:00+00:00,79,5.101860448343487,1.0960135067965653,18,29.867512624079517,2.217054177730151,-14.366111517620528,1.573263770298572,True
S82_SL6_TP8,10,2026-08-07T13:00:00+00:00,2026-08-14T13:00:00+00:00,2026-08-14T13:00:00+00:00,2026-08-16T13:00:00+00:00,78,80.08300444649106,1.6352340502079692,20,57.64620439671331,3.501450143237561,-6.200000000000017,1.131565210069885,True
S82_SL6_TP8,11,2026-08-09T13:00:00+00:00,2026-08-16T13:00:00+00:00,2026-08-16T13:00:00+00:00,2026-08-18T13:00:00+00:00,79,40.80598714328376,1.3711161214685776,24,29.803656625672303,1.6383933243200226,-12.11560885870674,-0.04884192947548477,True
S82_SL6_TP8,12,2026-08-11T13:00:00+00:00,2026-08-18T13:00:00+00:00,2026-08-18T13:00:00+00:00,2026-08-20T13:00:00+00:00,84,149.286708006305,1.8828353923572778,15,57.798750590669854,4.468047753070693,-6.294406485666171,2.9177067743927365,True
S82_SL6_TP10,0,2026-07-18T13:00:00+00:00,2026-07-25T13:00:00+00:00,2026-07-25T13:00:00+00:00,2026-07-27T13:00:00+00:00,0,0.0,0.0,2,2.992400000000006,1.5806451612903254,-6.199999999999994,1.8000000000000074,True
S82_SL6_TP10,1,2026-07-20T13:00:00+00:00,2026-07-27T13:00:00+00:00,2026-07-27T13:00:00+00:00,2026-07-29T13:00:00+00:00,2,2.992400000000006,1.5806451612903254,16,-19.281298642781962,0.4237306010025879,-25.307780042506966,-0.3396407592841931,False
S82_SL6_TP10,2,2026-07-22T13:00:00+00:00,2026-07-29T13:00:00+00:00,2026-07-29T13:00:00+00:00,2026-07-31T13:00:00+00:00,24,-13.40092244262907,0.6811790429797759,14,-8.902646894574161,0.7265115598232813,-12.015599999999992,-0.9242767223784307,False
S82_SL6_TP10,3,2026-07-24T13:00:00+00:00,2026-07-31T13:00:00+00:00,2026-07-31T13:00:00+00:00,2026-08-02T13:00:00+00:00,46,-14.260428814076509,0.821817314449359,18,7.857205990746108,1.3365805098287395,-14.533154419709737,-0.23406294084221108,True
S82_SL6_TP10,4,2026-07-26T13:00:00+00:00,2026-08-02T13:00:00+00:00,2026-08-02T13:00:00+00:00,2026-08-04T13:00:00+00:00,69,-9.417065549842786,0.9659157526265159,22,-1.9818054388763273,1.0262028554300553,-18.697852229153444,-0.20499350843902736,False
S82_SL6_TP10,5,2026-07-28T13:00:00+00:00,2026-08-04T13:00:00+00:00,2026-08-04T13:00:00+00:00,2026-08-06T13:00:00+00:00,75,-37.79049743900595,0.7138601865552978,18,20.25602831818871,1.8576075582968283,-13.757214610680613,2.0832358933355555,True
S82_SL6_TP10,6,2026-07-30T13:00:00+00:00,2026-08-06T13:00:00+00:00,2026-08-06T13:00:00+00:00,2026-08-08T13:00:00+00:00,77,-3.4140105546786814,1.041408801462786,23,45.52341867484002,3.1519610673846477,-6.200000000000017,-0.10843104927380481,True
S82_SL6_TP10,7,2026-08-01T13:00:00+00:00,2026-08-08T13:00:00+00:00,2026-08-08T13:00:00+00:00,2026-08-10T13:00:00+00:00,81,-18.77280579218572,0.9299059330861871,20,24.616715071395202,2.134219361183038,-18.448233566812355,-0.08479262672811388,True
S82_SL6_TP10,8,2026-08-03T13:00:00+00:00,2026-08-10T13:00:00+00:00,2026-08-10T13:00:00+00:00,2026-08-12T13:00:00+00:00,76,236.9128477942418,2.8151874015453986,18,-4.185285042091403,0.9559849080278757,-28.119910582237505,-0.8746552768235603,False
S82_SL6_TP10,9,2026-08-05T13:00:00+00:00,2026-08-12T13:00:00+00:00,2026-08-12T13:00:00+00:00,2026-08-14T13:00:00+00:00,84,60.21850042314918,1.3934869095957019,18,36.00031895976987,2.433182251632619,-14.366111517620528,1.573263770298572,True
S82_SL6_TP10,10,2026-08-07T13:00:00+00:00,2026-08-14T13:00:00+00:00,2026-08-14T13:00:00+00:00,2026-08-16T13:00:00+00:00,77,90.12347946365185,1.7242436343167864,19,59.556743935958444,3.5894297166856637,-6.200000000000017,1.0612612612612706,True
S82_SL6_TP10,11,2026-08-09T13:00:00+00:00,2026-08-16T13:00:00+00:00,2026-08-16T13:00:00+00:00,2026-08-18T13:00:00+00:00,73,33.97457729500783,1.3285312014323911,22,40.827552157597836,1.8664448504192381,-12.115608858706729,-0.04884192947548477,True
S82_SL6_TP10,12,2026-08-11T13:00:00+00:00,2026-08-18T13:00:00+00:00,2026-08-18T13:00:00+00:00,2026-08-20T13:00:00+00:00,81,250.33481777756185,2.310374411550444,13,43.48839452401465,3.778399121082453,-12.104153283554863,1.86162464985995,True
S82_SL6_TP12,0,2026-07-18T13:00:00+00:00,2026-07-25T13:00:00+00:00,2026-07-25T13:00:00+00:00,2026-07-27T13:00:00+00:00,0,0.0,0.0,1,11.800000000000011,inf,0.0,11.800000000000011,True
S82_SL6_TP12,1,2026-07-20T13:00:00+00:00,2026-07-27T13:00:00+00:00,2026-07-27T13:00:00+00:00,2026-07-29T13:00:00+00:00,1,11.800000000000011,inf,15,-17.11829928298172,0.4934134258807162,-24.678251679156883,-0.3000700490343287,False
S82_SL6_TP12,2,2026-07-22T13:00:00+00:00,2026-07-29T13:00:00+00:00,2026-07-29T13:00:00+00:00,2026-07-31T13:00:00+00:00,22,-18.621585534242524,0.5143290105885454,14,-7.243314415422509,0.7956267368506816,-12.015599999999992,-0.9242767223784307,False
S82_SL6_TP12,3,2026-07-24T13:00:00+00:00,2026-07-31T13:00:00+00:00,2026-07-31T13:00:00+00:00,2026-08-02T13:00:00+00:00,43,-24.63500578004917,0.5947213748249097,17,14.843108326715937,1.6096114553433485,-12.693900073747033,-0.1800259662438906,True
S82_SL6_TP12,4,2026-07-26T13:00:00+00:00,2026-08-02T13:00:00+00:00,2026-08-02T13:00:00+00:00,2026-08-04T13:00:00+00:00,68,-37.196875576983714,0.6376277905625852,23,0.8740725378961756,1.1022042226372522,-21.652545292333624,-0.2,True
S82_SL6_TP12,5,2026-07-28T13:00:00+00:00,2026-08-04T13:00:00+00:00,2026-08-04T13:00:00+00:00,2026-08-06T13:00:00+00:00,72,-32.12328789709269,0.7791691138507475,18,22.446484207408936,1.9424389734338596,-13.757214610680624,2.0832358933355555,True
S82_SL6_TP12,6,2026-07-30T13:00:00+00:00,2026-08-06T13:00:00+00:00,2026-08-06T13:00:00+00:00,2026-08-08T13:00:00+00:00,77,-43.43783098987506,0.7281288832297766,21,63.64868164882134,4.562659977554451,-6.200000000000017,0.3496921723834758,True
S82_SL6_TP12,7,2026-08-01T13:00:00+00:00,2026-08-08T13:00:00+00:00,2026-08-08T13:00:00+00:00,2026-08-10T13:00:00+00:00,79,-11.020397515010105,0.9961013905918478,20,27.97652378291675,2.1431140534963866,-20.664238904489373,-0.10642079525480225,True
S82_SL6_TP12,8,2026-08-03T13:00:00+00:00,2026-08-10T13:00:00+00:00,2026-08-10T13:00:00+00:00,2026-08-12T13:00:00+00:00,75,288.5438513619337,3.194962676889834,19,-6.821872813338425,0.9144825355165724,-28.119910582237495,-0.9453416149068359,False
S82_SL6_TP12,9,2026-08-05T13:00:00+00:00,2026-08-12T13:00:00+00:00,2026-08-12T13:00:00+00:00,2026-08-14T13:00:00+00:00,83,19.438382363951057,1.1959596813302533,18,41.30729282134595,2.6152119299260193,-14.366111517620528,1.573263770298572,True
S82_SL6_TP12,10,2026-08-07T13:00:00+00:00,2026-08-14T13:00:00+00:00,2026-08-14T13:00:00+00:00,2026-08-16T13:00:00+00:00,74,71.78742850276363,1.6323434822479308,18,56.19627723606779,3.496227809858076,-6.200000000000017,0.861562785910708,True
S82_SL6_TP12,11,2026-08-09T13:00:00+00:00,2026-08-16T13:00:00+00:00,2026-08-16T13:00:00+00:00,2026-08-18T13:00:00+00:00,73,95.58123300546251,1.8033821858600834,23,51.41162612914529,1.9495351836912738,-11.222224431391858,-0.11366658033324911,True
S82_SL6_TP12,12,2026-08-11T13:00:00+00:00,2026-08-18T13:00:00+00:00,2026-08-18T13:00:00+00:00,2026-08-20T13:00:00+00:00,81,198.76492587768175,2.0220875724441956,13,51.47297897915439,4.209429516075103,-12.104153283554863,1.86162464985995,True
S82_SL6_TP15,0,2026-07-18T13:00:00+00:00,2026-07-25T13:00:00+00:00,2026-07-25T13:00:00+00:00,2026-07-27T13:00:00+00:00,0,0.0,0.0,1,14.79999999999999,inf,0.0,14.799999999999992,True
S82_SL6_TP15,1,2026-07-20T13:00:00+00:00,2026-07-27T13:00:00+00:00,2026-07-27T13:00:00+00:00,2026-07-29T13:00:00+00:00,1,14.79999999999999,inf,14,-25.02215239046819,0.1488376167285662,-28.543893481021886,-0.3396407592841931,False
S82_SL6_TP15,2,2026-07-22T13:00:00+00:00,2026-07-29T13:00:00+00:00,2026-07-29T13:00:00+00:00,2026-07-31T13:00:00+00:00,22,-16.437907149651576,0.5913340524670213,14,-4.754315696695044,0.8992995023917811,-12.015599999999992,-0.9242767223784307,False
S82_SL6_TP15,3,2026-07-24T13:00:00+00:00,2026-07-31T13:00:00+00:00,2026-07-31T13:00:00+00:00,2026-08-02T13:00:00+00:00,43,-22.612689298297372,0.6421253407393752,17,24.33837639437355,1.9358867407445084,-12.693900073747022,-0.1800259662438906,True
S82_SL6_TP15,4,2026-07-26T13:00:00+00:00,2026-08-02T13:00:00+00:00,2026-08-02T13:00:00+00:00,2026-08-04T13:00:00+00:00,68,-33.78118278424065,0.6903728666170164,20,9.584877608326735,1.3546397298991126,-22.587453566400008,-0.11404662948881744,True
S82_SL6_TP15,5,2026-07-28T13:00:00+00:00,2026-08-04T13:00:00+00:00,2026-08-04T13:00:00+00:00,2026-08-06T13:00:00+00:00,73,-46.01647390861706,0.6320549232762473,18,25.732168041239213,2.0696860961394057,-13.757214610680602,2.0832358933355555,True
S82_SL6_TP15,6,2026-07-30T13:00:00+00:00,2026-08-06T13:00:00+00:00,2026-08-06T13:00:00+00:00,2026-08-08T13:00:00+00:00,77,-39.25786215248087,0.7901849814655145,20,64.42391429660663,6.78651106414826,-6.200000000000017,0.710293046715105,True
S82_SL6_TP15,7,2026-08-01T13:00:00+00:00,2026-08-08T13:00:00+00:00,2026-08-08T13:00:00+00:00,2026-08-10T13:00:00+00:00,80,-23.013257485151485,0.9331601981777499,21,53.67708990752558,2.760064330429788,-12.914518207123859,0.030414746543772242,True
S82_SL6_TP15,8,2026-08-03T13:00:00+00:00,2026-08-10T13:00:00+00:00,2026-08-10T13:00:00+00:00,2026-08-12T13:00:00+00:00,74,164.09807198842148,2.32298259213341,18,4.73969570595949,1.2045331072383976,-28.119910582237495,-0.8746552768235603,True
S82_SL6_TP15,9,2026-08-05T13:00:00+00:00,2026-08-12T13:00:00+00:00,2026-08-12T13:00:00+00:00,2026-08-14T13:00:00+00:00,83,20.405046773657265,1.1941267720575508,18,48.9926159017853,2.872839881136753,-14.366111517620528,1.573263770298572,True
S82_SL6_TP15,10,2026-08-07T13:00:00+00:00,2026-08-14T13:00:00+00:00,2026-08-14T13:00:00+00:00,2026-08-16T13:00:00+00:00,73,124.32996488771346,1.9650005784708235,18,82.30798078415471,5.433598011380927,-10.658091841507167,0.861562785910708,True
S82_SL6_TP15,11,2026-08-09T13:00:00+00:00,2026-08-16T13:00:00+00:00,2026-08-16T13:00:00+00:00,2026-08-18T13:00:00+00:00,73,66.27644855549042,1.558689580256726,20,-27.154449228219246,0.5232366370004524,-31.39242931611189,-2.155728443763383,False
S82_SL6_TP15,12,2026-08-11T13:00:00+00:00,2026-08-18T13:00:00+00:00,2026-08-18T13:00:00+00:00,2026-08-20T13:00:00+00:00,77,250.74773812306393,2.4103901163670227,13,63.99681746950596,4.855975108564073,-12.104153283554863,1.86162464985995,True
S85_SL4_TP8,0,2026-07-18T13:00:00+00:00,2026-07-25T13:00:00+00:00,2026-07-25T13:00:00+00:00,2026-07-27T13:00:00+00:00,0,0.0,0.0,3,-1.0650408000000056,0.9285714285714286,-8.223600000000019,-4.200000000000004,False
S85_SL4_TP8,1,2026-07-20T13:00:00+00:00,2026-07-27T13:00:00+00:00,2026-07-27T13:00:00+00:00,2026-07-29T13:00:00+00:00,3,-1.0650408000000056,0.9285714285714286,16,-19.95886538083034,0.24640372687551987,-22.000077236946236,-0.5679278492219828,False
S85_SL4_TP8,2,2026-07-22T13:00:00+00:00,2026-07-29T13:00:00+00:00,2026-07-29T13:00:00+00:00,2026-07-31T13:00:00+00:00,25,-21.540190229028656,0.4267453847289716,17,-17.521588411949384,0.41367905927851,-19.98486463825061,-1.4212994626282336,False
S85_SL4_TP8,3,2026-07-24T13:00:00+00:00,2026-07-31T13:00:00+00:00,2026-07-31T13:00:00+00:00,2026-08-02T13:00:00+00:00,41,-29.33497209772239,0.5229461466237054,16,-5.521891313049398,0.8591976799129188,-15.90020277318709,-0.9786158291411937,False
S85_SL4_TP8,4,2026-07-26T13:00:00+00:00,2026-08-02T13:00:00+00:00,2026-08-02T13:00:00+00:00,2026-08-04T13:00:00+00:00,62,-32.04560840286236,0.6605577282372685,21,-0.8687731914253649,1.0287745891288789,-17.72176510506256,-0.43384721981639657,False
S85_SL4_TP8,5,2026-07-28T13:00:00+00:00,2026-08-04T13:00:00+00:00,2026-08-04T13:00:00+00:00,2026-08-06T13:00:00+00:00,71,-21.748700259971553,0.81668677777435,19,29.392553946295962,2.3225505238864845,-12.70597932089358,2.349575070821519,True
S85_SL4_TP8,6,2026-07-30T13:00:00+00:00,2026-08-06T13:00:00+00:00,2026-08-06T13:00:00+00:00,2026-08-08T13:00:00+00:00,80,20.06143578637909,1.2148316275860476,21,60.74316887570905,4.456942138815671,-4.200000000000004,0.3780346820809079,True
S85_SL4_TP8,7,2026-08-01T13:00:00+00:00,2026-08-08T13:00:00+00:00,2026-08-08T13:00:00+00:00,2026-08-10T13:00:00+00:00,85,34.33406676316984,1.3066106073176942,20,28.067448551072218,2.2741027309097657,-14.218355430420004,0.7543458733907717,True
S85_SL4_TP8,8,2026-08-03T13:00:00+00:00,2026-08-10T13:00:00+00:00,2026-08-10T13:00:00+00:00,2026-08-12T13:00:00+00:00,81,132.6537054009463,2.085509839225285,18,-10.325016986241199,0.7346375264270424,-24.061738468261506,-1.0887098085707256,False
S85_SL4_TP8,9,2026-08-05T13:00:00+00:00,2026-08-12T13:00:00+00:00,2026-08-12T13:00:00+00:00,2026-08-14T13:00:00+00:00,87,62.03271038287588,1.4361537236004414,19,9.289808212358741,1.4026550592803635,-14.427047717642527,-0.2,True
S85_SL4_TP8,10,2026-08-07T13:00:00+00:00,2026-08-14T13:00:00+00:00,2026-08-14T13:00:00+00:00,2026-08-16T13:00:00+00:00,80,64.66639829958353,1.5317666563381727,20,48.15254409392602,3.2178093118214375,-5.862650631046062,1.1845641970642087,True
S85_SL4_TP8,11,2026-08-09T13:00:00+00:00,2026-08-16T13:00:00+00:00,2026-08-16T13:00:00+00:00,2026-08-18T13:00:00+00:00,80,45.6195117171293,1.3910166993502655,31,21.832468265735262,1.390188749374291,-17.727819652323372,-0.5333333333333299,True
S85_SL4_TP8,12,2026-08-11T13:00:00+00:00,2026-08-18T13:00:00+00:00,2026-08-18T13:00:00+00:00,2026-08-20T13:00:00+00:00,89,85.19529464555826,1.5395900732770715,14,2.5757115331411784,1.16551828640713,-12.166699069943132,0.21876020416479197,True
S85_SL4_TP10,0,2026-07-18T13:00:00+00:00,2026-07-25T13:00:00+00:00,2026-07-25T13:00:00+00:00,2026-07-27T13:00:00+00:00,0,0.0,0.0,3,0.7704871999999918,1.1666666666666667,-8.223600000000019,-4.200000000000004,True
S85_SL4_TP10,1,2026-07-20T13:00:00+00:00,2026-07-27T13:00:00+00:00,2026-07-27T13:00:00+00:00,2026-07-29T13:00:00+00:00,3,0.7704871999999918,1.1666666666666667,16,-19.95886538083034,0.24640372687551987,-22.000077236946236,-0.5679278492219828,False
S85_SL4_TP10,2,2026-07-22T13:00:00+00:00,2026-07-29T13:00:00+00:00,2026-07-29T13:00:00+00:00,2026-07-31T13:00:00+00:00,25,-20.084535131237025,0.4765775835930222,17,-15.991376694174786,0.47763496365917774,-19.98486463825061,-1.4212994626282336,False
S85_SL4_TP10,3,2026-07-24T13:00:00+00:00,2026-07-31T13:00:00+00:00,2026-07-31T13:00:00+00:00,2026-08-02T13:00:00+00:00,41,-25.328431732315526,0.6114233098608526,16,-0.1652054482247367,1.0599331367563116,-15.9002027731871,-0.9786158291411937,False
S85_SL4_TP10,4,2026-07-26T13:00:00+00:00,2026-08-02T13:00:00+00:00,2026-08-02T13:00:00+00:00,2026-08-04T13:00:00+00:00,62,-25.829277217485668,0.7538386880851162,20,9.249818616915428,1.3616901057872373,-14.114577353927537,-0.5918646939616188,True
S85_SL4_TP10,5,2026-07-28T13:00:00+00:00,2026-08-04T13:00:00+00:00,2026-08-04T13:00:00+00:00,2026-08-06T13:00:00+00:00,70,-14.721948794110496,0.9009497516276651,18,20.009239014194826,1.8794500603876507,-9.591390979092917,2.0832358933355555,True
S85_SL4_TP10,6,2026-07-30T13:00:00+00:00,2026-08-06T13:00:00+00:00,2026-08-06T13:00:00+00:00,2026-08-08T13:00:00+00:00,76,23.416487377319363,1.2457163838601666,22,97.3158485180968,8.547385540874796,-4.200000000000004,1.481487686579397,True
S85_SL4_TP10,7,2026-08-01T13:00:00+00:00,2026-08-08T13:00:00+00:00,2026-08-08T13:00:00+00:00,2026-08-10T13:00:00+00:00,80,50.51840456405541,1.4336108632453743,21,44.74549673895769,2.9056680783785724,-11.289320869497054,1.1724987172909265,True
S85_SL4_TP10,8,2026-08-03T13:00:00+00:00,2026-08-10T13:00:00+00:00,2026-08-10T13:00:00+00:00,2026-08-12T13:00:00+00:00,80,189.52032705681242,2.3248750728095926,18,-6.966692406642128,0.8471798312811373,-24.061738468261527,-1.0887098085707256,False
S85_SL4_TP10,9,2026-08-05T13:00:00+00:00,2026-08-12T13:00:00+00:00,2026-08-12T13:00:00+00:00,2026-08-14T13:00:00+00:00,81,149.03799144739503,1.9981880193141492,19,15.486282495733095,1.634231418839386,-14.427047717642527,-0.2,True
S85_SL4_TP10,10,2026-08-07T13:00:00+00:00,2026-08-14T13:00:00+00:00,2026-08-14T13:00:00+00:00,2026-08-16T13:00:00+00:00,78,102.84989492332346,1.8232108092920125,18,33.62979982085279,2.660530009647119,-9.816419304542134,0.6764066762071865,True
S85_SL4_TP10,11,2026-08-09T13:00:00+00:00,2026-08-16T13:00:00+00:00,2026-08-16T13:00:00+00:00,2026-08-18T13:00:00+00:00,75,63.62652716662613,1.5321069872338957,25,26.14730095457687,1.5740929765830567,-19.229661165866542,-0.5333333333333299,True
S85_SL4_TP10,12,2026-08-11T13:00:00+00:00,2026-08-18T13:00:00+00:00,2026-08-18T13:00:00+00:00,2026-08-20T13:00:00+00:00,85,110.77432832014935,1.7189462969766869,14,4.478785958616882,1.2570533818246623,-12.166699069943132,0.21876020416479197,True
S85_SL4_TP12,0,2026-07-18T13:00:00+00:00,2026-07-25T13:00:00+00:00,2026-07-25T13:00:00+00:00,2026-07-27T13:00:00+00:00,0,0.0,0.0,3,2.606015199999989,1.4047619047619049,-8.223600000000008,-4.200000000000004,True
S85_SL4_TP12,1,2026-07-20T13:00:00+00:00,2026-07-27T13:00:00+00:00,2026-07-27T13:00:00+00:00,2026-07-29T13:00:00+00:00,3,2.606015199999989,1.4047619047619049,16,-19.95886538083034,0.24640372687551987,-22.000077236946236,-0.5679278492219828,False
S85_SL4_TP12,2,2026-07-22T13:00:00+00:00,2026-07-29T13:00:00+00:00,2026-07-29T13:00:00+00:00,2026-07-31T13:00:00+00:00,25,-18.628880033445316,0.5264097824570728,17,-14.461164976400187,0.5415908680398454,-19.98486463825061,-1.4212994626282336,False
S85_SL4_TP12,3,2026-07-24T13:00:00+00:00,2026-07-31T13:00:00+00:00,2026-07-31T13:00:00+00:00,2026-08-02T13:00:00+00:00,42,-24.48396623927089,0.6590809444801174,16,0.4842362795246302,1.086551826635346,-15.900202773187077,-0.9786158291411937,True
S85_SL4_TP12,4,2026-07-26T13:00:00+00:00,2026-08-02T13:00:00+00:00,2026-08-02T13:00:00+00:00,2026-08-04T13:00:00+00:00,61,-26.811456690338854,0.7437049976489295,19,5.805945283956637,1.2692813816943378,-16.392585945063853,-0.43384721981639657,True
S85_SL4_TP12,5,2026-07-28T13:00:00+00:00,2026-08-04T13:00:00+00:00,2026-08-04T13:00:00+00:00,2026-08-06T13:00:00+00:00,70,-2.343730529417387,1.0373418086608022,18,22.19519965197614,1.9683582022065822,-9.591390979092907,2.0832358933355555,True
S85_SL4_TP12,6,2026-07-30T13:00:00+00:00,2026-08-06T13:00:00+00:00,2026-08-06T13:00:00+00:00,2026-08-08T13:00:00+00:00,79,87.53888537331984,1.6257375439786683,21,100.83007773699322,10.308582761521263,-4.200000000000004,0.3780346820809079,True
S85_SL4_TP12,7,2026-08-01T13:00:00+00:00,2026-08-08T13:00:00+00:00,2026-08-08T13:00:00+00:00,2026-08-10T13:00:00+00:00,79,134.72075175800478,1.971260211225293,19,43.01097237841416,3.1218806985811267,-8.835836283195707,1.1724987172909265,True
S85_SL4_TP12,8,2026-08-03T13:00:00+00:00,2026-08-10T13:00:00+00:00,2026-08-10T13:00:00+00:00,2026-08-12T13:00:00+00:00,79,228.7278353014627,2.5649731250235015,18,-3.5466339193298557,0.9597221361352322,-24.061738468261506,-1.0887098085707256,False
S85_SL4_TP12,9,2026-08-05T13:00:00+00:00,2026-08-12T13:00:00+00:00,2026-08-12T13:00:00+00:00,2026-08-14T13:00:00+00:00,82,141.11760867866678,1.8720188977603651,19,19.992762239775065,1.7978540771448295,-14.427047717642527,-0.2,True
S85_SL4_TP12,10,2026-08-07T13:00:00+00:00,2026-08-14T13:00:00+00:00,2026-08-14T13:00:00+00:00,2026-08-16T13:00:00+00:00,79,110.10321542715022,1.8278955279490363,18,41.06579090523594,2.979889143752496,-9.816419304542134,0.6764066762071865,True
S85_SL4_TP12,11,2026-08-09T13:00:00+00:00,2026-08-16T13:00:00+00:00,2026-08-16T13:00:00+00:00,2026-08-18T13:00:00+00:00,77,59.85600308411196,1.4798306955503642,23,12.468560429798003,1.3319359903208905,-26.43867137146313,-2.481368821292773,True
S85_SL4_TP12,12,2026-08-11T13:00:00+00:00,2026-08-18T13:00:00+00:00,2026-08-18T13:00:00+00:00,2026-08-20T13:00:00+00:00,83,207.16169089828736,2.07880175638253,14,6.381860384092608,1.3485884772421945,-12.166699069943132,0.21876020416479197,True
S85_SL4_TP15,0,2026-07-18T13:00:00+00:00,2026-07-25T13:00:00+00:00,2026-07-25T13:00:00+00:00,2026-07-27T13:00:00+00:00,0,0.0,0.0,2,-8.223599999999998,0.0,-8.223600000000008,-4.200000000000004,False
S85_SL4_TP15,1,2026-07-20T13:00:00+00:00,2026-07-27T13:00:00+00:00,2026-07-27T13:00:00+00:00,2026-07-29T13:00:00+00:00,2,-8.223599999999998,0.0,16,-19.95886538083034,0.24640372687551987,-22.000077236946236,-0.5679278492219828,False
S85_SL4_TP15,2,2026-07-22T13:00:00+00:00,2026-07-29T13:00:00+00:00,2026-07-29T13:00:00+00:00,2026-07-31T13:00:00+00:00,24,-13.336436405292973,0.6511215233592189,17,-12.165847399738327,0.6375247246108461,-19.98486463825061,-1.4212994626282336,False
S85_SL4_TP15,3,2026-07-24T13:00:00+00:00,2026-07-31T13:00:00+00:00,2026-07-31T13:00:00+00:00,2026-08-02T13:00:00+00:00,40,-15.890128716223561,0.7862186617065058,16,5.949303261422756,1.2872872834787374,-12.280407835397611,-0.9786158291411937,True
S85_SL4_TP15,4,2026-07-26T13:00:00+00:00,2026-08-02T13:00:00+00:00,2026-08-02T13:00:00+00:00,2026-08-04T13:00:00+00:00,60,-13.196503575765972,0.909357934248204,18,17.949229662001564,1.7264856952988037,-12.078208800000013,-0.5918646939616188,True
S85_SL4_TP15,5,2026-07-28T13:00:00+00:00,2026-08-04T13:00:00+00:00,2026-08-04T13:00:00+00:00,2026-08-06T13:00:00+00:00,69,12.31196871603315,1.1848213019120861,18,25.4741406086481,2.1017204149349786,-9.591390979092907,2.0832358933355555,True
S85_SL4_TP15,6,2026-07-30T13:00:00+00:00,2026-08-06T13:00:00+00:00,2026-08-06T13:00:00+00:00,2026-08-08T13:00:00+00:00,75,133.30728038300964,1.9919633372887893,19,73.25857027041253,10.39667207667743,-4.200000000000004,0.8833042059885667,True
S85_SL4_TP15,7,2026-08-01T13:00:00+00:00,2026-08-08T13:00:00+00:00,2026-08-08T13:00:00+00:00,2026-08-10T13:00:00+00:00,77,35.097483096393624,1.3513892529112195,19,54.835169225178994,3.619844945641719,-8.83583628319573,1.1724987172909265,True
S85_SL4_TP15,8,2026-08-03T13:00:00+00:00,2026-08-10T13:00:00+00:00,2026-08-10T13:00:00+00:00,2026-08-12T13:00:00+00:00,77,293.6463523900031,2.8948512731800182,18,-0.415737611907685,1.06136507362733,-24.061738468261517,-1.0887098085707256,False
S85_SL4_TP15,9,2026-08-05T13:00:00+00:00,2026-08-12T13:00:00+00:00,2026-08-12T13:00:00+00:00,2026-08-14T13:00:00+00:00,81,146.34613621234442,1.8674271326849576,19,26.518845407279514,2.02943043670385,-14.427047717642527,-0.2,True
S85_SL4_TP15,10,2026-08-07T13:00:00+00:00,2026-08-14T13:00:00+00:00,2026-08-14T13:00:00+00:00,2026-08-16T13:00:00+00:00,79,160.01006652208338,1.9943644554148465,18,52.729159472470656,3.458927844910558,-9.816419304542134,0.6764066762071865,True
S85_SL4_TP15,11,2026-08-09T13:00:00+00:00,2026-08-16T13:00:00+00:00,2026-08-16T13:00:00+00:00,2026-08-18T13:00:00+00:00,77,121.48958103025814,1.8242221434543346,23,-34.90027454757061,0.2894985101641267,-34.90027454757062,-4.199999999999992,False
S85_SL4_TP15,12,2026-08-11T13:00:00+00:00,2026-08-18T13:00:00+00:00,2026-08-18T13:00:00+00:00,2026-08-20T13:00:00+00:00,77,184.97117236500395,2.107054503573151,14,9.236472022306174,1.485891120368492,-12.166699069943132,0.21876020416479197,True
S85_SL5_TP8,0,2026-07-18T13:00:00+00:00,2026-07-25T13:00:00+00:00,2026-07-25T13:00:00+00:00,2026-07-27T13:00:00+00:00,0,0.0,0.0,2,2.194399999999974,1.4999999999999967,-5.200000000000027,1.2999999999999954,True
S85_SL5_TP8,1,2026-07-20T13:00:00+00:00,2026-07-27T13:00:00+00:00,2026-07-27T13:00:00+00:00,2026-07-29T13:00:00+00:00,2,2.194399999999974,1.4999999999999967,16,-26.36746305867792,0.14160512198935224,-28.94086445820909,-0.5679278492219828,False
S85_SL5_TP8,2,2026-07-22T13:00:00+00:00,2026-07-29T13:00:00+00:00,2026-07-29T13:00:00+00:00,2026-07-31T13:00:00+00:00,25,-29.009904381881814,0.3249739613153691,16,-20.25335683677699,0.44129086380064936,-20.253356836777,-1.8721802460304358,False
S85_SL5_TP8,3,2026-07-24T13:00:00+00:00,2026-07-31T13:00:00+00:00,2026-07-31T13:00:00+00:00,2026-08-02T13:00:00+00:00,42,-43.67299513824528,0.38578345483864146,16,-11.286817318201525,0.7155595139762585,-19.472855123752076,-0.9786158291411937,False
S85_SL5_TP8,4,2026-07-26T13:00:00+00:00,2026-08-02T13:00:00+00:00,2026-08-02T13:00:00+00:00,2026-08-04T13:00:00+00:00,62,-54.08865862026657,0.42859746558477396,20,-9.475173876829713,0.810069102836507,-23.565097695215044,-0.7547268115332515,False
S85_SL5_TP8,5,2026-07-28T13:00:00+00:00,2026-08-04T13:00:00+00:00,2026-08-04T13:00:00+00:00,2026-08-06T13:00:00+00:00,71,-46.53659762769144,0.5547951564240627,18,30.8796909274516,2.465471429883807,-11.702690009210759,2.5402620127023545,True
S85_SL5_TP8,6,2026-07-30T13:00:00+00:00,2026-08-06T13:00:00+00:00,2026-08-06T13:00:00+00:00,2026-08-08T13:00:00+00:00,74,-19.97308564519038,0.8838376476947281,21,56.94420937173763,3.9004067648466054,-5.199999999999994,0.3496921723834758,True
S85_SL5_TP8,7,2026-08-01T13:00:00+00:00,2026-08-08T13:00:00+00:00,2026-08-08T13:00:00+00:00,2026-08-10T13:00:00+00:00,81,-8.571609976129068,0.9847013409329468,20,27.19556903082989,2.200272503543056,-13.903645067084136,0.8346814143945893,True
S85_SL5_TP8,8,2026-08-03T13:00:00+00:00,2026-08-10T13:00:00+00:00,2026-08-10T13:00:00+00:00,2026-08-12T13:00:00+00:00,79,135.96822739560102,2.070572117168379,17,-10.144287809984554,0.7592913629942245,-25.569298700079813,-0.8039689387402846,False
S85_SL5_TP8,9,2026-08-05T13:00:00+00:00,2026-08-12T13:00:00+00:00,2026-08-12T13:00:00+00:00,2026-08-14T13:00:00+00:00,84,29.63824086287414,1.2505082876182885,18,9.391976132062885,1.4135666801397186,-17.078910383311584,-0.19850131883942784,True
S85_SL5_TP8,10,2026-08-07T13:00:00+00:00,2026-08-14T13:00:00+00:00,2026-08-14T13:00:00+00:00,2026-08-16T13:00:00+00:00,77,91.458388236486,1.7409888435873357,19,49.85529375342972,3.437359759074794,-5.434373676137816,1.3078671328671467,True
S85_SL5_TP8,11,2026-08-09T13:00:00+00:00,2026-08-16T13:00:00+00:00,2026-08-16T13:00:00+00:00,2026-08-18T13:00:00+00:00,75,-8.698465211087525,0.9837900656509148,29,17.195081902587162,1.3165243607270933,-23.329580778256933,-0.07944544906570689,True
S85_SL5_TP8,12,2026-08-11T13:00:00+00:00,2026-08-18T13:00:00+00:00,2026-08-18T13:00:00+00:00,2026-08-20T13:00:00+00:00,84,135.36764131309033,1.800878207883959,14,-1.7182659740513362,0.9819549271092539,-14.888608801073422,0.21876020416479197,False
S85_SL5_TP10,0,2026-07-18T13:00:00+00:00,2026-07-25T13:00:00+00:00,2026-07-25T13:00:00+00:00,2026-07-27T13:00:00+00:00,0,0.0,0.0,2,4.090399999999983,1.8846153846153806,-5.200000000000015,2.2999999999999967,True
S85_SL5_TP10,1,2026-07-20T13:00:00+00:00,2026-07-27T13:00:00+00:00,2026-07-27T13:00:00+00:00,2026-07-29T13:00:00+00:00,2,4.090399999999983,1.8846153846153806,16,-26.36746305867792,0.14160512198935224,-28.94086445820909,-0.5679278492219828,False
S85_SL5_TP10,2,2026-07-22T13:00:00+00:00,2026-07-29T13:00:00+00:00,2026-07-29T13:00:00+00:00,2026-07-31T13:00:00+00:00,25,-27.692833962250663,0.36635210770036064,16,-18.773827279017762,0.4938833820613092,-18.773827279017784,-1.8721802460304358,False
S85_SL5_TP10,3,2026-07-24T13:00:00+00:00,2026-07-31T13:00:00+00:00,2026-07-31T13:00:00+00:00,2026-08-02T13:00:00+00:00,42,-40.47938685221756,0.45377619991368107,16,-6.256989156952242,0.8827366017347105,-18.50641310609977,-0.9786158291411937,False
S85_SL5_TP10,4,2026-07-26T13:00:00+00:00,2026-08-02T13:00:00+00:00,2026-08-02T13:00:00+00:00,2026-08-04T13:00:00+00:00,62,-50.585512134300494,0.49106605059288044,20,-0.06172034204703358,1.068560763222334,-21.103764906122645,-0.7547268115332515,False
S85_SL5_TP10,5,2026-07-28T13:00:00+00:00,2026-08-04T13:00:00+00:00,2026-08-04T13:00:00+00:00,2026-08-06T13:00:00+00:00,70,-25.600970373539834,0.80191454307827,17,20.12142783121189,1.8963097984368569,-10.129600000000016,2.349575070821519,True
S85_SL5_TP10,6,2026-07-30T13:00:00+00:00,2026-08-06T13:00:00+00:00,2026-08-06T13:00:00+00:00,2026-08-08T13:00:00+00:00,74,33.552173158684816,1.303908335618949,22,92.65254043940882,7.0472723777912725,-5.199999999999994,1.4673164317306808,True
S85_SL5_TP10,7,2026-08-01T13:00:00+00:00,2026-08-08T13:00:00+00:00,2026-08-08T13:00:00+00:00,2026-08-10T13:00:00+00:00,82,107.05869344696563,1.70331537804474,19,49.88305158530855,3.4932107282012548,-8.586657868506986,1.3480290213648163,True
S85_SL5_TP10,8,2026-08-03T13:00:00+00:00,2026-08-10T13:00:00+00:00,2026-08-10T13:00:00+00:00,2026-08-12T13:00:00+00:00,77,208.23668086751698,2.425020843433585,17,-7.754605715841012,0.8356423671585189,-25.569298700079823,-0.8039689387402846,False
S85_SL5_TP10,9,2026-08-05T13:00:00+00:00,2026-08-12T13:00:00+00:00,2026-08-12T13:00:00+00:00,2026-08-14T13:00:00+00:00,84,59.359713013178265,1.4042057698771315,18,15.594243095444593,1.646944532816225,-17.078910383311584,-0.19850131883942784,True
S85_SL5_TP10,10,2026-08-07T13:00:00+00:00,2026-08-14T13:00:00+00:00,2026-08-14T13:00:00+00:00,2026-08-16T13:00:00+00:00,75,108.8136492282648,1.8634789420039968,17,56.552604181927975,4.826190473308077,-6.845295196483992,1.3078671328671467,True
S85_SL5_TP10,11,2026-08-09T13:00:00+00:00,2026-08-16T13:00:00+00:00,2026-08-16T13:00:00+00:00,2026-08-18T13:00:00+00:00,73,-10.122164267515277,0.9726277624600095,24,13.819017589683247,1.3069593647424573,-26.926166055817813,-1.5073510773130514,True
S85_SL5_TP10,12,2026-08-11T13:00:00+00:00,2026-08-18T13:00:00+00:00,2026-08-18T13:00:00+00:00,2026-08-20T13:00:00+00:00,82,71.07197390476763,1.4715108873890392,14,0.10514282049316481,1.0593257341219153,-14.888608801073422,0.21876020416479197,True
S85_SL5_TP12,0,2026-07-18T13:00:00+00:00,2026-07-25T13:00:00+00:00,2026-07-25T13:00:00+00:00,2026-07-27T13:00:00+00:00,0,0.0,0.0,2,5.9863999999999695,2.2692307692307643,-5.200000000000015,3.2999999999999976,True
S85_SL5_TP12,1,2026-07-20T13:00:00+00:00,2026-07-27T13:00:00+00:00,2026-07-27T13:00:00+00:00,2026-07-29T13:00:00+00:00,2,5.9863999999999695,2.2692307692307643,16,-26.36746305867792,0.14160512198935224,-28.94086445820909,-0.5679278492219828,False
S85_SL5_TP12,2,2026-07-22T13:00:00+00:00,2026-07-29T13:00:00+00:00,2026-07-29T13:00:00+00:00,2026-07-31T13:00:00+00:00,25,-26.375763542619534,0.4077302540853522,15,-26.023522112038044,0.23618004258407554,-26.023522112038055,-2.115789063489437,False
S85_SL5_TP12,3,2026-07-24T13:00:00+00:00,2026-07-31T13:00:00+00:00,2026-07-31T13:00:00+00:00,2026-08-02T13:00:00+00:00,42,-37.16729067833061,0.5217689449887206,16,-5.6471754822742914,0.9049052565598226,-18.50641310609977,-0.9786158291411937,False
S85_SL5_TP12,4,2026-07-26T13:00:00+00:00,2026-08-02T13:00:00+00:00,2026-08-02T13:00:00+00:00,2026-08-04T13:00:00+00:00,61,-44.26087390819762,0.5837017430635225,19,-2.0019725921046283,1.0220687921194118,-23.196393617898327,-0.749882168106841,False
S85_SL5_TP12,5,2026-07-28T13:00:00+00:00,2026-08-04T13:00:00+00:00,2026-08-04T13:00:00+00:00,2026-08-06T13:00:00+00:00,69,-13.61790740872555,0.9359362770151525,17,22.309431981142925,1.9860154969523465,-10.129600000000016,2.349575070821519,True
S85_SL5_TP12,6,2026-07-30T13:00:00+00:00,2026-08-06T13:00:00+00:00,2026-08-06T13:00:00+00:00,2026-08-08T13:00:00+00:00,75,40.0736403149154,1.35081378795175,22,119.22159374888844,9.419302183177205,-5.199999999999994,1.4673164317306808,True
S85_SL5_TP12,7,2026-08-01T13:00:00+00:00,2026-08-08T13:00:00+00:00,2026-08-08T13:00:00+00:00,2026-08-10T13:00:00+00:00,78,153.39123812267368,2.0229303320233574,18,41.867310092427076,3.00324733419947,-12.04783356577619,1.2602638693278714,True
S85_SL5_TP12,8,2026-08-03T13:00:00+00:00,2026-08-10T13:00:00+00:00,2026-08-10T13:00:00+00:00,2026-08-12T13:00:00+00:00,77,177.2773468619413,2.3021143068409207,17,-6.0743617398089755,0.8892010896520577,-25.569298700079813,-0.8039689387402846,False
S85_SL5_TP12,9,2026-08-05T13:00:00+00:00,2026-08-12T13:00:00+00:00,2026-08-12T13:00:00+00:00,2026-08-14T13:00:00+00:00,79,129.85142307836628,1.8019266595354766,18,20.104935653729417,1.81184005460982,-17.078910383311584,-0.19850131883942784,True
S85_SL5_TP12,10,2026-08-07T13:00:00+00:00,2026-08-14T13:00:00+00:00,2026-08-14T13:00:00+00:00,2026-08-16T13:00:00+00:00,72,94.87427233255768,1.819718552191287,17,61.201621448030316,5.092656778616986,-6.845295196483992,1.3078671328671467,True
S85_SL5_TP12,11,2026-08-09T13:00:00+00:00,2026-08-16T13:00:00+00:00,2026-08-16T13:00:00+00:00,2026-08-18T13:00:00+00:00,73,-2.6760081256055557,1.0421716316885208,23,-3.7997183371582643,1.014463389857735,-36.08767550938923,-2.6791161412018427,False
S85_SL5_TP12,12,2026-08-11T13:00:00+00:00,2026-08-18T13:00:00+00:00,2026-08-18T13:00:00+00:00,2026-08-20T13:00:00+00:00,81,157.48205859621686,1.8382666142657085,14,1.9285516150376658,1.1366965411345764,-14.888608801073422,0.21876020416479197,True
S85_SL5_TP15,0,2026-07-18T13:00:00+00:00,2026-07-25T13:00:00+00:00,2026-07-25T13:00:00+00:00,2026-07-27T13:00:00+00:00,0,0.0,0.0,1,-5.200000000000015,0.0,-5.200000000000015,-5.200000000000016,False
S85_SL5_TP15,1,2026-07-20T13:00:00+00:00,2026-07-27T13:00:00+00:00,2026-07-27T13:00:00+00:00,2026-07-29T13:00:00+00:00,1,-5.200000000000015,0.0,16,-26.36746305867792,0.14160512198935224,-28.94086445820909,-0.5679278492219828,False
S85_SL5_TP15,2,2026-07-22T13:00:00+00:00,2026-07-29T13:00:00+00:00,2026-07-29T13:00:00+00:00,2026-07-31T13:00:00+00:00,24,-20.760044085455455,0.5095219686199515,15,-26.023522112038044,0.23618004258407554,-26.023522112038055,-2.115789063489437,False
S85_SL5_TP15,3,2026-07-24T13:00:00+00:00,2026-07-31T13:00:00+00:00,2026-07-31T13:00:00+00:00,2026-08-02T13:00:00+00:00,41,-32.248913543038526,0.5851645695891532,16,-0.5155794726649399,1.0720823443182732,-14.998793789191367,-0.9786158291411937,False
S85_SL5_TP15,4,2026-07-26T13:00:00+00:00,2026-08-02T13:00:00+00:00,2026-08-02T13:00:00+00:00,2026-08-04T13:00:00+00:00,60,-38.28500231124672,0.6549363567789988,19,1.776197029137716,1.1397419464786307,-19.233112038400023,-0.7595714549596619,True
S85_SL5_TP15,5,2026-07-28T13:00:00+00:00,2026-08-04T13:00:00+00:00,2026-08-04T13:00:00+00:00,2026-08-06T13:00:00+00:00,69,-7.708916223236628,1.0053102829293166,17,25.59143820603942,2.1205740447255805,-10.129600000000016,2.349575070821519,True
S85_SL5_TP15,6,2026-07-30T13:00:00+00:00,2026-08-06T13:00:00+00:00,2026-08-06T13:00:00+00:00,2026-08-08T13:00:00+00:00,72,29.841379133336353,1.296385648195665,20,94.20007137375808,9.664420747240975,-5.199999999999994,1.7341224485332263,True
S85_SL5_TP15,7,2026-08-01T13:00:00+00:00,2026-08-08T13:00:00+00:00,2026-08-08T13:00:00+00:00,2026-08-10T13:00:00+00:00,79,47.95659320009798,1.3884887157798584,18,53.59694854433001,3.482288637152228,-12.047833565776179,1.2602638693278714,True
S85_SL5_TP15,8,2026-08-03T13:00:00+00:00,2026-08-10T13:00:00+00:00,2026-08-10T13:00:00+00:00,2026-08-12T13:00:00+00:00,75,206.64356951629875,2.498730537237861,17,-3.5539957757609653,0.9695391733923652,-25.569298700079802,-0.8039689387402846,False
S85_SL5_TP15,9,2026-08-05T13:00:00+00:00,2026-08-12T13:00:00+00:00,2026-08-12T13:00:00+00:00,2026-08-14T13:00:00+00:00,78,86.24969115997676,1.5515415117413334,18,26.63711963110762,2.0452179072863244,-17.078910383311584,-0.19850131883942784,True
S85_SL5_TP15,10,2026-08-07T13:00:00+00:00,2026-08-14T13:00:00+00:00,2026-08-14T13:00:00+00:00,2026-08-16T13:00:00+00:00,73,142.0020997248252,2.0347485098526943,17,74.52982747529646,5.819188233038319,-6.845295196483992,1.3078671328671467,True
S85_SL5_TP15,11,2026-08-09T13:00:00+00:00,2026-08-16T13:00:00+00:00,2026-08-16T13:00:00+00:00,2026-08-18T13:00:00+00:00,74,57.168653695243485,1.4703143329937496,20,-35.999258037980184,0.28271069583377284,-35.9992580379802,-3.9395580706009237,False
S85_SL5_TP15,12,2026-08-11T13:00:00+00:00,2026-08-18T13:00:00+00:00,2026-08-18T13:00:00+00:00,2026-08-20T13:00:00+00:00,77,180.32307582866838,2.0311660842321455,14,4.663664806854406,1.2527527516535677,-14.888608801073422,0.21876020416479197,True
S85_SL6_TP8,0,2026-07-18T13:00:00+00:00,2026-07-25T13:00:00+00:00,2026-07-25T13:00:00+00:00,2026-07-27T13:00:00+00:00,0,0.0,0.0,2,1.1164000000000174,1.2580645161290345,-6.199999999999994,0.800000000000006,True
S85_SL6_TP8,1,2026-07-20T13:00:00+00:00,2026-07-27T13:00:00+00:00,2026-07-27T13:00:00+00:00,2026-07-29T13:00:00+00:00,2,1.1164000000000174,1.2580645161290345,14,-26.098014378004684,0.10454730881987698,-28.539823802950693,-0.5679278492219828,False
S85_SL6_TP8,2,2026-07-22T13:00:00+00:00,2026-07-29T13:00:00+00:00,2026-07-29T13:00:00+00:00,2026-07-31T13:00:00+00:00,23,-27.615752286410267,0.3391133766991828,15,-17.727946256839623,0.480570021242139,-17.727946256839612,-1.6285714285714346,False
S85_SL6_TP8,3,2026-07-24T13:00:00+00:00,2026-07-31T13:00:00+00:00,2026-07-31T13:00:00+00:00,2026-08-02T13:00:00+00:00,40,-40.5468191470889,0.41128555284974183,15,-11.253276466158557,0.7195693643352509,-18.583586335800707,-0.2299760191846521,False
S85_SL6_TP8,4,2026-07-26T13:00:00+00:00,2026-08-02T13:00:00+00:00,2026-08-02T13:00:00+00:00,2026-08-04T13:00:00+00:00,59,-52.72861829358861,0.4272396944025802,20,-14.037642830736008,0.7429053000790129,-28.276954698782262,-0.7547268115332515,False
S85_SL6_TP8,5,2026-07-28T13:00:00+00:00,2026-08-04T13:00:00+00:00,2026-08-04T13:00:00+00:00,2026-08-06T13:00:00+00:00,67,-41.17096577775502,0.6329932093231317,18,26.781464412999444,2.136752430904016,-14.467537438134137,2.5402620127023545,True
S85_SL6_TP8,6,2026-07-30T13:00:00+00:00,2026-08-06T13:00:00+00:00,2026-08-06T13:00:00+00:00,2026-08-08T13:00:00+00:00,71,-16.433112147207495,0.9195209716525429,21,55.288679737014654,3.6759788124952033,-6.200000000000017,0.3496921723834758,True
S85_SL6_TP8,7,2026-08-01T13:00:00+00:00,2026-08-08T13:00:00+00:00,2026-08-08T13:00:00+00:00,2026-08-10T13:00:00+00:00,81,2.608760850125935,1.0776461909291872,20,38.81802528377363,2.7603583372020903,-10.922712862550533,1.2602638693278714,True
S85_SL6_TP8,8,2026-08-03T13:00:00+00:00,2026-08-10T13:00:00+00:00,2026-08-10T13:00:00+00:00,2026-08-12T13:00:00+00:00,78,99.80853563206178,1.7813550468618897,17,-16.70931849893519,0.6130645271076006,-29.56732982915544,-1.3734506784011666,False
S85_SL6_TP8,9,2026-08-05T13:00:00+00:00,2026-08-12T13:00:00+00:00,2026-08-12T13:00:00+00:00,2026-08-14T13:00:00+00:00,81,12.497274857835317,1.1474881446337688,19,36.90077197482682,2.3246701073453475,-17.47063280000002,2.3428740390301517,True
S85_SL6_TP8,10,2026-08-07T13:00:00+00:00,2026-08-14T13:00:00+00:00,2026-08-14T13:00:00+00:00,2026-08-16T13:00:00+00:00,78,45.80899441782229,1.3840113211080736,18,54.75787369770342,4.201874430239319,-6.200000000000017,1.5036011827678555,True
S85_SL6_TP8,11,2026-08-09T13:00:00+00:00,2026-08-16T13:00:00+00:00,2026-08-16T13:00:00+00:00,2026-08-18T13:00:00+00:00,76,18.450443493969782,1.19137280264038,27,14.60403164427988,1.2795141541277273,-23.300593077562926,0.015982721382279574,True
S85_SL6_TP8,12,2026-08-11T13:00:00+00:00,2026-08-18T13:00:00+00:00,2026-08-18T13:00:00+00:00,2026-08-20T13:00:00+00:00,81,125.20766239338772,1.7850162952000175,12,13.263561712566174,1.8030067524799593,-12.104153283554863,0.7186119267435844,True
S85_SL6_TP10,0,2026-07-18T13:00:00+00:00,2026-07-25T13:00:00+00:00,2026-07-25T13:00:00+00:00,2026-07-27T13:00:00+00:00,0,0.0,0.0,2,2.992400000000006,1.5806451612903254,-6.199999999999994,1.8000000000000074,True
S85_SL6_TP10,1,2026-07-20T13:00:00+00:00,2026-07-27T13:00:00+00:00,2026-07-27T13:00:00+00:00,2026-07-29T13:00:00+00:00,2,2.992400000000006,1.5806451612903254,14,-26.098014378004684,0.10454730881987698,-28.539823802950693,-0.5679278492219828,False
S85_SL6_TP10,2,2026-07-22T13:00:00+00:00,2026-07-29T13:00:00+00:00,2026-07-29T13:00:00+00:00,2026-07-31T13:00:00+00:00,23,-27.01409895367277,0.3745874694837157,15,-16.201563070510105,0.5378437825886246,-16.877595973684112,-1.6285714285714346,False
S85_SL6_TP10,3,2026-07-24T13:00:00+00:00,2026-07-31T13:00:00+00:00,2026-07-31T13:00:00+00:00,2026-08-02T13:00:00+00:00,40,-37.807622063519375,0.4782682784384368,15,-6.221546617729768,0.8876832785802076,-15.84031560172765,-0.2299760191846521,False
S85_SL6_TP10,4,2026-07-26T13:00:00+00:00,2026-08-02T13:00:00+00:00,2026-08-02T13:00:00+00:00,2026-08-04T13:00:00+00:00,59,-50.33574066742379,0.47638249339459454,20,-5.098629196484595,0.9557986283247167,-24.38041607416156,-0.7547268115332515,False
S85_SL6_TP10,5,2026-07-28T13:00:00+00:00,2026-08-04T13:00:00+00:00,2026-08-04T13:00:00+00:00,2026-08-06T13:00:00+00:00,66,-44.82922292278189,0.5943319425141933,17,19.13598294862502,1.8355160372756336,-12.015600000000015,2.349575070821519,True
S85_SL6_TP10,6,2026-07-30T13:00:00+00:00,2026-08-06T13:00:00+00:00,2026-08-06T13:00:00+00:00,2026-08-08T13:00:00+00:00,72,-22.004760591660343,0.900253726735745,22,90.6203406457441,6.479966261166087,-6.200000000000017,1.4673164317306808,True
S85_SL6_TP10,7,2026-08-01T13:00:00+00:00,2026-08-08T13:00:00+00:00,2026-08-08T13:00:00+00:00,2026-08-10T13:00:00+00:00,81,18.54111890534309,1.1854016503458271,19,46.73763957768542,3.1300945058671927,-13.866650649934009,1.3480290213648163,True
S85_SL6_TP10,8,2026-08-03T13:00:00+00:00,2026-08-10T13:00:00+00:00,2026-08-10T13:00:00+00:00,2026-08-12T13:00:00+00:00,76,211.53161930345647,2.4492406146830454,17,-14.494231162348258,0.6803741913363348,-29.56732982915544,-1.3734506784011666,False
S85_SL6_TP10,9,2026-08-05T13:00:00+00:00,2026-08-12T13:00:00+00:00,2026-08-12T13:00:00+00:00,2026-08-14T13:00:00+00:00,82,45.932487761776585,1.3502033552318788,19,41.51605154340685,2.4744196792056017,-17.47063280000002,1.6484288354898349,True
S85_SL6_TP10,10,2026-08-07T13:00:00+00:00,2026-08-14T13:00:00+00:00,2026-08-14T13:00:00+00:00,2026-08-16T13:00:00+00:00,74,90.82512446648532,1.7107471934588045,16,63.39789599539829,7.301877536330551,-7.82793976192192,1.5036011827678555,True
S85_SL6_TP10,11,2026-08-09T13:00:00+00:00,2026-08-16T13:00:00+00:00,2026-08-16T13:00:00+00:00,2026-08-18T13:00:00+00:00,72,42.771282007765834,1.3742719506032368,22,38.434664082849345,1.791732042121349,-19.13370082830562,0.21482539137455142,True
S85_SL6_TP10,12,2026-08-11T13:00:00+00:00,2026-08-18T13:00:00+00:00,2026-08-18T13:00:00+00:00,2026-08-20T13:00:00+00:00,79,158.59956184630573,1.9052017990797598,12,15.364926493875375,1.917622934931,-12.104153283554863,0.7186119267435844,True
S85_SL6_TP12,0,2026-07-18T13:00:00+00:00,2026-07-25T13:00:00+00:00,2026-07-25T13:00:00+00:00,2026-07-27T13:00:00+00:00,0,0.0,0.0,2,4.868399999999995,1.9032258064516163,-6.199999999999994,2.8000000000000083,True
S85_SL6_TP12,1,2026-07-20T13:00:00+00:00,2026-07-27T13:00:00+00:00,2026-07-27T13:00:00+00:00,2026-07-29T13:00:00+00:00,2,4.868399999999995,1.9032258064516163,14,-26.098014378004684,0.10454730881987698,-28.539823802950693,-0.5679278492219828,False
S85_SL6_TP12,2,2026-07-22T13:00:00+00:00,2026-07-29T13:00:00+00:00,2026-07-29T13:00:00+00:00,2026-07-31T13:00:00+00:00,23,-25.684665419131246,0.4168957702154204,14,-23.680840683524696,0.2572023519908446,-23.680840683524696,-1.8721802460304358,False
S85_SL6_TP12,3,2026-07-24T13:00:00+00:00,2026-07-31T13:00:00+00:00,2026-07-31T13:00:00+00:00,2026-08-02T13:00:00+00:00,40,-34.34685232149892,0.5499308582289337,14,0.6273961796206873,1.1012896858490682,-15.840315601727662,-0.2214875546241722,True
S85_SL6_TP12,4,2026-07-26T13:00:00+00:00,2026-08-02T13:00:00+00:00,2026-08-02T13:00:00+00:00,2026-08-04T13:00:00+00:00,58,-45.40431178203196,0.5519343925694172,19,-5.972462535989431,0.9376861249871263,-26.386135514480223,-0.749882168106841,False
S85_SL6_TP12,5,2026-07-28T13:00:00+00:00,2026-08-04T13:00:00+00:00,2026-08-04T13:00:00+00:00,2026-08-06T13:00:00+00:00,66,-31.753482062638263,0.7639552737973478,17,21.30603728284406,1.922345862442345,-12.015600000000015,2.349575070821519,True
S85_SL6_TP12,6,2026-07-30T13:00:00+00:00,2026-08-06T13:00:00+00:00,2026-08-06T13:00:00+00:00,2026-08-08T13:00:00+00:00,73,12.68917533386984,1.1577341825338006,22,116.90912967980731,8.553688861083998,-6.200000000000017,1.4673164317306808,True
S85_SL6_TP12,7,2026-08-01T13:00:00+00:00,2026-08-08T13:00:00+00:00,2026-08-08T13:00:00+00:00,2026-08-10T13:00:00+00:00,79,118.49597992427645,1.7230960093262475,19,55.2791481594773,3.2819484107569257,-9.597122450961749,1.3480290213648163,True
S85_SL6_TP12,8,2026-08-03T13:00:00+00:00,2026-08-10T13:00:00+00:00,2026-08-10T13:00:00+00:00,2026-08-12T13:00:00+00:00,73,155.73603431091735,2.208280747094542,17,-12.936749034157868,0.7275905923125768,-29.56732982915544,-1.3734506784011666,False
S85_SL6_TP12,9,2026-08-05T13:00:00+00:00,2026-08-12T13:00:00+00:00,2026-08-12T13:00:00+00:00,2026-08-14T13:00:00+00:00,80,72.58693206041369,1.486290417276684,18,36.353872128035356,2.3358685760285196,-19.675412603528063,1.097348746103133,True
S85_SL6_TP12,10,2026-08-07T13:00:00+00:00,2026-08-14T13:00:00+00:00,2026-08-14T13:00:00+00:00,2026-08-16T13:00:00+00:00,72,82.65463678446454,1.6748970013954598,16,68.25019240845968,7.705032848928574,-7.82793976192192,1.5036011827678555,True
S85_SL6_TP12,11,2026-08-09T13:00:00+00:00,2026-08-16T13:00:00+00:00,2026-08-16T13:00:00+00:00,2026-08-18T13:00:00+00:00,74,62.780198305699585,1.5014435014869998,21,-0.09347068521207147,1.0814116582142888,-33.52553401219247,-2.481368821292773,False
S85_SL6_TP12,12,2026-08-11T13:00:00+00:00,2026-08-18T13:00:00+00:00,2026-08-18T13:00:00+00:00,2026-08-20T13:00:00+00:00,75,210.91707375478427,2.1456249361491047,12,17.466291275184574,2.03223911738204,-12.104153283554863,0.7186119267435844,True
S85_SL6_TP15,0,2026-07-18T13:00:00+00:00,2026-07-25T13:00:00+00:00,2026-07-25T13:00:00+00:00,2026-07-27T13:00:00+00:00,0,0.0,0.0,1,-6.2000000000000055,0.0,-6.199999999999983,-6.199999999999995,False
S85_SL6_TP15,1,2026-07-20T13:00:00+00:00,2026-07-27T13:00:00+00:00,2026-07-27T13:00:00+00:00,2026-07-29T13:00:00+00:00,1,-6.2000000000000055,0.0,14,-26.098014378004684,0.10454730881987698,-28.539823802950693,-0.5679278492219828,False
S85_SL6_TP15,2,2026-07-22T13:00:00+00:00,2026-07-29T13:00:00+00:00,2026-07-29T13:00:00+00:00,2026-07-31T13:00:00+00:00,22,-19.163526749245598,0.5351102519657188,14,-23.680840683524696,0.2572023519908446,-23.680840683524696,-1.8721802460304358,False
S85_SL6_TP15,3,2026-07-24T13:00:00+00:00,2026-07-31T13:00:00+00:00,2026-07-31T13:00:00+00:00,2026-08-02T13:00:00+00:00,39,-28.45298341888939,0.6268220521501587,14,6.100249242919364,1.3047478944560096,-12.21794302062349,-0.2214875546241722,True
S85_SL6_TP15,4,2026-07-26T13:00:00+00:00,2026-08-02T13:00:00+00:00,2026-08-02T13:00:00+00:00,2026-08-04T13:00:00+00:00,57,-40.50310231405365,0.603664840054106,19,-2.497498346141247,1.039355293783828,-22.58745356640002,-0.7595714549596619,False
S85_SL6_TP15,5,2026-07-28T13:00:00+00:00,2026-08-04T13:00:00+00:00,2026-08-04T13:00:00+00:00,2026-08-06T13:00:00+00:00,66,-27.882280977060724,0.8173906732002945,17,24.5611187841726,2.0525906001924117,-12.015600000000015,2.349575070821519,True
S85_SL6_TP15,6,2026-07-30T13:00:00+00:00,2026-08-06T13:00:00+00:00,2026-08-06T13:00:00+00:00,2026-08-08T13:00:00+00:00,73,7.294639294827943,1.1296328381632788,20,92.1515474141193,8.607001617266528,-6.200000000000017,1.7341224485332263,True
S85_SL6_TP15,7,2026-08-01T13:00:00+00:00,2026-08-08T13:00:00+00:00,2026-08-08T13:00:00+00:00,2026-08-10T13:00:00+00:00,76,25.14646942601737,1.2455600072414288,19,72.62888996499741,3.8592177368844305,-9.597122450961725,1.3480290213648163,True
S85_SL6_TP15,8,2026-08-03T13:00:00+00:00,2026-08-10T13:00:00+00:00,2026-08-10T13:00:00+00:00,2026-08-12T13:00:00+00:00,74,273.9188282887863,2.784040058726729,17,-10.60052584187231,0.7984151937769394,-29.567329829155454,-1.3734506784011666,False
S85_SL6_TP15,9,2026-08-05T13:00:00+00:00,2026-08-12T13:00:00+00:00,2026-08-12T13:00:00+00:00,2026-08-14T13:00:00+00:00,81,78.59668194469818,1.4739072781208589,18,44.637362575674985,2.595591732454065,-19.675412603528063,1.097348746103133,True
S85_SL6_TP15,10,2026-08-07T13:00:00+00:00,2026-08-14T13:00:00+00:00,2026-08-14T13:00:00+00:00,2026-08-16T13:00:00+00:00,73,180.81318467621932,2.3277977991496055,16,82.16117672985546,8.804252561829875,-7.82793976192192,1.5036011827678555,True
S85_SL6_TP15,11,2026-08-09T13:00:00+00:00,2026-08-16T13:00:00+00:00,2026-08-16T13:00:00+00:00,2026-08-18T13:00:00+00:00,72,81.32334732551325,1.6198005070908756,19,-37.623878966938186,0.27233673913361717,-37.623878966938186,-2.6791161412018427,False
S85_SL6_TP15,12,2026-08-11T13:00:00+00:00,2026-08-18T13:00:00+00:00,2026-08-18T13:00:00+00:00,2026-08-20T13:00:00+00:00,72,225.74024373080186,2.2676684799221603,12,20.618338447148375,2.2041633910586005,-12.104153283554863,0.7186119267435844,True
CD6_E1_P5,0,2026-07-18T13:00:00+00:00,2026-07-25T13:00:00+00:00,2026-07-25T13:00:00+00:00,2026-07-27T13:00:00+00:00,31,-45.84693538866392,0.29921960082670807,3,2.126332255250696,3.869357880812795,-0.7474452554744437,0.11847133757962885,True
CD6_E1_P5,1,2026-07-20T13:00:00+00:00,2026-07-27T13:00:00+00:00,2026-07-27T13:00:00+00:00,2026-07-29T13:00:00+00:00,27,-34.176853009357124,0.3521278759565762,13,-30.79603107481378,0.10465465082871989,-33.46156593345698,-5.199999999999993,False
CD6_E1_P5,2,2026-07-22T13:00:00+00:00,2026-07-29T13:00:00+00:00,2026-07-29T13:00:00+00:00,2026-07-31T13:00:00+00:00,29,-44.72013161211385,0.12018033326244143,9,-7.285450285203265,0.5226006234270261,-9.331136003958274,-0.2199740337561094,False
CD6_E1_P5,3,2026-07-24T13:00:00+00:00,2026-07-31T13:00:00+00:00,2026-07-31T13:00:00+00:00,2026-08-02T13:00:00+00:00,33,-28.373931457945744,0.4453812435390753,11,-2.434325104337154,0.9322461454656055,-13.02063818044209,-0.6540295119182746,False
CD6_E1_P5,4,2026-07-26T13:00:00+00:00,2026-08-02T13:00:00+00:00,2026-08-02T13:00:00+00:00,2026-08-04T13:00:00+00:00,37,-20.823123100156305,0.630459171239022,13,0.8264308165705669,1.0982680701518197,-14.10725630917894,-0.8872852233677062,True
CD6_E1_P5,5,2026-07-28T13:00:00+00:00,2026-08-04T13:00:00+00:00,2026-08-04T13:00:00+00:00,2026-08-06T13:00:00+00:00,40,33.666477232098345,1.7379053922478904,12,-9.00738702102526,0.7448529271574189,-23.432990212403215,-1.6915516420752006,False
CD6_E1_P5,6,2026-07-30T13:00:00+00:00,2026-08-06T13:00:00+00:00,2026-08-06T13:00:00+00:00,2026-08-08T13:00:00+00:00,42,-15.72343780743074,0.8296347769886775,11,26.325313475854117,3.8327536603590433,-5.199999999999994,0.3496921723834758,True
CD6_E1_P5,7,2026-08-01T13:00:00+00:00,2026-08-08T13:00:00+00:00,2026-08-08T13:00:00+00:00,2026-08-10T13:00:00+00:00,39,23.260288924512107,1.453804770958399,10,11.961972223998174,2.120199176380989,-10.447096683536516,1.030973672891622,True
CD6_E1_P5,8,2026-08-03T13:00:00+00:00,2026-08-10T13:00:00+00:00,2026-08-10T13:00:00+00:00,2026-08-12T13:00:00+00:00,39,-1.6358155658752982,1.0255821978477027,13,-19.0348456221894,0.4466321576620202,-26.776470100752235,-3.9023851904592344,False
CD6_E1_P5,9,2026-08-05T13:00:00+00:00,2026-08-12T13:00:00+00:00,2026-08-12T13:00:00+00:00,2026-08-14T13:00:00+00:00,44,-26.169044844401025,0.7502751963039319,11,7.9084841779323956,1.5198006693402974,-7.732590912371107,-0.19000999000997593,True
CD6_E1_P5,10,2026-08-07T13:00:00+00:00,2026-08-14T13:00:00+00:00,2026-08-14T13:00:00+00:00,2026-08-16T13:00:00+00:00,39,93.36018398826154,2.507141284607565,11,47.89103808002406,6.74700963213976,-5.200000000000015,3.4708860759493643,True
CD6_E1_P5,11,2026-08-09T13:00:00+00:00,2026-08-16T13:00:00+00:00,2026-08-16T13:00:00+00:00,2026-08-18T13:00:00+00:00,40,-0.03980240282542846,1.0628788128837892,12,-3.971858700303099,0.9376358814976629,-21.947711491915058,-2.2131164390959968,False
CD6_E1_P5,12,2026-08-11T13:00:00+00:00,2026-08-18T13:00:00+00:00,2026-08-18T13:00:00+00:00,2026-08-20T13:00:00+00:00,45,84.2653972457357,2.0716358352292743,9,12.666475775139862,1.80122582172314,-5.295412951398227,0.40376056580990766,True
CD6_E1_P7,0,2026-07-18T13:00:00+00:00,2026-07-25T13:00:00+00:00,2026-07-25T13:00:00+00:00,2026-07-27T13:00:00+00:00,36,-39.20693695464226,0.47027119736520007,3,2.126332255250696,3.869357880812795,-0.7474452554744437,0.11847133757962885,True
CD6_E1_P7,1,2026-07-20T13:00:00+00:00,2026-07-27T13:00:00+00:00,2026-07-27T13:00:00+00:00,2026-07-29T13:00:00+00:00,32,-37.53424891863487,0.38524844015381254,15,-21.58054338989742,0.4202021365692756,-29.496131173283935,-2.8592455163883757,False
CD6_E1_P7,2,2026-07-22T13:00:00+00:00,2026-07-29T13:00:00+00:00,2026-07-29T13:00:00+00:00,2026-07-31T13:00:00+00:00,40,-52.876138353856426,0.2454752190615692,12,-12.48236468539602,0.37869829188395027,-14.41338389708423,-0.22297299202489446,False
CD6_E1_P7,3,2026-07-24T13:00:00+00:00,2026-07-31T13:00:00+00:00,2026-07-31T13:00:00+00:00,2026-08-02T13:00:00+00:00,44,-43.73298658119123,0.43633186036925625,14,8.459241618598522,1.4868272871665889,-11.381355138998018,-0.36706177290634057,True
CD6_E1_P7,4,2026-07-26T13:00:00+00:00,2026-08-02T13:00:00+00:00,2026-08-02T13:00:00+00:00,2026-08-04T13:00:00+00:00,52,-36.24696230572623,0.5123784840310676,17,43.278110422810045,2.5458124952417482,-10.129600000000016,0.4805555555555509,True
CD6_E1_P7,5,2026-07-28T13:00:00+00:00,2026-08-04T13:00:00+00:00,2026-08-04T13:00:00+00:00,2026-08-06T13:00:00+00:00,55,3.2863026502978343,1.0955992069433442,15,-10.746026242866657,0.7428900802049908,-21.173898014589334,-1.0951276574102329,False
CD6_E1_P7,6,2026-07-30T13:00:00+00:00,2026-08-06T13:00:00+00:00,2026-08-06T13:00:00+00:00,2026-08-08T13:00:00+00:00,57,22.653943170758993,1.290698468264847,16,73.17487305919002,7.433057896518933,-5.199999999999994,1.9877554587847013,True
CD6_E1_P7,7,2026-08-01T13:00:00+00:00,2026-08-08T13:00:00+00:00,2026-08-08T13:00:00+00:00,2026-08-10T13:00:00+00:00,60,78.41029518961209,1.7164964877106172,14,34.38414287542484,3.772956175613704,-10.843609916277341,1.3769944341372908,True
CD6_E1_P7,8,2026-08-03T13:00:00+00:00,2026-08-10T13:00:00+00:00,2026-08-10T13:00:00+00:00,2026-08-12T13:00:00+00:00,53,16.61252810640752,1.273913686775345,17,-3.7246360108040166,0.9561769179149084,-27.066880678636608,-0.8039689387402846,False
CD6_E1_P7,9,2026-08-05T13:00:00+00:00,2026-08-12T13:00:00+00:00,2026-08-12T13:00:00+00:00,2026-08-14T13:00:00+00:00,58,-30.132532101209808,0.7876166540022348,15,18.086415232221565,2.018493607100644,-7.732590912371107,-0.18901054987214821,True
CD6_E1_P7,10,2026-08-07T13:00:00+00:00,2026-08-14T13:00:00+00:00,2026-08-14T13:00:00+00:00,2026-08-16T13:00:00+00:00,53,97.9187534412272,2.1715023242461275,15,43.04834598395097,4.141903640084739,-5.200000000000015,0.47365269461077125,True
CD6_E1_P7,11,2026-08-09T13:00:00+00:00,2026-08-16T13:00:00+00:00,2026-08-16T13:00:00+00:00,2026-08-18T13:00:00+00:00,56,25.98373931491922,1.3425451094411502,17,20.52670589106387,1.6089522668279341,-14.802860800000007,-0.9461118116855791,True
CD6_E1_P7,12,2026-08-11T13:00:00+00:00,2026-08-18T13:00:00+00:00,2026-08-18T13:00:00+00:00,2026-08-20T13:00:00+00:00,61,132.68665936165002,2.131786442819421,12,36.39158921654673,2.970176916901897,-10.129599999999995,0.7230301770569161,True
CD6_E1_P10,0,2026-07-18T13:00:00+00:00,2026-07-25T13:00:00+00:00,2026-07-25T13:00:00+00:00,2026-07-27T13:00:00+00:00,43,-36.879090697105745,0.5736442177263891,3,2.126332255250696,3.869357880812795,-0.7474452554744437,0.11847133757962885,True
CD6_E1_P10,1,2026-07-20T13:00:00+00:00,2026-07-27T13:00:00+00:00,2026-07-27T13:00:00+00:00,2026-07-29T13:00:00+00:00,39,-30.228874847290466,0.5863057211315588,18,-25.747252890180427,0.32505496619511126,-31.272367680613833,-1.1954751131221797,False
CD6_E1_P10,2,2026-07-22T13:00:00+00:00,2026-07-29T13:00:00+00:00,2026-07-29T13:00:00+00:00,2026-07-31T13:00:00+00:00,46,-57.58248141519615,0.1674737657860395,16,-3.553446907577784,0.8904877225000501,-15.590482123736415,-0.21997802497076818,False
CD6_E1_P10,3,2026-07-24T13:00:00+00:00,2026-07-31T13:00:00+00:00,2026-07-31T13:00:00+00:00,2026-08-02T13:00:00+00:00,54,-36.15562195183885,0.5519461361646892,19,18.618113102217194,1.8557593260568168,-12.020030326319176,-0.21699881008329075,True
CD6_E1_P10,4,2026-07-26T13:00:00+00:00,2026-08-02T13:00:00+00:00,2026-08-02T13:00:00+00:00,2026-08-04T13:00:00+00:00,67,-13.91986226914037,0.8883201021364032,22,44.22694223241685,2.5247098459001602,-10.129600000000016,0.41858324689627596,True
CD6_E1_P10,5,2026-07-28T13:00:00+00:00,2026-08-04T13:00:00+00:00,2026-08-04T13:00:00+00:00,2026-08-06T13:00:00+00:00,76,-10.12207694771201,0.9598102456906699,21,26.669155598995008,1.8976086069152434,-17.292724173266027,1.8168967158495921,True
CD6_E1_P10,6,2026-07-30T13:00:00+00:00,2026-08-06T13:00:00+00:00,2026-08-06T13:00:00+00:00,2026-08-08T13:00:00+00:00,82,94.6758855575968,1.6494456353086127,23,48.642803106861464,3.528610728210044,-5.200000000000005,-0.10843104927380481,True
CD6_E1_P10,7,2026-08-01T13:00:00+00:00,2026-08-08T13:00:00+00:00,2026-08-08T13:00:00+00:00,2026-08-10T13:00:00+00:00,83,125.30826543463287,1.8274085696563362,20,25.945251479405783,2.2401108235496117,-17.578811749827416,-0.08479262672811388,True
CD6_E1_P10,8,2026-08-03T13:00:00+00:00,2026-08-10T13:00:00+00:00,2026-08-10T13:00:00+00:00,2026-08-12T13:00:00+00:00,76,253.8482291120248,3.1089061848497392,23,-4.871924598391574,0.910865182264577,-24.10517215654926,-0.27408372833224154,False
CD6_E1_P10,9,2026-08-05T13:00:00+00:00,2026-08-12T13:00:00+00:00,2026-08-12T13:00:00+00:00,2026-08-14T13:00:00+00:00,80,12.817249845154022,1.1583810031629347,20,35.86193265438524,2.676415226670125,-7.732590912371107,0.9872936203936147,True
CD6_E1_P10,10,2026-08-07T13:00:00+00:00,2026-08-14T13:00:00+00:00,2026-08-14T13:00:00+00:00,2026-08-16T13:00:00+00:00,77,158.79671624711756,2.2744689048213025,22,59.27103225212065,3.763668948677707,-5.200000000000015,0.18059640858347786,True
CD6_E1_P10,11,2026-08-09T13:00:00+00:00,2026-08-16T13:00:00+00:00,2026-08-16T13:00:00+00:00,2026-08-18T13:00:00+00:00,79,81.83705837818704,1.634964792938568,27,-23.960379318279035,0.6907006682480789,-40.00162901443953,-3.55463258785943,False
CD6_E1_P10,12,2026-08-11T13:00:00+00:00,2026-08-18T13:00:00+00:00,2026-08-18T13:00:00+00:00,2026-08-20T13:00:00+00:00,85,336.00297739505106,2.825823479428913,18,44.05032005429934,2.487391284362986,-14.802860800000007,0.4081788161232393,True
CD6_E1_P15,0,2026-07-18T13:00:00+00:00,2026-07-25T13:00:00+00:00,2026-07-25T13:00:00+00:00,2026-07-27T13:00:00+00:00,47,-42.16025286154201,0.5433070184101356,5,6.303707749819454,2.1340479221836337,-5.908578102189788,0.11847133757962885,True
CD6_E1_P15,1,2026-07-20T13:00:00+00:00,2026-07-27T13:00:00+00:00,2026-07-27T13:00:00+00:00,2026-07-29T13:00:00+00:00,46,-38.129228077672025,0.5618582403503699,24,-37.05421259921937,0.2600698875290721,-42.62210049602796,-2.525097871316367,False
CD6_E1_P15,2,2026-07-22T13:00:00+00:00,2026-07-29T13:00:00+00:00,2026-07-29T13:00:00+00:00,2026-07-31T13:00:00+00:00,57,-51.29774038087116,0.35824123424724236,21,-8.04327217644193,0.7656576852108328,-18.403558725263068,-0.21998201618542695,False
CD6_E1_P15,3,2026-07-24T13:00:00+00:00,2026-07-31T13:00:00+00:00,2026-07-31T13:00:00+00:00,2026-08-02T13:00:00+00:00,78,-38.86114877203758,0.6422020007630518,27,21.134596532967098,1.6655956427645962,-14.14230064606069,-0.2199740337561094,True
CD6_E1_P15,4,2026-07-26T13:00:00+00:00,2026-08-02T13:00:00+00:00,2026-08-02T13:00:00+00:00,2026-08-04T13:00:00+00:00,103,-25.443285848234108,0.8437106557757946,29,57.082633593980226,2.690950809822611,-10.129600000000005,0.37954216169227023,True
CD6_E1_P15,5,2026-07-28T13:00:00+00:00,2026-08-04T13:00:00+00:00,2026-08-04T13:00:00+00:00,2026-08-06T13:00:00+00:00,108,3.256987968763414,1.0770979073268747,34,81.02199106440673,2.756715430475376,-19.233112038400023,1.577666842590997,True
CD6_E1_P15,6,2026-07-30T13:00:00+00:00,2026-08-06T13:00:00+00:00,2026-08-06T13:00:00+00:00,2026-08-08T13:00:00+00:00,120,137.58652259694628,1.6255122907639787,33,50.744642570290786,2.5516634656734984,-6.660577917981103,0.356070435588496,True
CD6_E1_P15,7,2026-08-01T13:00:00+00:00,2026-08-08T13:00:00+00:00,2026-08-08T13:00:00+00:00,2026-08-10T13:00:00+00:00,119,52.10418701983293,1.309520880176842,30,25.475955673467322,1.7984392644226073,-17.211024497887315,-0.02115018145908404,True
CD6_E1_P15,8,2026-08-03T13:00:00+00:00,2026-08-10T13:00:00+00:00,2026-08-10T13:00:00+00:00,2026-08-12T13:00:00+00:00,116,409.52108201787337,2.7521579936868843,29,-16.9351504550599,0.7265155093193819,-35.974887145081325,-0.8039689387402846,False
CD6_E1_P15,9,2026-08-05T13:00:00+00:00,2026-08-12T13:00:00+00:00,2026-08-12T13:00:00+00:00,2026-08-14T13:00:00+00:00,124,110.33328730634521,1.5017372547916683,27,32.276213072869034,1.8538169713773727,-12.53049618492781,0.5462686567164312,True
CD6_E1_P15,10,2026-08-07T13:00:00+00:00,2026-08-14T13:00:00+00:00,2026-08-14T13:00:00+00:00,2026-08-16T13:00:00+00:00,113,101.14505813254415,1.5885586998205348,31,60.422715341578396,2.637251495273305,-14.80286080000004,-0.11245987744381553,True
CD6_E1_P15,11,2026-08-09T13:00:00+00:00,2026-08-16T13:00:00+00:00,2026-08-16T13:00:00+00:00,2026-08-18T13:00:00+00:00,112,35.29742677042602,1.2534438408331463,34,-19.28755519026061,0.805821453099977,-37.547455647646174,-1.5674707664163843,False
CD6_E1_P15,12,2026-08-11T13:00:00+00:00,2026-08-18T13:00:00+00:00,2026-08-18T13:00:00+00:00,2026-08-20T13:00:00+00:00,115,144.62386082489397,1.6760108972008736,26,58.50764580026904,2.3455363754887015,-19.233112038400012,0.5809820775220855,True
CD6_E2_P5,0,2026-07-18T13:00:00+00:00,2026-07-25T13:00:00+00:00,2026-07-25T13:00:00+00:00,2026-07-27T13:00:00+00:00,31,-46.436516161953335,0.2941078963442386,3,2.126332255250696,3.869357880812795,-0.7474452554744437,0.11847133757962885,True
CD6_E2_P5,1,2026-07-20T13:00:00+00:00,2026-07-27T13:00:00+00:00,2026-07-27T13:00:00+00:00,2026-07-29T13:00:00+00:00,28,-37.599656652870564,0.32474288767253234,13,-28.86936729671199,0.17642568824063504,-33.46156593345698,-5.199999999999993,False
CD6_E2_P5,2,2026-07-22T13:00:00+00:00,2026-07-29T13:00:00+00:00,2026-07-29T13:00:00+00:00,2026-07-31T13:00:00+00:00,29,-44.72013161211385,0.12018033326244143,9,-7.285450285203265,0.5226006234270261,-9.331136003958274,-0.2199740337561094,False
CD6_E2_P5,3,2026-07-24T13:00:00+00:00,2026-07-31T13:00:00+00:00,2026-07-31T13:00:00+00:00,2026-08-02T13:00:00+00:00,33,-28.373931457945744,0.4453812435390753,10,2.917378581922847,1.2713046693342882,-13.02063818044209,-0.43551416100078266,True
CD6_E2_P5,4,2026-07-26T13:00:00+00:00,2026-08-02T13:00:00+00:00,2026-08-02T13:00:00+00:00,2026-08-04T13:00:00+00:00,37,-20.823123100156305,0.630459171239022,13,0.8264308165705669,1.0982680701518197,-14.10725630917894,-0.8872852233677062,True
CD6_E2_P5,5,2026-07-28T13:00:00+00:00,2026-08-04T13:00:00+00:00,2026-08-04T13:00:00+00:00,2026-08-06T13:00:00+00:00,41,39.426748887519025,1.7606645942353092,12,-9.00738702102526,0.7448529271574189,-23.432990212403215,-1.6915516420752006,False
CD6_E2_P5,6,2026-07-30T13:00:00+00:00,2026-08-06T13:00:00+00:00,2026-08-06T13:00:00+00:00,2026-08-08T13:00:00+00:00,41,-2.221354953692356,1.0307825257228511,11,26.325313475854117,3.8327536603590433,-5.199999999999994,0.3496921723834758,True
CD6_E2_P5,7,2026-08-01T13:00:00+00:00,2026-08-08T13:00:00+00:00,2026-08-08T13:00:00+00:00,2026-08-10T13:00:00+00:00,42,23.484033206255162,1.3893992109062103,10,11.961972223998174,2.120199176380989,-10.447096683536516,1.030973672891622,True
CD6_E2_P5,8,2026-08-03T13:00:00+00:00,2026-08-10T13:00:00+00:00,2026-08-10T13:00:00+00:00,2026-08-12T13:00:00+00:00,39,-1.6358155658752982,1.0255821978477027,13,-19.0348456221894,0.4466321576620202,-26.776470100752235,-3.9023851904592344,False
CD6_E2_P5,9,2026-08-05T13:00:00+00:00,2026-08-12T13:00:00+00:00,2026-08-12T13:00:00+00:00,2026-08-14T13:00:00+00:00,44,-26.169044844401025,0.7502751963039319,11,7.9084841779323956,1.5198006693402974,-7.732590912371107,-0.19000999000997593,True
CD6_E2_P5,10,2026-08-07T13:00:00+00:00,2026-08-14T13:00:00+00:00,2026-08-14T13:00:00+00:00,2026-08-16T13:00:00+00:00,39,93.36018398826154,2.507141284607565,11,47.89103808002406,6.74700963213976,-5.200000000000015,3.4708860759493643,True
CD6_E2_P5,11,2026-08-09T13:00:00+00:00,2026-08-16T13:00:00+00:00,2026-08-16T13:00:00+00:00,2026-08-18T13:00:00+00:00,40,-0.03980240282542846,1.0628788128837892,12,-3.971858700303099,0.9376358814976629,-21.947711491915058,-2.2131164390959968,False
CD6_E2_P5,12,2026-08-11T13:00:00+00:00,2026-08-18T13:00:00+00:00,2026-08-18T13:00:00+00:00,2026-08-20T13:00:00+00:00,48,166.1720351544238,2.673966323672265,9,12.666475775139862,1.80122582172314,-5.295412951398227,0.40376056580990766,True
CD6_E2_P7,0,2026-07-18T13:00:00+00:00,2026-07-25T13:00:00+00:00,2026-07-25T13:00:00+00:00,2026-07-27T13:00:00+00:00,36,-39.072975529092616,0.4728758717772155,3,2.126332255250696,3.869357880812795,-0.7474452554744437,0.11847133757962885,True
CD6_E2_P7,1,2026-07-20T13:00:00+00:00,2026-07-27T13:00:00+00:00,2026-07-27T13:00:00+00:00,2026-07-29T13:00:00+00:00,33,-40.782467974865874,0.359572305195647,15,-19.397317067828457,0.49310519897312777,-29.496131173283935,-2.8592455163883757,False
CD6_E2_P7,2,2026-07-22T13:00:00+00:00,2026-07-29T13:00:00+00:00,2026-07-29T13:00:00+00:00,2026-07-31T13:00:00+00:00,40,-52.876138353856426,0.2454752190615692,12,-12.48236468539602,0.37869829188395027,-14.41338389708423,-0.22297299202489446,False
CD6_E2_P7,3,2026-07-24T13:00:00+00:00,2026-07-31T13:00:00+00:00,2026-07-31T13:00:00+00:00,2026-08-02T13:00:00+00:00,44,-43.73298658119123,0.43633186036925625,14,8.459241618598522,1.4868272871665889,-11.381355138998018,-0.36706177290634057,True
CD6_E2_P7,4,2026-07-26T13:00:00+00:00,2026-08-02T13:00:00+00:00,2026-08-02T13:00:00+00:00,2026-08-04T13:00:00+00:00,52,-38.71768805387909,0.4904794153001633,18,35.827648680823934,2.114118012368541,-10.129600000000016,0.14377760278651025,True
CD6_E2_P7,5,2026-07-28T13:00:00+00:00,2026-08-04T13:00:00+00:00,2026-08-04T13:00:00+00:00,2026-08-06T13:00:00+00:00,55,3.2863026502978343,1.0955992069433442,15,-10.746026242866657,0.7428900802049908,-21.173898014589334,-1.0951276574102329,False
CD6_E2_P7,6,2026-07-30T13:00:00+00:00,2026-08-06T13:00:00+00:00,2026-08-06T13:00:00+00:00,2026-08-08T13:00:00+00:00,55,25.609438697113074,1.3402617214578554,16,73.17487305919002,7.433057896518933,-5.199999999999994,1.9877554587847013,True
CD6_E2_P7,7,2026-08-01T13:00:00+00:00,2026-08-08T13:00:00+00:00,2026-08-08T13:00:00+00:00,2026-08-10T13:00:00+00:00,56,69.30587248651659,1.7923832400429807,14,34.38414287542484,3.772956175613704,-10.843609916277341,1.3769944341372908,True
CD6_E2_P7,8,2026-08-03T13:00:00+00:00,2026-08-10T13:00:00+00:00,2026-08-10T13:00:00+00:00,2026-08-12T13:00:00+00:00,53,16.61252810640752,1.273913686775345,17,-3.7246360108040166,0.9561769179149084,-27.066880678636608,-0.8039689387402846,False
CD6_E2_P7,9,2026-08-05T13:00:00+00:00,2026-08-12T13:00:00+00:00,2026-08-12T13:00:00+00:00,2026-08-14T13:00:00+00:00,58,-30.132532101209808,0.7876166540022348,15,18.086415232221565,2.018493607100644,-7.732590912371107,-0.18901054987214821,True
CD6_E2_P7,10,2026-08-07T13:00:00+00:00,2026-08-14T13:00:00+00:00,2026-08-14T13:00:00+00:00,2026-08-16T13:00:00+00:00,53,97.9187534412272,2.1715023242461275,15,43.04834598395097,4.141903640084739,-5.200000000000015,0.47365269461077125,True
CD6_E2_P7,11,2026-08-09T13:00:00+00:00,2026-08-16T13:00:00+00:00,2026-08-16T13:00:00+00:00,2026-08-18T13:00:00+00:00,56,25.98373931491922,1.3425451094411502,17,20.52670589106387,1.6089522668279341,-14.802860800000007,-0.9461118116855791,True
CD6_E2_P7,12,2026-08-11T13:00:00+00:00,2026-08-18T13:00:00+00:00,2026-08-18T13:00:00+00:00,2026-08-20T13:00:00+00:00,65,204.13981504277575,2.3169112489156847,12,36.39158921654673,2.970176916901897,-10.129599999999995,0.7230301770569161,True
CD6_E2_P10,0,2026-07-18T13:00:00+00:00,2026-07-25T13:00:00+00:00,2026-07-25T13:00:00+00:00,2026-07-27T13:00:00+00:00,43,-34.73083889799504,0.6080967291342755,3,2.126332255250696,3.869357880812795,-0.7474452554744437,0.11847133757962885,True
CD6_E2_P10,1,2026-07-20T13:00:00+00:00,2026-07-27T13:00:00+00:00,2026-07-27T13:00:00+00:00,2026-07-29T13:00:00+00:00,40,-33.856973355231354,0.5504130007493081,18,-21.427977659869757,0.4633115816260331,-31.272367680613833,-1.1954751131221797,False
CD6_E2_P10,2,2026-07-22T13:00:00+00:00,2026-07-29T13:00:00+00:00,2026-07-29T13:00:00+00:00,2026-07-31T13:00:00+00:00,47,-59.788192381605974,0.15919294867642003,16,-3.553446907577784,0.8904877225000501,-15.590482123736415,-0.21997802497076818,False
CD6_E2_P10,3,2026-07-24T13:00:00+00:00,2026-07-31T13:00:00+00:00,2026-07-31T13:00:00+00:00,2026-08-02T13:00:00+00:00,54,-36.15562195183885,0.5519461361646892,19,18.618113102217194,1.8557593260568168,-12.020030326319176,-0.21699881008329075,True
CD6_E2_P10,4,2026-07-26T13:00:00+00:00,2026-08-02T13:00:00+00:00,2026-08-02T13:00:00+00:00,2026-08-04T13:00:00+00:00,70,-34.35077105548352,0.6846094872819212,23,36.72714123633112,2.107341286709912,-10.129600000000016,0.37954216169227023,True
CD6_E2_P10,5,2026-07-28T13:00:00+00:00,2026-08-04T13:00:00+00:00,2026-08-04T13:00:00+00:00,2026-08-06T13:00:00+00:00,75,-18.565963684468212,0.8712087840957752,20,15.363529689430798,1.5590812467091633,-17.292724173266027,1.577666842590997,True
CD6_E2_P10,6,2026-07-30T13:00:00+00:00,2026-08-06T13:00:00+00:00,2026-08-06T13:00:00+00:00,2026-08-08T13:00:00+00:00,85,65.88872586076575,1.477364248781704,24,79.40975878981082,4.732049820648016,-5.200000000000005,0.4434870299125595,True
CD6_E2_P10,7,2026-08-01T13:00:00+00:00,2026-08-08T13:00:00+00:00,2026-08-08T13:00:00+00:00,2026-08-10T13:00:00+00:00,80,175.78091357332943,2.221774875445,20,25.945251479405783,2.2401108235496117,-17.578811749827416,-0.08479262672811388,True
CD6_E2_P10,8,2026-08-03T13:00:00+00:00,2026-08-10T13:00:00+00:00,2026-08-10T13:00:00+00:00,2026-08-12T13:00:00+00:00,75,125.67949176235106,2.1499706256498308,23,-4.871924598391574,0.910865182264577,-24.10517215654926,-0.27408372833224154,False
CD6_E2_P10,9,2026-08-05T13:00:00+00:00,2026-08-12T13:00:00+00:00,2026-08-12T13:00:00+00:00,2026-08-14T13:00:00+00:00,83,17.555857719370806,1.1830430809373882,20,35.86193265438524,2.676415226670125,-7.732590912371107,0.9872936203936147,True
CD6_E2_P10,10,2026-08-07T13:00:00+00:00,2026-08-14T13:00:00+00:00,2026-08-14T13:00:00+00:00,2026-08-16T13:00:00+00:00,77,158.79671624711756,2.2744689048213025,22,59.27103225212065,3.763668948677707,-5.200000000000015,0.18059640858347786,True
CD6_E2_P10,11,2026-08-09T13:00:00+00:00,2026-08-16T13:00:00+00:00,2026-08-16T13:00:00+00:00,2026-08-18T13:00:00+00:00,78,57.351418770761356,1.477053121330719,25,8.128615627178037,1.2118638664625005,-23.432990212403226,-0.9461118116855791,True
CD6_E2_P10,12,2026-08-11T13:00:00+00:00,2026-08-18T13:00:00+00:00,2026-08-18T13:00:00+00:00,2026-08-20T13:00:00+00:00,82,292.2728791759057,2.8225709731161843,18,44.05032005429934,2.487391284362986,-14.802860800000007,0.4081788161232393,True
CD6_E2_P15,0,2026-07-18T13:00:00+00:00,2026-07-25T13:00:00+00:00,2026-07-25T13:00:00+00:00,2026-07-27T13:00:00+00:00,48,-45.249210164501285,0.5175336305012357,5,6.303707749819454,2.1340479221836337,-5.908578102189788,0.11847133757962885,True
CD6_E2_P15,1,2026-07-20T13:00:00+00:00,2026-07-27T13:00:00+00:00,2026-07-27T13:00:00+00:00,2026-07-29T13:00:00+00:00,47,-41.43346404384432,0.5328442172915179,26,-36.19202624471092,0.34503049998780794,-45.60575127023449,-2.525097871316367,False
CD6_E2_P15,2,2026-07-22T13:00:00+00:00,2026-07-29T13:00:00+00:00,2026-07-29T13:00:00+00:00,2026-07-31T13:00:00+00:00,58,-53.830257881065904,0.34161983695970133,21,-8.04327217644193,0.7656576852108328,-18.403558725263068,-0.21998201618542695,False
CD6_E2_P15,3,2026-07-24T13:00:00+00:00,2026-07-31T13:00:00+00:00,2026-07-31T13:00:00+00:00,2026-08-02T13:00:00+00:00,79,-43.13263370416968,0.6072893810747514,28,9.439872491464252,1.2859935267254283,-21.65009674159897,-0.242551405402691,True
CD6_E2_P15,4,2026-07-26T13:00:00+00:00,2026-08-02T13:00:00+00:00,2026-08-02T13:00:00+00:00,2026-08-04T13:00:00+00:00,106,-26.995495083775168,0.8462666398496577,29,57.082633593980226,2.690950809822611,-10.129600000000005,0.37954216169227023,True
CD6_E2_P15,5,2026-07-28T13:00:00+00:00,2026-08-04T13:00:00+00:00,2026-08-04T13:00:00+00:00,2026-08-06T13:00:00+00:00,115,26.945569095553545,1.2011549229450051,32,104.24946559214585,3.504043299083199,-10.129600000000005,2.0832358933355555,True
CD6_E2_P15,6,2026-07-30T13:00:00+00:00,2026-08-06T13:00:00+00:00,2026-08-06T13:00:00+00:00,2026-08-08T13:00:00+00:00,126,153.0830959900928,1.5880844200872517,35,97.48534863466558,3.5449539965743124,-10.441559886317798,0.36749577396764116,True
CD6_E2_P15,7,2026-08-01T13:00:00+00:00,2026-08-08T13:00:00+00:00,2026-08-08T13:00:00+00:00,2026-08-10T13:00:00+00:00,124,86.0680804456513,1.4193561290022962,30,25.475955673467322,1.7984392644226073,-17.211024497887315,-0.02115018145908404,True
CD6_E2_P15,8,2026-08-03T13:00:00+00:00,2026-08-10T13:00:00+00:00,2026-08-10T13:00:00+00:00,2026-08-12T13:00:00+00:00,117,417.7113629465658,2.622845133805374,29,-16.9351504550599,0.7265155093193819,-35.974887145081325,-0.8039689387402846,False
CD6_E2_P15,9,2026-08-05T13:00:00+00:00,2026-08-12T13:00:00+00:00,2026-08-12T13:00:00+00:00,2026-08-14T13:00:00+00:00,124,135.63808217037274,1.5295974282815061,27,32.276213072869034,1.8538169713773727,-12.53049618492781,0.5462686567164312,True
CD6_E2_P15,10,2026-08-07T13:00:00+00:00,2026-08-14T13:00:00+00:00,2026-08-14T13:00:00+00:00,2026-08-16T13:00:00+00:00,112,137.32313074999968,1.7845517334224024,31,60.422715341578396,2.637251495273305,-14.80286080000004,-0.11245987744381553,True
CD6_E2_P15,11,2026-08-09T13:00:00+00:00,2026-08-16T13:00:00+00:00,2026-08-16T13:00:00+00:00,2026-08-18T13:00:00+00:00,112,36.52239426707604,1.2602184141683213,34,8.27507868263757,1.181678885336041,-24.44543639536071,-0.7233866334435122,True
CD6_E2_P15,12,2026-08-11T13:00:00+00:00,2026-08-18T13:00:00+00:00,2026-08-18T13:00:00+00:00,2026-08-20T13:00:00+00:00,123,163.92167549199596,1.645068492700485,25,67.20215801716148,2.722264996721337,-19.233112038400012,0.7493670886076,True
CD12_E1_P5,0,2026-07-18T13:00:00+00:00,2026-07-25T13:00:00+00:00,2026-07-25T13:00:00+00:00,2026-07-27T13:00:00+00:00,31,-45.84693538866392,0.29921960082670807,3,2.126332255250696,3.869357880812795,-0.7474452554744437,0.11847133757962885,True
CD12_E1_P5,1,2026-07-20T13:00:00+00:00,2026-07-27T13:00:00+00:00,2026-07-27T13:00:00+00:00,2026-07-29T13:00:00+00:00,27,-34.176853009357124,0.3521278759565762,13,-30.79603107481378,0.10465465082871989,-33.46156593345698,-5.199999999999993,False
CD12_E1_P5,2,2026-07-22T13:00:00+00:00,2026-07-29T13:00:00+00:00,2026-07-29T13:00:00+00:00,2026-07-31T13:00:00+00:00,25,-34.47747857695794,0.13818088776613036,9,-7.285450285203265,0.5226006234270261,-9.331136003958274,-0.2199740337561094,False
CD12_E1_P5,3,2026-07-24T13:00:00+00:00,2026-07-31T13:00:00+00:00,2026-07-31T13:00:00+00:00,2026-08-02T13:00:00+00:00,29,-6.886454641079154,0.8595532369960582,11,-2.434325104337154,0.9322461454656055,-13.02063818044209,-0.6540295119182746,False
CD12_E1_P5,4,2026-07-26T13:00:00+00:00,2026-08-02T13:00:00+00:00,2026-08-02T13:00:00+00:00,2026-08-04T13:00:00+00:00,36,-6.013319577703102,0.9328523789885234,13,0.8264308165705669,1.0982680701518197,-14.10725630917894,-0.8872852233677062,True
CD12_E1_P5,5,2026-07-28T13:00:00+00:00,2026-08-04T13:00:00+00:00,2026-08-04T13:00:00+00:00,2026-08-06T13:00:00+00:00,39,19.63932009056968,1.44259858013588,12,-9.00738702102526,0.7448529271574189,-23.432990212403215,-1.6915516420752006,False
CD12_E1_P5,6,2026-07-30T13:00:00+00:00,2026-08-06T13:00:00+00:00,2026-08-06T13:00:00+00:00,2026-08-08T13:00:00+00:00,42,-15.72343780743074,0.8296347769886775,11,26.325313475854117,3.8327536603590433,-5.199999999999994,0.3496921723834758,True
CD12_E1_P5,7,2026-08-01T13:00:00+00:00,2026-08-08T13:00:00+00:00,2026-08-08T13:00:00+00:00,2026-08-10T13:00:00+00:00,39,23.260288924512107,1.453804770958399,10,11.961972223998174,2.120199176380989,-10.447096683536516,1.030973672891622,True
CD12_E1_P5,8,2026-08-03T13:00:00+00:00,2026-08-10T13:00:00+00:00,2026-08-10T13:00:00+00:00,2026-08-12T13:00:00+00:00,39,-5.4168514518653454,0.9605290038193464,13,-19.0348456221894,0.4466321576620202,-26.776470100752235,-3.9023851904592344,False
CD12_E1_P5,9,2026-08-05T13:00:00+00:00,2026-08-12T13:00:00+00:00,2026-08-12T13:00:00+00:00,2026-08-14T13:00:00+00:00,45,-30.008254512492183,0.7134931165939472,11,7.9084841779323956,1.5198006693402974,-7.732590912371107,-0.19000999000997593,True
CD12_E1_P5,10,2026-08-07T13:00:00+00:00,2026-08-14T13:00:00+00:00,2026-08-14T13:00:00+00:00,2026-08-16T13:00:00+00:00,40,88.31657750439126,2.3076182524015323,11,47.89103808002406,6.74700963213976,-5.200000000000015,3.4708860759493643,True
CD12_E1_P5,11,2026-08-09T13:00:00+00:00,2026-08-16T13:00:00+00:00,2026-08-16T13:00:00+00:00,2026-08-18T13:00:00+00:00,42,-21.08366434517247,0.7611204882062917,12,-3.971858700303099,0.9376358814976629,-21.947711491915058,-2.2131164390959968,False
CD12_E1_P5,12,2026-08-11T13:00:00+00:00,2026-08-18T13:00:00+00:00,2026-08-18T13:00:00+00:00,2026-08-20T13:00:00+00:00,45,84.2653972457357,2.0716358352292743,9,12.666475775139862,1.80122582172314,-5.295412951398227,0.40376056580990766,True
CD12_E1_P7,0,2026-07-18T13:00:00+00:00,2026-07-25T13:00:00+00:00,2026-07-25T13:00:00+00:00,2026-07-27T13:00:00+00:00,36,-40.81217247083192,0.4566641906049461,3,2.126332255250696,3.869357880812795,-0.7474452554744437,0.11847133757962885,True
CD12_E1_P7,1,2026-07-20T13:00:00+00:00,2026-07-27T13:00:00+00:00,2026-07-27T13:00:00+00:00,2026-07-29T13:00:00+00:00,32,-38.08038681379199,0.380731043702314,15,-21.58054338989742,0.4202021365692756,-29.496131173283935,-2.8592455163883757,False
CD12_E1_P7,2,2026-07-22T13:00:00+00:00,2026-07-29T13:00:00+00:00,2026-07-29T13:00:00+00:00,2026-07-31T13:00:00+00:00,35,-41.26933380820083,0.30069887079597274,12,-12.48236468539602,0.37869829188395027,-14.41338389708423,-0.22297299202489446,False
CD12_E1_P7,3,2026-07-24T13:00:00+00:00,2026-07-31T13:00:00+00:00,2026-07-31T13:00:00+00:00,2026-08-02T13:00:00+00:00,41,-28.110212689113247,0.5788853567770319,14,8.459241618598522,1.4868272871665889,-11.381355138998018,-0.36706177290634057,True
CD12_E1_P7,4,2026-07-26T13:00:00+00:00,2026-08-02T13:00:00+00:00,2026-08-02T13:00:00+00:00,2026-08-04T13:00:00+00:00,52,-36.24696230572623,0.5123784840310676,17,43.278110422810045,2.5458124952417482,-10.129600000000016,0.4805555555555509,True
CD12_E1_P7,5,2026-07-28T13:00:00+00:00,2026-08-04T13:00:00+00:00,2026-08-04T13:00:00+00:00,2026-08-06T13:00:00+00:00,53,-0.8912936099174318,1.0403771996027007,15,-10.746026242866657,0.7428900802049908,-21.173898014589334,-1.0951276574102329,False
CD12_E1_P7,6,2026-07-30T13:00:00+00:00,2026-08-06T13:00:00+00:00,2026-08-06T13:00:00+00:00,2026-08-08T13:00:00+00:00,53,17.1620156426767,1.2619100699833845,16,73.17487305919002,7.433057896518933,-5.199999999999994,1.9877554587847013,True
CD12_E1_P7,7,2026-08-01T13:00:00+00:00,2026-08-08T13:00:00+00:00,2026-08-08T13:00:00+00:00,2026-08-10T13:00:00+00:00,58,74.92314951719266,1.8059628823407143,14,34.38414287542484,3.772956175613704,-10.843609916277341,1.3769944341372908,True
CD12_E1_P7,8,2026-08-03T13:00:00+00:00,2026-08-10T13:00:00+00:00,2026-08-10T13:00:00+00:00,2026-08-12T13:00:00+00:00,53,12.130041355128318,1.21906279899351,17,-3.7246360108040166,0.9561769179149084,-27.066880678636608,-0.8039689387402846,False
CD12_E1_P7,9,2026-08-05T13:00:00+00:00,2026-08-12T13:00:00+00:00,2026-08-12T13:00:00+00:00,2026-08-14T13:00:00+00:00,58,-49.31559299752198,0.5695292092477371,15,18.086415232221565,2.018493607100644,-7.732590912371107,-0.18901054987214821,True
CD12_E1_P7,10,2026-08-07T13:00:00+00:00,2026-08-14T13:00:00+00:00,2026-08-14T13:00:00+00:00,2026-08-16T13:00:00+00:00,56,97.21980117171665,2.0654064845036197,15,43.04834598395097,4.141903640084739,-5.200000000000015,0.47365269461077125,True
CD12_E1_P7,11,2026-08-09T13:00:00+00:00,2026-08-16T13:00:00+00:00,2026-08-16T13:00:00+00:00,2026-08-18T13:00:00+00:00,58,53.976235506288404,1.5620020655382303,17,20.52670589106387,1.6089522668279341,-14.802860800000007,-0.9461118116855791,True
CD12_E1_P7,12,2026-08-11T13:00:00+00:00,2026-08-18T13:00:00+00:00,2026-08-18T13:00:00+00:00,2026-08-20T13:00:00+00:00,60,101.05859627158216,1.8953501402038861,12,36.39158921654673,2.970176916901897,-10.129599999999995,0.7230301770569161,True
CD12_E1_P15,0,2026-07-18T13:00:00+00:00,2026-07-25T13:00:00+00:00,2026-07-25T13:00:00+00:00,2026-07-27T13:00:00+00:00,43,-41.492902213594704,0.5316483891273919,5,6.303707749819454,2.1340479221836337,-5.908578102189788,0.11847133757962885,True
CD12_E1_P15,1,2026-07-20T13:00:00+00:00,2026-07-27T13:00:00+00:00,2026-07-27T13:00:00+00:00,2026-07-29T13:00:00+00:00,42,-37.41536776924905,0.5499835153853392,24,-37.05421259921937,0.2600698875290721,-42.62210049602796,-2.525097871316367,False
CD12_E1_P15,2,2026-07-22T13:00:00+00:00,2026-07-29T13:00:00+00:00,2026-07-29T13:00:00+00:00,2026-07-31T13:00:00+00:00,57,-51.29481150476123,0.35826134968550805,21,-8.04327217644193,0.7656576852108328,-18.403558725263068,-0.21998201618542695,False
CD12_E1_P15,3,2026-07-24T13:00:00+00:00,2026-07-31T13:00:00+00:00,2026-07-31T13:00:00+00:00,2026-08-02T13:00:00+00:00,78,-38.071016736297935,0.6607842959775534,27,21.134596532967098,1.6655956427645962,-13.27764092247411,-0.2199740337561094,True
CD12_E1_P15,4,2026-07-26T13:00:00+00:00,2026-08-02T13:00:00+00:00,2026-08-02T13:00:00+00:00,2026-08-04T13:00:00+00:00,101,-9.807934719140176,0.980852664975271,29,57.082633593980226,2.690950809822611,-10.129600000000005,0.37954216169227023,True
CD12_E1_P15,5,2026-07-28T13:00:00+00:00,2026-08-04T13:00:00+00:00,2026-08-04T13:00:00+00:00,2026-08-06T13:00:00+00:00,108,32.62430039116908,1.2727912519536666,33,90.95146736751765,3.2197446322639656,-14.802860800000007,1.8168967158495921,True
CD12_E1_P15,6,2026-07-30T13:00:00+00:00,2026-08-06T13:00:00+00:00,2026-08-06T13:00:00+00:00,2026-08-08T13:00:00+00:00,119,80.0990052192034,1.4257620775503244,33,50.744642570290786,2.5516634656734984,-6.660577917981103,0.356070435588496,True
CD12_E1_P15,7,2026-08-01T13:00:00+00:00,2026-08-08T13:00:00+00:00,2026-08-08T13:00:00+00:00,2026-08-10T13:00:00+00:00,118,136.12825420530496,1.657647883353925,30,25.475955673467322,1.7984392644226073,-17.211024497887315,-0.02115018145908404,True
CD12_E1_P15,8,2026-08-03T13:00:00+00:00,2026-08-10T13:00:00+00:00,2026-08-10T13:00:00+00:00,2026-08-12T13:00:00+00:00,114,286.7950337751778,2.4069445957079805,30,-21.25452263139679,0.666193345298427,-35.974887145081325,-0.8150625965937073,False
CD12_E1_P15,9,2026-08-05T13:00:00+00:00,2026-08-12T13:00:00+00:00,2026-08-12T13:00:00+00:00,2026-08-14T13:00:00+00:00,126,103.93237665556705,1.4422947652503835,26,39.53187033003065,2.1636045678623312,-12.53049618492781,0.9872936203936147,True
CD12_E1_P15,10,2026-08-07T13:00:00+00:00,2026-08-14T13:00:00+00:00,2026-08-14T13:00:00+00:00,2026-08-16T13:00:00+00:00,114,104.16235254805497,1.5875064126734943,32,52.08073414381629,2.2609536461599866,-14.80286080000004,-0.15622993872190777,True
CD12_E1_P15,11,2026-08-09T13:00:00+00:00,2026-08-16T13:00:00+00:00,2026-08-16T13:00:00+00:00,2026-08-18T13:00:00+00:00,112,85.89183242989533,1.5014248694223065,34,-19.287555190260598,0.805821453099977,-37.547455647646174,-1.5674707664163843,False
CD12_E1_P15,12,2026-08-11T13:00:00+00:00,2026-08-18T13:00:00+00:00,2026-08-18T13:00:00+00:00,2026-08-20T13:00:00+00:00,119,160.35756969260015,1.7072616717930098,26,58.50764580026904,2.3455363754887015,-19.233112038400012,0.5809820775220855,True
CD12_E2_P5,0,2026-07-18T13:00:00+00:00,2026-07-25T13:00:00+00:00,2026-07-25T13:00:00+00:00,2026-07-27T13:00:00+00:00,31,-47.85085527106406,0.2853120115493624,3,2.126332255250696,3.869357880812795,-0.7474452554744437,0.11847133757962885,True
CD12_E2_P5,1,2026-07-20T13:00:00+00:00,2026-07-27T13:00:00+00:00,2026-07-27T13:00:00+00:00,2026-07-29T13:00:00+00:00,28,-37.599656652870564,0.32474288767253234,13,-28.86936729671199,0.17642568824063504,-33.46156593345698,-5.199999999999993,False
CD12_E2_P5,2,2026-07-22T13:00:00+00:00,2026-07-29T13:00:00+00:00,2026-07-29T13:00:00+00:00,2026-07-31T13:00:00+00:00,25,-34.47747857695794,0.13818088776613036,9,-7.285450285203265,0.5226006234270261,-9.331136003958274,-0.2199740337561094,False
CD12_E2_P5,3,2026-07-24T13:00:00+00:00,2026-07-31T13:00:00+00:00,2026-07-31T13:00:00+00:00,2026-08-02T13:00:00+00:00,29,-6.886454641079154,0.8595532369960582,10,2.917378581922847,1.2713046693342882,-13.02063818044209,-0.43551416100078266,True
CD12_E2_P5,4,2026-07-26T13:00:00+00:00,2026-08-02T13:00:00+00:00,2026-08-02T13:00:00+00:00,2026-08-04T13:00:00+00:00,36,-6.013319577703102,0.9328523789885234,13,0.8264308165705669,1.0982680701518197,-14.10725630917894,-0.8872852233677062,True
CD12_E2_P5,5,2026-07-28T13:00:00+00:00,2026-08-04T13:00:00+00:00,2026-08-04T13:00:00+00:00,2026-08-06T13:00:00+00:00,39,19.63932009056968,1.44259858013588,12,-9.00738702102526,0.7448529271574189,-23.432990212403215,-1.6915516420752006,False
CD12_E2_P5,6,2026-07-30T13:00:00+00:00,2026-08-06T13:00:00+00:00,2026-08-06T13:00:00+00:00,2026-08-08T13:00:00+00:00,41,-2.221354953692356,1.0307825257228511,11,26.325313475854117,3.8327536603590433,-5.199999999999994,0.3496921723834758,True
CD12_E2_P5,7,2026-08-01T13:00:00+00:00,2026-08-08T13:00:00+00:00,2026-08-08T13:00:00+00:00,2026-08-10T13:00:00+00:00,42,23.484033206255162,1.3893992109062103,10,11.961972223998174,2.120199176380989,-10.447096683536516,1.030973672891622,True
CD12_E2_P5,8,2026-08-03T13:00:00+00:00,2026-08-10T13:00:00+00:00,2026-08-10T13:00:00+00:00,2026-08-12T13:00:00+00:00,39,-5.4168514518653454,0.9605290038193464,13,-19.0348456221894,0.4466321576620202,-26.776470100752235,-3.9023851904592344,False
CD12_E2_P5,9,2026-08-05T13:00:00+00:00,2026-08-12T13:00:00+00:00,2026-08-12T13:00:00+00:00,2026-08-14T13:00:00+00:00,45,-30.008254512492183,0.7134931165939472,11,7.9084841779323956,1.5198006693402974,-7.732590912371107,-0.19000999000997593,True
CD12_E2_P5,10,2026-08-07T13:00:00+00:00,2026-08-14T13:00:00+00:00,2026-08-14T13:00:00+00:00,2026-08-16T13:00:00+00:00,40,88.31657750439126,2.3076182524015323,11,47.89103808002406,6.74700963213976,-5.200000000000015,3.4708860759493643,True
CD12_E2_P5,11,2026-08-09T13:00:00+00:00,2026-08-16T13:00:00+00:00,2026-08-16T13:00:00+00:00,2026-08-18T13:00:00+00:00,42,-21.08366434517247,0.7611204882062917,12,-3.971858700303099,0.9376358814976629,-21.947711491915058,-2.2131164390959968,False
CD12_E2_P5,12,2026-08-11T13:00:00+00:00,2026-08-18T13:00:00+00:00,2026-08-18T13:00:00+00:00,2026-08-20T13:00:00+00:00,45,84.2653972457357,2.0716358352292743,9,12.666475775139862,1.80122582172314,-5.295412951398227,0.40376056580990766,True
CD12_E2_P7,0,2026-07-18T13:00:00+00:00,2026-07-25T13:00:00+00:00,2026-07-25T13:00:00+00:00,2026-07-27T13:00:00+00:00,36,-37.72727913319618,0.5035537759896606,3,2.126332255250696,3.869357880812795,-0.7474452554744437,0.11847133757962885,True
CD12_E2_P7,1,2026-07-20T13:00:00+00:00,2026-07-27T13:00:00+00:00,2026-07-27T13:00:00+00:00,2026-07-29T13:00:00+00:00,33,-41.30020669947483,0.35563391776708464,15,-19.397317067828457,0.49310519897312777,-29.496131173283935,-2.8592455163883757,False
CD12_E2_P7,2,2026-07-22T13:00:00+00:00,2026-07-29T13:00:00+00:00,2026-07-29T13:00:00+00:00,2026-07-31T13:00:00+00:00,35,-41.26933380820083,0.30069887079597274,12,-12.48236468539602,0.37869829188395027,-14.41338389708423,-0.22297299202489446,False
CD12_E2_P7,3,2026-07-24T13:00:00+00:00,2026-07-31T13:00:00+00:00,2026-07-31T13:00:00+00:00,2026-08-02T13:00:00+00:00,41,-28.110212689113247,0.5788853567770319,14,8.459241618598522,1.4868272871665889,-11.381355138998018,-0.36706177290634057,True
CD12_E2_P7,4,2026-07-26T13:00:00+00:00,2026-08-02T13:00:00+00:00,2026-08-02T13:00:00+00:00,2026-08-04T13:00:00+00:00,52,-38.71768805387909,0.4904794153001633,17,43.278110422810045,2.5458124952417482,-10.129600000000016,0.4805555555555509,True
CD12_E2_P7,5,2026-07-28T13:00:00+00:00,2026-08-04T13:00:00+00:00,2026-08-04T13:00:00+00:00,2026-08-06T13:00:00+00:00,55,19.886569109306752,1.3085265937313593,15,-10.746026242866657,0.7428900802049908,-21.173898014589334,-1.0951276574102329,False
CD12_E2_P7,6,2026-07-30T13:00:00+00:00,2026-08-06T13:00:00+00:00,2026-08-06T13:00:00+00:00,2026-08-08T13:00:00+00:00,55,25.609438697113074,1.3402617214578554,16,73.17487305919002,7.433057896518933,-5.199999999999994,1.9877554587847013,True
CD12_E2_P7,7,2026-08-01T13:00:00+00:00,2026-08-08T13:00:00+00:00,2026-08-08T13:00:00+00:00,2026-08-10T13:00:00+00:00,56,77.6784435228151,1.8750662529368602,14,34.38414287542484,3.772956175613704,-10.843609916277341,1.3769944341372908,True
CD12_E2_P7,8,2026-08-03T13:00:00+00:00,2026-08-10T13:00:00+00:00,2026-08-10T13:00:00+00:00,2026-08-12T13:00:00+00:00,53,12.130041355128318,1.21906279899351,17,-3.7246360108040166,0.9561769179149084,-27.066880678636608,-0.8039689387402846,False
CD12_E2_P7,9,2026-08-05T13:00:00+00:00,2026-08-12T13:00:00+00:00,2026-08-12T13:00:00+00:00,2026-08-14T13:00:00+00:00,58,-49.31559299752198,0.5695292092477371,15,18.086415232221565,2.018493607100644,-7.732590912371107,-0.18901054987214821,True
CD12_E2_P7,10,2026-08-07T13:00:00+00:00,2026-08-14T13:00:00+00:00,2026-08-14T13:00:00+00:00,2026-08-16T13:00:00+00:00,56,97.21980117171665,2.0654064845036197,15,43.04834598395097,4.141903640084739,-5.200000000000015,0.47365269461077125,True
CD12_E2_P7,11,2026-08-09T13:00:00+00:00,2026-08-16T13:00:00+00:00,2026-08-16T13:00:00+00:00,2026-08-18T13:00:00+00:00,58,53.976235506288404,1.5620020655382303,17,20.52670589106387,1.6089522668279341,-14.802860800000007,-0.9461118116855791,True
CD12_E2_P7,12,2026-08-11T13:00:00+00:00,2026-08-18T13:00:00+00:00,2026-08-18T13:00:00+00:00,2026-08-20T13:00:00+00:00,60,101.05859627158216,1.8953501402038861,12,36.39158921654673,2.970176916901897,-10.129599999999995,0.7230301770569161,True
CD12_E2_P10,0,2026-07-18T13:00:00+00:00,2026-07-25T13:00:00+00:00,2026-07-25T13:00:00+00:00,2026-07-27T13:00:00+00:00,43,-40.87140687682409,0.5522981354620038,3,2.126332255250696,3.869357880812795,-0.7474452554744437,0.11847133757962885,True
CD12_E2_P10,1,2026-07-20T13:00:00+00:00,2026-07-27T13:00:00+00:00,2026-07-27T13:00:00+00:00,2026-07-29T13:00:00+00:00,40,-39.14582887809866,0.5002432268857735,18,-21.427977659869757,0.4633115816260331,-31.272367680613833,-1.1954751131221797,False
CD12_E2_P10,2,2026-07-22T13:00:00+00:00,2026-07-29T13:00:00+00:00,2026-07-29T13:00:00+00:00,2026-07-31T13:00:00+00:00,44,-53.5805353513926,0.18359060434291777,16,-3.553446907577784,0.8904877225000501,-15.590482123736415,-0.21997802497076818,False
CD12_E2_P10,3,2026-07-24T13:00:00+00:00,2026-07-31T13:00:00+00:00,2026-07-31T13:00:00+00:00,2026-08-02T13:00:00+00:00,51,-48.199318285451895,0.2974017073793707,20,12.449971220901901,1.5089613072896662,-16.59498874935059,-0.36706177290634057,True
CD12_E2_P10,4,2026-07-26T13:00:00+00:00,2026-08-02T13:00:00+00:00,2026-08-02T13:00:00+00:00,2026-08-04T13:00:00+00:00,69,-30.790915109224294,0.7141917514784981,22,44.22694223241685,2.5247098459001602,-10.129600000000016,0.41858324689627596,True
CD12_E2_P10,5,2026-07-28T13:00:00+00:00,2026-08-04T13:00:00+00:00,2026-08-04T13:00:00+00:00,2026-08-06T13:00:00+00:00,76,72.38814617952596,1.6707540649957362,20,15.363529689430798,1.5590812467091633,-17.292724173266027,1.577666842590997,True
CD12_E2_P10,6,2026-07-30T13:00:00+00:00,2026-08-06T13:00:00+00:00,2026-08-06T13:00:00+00:00,2026-08-08T13:00:00+00:00,79,76.76178639765298,1.5908485976808826,23,48.642803106861464,3.528610728210044,-5.200000000000005,-0.10843104927380481,True
CD12_E2_P10,7,2026-08-01T13:00:00+00:00,2026-08-08T13:00:00+00:00,2026-08-08T13:00:00+00:00,2026-08-10T13:00:00+00:00,80,123.1323198889962,1.9354758994058388,20,25.945251479405783,2.2401108235496117,-17.578811749827416,-0.08479262672811388,True
CD12_E2_P10,8,2026-08-03T13:00:00+00:00,2026-08-10T13:00:00+00:00,2026-08-10T13:00:00+00:00,2026-08-12T13:00:00+00:00,81,152.70732726985784,2.058017480816635,24,-9.818584519275209,0.7928981059901451,-24.10517215654926,-0.45562880535918704,False
CD12_E2_P10,9,2026-08-05T13:00:00+00:00,2026-08-12T13:00:00+00:00,2026-08-12T13:00:00+00:00,2026-08-14T13:00:00+00:00,84,61.057227206923194,1.4404821538773613,20,35.86193265438524,2.676415226670125,-7.732590912371107,0.9872936203936147,True
CD12_E2_P10,10,2026-08-07T13:00:00+00:00,2026-08-14T13:00:00+00:00,2026-08-14T13:00:00+00:00,2026-08-16T13:00:00+00:00,77,148.51176994501384,2.176879775086655,23,74.87959341282848,4.309443952225882,-5.200000000000015,0.47365269461077125,True
CD12_E2_P10,11,2026-08-09T13:00:00+00:00,2026-08-16T13:00:00+00:00,2026-08-16T13:00:00+00:00,2026-08-18T13:00:00+00:00,79,79.67101593432626,1.5875038846557816,25,8.128615627178037,1.2118638664625005,-23.432990212403226,-0.9461118116855791,True
CD12_E2_P10,12,2026-08-11T13:00:00+00:00,2026-08-18T13:00:00+00:00,2026-08-18T13:00:00+00:00,2026-08-20T13:00:00+00:00,82,273.7711818657699,2.6048691112632607,18,44.05032005429934,2.487391284362986,-14.802860800000007,0.4081788161232393,True
CD12_E2_P15,0,2026-07-18T13:00:00+00:00,2026-07-25T13:00:00+00:00,2026-07-25T13:00:00+00:00,2026-07-27T13:00:00+00:00,44,-44.617499673359575,0.5052816171036875,5,6.303707749819454,2.1340479221836337,-5.908578102189788,0.11847133757962885,True
CD12_E2_P15,1,2026-07-20T13:00:00+00:00,2026-07-27T13:00:00+00:00,2026-07-27T13:00:00+00:00,2026-07-29T13:00:00+00:00,43,-40.75772776123559,0.5201738250156969,25,-32.69201080665709,0.3749890131663509,-42.62210049602796,-2.190950226244359,False
CD12_E2_P15,2,2026-07-22T13:00:00+00:00,2026-07-29T13:00:00+00:00,2026-07-29T13:00:00+00:00,2026-07-31T13:00:00+00:00,58,-53.827481306513626,0.341638129052035,21,-8.04327217644193,0.7656576852108328,-18.403558725263068,-0.21998201618542695,False
CD12_E2_P15,3,2026-07-24T13:00:00+00:00,2026-07-31T13:00:00+00:00,2026-07-31T13:00:00+00:00,2026-08-02T13:00:00+00:00,78,-38.071016736297935,0.6607842959775534,27,15.442903472008695,1.4627388911557253,-21.62554961422979,-0.2299760191846521,True
CD12_E2_P15,4,2026-07-26T13:00:00+00:00,2026-08-02T13:00:00+00:00,2026-08-02T13:00:00+00:00,2026-08-04T13:00:00+00:00,103,-18.94403016383017,0.9120241383666349,29,57.082633593980226,2.690950809822611,-10.129600000000005,0.37954216169227023,True
CD12_E2_P15,5,2026-07-28T13:00:00+00:00,2026-08-04T13:00:00+00:00,2026-08-04T13:00:00+00:00,2026-08-06T13:00:00+00:00,111,20.074863338721016,1.1859017952086688,32,84.77504173727246,3.111773661010644,-14.802860800000017,1.577666842590997,True
CD12_E2_P15,6,2026-07-30T13:00:00+00:00,2026-08-06T13:00:00+00:00,2026-08-06T13:00:00+00:00,2026-08-08T13:00:00+00:00,121,138.95377380151083,1.6301872475151218,34,65.51761754217931,2.894960348119287,-10.441559886317798,0.3617831047780686,True
CD12_E2_P15,7,2026-08-01T13:00:00+00:00,2026-08-08T13:00:00+00:00,2026-08-08T13:00:00+00:00,2026-08-10T13:00:00+00:00,121,95.57828233253105,1.4773216213923346,30,25.475955673467322,1.7984392644226073,-17.211024497887315,-0.02115018145908404,True
CD12_E2_P15,8,2026-08-03T13:00:00+00:00,2026-08-10T13:00:00+00:00,2026-08-10T13:00:00+00:00,2026-08-12T13:00:00+00:00,119,333.0791939996074,2.323777619419168,30,-21.25452263139679,0.666193345298427,-35.974887145081325,-0.8150625965937073,False
CD12_E2_P15,9,2026-08-05T13:00:00+00:00,2026-08-12T13:00:00+00:00,2026-08-12T13:00:00+00:00,2026-08-14T13:00:00+00:00,127,141.76473869722582,1.552278292746048,26,39.53187033003065,2.1636045678623312,-12.53049618492781,0.9872936203936147,True
CD12_E2_P15,10,2026-08-07T13:00:00+00:00,2026-08-14T13:00:00+00:00,2026-08-14T13:00:00+00:00,2026-08-16T13:00:00+00:00,114,104.16235254805497,1.5875064126734943,32,52.08073414381629,2.2609536461599866,-14.80286080000004,-0.15622993872190777,True
CD12_E2_P15,11,2026-08-09T13:00:00+00:00,2026-08-16T13:00:00+00:00,2026-08-16T13:00:00+00:00,2026-08-18T13:00:00+00:00,111,24.900651246950467,1.2026742018241472,34,-19.287555190260576,0.8058214530999771,-37.54745564764619,-1.5674707664163843,False
CD12_E2_P15,12,2026-08-11T13:00:00+00:00,2026-08-18T13:00:00+00:00,2026-08-18T13:00:00+00:00,2026-08-20T13:00:00+00:00,118,131.64521919927327,1.5878333195770833,25,67.20215801716148,2.722264996721337,-19.233112038400012,0.7493670886076,True
CD24_E1_P5,0,2026-07-18T13:00:00+00:00,2026-07-25T13:00:00+00:00,2026-07-25T13:00:00+00:00,2026-07-27T13:00:00+00:00,30,-43.09279171250861,0.3175834705833465,3,2.126332255250696,3.869357880812795,-0.7474452554744437,0.11847133757962885,True
CD24_E1_P5,1,2026-07-20T13:00:00+00:00,2026-07-27T13:00:00+00:00,2026-07-27T13:00:00+00:00,2026-07-29T13:00:00+00:00,27,-34.426068745096984,0.3500824091624732,13,-30.79603107481378,0.10465465082871989,-33.46156593345698,-5.199999999999993,False
CD24_E1_P5,2,2026-07-22T13:00:00+00:00,2026-07-29T13:00:00+00:00,2026-07-29T13:00:00+00:00,2026-07-31T13:00:00+00:00,26,-34.61571970680614,0.19557853541830067,9,-7.285450285203265,0.5226006234270261,-9.331136003958274,-0.2199740337561094,False
CD24_E1_P5,3,2026-07-24T13:00:00+00:00,2026-07-31T13:00:00+00:00,2026-07-31T13:00:00+00:00,2026-08-02T13:00:00+00:00,31,-12.89015462437817,0.7735527916144975,11,-2.434325104337154,0.9322461454656055,-13.02063818044209,-0.6540295119182746,False
CD24_E1_P5,4,2026-07-26T13:00:00+00:00,2026-08-02T13:00:00+00:00,2026-08-02T13:00:00+00:00,2026-08-04T13:00:00+00:00,36,-20.086958653713026,0.6325948028625421,13,16.7799799964077,1.7120124611349146,-10.129600000000028,-0.48568955068826175,True
CD24_E1_P5,5,2026-07-28T13:00:00+00:00,2026-08-04T13:00:00+00:00,2026-08-04T13:00:00+00:00,2026-08-06T13:00:00+00:00,39,-0.17943007346397088,1.0512615657978504,12,-9.00738702102526,0.7448529271574189,-23.432990212403215,-1.6915516420752006,False
CD24_E1_P5,6,2026-07-30T13:00:00+00:00,2026-08-06T13:00:00+00:00,2026-08-06T13:00:00+00:00,2026-08-08T13:00:00+00:00,40,20.410079434635577,1.3748141440326873,11,26.325313475854117,3.8327536603590433,-5.199999999999994,0.3496921723834758,True
CD24_E1_P5,7,2026-08-01T13:00:00+00:00,2026-08-08T13:00:00+00:00,2026-08-08T13:00:00+00:00,2026-08-10T13:00:00+00:00,39,70.70286934340618,2.2246836771387586,10,11.961972223998174,2.120199176380989,-10.447096683536516,1.030973672891622,True
CD24_E1_P5,8,2026-08-03T13:00:00+00:00,2026-08-10T13:00:00+00:00,2026-08-10T13:00:00+00:00,2026-08-12T13:00:00+00:00,39,-5.8313028061235395,0.9538793953337007,13,-19.0348456221894,0.4466321576620202,-26.776470100752235,-3.9023851904592344,False
CD24_E1_P5,9,2026-08-05T13:00:00+00:00,2026-08-12T13:00:00+00:00,2026-08-12T13:00:00+00:00,2026-08-14T13:00:00+00:00,46,-27.23706086764317,0.7483186475145494,11,7.9084841779323956,1.5198006693402974,-7.732590912371107,-0.19000999000997593,True
CD24_E1_P5,10,2026-08-07T13:00:00+00:00,2026-08-14T13:00:00+00:00,2026-08-14T13:00:00+00:00,2026-08-16T13:00:00+00:00,40,50.48044513912389,1.744450332847824,12,40.20070409986278,3.9147922377649746,-5.200000000000015,1.6792130992527743,True
CD24_E1_P5,11,2026-08-09T13:00:00+00:00,2026-08-16T13:00:00+00:00,2026-08-16T13:00:00+00:00,2026-08-18T13:00:00+00:00,42,-21.967693536259848,0.7482146153747566,12,-3.971858700303099,0.9376358814976629,-21.947711491915058,-2.2131164390959968,False
CD24_E1_P5,12,2026-08-11T13:00:00+00:00,2026-08-18T13:00:00+00:00,2026-08-18T13:00:00+00:00,2026-08-20T13:00:00+00:00,46,166.56173146700857,2.910030765394797,9,12.666475775139862,1.80122582172314,-5.295412951398227,0.40376056580990766,True
CD24_E1_P7,0,2026-07-18T13:00:00+00:00,2026-07-25T13:00:00+00:00,2026-07-25T13:00:00+00:00,2026-07-27T13:00:00+00:00,35,-37.80196830113649,0.4825600710939098,3,2.126332255250696,3.869357880812795,-0.7474452554744437,0.11847133757962885,True
CD24_E1_P7,1,2026-07-20T13:00:00+00:00,2026-07-27T13:00:00+00:00,2026-07-27T13:00:00+00:00,2026-07-29T13:00:00+00:00,31,-34.93124812125934,0.40749557754119226,15,-21.58054338989742,0.4202021365692756,-29.496131173283935,-2.8592455163883757,False
CD24_E1_P7,2,2026-07-22T13:00:00+00:00,2026-07-29T13:00:00+00:00,2026-07-29T13:00:00+00:00,2026-07-31T13:00:00+00:00,35,-44.27126433399818,0.25300674434081594,12,-12.48236468539602,0.37869829188395027,-14.41338389708423,-0.22297299202489446,False
CD24_E1_P7,3,2026-07-24T13:00:00+00:00,2026-07-31T13:00:00+00:00,2026-07-31T13:00:00+00:00,2026-08-02T13:00:00+00:00,41,-28.33574692503069,0.5779534671191335,14,8.459241618598522,1.4868272871665889,-11.381355138998018,-0.36706177290634057,True
CD24_E1_P7,4,2026-07-26T13:00:00+00:00,2026-08-02T13:00:00+00:00,2026-08-02T13:00:00+00:00,2026-08-04T13:00:00+00:00,50,-16.77361722800528,0.7821316100328856,17,23.70459806996712,1.794542998341762,-10.129600000000016,-0.1930003499825304,True
CD24_E1_P7,5,2026-07-28T13:00:00+00:00,2026-08-04T13:00:00+00:00,2026-08-04T13:00:00+00:00,2026-08-06T13:00:00+00:00,53,-17.46468249979749,0.7987582097946793,15,-10.746026242866657,0.7428900802049908,-21.173898014589334,-1.0951276574102329,False
CD24_E1_P7,6,2026-07-30T13:00:00+00:00,2026-08-06T13:00:00+00:00,2026-08-06T13:00:00+00:00,2026-08-08T13:00:00+00:00,54,46.90955481519612,1.6133769053604523,16,73.17487305919002,7.433057896518933,-5.199999999999994,1.9877554587847013,True
CD24_E1_P7,7,2026-08-01T13:00:00+00:00,2026-08-08T13:00:00+00:00,2026-08-08T13:00:00+00:00,2026-08-10T13:00:00+00:00,58,86.22725817948111,1.9154134227797854,14,34.38414287542484,3.772956175613704,-10.843609916277341,1.3769944341372908,True
CD24_E1_P7,8,2026-08-03T13:00:00+00:00,2026-08-10T13:00:00+00:00,2026-08-10T13:00:00+00:00,2026-08-12T13:00:00+00:00,53,12.130041355128318,1.21906279899351,17,-3.7246360108040166,0.9561769179149084,-27.066880678636608,-0.8039689387402846,False
CD24_E1_P7,9,2026-08-05T13:00:00+00:00,2026-08-12T13:00:00+00:00,2026-08-12T13:00:00+00:00,2026-08-14T13:00:00+00:00,61,-30.45352886737077,0.7798081591436276,15,18.086415232221565,2.018493607100644,-7.732590912371107,-0.18901054987214821,True
CD24_E1_P7,10,2026-08-07T13:00:00+00:00,2026-08-14T13:00:00+00:00,2026-08-14T13:00:00+00:00,2026-08-16T13:00:00+00:00,56,108.2964864897682,2.0757936113553432,16,35.60983199278554,2.897866708057956,-5.200000000000015,0.18059640858347786,True
CD24_E1_P7,11,2026-08-09T13:00:00+00:00,2026-08-16T13:00:00+00:00,2026-08-16T13:00:00+00:00,2026-08-18T13:00:00+00:00,58,31.45200884093451,1.3601896886007732,17,20.52670589106387,1.6089522668279341,-14.802860800000007,-0.9461118116855791,True
CD24_E1_P7,12,2026-08-11T13:00:00+00:00,2026-08-18T13:00:00+00:00,2026-08-18T13:00:00+00:00,2026-08-20T13:00:00+00:00,57,63.53479707668017,1.6986280726095397,12,36.39158921654673,2.970176916901897,-10.129599999999995,0.7230301770569161,True
CD24_E1_P10,0,2026-07-18T13:00:00+00:00,2026-07-25T13:00:00+00:00,2026-07-25T13:00:00+00:00,2026-07-27T13:00:00+00:00,42,-38.325633404047146,0.558982868486076,3,2.126332255250696,3.869357880812795,-0.7474452554744437,0.11847133757962885,True
CD24_E1_P10,1,2026-07-20T13:00:00+00:00,2026-07-27T13:00:00+00:00,2026-07-27T13:00:00+00:00,2026-07-29T13:00:00+00:00,38,-32.543119168326015,0.5610054153585037,18,-25.747252890180427,0.32505496619511126,-31.272367680613833,-1.1954751131221797,False
CD24_E1_P10,2,2026-07-22T13:00:00+00:00,2026-07-29T13:00:00+00:00,2026-07-29T13:00:00+00:00,2026-07-31T13:00:00+00:00,43,-52.50886240119483,0.18812533620012878,16,-3.553446907577784,0.8904877225000501,-15.590482123736415,-0.21997802497076818,False
CD24_E1_P10,3,2026-07-24T13:00:00+00:00,2026-07-31T13:00:00+00:00,2026-07-31T13:00:00+00:00,2026-08-02T13:00:00+00:00,52,-44.09520427534726,0.3753921432422707,20,12.449971220901901,1.5089613072896662,-16.59498874935059,-0.36706177290634057,True
CD24_E1_P10,4,2026-07-26T13:00:00+00:00,2026-08-02T13:00:00+00:00,2026-08-02T13:00:00+00:00,2026-08-04T13:00:00+00:00,70,-41.37620939882986,0.5808202201917981,22,24.52380804766041,1.7957889675465781,-10.129600000000016,0.17222462634858288,True
CD24_E1_P10,5,2026-07-28T13:00:00+00:00,2026-08-04T13:00:00+00:00,2026-08-04T13:00:00+00:00,2026-08-06T13:00:00+00:00,74,-20.244604619300834,0.8441282759832003,21,26.669155598995008,1.8976086069152434,-17.292724173266027,1.8168967158495921,True
CD24_E1_P10,6,2026-07-30T13:00:00+00:00,2026-08-06T13:00:00+00:00,2026-08-06T13:00:00+00:00,2026-08-08T13:00:00+00:00,82,38.96918877737334,1.3526728612765522,23,48.642803106861464,3.528610728210044,-5.200000000000005,-0.10843104927380481,True
CD24_E1_P10,7,2026-08-01T13:00:00+00:00,2026-08-08T13:00:00+00:00,2026-08-08T13:00:00+00:00,2026-08-10T13:00:00+00:00,81,126.28503163186107,1.9461450895130805,20,25.945251479405783,2.2401108235496117,-17.578811749827416,-0.08479262672811388,True
CD24_E1_P10,8,2026-08-03T13:00:00+00:00,2026-08-10T13:00:00+00:00,2026-08-10T13:00:00+00:00,2026-08-12T13:00:00+00:00,80,227.09474978634873,2.588551593025128,24,-9.818584519275209,0.7928981059901451,-24.10517215654926,-0.45562880535918704,False
CD24_E1_P10,9,2026-08-05T13:00:00+00:00,2026-08-12T13:00:00+00:00,2026-08-12T13:00:00+00:00,2026-08-14T13:00:00+00:00,85,15.384046625603688,1.1716751198248982,20,35.86193265438524,2.676415226670125,-7.732590912371107,0.9872936203936147,True
CD24_E1_P10,10,2026-08-07T13:00:00+00:00,2026-08-14T13:00:00+00:00,2026-08-14T13:00:00+00:00,2026-08-16T13:00:00+00:00,78,90.93982915086511,1.7849907274398087,20,53.0122203893161,4.529660533705828,-5.200000000000015,0.18059640858347786,True
CD24_E1_P10,11,2026-08-09T13:00:00+00:00,2026-08-16T13:00:00+00:00,2026-08-16T13:00:00+00:00,2026-08-18T13:00:00+00:00,75,131.10405918571897,2.1074298690342483,27,-23.960379318279035,0.6907006682480789,-40.00162901443953,-3.55463258785943,False
CD24_E1_P10,12,2026-08-11T13:00:00+00:00,2026-08-18T13:00:00+00:00,2026-08-18T13:00:00+00:00,2026-08-20T13:00:00+00:00,82,216.99528092154083,2.3688069487748993,18,44.05032005429934,2.487391284362986,-14.802860800000007,0.4081788161232393,True
CD24_E1_P15,0,2026-07-18T13:00:00+00:00,2026-07-25T13:00:00+00:00,2026-07-25T13:00:00+00:00,2026-07-27T13:00:00+00:00,42,-38.517318938019606,0.5572547613129782,5,6.303707749819454,2.1340479221836337,-5.908578102189788,0.11847133757962885,True
CD24_E1_P15,1,2026-07-20T13:00:00+00:00,2026-07-27T13:00:00+00:00,2026-07-27T13:00:00+00:00,2026-07-29T13:00:00+00:00,41,-34.23240720515298,0.5792603255760501,25,-40.327393544059966,0.23929245971300556,-42.67232477160236,-2.8592455163883757,False
CD24_E1_P15,2,2026-07-22T13:00:00+00:00,2026-07-29T13:00:00+00:00,2026-07-29T13:00:00+00:00,2026-07-31T13:00:00+00:00,56,-54.97772995187562,0.3074925806051583,21,-8.04327217644193,0.7656576852108328,-18.403558725263068,-0.21998201618542695,False
CD24_E1_P15,3,2026-07-24T13:00:00+00:00,2026-07-31T13:00:00+00:00,2026-07-31T13:00:00+00:00,2026-08-02T13:00:00+00:00,72,-55.01290755356373,0.43290179776737664,27,4.586154383654639,1.186466560423839,-25.124957736343767,-0.2299760191846521,True
CD24_E1_P15,4,2026-07-26T13:00:00+00:00,2026-08-02T13:00:00+00:00,2026-08-02T13:00:00+00:00,2026-08-04T13:00:00+00:00,98,-44.03120628878807,0.6580201926731373,27,50.90981838284816,2.8670780117119756,-10.129600000000005,0.37954216169227023,True
CD24_E1_P15,5,2026-07-28T13:00:00+00:00,2026-08-04T13:00:00+00:00,2026-08-04T13:00:00+00:00,2026-08-06T13:00:00+00:00,105,-15.82989592729639,0.9405826922627298,33,90.95146736751765,3.2197446322639656,-14.802860800000007,1.8168967158495921,True
CD24_E1_P15,6,2026-07-30T13:00:00+00:00,2026-08-06T13:00:00+00:00,2026-08-06T13:00:00+00:00,2026-08-08T13:00:00+00:00,116,61.332100660809765,1.3526801890846725,32,59.01333604461052,3.1199938344995934,-6.085482236747975,0.3617831047780686,True
CD24_E1_P15,7,2026-08-01T13:00:00+00:00,2026-08-08T13:00:00+00:00,2026-08-08T13:00:00+00:00,2026-08-10T13:00:00+00:00,119,43.41762075480069,1.284110218237419,30,25.475955673467322,1.7984392644226073,-17.211024497887315,-0.02115018145908404,True
CD24_E1_P15,8,2026-08-03T13:00:00+00:00,2026-08-10T13:00:00+00:00,2026-08-10T13:00:00+00:00,2026-08-12T13:00:00+00:00,112,258.7663653202686,2.359431458268195,30,-21.25452263139679,0.666193345298427,-35.974887145081325,-0.8150625965937073,False
CD24_E1_P15,9,2026-08-05T13:00:00+00:00,2026-08-12T13:00:00+00:00,2026-08-12T13:00:00+00:00,2026-08-14T13:00:00+00:00,122,99.75553684001433,1.4724262578095524,26,39.53187033003065,2.1636045678623312,-12.53049618492781,0.9872936203936147,True
CD24_E1_P15,10,2026-08-07T13:00:00+00:00,2026-08-14T13:00:00+00:00,2026-08-14T13:00:00+00:00,2026-08-16T13:00:00+00:00,111,116.66751247821195,1.7156370350189456,30,46.104476631674274,2.3235888437452172,-14.80286080000004,-0.15622993872190777,True
CD24_E1_P15,11,2026-08-09T13:00:00+00:00,2026-08-16T13:00:00+00:00,2026-08-16T13:00:00+00:00,2026-08-18T13:00:00+00:00,111,32.241395347898184,1.2501133077322761,34,-19.287555190260598,0.805821453099977,-37.547455647646174,-1.5674707664163843,False
CD24_E1_P15,12,2026-08-11T13:00:00+00:00,2026-08-18T13:00:00+00:00,2026-08-18T13:00:00+00:00,2026-08-20T13:00:00+00:00,120,112.9127493913293,1.5389660911885483,25,67.20215801716148,2.722264996721337,-19.233112038400012,0.7493670886076,True
CD24_E2_P5,0,2026-07-18T13:00:00+00:00,2026-07-25T13:00:00+00:00,2026-07-25T13:00:00+00:00,2026-07-27T13:00:00+00:00,30,-43.09279171250861,0.3175834705833465,3,2.126332255250696,3.869357880812795,-0.7474452554744437,0.11847133757962885,True
CD24_E2_P5,1,2026-07-20T13:00:00+00:00,2026-07-27T13:00:00+00:00,2026-07-27T13:00:00+00:00,2026-07-29T13:00:00+00:00,27,-34.426068745096984,0.3500824091624732,13,-30.79603107481378,0.10465465082871989,-33.46156593345698,-5.199999999999993,False
CD24_E2_P5,2,2026-07-22T13:00:00+00:00,2026-07-29T13:00:00+00:00,2026-07-29T13:00:00+00:00,2026-07-31T13:00:00+00:00,26,-34.61571970680614,0.19557853541830067,9,-7.285450285203265,0.5226006234270261,-9.331136003958274,-0.2199740337561094,False
CD24_E2_P5,3,2026-07-24T13:00:00+00:00,2026-07-31T13:00:00+00:00,2026-07-31T13:00:00+00:00,2026-08-02T13:00:00+00:00,31,-12.89015462437817,0.7735527916144975,11,-2.434325104337154,0.9322461454656055,-13.02063818044209,-0.6540295119182746,False
CD24_E2_P5,4,2026-07-26T13:00:00+00:00,2026-08-02T13:00:00+00:00,2026-08-02T13:00:00+00:00,2026-08-04T13:00:00+00:00,36,-20.086958653713026,0.6325948028625421,13,16.7799799964077,1.7120124611349146,-10.129600000000028,-0.48568955068826175,True
CD24_E2_P5,5,2026-07-28T13:00:00+00:00,2026-08-04T13:00:00+00:00,2026-08-04T13:00:00+00:00,2026-08-06T13:00:00+00:00,39,-0.17943007346397088,1.0512615657978504,12,-9.00738702102526,0.7448529271574189,-23.432990212403215,-1.6915516420752006,False
CD24_E2_P5,6,2026-07-30T13:00:00+00:00,2026-08-06T13:00:00+00:00,2026-08-06T13:00:00+00:00,2026-08-08T13:00:00+00:00,40,20.410079434635577,1.3748141440326873,11,26.325313475854117,3.8327536603590433,-5.199999999999994,0.3496921723834758,True
CD24_E2_P5,7,2026-08-01T13:00:00+00:00,2026-08-08T13:00:00+00:00,2026-08-08T13:00:00+00:00,2026-08-10T13:00:00+00:00,39,70.70286934340618,2.2246836771387586,10,11.961972223998174,2.120199176380989,-10.447096683536516,1.030973672891622,True
CD24_E2_P5,8,2026-08-03T13:00:00+00:00,2026-08-10T13:00:00+00:00,2026-08-10T13:00:00+00:00,2026-08-12T13:00:00+00:00,39,-5.8313028061235395,0.9538793953337007,13,-19.0348456221894,0.4466321576620202,-26.776470100752235,-3.9023851904592344,False
CD24_E2_P5,9,2026-08-05T13:00:00+00:00,2026-08-12T13:00:00+00:00,2026-08-12T13:00:00+00:00,2026-08-14T13:00:00+00:00,46,-27.23706086764317,0.7483186475145494,11,7.9084841779323956,1.5198006693402974,-7.732590912371107,-0.19000999000997593,True
CD24_E2_P5,10,2026-08-07T13:00:00+00:00,2026-08-14T13:00:00+00:00,2026-08-14T13:00:00+00:00,2026-08-16T13:00:00+00:00,40,50.48044513912389,1.744450332847824,12,40.20070409986278,3.9147922377649746,-5.200000000000015,1.6792130992527743,True
CD24_E2_P5,11,2026-08-09T13:00:00+00:00,2026-08-16T13:00:00+00:00,2026-08-16T13:00:00+00:00,2026-08-18T13:00:00+00:00,42,-21.967693536259848,0.7482146153747566,12,-3.971858700303099,0.9376358814976629,-21.947711491915058,-2.2131164390959968,False
CD24_E2_P5,12,2026-08-11T13:00:00+00:00,2026-08-18T13:00:00+00:00,2026-08-18T13:00:00+00:00,2026-08-20T13:00:00+00:00,46,166.56173146700857,2.910030765394797,9,12.666475775139862,1.80122582172314,-5.295412951398227,0.40376056580990766,True
CD24_E2_P7,0,2026-07-18T13:00:00+00:00,2026-07-25T13:00:00+00:00,2026-07-25T13:00:00+00:00,2026-07-27T13:00:00+00:00,35,-37.80196830113649,0.4825600710939098,3,2.126332255250696,3.869357880812795,-0.7474452554744437,0.11847133757962885,True
CD24_E2_P7,1,2026-07-20T13:00:00+00:00,2026-07-27T13:00:00+00:00,2026-07-27T13:00:00+00:00,2026-07-29T13:00:00+00:00,31,-34.93124812125934,0.40749557754119226,15,-21.58054338989742,0.4202021365692756,-29.496131173283935,-2.8592455163883757,False
CD24_E2_P7,2,2026-07-22T13:00:00+00:00,2026-07-29T13:00:00+00:00,2026-07-29T13:00:00+00:00,2026-07-31T13:00:00+00:00,35,-44.27126433399818,0.25300674434081594,12,-12.48236468539602,0.37869829188395027,-14.41338389708423,-0.22297299202489446,False
CD24_E2_P7,3,2026-07-24T13:00:00+00:00,2026-07-31T13:00:00+00:00,2026-07-31T13:00:00+00:00,2026-08-02T13:00:00+00:00,41,-28.33574692503069,0.5779534671191335,14,8.459241618598522,1.4868272871665889,-11.381355138998018,-0.36706177290634057,True
CD24_E2_P7,4,2026-07-26T13:00:00+00:00,2026-08-02T13:00:00+00:00,2026-08-02T13:00:00+00:00,2026-08-04T13:00:00+00:00,50,-16.77361722800528,0.7821316100328856,17,23.70459806996712,1.794542998341762,-10.129600000000016,-0.1930003499825304,True
CD24_E2_P7,5,2026-07-28T13:00:00+00:00,2026-08-04T13:00:00+00:00,2026-08-04T13:00:00+00:00,2026-08-06T13:00:00+00:00,53,-17.46468249979749,0.7987582097946793,15,-10.746026242866657,0.7428900802049908,-21.173898014589334,-1.0951276574102329,False
CD24_E2_P7,6,2026-07-30T13:00:00+00:00,2026-08-06T13:00:00+00:00,2026-08-06T13:00:00+00:00,2026-08-08T13:00:00+00:00,54,46.90955481519612,1.6133769053604523,16,73.17487305919002,7.433057896518933,-5.199999999999994,1.9877554587847013,True
CD24_E2_P7,7,2026-08-01T13:00:00+00:00,2026-08-08T13:00:00+00:00,2026-08-08T13:00:00+00:00,2026-08-10T13:00:00+00:00,58,86.22725817948111,1.9154134227797854,14,34.38414287542484,3.772956175613704,-10.843609916277341,1.3769944341372908,True
CD24_E2_P7,8,2026-08-03T13:00:00+00:00,2026-08-10T13:00:00+00:00,2026-08-10T13:00:00+00:00,2026-08-12T13:00:00+00:00,53,12.130041355128318,1.21906279899351,17,-3.7246360108040166,0.9561769179149084,-27.066880678636608,-0.8039689387402846,False
CD24_E2_P7,9,2026-08-05T13:00:00+00:00,2026-08-12T13:00:00+00:00,2026-08-12T13:00:00+00:00,2026-08-14T13:00:00+00:00,61,-30.45352886737077,0.7798081591436276,15,18.086415232221565,2.018493607100644,-7.732590912371107,-0.18901054987214821,True
CD24_E2_P7,10,2026-08-07T13:00:00+00:00,2026-08-14T13:00:00+00:00,2026-08-14T13:00:00+00:00,2026-08-16T13:00:00+00:00,56,108.2964864897682,2.0757936113553432,16,35.60983199278554,2.897866708057956,-5.200000000000015,0.18059640858347786,True
CD24_E2_P7,11,2026-08-09T13:00:00+00:00,2026-08-16T13:00:00+00:00,2026-08-16T13:00:00+00:00,2026-08-18T13:00:00+00:00,58,31.45200884093451,1.3601896886007732,17,20.52670589106387,1.6089522668279341,-14.802860800000007,-0.9461118116855791,True
CD24_E2_P7,12,2026-08-11T13:00:00+00:00,2026-08-18T13:00:00+00:00,2026-08-18T13:00:00+00:00,2026-08-20T13:00:00+00:00,57,63.53479707668017,1.6986280726095397,12,36.39158921654673,2.970176916901897,-10.129599999999995,0.7230301770569161,True
CD24_E2_P10,0,2026-07-18T13:00:00+00:00,2026-07-25T13:00:00+00:00,2026-07-25T13:00:00+00:00,2026-07-27T13:00:00+00:00,42,-38.325633404047146,0.558982868486076,3,2.126332255250696,3.869357880812795,-0.7474452554744437,0.11847133757962885,True
CD24_E2_P10,1,2026-07-20T13:00:00+00:00,2026-07-27T13:00:00+00:00,2026-07-27T13:00:00+00:00,2026-07-29T13:00:00+00:00,38,-32.543119168326015,0.5610054153585037,18,-25.747252890180427,0.32505496619511126,-31.272367680613833,-1.1954751131221797,False
CD24_E2_P10,2,2026-07-22T13:00:00+00:00,2026-07-29T13:00:00+00:00,2026-07-29T13:00:00+00:00,2026-07-31T13:00:00+00:00,43,-52.50886240119483,0.18812533620012878,16,-3.553446907577784,0.8904877225000501,-15.590482123736415,-0.21997802497076818,False
CD24_E2_P10,3,2026-07-24T13:00:00+00:00,2026-07-31T13:00:00+00:00,2026-07-31T13:00:00+00:00,2026-08-02T13:00:00+00:00,52,-44.09520427534726,0.3753921432422707,20,12.449971220901901,1.5089613072896662,-16.59498874935059,-0.36706177290634057,True
CD24_E2_P10,4,2026-07-26T13:00:00+00:00,2026-08-02T13:00:00+00:00,2026-08-02T13:00:00+00:00,2026-08-04T13:00:00+00:00,70,-41.37620939882986,0.5808202201917981,22,24.52380804766041,1.7957889675465781,-10.129600000000016,0.17222462634858288,True
CD24_E2_P10,5,2026-07-28T13:00:00+00:00,2026-08-04T13:00:00+00:00,2026-08-04T13:00:00+00:00,2026-08-06T13:00:00+00:00,74,-20.244604619300834,0.8441282759832003,21,26.669155598995008,1.8976086069152434,-17.292724173266027,1.8168967158495921,True
CD24_E2_P10,6,2026-07-30T13:00:00+00:00,2026-08-06T13:00:00+00:00,2026-08-06T13:00:00+00:00,2026-08-08T13:00:00+00:00,82,38.96918877737334,1.3526728612765522,23,48.642803106861464,3.528610728210044,-5.200000000000005,-0.10843104927380481,True
CD24_E2_P10,7,2026-08-01T13:00:00+00:00,2026-08-08T13:00:00+00:00,2026-08-08T13:00:00+00:00,2026-08-10T13:00:00+00:00,81,126.28503163186107,1.9461450895130805,20,25.945251479405783,2.2401108235496117,-17.578811749827416,-0.08479262672811388,True
CD24_E2_P10,8,2026-08-03T13:00:00+00:00,2026-08-10T13:00:00+00:00,2026-08-10T13:00:00+00:00,2026-08-12T13:00:00+00:00,80,227.09474978634873,2.588551593025128,24,-9.818584519275209,0.7928981059901451,-24.10517215654926,-0.45562880535918704,False
CD24_E2_P10,9,2026-08-05T13:00:00+00:00,2026-08-12T13:00:00+00:00,2026-08-12T13:00:00+00:00,2026-08-14T13:00:00+00:00,85,15.384046625603688,1.1716751198248982,20,35.86193265438524,2.676415226670125,-7.732590912371107,0.9872936203936147,True
CD24_E2_P10,10,2026-08-07T13:00:00+00:00,2026-08-14T13:00:00+00:00,2026-08-14T13:00:00+00:00,2026-08-16T13:00:00+00:00,78,90.93982915086511,1.7849907274398087,20,53.0122203893161,4.529660533705828,-5.200000000000015,0.18059640858347786,True
CD24_E2_P10,11,2026-08-09T13:00:00+00:00,2026-08-16T13:00:00+00:00,2026-08-16T13:00:00+00:00,2026-08-18T13:00:00+00:00,75,131.10405918571897,2.1074298690342483,27,-23.960379318279035,0.6907006682480789,-40.00162901443953,-3.55463258785943,False
CD24_E2_P10,12,2026-08-11T13:00:00+00:00,2026-08-18T13:00:00+00:00,2026-08-18T13:00:00+00:00,2026-08-20T13:00:00+00:00,82,216.99528092154083,2.3688069487748993,18,44.05032005429934,2.487391284362986,-14.802860800000007,0.4081788161232393,True
CD24_E2_P15,0,2026-07-18T13:00:00+00:00,2026-07-25T13:00:00+00:00,2026-07-25T13:00:00+00:00,2026-07-27T13:00:00+00:00,42,-38.517318938019606,0.5572547613129782,5,6.303707749819454,2.1340479221836337,-5.908578102189788,0.11847133757962885,True
CD24_E2_P15,1,2026-07-20T13:00:00+00:00,2026-07-27T13:00:00+00:00,2026-07-27T13:00:00+00:00,2026-07-29T13:00:00+00:00,41,-34.23240720515298,0.5792603255760501,25,-40.327393544059966,0.23929245971300556,-42.67232477160236,-2.8592455163883757,False
CD24_E2_P15,2,2026-07-22T13:00:00+00:00,2026-07-29T13:00:00+00:00,2026-07-29T13:00:00+00:00,2026-07-31T13:00:00+00:00,56,-54.97772995187562,0.3074925806051583,21,-8.04327217644193,0.7656576852108328,-18.403558725263068,-0.21998201618542695,False
CD24_E2_P15,3,2026-07-24T13:00:00+00:00,2026-07-31T13:00:00+00:00,2026-07-31T13:00:00+00:00,2026-08-02T13:00:00+00:00,72,-55.01290755356373,0.43290179776737664,27,4.586154383654639,1.186466560423839,-25.124957736343767,-0.2299760191846521,True
CD24_E2_P15,4,2026-07-26T13:00:00+00:00,2026-08-02T13:00:00+00:00,2026-08-02T13:00:00+00:00,2026-08-04T13:00:00+00:00,98,-44.03120628878807,0.6580201926731373,27,50.90981838284816,2.8670780117119756,-10.129600000000005,0.37954216169227023,True
CD24_E2_P15,5,2026-07-28T13:00:00+00:00,2026-08-04T13:00:00+00:00,2026-08-04T13:00:00+00:00,2026-08-06T13:00:00+00:00,105,-15.82989592729639,0.9405826922627298,33,90.95146736751765,3.2197446322639656,-14.802860800000007,1.8168967158495921,True
CD24_E2_P15,6,2026-07-30T13:00:00+00:00,2026-08-06T13:00:00+00:00,2026-08-06T13:00:00+00:00,2026-08-08T13:00:00+00:00,116,61.332100660809765,1.3526801890846725,32,59.01333604461052,3.1199938344995934,-6.085482236747975,0.3617831047780686,True
CD24_E2_P15,7,2026-08-01T13:00:00+00:00,2026-08-08T13:00:00+00:00,2026-08-08T13:00:00+00:00,2026-08-10T13:00:00+00:00,119,43.41762075480069,1.284110218237419,30,25.475955673467322,1.7984392644226073,-17.211024497887315,-0.02115018145908404,True
CD24_E2_P15,8,2026-08-03T13:00:00+00:00,2026-08-10T13:00:00+00:00,2026-08-10T13:00:00+00:00,2026-08-12T13:00:00+00:00,112,258.7663653202686,2.359431458268195,30,-21.25452263139679,0.666193345298427,-35.974887145081325,-0.8150625965937073,False
CD24_E2_P15,9,2026-08-05T13:00:00+00:00,2026-08-12T13:00:00+00:00,2026-08-12T13:00:00+00:00,2026-08-14T13:00:00+00:00,122,99.75553684001433,1.4724262578095524,26,39.53187033003065,2.1636045678623312,-12.53049618492781,0.9872936203936147,True
CD24_E2_P15,10,2026-08-07T13:00:00+00:00,2026-08-14T13:00:00+00:00,2026-08-14T13:00:00+00:00,2026-08-16T13:00:00+00:00,111,116.66751247821195,1.7156370350189456,30,46.104476631674274,2.3235888437452172,-14.80286080000004,-0.15622993872190777,True
CD24_E2_P15,11,2026-08-09T13:00:00+00:00,2026-08-16T13:00:00+00:00,2026-08-16T13:00:00+00:00,2026-08-18T13:00:00+00:00,111,32.241395347898184,1.2501133077322761,34,-19.287555190260598,0.805821453099977,-37.547455647646174,-1.5674707664163843,False
CD24_E2_P15,12,2026-08-11T13:00:00+00:00,2026-08-18T13:00:00+00:00,2026-08-18T13:00:00+00:00,2026-08-20T13:00:00+00:00,120,112.9127493913293,1.5389660911885483,25,67.20215801716148,2.722264996721337,-19.233112038400012,0.7493670886076,True
COST_0.15,0,2026-07-18T13:00:00+00:00,2026-07-25T13:00:00+00:00,2026-07-25T13:00:00+00:00,2026-07-27T13:00:00+00:00,43,-43.81423426442843,0.5063755508833202,3,1.8223632551881197,3.1767635400105894,-0.8474452554744438,0.018471337579628877,True
COST_0.15,1,2026-07-20T13:00:00+00:00,2026-07-27T13:00:00+00:00,2026-07-27T13:00:00+00:00,2026-07-29T13:00:00+00:00,39,-38.29372423510523,0.49969493571570844,18,-27.09533853037084,0.30689564661753826,-32.18656490567412,-1.2954751131221793,False
COST_0.15,2,2026-07-22T13:00:00+00:00,2026-07-29T13:00:00+00:00,2026-07-29T13:00:00+00:00,2026-07-31T13:00:00+00:00,43,-53.13077741354011,0.17537428581979528,16,-5.089572569035528,0.8275227688746808,-16.02623448567072,-0.31997802497076816,False
COST_0.15,3,2026-07-24T13:00:00+00:00,2026-07-31T13:00:00+00:00,2026-07-31T13:00:00+00:00,2026-08-02T13:00:00+00:00,51,-50.80986928983944,0.27224686356814004,20,10.23257199376788,1.416148056714522,-17.548365652601316,-0.46706177290634066,True
COST_0.15,4,2026-07-26T13:00:00+00:00,2026-08-02T13:00:00+00:00,2026-08-02T13:00:00+00:00,2026-08-04T13:00:00+00:00,68,-28.250128808635278,0.7309884240187917,22,41.13415576910873,2.388050281815262,-10.319100000000025,0.318583246896276,True
COST_0.15,5,2026-07-28T13:00:00+00:00,2026-08-04T13:00:00+00:00,2026-08-04T13:00:00+00:00,2026-08-06T13:00:00+00:00,76,28.667283142134604,1.3191851083525343,21,24.062041926088163,1.8001897331739563,-17.885921206003484,1.716896715849592,True
COST_0.15,6,2026-07-30T13:00:00+00:00,2026-08-06T13:00:00+00:00,2026-08-06T13:00:00+00:00,2026-08-08T13:00:00+00:00,80,52.96107377398111,1.4222803610217183,23,45.31528922338737,3.231215243694561,-5.300000000000004,-0.2084310492738048,True
COST_0.15,7,2026-08-01T13:00:00+00:00,2026-08-08T13:00:00+00:00,2026-08-08T13:00:00+00:00,2026-08-10T13:00:00+00:00,81,171.5308689526015,2.0764510413018895,20,23.47635372460257,2.0833851045710023,-18.553707480444494,-0.18479262672811386,True
COST_0.15,8,2026-08-03T13:00:00+00:00,2026-08-10T13:00:00+00:00,2026-08-10T13:00:00+00:00,2026-08-12T13:00:00+00:00,81,240.51917089312323,2.5829593899451546,24,-11.969095822997977,0.7427349420971903,-24.882015714421502,-0.5556288053591871,False
COST_0.15,9,2026-08-05T13:00:00+00:00,2026-08-12T13:00:00+00:00,2026-08-12T13:00:00+00:00,2026-08-14T13:00:00+00:00,81,5.401904793695378,1.1047026001499822,20,33.20851156447069,2.504686768823461,-8.016677668568907,0.8872936203936146,True
COST_0.15,10,2026-08-07T13:00:00+00:00,2026-08-14T13:00:00+00:00,2026-08-14T13:00:00+00:00,2026-08-16T13:00:00+00:00,77,130.27643323349972,2.0316894454199543,23,70.99118161776794,3.997712645985105,-5.300000000000016,0.3736526946107713,True
COST_0.15,11,2026-08-09T13:00:00+00:00,2026-08-16T13:00:00+00:00,2026-08-16T13:00:00+00:00,2026-08-18T13:00:00+00:00,79,66.09885110664942,1.5002410576480458,27,-26.01032514412417,0.6640415387367464,-40.97637223334834,-3.6546325878594295,False
COST_0.15,12,2026-08-11T13:00:00+00:00,2026-08-18T13:00:00+00:00,2026-08-18T13:00:00+00:00,2026-08-20T13:00:00+00:00,82,256.3343032624188,2.56497387673615,18,41.52619286577395,2.3795905249631186,-15.072187700000017,0.30817881612323933,True
COST_0.20,0,2026-07-18T13:00:00+00:00,2026-07-25T13:00:00+00:00,2026-07-25T13:00:00+00:00,2026-07-27T13:00:00+00:00,43,-46.213547439684554,0.4811871712871978,3,1.5189979445013657,2.501192505862555,-0.9474452554744439,-0.08152866242037116,True
COST_0.20,1,2026-07-20T13:00:00+00:00,2026-07-27T13:00:00+00:00,2026-07-27T13:00:00+00:00,2026-07-29T13:00:00+00:00,39,-40.68572267943448,0.47151870960882414,18,-28.42028733701003,0.28995043681637284,-33.08952612168974,-1.3954751131221794,False
COST_0.20,2,2026-07-22T13:00:00+00:00,2026-07-29T13:00:00+00:00,2026-07-29T13:00:00+00:00,2026-07-31T13:00:00+00:00,43,-55.13947656455191,0.15822037931219204,16,-6.602740324315892,0.7696620394667277,-16.46018549278573,-0.4199780249707682,False
COST_0.20,3,2026-07-24T13:00:00+00:00,2026-07-31T13:00:00+00:00,2026-07-31T13:00:00+00:00,2026-08-02T13:00:00+00:00,51,-53.291312350482876,0.2497962523534141,20,8.056747590514535,1.3318203544546625,-18.87429389386135,-0.5670617729063406,True
COST_0.20,4,2026-07-26T13:00:00+00:00,2026-08-02T13:00:00+00:00,2026-08-02T13:00:00+00:00,2026-08-04T13:00:00+00:00,68,-32.99467471098294,0.6804618001952358,22,38.10472995045502,2.2610638851862315,-10.508400000000028,0.21858324689627595,True
COST_0.20,5,2026-07-28T13:00:00+00:00,2026-08-04T13:00:00+00:00,2026-08-04T13:00:00+00:00,2026-08-06T13:00:00+00:00,76,19.268883247759682,1.232460396255177,21,21.506077829846436,1.7084736287485014,-18.47546805958984,1.6168967158495922,True
COST_0.20,6,2026-07-30T13:00:00+00:00,2026-08-06T13:00:00+00:00,2026-08-06T13:00:00+00:00,2026-08-08T13:00:00+00:00,80,41.2424207827254,1.3440016806285782,23,42.05908974307921,2.97111690214439,-5.400000000000005,-0.3084310492738048,True
COST_0.20,7,2026-08-01T13:00:00+00:00,2026-08-08T13:00:00+00:00,2026-08-08T13:00:00+00:00,2026-08-10T13:00:00+00:00,81,150.61959457009334,1.9579969338093852,20,21.053474885046764,1.940414710394489,-19.54254293201082,-0.2847926267281139,True
COST_0.20,8,2026-08-03T13:00:00+00:00,2026-08-10T13:00:00+00:00,2026-08-10T13:00:00+00:00,2026-08-12T13:00:00+00:00,81,214.36774550601672,2.4203792561701354,24,-14.070416083197813,0.6960592850263889,-25.651696034554426,-0.6556288053591871,False
COST_0.20,9,2026-08-05T13:00:00+00:00,2026-08-12T13:00:00+00:00,2026-08-12T13:00:00+00:00,2026-08-14T13:00:00+00:00,81,-2.8068363926210593,1.0455881762439154,20,30.604365024443993,2.3474487346439012,-8.300180803931223,0.7872936203936147,True
COST_0.20,10,2026-08-07T13:00:00+00:00,2026-08-14T13:00:00+00:00,2026-08-14T13:00:00+00:00,2026-08-16T13:00:00+00:00,77,113.3630299560918,1.8997932548108687,23,67.18554023842289,3.7200061899905252,-5.400000000000016,0.27365269461077124,True
COST_0.20,11,2026-08-09T13:00:00+00:00,2026-08-16T13:00:00+00:00,2026-08-16T13:00:00+00:00,2026-08-18T13:00:00+00:00,79,53.53988431139997,1.4191435091192641,27,-28.007005774338335,0.6388585709997084,-42.19472952480078,-3.7546325878594295,False
COST_0.20,12,2026-08-11T13:00:00+00:00,2026-08-18T13:00:00+00:00,2026-08-18T13:00:00+00:00,2026-08-20T13:00:00+00:00,82,228.6514776251324,2.410842656664991,18,39.04387006902936,2.2778341990245328,-15.34094639999999,0.2081788161232393,True
COST_0.30,0,2026-07-18T13:00:00+00:00,2026-07-25T13:00:00+00:00,2026-07-25T13:00:00+00:00,2026-07-27T13:00:00+00:00,43,-50.715745789342435,0.43527636007051373,3,0.9140759912555252,1.661095295331531,-1.147445255474444,-0.2815286624203711,True
COST_0.30,1,2026-07-20T13:00:00+00:00,2026-07-27T13:00:00+00:00,2026-07-27T13:00:00+00:00,2026-07-29T13:00:00+00:00,39,-45.20175182161162,0.41985074812596634,18,-31.002265101586936,0.2592458256489299,-34.86224607902157,-1.5954751131221796,False
COST_0.30,2,2026-07-22T13:00:00+00:00,2026-07-29T13:00:00+00:00,2026-07-29T13:00:00+00:00,2026-07-31T13:00:00+00:00,43,-58.9078152572172,0.12940099789149492,16,-9.561480077945383,0.6686220887185086,-17.82487422944343,-0.6199780249707681,False
COST_0.30,3,2026-07-24T13:00:00+00:00,2026-07-31T13:00:00+00:00,2026-07-31T13:00:00+00:00,2026-08-02T13:00:00+00:00,51,-57.89163110120115,0.21160601368129883,20,3.8268792010821118,1.1843567152771066,-21.466406697837858,-0.7670617729063406,True
COST_0.30,4,2026-07-26T13:00:00+00:00,2026-08-02T13:00:00+00:00,2026-08-02T13:00:00+00:00,2026-08-04T13:00:00+00:00,68,-41.57539842470304,0.5928577422278378,22,32.23103408174956,2.031576465675732,-10.886400000000018,0.018583246896275996,True
COST_0.30,5,2026-07-28T13:00:00+00:00,2026-08-04T13:00:00+00:00,2026-08-04T13:00:00+00:00,2026-08-06T13:00:00+00:00,76,2.4580871235324153,1.079213527424387,21,16.5437985254421,1.5402575017184232,-19.643686092583224,1.416896715849592,True
COST_0.30,6,2026-07-30T13:00:00+00:00,2026-08-06T13:00:00+00:00,2026-08-06T13:00:00+00:00,2026-08-08T13:00:00+00:00,80,20.40090244334778,1.2035626314679944,23,35.75482161682901,2.53429001331539,-5.600000000000005,-0.5084310492738048,True
COST_0.30,7,2026-08-01T13:00:00+00:00,2026-08-08T13:00:00+00:00,2026-08-08T13:00:00+00:00,2026-08-10T13:00:00+00:00,81,113.45333243700449,1.746885586659661,20,16.342534143322673,1.692950127522822,-21.487278180422898,-0.48479262672811385,True
COST_0.30,8,2026-08-03T13:00:00+00:00,2026-08-10T13:00:00+00:00,2026-08-10T13:00:00+00:00,2026-08-12T13:00:00+00:00,81,167.8722432479542,2.131769785627121,24,-18.129770050971096,0.6118102805275107,-27.23503013540416,-0.8556288053591872,False
COST_0.30,9,2026-08-05T13:00:00+00:00,2026-08-12T13:00:00+00:00,2026-08-12T13:00:00+00:00,2026-08-14T13:00:00+00:00,81,-17.376406231156583,0.9389242933913626,20,25.54043945009534,2.06967859610226,-8.865438612149434,0.5872936203936145,True
COST_0.30,10,2026-08-07T13:00:00+00:00,2026-08-14T13:00:00+00:00,2026-08-14T13:00:00+00:00,2026-08-16T13:00:00+00:00,77,83.1300837962276,1.6694966733340433,23,59.81586833854935,3.2465781138488863,-5.652474811954777,0.07365269461077129,True
COST_0.30,11,2026-08-09T13:00:00+00:00,2026-08-16T13:00:00+00:00,2026-08-16T13:00:00+00:00,2026-08-18T13:00:00+00:00,79,31.16803856188357,1.2727668127022316,27,-31.84586739762273,0.5922972634586884,-44.85981300087843,-3.9546325878594297,False
COST_0.30,12,2026-08-11T13:00:00+00:00,2026-08-18T13:00:00+00:00,2026-08-18T13:00:00+00:00,2026-08-20T13:00:00+00:00,82,179.50345358891454,2.1362607245408243,18,34.20203863511488,2.090529328765787,-15.87676160000001,0.00817881612323934,True
ROBUST_72_SL5_TP10_CD6_P7,0,2026-07-18T13:00:00+00:00,2026-07-25T13:00:00+00:00,2026-07-25T13:00:00+00:00,2026-07-27T13:00:00+00:00,49,-49.274498966514024,0.49901876021578584,4,4.278433162951822,inf,0.0,0.6698176663097468,True
ROBUST_72_SL5_TP10_CD6_P7,1,2026-07-20T13:00:00+00:00,2026-07-27T13:00:00+00:00,2026-07-27T13:00:00+00:00,2026-07-29T13:00:00+00:00,43,-59.08895914404578,0.25245697010849044,16,-21.760872904199037,0.417757504696335,-29.496131173283935,-1.5446002918936386,False
ROBUST_72_SL5_TP10_CD6_P7,2,2026-07-22T13:00:00+00:00,2026-07-29T13:00:00+00:00,2026-07-29T13:00:00+00:00,2026-07-31T13:00:00+00:00,42,-45.13839826399633,0.38454679124355357,12,-12.48236468539602,0.37869829188395027,-14.41338389708423,-0.22297299202489446,False
ROBUST_72_SL5_TP10_CD6_P7,3,2026-07-24T13:00:00+00:00,2026-07-31T13:00:00+00:00,2026-07-31T13:00:00+00:00,2026-08-02T13:00:00+00:00,44,-40.004150788702205,0.4775825962410377,16,8.153625162132073,1.4439934820854743,-12.84801697994128,-0.41489307243180984,True
ROBUST_72_SL5_TP10_CD6_P7,4,2026-07-26T13:00:00+00:00,2026-08-02T13:00:00+00:00,2026-08-02T13:00:00+00:00,2026-08-04T13:00:00+00:00,51,-32.74996023810783,0.5455158383818578,17,43.278110422810045,2.5458124952417482,-10.129600000000016,0.4805555555555509,True
ROBUST_72_SL5_TP10_CD6_P7,5,2026-07-28T13:00:00+00:00,2026-08-04T13:00:00+00:00,2026-08-04T13:00:00+00:00,2026-08-06T13:00:00+00:00,57,5.238094986732689,1.1304904258522461,15,-10.746026242866657,0.7428900802049908,-21.173898014589334,-1.0951276574102329,False
ROBUST_72_SL5_TP10_CD6_P7,6,2026-07-30T13:00:00+00:00,2026-08-06T13:00:00+00:00,2026-08-06T13:00:00+00:00,2026-08-08T13:00:00+00:00,55,42.872898772524,1.5193384079462073,16,73.17487305919002,7.433057896518933,-5.199999999999994,1.9877554587847013,True
ROBUST_72_SL5_TP10_CD6_P7,7,2026-08-01T13:00:00+00:00,2026-08-08T13:00:00+00:00,2026-08-08T13:00:00+00:00,2026-08-10T13:00:00+00:00,60,78.41029518961209,1.7164964877106172,14,34.38414287542484,3.772956175613704,-10.843609916277341,1.3769944341372908,True
ROBUST_72_SL5_TP10_CD6_P7,8,2026-08-03T13:00:00+00:00,2026-08-10T13:00:00+00:00,2026-08-10T13:00:00+00:00,2026-08-12T13:00:00+00:00,53,16.61252810640752,1.273913686775345,17,-3.7246360108040166,0.9561769179149084,-27.066880678636608,-0.8039689387402846,False
ROBUST_72_SL5_TP10_CD6_P7,9,2026-08-05T13:00:00+00:00,2026-08-12T13:00:00+00:00,2026-08-12T13:00:00+00:00,2026-08-14T13:00:00+00:00,58,-30.132532101209808,0.7876166540022348,15,18.086415232221565,2.018493607100644,-7.732590912371107,-0.18901054987214821,True
ROBUST_72_SL5_TP10_CD6_P7,10,2026-08-07T13:00:00+00:00,2026-08-14T13:00:00+00:00,2026-08-14T13:00:00+00:00,2026-08-16T13:00:00+00:00,53,97.9187534412272,2.1715023242461275,15,43.04834598395097,4.141903640084739,-5.200000000000015,0.47365269461077125,True
ROBUST_72_SL5_TP10_CD6_P7,11,2026-08-09T13:00:00+00:00,2026-08-16T13:00:00+00:00,2026-08-16T13:00:00+00:00,2026-08-18T13:00:00+00:00,56,25.98373931491922,1.3425451094411502,17,20.52670589106387,1.6089522668279341,-14.802860800000007,-0.9461118116855791,True
ROBUST_72_SL5_TP10_CD6_P7,12,2026-08-11T13:00:00+00:00,2026-08-18T13:00:00+00:00,2026-08-18T13:00:00+00:00,2026-08-20T13:00:00+00:00,61,132.68665936165002,2.131786442819421,12,36.39158921654673,2.970176916901897,-10.129599999999995,0.7230301770569161,True
ROBUST_78_SL5_TP10_CD6_P7,0,2026-07-18T13:00:00+00:00,2026-07-25T13:00:00+00:00,2026-07-25T13:00:00+00:00,2026-07-27T13:00:00+00:00,0,0.0,0.0,0,0.0,0.0,0.0,0.0,False
ROBUST_78_SL5_TP10_CD6_P7,1,2026-07-20T13:00:00+00:00,2026-07-27T13:00:00+00:00,2026-07-27T13:00:00+00:00,2026-07-29T13:00:00+00:00,0,0.0,0.0,16,-24.0719962147417,0.3431413841450438,-29.58092798564367,-1.5796577827113523,False
ROBUST_78_SL5_TP10_CD6_P7,2,2026-07-22T13:00:00+00:00,2026-07-29T13:00:00+00:00,2026-07-29T13:00:00+00:00,2026-07-31T13:00:00+00:00,16,-12.860278003125147,0.280901778418146,11,3.3190347228317263,1.2817641152524009,-9.131248345520104,-0.2199740337561094,True
ROBUST_78_SL5_TP10_CD6_P7,3,2026-07-24T13:00:00+00:00,2026-07-31T13:00:00+00:00,2026-07-31T13:00:00+00:00,2026-08-02T13:00:00+00:00,31,-30.199783596981167,0.3628715020941831,13,9.426843098001658,1.554536775128177,-10.594342068498964,-0.21299909006369228,True
ROBUST_78_SL5_TP10_CD6_P7,4,2026-07-26T13:00:00+00:00,2026-08-02T13:00:00+00:00,2026-08-02T13:00:00+00:00,2026-08-04T13:00:00+00:00,49,-15.271958665063135,0.8236617572898134,16,27.004868121431613,2.023512646597782,-10.129600000000028,-0.3393449503353961,True
ROBUST_78_SL5_TP10_CD6_P7,5,2026-07-28T13:00:00+00:00,2026-08-04T13:00:00+00:00,2026-08-04T13:00:00+00:00,2026-08-06T13:00:00+00:00,58,6.272452581550159,1.1303464372471512,15,-10.746026242866657,0.7428900802049908,-21.173898014589334,-1.0951276574102329,False
ROBUST_78_SL5_TP10_CD6_P7,6,2026-07-30T13:00:00+00:00,2026-08-06T13:00:00+00:00,2026-08-06T13:00:00+00:00,2026-08-08T13:00:00+00:00,55,-22.775263119323697,0.7932380355766888,16,73.17487305919002,7.433057896518933,-5.199999999999994,1.9877554587847013,True
ROBUST_78_SL5_TP10_CD6_P7,7,2026-08-01T13:00:00+00:00,2026-08-08T13:00:00+00:00,2026-08-08T13:00:00+00:00,2026-08-10T13:00:00+00:00,59,69.14580891533846,1.6545954971988692,14,34.38414287542484,3.772956175613704,-10.843609916277341,1.3769944341372908,True
ROBUST_78_SL5_TP10_CD6_P7,8,2026-08-03T13:00:00+00:00,2026-08-10T13:00:00+00:00,2026-08-10T13:00:00+00:00,2026-08-12T13:00:00+00:00,53,16.61252810640752,1.273913686775345,17,-3.7246360108040166,0.9561769179149084,-27.066880678636608,-0.8039689387402846,False
ROBUST_78_SL5_TP10_CD6_P7,9,2026-08-05T13:00:00+00:00,2026-08-12T13:00:00+00:00,2026-08-12T13:00:00+00:00,2026-08-14T13:00:00+00:00,58,-30.132532101209808,0.7876166540022348,15,18.086415232221565,2.018493607100644,-7.732590912371107,-0.18901054987214821,True
ROBUST_78_SL5_TP10_CD6_P7,10,2026-08-07T13:00:00+00:00,2026-08-14T13:00:00+00:00,2026-08-14T13:00:00+00:00,2026-08-16T13:00:00+00:00,54,125.78501930007602,2.3815951890854996,15,43.04834598395097,4.141903640084739,-5.200000000000015,0.47365269461077125,True
ROBUST_78_SL5_TP10_CD6_P7,11,2026-08-09T13:00:00+00:00,2026-08-16T13:00:00+00:00,2026-08-16T13:00:00+00:00,2026-08-18T13:00:00+00:00,56,25.98373931491922,1.3425451094411502,17,20.52670589106387,1.6089522668279341,-14.802860800000007,-0.9461118116855791,True
ROBUST_78_SL5_TP10_CD6_P7,12,2026-08-11T13:00:00+00:00,2026-08-18T13:00:00+00:00,2026-08-18T13:00:00+00:00,2026-08-20T13:00:00+00:00,61,132.68665936165002,2.131786442819421,12,36.39158921654673,2.970176916901897,-10.129599999999995,0.7230301770569161,True
ROBUST_78_SL5_TP12_CD6_P7,0,2026-07-18T13:00:00+00:00,2026-07-25T13:00:00+00:00,2026-07-25T13:00:00+00:00,2026-07-27T13:00:00+00:00,0,0.0,0.0,0,0.0,0.0,0.0,0.0,False
ROBUST_78_SL5_TP12_CD6_P7,1,2026-07-20T13:00:00+00:00,2026-07-27T13:00:00+00:00,2026-07-27T13:00:00+00:00,2026-07-29T13:00:00+00:00,0,0.0,0.0,16,-22.681235927931077,0.3936643600563242,-25.35789194712542,-1.5796577827113523,False
ROBUST_78_SL5_TP12_CD6_P7,2,2026-07-22T13:00:00+00:00,2026-07-29T13:00:00+00:00,2026-07-29T13:00:00+00:00,2026-07-31T13:00:00+00:00,16,-12.860278003125147,0.280901778418146,11,-2.6264971502404033,0.9315159724355918,-14.006896138607406,-0.21998201618542695,False
ROBUST_78_SL5_TP12_CD6_P7,3,2026-07-24T13:00:00+00:00,2026-07-31T13:00:00+00:00,2026-07-31T13:00:00+00:00,2026-08-02T13:00:00+00:00,31,-26.558878257213326,0.4293588731100962,12,10.496196049838025,1.674145019031138,-11.199551502229133,-0.1456934296739541,True
ROBUST_78_SL5_TP12_CD6_P7,4,2026-07-26T13:00:00+00:00,2026-08-02T13:00:00+00:00,2026-08-02T13:00:00+00:00,2026-08-04T13:00:00+00:00,50,-17.334827142659858,0.8354243173775101,17,11.15425585339349,1.3802555640553391,-16.733776814242052,-0.8872852233677062,True
ROBUST_78_SL5_TP12_CD6_P7,5,2026-07-28T13:00:00+00:00,2026-08-04T13:00:00+00:00,2026-08-04T13:00:00+00:00,2026-08-06T13:00:00+00:00,56,46.07999624051207,1.5413370670007487,15,-9.120270801024521,0.7962303439926974,-20.117612566497044,-1.0951276574102329,False
ROBUST_78_SL5_TP12_CD6_P7,6,2026-07-30T13:00:00+00:00,2026-08-06T13:00:00+00:00,2026-08-06T13:00:00+00:00,2026-08-08T13:00:00+00:00,59,18.67900597321912,1.2421245155265594,15,49.31596174422634,4.392291528600036,-5.200000000000005,1.3426497277676976,True
ROBUST_78_SL5_TP12_CD6_P7,7,2026-08-01T13:00:00+00:00,2026-08-08T13:00:00+00:00,2026-08-08T13:00:00+00:00,2026-08-10T13:00:00+00:00,60,105.60485666676041,1.8562010081231004,14,38.00729257620568,3.470736481220772,-13.266255616728328,1.3553662656106025,True
ROBUST_78_SL5_TP12_CD6_P7,8,2026-08-03T13:00:00+00:00,2026-08-10T13:00:00+00:00,2026-08-10T13:00:00+00:00,2026-08-12T13:00:00+00:00,53,22.477986174830676,1.3391010690764222,17,-0.18539416024514477,1.0672464749313695,-27.066880678636608,-0.8039689387402846,False
ROBUST_78_SL5_TP12_CD6_P7,9,2026-08-05T13:00:00+00:00,2026-08-12T13:00:00+00:00,2026-08-12T13:00:00+00:00,2026-08-14T13:00:00+00:00,61,-43.06768785985457,0.6896089581462677,15,20.56228034838479,2.1465040736664553,-7.732590912371107,-0.18901054987214821,True
ROBUST_78_SL5_TP12_CD6_P7,10,2026-08-07T13:00:00+00:00,2026-08-14T13:00:00+00:00,2026-08-14T13:00:00+00:00,2026-08-16T13:00:00+00:00,53,103.2680117241942,2.167736224667763,15,53.75905257786662,4.802356022876192,-5.200000000000015,0.47365269461077125,True
ROBUST_78_SL5_TP12_CD6_P7,11,2026-08-09T13:00:00+00:00,2026-08-16T13:00:00+00:00,2026-08-16T13:00:00+00:00,2026-08-18T13:00:00+00:00,55,47.520673087112364,1.5474497997520227,17,30.60532091324093,1.9649210015627965,-10.129599999999995,-0.5006614552014452,True
ROBUST_78_SL5_TP12_CD6_P7,12,2026-08-11T13:00:00+00:00,2026-08-18T13:00:00+00:00,2026-08-18T13:00:00+00:00,2026-08-20T13:00:00+00:00,59,195.57288454015213,2.4829070864493006,12,49.274253129430654,3.554284562350484,-14.888608801073389,0.7230301770569161,True
ROBUST_78_SL4_TP12_CD6_P7,0,2026-07-18T13:00:00+00:00,2026-07-25T13:00:00+00:00,2026-07-25T13:00:00+00:00,2026-07-27T13:00:00+00:00,0,0.0,0.0,0,0.0,0.0,0.0,0.0,False
ROBUST_78_SL4_TP12_CD6_P7,1,2026-07-20T13:00:00+00:00,2026-07-27T13:00:00+00:00,2026-07-27T13:00:00+00:00,2026-07-29T13:00:00+00:00,0,0.0,0.0,16,-20.134429057115845,0.38206999464423347,-20.982044095519015,-1.8475155828990064,False
ROBUST_78_SL4_TP12_CD6_P7,2,2026-07-22T13:00:00+00:00,2026-07-29T13:00:00+00:00,2026-07-29T13:00:00+00:00,2026-07-31T13:00:00+00:00,18,-18.34654452153448,0.2086466622809114,15,-16.40415643252917,0.4891981526765607,-25.22733133499926,-1.6285714285714346,False
ROBUST_78_SL4_TP12_CD6_P7,3,2026-07-24T13:00:00+00:00,2026-07-31T13:00:00+00:00,2026-07-31T13:00:00+00:00,2026-08-02T13:00:00+00:00,34,-40.29138006106885,0.12003574218944708,12,14.029925989441239,2.025094740455625,-9.31624337367123,-0.1456934296739541,True
ROBUST_78_SL4_TP12_CD6_P7,4,2026-07-26T13:00:00+00:00,2026-08-02T13:00:00+00:00,2026-08-02T13:00:00+00:00,2026-08-04T13:00:00+00:00,52,-22.784959601825562,0.6919474122818982,17,20.532953572398192,1.727497966073218,-13.164451232176223,-0.7595714549596619,True
ROBUST_78_SL4_TP12_CD6_P7,5,2026-07-28T13:00:00+00:00,2026-08-04T13:00:00+00:00,2026-08-04T13:00:00+00:00,2026-08-06T13:00:00+00:00,58,133.9655356438074,2.4073506181298847,15,-2.193610695912984,0.9790009318244398,-14.52235571306807,-1.0951276574102329,False
ROBUST_78_SL4_TP12_CD6_P7,6,2026-07-30T13:00:00+00:00,2026-08-06T13:00:00+00:00,2026-08-06T13:00:00+00:00,2026-08-08T13:00:00+00:00,58,22.20282269709024,1.3036461226000386,16,72.73608083758663,6.8715955182151225,-4.200000000000004,1.8513005781721994,True
ROBUST_78_SL4_TP12_CD6_P7,7,2026-08-01T13:00:00+00:00,2026-08-08T13:00:00+00:00,2026-08-08T13:00:00+00:00,2026-08-10T13:00:00+00:00,57,45.40634345128345,1.5049278299546995,14,39.46306570464668,3.7376707003311043,-12.351342701292968,1.3553662656106025,True
ROBUST_78_SL4_TP12_CD6_P7,8,2026-08-03T13:00:00+00:00,2026-08-10T13:00:00+00:00,2026-08-10T13:00:00+00:00,2026-08-12T13:00:00+00:00,57,6.232934986428185,1.1353884436707702,17,4.865553986953852,1.2275285053695413,-23.376224378324263,-0.8039689387402846,True
ROBUST_78_SL4_TP12_CD6_P7,9,2026-08-05T13:00:00+00:00,2026-08-12T13:00:00+00:00,2026-08-12T13:00:00+00:00,2026-08-14T13:00:00+00:00,61,-44.864265814867736,0.5576771657957373,15,22.87872101656867,2.3877171202639325,-6.759306006383459,-0.18901054987214821,True
ROBUST_78_SL4_TP12_CD6_P7,10,2026-08-07T13:00:00+00:00,2026-08-14T13:00:00+00:00,2026-08-14T13:00:00+00:00,2026-08-16T13:00:00+00:00,57,109.12785345084109,2.1159019492668123,16,52.96870359407031,4.592866344215277,-7.342539731869923,0.18059640858347786,True
ROBUST_78_SL4_TP12_CD6_P7,11,2026-08-09T13:00:00+00:00,2026-08-16T13:00:00+00:00,2026-08-16T13:00:00+00:00,2026-08-18T13:00:00+00:00,57,24.402227280118403,1.3248306387644886,22,3.6334787703567573,1.1534018585604613,-18.1988341367313,-3.4395580706009174,True
ROBUST_78_SL4_TP12_CD6_P7,12,2026-08-11T13:00:00+00:00,2026-08-18T13:00:00+00:00,2026-08-18T13:00:00+00:00,2026-08-20T13:00:00+00:00,61,128.23096899890717,2.102949425698972,13,47.57810561723781,3.3214728407020138,-12.166699069943155,0.41259706643657096,True
ROBUST_78_SL5_TP10_CD24_P5,0,2026-07-18T13:00:00+00:00,2026-07-25T13:00:00+00:00,2026-07-25T13:00:00+00:00,2026-07-27T13:00:00+00:00,0,0.0,0.0,0,0.0,0.0,0.0,0.0,False
ROBUST_78_SL5_TP10_CD24_P5,1,2026-07-20T13:00:00+00:00,2026-07-27T13:00:00+00:00,2026-07-27T13:00:00+00:00,2026-07-29T13:00:00+00:00,0,0.0,0.0,13,-32.77957312826943,0.03191002641334787,-33.46156593345698,-5.199999999999993,False
ROBUST_78_SL5_TP10_CD24_P5,2,2026-07-22T13:00:00+00:00,2026-07-29T13:00:00+00:00,2026-07-29T13:00:00+00:00,2026-07-31T13:00:00+00:00,11,-2.6807620728130033,0.6741492815545606,8,-8.370120113291568,0.45102872896024504,-9.530591199029192,-1.1474910080927159,False
ROBUST_78_SL5_TP10_CD24_P5,3,2026-07-24T13:00:00+00:00,2026-07-31T13:00:00+00:00,2026-07-31T13:00:00+00:00,2026-08-02T13:00:00+00:00,23,-21.863944815175085,0.2724381509445681,10,-1.788079318550706,0.9648078938643346,-13.017151683838325,-0.5271911233921343,False
ROBUST_78_SL5_TP10_CD24_P5,4,2026-07-26T13:00:00+00:00,2026-08-02T13:00:00+00:00,2026-08-02T13:00:00+00:00,2026-08-04T13:00:00+00:00,36,-6.443822557833812,0.923278577680911,13,16.7799799964077,1.7120124611349146,-10.129600000000028,-0.48568955068826175,True
ROBUST_78_SL5_TP10_CD24_P5,5,2026-07-28T13:00:00+00:00,2026-08-04T13:00:00+00:00,2026-08-04T13:00:00+00:00,2026-08-06T13:00:00+00:00,37,30.87414255032954,1.662128929432006,12,-9.00738702102526,0.7448529271574189,-23.432990212403215,-1.6915516420752006,False
ROBUST_78_SL5_TP10_CD24_P5,6,2026-07-30T13:00:00+00:00,2026-08-06T13:00:00+00:00,2026-08-06T13:00:00+00:00,2026-08-08T13:00:00+00:00,38,-18.883090477693376,0.7487962916591417,11,26.325313475854117,3.8327536603590433,-5.199999999999994,0.3496921723834758,True
ROBUST_78_SL5_TP10_CD24_P5,7,2026-08-01T13:00:00+00:00,2026-08-08T13:00:00+00:00,2026-08-08T13:00:00+00:00,2026-08-10T13:00:00+00:00,41,21.43484295767928,1.4006987023203403,10,11.961972223998174,2.120199176380989,-10.447096683536516,1.030973672891622,True
ROBUST_78_SL5_TP10_CD24_P5,8,2026-08-03T13:00:00+00:00,2026-08-10T13:00:00+00:00,2026-08-10T13:00:00+00:00,2026-08-12T13:00:00+00:00,39,-5.8313028061235395,0.9538793953337007,13,-19.0348456221894,0.4466321576620202,-26.776470100752235,-3.9023851904592344,False
ROBUST_78_SL5_TP10_CD24_P5,9,2026-08-05T13:00:00+00:00,2026-08-12T13:00:00+00:00,2026-08-12T13:00:00+00:00,2026-08-14T13:00:00+00:00,46,-27.23706086764317,0.7483186475145494,11,7.9084841779323956,1.5198006693402974,-7.732590912371107,-0.19000999000997593,True
ROBUST_78_SL5_TP10_CD24_P5,10,2026-08-07T13:00:00+00:00,2026-08-14T13:00:00+00:00,2026-08-14T13:00:00+00:00,2026-08-16T13:00:00+00:00,40,61.59301540313757,1.916927507439371,12,40.20070409986278,3.9147922377649746,-5.200000000000015,1.6792130992527743,True
ROBUST_78_SL5_TP10_CD24_P5,11,2026-08-09T13:00:00+00:00,2026-08-16T13:00:00+00:00,2026-08-16T13:00:00+00:00,2026-08-18T13:00:00+00:00,42,-21.967693536259848,0.7482146153747566,12,-3.971858700303099,0.9376358814976629,-21.947711491915058,-2.2131164390959968,False
ROBUST_78_SL5_TP10_CD24_P5,12,2026-08-11T13:00:00+00:00,2026-08-18T13:00:00+00:00,2026-08-18T13:00:00+00:00,2026-08-20T13:00:00+00:00,47,98.11953726727538,2.147116796381074,9,12.666475775139862,1.80122582172314,-5.295412951398227,0.40376056580990766,True
ROBUST_78_SL5_TP12_CD24_P5,0,2026-07-18T13:00:00+00:00,2026-07-25T13:00:00+00:00,2026-07-25T13:00:00+00:00,2026-07-27T13:00:00+00:00,0,0.0,0.0,0,0.0,0.0,0.0,0.0,False
ROBUST_78_SL5_TP12_CD24_P5,1,2026-07-20T13:00:00+00:00,2026-07-27T13:00:00+00:00,2026-07-27T13:00:00+00:00,2026-07-29T13:00:00+00:00,0,0.0,0.0,13,-32.77957312826943,0.03191002641334787,-33.46156593345698,-5.199999999999993,False
ROBUST_78_SL5_TP12_CD24_P5,2,2026-07-22T13:00:00+00:00,2026-07-29T13:00:00+00:00,2026-07-29T13:00:00+00:00,2026-07-31T13:00:00+00:00,11,-2.6807620728130033,0.6741492815545606,8,-8.370120113291568,0.45102872896024504,-9.530591199029192,-1.1474910080927159,False
ROBUST_78_SL5_TP12_CD24_P5,3,2026-07-24T13:00:00+00:00,2026-07-31T13:00:00+00:00,2026-07-31T13:00:00+00:00,2026-08-02T13:00:00+00:00,23,-21.863944815175085,0.2724381509445681,9,2.068120400642526,1.2285488547141432,-6.271384831358951,-0.21299909006369228,True
ROBUST_78_SL5_TP12_CD24_P5,4,2026-07-26T13:00:00+00:00,2026-08-02T13:00:00+00:00,2026-08-02T13:00:00+00:00,2026-08-04T13:00:00+00:00,36,-17.698774565216922,0.6985308999752508,14,0.37710380351707595,1.090534602820381,-15.934222302046752,-2.051712693939012,True
ROBUST_78_SL5_TP12_CD24_P5,5,2026-07-28T13:00:00+00:00,2026-08-04T13:00:00+00:00,2026-08-04T13:00:00+00:00,2026-08-06T13:00:00+00:00,40,57.13964643735763,2.0216631498352116,12,-7.349962376599484,0.8089554912599829,-23.432990212403215,-1.6915516420752006,False
ROBUST_78_SL5_TP12_CD24_P5,6,2026-07-30T13:00:00+00:00,2026-08-06T13:00:00+00:00,2026-08-06T13:00:00+00:00,2026-08-08T13:00:00+00:00,42,-22.51009126701443,0.7682144891927166,11,15.354663272683533,2.2661967476747167,-5.200000000000005,0.3496921723834758,True
ROBUST_78_SL5_TP12_CD24_P5,7,2026-08-01T13:00:00+00:00,2026-08-08T13:00:00+00:00,2026-08-08T13:00:00+00:00,2026-08-10T13:00:00+00:00,43,-2.199722103925761,1.0423599517197804,10,14.001352410227618,2.3045803290458187,-10.447096683536527,1.030973672891622,True
ROBUST_78_SL5_TP12_CD24_P5,8,2026-08-03T13:00:00+00:00,2026-08-10T13:00:00+00:00,2026-08-10T13:00:00+00:00,2026-08-12T13:00:00+00:00,41,4.861174163210102,1.1336732548424275,13,-17.56007049691052,0.5027859597818072,-26.776470100752235,-3.9023851904592344,False
ROBUST_78_SL5_TP12_CD24_P5,9,2026-08-05T13:00:00+00:00,2026-08-12T13:00:00+00:00,2026-08-12T13:00:00+00:00,2026-08-14T13:00:00+00:00,44,-24.624533981069852,0.7803590205181851,11,10.170953160404238,1.652619825484493,-7.732590912371107,-0.19000999000997593,True
ROBUST_78_SL5_TP12_CD24_P5,10,2026-08-07T13:00:00+00:00,2026-08-14T13:00:00+00:00,2026-08-14T13:00:00+00:00,2026-08-16T13:00:00+00:00,37,28.699597197375425,1.5098773263931224,11,58.96433994764898,7.860033584668848,-5.200000000000015,3.4708860759493643,True
ROBUST_78_SL5_TP12_CD24_P5,11,2026-08-09T13:00:00+00:00,2026-08-16T13:00:00+00:00,2026-08-16T13:00:00+00:00,2026-08-18T13:00:00+00:00,41,2.0246351934316786,1.095411947372843,12,-1.4270585797835689,1.0196072593400485,-18.078575121706397,-1.3466142743378648,False
ROBUST_78_SL5_TP12_CD24_P5,12,2026-08-11T13:00:00+00:00,2026-08-18T13:00:00+00:00,2026-08-18T13:00:00+00:00,2026-08-20T13:00:00+00:00,45,169.264344771748,2.69429672389405,9,40.26411189409125,4.080258825961189,-10.220051477925496,1.0334632876772611,True
