timestamp,equity
2026-07-18T13:00:00+00:00,999.6999999999999
2026-07-18T14:00:00+00:00,998.2060408760451
2026-07-18T15:00:00+00:00,994.7176488797793
2026-07-18T16:00:00+00:00,992.3552227443502
2026-07-18T17:00:00+00:00,988.855469899543
2026-07-18T18:00:00+00:00,988.0377436588446
2026-07-18T19:00:00+00:00,987.5557743003258
2026-07-18T20:00:00+00:00,983.5402105623863
2026-07-18T21:00:00+00:00,979.7024518422937
2026-07-18T22:00:00+00:00,979.236263768852
2026-07-18T23:00:00+00:00,979.0814610178309
2026-07-19T00:00:00+00:00,982.3033825984877
2026-07-19T01:00:00+00:00,981.7544351360964
2026-07-19T02:00:00+00:00,984.1266079819957
2026-07-19T03:00:00+00:00,976.9558862969359
2026-07-19T04:00:00+00:00,979.7790961574717
2026-07-19T05:00:00+00:00,978.9217244558056
2026-07-19T06:00:00+00:00,982.2814687606033
2026-07-19T07:00:00+00:00,980.0931567919702
2026-07-19T08:00:00+00:00,987.3266084441489
2026-07-19T09:00:00+00:00,982.2837221265374
2026-07-19T10:00:00+00:00,980.2264761611352
2026-07-19T11:00:00+00:00,977.8418014522954
2026-07-19T12:00:00+00:00,977.7056297124604
2026-07-19T13:00:00+00:00,978.0110725181571
2026-07-19T14:00:00+00:00,981.8308470347771
2026-07-19T15:00:00+00:00,980.4444543879888
2026-07-19T16:00:00+00:00,978.0426208529644
2026-07-19T17:00:00+00:00,974.9370533176818
2026-07-19T18:00:00+00:00,971.4081067091406
2026-07-19T19:00:00+00:00,972.7649231509196
2026-07-19T20:00:00+00:00,970.0952202569093
2026-07-19T21:00:00+00:00,977.6591549834791
2026-07-19T22:00:00+00:00,1000.4948637635453
2026-07-19T23:00:00+00:00,982.9935289149234
2026-07-20T00:00:00+00:00,998.6122014219045
2026-07-20T01:00:00+00:00,1007.3581470991265
2026-07-20T02:00:00+00:00,1004.901973980808
2026-07-20T03:00:00+00:00,1008.0971108434769
2026-07-20T04:00:00+00:00,1000.5137513406295
2026-07-20T05:00:00+00:00,999.0742526747188
2026-07-20T06:00:00+00:00,1031.0854976506776
2026-07-20T07:00:00+00:00,1070.5509063643788
2026-07-20T08:00:00+00:00,1074.649584701868
2026-07-20T09:00:00+00:00,1074.1721367541347
2026-07-20T10:00:00+00:00,1078.6449229960294
2026-07-20T11:00:00+00:00,1082.7717075500423
2026-07-20T12:00:00+00:00,1077.7938564480723
2026-07-20T13:00:00+00:00,1052.9973058407534
2026-07-20T14:00:00+00:00,1066.357377119053
2026-07-20T15:00:00+00:00,1063.569989417235
2026-07-20T16:00:00+00:00,1073.7334956977318
2026-07-20T17:00:00+00:00,1079.089985797977
2026-07-20T18:00:00+00:00,1080.7139899522576
2026-07-20T19:00:00+00:00,1074.7241873007665
2026-07-20T20:00:00+00:00,1060.0446427647053
2026-07-20T21:00:00+00:00,1062.7168743434725
2026-07-20T22:00:00+00:00,1061.1932823198713
2026-07-20T23:00:00+00:00,1063.198221868829
2026-07-21T00:00:00+00:00,1072.4059692517446
2026-07-21T01:00:00+00:00,1058.3744661721037
2026-07-21T02:00:00+00:00,1061.473096405176
2026-07-21T03:00:00+00:00,1068.6162934042068
2026-07-21T04:00:00+00:00,1066.5634714332166
2026-07-21T05:00:00+00:00,1069.2658970849973
2026-07-21T06:00:00+00:00,1071.7434354839766
2026-07-21T07:00:00+00:00,1070.1765999992085
2026-07-21T08:00:00+00:00,1059.1569501115034
2026-07-21T09:00:00+00:00,1059.2607864270587
2026-07-21T10:00:00+00:00,1057.5379345252516
2026-07-21T11:00:00+00:00,1062.9995242318955
2026-07-21T12:00:00+00:00,1060.9841240903554
2026-07-21T13:00:00+00:00,1065.2807140388754
2026-07-21T14:00:00+00:00,1063.6074214771147
2026-07-21T15:00:00+00:00,1064.5184807096487
2026-07-21T16:00:00+00:00,1066.4967986126267
2026-07-21T17:00:00+00:00,1066.3008751919124
2026-07-21T18:00:00+00:00,1064.0740286044158
2026-07-21T19:00:00+00:00,1069.6118906006498
2026-07-21T20:00:00+00:00,1074.2205035144332
2026-07-21T21:00:00+00:00,1074.4271820299782
2026-07-21T22:00:00+00:00,1070.0476893565456
2026-07-21T23:00:00+00:00,1071.010264002594
2026-07-22T00:00:00+00:00,1067.0263684373401
2026-07-22T01:00:00+00:00,1062.3561523266044
2026-07-22T02:00:00+00:00,1062.1464991557839
2026-07-22T03:00:00+00:00,1055.3970101326709
2026-07-22T04:00:00+00:00,1057.205654897979
2026-07-22T05:00:00+00:00,1049.371820317224
2026-07-22T06:00:00+00:00,1046.045384760482
2026-07-22T07:00:00+00:00,1044.8396149274656
2026-07-22T08:00:00+00:00,1042.6178690119566
2026-07-22T09:00:00+00:00,1044.7720024766322
2026-07-22T10:00:00+00:00,1048.9357989027606
2026-07-22T11:00:00+00:00,1050.059576419955
2026-07-22T12:00:00+00:00,1045.8484890793077
2026-07-22T13:00:00+00:00,1059.8852414670562
2026-07-22T14:00:00+00:00,1055.061856635054
2026-07-22T15:00:00+00:00,1056.538914557128
2026-07-22T16:00:00+00:00,1060.4673184974288
2026-07-22T17:00:00+00:00,1059.6836262551199
2026-07-22T18:00:00+00:00,1058.391334686344
2026-07-22T19:00:00+00:00,1052.545111709322
2026-07-22T20:00:00+00:00,1056.717048641535
2026-07-22T21:00:00+00:00,1057.5348500160687
2026-07-22T22:00:00+00:00,1054.520802494122
2026-07-22T23:00:00+00:00,1053.800035007645
2026-07-23T00:00:00+00:00,1058.6116344870456
2026-07-23T01:00:00+00:00,1050.238495134618
2026-07-23T02:00:00+00:00,1047.0655596335878
2026-07-23T03:00:00+00:00,1045.5890380681244
2026-07-23T04:00:00+00:00,1046.0473416081406
2026-07-23T05:00:00+00:00,1045.0988544614072
2026-07-23T06:00:00+00:00,1046.7770635824115
2026-07-23T07:00:00+00:00,1049.1540114388636
2026-07-23T08:00:00+00:00,1053.1103870640093
2026-07-23T09:00:00+00:00,1049.0394876826922
2026-07-23T10:00:00+00:00,1047.0048268438209
2026-07-23T11:00:00+00:00,1041.688556418113
2026-07-23T12:00:00+00:00,1034.2166946467814
2026-07-23T13:00:00+00:00,1036.2764153740204
2026-07-23T14:00:00+00:00,1037.7071703360318
2026-07-23T15:00:00+00:00,1033.735968272011
2026-07-23T16:00:00+00:00,1033.4142617716816
2026-07-23T17:00:00+00:00,1027.6009819422256
2026-07-23T18:00:00+00:00,1033.4757822863762
2026-07-23T19:00:00+00:00,1028.581046190237
2026-07-23T20:00:00+00:00,1035.88727644595
2026-07-23T21:00:00+00:00,1034.1870579929723
2026-07-23T22:00:00+00:00,1032.4958816479243
2026-07-23T23:00:00+00:00,1032.185491739215
2026-07-24T00:00:00+00:00,1035.7014439569098
2026-07-24T01:00:00+00:00,1042.5126814144178
2026-07-24T02:00:00+00:00,1038.2815398803302
2026-07-24T03:00:00+00:00,1044.0659042247662
2026-07-24T04:00:00+00:00,1048.5312920387416
2026-07-24T05:00:00+00:00,1048.6411457453198
2026-07-24T06:00:00+00:00,1049.4958150323457
2026-07-24T07:00:00+00:00,1049.7922147594725
2026-07-24T08:00:00+00:00,1042.0768729792858
2026-07-24T09:00:00+00:00,1043.816171109343
2026-07-24T10:00:00+00:00,1042.1912757422895
2026-07-24T11:00:00+00:00,1035.9454644608181
2026-07-24T12:00:00+00:00,1030.8280502529371
2026-07-24T13:00:00+00:00,1018.7305010088369
2026-07-24T14:00:00+00:00,1017.5582182696016
2026-07-24T15:00:00+00:00,1014.7848225823648
2026-07-24T16:00:00+00:00,1008.1243970373893
2026-07-24T17:00:00+00:00,1006.5841720954157
2026-07-24T18:00:00+00:00,1003.0799745379734
2026-07-24T19:00:00+00:00,1003.7216319050733
2026-07-24T20:00:00+00:00,1002.0490134479073
2026-07-24T21:00:00+00:00,995.5735330945588
2026-07-24T22:00:00+00:00,1000.9394827120825
2026-07-24T23:00:00+00:00,1002.1934714017153
2026-07-25T00:00:00+00:00,1009.2085385853713
2026-07-25T01:00:00+00:00,1007.8938702993728
2026-07-25T02:00:00+00:00,1001.1372818213981
2026-07-25T03:00:00+00:00,999.4281536330285
2026-07-25T04:00:00+00:00,999.9104792371497
2026-07-25T05:00:00+00:00,991.6744502426327
2026-07-25T06:00:00+00:00,975.731191821502
2026-07-25T07:00:00+00:00,970.718167399172
2026-07-25T08:00:00+00:00,964.4612623718547
2026-07-25T09:00:00+00:00,960.5843565460843
2026-07-25T10:00:00+00:00,958.7179952455498
2026-07-25T11:00:00+00:00,957.7597169991094
2026-07-25T12:00:00+00:00,957.6559843033307
2026-07-25T13:00:00+00:00,963.5138164873274
2026-07-25T14:00:00+00:00,961.2830056183111
2026-07-25T15:00:00+00:00,962.906150783862
2026-07-25T16:00:00+00:00,963.3517625772682
2026-07-25T17:00:00+00:00,962.382071876277
2026-07-25T18:00:00+00:00,961.5816608915945
2026-07-25T19:00:00+00:00,960.5967026180844
2026-07-25T20:00:00+00:00,960.4996252308582
2026-07-25T21:00:00+00:00,961.8127575663596
2026-07-25T22:00:00+00:00,962.0518452889278
2026-07-25T23:00:00+00:00,961.2686743757537
2026-07-26T00:00:00+00:00,964.6315569768967
2026-07-26T01:00:00+00:00,965.2586687741448
2026-07-26T02:00:00+00:00,964.7307131141034
2026-07-26T03:00:00+00:00,967.197269556027
2026-07-26T04:00:00+00:00,962.799413464297
2026-07-26T05:00:00+00:00,964.4256757438429
2026-07-26T06:00:00+00:00,966.4198347815982
2026-07-26T07:00:00+00:00,965.4309773540364
2026-07-26T08:00:00+00:00,964.0828490246661
2026-07-26T09:00:00+00:00,960.6039594042127
2026-07-26T10:00:00+00:00,959.6475504417452
2026-07-26T11:00:00+00:00,962.2138552111073
2026-07-26T12:00:00+00:00,963.4290056134254
2026-07-26T13:00:00+00:00,959.9116652160609
2026-07-26T14:00:00+00:00,961.8476668375356
2026-07-26T15:00:00+00:00,966.2051111126623
2026-07-26T16:00:00+00:00,964.2861840929024
2026-07-26T17:00:00+00:00,962.188953653407
2026-07-26T18:00:00+00:00,959.3289328918233
2026-07-26T19:00:00+00:00,958.4610439058625
2026-07-26T20:00:00+00:00,956.3675157406143
2026-07-26T21:00:00+00:00,957.88414972819
2026-07-26T22:00:00+00:00,966.2298608398237
2026-07-26T23:00:00+00:00,966.1192719052276
2026-07-27T00:00:00+00:00,962.4246503533236
2026-07-27T01:00:00+00:00,964.9570057656841
2026-07-27T02:00:00+00:00,966.1741123739737
2026-07-27T03:00:00+00:00,963.642413534883
2026-07-27T04:00:00+00:00,962.2419351234851
2026-07-27T05:00:00+00:00,963.0820862706348
2026-07-27T06:00:00+00:00,963.2974235645502
2026-07-27T07:00:00+00:00,964.8068806907636
2026-07-27T08:00:00+00:00,962.6204614543731
2026-07-27T09:00:00+00:00,962.2825944476871
2026-07-27T10:00:00+00:00,962.6667039236512
2026-07-27T11:00:00+00:00,955.5189766346625
2026-07-27T12:00:00+00:00,959.5335823982601
2026-07-27T13:00:00+00:00,962.1455632590475
2026-07-27T14:00:00+00:00,947.5162094274804
2026-07-27T15:00:00+00:00,942.3932718421506
2026-07-27T16:00:00+00:00,946.2479041189397
2026-07-27T17:00:00+00:00,946.5659641283999
2026-07-27T18:00:00+00:00,945.6410349930768
2026-07-27T19:00:00+00:00,948.5635602213235
2026-07-27T20:00:00+00:00,947.8809080636859
2026-07-27T21:00:00+00:00,944.9321768809989
2026-07-27T22:00:00+00:00,928.4394896755027
2026-07-27T23:00:00+00:00,927.2108572020272
2026-07-28T00:00:00+00:00,923.7961794489768
2026-07-28T01:00:00+00:00,921.2257613437644
2026-07-28T02:00:00+00:00,920.9757808996352
2026-07-28T03:00:00+00:00,922.7633526399147
2026-07-28T04:00:00+00:00,919.9613604768924
2026-07-28T05:00:00+00:00,918.7345881819615
2026-07-28T06:00:00+00:00,917.9121924827293
2026-07-28T07:00:00+00:00,914.380026592162
2026-07-28T08:00:00+00:00,913.0851355720149
2026-07-28T09:00:00+00:00,909.4617324810674
2026-07-28T10:00:00+00:00,909.6356674866779
2026-07-28T11:00:00+00:00,907.1303680250761
2026-07-28T12:00:00+00:00,907.7117161506324
2026-07-28T13:00:00+00:00,905.2702815280733
2026-07-28T14:00:00+00:00,910.2447835279539
2026-07-28T15:00:00+00:00,914.6284607303569
2026-07-28T16:00:00+00:00,915.7094175747702
2026-07-28T17:00:00+00:00,909.905006650718
2026-07-28T18:00:00+00:00,911.9944700432454
2026-07-28T19:00:00+00:00,918.5315685319254
2026-07-28T20:00:00+00:00,915.8586042854739
2026-07-28T21:00:00+00:00,916.9570087640326
2026-07-28T22:00:00+00:00,913.6627420740147
2026-07-28T23:00:00+00:00,919.8855207000552
2026-07-29T00:00:00+00:00,919.1142035868824
2026-07-29T01:00:00+00:00,916.7326838277392
2026-07-29T02:00:00+00:00,922.7806165743546
2026-07-29T03:00:00+00:00,914.2489215752258
2026-07-29T04:00:00+00:00,916.574357625648
2026-07-29T05:00:00+00:00,919.2567896415857
2026-07-29T06:00:00+00:00,917.483691032178
2026-07-29T07:00:00+00:00,917.3779952198141
2026-07-29T08:00:00+00:00,915.7029589592153
2026-07-29T09:00:00+00:00,917.8475402845946
2026-07-29T10:00:00+00:00,915.7835916132753
2026-07-29T11:00:00+00:00,918.6968150151203
2026-07-29T12:00:00+00:00,914.4428360049084
2026-07-29T13:00:00+00:00,916.345876204887
2026-07-29T14:00:00+00:00,913.9525689329646
2026-07-29T15:00:00+00:00,913.8913739867894
2026-07-29T16:00:00+00:00,919.5278630296145
2026-07-29T17:00:00+00:00,924.0077166963097
2026-07-29T18:00:00+00:00,929.9747070484141
2026-07-29T19:00:00+00:00,929.3588813563954
2026-07-29T20:00:00+00:00,918.8924161676207
2026-07-29T21:00:00+00:00,918.9206967042555
2026-07-29T22:00:00+00:00,917.2518266389025
2026-07-29T23:00:00+00:00,915.5522697457475
2026-07-30T00:00:00+00:00,917.4000997635051
2026-07-30T01:00:00+00:00,918.1635891123349
2026-07-30T02:00:00+00:00,916.7835635667392
2026-07-30T03:00:00+00:00,911.5488799563046
2026-07-30T04:00:00+00:00,910.0577140859747
2026-07-30T05:00:00+00:00,908.8687732833953
2026-07-30T06:00:00+00:00,909.3950819008671
2026-07-30T07:00:00+00:00,905.9065393567258
2026-07-30T08:00:00+00:00,904.7182298375033
2026-07-30T09:00:00+00:00,905.0709835271256
2026-07-30T10:00:00+00:00,900.6172502332955
2026-07-30T11:00:00+00:00,906.4421913584624
2026-07-30T12:00:00+00:00,906.8899399567102
2026-07-30T13:00:00+00:00,910.8892572208823
2026-07-30T14:00:00+00:00,907.1773991657954
2026-07-30T15:00:00+00:00,909.4121919337366
2026-07-30T16:00:00+00:00,904.6396578329468
2026-07-30T17:00:00+00:00,903.6248905433857
2026-07-30T18:00:00+00:00,901.7887971296751
2026-07-30T19:00:00+00:00,903.2009666949536
2026-07-30T20:00:00+00:00,900.5383198206102
2026-07-30T21:00:00+00:00,898.8114629675949
2026-07-30T22:00:00+00:00,899.7878946144143
2026-07-30T23:00:00+00:00,900.6206407192318
2026-07-31T00:00:00+00:00,899.543890375056
2026-07-31T01:00:00+00:00,900.2058915287298
2026-07-31T02:00:00+00:00,897.6563709748074
2026-07-31T03:00:00+00:00,898.1124766004289
2026-07-31T04:00:00+00:00,898.8353508056699
2026-07-31T05:00:00+00:00,902.6778140062387
2026-07-31T06:00:00+00:00,914.7927864030239
2026-07-31T07:00:00+00:00,944.2010181192961
2026-07-31T08:00:00+00:00,935.2893027830676
2026-07-31T09:00:00+00:00,928.951211615181
2026-07-31T10:00:00+00:00,929.3852062898475
2026-07-31T11:00:00+00:00,926.009916119546
2026-07-31T12:00:00+00:00,926.3301702281577
2026-07-31T13:00:00+00:00,915.8924722640402
2026-07-31T14:00:00+00:00,929.516235585152
2026-07-31T15:00:00+00:00,939.0972005074027
2026-07-31T16:00:00+00:00,941.6525667973622
2026-07-31T17:00:00+00:00,951.5976423115696
2026-07-31T18:00:00+00:00,954.96924272808
2026-07-31T19:00:00+00:00,957.3815513325048
2026-07-31T20:00:00+00:00,944.4824743467575
2026-07-31T21:00:00+00:00,947.9609094427044
2026-07-31T22:00:00+00:00,945.2913327304329
2026-07-31T23:00:00+00:00,958.8666585911624
2026-08-01T00:00:00+00:00,967.1847558312695
2026-08-01T01:00:00+00:00,951.8422671666722
2026-08-01T02:00:00+00:00,948.9168542695658
2026-08-01T03:00:00+00:00,950.4649809942582
2026-08-01T04:00:00+00:00,965.9139914179002
2026-08-01T05:00:00+00:00,961.0357885050538
2026-08-01T06:00:00+00:00,958.0571929793032
2026-08-01T07:00:00+00:00,960.3541749161541
2026-08-01T08:00:00+00:00,960.9251306566551
2026-08-01T09:00:00+00:00,957.5600752235983
2026-08-01T10:00:00+00:00,954.909934330007
2026-08-01T11:00:00+00:00,953.7220396354139
2026-08-01T12:00:00+00:00,952.6476676193031
2026-08-01T13:00:00+00:00,953.5748000121836
2026-08-01T14:00:00+00:00,946.6761306008146
2026-08-01T15:00:00+00:00,946.192978715581
2026-08-01T16:00:00+00:00,944.4117924163841
2026-08-01T17:00:00+00:00,946.5929055978513
2026-08-01T18:00:00+00:00,949.0231573005863
2026-08-01T19:00:00+00:00,951.6672591047491
2026-08-01T20:00:00+00:00,949.4922299849775
2026-08-01T21:00:00+00:00,954.1796429667804
2026-08-01T22:00:00+00:00,953.3724622246916
2026-08-01T23:00:00+00:00,956.8984763857065
2026-08-02T00:00:00+00:00,960.5974503258503
2026-08-02T01:00:00+00:00,967.9485856464025
2026-08-02T02:00:00+00:00,974.7607268501779
2026-08-02T03:00:00+00:00,974.3462643215167
2026-08-02T04:00:00+00:00,979.0653691773194
2026-08-02T05:00:00+00:00,983.1783901852224
2026-08-02T06:00:00+00:00,977.4099389088188
2026-08-02T07:00:00+00:00,991.3161100287482
2026-08-02T08:00:00+00:00,992.8649103613042
2026-08-02T09:00:00+00:00,986.1138014692266
2026-08-02T10:00:00+00:00,987.0008489540493
2026-08-02T11:00:00+00:00,984.2309606307274
2026-08-02T12:00:00+00:00,978.2960610167634
2026-08-02T13:00:00+00:00,973.774799264385
2026-08-02T14:00:00+00:00,974.3747423441012
2026-08-02T15:00:00+00:00,985.6260413113356
2026-08-02T16:00:00+00:00,990.6426788898394
2026-08-02T17:00:00+00:00,987.9503622189915
2026-08-02T18:00:00+00:00,992.4927419764402
2026-08-02T19:00:00+00:00,993.4401176157126
2026-08-02T20:00:00+00:00,985.2155752362245
2026-08-02T21:00:00+00:00,986.5316053424099
2026-08-02T22:00:00+00:00,983.3736622729035
2026-08-02T23:00:00+00:00,983.7010689875926
2026-08-03T00:00:00+00:00,980.6155942812542
2026-08-03T01:00:00+00:00,979.2331689209
2026-08-03T02:00:00+00:00,984.7807637626388
2026-08-03T03:00:00+00:00,988.4404207328323
2026-08-03T04:00:00+00:00,982.9116689583518
2026-08-03T05:00:00+00:00,980.4927994255679
2026-08-03T06:00:00+00:00,987.537522177513
2026-08-03T07:00:00+00:00,984.8163314632534
2026-08-03T08:00:00+00:00,984.7762611700878
2026-08-03T09:00:00+00:00,982.5082785866505
2026-08-03T10:00:00+00:00,986.2730243131166
2026-08-03T11:00:00+00:00,989.9480093017892
2026-08-03T12:00:00+00:00,991.4251246009237
2026-08-03T13:00:00+00:00,987.0049740742643
2026-08-03T14:00:00+00:00,987.0657765946825
2026-08-03T15:00:00+00:00,982.2049324094135
2026-08-03T16:00:00+00:00,984.7608940390273
2026-08-03T17:00:00+00:00,983.1669321964359
2026-08-03T18:00:00+00:00,985.6266417702075
2026-08-03T19:00:00+00:00,988.1266728529904
2026-08-03T20:00:00+00:00,982.8505802731245
2026-08-03T21:00:00+00:00,985.5877691191463
2026-08-03T22:00:00+00:00,985.8454715170867
2026-08-03T23:00:00+00:00,982.4355906743888
2026-08-04T00:00:00+00:00,984.0189211651314
2026-08-04T01:00:00+00:00,987.5909850134105
2026-08-04T02:00:00+00:00,984.8224715142342
2026-08-04T03:00:00+00:00,974.4473674068183
2026-08-04T04:00:00+00:00,991.2006523752239
2026-08-04T05:00:00+00:00,992.8550822997599
2026-08-04T06:00:00+00:00,1001.6544770465441
2026-08-04T07:00:00+00:00,998.4400799408954
2026-08-04T08:00:00+00:00,987.5623921059941
2026-08-04T09:00:00+00:00,992.5311677625664
2026-08-04T10:00:00+00:00,992.522776935617
2026-08-04T11:00:00+00:00,995.849575517924
2026-08-04T12:00:00+00:00,1009.7188535022262
2026-08-04T13:00:00+00:00,1009.3549473553691
2026-08-04T14:00:00+00:00,1011.5150890228526
2026-08-04T15:00:00+00:00,1003.0494627007633
2026-08-04T16:00:00+00:00,999.0505793442668
2026-08-04T17:00:00+00:00,1002.2499820270478
2026-08-04T18:00:00+00:00,1007.9775890087341
2026-08-04T19:00:00+00:00,1011.8464247455388
2026-08-04T20:00:00+00:00,1017.9749187664062
2026-08-04T21:00:00+00:00,1017.8251955090178
2026-08-04T22:00:00+00:00,1018.5814925119022
2026-08-04T23:00:00+00:00,1012.3046117970949
2026-08-05T00:00:00+00:00,1012.2983929253484
2026-08-05T01:00:00+00:00,1014.4724054680838
2026-08-05T02:00:00+00:00,1015.9168205839932
2026-08-05T03:00:00+00:00,1011.8465427125993
2026-08-05T04:00:00+00:00,1018.0771780360226
2026-08-05T05:00:00+00:00,1041.0900016812207
2026-08-05T06:00:00+00:00,1031.952429473281
2026-08-05T07:00:00+00:00,1023.6435713619081
2026-08-05T08:00:00+00:00,1018.5550429738385
2026-08-05T09:00:00+00:00,1015.50193771792
2026-08-05T10:00:00+00:00,1009.4608492360045
2026-08-05T11:00:00+00:00,1006.8530797722914
2026-08-05T12:00:00+00:00,1011.6752723263392
2026-08-05T13:00:00+00:00,1020.8648185356379
2026-08-05T14:00:00+00:00,1013.1402132773158
2026-08-05T15:00:00+00:00,1010.6390152319007
2026-08-05T16:00:00+00:00,1020.9531500424837
2026-08-05T17:00:00+00:00,1030.1610635157708
2026-08-05T18:00:00+00:00,1046.1844559660624
2026-08-05T19:00:00+00:00,1031.5257908516517
2026-08-05T20:00:00+00:00,1037.3389374791702
2026-08-05T21:00:00+00:00,1016.0952967179413
2026-08-05T22:00:00+00:00,1014.1518719377004
2026-08-05T23:00:00+00:00,1010.1044527272859
2026-08-06T00:00:00+00:00,1009.033970714901
2026-08-06T01:00:00+00:00,1007.2487539355038
2026-08-06T02:00:00+00:00,1021.3448147944334
2026-08-06T03:00:00+00:00,1026.4312311348422
2026-08-06T04:00:00+00:00,1022.8356328452139
2026-08-06T05:00:00+00:00,1022.8038604671067
2026-08-06T06:00:00+00:00,1014.9873103767003
2026-08-06T07:00:00+00:00,1009.7587792358352
2026-08-06T08:00:00+00:00,1011.1709686401866
2026-08-06T09:00:00+00:00,1002.3316827900925
2026-08-06T10:00:00+00:00,1004.8203192733138
2026-08-06T11:00:00+00:00,1014.052257740658
2026-08-06T12:00:00+00:00,1026.1028356902218
2026-08-06T13:00:00+00:00,1065.5905128375875
2026-08-06T14:00:00+00:00,1076.6928723231717
2026-08-06T15:00:00+00:00,1115.8623345824728
2026-08-06T16:00:00+00:00,1133.615712566871
2026-08-06T17:00:00+00:00,1107.674224679366
2026-08-06T18:00:00+00:00,1099.9231024378516
2026-08-06T19:00:00+00:00,1095.7342385711602
2026-08-06T20:00:00+00:00,1114.987008127714
2026-08-06T21:00:00+00:00,1109.7878370132837
2026-08-06T22:00:00+00:00,1097.1234791748604
2026-08-06T23:00:00+00:00,1092.4764654819458
2026-08-07T00:00:00+00:00,1090.8686191219153
2026-08-07T01:00:00+00:00,1136.0768426103887
2026-08-07T02:00:00+00:00,1103.2619370941052
2026-08-07T03:00:00+00:00,1133.010355405058
2026-08-07T04:00:00+00:00,1129.5827278253673
2026-08-07T05:00:00+00:00,1129.8671022806507
2026-08-07T06:00:00+00:00,1139.3983136286035
2026-08-07T07:00:00+00:00,1143.4269994302545
2026-08-07T08:00:00+00:00,1162.155210245318
2026-08-07T09:00:00+00:00,1160.3632669799051
2026-08-07T10:00:00+00:00,1169.0252903882435
2026-08-07T11:00:00+00:00,1166.1405976443
2026-08-07T12:00:00+00:00,1169.3197454417723
2026-08-07T13:00:00+00:00,1182.6670910420992
2026-08-07T14:00:00+00:00,1184.1114154789227
2026-08-07T15:00:00+00:00,1199.7138393819027
2026-08-07T16:00:00+00:00,1209.3141948262632
2026-08-07T17:00:00+00:00,1214.5319680715227
2026-08-07T18:00:00+00:00,1207.3581398834606
2026-08-07T19:00:00+00:00,1206.1832330339093
2026-08-07T20:00:00+00:00,1200.7739379036602
2026-08-07T21:00:00+00:00,1189.592177382078
2026-08-07T22:00:00+00:00,1203.554700265551
2026-08-07T23:00:00+00:00,1204.1566923961539
2026-08-08T00:00:00+00:00,1199.0865692614786
2026-08-08T01:00:00+00:00,1192.5211015915597
2026-08-08T02:00:00+00:00,1208.3157589096438
2026-08-08T03:00:00+00:00,1229.3629185611505
2026-08-08T04:00:00+00:00,1238.8487880512528
2026-08-08T05:00:00+00:00,1239.7951625892217
2026-08-08T06:00:00+00:00,1239.1918044002387
2026-08-08T07:00:00+00:00,1240.3800985097457
2026-08-08T08:00:00+00:00,1238.3582414375385
2026-08-08T09:00:00+00:00,1242.947858929706
2026-08-08T10:00:00+00:00,1243.927435181837
2026-08-08T11:00:00+00:00,1248.176841955919
2026-08-08T12:00:00+00:00,1254.600680716317
2026-08-08T13:00:00+00:00,1247.9831573132335
2026-08-08T14:00:00+00:00,1251.985209577527
2026-08-08T15:00:00+00:00,1260.49221685844
2026-08-08T16:00:00+00:00,1258.026571330088
2026-08-08T17:00:00+00:00,1256.5461326680643
2026-08-08T18:00:00+00:00,1258.0738004382363
2026-08-08T19:00:00+00:00,1256.6586475888446
2026-08-08T20:00:00+00:00,1253.3844198382196
2026-08-08T21:00:00+00:00,1254.9959907759726
2026-08-08T22:00:00+00:00,1253.079143586029
2026-08-08T23:00:00+00:00,1255.9247994133636
2026-08-09T00:00:00+00:00,1255.739024393445
2026-08-09T01:00:00+00:00,1253.1470267649881
2026-08-09T02:00:00+00:00,1257.5298249215705
2026-08-09T03:00:00+00:00,1255.6561756081999
2026-08-09T04:00:00+00:00,1258.9769988212415
2026-08-09T05:00:00+00:00,1262.0142115807298
2026-08-09T06:00:00+00:00,1268.5198032585745
2026-08-09T07:00:00+00:00,1259.6125339546986
2026-08-09T08:00:00+00:00,1255.5408115875086
2026-08-09T09:00:00+00:00,1258.3239230061092
2026-08-09T10:00:00+00:00,1259.2564778034712
2026-08-09T11:00:00+00:00,1259.6257868054672
2026-08-09T12:00:00+00:00,1258.327463721569
2026-08-09T13:00:00+00:00,1257.2575413332784
2026-08-09T14:00:00+00:00,1259.568139171502
2026-08-09T15:00:00+00:00,1259.2794231908765
2026-08-09T16:00:00+00:00,1259.2972683405017
2026-08-09T17:00:00+00:00,1258.9745930525933
2026-08-09T18:00:00+00:00,1257.1116988280987
2026-08-09T19:00:00+00:00,1259.02365516081
2026-08-09T20:00:00+00:00,1258.150652392048
2026-08-09T21:00:00+00:00,1257.6753530347278
2026-08-09T22:00:00+00:00,1251.753369866486
2026-08-09T23:00:00+00:00,1248.1891330525405
2026-08-10T00:00:00+00:00,1254.4243354581658
2026-08-10T01:00:00+00:00,1258.917697693928
2026-08-10T02:00:00+00:00,1256.3042985900638
2026-08-10T03:00:00+00:00,1254.4434731977653
2026-08-10T04:00:00+00:00,1253.6173647028586
2026-08-10T05:00:00+00:00,1260.8133288565796
2026-08-10T06:00:00+00:00,1260.440938113204
2026-08-10T07:00:00+00:00,1264.3618966007252
2026-08-10T08:00:00+00:00,1259.43521623309
2026-08-10T09:00:00+00:00,1253.1027238341521
2026-08-10T10:00:00+00:00,1255.0827933190533
2026-08-10T11:00:00+00:00,1255.950236226482
2026-08-10T12:00:00+00:00,1248.327391380962
2026-08-10T13:00:00+00:00,1246.613333340848
2026-08-10T14:00:00+00:00,1247.4276150311844
2026-08-10T15:00:00+00:00,1272.2087374926202
2026-08-10T16:00:00+00:00,1262.5781705000581
2026-08-10T17:00:00+00:00,1253.003173603329
2026-08-10T18:00:00+00:00,1245.476019400537
2026-08-10T19:00:00+00:00,1245.8699612721618
2026-08-10T20:00:00+00:00,1238.9521675652966
2026-08-10T21:00:00+00:00,1233.715356339872
2026-08-10T22:00:00+00:00,1230.9680235749806
2026-08-10T23:00:00+00:00,1231.4401729059832
2026-08-11T00:00:00+00:00,1238.098211913755
2026-08-11T01:00:00+00:00,1233.7842429511234
2026-08-11T02:00:00+00:00,1231.3964601512414
2026-08-11T03:00:00+00:00,1228.1739217425993
2026-08-11T04:00:00+00:00,1228.3761279581533
2026-08-11T05:00:00+00:00,1229.7078060134947
2026-08-11T06:00:00+00:00,1229.7320706179996
2026-08-11T07:00:00+00:00,1227.6285563756348
2026-08-11T08:00:00+00:00,1227.6331397003157
2026-08-11T09:00:00+00:00,1226.8248999908808
2026-08-11T10:00:00+00:00,1224.1573098080771
2026-08-11T11:00:00+00:00,1223.8095837127544
2026-08-11T12:00:00+00:00,1218.857544072545
2026-08-11T13:00:00+00:00,1218.1609137311707
2026-08-11T14:00:00+00:00,1217.2866206957578
2026-08-11T15:00:00+00:00,1215.4381869543631
2026-08-11T16:00:00+00:00,1213.0530923216752
2026-08-11T17:00:00+00:00,1216.4419336936867
2026-08-11T18:00:00+00:00,1217.4340276659366
2026-08-11T19:00:00+00:00,1222.8635749625962
2026-08-11T20:00:00+00:00,1225.9138906355788
2026-08-11T21:00:00+00:00,1225.478953598758
2026-08-11T22:00:00+00:00,1222.4444685664712
2026-08-11T23:00:00+00:00,1221.2605071953387
2026-08-12T00:00:00+00:00,1221.6040887474464
2026-08-12T01:00:00+00:00,1217.2440081856482
2026-08-12T02:00:00+00:00,1215.2632080060407
2026-08-12T03:00:00+00:00,1216.041852262381
2026-08-12T04:00:00+00:00,1212.4973257730812
2026-08-12T05:00:00+00:00,1216.992812921602
2026-08-12T06:00:00+00:00,1208.2039593907978
2026-08-12T07:00:00+00:00,1213.3233818479926
2026-08-12T08:00:00+00:00,1210.8995513875366
2026-08-12T09:00:00+00:00,1213.5110097639565
2026-08-12T10:00:00+00:00,1211.6164765278022
2026-08-12T11:00:00+00:00,1207.3907149249842
2026-08-12T12:00:00+00:00,1208.0643707273766
2026-08-12T13:00:00+00:00,1203.3495119796767
2026-08-12T14:00:00+00:00,1196.7606385833678
2026-08-12T15:00:00+00:00,1200.11385706115
2026-08-12T16:00:00+00:00,1199.6677294148733
2026-08-12T17:00:00+00:00,1195.8728726870056
2026-08-12T18:00:00+00:00,1193.4722453512622
2026-08-12T19:00:00+00:00,1191.4591931354628
2026-08-12T20:00:00+00:00,1193.5465154690928
2026-08-12T21:00:00+00:00,1192.4033150978346
2026-08-12T22:00:00+00:00,1196.4869158170286
2026-08-12T23:00:00+00:00,1198.6228886630781
2026-08-13T00:00:00+00:00,1198.5064433002788
2026-08-13T01:00:00+00:00,1194.8145929754598
2026-08-13T02:00:00+00:00,1192.9850425393984
2026-08-13T03:00:00+00:00,1193.96935412802
2026-08-13T04:00:00+00:00,1196.7218736320563
2026-08-13T05:00:00+00:00,1205.0769189215548
2026-08-13T06:00:00+00:00,1206.8544125979113
2026-08-13T07:00:00+00:00,1196.4073541405403
2026-08-13T08:00:00+00:00,1197.4489410854092
2026-08-13T09:00:00+00:00,1201.861861715524
2026-08-13T10:00:00+00:00,1206.2398484536143
2026-08-13T11:00:00+00:00,1206.2632524752646
2026-08-13T12:00:00+00:00,1212.646488351055
2026-08-13T13:00:00+00:00,1210.9339221957669
2026-08-13T14:00:00+00:00,1217.211761440238
2026-08-13T15:00:00+00:00,1213.1244900360375
2026-08-13T16:00:00+00:00,1212.5646770950252
2026-08-13T17:00:00+00:00,1216.2548023131983
2026-08-13T18:00:00+00:00,1230.1466325411468
2026-08-13T19:00:00+00:00,1248.5403897369818
2026-08-13T20:00:00+00:00,1249.7465800113926
2026-08-13T21:00:00+00:00,1264.005967183089
2026-08-13T22:00:00+00:00,1267.5660369877291
2026-08-13T23:00:00+00:00,1265.2143446701923
2026-08-14T00:00:00+00:00,1286.4980088442207
2026-08-14T01:00:00+00:00,1295.0696554236683
2026-08-14T02:00:00+00:00,1291.59961889395
2026-08-14T03:00:00+00:00,1298.0784149430929
2026-08-14T04:00:00+00:00,1291.444304604157
2026-08-14T05:00:00+00:00,1271.341829022479
2026-08-14T06:00:00+00:00,1269.4896204520287
2026-08-14T07:00:00+00:00,1267.2777631525173
2026-08-14T08:00:00+00:00,1277.9953194702466
2026-08-14T09:00:00+00:00,1291.920805662001
2026-08-14T10:00:00+00:00,1324.775265124465
2026-08-14T11:00:00+00:00,1342.8336284150585
2026-08-14T12:00:00+00:00,1352.744331869944
2026-08-14T13:00:00+00:00,1343.2288977732012
2026-08-14T14:00:00+00:00,1363.7358298707181
2026-08-14T15:00:00+00:00,1360.4306204354846
2026-08-14T16:00:00+00:00,1363.3828236143345
2026-08-14T17:00:00+00:00,1369.7850092789854
2026-08-14T18:00:00+00:00,1368.2750469368966
2026-08-14T19:00:00+00:00,1367.2522875912082
2026-08-14T20:00:00+00:00,1363.8992487639844
2026-08-14T21:00:00+00:00,1363.9272361542507
2026-08-14T22:00:00+00:00,1366.355158912688
2026-08-14T23:00:00+00:00,1369.591795570168
2026-08-15T00:00:00+00:00,1369.893197680166
2026-08-15T01:00:00+00:00,1370.585452789413
2026-08-15T02:00:00+00:00,1372.489450071255
2026-08-15T03:00:00+00:00,1369.0567610804842
2026-08-15T04:00:00+00:00,1371.7758001659254
2026-08-15T05:00:00+00:00,1376.8608078894772
2026-08-15T06:00:00+00:00,1384.1151196967458
2026-08-15T07:00:00+00:00,1381.448696449817
2026-08-15T08:00:00+00:00,1394.2966661651585
2026-08-15T09:00:00+00:00,1377.9545267393305
2026-08-15T10:00:00+00:00,1379.9422848343543
2026-08-15T11:00:00+00:00,1381.7199505659923
2026-08-15T12:00:00+00:00,1387.6254504889087
2026-08-15T13:00:00+00:00,1385.3093154855787
2026-08-15T14:00:00+00:00,1404.9082341363878
2026-08-15T15:00:00+00:00,1409.551692370721
2026-08-15T16:00:00+00:00,1402.036858719665
2026-08-15T17:00:00+00:00,1416.753230039394
2026-08-15T18:00:00+00:00,1419.2082933444462
2026-08-15T19:00:00+00:00,1421.3790306872634
2026-08-15T20:00:00+00:00,1421.9318901347883
2026-08-15T21:00:00+00:00,1438.0924737156015
2026-08-15T22:00:00+00:00,1419.9845655387385
2026-08-15T23:00:00+00:00,1420.4756099544388
2026-08-16T00:00:00+00:00,1425.393868130203
2026-08-16T01:00:00+00:00,1418.1392846599656
2026-08-16T02:00:00+00:00,1428.9617609815564
2026-08-16T03:00:00+00:00,1441.9863156352903
2026-08-16T04:00:00+00:00,1446.6992411585102
2026-08-16T05:00:00+00:00,1444.7692454997136
2026-08-16T06:00:00+00:00,1448.0589622903822
2026-08-16T07:00:00+00:00,1450.2692628232126
2026-08-16T08:00:00+00:00,1447.0468084224744
2026-08-16T09:00:00+00:00,1451.1041671583814
2026-08-16T10:00:00+00:00,1457.1652534183852
2026-08-16T11:00:00+00:00,1451.294948373181
2026-08-16T12:00:00+00:00,1451.6867403494725
2026-08-16T13:00:00+00:00,1445.587571159062
2026-08-16T14:00:00+00:00,1444.1341644409072
2026-08-16T15:00:00+00:00,1453.8352653672846
2026-08-16T16:00:00+00:00,1457.4019100733444
2026-08-16T17:00:00+00:00,1453.991954554208
2026-08-16T18:00:00+00:00,1462.1959611423881
2026-08-16T19:00:00+00:00,1460.9903561966412
2026-08-16T20:00:00+00:00,1452.7105764517548
2026-08-16T21:00:00+00:00,1445.095765753403
2026-08-16T22:00:00+00:00,1448.0068506959137
2026-08-16T23:00:00+00:00,1454.1681865281441
2026-08-17T00:00:00+00:00,1462.6676895847377
2026-08-17T01:00:00+00:00,1480.7308409184652
2026-08-17T02:00:00+00:00,1493.3019737089294
2026-08-17T03:00:00+00:00,1507.6893065884287
2026-08-17T04:00:00+00:00,1517.0973904190046
2026-08-17T05:00:00+00:00,1517.950915500661
2026-08-17T06:00:00+00:00,1525.11918869811
2026-08-17T07:00:00+00:00,1524.9706781007264
2026-08-17T08:00:00+00:00,1517.378736730559
2026-08-17T09:00:00+00:00,1518.7331317140402
2026-08-17T10:00:00+00:00,1518.2389077101125
2026-08-17T11:00:00+00:00,1515.5204110824993
2026-08-17T12:00:00+00:00,1513.464764718285
2026-08-17T13:00:00+00:00,1522.5983434519424
2026-08-17T14:00:00+00:00,1523.342569477581
2026-08-17T15:00:00+00:00,1522.5685195136007
2026-08-17T15:41:36.793332+00:00,1517.3571135386921
2026-08-17T15:41:37.418451+00:00,1517.3571135386921
2026-08-17T15:41:38.040338+00:00,1517.3571135386921
2026-08-17T15:41:38.674367+00:00,1509.9745632031218
2026-08-17T15:41:39.302437+00:00,1521.9506094736516
2026-08-17T15:41:40.444825+00:00,1517.3571135386921
2026-08-17T15:41:42.082354+00:00,1517.3571135386921
2026-08-17T15:41:42.704026+00:00,1526.1993948123752
2026-08-17T15:41:43.827130+00:00,1517.3571135386921
2026-08-17T15:41:44.972274+00:00,1517.3571135386921
2026-08-17T15:41:45.587792+00:00,1517.3571135386921
2026-08-17T15:41:46.210927+00:00,1517.3571135386921
2026-08-17T15:41:47.352932+00:00,1517.3571135386921
2026-08-17T15:41:47.979890+00:00,1517.3571135386921
2026-08-17T15:41:48.606677+00:00,1517.3571135386921
2026-08-17T15:41:49.228610+00:00,1517.3571135386921
2026-08-17T15:41:49.858329+00:00,1517.3571135386921
2026-08-17T15:41:50.474783+00:00,1517.3571135386921
2026-08-17T15:41:51.096783+00:00,1517.3571135386921
2026-08-17T15:41:51.716833+00:00,1517.3571135386921
2026-08-17T15:41:52.331422+00:00,1517.3571135386921
2026-08-17T15:41:53.464626+00:00,1517.3571135386921
2026-08-17T15:41:54.086700+00:00,1517.3571135386921
2026-08-17T15:41:55.223205+00:00,1518.57239131647
2026-08-17T15:41:55.838585+00:00,1517.3571135386921
2026-08-17T15:41:56.966072+00:00,1517.3571135386921
2026-08-17T15:41:57.589633+00:00,1517.3571135386921
2026-08-17T15:41:58.219854+00:00,1520.6909501686182
2026-08-17T15:41:58.846767+00:00,1517.3571135386921
2026-08-17T15:41:59.463303+00:00,1517.3571135386921
2026-08-17T15:42:00.080123+00:00,1517.3571135386921
2026-08-17T15:42:00.707789+00:00,1510.2650350011158
2026-08-17T15:42:01.322472+00:00,1517.3571135386921
2026-08-17T15:42:01.949091+00:00,1517.3571135386921
2026-08-17T15:42:02.585939+00:00,1517.3571135386921
2026-08-17T15:42:03.211146+00:00,1517.3571135386921
2026-08-17T15:42:03.834742+00:00,1517.3571135386921
2026-08-17T15:42:04.458882+00:00,1517.3571135386921
2026-08-17T15:42:05.077395+00:00,1517.3571135386921
2026-08-17T15:42:05.698972+00:00,1517.3571135386921
2026-08-17T15:42:06.323455+00:00,1517.3571135386921
2026-08-17T15:42:06.943965+00:00,1517.3571135386921
2026-08-17T15:42:07.568445+00:00,1517.3571135386921
2026-08-17T15:42:08.189284+00:00,1517.3571135386921
2026-08-17T15:42:08.813723+00:00,1517.3571135386921
2026-08-17T15:42:09.431600+00:00,1517.3571135386921
2026-08-17T15:42:10.060365+00:00,1517.3571135386921
2026-08-17T15:42:10.683517+00:00,1517.3571135386921
2026-08-17T15:42:11.302414+00:00,1517.3571135386921
2026-08-17T15:42:11.926199+00:00,1517.3571135386921
2026-08-17T15:47:55.366133+00:00,1517.3571135386921
2026-08-17T15:47:55.984756+00:00,1517.3571135386921
2026-08-17T15:47:56.597507+00:00,1517.3571135386921
2026-08-17T15:47:57.210980+00:00,1509.9745632031218
2026-08-17T15:47:57.837338+00:00,1521.9506094736516
2026-08-17T15:47:58.465376+00:00,1517.3571135386921
2026-08-17T15:47:59.089906+00:00,1517.3571135386921
2026-08-17T15:47:59.706935+00:00,1526.1993948123752
2026-08-17T15:48:00.321447+00:00,1517.3571135386921
2026-08-17T15:48:00.938966+00:00,1517.3571135386921
2026-08-17T15:48:01.571526+00:00,1517.3571135386921
2026-08-17T15:48:02.191232+00:00,1517.3571135386921
2026-08-17T15:48:02.811279+00:00,1517.3571135386921
2026-08-17T15:48:03.429423+00:00,1517.3571135386921
2026-08-17T15:48:04.049029+00:00,1517.3571135386921
2026-08-17T15:48:04.664505+00:00,1517.3571135386921
2026-08-17T15:48:06.295970+00:00,1517.3571135386921
2026-08-17T15:48:07.419273+00:00,1517.3571135386921
2026-08-17T15:48:08.047001+00:00,1517.3571135386921
2026-08-17T15:48:08.665693+00:00,1517.3571135386921
2026-08-17T15:48:09.293738+00:00,1517.3571135386921
2026-08-17T15:48:09.912292+00:00,1517.3571135386921
2026-08-17T15:48:10.523792+00:00,1517.3571135386921
2026-08-17T15:48:11.140652+00:00,1518.57239131647
2026-08-17T15:48:11.751842+00:00,1517.3571135386921
2026-08-17T15:48:12.889814+00:00,1517.3571135386921
2026-08-17T15:48:13.507813+00:00,1517.3571135386921
2026-08-17T15:48:14.128775+00:00,1520.6909501686182
2026-08-17T15:48:15.259050+00:00,1517.3571135386921
2026-08-17T15:48:15.874872+00:00,1517.3571135386921
2026-08-17T15:48:16.497960+00:00,1517.3571135386921
2026-08-17T15:48:17.118584+00:00,1517.3571135386921
2026-08-17T15:48:17.733451+00:00,1510.2650350011158
2026-08-17T15:48:18.345109+00:00,1517.3571135386921
2026-08-17T15:48:18.963962+00:00,1517.3571135386921
2026-08-17T15:48:20.091480+00:00,1517.3571135386921
2026-08-17T15:48:20.703530+00:00,1517.3571135386921
2026-08-17T15:48:21.330028+00:00,1517.3571135386921
2026-08-17T15:48:21.948121+00:00,1517.3571135386921
2026-08-17T15:48:22.564704+00:00,1517.3571135386921
2026-08-17T15:48:23.180293+00:00,1517.3571135386921
2026-08-17T15:48:23.793649+00:00,1517.3571135386921
2026-08-17T15:48:24.411568+00:00,1517.3571135386921
2026-08-17T15:48:25.027791+00:00,1517.3571135386921
2026-08-17T15:48:25.637425+00:00,1517.3571135386921
2026-08-17T15:48:26.255712+00:00,1517.3571135386921
2026-08-17T15:48:26.871519+00:00,1517.3571135386921
2026-08-17T15:48:27.480499+00:00,1517.3571135386921
2026-08-17T15:48:28.098169+00:00,1517.3571135386921
2026-08-17T15:48:28.719557+00:00,1517.3571135386921
2026-08-17T16:00:00+00:00,1519.689233995874
2026-08-17T17:00:00+00:00,1517.1229517244499
2026-08-17T18:00:00+00:00,1513.096795875174
2026-08-17T19:00:00+00:00,1506.0386682936273
2026-08-17T20:00:00+00:00,1502.7238211234353
2026-08-17T21:00:00+00:00,1506.859107916469
2026-08-17T22:00:00+00:00,1511.0746253726875
2026-08-17T23:00:00+00:00,1507.8063416485966
2026-08-18T00:00:00+00:00,1510.929821935879
2026-08-18T01:00:00+00:00,1500.6504129987698
2026-08-18T01:45:32.941795+00:00,1517.9358483585474
2026-08-18T01:45:33.562886+00:00,1517.9358483585474
2026-08-18T01:45:34.193545+00:00,1517.9358483585474
2026-08-18T01:45:34.820773+00:00,1523.2996694967587
2026-08-18T01:45:35.443714+00:00,1517.9358483585474
2026-08-18T01:45:36.083324+00:00,1517.9358483585474
2026-08-18T01:45:36.732669+00:00,1517.9358483585474
2026-08-18T01:45:37.490025+00:00,1517.9358483585474
2026-08-18T01:45:38.124427+00:00,1517.9358483585474
2026-08-18T01:45:38.746260+00:00,1517.9358483585474
2026-08-18T01:45:39.886967+00:00,1517.9358483585474
2026-08-18T01:45:40.521679+00:00,1517.9358483585474
2026-08-18T01:45:41.139697+00:00,1517.9358483585474
2026-08-18T01:45:42.265488+00:00,1517.9358483585474
2026-08-18T01:45:43.391881+00:00,1517.9358483585474
2026-08-18T01:45:44.012487+00:00,1517.9358483585474
2026-08-18T01:45:44.633629+00:00,1517.9358483585474
2026-08-18T01:45:45.256655+00:00,1517.9358483585474
2026-08-18T01:45:45.880284+00:00,1517.9358483585474
2026-08-18T01:45:46.500180+00:00,1517.9358483585474
2026-08-18T01:45:47.118834+00:00,1517.9358483585474
2026-08-18T01:45:47.740334+00:00,1514.1511261363253
2026-08-18T01:45:48.372734+00:00,1517.9358483585474
2026-08-18T01:45:48.995980+00:00,1517.9358483585474
2026-08-18T01:45:50.124255+00:00,1518.1771263624132
2026-08-18T01:45:50.741097+00:00,1520.4774961515918
2026-08-18T01:45:51.372020+00:00,1517.9358483585474
2026-08-18T01:45:51.997213+00:00,1514.5885680238193
2026-08-18T01:45:52.611677+00:00,1517.6267293477283
2026-08-18T01:45:53.260110+00:00,1517.9358483585474
2026-08-18T01:45:53.878666+00:00,1517.9358483585474
2026-08-18T01:45:54.491913+00:00,1517.9358483585474
2026-08-18T01:45:55.109008+00:00,1517.9358483585474
2026-08-18T01:45:55.743907+00:00,1517.9358483585474
2026-08-18T01:45:56.363794+00:00,1517.9358483585474
2026-08-18T01:45:56.986511+00:00,1517.9358483585474
2026-08-18T01:45:57.628328+00:00,1517.9358483585474
2026-08-18T01:45:58.244485+00:00,1517.9358483585474
2026-08-18T01:45:58.874392+00:00,1517.9358483585474
2026-08-18T01:45:59.499728+00:00,1517.9358483585474
2026-08-18T01:46:00.118711+00:00,1517.9358483585474
2026-08-18T01:46:00.738714+00:00,1517.9358483585474
2026-08-18T01:46:01.373342+00:00,1517.9358483585474
2026-08-18T01:46:01.989279+00:00,1517.9358483585474
2026-08-18T01:46:02.617806+00:00,1517.9358483585474
2026-08-18T01:46:03.259609+00:00,1518.8924638260764
2026-08-18T01:46:03.886023+00:00,1511.3007772685
2026-08-18T01:46:04.518571+00:00,1517.9358483585474
2026-08-18T01:46:05.136489+00:00,1517.9358483585474
2026-08-18T01:46:05.755821+00:00,1517.9358483585474
2026-08-18T01:47:25.907145+00:00,1517.9358483585474
2026-08-18T01:47:26.545106+00:00,1517.9358483585474
2026-08-18T01:47:27.165693+00:00,1517.9358483585474
2026-08-18T01:47:27.804237+00:00,1523.2996694967587
2026-08-18T01:47:28.449759+00:00,1517.9358483585474
2026-08-18T01:47:29.071130+00:00,1517.9358483585474
2026-08-18T01:47:29.696782+00:00,1517.9358483585474
2026-08-18T01:47:30.315251+00:00,1517.9358483585474
2026-08-18T01:47:30.944789+00:00,1517.9358483585474
2026-08-18T01:47:31.559908+00:00,1517.9358483585474
2026-08-18T01:47:32.183354+00:00,1517.9358483585474
2026-08-18T01:47:32.835650+00:00,1517.9358483585474
2026-08-18T01:47:33.475651+00:00,1517.9358483585474
2026-08-18T01:47:34.098873+00:00,1517.9358483585474
2026-08-18T01:47:34.739856+00:00,1517.9358483585474
2026-08-18T01:47:35.365111+00:00,1517.9358483585474
2026-08-18T01:47:35.996596+00:00,1517.9358483585474
2026-08-18T01:47:36.620114+00:00,1517.9358483585474
2026-08-18T01:47:37.361017+00:00,1517.9358483585474
2026-08-18T01:47:38.054938+00:00,1517.9358483585474
2026-08-18T01:47:38.699667+00:00,1517.9358483585474
2026-08-18T01:47:39.348525+00:00,1514.1511261363253
2026-08-18T01:47:39.969885+00:00,1517.9358483585474
2026-08-18T01:47:40.590488+00:00,1517.9358483585474
2026-08-18T01:47:41.229675+00:00,1518.1771263624132
2026-08-18T01:47:41.846981+00:00,1520.4774961515918
2026-08-18T01:47:42.495470+00:00,1517.9358483585474
2026-08-18T01:47:43.126186+00:00,1514.5885680238193
2026-08-18T01:47:43.765157+00:00,1517.6267293477283
2026-08-18T01:47:44.396375+00:00,1517.9358483585474
2026-08-18T01:47:45.027898+00:00,1517.9358483585474
2026-08-18T01:47:45.659804+00:00,1517.9358483585474
2026-08-18T01:47:46.282984+00:00,1517.9358483585474
2026-08-18T01:47:47.014125+00:00,1517.9358483585474
2026-08-18T01:47:47.645270+00:00,1517.9358483585474
2026-08-18T01:47:48.270493+00:00,1517.9358483585474
2026-08-18T01:47:48.899205+00:00,1517.9358483585474
2026-08-18T01:47:49.525788+00:00,1517.9358483585474
2026-08-18T01:47:50.151248+00:00,1517.9358483585474
2026-08-18T01:47:50.783940+00:00,1517.9358483585474
2026-08-18T01:47:51.402470+00:00,1517.9358483585474
2026-08-18T01:47:52.096768+00:00,1517.9358483585474
2026-08-18T01:47:52.748414+00:00,1517.9358483585474
2026-08-18T01:47:53.372326+00:00,1517.9358483585474
2026-08-18T01:47:53.999911+00:00,1517.9358483585474
2026-08-18T01:47:54.630664+00:00,1518.8924638260764
2026-08-18T01:47:55.256415+00:00,1511.3007772685
2026-08-18T01:47:55.872717+00:00,1517.9358483585474
2026-08-18T01:47:56.499122+00:00,1517.9358483585474
2026-08-18T01:47:57.127369+00:00,1517.9358483585474
2026-08-18T02:00:00+00:00,1489.329980822214
2026-08-18T02:13:37.299959+00:00,1517.9358483585474
2026-08-18T02:13:37.927915+00:00,1517.9358483585474
2026-08-18T02:13:38.562921+00:00,1517.9358483585474
2026-08-18T02:13:39.203759+00:00,1522.1797507975718
2026-08-18T02:13:39.827160+00:00,1517.9358483585474
2026-08-18T02:13:40.449660+00:00,1517.9358483585474
2026-08-18T02:13:41.073027+00:00,1517.9358483585474
2026-08-18T02:13:41.703411+00:00,1517.9358483585474
2026-08-18T02:13:42.381990+00:00,1517.9358483585474
2026-08-18T02:13:43.182569+00:00,1517.9358483585474
2026-08-18T02:13:43.836000+00:00,1517.9358483585474
2026-08-18T02:13:44.468437+00:00,1517.9358483585474
2026-08-18T02:13:45.099832+00:00,1517.9358483585474
2026-08-18T02:13:45.736750+00:00,1517.9358483585474
2026-08-18T02:13:46.371247+00:00,1517.9358483585474
2026-08-18T02:13:47.039445+00:00,1517.9358483585474
2026-08-18T02:13:47.700775+00:00,1517.9358483585474
2026-08-18T02:13:48.334590+00:00,1517.9358483585474
2026-08-18T02:13:48.975485+00:00,1517.9358483585474
2026-08-18T02:13:49.599890+00:00,1517.9358483585474
2026-08-18T02:13:50.242010+00:00,1517.9358483585474
2026-08-18T02:13:50.867385+00:00,1513.977515025214
2026-08-18T02:13:51.496205+00:00,1517.9358483585474
2026-08-18T02:13:52.146448+00:00,1517.9358483585474
2026-08-18T02:13:52.831733+00:00,1517.6074296121972
2026-08-18T02:13:53.471097+00:00,1518.6052328268147
2026-08-18T02:13:54.102761+00:00,1517.9358483585474
2026-08-18T02:13:54.730829+00:00,1514.1701579819783
2026-08-18T02:13:55.355846+00:00,1511.8049879773007
2026-08-18T02:13:55.996674+00:00,1517.9358483585474
2026-08-18T02:13:56.625051+00:00,1517.9358483585474
2026-08-18T02:13:57.250844+00:00,1517.9358483585474
2026-08-18T02:13:57.917138+00:00,1517.9358483585474
2026-08-18T02:13:58.562439+00:00,1517.9358483585474
2026-08-18T02:13:59.196830+00:00,1517.9358483585474
2026-08-18T02:13:59.832674+00:00,1517.9358483585474
2026-08-18T02:14:00.478088+00:00,1517.9358483585474
2026-08-18T02:14:01.095486+00:00,1517.9358483585474
2026-08-18T02:14:01.741634+00:00,1517.9358483585474
2026-08-18T02:14:02.629327+00:00,1517.9358483585474
2026-08-18T02:14:03.293826+00:00,1517.9358483585474
2026-08-18T02:14:03.967656+00:00,1517.9358483585474
2026-08-18T02:14:04.596132+00:00,1517.9358483585474
2026-08-18T02:14:05.232587+00:00,1517.801113785656
2026-08-18T02:14:05.879742+00:00,1517.9358483585474
2026-08-18T02:14:06.504961+00:00,1517.9358483585474
2026-08-18T02:14:07.220992+00:00,1516.192449577234
2026-08-18T02:14:08.377588+00:00,1517.9358483585474
2026-08-18T02:14:09.517760+00:00,1517.9358483585474
2026-08-18T02:14:10.143859+00:00,1517.9358483585474
2026-08-18T02:18:41.637405+00:00,1517.9358483585474
2026-08-18T02:18:42.261895+00:00,1517.9358483585474
2026-08-18T02:18:43.732227+00:00,1517.9358483585474
2026-08-18T02:18:44.871239+00:00,1522.1797507975718
2026-08-18T02:18:45.996368+00:00,1517.9358483585474
2026-08-18T02:18:46.612661+00:00,1517.9358483585474
2026-08-18T02:18:47.231810+00:00,1517.9358483585474
2026-08-18T02:18:47.854012+00:00,1517.9358483585474
2026-08-18T02:18:48.469528+00:00,1517.9358483585474
2026-08-18T02:18:49.096082+00:00,1517.9358483585474
2026-08-18T02:18:50.234182+00:00,1517.9358483585474
2026-08-18T02:18:51.371565+00:00,1517.9358483585474
2026-08-18T02:18:53.023604+00:00,1517.9358483585474
2026-08-18T02:18:53.648753+00:00,1517.9358483585474
2026-08-18T02:18:54.272312+00:00,1517.9358483585474
2026-08-18T02:18:54.887577+00:00,1517.9358483585474
2026-08-18T02:18:55.519816+00:00,1517.9358483585474
2026-08-18T02:18:56.136904+00:00,1517.9358483585474
2026-08-18T02:18:56.752994+00:00,1517.9358483585474
2026-08-18T02:18:57.404307+00:00,1517.9358483585474
2026-08-18T02:18:58.027936+00:00,1517.9358483585474
2026-08-18T02:18:58.695236+00:00,1513.977515025214
2026-08-18T02:18:59.325169+00:00,1517.9358483585474
2026-08-18T02:18:59.951286+00:00,1517.9358483585474
2026-08-18T02:19:00.579725+00:00,1517.6074296121972
2026-08-18T02:19:01.203043+00:00,1518.6052328268147
2026-08-18T02:19:01.839073+00:00,1517.9358483585474
2026-08-18T02:19:02.464542+00:00,1514.1701579819783
2026-08-18T02:19:03.142647+00:00,1511.8049879773007
2026-08-18T02:19:03.829819+00:00,1517.9358483585474
2026-08-18T02:19:04.470507+00:00,1517.9358483585474
2026-08-18T02:19:05.096295+00:00,1517.9358483585474
2026-08-18T02:19:05.727627+00:00,1517.9358483585474
2026-08-18T02:19:06.346193+00:00,1517.9358483585474
2026-08-18T02:19:06.976544+00:00,1517.9358483585474
2026-08-18T02:19:07.620212+00:00,1517.9358483585474
2026-08-18T02:19:08.262352+00:00,1517.9358483585474
2026-08-18T02:19:08.954995+00:00,1517.9358483585474
2026-08-18T02:19:09.738325+00:00,1517.9358483585474
2026-08-18T02:19:10.366134+00:00,1517.9358483585474
2026-08-18T02:19:10.992204+00:00,1517.9358483585474
2026-08-18T02:19:11.615399+00:00,1517.9358483585474
2026-08-18T02:19:12.247635+00:00,1517.801113785656
2026-08-18T02:19:12.875798+00:00,1517.9358483585474
2026-08-18T02:19:13.512014+00:00,1517.9358483585474
2026-08-18T02:19:14.160310+00:00,1517.9358483585474
2026-08-18T02:19:14.787130+00:00,1516.192449577234
2026-08-18T02:19:15.422068+00:00,1517.9358483585474
2026-08-18T02:19:16.053778+00:00,1517.9358483585474
2026-08-18T02:19:16.689141+00:00,1517.9358483585474
2026-08-18T02:26:06.972180+00:00,1517.9358483585474
2026-08-18T02:26:07.593476+00:00,1517.9358483585474
2026-08-18T02:26:08.220420+00:00,1517.9358483585474
2026-08-18T02:26:09.381011+00:00,1522.1797507975718
2026-08-18T02:26:10.561275+00:00,1517.9358483585474
2026-08-18T02:26:12.240448+00:00,1517.9358483585474
2026-08-18T02:26:12.880017+00:00,1517.9358483585474
2026-08-18T02:26:14.157215+00:00,1517.9358483585474
2026-08-18T02:26:14.930302+00:00,1517.9358483585474
2026-08-18T02:26:15.551235+00:00,1517.9358483585474
2026-08-18T02:26:16.176372+00:00,1517.9358483585474
2026-08-18T02:26:16.810231+00:00,1517.9358483585474
2026-08-18T02:26:17.456211+00:00,1517.9358483585474
2026-08-18T02:26:18.078492+00:00,1517.9358483585474
2026-08-18T02:26:18.725250+00:00,1517.9358483585474
2026-08-18T02:26:19.377073+00:00,1517.9358483585474
2026-08-18T02:26:20.060391+00:00,1517.9358483585474
2026-08-18T02:26:20.713148+00:00,1517.9358483585474
2026-08-18T02:26:21.350989+00:00,1517.9358483585474
2026-08-18T02:26:21.975798+00:00,1517.9358483585474
2026-08-18T02:26:22.610054+00:00,1517.9358483585474
2026-08-18T02:26:23.228952+00:00,1513.977515025214
2026-08-18T02:26:23.872591+00:00,1517.9358483585474
2026-08-18T02:26:24.529011+00:00,1517.9358483585474
2026-08-18T02:26:25.175586+00:00,1517.6074296121972
2026-08-18T02:26:25.792932+00:00,1518.6052328268147
2026-08-18T02:26:26.426086+00:00,1517.9358483585474
2026-08-18T02:26:27.051996+00:00,1514.1701579819783
2026-08-18T02:26:27.718153+00:00,1511.8049879773007
2026-08-18T02:26:28.341586+00:00,1517.9358483585474
2026-08-18T02:26:29.410755+00:00,1517.9358483585474
2026-08-18T02:26:30.623001+00:00,1517.9358483585474
2026-08-18T02:26:31.764840+00:00,1517.9358483585474
2026-08-18T02:26:32.410244+00:00,1517.9358483585474
2026-08-18T02:26:33.036338+00:00,1517.9358483585474
2026-08-18T02:26:33.665685+00:00,1517.9358483585474
2026-08-18T02:26:34.295750+00:00,1517.9358483585474
2026-08-18T02:26:34.926616+00:00,1517.9358483585474
2026-08-18T02:26:35.553612+00:00,1517.9358483585474
2026-08-18T02:26:36.186409+00:00,1517.9358483585474
2026-08-18T02:26:36.820460+00:00,1517.9358483585474
2026-08-18T02:26:37.493356+00:00,1517.9358483585474
2026-08-18T02:26:38.142177+00:00,1517.801113785656
2026-08-18T02:26:38.769870+00:00,1517.9358483585474
2026-08-18T02:26:39.437412+00:00,1517.9358483585474
2026-08-18T02:26:40.084643+00:00,1517.9358483585474
2026-08-18T02:26:40.711982+00:00,1517.9358483585474
2026-08-18T02:26:41.347564+00:00,1516.192449577234
2026-08-18T02:26:41.969678+00:00,1517.9358483585474
2026-08-18T02:26:42.589170+00:00,1517.9358483585474
2026-08-18T02:27:06.621545+00:00,1517.9358483585474
2026-08-18T02:27:07.246083+00:00,1517.9358483585474
2026-08-18T02:27:07.982650+00:00,1517.9358483585474
2026-08-18T02:27:08.631127+00:00,1522.1797507975718
2026-08-18T02:27:09.289675+00:00,1517.9358483585474
2026-08-18T02:27:10.019638+00:00,1517.9358483585474
2026-08-18T02:27:10.643157+00:00,1517.9358483585474
2026-08-18T02:27:11.267962+00:00,1517.9358483585474
2026-08-18T02:27:11.896993+00:00,1517.9358483585474
2026-08-18T02:27:12.516452+00:00,1517.9358483585474
2026-08-18T02:27:13.139094+00:00,1517.9358483585474
2026-08-18T02:27:13.778435+00:00,1517.9358483585474
2026-08-18T02:27:14.407528+00:00,1517.9358483585474
2026-08-18T02:27:15.182689+00:00,1517.9358483585474
2026-08-18T02:27:15.874551+00:00,1517.9358483585474
2026-08-18T02:27:16.503078+00:00,1517.9358483585474
2026-08-18T02:27:17.127781+00:00,1517.9358483585474
2026-08-18T02:27:17.745550+00:00,1517.9358483585474
2026-08-18T02:27:18.379854+00:00,1517.9358483585474
2026-08-18T02:27:19.012774+00:00,1517.9358483585474
2026-08-18T02:27:19.645399+00:00,1517.9358483585474
2026-08-18T02:27:20.450104+00:00,1513.977515025214
2026-08-18T02:27:21.078911+00:00,1517.9358483585474
2026-08-18T02:27:21.712027+00:00,1517.9358483585474
2026-08-18T02:27:22.376428+00:00,1517.6074296121972
2026-08-18T02:27:23.043071+00:00,1518.6052328268147
2026-08-18T02:27:23.706151+00:00,1517.9358483585474
2026-08-18T02:27:24.327550+00:00,1514.1701579819783
2026-08-18T02:27:24.952820+00:00,1511.8049879773007
2026-08-18T02:27:25.586921+00:00,1517.9358483585474
2026-08-18T02:27:26.215616+00:00,1517.9358483585474
2026-08-18T02:27:26.844675+00:00,1517.9358483585474
2026-08-18T02:27:27.580668+00:00,1517.9358483585474
2026-08-18T02:27:28.249491+00:00,1517.9358483585474
2026-08-18T02:27:28.904893+00:00,1517.9358483585474
2026-08-18T02:27:29.542736+00:00,1517.9358483585474
2026-08-18T02:27:30.169006+00:00,1517.9358483585474
2026-08-18T02:27:30.792249+00:00,1517.9358483585474
2026-08-18T02:27:31.417694+00:00,1517.9358483585474
2026-08-18T02:27:32.225437+00:00,1517.9358483585474
2026-08-18T02:27:32.850441+00:00,1517.9358483585474
2026-08-18T02:27:33.469209+00:00,1517.9358483585474
2026-08-18T02:27:34.100117+00:00,1517.801113785656
2026-08-18T02:27:34.769453+00:00,1517.9358483585474
2026-08-18T02:27:35.400423+00:00,1517.9358483585474
2026-08-18T02:27:36.028651+00:00,1517.9358483585474
2026-08-18T02:27:36.754398+00:00,1517.9358483585474
2026-08-18T02:27:37.403829+00:00,1517.9358483585474
2026-08-18T02:27:38.065390+00:00,1516.192449577234
2026-08-18T02:27:38.748318+00:00,1517.9358483585474
2026-08-18T02:28:06.134235+00:00,1517.9358483585474
2026-08-18T02:28:06.750162+00:00,1517.9358483585474
2026-08-18T02:28:07.400234+00:00,1517.9358483585474
2026-08-18T02:28:08.023080+00:00,1522.1797507975718
2026-08-18T02:28:08.645721+00:00,1517.9358483585474
2026-08-18T02:28:09.313412+00:00,1517.9358483585474
2026-08-18T02:28:09.953317+00:00,1517.9358483585474
2026-08-18T02:28:10.574970+00:00,1517.9358483585474
2026-08-18T02:28:11.201174+00:00,1517.9358483585474
2026-08-18T02:28:11.832613+00:00,1517.9358483585474
2026-08-18T02:28:12.455294+00:00,1517.9358483585474
2026-08-18T02:28:13.073154+00:00,1517.9358483585474
2026-08-18T02:28:13.759318+00:00,1517.9358483585474
2026-08-18T02:28:14.394246+00:00,1517.9358483585474
2026-08-18T02:28:15.016611+00:00,1517.9358483585474
2026-08-18T02:28:15.634658+00:00,1517.9358483585474
2026-08-18T02:28:16.254967+00:00,1517.9358483585474
2026-08-18T02:28:16.892080+00:00,1517.9358483585474
2026-08-18T02:28:17.517224+00:00,1517.9358483585474
2026-08-18T02:28:18.216865+00:00,1517.9358483585474
2026-08-18T02:28:18.851625+00:00,1517.9358483585474
2026-08-18T02:28:19.499236+00:00,1513.977515025214
2026-08-18T02:28:20.126301+00:00,1517.9358483585474
2026-08-18T02:28:20.752563+00:00,1517.9358483585474
2026-08-18T02:28:21.383681+00:00,1517.6074296121972
2026-08-18T02:28:22.010250+00:00,1518.6052328268147
2026-08-18T02:28:22.657857+00:00,1517.9358483585474
2026-08-18T02:28:23.311158+00:00,1514.1701579819783
2026-08-18T02:28:23.931228+00:00,1511.8049879773007
2026-08-18T02:28:24.570072+00:00,1517.9358483585474
2026-08-18T02:28:25.190300+00:00,1517.9358483585474
2026-08-18T02:28:25.817114+00:00,1517.9358483585474
2026-08-18T02:28:26.449930+00:00,1517.9358483585474
2026-08-18T02:28:27.089201+00:00,1517.9358483585474
2026-08-18T02:28:27.727455+00:00,1517.9358483585474
2026-08-18T02:28:28.359876+00:00,1517.9358483585474
2026-08-18T02:28:28.981827+00:00,1517.9358483585474
2026-08-18T02:28:29.631280+00:00,1517.9358483585474
2026-08-18T02:28:30.267209+00:00,1517.9358483585474
2026-08-18T02:28:30.887335+00:00,1517.9358483585474
2026-08-18T02:28:31.508456+00:00,1517.9358483585474
2026-08-18T02:28:32.144243+00:00,1517.9358483585474
2026-08-18T02:28:32.765887+00:00,1517.801113785656
2026-08-18T02:28:33.393667+00:00,1517.9358483585474
2026-08-18T02:28:34.023780+00:00,1517.9358483585474
2026-08-18T02:28:34.675614+00:00,1517.9358483585474
2026-08-18T02:28:35.294175+00:00,1517.9358483585474
2026-08-18T02:28:35.913605+00:00,1517.9358483585474
2026-08-18T02:28:36.579016+00:00,1516.192449577234
2026-08-18T02:28:37.243653+00:00,1517.9358483585474
2026-08-18T02:30:08.579998+00:00,1517.9358483585474
2026-08-18T02:30:09.223128+00:00,1517.9358483585474
2026-08-18T02:30:09.842114+00:00,1517.9358483585474
2026-08-18T02:30:10.457916+00:00,1522.1797507975718
2026-08-18T02:30:11.077788+00:00,1517.9358483585474
2026-08-18T02:30:11.707642+00:00,1517.9358483585474
2026-08-18T02:30:12.326777+00:00,1517.9358483585474
2026-08-18T02:30:12.946531+00:00,1517.9358483585474
2026-08-18T02:30:13.591629+00:00,1517.9358483585474
2026-08-18T02:30:14.276730+00:00,1517.9358483585474
2026-08-18T02:30:14.901931+00:00,1517.9358483585474
2026-08-18T02:30:15.531806+00:00,1517.9358483585474
2026-08-18T02:30:16.150914+00:00,1517.9358483585474
2026-08-18T02:30:17.794231+00:00,1517.9358483585474
2026-08-18T02:30:18.413961+00:00,1517.9358483585474
2026-08-18T02:30:19.550712+00:00,1517.9358483585474
2026-08-18T02:30:20.180709+00:00,1517.9358483585474
2026-08-18T02:30:20.809913+00:00,1517.9358483585474
2026-08-18T02:30:21.439455+00:00,1517.9358483585474
2026-08-18T02:30:22.067539+00:00,1517.9358483585474
2026-08-18T02:30:22.700615+00:00,1517.9358483585474
2026-08-18T02:30:23.325483+00:00,1513.977515025214
2026-08-18T02:30:23.954289+00:00,1517.9358483585474
2026-08-18T02:30:24.584093+00:00,1517.9358483585474
2026-08-18T02:30:25.204736+00:00,1517.6074296121972
2026-08-18T02:30:25.823988+00:00,1518.6052328268147
2026-08-18T02:30:26.457847+00:00,1517.9358483585474
2026-08-18T02:30:27.091804+00:00,1514.1701579819783
2026-08-18T02:30:27.722111+00:00,1511.8049879773007
2026-08-18T02:30:28.340365+00:00,1517.9358483585474
2026-08-18T02:30:29.254548+00:00,1517.9358483585474
2026-08-18T02:30:29.904125+00:00,1517.9358483585474
2026-08-18T02:30:30.529747+00:00,1517.9358483585474
2026-08-18T02:30:31.153481+00:00,1517.9358483585474
2026-08-18T02:30:31.786596+00:00,1517.9358483585474
2026-08-18T02:30:32.422148+00:00,1517.9358483585474
2026-08-18T02:30:33.053450+00:00,1517.9358483585474
2026-08-18T02:30:33.673035+00:00,1517.9358483585474
2026-08-18T02:30:34.328345+00:00,1517.9358483585474
2026-08-18T02:30:34.974750+00:00,1517.9358483585474
2026-08-18T02:30:35.605795+00:00,1517.9358483585474
2026-08-18T02:30:36.229307+00:00,1517.9358483585474
2026-08-18T02:30:36.885472+00:00,1517.801113785656
2026-08-18T02:30:37.530825+00:00,1517.9358483585474
2026-08-18T02:30:38.167443+00:00,1517.9358483585474
2026-08-18T02:30:38.832701+00:00,1517.9358483585474
2026-08-18T02:30:39.479682+00:00,1517.9358483585474
2026-08-18T02:30:40.108752+00:00,1517.9358483585474
2026-08-18T02:30:40.734695+00:00,1516.192449577234
2026-08-18T02:30:41.353896+00:00,1517.9358483585474
2026-08-18T03:00:00+00:00,1486.8100876950589
2026-08-18T03:30:07.351225+00:00,1511.6658595932295
2026-08-18T03:30:07.975114+00:00,1511.6658595932295
2026-08-18T03:30:08.592610+00:00,1511.6658595932295
2026-08-18T03:30:09.206516+00:00,1515.4585425200587
2026-08-18T03:30:09.825794+00:00,1511.6658595932295
2026-08-18T03:30:10.437030+00:00,1511.6658595932295
2026-08-18T03:30:11.068004+00:00,1511.6658595932295
2026-08-18T03:30:11.696539+00:00,1511.6658595932295
2026-08-18T03:30:12.314037+00:00,1511.6658595932295
2026-08-18T03:30:12.941508+00:00,1511.6658595932295
2026-08-18T03:30:13.572878+00:00,1511.6658595932295
2026-08-18T03:30:14.189060+00:00,1511.6658595932295
2026-08-18T03:30:14.819211+00:00,1511.6658595932295
2026-08-18T03:30:15.436227+00:00,1511.6658595932295
2026-08-18T03:30:16.067039+00:00,1511.6658595932295
2026-08-18T03:30:16.694524+00:00,1511.6658595932295
2026-08-18T03:30:17.826788+00:00,1511.6658595932295
2026-08-18T03:30:18.452551+00:00,1511.6658595932295
2026-08-18T03:30:19.085134+00:00,1511.6658595932295
2026-08-18T03:30:19.716621+00:00,1511.6658595932295
2026-08-18T03:30:20.846272+00:00,1511.6658595932295
2026-08-18T03:30:21.456519+00:00,1511.6658595932295
2026-08-18T03:30:22.089214+00:00,1507.4297484821184
2026-08-18T03:30:22.705323+00:00,1511.6658595932295
2026-08-18T03:30:23.322794+00:00,1511.6658595932295
2026-08-18T03:30:23.940616+00:00,1511.1704022288181
2026-08-18T03:30:24.561183+00:00,1510.791130115148
2026-08-18T03:30:25.180639+00:00,1511.6658595932295
2026-08-18T03:30:25.807622+00:00,1507.6212291887664
2026-08-18T03:30:26.423687+00:00,1502.3922892686546
2026-08-18T03:30:27.040340+00:00,1511.6658595932295
2026-08-18T03:30:27.655095+00:00,1511.6658595932295
2026-08-18T03:30:28.284526+00:00,1511.6658595932295
2026-08-18T03:30:28.911091+00:00,1511.6658595932295
2026-08-18T03:30:29.543752+00:00,1511.6658595932295
2026-08-18T03:30:30.161127+00:00,1511.6658595932295
2026-08-18T03:30:30.781183+00:00,1511.6658595932295
2026-08-18T03:30:31.397703+00:00,1511.6658595932295
2026-08-18T03:30:32.021311+00:00,1511.6658595932295
2026-08-18T03:30:32.644266+00:00,1511.6658595932295
2026-08-18T03:30:33.261814+00:00,1511.6658595932295
2026-08-18T03:30:33.874160+00:00,1511.6658595932295
2026-08-18T03:30:34.491893+00:00,1511.6658595932295
2026-08-18T03:30:35.111501+00:00,1509.830638976283
2026-08-18T03:30:35.724786+00:00,1510.358934236183
2026-08-18T03:30:36.343530+00:00,1511.6658595932295
2026-08-18T03:30:36.962428+00:00,1511.6658595932295
2026-08-18T03:30:37.584629+00:00,1511.6658595932295
2026-08-18T03:30:38.702435+00:00,1511.6658595932295
2026-08-18T03:30:39.319966+00:00,1511.6658595932295
2026-08-18T04:00:00+00:00,1476.5272650791912
2026-08-18T04:30:07.513717+00:00,1500.550568698423
2026-08-18T04:30:08.136182+00:00,1500.550568698423
2026-08-18T04:30:08.756938+00:00,1500.1022564621358
2026-08-18T04:30:09.388964+00:00,1500.550568698423
2026-08-18T04:30:10.021573+00:00,1500.550568698423
2026-08-18T04:30:10.639248+00:00,1500.550568698423
2026-08-18T04:30:11.266233+00:00,1500.550568698423
2026-08-18T04:30:11.893349+00:00,1500.550568698423
2026-08-18T04:30:12.519081+00:00,1500.550568698423
2026-08-18T04:30:13.929531+00:00,1500.550568698423
2026-08-18T04:30:14.546666+00:00,1500.550568698423
2026-08-18T04:30:15.679810+00:00,1500.550568698423
2026-08-18T04:30:16.306818+00:00,1500.550568698423
2026-08-18T04:30:16.933227+00:00,1500.550568698423
2026-08-18T04:30:17.561560+00:00,1500.550568698423
2026-08-18T04:30:18.196875+00:00,1500.550568698423
2026-08-18T04:30:18.816318+00:00,1500.550568698423
2026-08-18T04:30:19.432770+00:00,1500.550568698423
2026-08-18T04:30:20.057370+00:00,1500.550568698423
2026-08-18T04:30:20.684439+00:00,1500.550568698423
2026-08-18T04:30:21.310323+00:00,1500.550568698423
2026-08-18T04:30:21.933706+00:00,1500.550568698423
2026-08-18T04:30:22.553465+00:00,1500.550568698423
2026-08-18T04:30:23.180994+00:00,1500.550568698423
2026-08-18T04:30:23.804844+00:00,1500.550568698423
2026-08-18T04:30:24.428124+00:00,1499.8989370163122
2026-08-18T04:30:25.061030+00:00,1500.550568698423
2026-08-18T04:30:25.688408+00:00,1500.550568698423
2026-08-18T04:30:26.336526+00:00,1493.8560080289667
2026-08-18T04:30:26.968646+00:00,1491.8952363954863
2026-08-18T04:30:27.603460+00:00,1500.550568698423
2026-08-18T04:30:28.247772+00:00,1500.550568698423
2026-08-18T04:30:28.899304+00:00,1500.550568698423
2026-08-18T04:30:29.528398+00:00,1500.550568698423
2026-08-18T04:30:30.233365+00:00,1500.550568698423
2026-08-18T04:30:30.862802+00:00,1500.550568698423
2026-08-18T04:30:31.484576+00:00,1500.550568698423
2026-08-18T04:30:32.108799+00:00,1500.550568698423
2026-08-18T04:30:32.749469+00:00,1500.550568698423
2026-08-18T04:30:33.366824+00:00,1500.550568698423
2026-08-18T04:30:33.984190+00:00,1500.550568698423
2026-08-18T04:30:34.612542+00:00,1500.550568698423
2026-08-18T04:30:35.247148+00:00,1500.550568698423
2026-08-18T04:30:35.864848+00:00,1499.593953230894
2026-08-18T04:30:36.491728+00:00,1500.550568698423
2026-08-18T04:30:37.173133+00:00,1500.550568698423
2026-08-18T04:30:37.789431+00:00,1500.550568698423
2026-08-18T04:30:38.420290+00:00,1500.550568698423
2026-08-18T04:30:39.053945+00:00,1500.550568698423
2026-08-18T04:30:39.676954+00:00,1500.550568698423
2026-08-18T05:00:00+00:00,1476.0584863585675
2026-08-18T05:30:06.707127+00:00,1500.550568698423
2026-08-18T05:30:07.330213+00:00,1500.550568698423
2026-08-18T05:30:07.952466+00:00,1500.550568698423
2026-08-18T05:30:08.570258+00:00,1500.550568698423
2026-08-18T05:30:09.194314+00:00,1500.550568698423
2026-08-18T05:30:09.836120+00:00,1500.550568698423
2026-08-18T05:30:10.451673+00:00,1500.550568698423
2026-08-18T05:30:11.062796+00:00,1500.550568698423
2026-08-18T05:30:11.683567+00:00,1500.550568698423
2026-08-18T05:30:12.311447+00:00,1500.550568698423
2026-08-18T05:30:12.932826+00:00,1500.550568698423
2026-08-18T05:30:14.057276+00:00,1500.550568698423
2026-08-18T05:30:15.189729+00:00,1500.550568698423
2026-08-18T05:30:16.339492+00:00,1500.550568698423
2026-08-18T05:30:16.957714+00:00,1500.550568698423
2026-08-18T05:30:18.092144+00:00,1500.550568698423
2026-08-18T05:30:18.708142+00:00,1500.550568698423
2026-08-18T05:30:19.834885+00:00,1500.550568698423
2026-08-18T05:30:20.453158+00:00,1500.550568698423
2026-08-18T05:30:21.068767+00:00,1500.550568698423
2026-08-18T05:30:21.686954+00:00,1500.550568698423
2026-08-18T05:30:22.303305+00:00,1500.550568698423
2026-08-18T05:30:22.925409+00:00,1500.550568698423
2026-08-18T05:30:23.551177+00:00,1500.550568698423
2026-08-18T05:30:24.170002+00:00,1499.9537111973023
2026-08-18T05:30:24.783049+00:00,1500.550568698423
2026-08-18T05:30:25.930617+00:00,1500.550568698423
2026-08-18T05:30:26.584315+00:00,1500.550568698423
2026-08-18T05:30:27.193041+00:00,1493.5770680010728
2026-08-18T05:30:27.811312+00:00,1492.152835571169
2026-08-18T05:30:28.948329+00:00,1500.550568698423
2026-08-18T05:30:29.570807+00:00,1500.550568698423
2026-08-18T05:30:30.308258+00:00,1500.550568698423
2026-08-18T05:30:31.014636+00:00,1500.550568698423
2026-08-18T05:30:31.637800+00:00,1500.550568698423
2026-08-18T05:30:32.258829+00:00,1500.550568698423
2026-08-18T05:30:32.867715+00:00,1500.550568698423
2026-08-18T05:30:33.479124+00:00,1495.650139178704
2026-08-18T05:30:34.093143+00:00,1500.550568698423
2026-08-18T05:30:34.710388+00:00,1500.550568698423
2026-08-18T05:30:35.331187+00:00,1500.550568698423
2026-08-18T05:30:35.946061+00:00,1500.550568698423
2026-08-18T05:30:36.566101+00:00,1499.8364754620984
2026-08-18T05:30:37.179664+00:00,1500.550568698423
2026-08-18T05:30:37.813243+00:00,1500.550568698423
2026-08-18T05:30:38.435182+00:00,1500.550568698423
2026-08-18T05:30:39.044961+00:00,1500.550568698423
2026-08-18T05:30:39.664937+00:00,1500.550568698423
2026-08-18T05:30:40.279199+00:00,1500.550568698423
2026-08-18T05:30:40.898557+00:00,1500.550568698423
2026-08-18T06:00:00+00:00,1490.0597683087024
2026-08-18T06:30:08.662524+00:00,1500.550568698423
2026-08-18T06:30:09.287098+00:00,1500.550568698423
2026-08-18T06:30:09.913867+00:00,1500.4187121583384
2026-08-18T06:30:10.537480+00:00,1500.550568698423
2026-08-18T06:30:11.161699+00:00,1500.550568698423
2026-08-18T06:30:11.778117+00:00,1500.550568698423
2026-08-18T06:30:12.409747+00:00,1500.550568698423
2026-08-18T06:30:13.028528+00:00,1500.550568698423
2026-08-18T06:30:13.652931+00:00,1500.550568698423
2026-08-18T06:30:14.281027+00:00,1500.550568698423
2026-08-18T06:30:14.903506+00:00,1500.550568698423
2026-08-18T06:30:15.528075+00:00,1500.550568698423
2026-08-18T06:30:16.167323+00:00,1500.550568698423
2026-08-18T06:30:16.794250+00:00,1500.550568698423
2026-08-18T06:30:17.420836+00:00,1500.550568698423
2026-08-18T06:30:18.041777+00:00,1500.550568698423
2026-08-18T06:30:18.661968+00:00,1500.550568698423
2026-08-18T06:30:19.285589+00:00,1500.550568698423
2026-08-18T06:30:20.426606+00:00,1500.550568698423
2026-08-18T06:30:21.048501+00:00,1500.550568698423
2026-08-18T06:30:21.671495+00:00,1500.550568698423
2026-08-18T06:30:22.307280+00:00,1500.550568698423
2026-08-18T06:30:22.926761+00:00,1499.9969420591583
2026-08-18T06:30:23.558559+00:00,1500.550568698423
2026-08-18T06:30:24.186893+00:00,1500.550568698423
2026-08-18T06:30:24.809139+00:00,1500.550568698423
2026-08-18T06:30:25.428416+00:00,1500.550568698423
2026-08-18T06:30:26.058267+00:00,1500.550568698423
2026-08-18T06:30:26.684386+00:00,1493.4375979871256
2026-08-18T06:30:27.455659+00:00,1490.1435620008442
2026-08-18T06:30:28.109680+00:00,1500.550568698423
2026-08-18T06:30:28.744620+00:00,1500.550568698423
2026-08-18T06:30:29.412743+00:00,1500.550568698423
2026-08-18T06:30:30.038398+00:00,1500.550568698423
2026-08-18T06:30:30.660127+00:00,1500.550568698423
2026-08-18T06:30:31.296034+00:00,1500.550568698423
2026-08-18T06:30:31.919028+00:00,1500.2186670974856
2026-08-18T06:30:32.550228+00:00,1500.550568698423
2026-08-18T06:30:33.172190+00:00,1500.550568698423
2026-08-18T06:30:33.795260+00:00,1500.550568698423
2026-08-18T06:30:34.425273+00:00,1500.550568698423
2026-08-18T06:30:35.043459+00:00,1500.550568698423
2026-08-18T06:30:35.668694+00:00,1499.593953230894
2026-08-18T06:30:36.295955+00:00,1500.550568698423
2026-08-18T06:30:37.433308+00:00,1500.550568698423
2026-08-18T06:30:38.051330+00:00,1500.550568698423
2026-08-18T06:30:38.678100+00:00,1500.550568698423
2026-08-18T06:30:39.305479+00:00,1500.550568698423
2026-08-18T06:30:39.925479+00:00,1500.550568698423
2026-08-18T06:30:40.556102+00:00,1500.550568698423
2026-08-18T07:00:00+00:00,1488.3792077194896
2026-08-18T07:30:06.754805+00:00,1500.550568698423
2026-08-18T07:30:07.382135+00:00,1500.550568698423
2026-08-18T07:30:08.002779+00:00,1500.7747248165663
2026-08-18T07:30:08.618298+00:00,1500.550568698423
2026-08-18T07:30:09.240694+00:00,1500.550568698423
2026-08-18T07:30:09.857219+00:00,1500.550568698423
2026-08-18T07:30:10.485055+00:00,1500.550568698423
2026-08-18T07:30:11.106710+00:00,1500.550568698423
2026-08-18T07:30:11.732086+00:00,1500.550568698423
2026-08-18T07:30:12.353615+00:00,1500.550568698423
2026-08-18T07:30:12.986592+00:00,1500.550568698423
2026-08-18T07:30:13.607397+00:00,1500.550568698423
2026-08-18T07:30:14.226224+00:00,1500.550568698423
2026-08-18T07:30:14.841148+00:00,1500.550568698423
2026-08-18T07:30:15.467357+00:00,1500.550568698423
2026-08-18T07:30:16.092804+00:00,1500.550568698423
2026-08-18T07:30:16.707151+00:00,1500.550568698423
2026-08-18T07:30:17.323224+00:00,1500.550568698423
2026-08-18T07:30:17.946639+00:00,1500.550568698423
2026-08-18T07:30:18.576854+00:00,1500.550568698423
2026-08-18T07:30:19.255776+00:00,1500.550568698423
2026-08-18T07:30:19.882733+00:00,1500.550568698423
2026-08-18T07:30:20.497954+00:00,1500.0431153356953
2026-08-18T07:30:21.133458+00:00,1500.550568698423
2026-08-18T07:30:21.761282+00:00,1500.550568698423
2026-08-18T07:30:22.400360+00:00,1500.550568698423
2026-08-18T07:30:23.022552+00:00,1500.550568698423
2026-08-18T07:30:23.641460+00:00,1500.550568698423
2026-08-18T07:30:24.257670+00:00,1495.3901781823838
2026-08-18T07:30:24.877645+00:00,1492.1013157360321
2026-08-18T07:30:25.501501+00:00,1500.550568698423
2026-08-18T07:30:26.128579+00:00,1500.550568698423
2026-08-18T07:30:26.750654+00:00,1500.550568698423
2026-08-18T07:30:27.385276+00:00,1507.4424078237644
2026-08-18T07:30:28.010247+00:00,1500.550568698423
2026-08-18T07:30:28.649936+00:00,1500.550568698423
2026-08-18T07:30:29.309279+00:00,1500.550568698423
2026-08-18T07:30:29.928734+00:00,1500.550568698423
2026-08-18T07:30:30.564196+00:00,1500.294573009929
2026-08-18T07:30:31.181210+00:00,1500.550568698423
2026-08-18T07:30:31.800937+00:00,1500.550568698423
2026-08-18T07:30:32.428316+00:00,1500.550568698423
2026-08-18T07:30:33.059898+00:00,1500.550568698423
2026-08-18T07:30:33.682953+00:00,1500.550568698423
2026-08-18T07:30:34.309460+00:00,1500.550568698423
2026-08-18T07:30:34.930287+00:00,1500.550568698423
2026-08-18T07:30:35.544515+00:00,1500.550568698423
2026-08-18T07:30:36.163334+00:00,1500.550568698423
2026-08-18T07:30:36.802761+00:00,1500.550568698423
2026-08-18T07:30:37.425539+00:00,1494.357490374197
2026-08-18T08:00:00+00:00,1482.7758410528127
2026-08-18T08:30:07.165489+00:00,1500.550568698423
2026-08-18T08:30:07.784578+00:00,1500.550568698423
2026-08-18T08:30:08.407574+00:00,1500.8933957026422
2026-08-18T08:30:09.025925+00:00,1500.550568698423
2026-08-18T08:30:09.661517+00:00,1500.550568698423
2026-08-18T08:30:10.284542+00:00,1500.550568698423
2026-08-18T08:30:10.903039+00:00,1500.550568698423
2026-08-18T08:30:11.611352+00:00,1500.550568698423
2026-08-18T08:30:12.233112+00:00,1500.550568698423
2026-08-18T08:30:12.865341+00:00,1500.550568698423
2026-08-18T08:30:13.484385+00:00,1500.550568698423
2026-08-18T08:30:14.104166+00:00,1500.550568698423
2026-08-18T08:30:14.723331+00:00,1500.550568698423
2026-08-18T08:30:15.352789+00:00,1500.550568698423
2026-08-18T08:30:15.975918+00:00,1500.550568698423
2026-08-18T08:30:16.606726+00:00,1500.550568698423
2026-08-18T08:30:17.229931+00:00,1500.550568698423
2026-08-18T08:30:17.854084+00:00,1500.550568698423
2026-08-18T08:30:18.471325+00:00,1500.550568698423
2026-08-18T08:30:19.093761+00:00,1500.550568698423
2026-08-18T08:30:19.713356+00:00,1500.550568698423
2026-08-18T08:30:20.755652+00:00,1500.550568698423
2026-08-18T08:30:21.379507+00:00,1499.9964893799765
2026-08-18T08:30:21.998187+00:00,1500.550568698423
2026-08-18T08:30:22.624392+00:00,1500.550568698423
2026-08-18T08:30:23.247523+00:00,1500.550568698423
2026-08-18T08:30:23.865416+00:00,1500.550568698423
2026-08-18T08:30:24.491237+00:00,1500.550568698423
2026-08-18T08:30:25.124230+00:00,1490.8133198576193
2026-08-18T08:30:25.751569+00:00,1495.2507081684366
2026-08-18T08:30:26.393129+00:00,1500.550568698423
2026-08-18T08:30:27.009593+00:00,1513.6313965000627
2026-08-18T08:30:27.630616+00:00,1500.550568698423
2026-08-18T08:30:28.253153+00:00,1500.550568698423
2026-08-18T08:30:28.894758+00:00,1500.550568698423
2026-08-18T08:30:29.517054+00:00,1500.550568698423
2026-08-18T08:30:30.147600+00:00,1499.7691081756525
2026-08-18T08:30:30.772004+00:00,1500.550568698423
2026-08-18T08:30:31.398412+00:00,1500.550568698423
2026-08-18T08:30:32.024828+00:00,1500.550568698423
2026-08-18T08:30:32.643054+00:00,1500.550568698423
2026-08-18T08:30:33.262930+00:00,1500.550568698423
2026-08-18T08:30:33.877521+00:00,1500.550568698423
2026-08-18T08:30:34.505695+00:00,1500.550568698423
2026-08-18T08:30:35.126524+00:00,1500.550568698423
2026-08-18T08:30:36.250203+00:00,1500.550568698423
2026-08-18T08:30:36.879078+00:00,1500.550568698423
2026-08-18T08:30:38.028854+00:00,1500.550568698423
2026-08-18T08:30:38.651420+00:00,1488.89300949988
2026-08-18T08:30:39.273149+00:00,1500.550568698423
2026-08-18T09:00:00+00:00,1484.1863667272326
2026-08-18T09:30:06.491268+00:00,1500.550568698423
2026-08-18T09:30:07.107865+00:00,1500.550568698423
2026-08-18T09:30:07.721195+00:00,1500.550568698423
2026-08-18T09:30:08.347912+00:00,1500.9988809347096
2026-08-18T09:30:08.961169+00:00,1500.550568698423
2026-08-18T09:30:09.576170+00:00,1500.550568698423
2026-08-18T09:30:10.192535+00:00,1500.550568698423
2026-08-18T09:30:10.815240+00:00,1500.550568698423
2026-08-18T09:30:11.434352+00:00,1500.550568698423
2026-08-18T09:30:12.056407+00:00,1500.550568698423
2026-08-18T09:30:12.688407+00:00,1500.550568698423
2026-08-18T09:30:13.301002+00:00,1500.550568698423
2026-08-18T09:30:13.919606+00:00,1500.550568698423
2026-08-18T09:30:14.535818+00:00,1500.550568698423
2026-08-18T09:30:15.155388+00:00,1500.550568698423
2026-08-18T09:30:15.767303+00:00,1500.550568698423
2026-08-18T09:30:16.374393+00:00,1500.550568698423
2026-08-18T09:30:16.989199+00:00,1500.550568698423
2026-08-18T09:30:17.602063+00:00,1500.550568698423
2026-08-18T09:30:18.224150+00:00,1500.550568698423
2026-08-18T09:30:18.839261+00:00,1500.550568698423
2026-08-18T09:30:19.451450+00:00,1500.550568698423
2026-08-18T09:30:20.073483+00:00,1500.550568698423
2026-08-18T09:30:20.685461+00:00,1499.9367357279873
2026-08-18T09:30:21.300423+00:00,1500.550568698423
2026-08-18T09:30:21.930768+00:00,1498.3190484752708
2026-08-18T09:30:22.550391+00:00,1487.4130107386081
2026-08-18T09:30:23.178517+00:00,1500.550568698423
2026-08-18T09:30:23.800357+00:00,1500.550568698423
2026-08-18T09:30:24.425279+00:00,1500.550568698423
2026-08-18T09:30:25.037779+00:00,1500.550568698423
2026-08-18T09:30:25.662095+00:00,1503.1667342587507
2026-08-18T09:30:26.305956+00:00,1500.550568698423
2026-08-18T09:30:26.934182+00:00,1500.550568698423
2026-08-18T09:30:27.584337+00:00,1500.550568698423
2026-08-18T09:30:28.214347+00:00,1498.8798599945694
2026-08-18T09:30:28.841326+00:00,1500.550568698423
2026-08-18T09:30:29.478173+00:00,1500.550568698423
2026-08-18T09:30:30.188040+00:00,1500.550568698423
2026-08-18T09:30:30.807475+00:00,1500.550568698423
2026-08-18T09:30:31.576521+00:00,1500.550568698423
2026-08-18T09:30:32.190365+00:00,1500.550568698423
2026-08-18T09:30:32.809049+00:00,1500.550568698423
2026-08-18T09:30:33.426201+00:00,1494.0842663304811
2026-08-18T09:30:34.040660+00:00,1500.550568698423
2026-08-18T09:30:34.663730+00:00,1500.550568698423
2026-08-18T09:30:35.277152+00:00,1500.550568698423
2026-08-18T09:30:35.892466+00:00,1500.550568698423
2026-08-18T09:30:36.507243+00:00,1500.550568698423
2026-08-18T09:30:37.134821+00:00,1500.550568698423
2026-08-18T10:00:00+00:00,1483.5863617586774
2026-08-18T10:30:06.274463+00:00,1500.550568698423
2026-08-18T10:30:06.904598+00:00,1500.550568698423
2026-08-18T10:30:07.530029+00:00,1500.550568698423
2026-08-18T10:30:08.145863+00:00,1500.6824252385072
2026-08-18T10:30:08.771314+00:00,1500.550568698423
2026-08-18T10:30:09.395683+00:00,1500.550568698423
2026-08-18T10:30:10.541123+00:00,1500.550568698423
2026-08-18T10:30:11.154858+00:00,1500.550568698423
2026-08-18T10:30:11.778235+00:00,1500.550568698423
2026-08-18T10:30:12.401178+00:00,1500.550568698423
2026-08-18T10:30:13.027260+00:00,1500.550568698423
2026-08-18T10:30:13.640949+00:00,1500.550568698423
2026-08-18T10:30:14.289271+00:00,1500.550568698423
2026-08-18T10:30:14.914742+00:00,1500.550568698423
2026-08-18T10:30:15.537674+00:00,1500.550568698423
2026-08-18T10:30:16.152364+00:00,1500.550568698423
2026-08-18T10:30:16.771892+00:00,1500.550568698423
2026-08-18T10:30:17.898891+00:00,1500.550568698423
2026-08-18T10:30:18.523803+00:00,1500.550568698423
2026-08-18T10:30:19.217946+00:00,1500.550568698423
2026-08-18T10:30:19.839330+00:00,1500.550568698423
2026-08-18T10:30:20.456362+00:00,1500.550568698423
2026-08-18T10:30:21.076594+00:00,1500.550568698423
2026-08-18T10:30:21.703186+00:00,1499.9618594225735
2026-08-18T10:30:22.328064+00:00,1497.9006384334298
2026-08-18T10:30:22.948646+00:00,1500.550568698423
2026-08-18T10:30:24.080540+00:00,1500.550568698423
2026-08-18T10:30:25.238884+00:00,1487.2069313980624
2026-08-18T10:30:26.398878+00:00,1500.550568698423
2026-08-18T10:30:27.018865+00:00,1500.550568698423
2026-08-18T10:30:27.650722+00:00,1506.7005101275522
2026-08-18T10:30:28.806288+00:00,1500.550568698423
2026-08-18T10:30:29.430825+00:00,1500.550568698423
2026-08-18T10:30:30.049184+00:00,1500.550568698423
2026-08-18T10:30:30.680224+00:00,1498.6777581352321
2026-08-18T10:30:31.304913+00:00,1500.550568698423
2026-08-18T10:30:31.923638+00:00,1500.550568698423
2026-08-18T10:30:32.562328+00:00,1500.550568698423
2026-08-18T10:30:33.352502+00:00,1500.550568698423
2026-08-18T10:30:34.109247+00:00,1500.550568698423
2026-08-18T10:30:34.799339+00:00,1500.550568698423
2026-08-18T10:30:35.868574+00:00,1500.550568698423
2026-08-18T10:30:36.507284+00:00,1491.989548661993
2026-08-18T10:30:37.135142+00:00,1500.550568698423
2026-08-18T10:30:37.760552+00:00,1500.550568698423
2026-08-18T10:30:38.368821+00:00,1500.550568698423
2026-08-18T10:30:38.985180+00:00,1500.550568698423
2026-08-18T10:30:39.601637+00:00,1500.550568698423
2026-08-18T10:30:40.247897+00:00,1500.550568698423
2026-08-18T10:30:41.205886+00:00,1500.550568698423
2026-08-18T11:00:00+00:00,1483.7811720613581
2026-08-18T11:30:06.673271+00:00,1500.550568698423
2026-08-18T11:30:07.303878+00:00,1500.550568698423
2026-08-18T11:30:07.916447+00:00,1500.550568698423
2026-08-18T11:30:08.541263+00:00,1500.550568698423
2026-08-18T11:30:09.162781+00:00,1500.550568698423
2026-08-18T11:30:09.791615+00:00,1500.550568698423
2026-08-18T11:30:10.420766+00:00,1500.550568698423
2026-08-18T11:30:11.037054+00:00,1500.550568698423
2026-08-18T11:30:11.651519+00:00,1500.550568698423
2026-08-18T11:30:12.263318+00:00,1500.550568698423
2026-08-18T11:30:12.886362+00:00,1500.550568698423
2026-08-18T11:30:13.505663+00:00,1500.550568698423
2026-08-18T11:30:14.121036+00:00,1500.550568698423
2026-08-18T11:30:14.744304+00:00,1500.550568698423
2026-08-18T11:30:15.357311+00:00,1500.550568698423
2026-08-18T11:30:15.969784+00:00,1500.550568698423
2026-08-18T11:30:16.584759+00:00,1500.550568698423
2026-08-18T11:30:17.198439+00:00,1500.550568698423
2026-08-18T11:30:17.818018+00:00,1500.550568698423
2026-08-18T11:30:18.428623+00:00,1500.550568698423
2026-08-18T11:30:19.058084+00:00,1500.550568698423
2026-08-18T11:30:19.690655+00:00,1500.550568698423
2026-08-18T11:30:20.319241+00:00,1500.550568698423
2026-08-18T11:30:20.932579+00:00,1500.0039585864752
2026-08-18T11:30:21.545241+00:00,1492.6007779034437
2026-08-18T11:30:22.160238+00:00,1500.550568698423
2026-08-18T11:30:22.780465+00:00,1512.3623609670678
2026-08-18T11:30:23.407216+00:00,1487.876689254837
2026-08-18T11:30:24.022192+00:00,1500.550568698423
2026-08-18T11:30:24.643549+00:00,1500.550568698423
2026-08-18T11:30:25.265050+00:00,1500.550568698423
2026-08-18T11:30:25.883243+00:00,1500.550568698423
2026-08-18T11:30:26.500487+00:00,1500.550568698423
2026-08-18T11:30:27.122322+00:00,1500.550568698423
2026-08-18T11:30:27.741495+00:00,1498.8124927081237
2026-08-18T11:30:28.359516+00:00,1500.550568698423
2026-08-18T11:30:28.977065+00:00,1500.550568698423
2026-08-18T11:30:29.592064+00:00,1500.550568698423
2026-08-18T11:30:30.210948+00:00,1500.550568698423
2026-08-18T11:30:31.336162+00:00,1488.9840841811188
2026-08-18T11:30:31.956335+00:00,1500.550568698423
2026-08-18T11:30:32.574862+00:00,1500.550568698423
2026-08-18T11:30:33.189512+00:00,1500.550568698423
2026-08-18T11:30:33.821844+00:00,1500.550568698423
2026-08-18T11:30:34.437820+00:00,1500.550568698423
2026-08-18T11:30:35.064129+00:00,1500.550568698423
2026-08-18T11:30:35.681530+00:00,1500.550568698423
2026-08-18T11:30:36.293481+00:00,1500.550568698423
2026-08-18T11:30:36.908426+00:00,1500.550568698423
2026-08-18T11:30:37.527887+00:00,1500.550568698423
2026-08-18T12:00:00+00:00,1479.3503610617747
2026-08-18T12:30:06.954240+00:00,1500.550568698423
2026-08-18T12:30:07.597309+00:00,1500.550568698423
2026-08-18T12:30:08.221101+00:00,1500.550568698423
2026-08-18T12:30:08.854439+00:00,1501.1702944368194
2026-08-18T12:30:09.493316+00:00,1500.550568698423
2026-08-18T12:30:10.128813+00:00,1500.550568698423
2026-08-18T12:30:10.754017+00:00,1500.550568698423
2026-08-18T12:30:11.388876+00:00,1500.550568698423
2026-08-18T12:30:12.021487+00:00,1500.550568698423
2026-08-18T12:30:12.661268+00:00,1500.550568698423
2026-08-18T12:30:13.289814+00:00,1500.550568698423
2026-08-18T12:30:13.913101+00:00,1500.550568698423
2026-08-18T12:30:14.533418+00:00,1500.550568698423
2026-08-18T12:30:15.150910+00:00,1500.550568698423
2026-08-18T12:30:16.814470+00:00,1500.550568698423
2026-08-18T12:30:17.433938+00:00,1500.550568698423
2026-08-18T12:30:18.574685+00:00,1500.550568698423
2026-08-18T12:30:19.208735+00:00,1500.550568698423
2026-08-18T12:30:20.354103+00:00,1500.550568698423
2026-08-18T12:30:20.975898+00:00,1500.550568698423
2026-08-18T12:30:21.595552+00:00,1500.550568698423
2026-08-18T12:30:22.212035+00:00,1500.550568698423
2026-08-18T12:30:22.827576+00:00,1500.550568698423
2026-08-18T12:30:23.445769+00:00,1500.004184926066
2026-08-18T12:30:24.578012+00:00,1496.5059382939598
2026-08-18T12:30:25.213147+00:00,1503.069116140828
2026-08-18T12:30:25.838296+00:00,1500.550568698423
2026-08-18T12:30:26.466797+00:00,1489.7314033197522
2026-08-18T12:30:27.092089+00:00,1500.550568698423
2026-08-18T12:30:27.708851+00:00,1500.550568698423
2026-08-18T12:30:28.335106+00:00,1500.550568698423
2026-08-18T12:30:28.964151+00:00,1500.550568698423
2026-08-18T12:30:29.586260+00:00,1500.550568698423
2026-08-18T12:30:30.211981+00:00,1499.2571167986653
2026-08-18T12:30:30.848072+00:00,1500.550568698423
2026-08-18T12:30:31.467138+00:00,1500.550568698423
2026-08-18T12:30:32.095138+00:00,1500.550568698423
2026-08-18T12:30:32.727606+00:00,1500.550568698423
2026-08-18T12:30:33.359455+00:00,1490.987727168368
2026-08-18T12:30:33.983291+00:00,1500.550568698423
2026-08-18T12:30:34.605714+00:00,1500.550568698423
2026-08-18T12:30:35.231381+00:00,1500.550568698423
2026-08-18T12:30:35.860293+00:00,1500.550568698423
2026-08-18T12:30:36.483011+00:00,1500.550568698423
2026-08-18T12:30:37.101242+00:00,1500.550568698423
2026-08-18T12:30:37.727701+00:00,1500.550568698423
2026-08-18T12:30:38.356257+00:00,1500.550568698423
2026-08-18T12:30:38.982300+00:00,1500.550568698423
2026-08-18T12:30:39.602607+00:00,1500.550568698423
2026-08-18T12:30:40.228508+00:00,1500.550568698423
2026-08-18T13:00:00+00:00,1469.618650645581
2026-08-18T13:30:07.203230+00:00,1497.8739316733622
2026-08-18T13:30:07.831416+00:00,1497.8739316733622
2026-08-18T13:30:08.457558+00:00,1497.8739316733622
2026-08-18T13:30:09.082221+00:00,1498.4145434877082
2026-08-18T13:30:09.704954+00:00,1497.8739316733622
2026-08-18T13:30:10.324127+00:00,1497.8739316733622
2026-08-18T13:30:10.948416+00:00,1497.8739316733622
2026-08-18T13:30:11.572084+00:00,1497.8739316733622
2026-08-18T13:30:12.192841+00:00,1497.8739316733622
2026-08-18T13:30:12.824437+00:00,1494.478042486588
2026-08-18T13:30:13.447845+00:00,1497.8739316733622
2026-08-18T13:30:14.064534+00:00,1497.8739316733622
2026-08-18T13:30:14.697609+00:00,1497.8739316733622
2026-08-18T13:30:15.320652+00:00,1497.8739316733622
2026-08-18T13:30:15.943832+00:00,1497.8739316733622
2026-08-18T13:30:16.561207+00:00,1497.8739316733622
2026-08-18T13:30:17.705570+00:00,1497.8739316733622
2026-08-18T13:30:18.330623+00:00,1497.8739316733622
2026-08-18T13:30:18.951408+00:00,1497.8739316733622
2026-08-18T13:30:20.093591+00:00,1497.8739316733622
2026-08-18T13:30:20.722126+00:00,1497.8739316733622
2026-08-18T13:30:21.353111+00:00,1497.8739316733622
2026-08-18T13:30:22.479783+00:00,1502.5986485808203
2026-08-18T13:30:23.107556+00:00,1492.85301117127
2026-08-18T13:30:23.726960+00:00,1497.8739316733622
2026-08-18T13:30:24.864922+00:00,1497.8739316733622
2026-08-18T13:30:25.486387+00:00,1497.8739316733622
2026-08-18T13:30:26.625253+00:00,1497.3101197525084
2026-08-18T13:30:27.759282+00:00,1484.8394133838206
2026-08-18T13:30:28.382476+00:00,1497.8739316733622
2026-08-18T13:30:29.017908+00:00,1497.8739316733622
2026-08-18T13:30:29.641613+00:00,1497.8739316733622
2026-08-18T13:30:30.267284+00:00,1497.8739316733622
2026-08-18T13:30:30.888959+00:00,1497.8739316733622
2026-08-18T13:30:31.505699+00:00,1497.8739316733622
2026-08-18T13:30:32.121021+00:00,1497.8739316733622
2026-08-18T13:30:32.744800+00:00,1486.9449699247282
2026-08-18T13:30:33.370702+00:00,1497.8739316733622
2026-08-18T13:30:34.509448+00:00,1497.8739316733622
2026-08-18T13:30:35.131573+00:00,1497.8739316733622
2026-08-18T13:30:35.760126+00:00,1497.8739316733622
2026-08-18T13:30:36.378293+00:00,1497.8739316733622
2026-08-18T13:30:37.002999+00:00,1497.8739316733622
2026-08-18T13:30:38.131586+00:00,1497.8739316733622
2026-08-18T13:30:38.754723+00:00,1497.8739316733622
2026-08-18T13:30:39.380680+00:00,1497.8739316733622
2026-08-18T13:30:40.005239+00:00,1497.8739316733622
2026-08-18T13:30:40.619106+00:00,1497.8739316733622
2026-08-18T13:30:41.238541+00:00,1497.8739316733622
2026-08-18T13:30:41.855872+00:00,1497.8739316733622
2026-08-18T14:00:00+00:00,1463.7260191426617
2026-08-18T14:30:06.801316+00:00,1497.8739316733622
2026-08-18T14:30:07.418518+00:00,1497.8739316733622
2026-08-18T14:30:08.044656+00:00,1497.8739316733622
2026-08-18T14:30:08.659598+00:00,1498.3618008716744
2026-08-18T14:30:09.296796+00:00,1497.8739316733622
2026-08-18T14:30:09.910876+00:00,1497.8739316733622
2026-08-18T14:30:10.538960+00:00,1497.8739316733622
2026-08-18T14:30:11.152730+00:00,1497.8739316733622
2026-08-18T14:30:11.764731+00:00,1497.8739316733622
2026-08-18T14:30:12.384690+00:00,1497.8739316733622
2026-08-18T14:30:13.003024+00:00,1497.8739316733622
2026-08-18T14:30:13.628446+00:00,1497.8739316733622
2026-08-18T14:30:14.254423+00:00,1497.8739316733622
2026-08-18T14:30:14.873710+00:00,1497.8739316733622
2026-08-18T14:30:15.501083+00:00,1497.8739316733622
2026-08-18T14:30:16.123008+00:00,1497.8739316733622
2026-08-18T14:30:17.249319+00:00,1497.8739316733622
2026-08-18T14:30:18.373550+00:00,1497.8739316733622
2026-08-18T14:30:18.992946+00:00,1497.8739316733622
2026-08-18T14:30:19.618195+00:00,1497.8739316733622
2026-08-18T14:30:20.233139+00:00,1497.8739316733622
2026-08-18T14:30:20.849204+00:00,1501.3881839185788
2026-08-18T14:30:21.467690+00:00,1497.8739316733622
2026-08-18T14:30:22.602631+00:00,1490.760960962065
2026-08-18T14:30:23.222249+00:00,1497.8739316733622
2026-08-18T14:30:24.892498+00:00,1497.8739316733622
2026-08-18T14:30:25.518338+00:00,1483.5514175054075
2026-08-18T14:30:26.136271+00:00,1497.8739316733622
2026-08-18T14:30:26.755544+00:00,1497.8739316733622
2026-08-18T14:30:27.391242+00:00,1497.8739316733622
2026-08-18T14:30:28.017115+00:00,1497.2827326620136
2026-08-18T14:30:28.629566+00:00,1497.8739316733622
2026-08-18T14:30:29.257178+00:00,1497.8739316733622
2026-08-18T14:30:30.391181+00:00,1497.8739316733622
2026-08-18T14:30:31.016339+00:00,1497.8739316733622
2026-08-18T14:30:31.637223+00:00,1497.8739316733622
2026-08-18T14:30:32.260791+00:00,1486.6717458810124
2026-08-18T14:30:32.881599+00:00,1497.8739316733622
2026-08-18T14:30:33.507188+00:00,1497.8739316733622
2026-08-18T14:30:34.128695+00:00,1497.8739316733622
2026-08-18T14:30:34.744772+00:00,1497.8739316733622
2026-08-18T14:30:35.364681+00:00,1497.8739316733622
2026-08-18T14:30:35.980642+00:00,1497.8739316733622
2026-08-18T14:30:37.106055+00:00,1497.8739316733622
2026-08-18T14:30:39.002428+00:00,1497.8739316733622
2026-08-18T14:30:40.141082+00:00,1497.8739316733622
2026-08-18T14:30:40.765928+00:00,1497.8739316733622
2026-08-18T14:30:41.392154+00:00,1497.8739316733622
2026-08-18T14:30:42.009197+00:00,1497.8739316733622
2026-08-18T14:30:42.625496+00:00,1497.8739316733622
2026-08-18T15:00:00+00:00,1465.9361160958556
2026-08-18T15:30:06.530270+00:00,1497.8739316733622
2026-08-18T15:30:07.146704+00:00,1497.8739316733622
2026-08-18T15:30:07.769712+00:00,1497.8739316733622
2026-08-18T15:30:08.395072+00:00,1499.1397544581723
2026-08-18T15:30:09.020548+00:00,1497.8739316733622
2026-08-18T15:30:09.655191+00:00,1497.8739316733622
2026-08-18T15:30:10.271670+00:00,1497.8739316733622
2026-08-18T15:30:10.903526+00:00,1497.8739316733622
2026-08-18T15:30:11.530599+00:00,1497.8739316733622
2026-08-18T15:30:12.161696+00:00,1501.8506966420841
2026-08-18T15:30:12.778670+00:00,1497.8739316733622
2026-08-18T15:30:13.407330+00:00,1497.8739316733622
2026-08-18T15:30:14.026433+00:00,1497.8739316733622
2026-08-18T15:30:14.651061+00:00,1497.8739316733622
2026-08-18T15:30:15.273916+00:00,1497.8739316733622
2026-08-18T15:30:15.896820+00:00,1497.8739316733622
2026-08-18T15:30:16.514964+00:00,1497.8739316733622
2026-08-18T15:30:17.139729+00:00,1497.8739316733622
2026-08-18T15:30:17.756682+00:00,1497.8739316733622
2026-08-18T15:30:18.383175+00:00,1497.8739316733622
2026-08-18T15:30:18.995285+00:00,1497.8739316733622
2026-08-18T15:30:19.623470+00:00,1501.8957981317767
2026-08-18T15:30:20.248252+00:00,1497.8739316733622
2026-08-18T15:30:20.866500+00:00,1497.8739316733622
2026-08-18T15:30:21.482082+00:00,1477.832715805253
2026-08-18T15:30:22.111807+00:00,1497.8739316733622
2026-08-18T15:30:22.742632+00:00,1496.7257109288857
2026-08-18T15:30:23.360692+00:00,1497.8739316733622
2026-08-18T15:30:23.998814+00:00,1487.971560683125
2026-08-18T15:30:24.625459+00:00,1497.8739316733622
2026-08-18T15:30:25.240795+00:00,1497.8739316733622
2026-08-18T15:30:25.862414+00:00,1497.8739316733622
2026-08-18T15:30:26.475325+00:00,1497.8739316733622
2026-08-18T15:30:27.109498+00:00,1497.8739316733622
2026-08-18T15:30:27.737951+00:00,1497.8739316733622
2026-08-18T15:30:28.353846+00:00,1497.8739316733622
2026-08-18T15:30:28.972176+00:00,1484.1216548063312
2026-08-18T15:30:29.598096+00:00,1497.8739316733622
2026-08-18T15:30:30.217066+00:00,1497.8739316733622
2026-08-18T15:30:30.832385+00:00,1497.8739316733622
2026-08-18T15:30:31.456141+00:00,1497.8739316733622
2026-08-18T15:30:32.078500+00:00,1497.8739316733622
2026-08-18T15:30:32.705744+00:00,1497.8739316733622
2026-08-18T15:30:33.329946+00:00,1497.8739316733622
2026-08-18T15:30:33.949595+00:00,1497.8739316733622
2026-08-18T15:30:34.569532+00:00,1497.8739316733622
2026-08-18T15:30:35.186253+00:00,1497.8739316733622
2026-08-18T15:30:36.041637+00:00,1497.8739316733622
2026-08-18T15:30:36.664002+00:00,1497.8739316733622
2026-08-18T15:30:37.288430+00:00,1497.8739316733622
2026-08-18T16:00:00+00:00,1462.162115977757
2026-08-18T16:30:07.434877+00:00,1468.5863579456877
2026-08-18T16:30:08.380172+00:00,1468.5462217955264
2026-08-18T16:30:09.039115+00:00,1468.5863579456877
2026-08-18T16:30:09.713883+00:00,1470.3664212368267
2026-08-18T16:30:10.345359+00:00,1468.5863579456877
2026-08-18T16:30:10.985434+00:00,1468.5863579456877
2026-08-18T16:30:11.603573+00:00,1468.5863579456877
2026-08-18T16:30:12.229071+00:00,1468.5863579456877
2026-08-18T16:30:12.862564+00:00,1468.5863579456877
2026-08-18T16:30:13.502633+00:00,1470.4630335489046
2026-08-18T16:30:14.134111+00:00,1468.5863579456877
2026-08-18T16:30:14.761517+00:00,1467.8095428874265
2026-08-18T16:30:15.396143+00:00,1468.5863579456877
2026-08-18T16:30:16.036204+00:00,1468.5863579456877
2026-08-18T16:30:16.655288+00:00,1468.5863579456877
2026-08-18T16:30:17.296980+00:00,1468.5863579456877
2026-08-18T16:30:17.928927+00:00,1467.5316356663916
2026-08-18T16:30:18.563828+00:00,1468.5863579456877
2026-08-18T16:30:19.190560+00:00,1468.5863579456877
2026-08-18T16:30:19.832917+00:00,1468.5863579456877
2026-08-18T16:30:20.477925+00:00,1468.5863579456877
2026-08-18T16:30:21.093090+00:00,1468.5863579456877
2026-08-18T16:30:21.730575+00:00,1468.5863579456877
2026-08-18T16:30:22.362626+00:00,1468.5863579456877
2026-08-18T16:30:23.052997+00:00,1472.6667952748558
2026-08-18T16:30:23.773378+00:00,1468.5863579456877
2026-08-18T16:30:24.410882+00:00,1468.5863579456877
2026-08-18T16:30:25.047804+00:00,1468.5863579456877
2026-08-18T16:30:25.671979+00:00,1468.5863579456877
2026-08-18T16:30:26.300352+00:00,1468.5863579456877
2026-08-18T16:30:26.934887+00:00,1468.5863579456877
2026-08-18T16:30:28.110303+00:00,1468.5863579456877
2026-08-18T16:30:28.747801+00:00,1468.5863579456877
2026-08-18T16:30:29.394018+00:00,1468.5863579456877
2026-08-18T16:30:30.034383+00:00,1452.4661393664528
2026-08-18T16:30:30.649792+00:00,1468.5863579456877
2026-08-18T16:30:31.281850+00:00,1468.5863579456877
2026-08-18T16:30:31.894815+00:00,1468.5863579456877
2026-08-18T16:30:32.528396+00:00,1468.5863579456877
2026-08-18T16:30:33.265896+00:00,1468.5863579456877
2026-08-18T16:30:33.894850+00:00,1468.5863579456877
2026-08-18T16:30:34.528966+00:00,1468.5863579456877
2026-08-18T16:30:35.163635+00:00,1468.5863579456877
2026-08-18T16:30:35.798852+00:00,1468.5863579456877
2026-08-18T16:30:36.930693+00:00,1468.5863579456877
2026-08-18T16:30:37.562641+00:00,1468.5863579456877
2026-08-18T16:30:38.192507+00:00,1468.5863579456877
2026-08-18T16:30:38.829078+00:00,1468.5863579456877
2026-08-18T16:30:39.476048+00:00,1468.5863579456877
2026-08-18T16:30:40.124032+00:00,1468.5863579456877
2026-08-18T17:00:00+00:00,1454.496393729857
2026-08-18T17:30:07.355120+00:00,1468.5863579456877
2026-08-18T17:30:07.972650+00:00,1468.5863579456877
2026-08-18T17:30:08.584867+00:00,1468.5863579456877
2026-08-18T17:30:09.218998+00:00,1470.221379042734
2026-08-18T17:30:09.840494+00:00,1468.5863579456877
2026-08-18T17:30:10.479904+00:00,1468.5863579456877
2026-08-18T17:30:11.215502+00:00,1468.5863579456877
2026-08-18T17:30:11.869683+00:00,1468.8097717079754
2026-08-18T17:30:12.496436+00:00,1468.5863579456877
2026-08-18T17:30:13.116167+00:00,1468.5863579456877
2026-08-18T17:30:13.740149+00:00,1468.5863579456877
2026-08-18T17:30:14.365175+00:00,1468.5863579456877
2026-08-18T17:30:14.980417+00:00,1468.5863579456877
2026-08-18T17:30:15.600062+00:00,1468.5863579456877
2026-08-18T17:30:16.229344+00:00,1468.5863579456877
2026-08-18T17:30:16.878418+00:00,1468.5863579456877
2026-08-18T17:30:17.518207+00:00,1468.5863579456877
2026-08-18T17:30:18.141181+00:00,1468.5863579456877
2026-08-18T17:30:18.762319+00:00,1468.5863579456877
2026-08-18T17:30:19.378545+00:00,1468.5863579456877
2026-08-18T17:30:20.006065+00:00,1468.5863579456877
2026-08-18T17:30:20.635274+00:00,1468.5863579456877
2026-08-18T17:30:21.250160+00:00,1468.5863579456877
2026-08-18T17:30:21.871606+00:00,1468.5863579456877
2026-08-18T17:30:22.482455+00:00,1477.4305594294829
2026-08-18T17:30:23.104089+00:00,1468.5863579456877
2026-08-18T17:30:23.719378+00:00,1468.5863579456877
2026-08-18T17:30:24.353356+00:00,1468.5863579456877
2026-08-18T17:30:24.972802+00:00,1468.5863579456877
2026-08-18T17:30:25.603105+00:00,1468.5863579456877
2026-08-18T17:30:26.220333+00:00,1468.5863579456877
2026-08-18T17:30:26.841519+00:00,1468.5863579456877
2026-08-18T17:30:27.468096+00:00,1468.5863579456877
2026-08-18T17:30:28.190211+00:00,1468.5863579456877
2026-08-18T17:30:28.815073+00:00,1452.375064685214
2026-08-18T17:30:29.440346+00:00,1468.5863579456877
2026-08-18T17:30:30.057743+00:00,1468.5863579456877
2026-08-18T17:30:30.692126+00:00,1468.5863579456877
2026-08-18T17:30:31.312961+00:00,1468.5863579456877
2026-08-18T17:30:31.930507+00:00,1468.5863579456877
2026-08-18T17:30:32.548129+00:00,1468.5863579456877
2026-08-18T17:30:33.159798+00:00,1468.5863579456877
2026-08-18T17:30:33.774581+00:00,1468.5863579456877
2026-08-18T17:30:34.388621+00:00,1468.5863579456877
2026-08-18T17:30:35.003603+00:00,1468.5863579456877
2026-08-18T17:30:35.620677+00:00,1468.5863579456877
2026-08-18T17:30:36.239286+00:00,1468.5863579456877
2026-08-18T17:30:36.867431+00:00,1468.5863579456877
2026-08-18T17:30:37.488131+00:00,1468.5863579456877
2026-08-18T17:30:38.108126+00:00,1468.5863579456877
2026-08-18T18:00:00+00:00,1454.6539634499436
2026-08-18T18:30:06.271001+00:00,1468.5863579456877
2026-08-18T18:30:06.880123+00:00,1468.2167926149814
2026-08-18T18:30:07.492572+00:00,1468.5863579456877
2026-08-18T18:30:08.109050+00:00,1469.9708516165738
2026-08-18T18:30:08.726604+00:00,1468.5863579456877
2026-08-18T18:30:09.347290+00:00,1468.5863579456877
2026-08-18T18:30:09.973568+00:00,1465.2351515113712
2026-08-18T18:30:10.617128+00:00,1468.5863579456877
2026-08-18T18:30:11.253478+00:00,1468.5863579456877
2026-08-18T18:30:11.871527+00:00,1468.5863579456877
2026-08-18T18:30:12.490086+00:00,1468.5863579456877
2026-08-18T18:30:13.102017+00:00,1468.3174604255203
2026-08-18T18:30:13.720730+00:00,1468.5863579456877
2026-08-18T18:30:14.348975+00:00,1468.5863579456877
2026-08-18T18:30:14.969998+00:00,1468.5863579456877
2026-08-18T18:30:15.584476+00:00,1467.5453333583305
2026-08-18T18:30:16.221992+00:00,1468.5863579456877
2026-08-18T18:30:16.906211+00:00,1468.5863579456877
2026-08-18T18:30:17.550261+00:00,1468.5863579456877
2026-08-18T18:30:18.165957+00:00,1468.5863579456877
2026-08-18T18:30:18.786554+00:00,1468.5863579456877
2026-08-18T18:30:19.401468+00:00,1468.5863579456877
2026-08-18T18:30:20.023616+00:00,1468.5863579456877
2026-08-18T18:30:20.650475+00:00,1468.5863579456877
2026-08-18T18:30:21.270719+00:00,1475.6734333068748
2026-08-18T18:30:21.895397+00:00,1468.5863579456877
2026-08-18T18:30:22.515172+00:00,1468.5863579456877
2026-08-18T18:30:23.141759+00:00,1468.5863579456877
2026-08-18T18:30:23.802395+00:00,1468.5863579456877
2026-08-18T18:30:24.423806+00:00,1468.5863579456877
2026-08-18T18:30:25.045840+00:00,1468.5863579456877
2026-08-18T18:30:25.684686+00:00,1468.5863579456877
2026-08-18T18:30:26.298794+00:00,1468.5863579456877
2026-08-18T18:30:26.927542+00:00,1452.7393634101686
2026-08-18T18:30:27.549224+00:00,1468.5863579456877
2026-08-18T18:30:28.173701+00:00,1468.5863579456877
2026-08-18T18:30:28.902925+00:00,1468.5863579456877
2026-08-18T18:30:29.531308+00:00,1468.5863579456877
2026-08-18T18:30:30.148054+00:00,1468.5863579456877
2026-08-18T18:30:30.771820+00:00,1468.5863579456877
2026-08-18T18:30:31.387090+00:00,1468.5863579456877
2026-08-18T18:30:32.006526+00:00,1468.5863579456877
2026-08-18T18:30:32.652764+00:00,1468.5863579456877
2026-08-18T18:30:33.276884+00:00,1468.5863579456877
2026-08-18T18:30:33.900579+00:00,1468.5863579456877
2026-08-18T18:30:34.563867+00:00,1468.5863579456877
2026-08-18T18:30:35.232635+00:00,1468.5863579456877
2026-08-18T18:30:35.865867+00:00,1468.5863579456877
2026-08-18T18:30:36.493542+00:00,1468.5863579456877
2026-08-18T18:30:37.113243+00:00,1468.5863579456877
2026-08-18T19:00:00+00:00,1454.5953246488489
2026-08-18T19:30:10.800901+00:00,1468.5863579456877
2026-08-18T19:30:11.449874+00:00,1468.488884438153
2026-08-18T19:30:12.151405+00:00,1468.5863579456877
2026-08-18T19:30:12.774068+00:00,1470.4719064688943
2026-08-18T19:30:13.412706+00:00,1468.5863579456877
2026-08-18T19:30:14.042995+00:00,1469.033185470263
2026-08-18T19:30:14.676016+00:00,1468.5863579456877
2026-08-18T19:30:15.325563+00:00,1468.5863579456877
2026-08-18T19:30:15.946735+00:00,1468.5863579456877
2026-08-18T19:30:16.606475+00:00,1468.5863579456877
2026-08-18T19:30:17.272014+00:00,1468.5863579456877
2026-08-18T19:30:17.915211+00:00,1468.2875829232794
2026-08-18T19:30:18.547919+00:00,1468.5863579456877
2026-08-18T19:30:19.180660+00:00,1468.5863579456877
2026-08-18T19:30:19.825679+00:00,1468.5863579456877
2026-08-18T19:30:20.461375+00:00,1466.5933437685765
2026-08-18T19:30:21.104485+00:00,1468.5863579456877
2026-08-18T19:30:21.845439+00:00,1468.5863579456877
2026-08-18T19:30:22.482205+00:00,1468.5863579456877
2026-08-18T19:30:23.120410+00:00,1468.5863579456877
2026-08-18T19:30:23.759348+00:00,1468.5863579456877
2026-08-18T19:30:24.411855+00:00,1468.5863579456877
2026-08-18T19:30:25.050733+00:00,1468.5863579456877
2026-08-18T19:30:25.701426+00:00,1468.5863579456877
2026-08-18T19:30:26.347370+00:00,1472.6667952748558
2026-08-18T19:30:26.982060+00:00,1468.5863579456877
2026-08-18T19:30:27.612433+00:00,1468.5863579456877
2026-08-18T19:30:28.234522+00:00,1468.5863579456877
2026-08-18T19:30:28.874008+00:00,1468.5863579456877
2026-08-18T19:30:30.013932+00:00,1468.5863579456877
2026-08-18T19:30:30.707911+00:00,1468.5863579456877
2026-08-18T19:30:31.345917+00:00,1468.5863579456877
2026-08-18T19:30:31.977991+00:00,1453.9233342662706
2026-08-18T19:30:32.610862+00:00,1468.5863579456877
2026-08-18T19:30:33.238624+00:00,1468.5863579456877
2026-08-18T19:30:33.866083+00:00,1468.5863579456877
2026-08-18T19:30:34.496470+00:00,1468.5863579456877
2026-08-18T19:30:35.128542+00:00,1468.5863579456877
2026-08-18T19:30:35.753305+00:00,1468.5863579456877
2026-08-18T19:30:36.382484+00:00,1468.5863579456877
2026-08-18T19:30:37.011960+00:00,1468.5863579456877
2026-08-18T19:30:37.655156+00:00,1468.5863579456877
2026-08-18T19:30:38.275215+00:00,1468.5863579456877
2026-08-18T19:30:38.913011+00:00,1468.5863579456877
2026-08-18T19:30:39.543042+00:00,1468.5863579456877
2026-08-18T19:30:40.178535+00:00,1468.5863579456877
2026-08-18T19:30:40.822708+00:00,1468.5863579456877
2026-08-18T19:30:41.451976+00:00,1468.5863579456877
2026-08-18T19:30:42.077081+00:00,1468.5863579456877
2026-08-18T19:30:42.774425+00:00,1468.5863579456877
2026-08-18T20:00:00+00:00,1461.6287104968862
2026-08-18T20:30:07.231200+00:00,1468.5863579456877
2026-08-18T20:30:07.837992+00:00,1468.3158298686262
2026-08-18T20:30:08.974691+00:00,1468.5863579456877
2026-08-18T20:30:10.124866+00:00,1470.3532355828183
2026-08-18T20:30:11.323616+00:00,1468.5863579456877
2026-08-18T20:30:12.462278+00:00,1469.9268405194143
2026-08-18T20:30:13.084501+00:00,1468.5863579456877
2026-08-18T20:30:13.700580+00:00,1468.5863579456877
2026-08-18T20:30:14.366323+00:00,1468.5863579456877
2026-08-18T20:30:15.498181+00:00,1468.5863579456877
2026-08-18T20:30:16.128315+00:00,1468.5863579456877
2026-08-18T20:30:16.743884+00:00,1468.1381954120754
2026-08-18T20:30:17.357019+00:00,1468.5863579456877
2026-08-18T20:30:17.978027+00:00,1468.5863579456877
2026-08-18T20:30:18.617147+00:00,1468.5863579456877
2026-08-18T20:30:19.250948+00:00,1466.7714137637822
2026-08-18T20:30:19.884553+00:00,1468.5863579456877
2026-08-18T20:30:20.534322+00:00,1468.5863579456877
2026-08-18T20:30:21.151633+00:00,1468.5863579456877
2026-08-18T20:30:21.764541+00:00,1468.5863579456877
2026-08-18T20:30:22.385400+00:00,1468.5863579456877
2026-08-18T20:30:23.001769+00:00,1468.5863579456877
2026-08-18T20:30:23.613872+00:00,1468.5863579456877
2026-08-18T20:30:24.232023+00:00,1468.5863579456877
2026-08-18T20:30:24.842119+00:00,1468.5863579456877
2026-08-18T20:30:25.479944+00:00,1469.0549249117166
2026-08-18T20:30:26.109636+00:00,1468.5863579456877
2026-08-18T20:30:26.725408+00:00,1468.5863579456877
2026-08-18T20:30:27.346991+00:00,1468.5863579456877
2026-08-18T20:30:27.973628+00:00,1468.5863579456877
2026-08-18T20:30:28.621495+00:00,1468.5863579456877
2026-08-18T20:30:29.282413+00:00,1468.5863579456877
2026-08-18T20:30:29.919503+00:00,1453.376886178839
2026-08-18T20:30:30.546610+00:00,1468.5863579456877
2026-08-18T20:30:31.167598+00:00,1468.5863579456877
2026-08-18T20:30:31.794869+00:00,1468.5863579456877
2026-08-18T20:30:32.414816+00:00,1468.5863579456877
2026-08-18T20:30:33.030464+00:00,1468.5863579456877
2026-08-18T20:30:33.646441+00:00,1468.5863579456877
2026-08-18T20:30:34.266062+00:00,1468.5863579456877
2026-08-18T20:30:35.592150+00:00,1468.5863579456877
2026-08-18T20:30:36.236678+00:00,1468.5863579456877
2026-08-18T20:30:36.849209+00:00,1468.5863579456877
2026-08-18T20:30:37.464895+00:00,1468.5863579456877
2026-08-18T20:30:38.084611+00:00,1468.5863579456877
2026-08-18T20:30:38.702543+00:00,1468.5863579456877
2026-08-18T20:30:39.316954+00:00,1468.5863579456877
2026-08-18T20:30:40.039305+00:00,1468.5863579456877
2026-08-18T20:30:40.659126+00:00,1468.5863579456877
2026-08-18T20:30:41.288577+00:00,1468.5863579456877
2026-08-18T21:00:00+00:00,1454.5851728590264
2026-08-18T22:00:00+00:00,1454.1784727287281
2026-08-18T22:30:12.975345+00:00,1468.5863579456877
2026-08-18T22:30:13.602791+00:00,1468.2605775060665
2026-08-18T22:30:14.222847+00:00,1468.5863579456877
2026-08-18T22:30:14.851634+00:00,1470.1158938106664
2026-08-18T22:30:15.476193+00:00,1470.6864473111925
2026-08-18T22:30:16.095926+00:00,1468.5863579456877
2026-08-18T22:30:16.726923+00:00,1468.5863579456877
2026-08-18T22:30:17.342308+00:00,1468.5863579456877
2026-08-18T22:30:17.960068+00:00,1468.5863579456877
2026-08-18T22:30:19.082285+00:00,1468.5863579456877
2026-08-18T22:30:20.207217+00:00,1468.5863579456877
2026-08-18T22:30:21.344359+00:00,1468.1083179098346
2026-08-18T22:30:21.959361+00:00,1468.5863579456877
2026-08-18T22:30:22.584680+00:00,1468.5863579456877
2026-08-18T22:30:23.719167+00:00,1468.5863579456877
2026-08-18T22:30:24.841689+00:00,1466.4632156951568
2026-08-18T22:30:25.462790+00:00,1468.5863579456877
2026-08-18T22:30:26.598860+00:00,1468.5863579456877
2026-08-18T22:30:27.219197+00:00,1468.5863579456877
2026-08-18T22:30:27.834252+00:00,1468.5863579456877
2026-08-18T22:30:28.452963+00:00,1468.5863579456877
2026-08-18T22:30:29.068262+00:00,1468.5863579456877
2026-08-18T22:30:29.693936+00:00,1468.5863579456877
2026-08-18T22:30:30.317740+00:00,1468.5863579456877
2026-08-18T22:30:30.942281+00:00,1468.5863579456877
2026-08-18T22:30:31.562719+00:00,1468.5863579456877
2026-08-18T22:30:32.179534+00:00,1468.0006492381515
2026-08-18T22:30:32.803270+00:00,1468.5863579456877
2026-08-18T22:30:33.417873+00:00,1468.5863579456877
2026-08-18T22:30:34.108057+00:00,1468.5863579456877
2026-08-18T22:30:35.234893+00:00,1454.1054836287476
2026-08-18T22:30:35.878377+00:00,1468.5863579456877
2026-08-18T22:30:36.494184+00:00,1468.5863579456877
2026-08-18T22:30:37.116328+00:00,1468.5863579456877
2026-08-18T22:30:37.733592+00:00,1468.5863579456877
2026-08-18T22:30:38.347713+00:00,1468.5863579456877
2026-08-18T22:30:38.967975+00:00,1468.5863579456877
2026-08-18T22:30:39.594792+00:00,1468.5863579456877
2026-08-18T22:30:40.217381+00:00,1468.5863579456877
2026-08-18T22:30:40.844286+00:00,1468.5863579456877
2026-08-18T22:30:41.479927+00:00,1468.5863579456877
2026-08-18T22:30:42.104327+00:00,1468.5863579456877
2026-08-18T22:30:42.722789+00:00,1468.5863579456877
2026-08-18T22:30:43.333735+00:00,1468.5863579456877
2026-08-18T22:30:43.967474+00:00,1468.5863579456877
2026-08-18T22:30:44.582725+00:00,1468.5863579456877
2026-08-18T22:30:45.208999+00:00,1468.5863579456877
2026-08-18T22:30:45.829896+00:00,1468.5863579456877
2026-08-18T22:30:46.459650+00:00,1468.5863579456877
2026-08-18T22:30:47.071460+00:00,1470.3657173762927
2026-08-18T23:00:00+00:00,1451.8296119815752
2026-08-18T23:30:06.004805+00:00,1468.5863579456877
2026-08-18T23:30:06.620356+00:00,1468.3231273504737
2026-08-18T23:30:07.231171+00:00,1468.5863579456877
2026-08-18T23:30:08.361584+00:00,1470.036779886616
2026-08-18T23:30:08.980772+00:00,1470.0608887767867
2026-08-18T23:30:10.106787+00:00,1468.5863579456877
2026-08-18T23:30:10.713405+00:00,1468.5863579456877
2026-08-18T23:30:11.335679+00:00,1468.5863579456877
2026-08-18T23:30:11.971356+00:00,1468.5863579456877
2026-08-18T23:30:12.615691+00:00,1468.5863579456877
2026-08-18T23:30:13.232405+00:00,1468.5863579456877
2026-08-18T23:30:13.851902+00:00,1468.5863579456877
2026-08-18T23:30:14.470990+00:00,1468.0485629053528
2026-08-18T23:30:15.087724+00:00,1468.5863579456877
2026-08-18T23:30:15.707024+00:00,1468.5863579456877
2026-08-18T23:30:16.327506+00:00,1466.285145699951
2026-08-18T23:30:16.953186+00:00,1468.5863579456877
2026-08-18T23:30:17.573941+00:00,1468.5863579456877
2026-08-18T23:30:18.188203+00:00,1468.5863579456877
2026-08-18T23:30:18.810959+00:00,1468.5863579456877
2026-08-18T23:30:19.422135+00:00,1468.5863579456877
2026-08-18T23:30:20.043961+00:00,1468.5863579456877
2026-08-18T23:30:20.677273+00:00,1468.5863579456877
2026-08-18T23:30:21.299288+00:00,1468.5863579456877
2026-08-18T23:30:21.919345+00:00,1468.5863579456877
2026-08-18T23:30:22.534588+00:00,1468.5863579456877
2026-08-18T23:30:23.149711+00:00,1468.5863579456877
2026-08-18T23:30:23.828229+00:00,1469.9530115966054
2026-08-18T23:30:24.445188+00:00,1468.5863579456877
2026-08-18T23:30:25.078290+00:00,1468.5863579456877
2026-08-18T23:30:25.707038+00:00,1453.9233342662706
2026-08-18T23:30:26.325997+00:00,1468.5863579456877
2026-08-18T23:30:26.949957+00:00,1468.5863579456877
2026-08-18T23:30:27.568112+00:00,1468.5863579456877
2026-08-18T23:30:28.181019+00:00,1468.5863579456877
2026-08-18T23:30:28.797866+00:00,1468.5863579456877
2026-08-18T23:30:29.421002+00:00,1468.5863579456877
2026-08-18T23:30:30.037909+00:00,1468.5863579456877
2026-08-18T23:30:30.648094+00:00,1468.5863579456877
2026-08-18T23:30:31.275282+00:00,1468.5863579456877
2026-08-18T23:30:31.899740+00:00,1468.5863579456877
2026-08-18T23:30:32.515095+00:00,1468.5863579456877
2026-08-18T23:30:33.128263+00:00,1468.5863579456877
2026-08-18T23:30:33.744135+00:00,1468.5863579456877
2026-08-18T23:30:34.359883+00:00,1468.5863579456877
2026-08-18T23:30:34.973033+00:00,1468.5863579456877
2026-08-18T23:30:36.096771+00:00,1468.5863579456877
2026-08-18T23:30:36.714438+00:00,1468.9422298318086
2026-08-18T23:30:37.340269+00:00,1468.5863579456877
2026-08-18T23:30:37.953200+00:00,1468.5863579456877
2026-08-19T00:00:00+00:00,1453.6760572865333
2026-08-19T00:30:06.018665+00:00,1468.5863579456877
2026-08-19T00:30:06.664011+00:00,1468.5540405260772
2026-08-19T00:30:07.602337+00:00,1468.5863579456877
2026-08-19T00:30:08.222223+00:00,1470.1818220807086
2026-08-19T00:30:09.348628+00:00,1470.1055715292443
2026-08-19T00:30:09.962616+00:00,1468.5863579456877
2026-08-19T00:30:11.165630+00:00,1468.5863579456877
2026-08-19T00:30:12.808412+00:00,1468.5863579456877
2026-08-19T00:30:13.434341+00:00,1468.5863579456877
2026-08-19T00:30:14.053731+00:00,1468.5863579456877
2026-08-19T00:30:14.722025+00:00,1468.5863579456877
2026-08-19T00:30:15.855395+00:00,1468.0485629053528
2026-08-19T00:30:16.481370+00:00,1468.5863579456877
2026-08-19T00:30:17.106608+00:00,1468.5863579456877
2026-08-19T00:30:17.799053+00:00,1468.5863579456877
2026-08-19T00:30:18.415060+00:00,1466.0522849369895
2026-08-19T00:30:19.031441+00:00,1468.5863579456877
2026-08-19T00:30:19.643093+00:00,1468.5863579456877
2026-08-19T00:30:20.261467+00:00,1468.5863579456877
2026-08-19T00:30:20.992458+00:00,1468.5863579456877
2026-08-19T00:30:21.615998+00:00,1468.5863579456877
2026-08-19T00:30:22.232935+00:00,1468.5863579456877
2026-08-19T00:30:22.870684+00:00,1468.5863579456877
2026-08-19T00:30:23.496232+00:00,1468.5863579456877
2026-08-19T00:30:24.234917+00:00,1468.5863579456877
2026-08-19T00:30:24.859566+00:00,1468.5863579456877
2026-08-19T00:30:25.478441+00:00,1468.5863579456877
2026-08-19T00:30:26.127964+00:00,1468.5863579456877
2026-08-19T00:30:26.759166+00:00,1468.7034996871948
2026-08-19T00:30:27.383127+00:00,1468.5863579456877
2026-08-19T00:30:27.994347+00:00,1468.5863579456877
2026-08-19T00:30:28.611478+00:00,1453.1947368163615
2026-08-19T00:30:29.230569+00:00,1468.5863579456877
2026-08-19T00:30:29.842801+00:00,1468.5863579456877
2026-08-19T00:30:30.458462+00:00,1468.5863579456877
2026-08-19T00:30:31.077717+00:00,1468.5863579456877
2026-08-19T00:30:31.691240+00:00,1468.5863579456877
2026-08-19T00:30:32.305060+00:00,1468.5863579456877
2026-08-19T00:30:32.923329+00:00,1468.5863579456877
2026-08-19T00:30:33.547870+00:00,1468.5863579456877
2026-08-19T00:30:34.244670+00:00,1468.5863579456877
2026-08-19T00:30:34.861616+00:00,1468.5863579456877
2026-08-19T00:30:35.488634+00:00,1468.5863579456877
2026-08-19T00:30:36.122833+00:00,1468.5863579456877
2026-08-19T00:30:36.744991+00:00,1468.5863579456877
2026-08-19T00:30:37.357096+00:00,1468.5863579456877
2026-08-19T00:30:37.973967+00:00,1468.5863579456877
2026-08-19T00:30:38.587320+00:00,1469.4760376609902
2026-08-19T00:30:39.201178+00:00,1468.5863579456877
2026-08-19T00:30:39.814626+00:00,1468.5863579456877
2026-08-19T01:00:00+00:00,1451.2275225193289
2026-08-19T02:00:00+00:00,1452.5186343467612
2026-08-19T03:00:00+00:00,1452.4150576499394
2026-08-19T04:00:00+00:00,1450.3260568126752
2026-08-19T05:00:00+00:00,1457.99091428274
2026-08-19T06:00:00+00:00,1458.1522766374114
2026-08-19T07:00:00+00:00,1459.99605032506
2026-08-19T08:00:00+00:00,1464.809072143065
2026-08-19T09:00:00+00:00,1474.7192392654597
2026-08-19T10:00:00+00:00,1477.2905047389281
2026-08-19T11:00:00+00:00,1467.5958759343666
2026-08-19T12:00:00+00:00,1464.3641215418481
2026-08-19T13:00:00+00:00,1463.032108399862
2026-08-19T14:00:00+00:00,1495.9182787944114
2026-08-19T15:00:00+00:00,1523.6962658404832
2026-08-19T16:00:00+00:00,1535.1949323155902
2026-08-19T17:00:00+00:00,1522.2656164278358
2026-08-19T18:00:00+00:00,1518.4259397001547
2026-08-19T19:00:00+00:00,1519.4491090194379
2026-08-19T20:00:00+00:00,1526.9343355014462
2026-08-19T21:00:00+00:00,1525.7334964937793
2026-08-19T22:00:00+00:00,1513.6509968194662
2026-08-19T23:00:00+00:00,1515.6167592737315
2026-08-20T00:00:00+00:00,1516.2231251954502
2026-08-20T01:00:00+00:00,1495.287735338777
2026-08-20T02:00:00+00:00,1494.6181399624095
2026-08-20T03:00:00+00:00,1491.795053046574
2026-08-20T04:00:00+00:00,1492.7733139361794
2026-08-20T05:00:00+00:00,1491.4713920514923
2026-08-20T06:00:00+00:00,1504.304265165159
2026-08-20T07:00:00+00:00,1506.4121386927472
2026-08-20T08:00:00+00:00,1507.5380531378805
2026-08-20T09:00:00+00:00,1505.749513729083
2026-08-20T10:00:00+00:00,1511.7329402221337
2026-08-20T11:00:00+00:00,1516.7509200797049
2026-08-20T12:00:00+00:00,1512.849035847064
2026-08-20T13:00:00+00:00,1519.7127999777094
2026-08-20T14:00:00+00:00,1523.3326318865707
2026-08-20T15:00:00+00:00,1533.3177856631678
2026-08-20T16:00:00+00:00,1537.2041438658812
2026-08-20T17:00:00+00:00,1543.5596797338303
2026-08-20T18:00:00+00:00,1538.8951843822824
2026-08-20T19:00:00+00:00,1548.1494096981844
2026-08-20T20:00:00+00:00,1748.7625231463737
2026-08-20T21:00:00+00:00,1752.643291903293
2026-08-20T22:00:00+00:00,1756.2964821177166
2026-08-20T23:00:00+00:00,1763.1378753525905
2026-08-21T00:00:00+00:00,1766.9462545984338
2026-08-21T01:00:00+00:00,1773.9059273335502
2026-08-21T02:00:00+00:00,1777.8619655257708
2026-08-21T03:00:00+00:00,1783.7656417284843
2026-08-21T04:00:00+00:00,1786.3934045975673
2026-08-21T05:00:00+00:00,1793.187376221869
2026-08-21T06:00:00+00:00,1782.006708361396
2026-08-21T07:00:00+00:00,1793.9714897803933
2026-08-21T08:00:00+00:00,1819.128671281433
2026-08-21T09:00:00+00:00,1815.2167537456362
2026-08-21T18:00:00+00:00,1824.0185515132384
2026-08-21T19:00:00+00:00,1822.3679783938687
2026-08-21T20:00:00+00:00,1828.5865809470693
2026-08-21T21:00:00+00:00,1839.9987469695552
2026-08-21T22:00:00+00:00,1847.8648371033394
2026-08-21T23:00:00+00:00,1842.2131166655768
2026-08-22T00:00:00+00:00,1860.4228963433316
2026-08-22T01:00:00+00:00,1865.681250827807
2026-08-22T01:00:00+00:00,1823.121299576643
